Medicamento;Empresa;CNPJ;Expediente;Data de Publicação;Data de Publicação (dt);Categoria
COARTEM;NOVARTIS BIOCIENCIAS S.A;56.994.502/0001-30;280220131;12/04/2013;2013-04-12;novo
Pomada de Erva de Bicho Adrenalina e Hamamélis Composta Imescard;LABORATÓRIOS OSÓRIO DE MORAES LTDA;19.791.813/0001-75;279414134;12/04/2013;2013-04-12;novo
ÁGUA PARA IRRIGAÇÃO;FRESENIUS KABI BRASIL LTDA;49.324.221/0001-04;287844135;16/04/2013;2013-04-16;especifico
HISOCEL;FRESENIUS KABI BRASIL LTDA;49.324.221/0001-04;288501138;16/04/2013;2013-04-16;especifico
VOLULYTE;FRESENIUS KABI BRASIL LTDA;49.324.221/0001-04;288610133;16/04/2013;2013-04-16;especifico
ENEMAPLEX;FRESENIUS KABI BRASIL LTDA;49.324.221/0001-04;288115132;16/04/2013;2013-04-16;especifico
ALPHACAINE;DFL INDÚSTRIA E COMÉRCIO S/A;33.112.665/0001-46;401837131;21/05/2013;2013-05-21;similar
REIDRAMAX;CAZI QUIMICA FARMACEUTICA INDUSTRIA E COMERCIO LTDA;44.010.437/0001-81;410199135;23/05/2013;2013-05-23;especifico
TRINIZOL-M;UCI - FARMA INDÚSTRIA FARMACÊUTICA LTDA;48.396.378/0001-82;545435132;05/07/2013;2013-07-05;similar
SOLUGEL;LABORATÓRIOS STIEFEL LTDA;63.064.653/0001-54;579169133;17/07/2013;2013-07-17;novo
Dermovagin;LABORATÓRIO TEUTO BRASILEIRO S/A;17.159.229/0001-76;780264131;16/09/2013;2013-09-16;similar
tinidazol + nitrato de miconazol;LABORATÓRIO TEUTO BRASILEIRO S/A;17.159.229/0001-76;797164138;20/09/2013;2013-09-20;generico
FLUCONAZOL;ZYDUS NIKKHO FARMACÊUTICA LTDA;5254971000181;815162138;26/09/2013;2013-09-26;generico
STIEFCORTIL;LABORATÓRIOS STIEFEL LTDA;63.064.653/0001-54;906673130;29/10/2013;2013-10-29;similar
IQUEGO - DOXICICLINA;INDÚSTRIA QUÍMICA DO ESTADO DE GOIÁS S/A - IQUEGO;1541283000141;994505139;27/11/2013;2013-11-27;similar
EXELMIN;UCI - FARMA INDÚSTRIA FARMACÊUTICA LTDA;48.396.378/0001-82;1052576139;13/12/2013;2013-12-13;similar
CEFALEXINA;RANBAXY FARMACÊUTICA LTDA;73.663.650/0001-90;1073454136;20/12/2013;2013-12-20;generico
BUTILBROMETO DE ESCOPOLAMINA;PRATI DONADUZZI & CIA LTDA;73.856.593/0001-66;1901141;02/01/2014;2014-01-02;generico
TIOCONAZOL;MULTILAB INDUSTRIA E COMERCIO DE PRODUTOS FARMACEUTICOS LTDA;92.265.552/0009-05;2514143;03/01/2014;2014-01-03;generico
POLIVITAMINAS + SAIS MINERAIS;LABORATÓRIO FARMACÊUTICO VITAMED LTDA;29.346.301/0001-53;43113143;20/01/2014;2014-01-20;especifico
DICLOFENACO POTASSICO;RANBAXY FARMACÊUTICA LTDA;73.663.650/0001-90;96380141;07/02/2014;2014-02-07;generico
AURIS-SEDINA;LABORATÓRIOS OSÓRIO DE MORAES LTDA;19.791.813/0001-75;192163141;17/03/2014;2014-03-17;novo
Aciclovir;BLAU FARMACÊUTICA S.A.;58.430.828/0001-60;209431142;21/03/2014;2014-03-21;generico
benzoilmetronidazol;PRATI DONADUZZI & CIA LTDA;73.856.593/0001-66;230094140;27/03/2014;2014-03-27;generico
ANFUGINE;BLAU FARMACÊUTICA S.A.;58.430.828/0001-60;256675143;04/04/2014;2014-04-04;similar
ATENORESE;SANDOZ DO BRASIL INDÚSTRIA FARMACÊUTICA LTDA;61.286.647/0001-16;259488149;07/04/2014;2014-04-07;similar
PARACETAMOL;ZYDUS NIKKHO FARMACÊUTICA LTDA;5254971000181;277855146;11/04/2014;2014-04-11;generico
TESTE PUBLICACAO;EMPRESA DE TESTE LTDA. (VS01);33.683.202/0001-34;297832146;17/04/2014;2014-04-17;similar
HAAR INTERN;LABORATÓRIO FARMACÊUTICO VITAMED LTDA;29.346.301/0001-53;335222146;02/05/2014;2014-05-02;especifico
estolato de eritromicina;PRATI DONADUZZI & CIA LTDA;73.856.593/0001-66;352930144;08/05/2014;2014-05-08;generico
FANCLOMAX;BLAU FARMACÊUTICA S.A.;58.430.828/0001-60;417082142;27/05/2014;2014-05-27;similar
STRESSAN;LABORATÓRIO TEUTO BRASILEIRO S/A;17.159.229/0001-76;427840142;30/05/2014;2014-05-30;similar
FDC BETACAROTENO 15 MG;BIOWELL AMERICA LTDA;40.809.626/0001-68;437944146;03/06/2014;2014-06-03;especifico
ESTOLATO DE ERITROMICINA;PRATI DONADUZZI & CIA LTDA;73.856.593/0001-66;468234143;12/06/2014;2014-06-12;generico
EACA BALSÂMICO;ZYDUS NIKKHO FARMACÊUTICA LTDA;5254971000181;503996147;26/06/2014;2014-06-26;novo
VACINA POLIOMIELITE 1, 2 E 3 (ATENUADA);FUNDAÇÃO OSWALDO CRUZ;33.781.055/0001-35;507514149;27/06/2014;2014-06-27;biologico
FLOGOLAB;MULTILAB INDUSTRIA E COMERCIO DE PRODUTOS FARMACEUTICOS LTDA;92.265.552/0009-05;513345149;30/06/2014;2014-06-30;similar
CONTHENC;MULTILAB INDUSTRIA E COMERCIO DE PRODUTOS FARMACEUTICOS LTDA;92.265.552/0009-05;513832149;01/07/2014;2014-07-01;especifico
FLUNEXIL;INSTITUTO BIOCHIMICO INDÚSTRIA FARMACÊUTICA LTDA;33.258.401/0001-03;563058144;15/07/2014;2014-07-15;similar
NEXCARE;3M DO BRASIL LTDA;45.985.371/0001-08;576901149;18/07/2014;2014-07-18;novo
CICLOPIROX OLAMINA;PRATI DONADUZZI & CIA LTDA;73.856.593/0001-66;582228149;21/07/2014;2014-07-21;generico
LOVELLE;BIOLAB SANUS FARMACÊUTICA LTDA;49.475.833/0001-06;582356141;21/07/2014;2014-07-21;similar
INTERFERON ALFA  2A HUMANO RECOMBINANTE;CHRON EPIGEN INDÚSTRIA E COMÉRCIO LTDA;4415365000138;608900143;28/07/2014;2014-07-28;biologico
nistatina + óxido de zinco;PRATI DONADUZZI & CIA LTDA;73.856.593/0001-66;658265146;12/08/2014;2014-08-12;generico
ALBUMAX;BLAU FARMACÊUTICA S.A.;58.430.828/0001-60;668250142;14/08/2014;2014-08-14;similar
POLYDRAT;PHARMASCIENCE INDÚSTRIA FARMACÊUTICA LTDA;25.773.037/0001-83;682750141;19/08/2014;2014-08-19;similar
BIOFOR C;LABORATÓRIO FARMACÊUTICO VITAMED LTDA;29.346.301/0001-53;696944145;22/08/2014;2014-08-22;especifico
NITRATO DE OXICONAZOL;PRATI DONADUZZI & CIA LTDA;73.856.593/0001-66;708234147;26/08/2014;2014-08-26;generico
PRATIGLÓS;PRATI DONADUZZI & CIA LTDA;73.856.593/0001-66;716875146;28/08/2014;2014-08-28;especifico
NITRATO DE ISOCONAZOL;PRATI DONADUZZI & CIA LTDA;73.856.593/0001-66;750775145;11/09/2014;2014-09-11;generico
PREDNISONA;PRATI DONADUZZI & CIA LTDA;73.856.593/0001-66;767358142;16/09/2014;2014-09-16;generico
CICLOPIROX OLAMINA;PRATI DONADUZZI & CIA LTDA;73.856.593/0001-66;772793143;17/09/2014;2014-09-17;generico
PARACETAMOL;EMS S/A;57.507.378/0003-65;777572145;18/09/2014;2014-09-18;generico
VALERATO DE BETAMETASONA+SULFATO DE GENTAMICINA+TOLNAFTATO+CLIOQUINOL;CIMED INDUSTRIA S.A;2814497000107;802905149;25/09/2014;2014-09-25;generico
MALEATO DE DEXCLORFENIRAMINA;UNITHER INDUSTRIA FARMACEUTICA LTDA.;4656253000179;806467149;26/09/2014;2014-09-26;generico
NIMESULIDA;PRATI DONADUZZI & CIA LTDA;73.856.593/0001-66;810910149;29/09/2014;2014-09-29;generico
COLPISTAR;FARMOQUÍMICA S/A;33.349.473/0001-58;816826141;01/10/2014;2014-10-01;similar
LEXIN;LABORATÓRIO TEUTO BRASILEIRO S/A;17.159.229/0001-76;883791141;06/10/2014;2014-10-06;similar
BENZIDROL;PRATI DONADUZZI & CIA LTDA;73.856.593/0001-66;910099147;10/10/2014;2014-10-10;similar
MEBENDAZOL;GEOLAB INDÚSTRIA FARMACÊUTICA S/A;3485572000104;920095149;14/10/2014;2014-10-14;generico
PIROXICAM;GEOLAB INDÚSTRIA FARMACÊUTICA S/A;3485572000104;932059148;16/10/2014;2014-10-16;generico
CEBION GLICOSE;MERCK S/A;33.069.212/0001-84;934774147;17/10/2014;2014-10-17;especifico
LEVOFLOXACINO;RANBAXY FARMACÊUTICA LTDA;73.663.650/0001-90;964138146;27/10/2014;2014-10-27;generico
LIFALTACROLIMUS;LAB INDL FTCO ALAGOAS SA - LIFAL;12.343.158/0001-43;981825141;31/10/2014;2014-10-31;similar
TACROLIMO;LAB INDL FTCO ALAGOAS SA - LIFAL;12.343.158/0001-43;981799149;31/10/2014;2014-10-31;generico
CLORETO DE MAGNÉSIO IFAL;IFAL INDUSTRIA E COMERCIO DE PRODUTOS FARMAC LTDA;376959000126;996054146;05/11/2014;2014-11-05;especifico
FUNED-CAPTOPRIL;FUNDAÇÃO EZEQUIEL DIAS - FUNED;17.503.475/0001-01;992639149;05/11/2014;2014-11-05;similar
cetoconazol;PRATI DONADUZZI & CIA LTDA;73.856.593/0001-66;1009880141;10/11/2014;2014-11-10;generico
NEUTOSS;BELFAR LTDA;18.324.343/0001-77;1043725148;19/11/2014;2014-11-19;similar
CAPTOMIDO;BELFAR LTDA;18.324.343/0001-77;1051619141;21/11/2014;2014-11-21;similar
PHOSFOENEMA;CRISTÁLIA PRODUTOS QUÍMICOS FARMACÊUTICOS LTDA.;44.734.671/0001-51;1054846147;24/11/2014;2014-11-24;especifico
Paracetamol;UNITHER INDUSTRIA FARMACEUTICA LTDA.;4656253000179;1057160144;24/11/2014;2014-11-24;generico
CIMEGRIPE 77C;CIMED INDUSTRIA S.A;2814497000107;1094783143;05/12/2014;2014-12-05;similar
CLORIDRATO DE NAFAZOLINA;UNITHER INDUSTRIA FARMACEUTICA LTDA.;4656253000179;1103388146;09/12/2014;2014-12-09;generico
BELCOMPLEX;BELFAR LTDA;18.324.343/0001-77;1102968144;09/12/2014;2014-12-09;especifico
cloridrato de irinotecano;GLENMARK FARMACÊUTICA LTDA;44.363.661/0001-57;1105490145;10/12/2014;2014-12-10;generico
SULFERBEL;BELFAR LTDA;18.324.343/0001-77;1108095147;10/12/2014;2014-12-10;especifico
CIMEGRIPE;CIMED INDUSTRIA S.A;2814497000107;1114752141;12/12/2014;2014-12-12;similar
CETOCONAZOL + DIPROPIONATO DE BETAMETASONA + SULFATO DE NEOMICINA;PRATI DONADUZZI & CIA LTDA;73.856.593/0001-66;1118322145;12/12/2014;2014-12-12;generico
CETOCONAZOL+ DIPROPIONATO DE BETAMETASONA+ SULFATO DE NEOMICINA;PRATI DONADUZZI & CIA LTDA;73.856.593/0001-66;1142062146;19/12/2014;2014-12-19;generico
CLOTRIMAZOL;PRATI DONADUZZI & CIA LTDA;73.856.593/0001-66;1161760148;30/12/2014;2014-12-30;generico
CLOTRIMAZOL + ACETATO DE DEXAMETASONA;PRATI DONADUZZI & CIA LTDA;73.856.593/0001-66;1168151;02/01/2015;2015-01-02;generico
CALCIOFAR;BELFAR LTDA;18.324.343/0001-77;775157;02/01/2015;2015-01-02;especifico
SALVIT-M;BELFAR LTDA;18.324.343/0001-77;11021153;07/01/2015;2015-01-07;especifico
VITAMINA E 400UI;BELFAR LTDA;18.324.343/0001-77;10904155;07/01/2015;2015-01-07;especifico
VIEWGAM;ALKO DO BRASIL INDUSTRIA E COMERCIO LTDA;32.137.424/0001-99;42989159;16/01/2015;2015-01-16;similar
OPTI-BAR;ALKO DO BRASIL INDUSTRIA E COMERCIO LTDA;32.137.424/0001-99;42961159;16/01/2015;2015-01-16;similar
PIOLIXINA;IFAL INDUSTRIA E COMERCIO DE PRODUTOS FARMAC LTDA;376959000126;48509158;19/01/2015;2015-01-19;similar
UROCTRIN;LEGRAND PHARMA INDÚSTRIA FARMACÊUTICA LTDA;5044984000126;61886151;22/01/2015;2015-01-22;similar
CLORIDRATO DE TERBINAFINA;PRATI DONADUZZI & CIA LTDA;73.856.593/0001-66;93691150;02/02/2015;2015-02-02;generico
PROPIONATO DE CLOBETASOL;MULTILAB INDUSTRIA E COMERCIO DE PRODUTOS FARMACEUTICOS LTDA;92.265.552/0009-05;135474154;12/02/2015;2015-02-12;generico
DIPIRONA SODICA;PRATI DONADUZZI & CIA LTDA;73.856.593/0001-66;156688151;20/02/2015;2015-02-20;generico
IBUPROFENO;PRATI DONADUZZI & CIA LTDA;73.856.593/0001-66;180671158;27/02/2015;2015-02-27;generico
CLORIDRATO DE AMBROXOL;HIPOLABOR FARMACEUTICA LTDA;19.570.720/0001-10;198051153;05/03/2015;2015-03-05;generico
diclofenaco dietilamônio;PRATI DONADUZZI & CIA LTDA;73.856.593/0001-66;202509154;06/03/2015;2015-03-06;generico
AMOXICILINA TRIIDRATADA;MULTILAB INDUSTRIA E COMERCIO DE PRODUTOS FARMACEUTICOS LTDA;92.265.552/0009-05;231035150;16/03/2015;2015-03-16;generico
Propionato de Clobetasol;PRATI DONADUZZI & CIA LTDA;73.856.593/0001-66;248845151;20/03/2015;2015-03-20;generico
PARACETAMOL;CIMED INDUSTRIA S.A;2814497000107;264084158;25/03/2015;2015-03-25;generico
CETODERM;UCI - FARMA INDÚSTRIA FARMACÊUTICA LTDA;48.396.378/0001-82;311279159;09/04/2015;2015-04-09;similar
FLEET ENEMA;TOMMASI IMPORTAÇÃO E EXPORTAÇÃO LTDA;625692000163;328262157;15/04/2015;2015-04-15;especifico
NEMODINE;DIFFUCAP - CHEMOBRÁS QUÍMICA E FARMACÊUTICA LTDA;42.457.796/0001-56;328859155;15/04/2015;2015-04-15;similar
CARBAMAZEPINA;HIPOLABOR FARMACEUTICA LTDA;19.570.720/0001-10;372658154;29/04/2015;2015-04-29;generico
PRATIFOLIN;PRATI DONADUZZI & CIA LTDA;73.856.593/0001-66;400974156;07/05/2015;2015-05-07;especifico
CLOTRIMAZOL;LABORATÓRIO FARMACÊUTICO DA MARINHA;394502007157;421794152;13/05/2015;2015-05-13;similar
LFM-DAPSONA;LABORATÓRIO FARMACÊUTICO DA MARINHA;394502007157;422039151;13/05/2015;2015-05-13;similar
LFM - MONONITRATO DE ISOSSORBIDA;LABORATÓRIO FARMACÊUTICO DA MARINHA;394502007157;428058150;15/05/2015;2015-05-15;similar
LFM-MEFLOQUINA;LABORATÓRIO FARMACÊUTICO DA MARINHA;394502007157;427679155;15/05/2015;2015-05-15;similar
OMEPRAZOL;CRISTÁLIA PRODUTOS QUÍMICOS FARMACÊUTICOS LTDA.;44.734.671/0001-51;437050153;19/05/2015;2015-05-19;generico
CLORIDRATO DE BETAXOLOL;CRISTÁLIA PRODUTOS QUÍMICOS FARMACÊUTICOS LTDA.;44.734.671/0001-51;473744150;28/05/2015;2015-05-28;generico
ALGEXIN COMPOSTO;CIMED INDUSTRIA S.A;2814497000107;489296158;02/06/2015;2015-06-02;similar
valerato de betametasona + sulfato de gentamicina + tolnaftato + clioquinol;BRAINFARMA INDÚSTRIA QUÍMICA E FARMACÊUTICA S.A;5161069000110;522530152;15/06/2015;2015-06-15;generico
ANFUGITARIN;BLAU FARMACÊUTICA S.A.;58.430.828/0001-60;530656156;16/06/2015;2015-06-16;similar
valerato de betametasona;PRATI DONADUZZI & CIA LTDA;73.856.593/0001-66;289671151;23/06/2015;2015-06-23;generico
DIPROPIONATO DE BETAMETASONA + SULFATO DE GENTAMICINA;CIMED INDUSTRIA S.A;2814497000107;568820155;29/06/2015;2015-06-29;generico
IMUNO  BCG;FUNDACAO ATAULPHO DE PAIVA;33.485.939/0001-42;647084150;22/07/2015;2015-07-22;biologico
HALOPERIDOL;PRATI DONADUZZI & CIA LTDA;73.856.593/0001-66;648235150;23/07/2015;2015-07-23;generico
FACTANE;LFB - HEMODERIVADOS E BIOTECNOLOGIA LTDA;7207572000195;679716154;31/07/2015;2015-07-31;biologico
BETAFACT;LFB - HEMODERIVADOS E BIOTECNOLOGIA LTDA;7207572000195;679746156;31/07/2015;2015-07-31;biologico
ZITROBIOL;GEOLAB INDÚSTRIA FARMACÊUTICA S/A;3485572000104;689571159;04/08/2015;2015-08-04;similar
FURACIN;COSMED INDUSTRIA DE COSMETICOS E MEDICAMENTOS S.A.;61.082.426/0002-07;698087152;06/08/2015;2015-08-06;novo
BROMETO DE N-BUTILESCOPOLAMINA + DIPIRONA;PRATI DONADUZZI & CIA LTDA;73.856.593/0001-66;725132157;14/08/2015;2015-08-14;generico
TIMONEO;BRAINFARMA INDÚSTRIA QUÍMICA E FARMACÊUTICA S.A;5161069000110;732400156;18/08/2015;2015-08-18;similar
DOPROPIZINA;PRATI DONADUZZI & CIA LTDA;73.856.593/0001-66;747731157;21/08/2015;2015-08-21;generico
THIABENA;UCI - FARMA INDÚSTRIA FARMACÊUTICA LTDA;48.396.378/0001-82;804864159;10/09/2015;2015-09-10;similar
dipropionato de betametasona + sulfato de gentamicina;PRATI DONADUZZI & CIA LTDA;73.856.593/0001-66;807229159;10/09/2015;2015-09-10;generico
dipropionato de betametasona + sulfato de gentamicina;PRATI DONADUZZI & CIA LTDA;73.856.593/0001-66;805578155;10/09/2015;2015-09-10;generico
IQUEGO-CAPTOPRIL;INDÚSTRIA QUÍMICA DO ESTADO DE GOIÁS S/A - IQUEGO;1541283000141;819829152;15/09/2015;2015-09-15;similar
MALEATO DE TIMOLOL;CRISTÁLIA PRODUTOS QUÍMICOS FARMACÊUTICOS LTDA.;44.734.671/0001-51;821282151;15/09/2015;2015-09-15;generico
tobramicina;OPEM REPRESENTAÇÃO IMPORTADORA EXPORTADORA E DISTRIBUIDORA LTDA;38.909.503/0001-57;833402151;18/09/2015;2015-09-18;generico
TARFLEX;LABORATÓRIOS STIEFEL LTDA;63.064.653/0001-54;845252151;22/09/2015;2015-09-22;novo
ATENOLOL + CLORTALIDONA;GEOLAB INDÚSTRIA FARMACÊUTICA S/A;3485572000104;859231154;28/09/2015;2015-09-28;generico
IQUEGO - PARACETAMOL;INDÚSTRIA QUÍMICA DO ESTADO DE GOIÁS S/A - IQUEGO;1541283000141;883301150;05/10/2015;2015-10-05;similar
CALCIOVITAL B12;NATULAB LABORATÓRIO S.A;2456955000183;930532157;22/10/2015;2015-10-22;especifico
IQUEGO-LAMIVUDINA;INDÚSTRIA QUÍMICA DO ESTADO DE GOIÁS S/A - IQUEGO;1541283000141;936719155;23/10/2015;2015-10-23;similar
DICLORIDRATO DE CETIRIZINA;PRATI DONADUZZI & CIA LTDA;73.856.593/0001-66;936826154;23/10/2015;2015-10-23;generico
captopril;FUNDAÇÃO PARA O REMÉDIO POPULAR - FURP;43.640.754/0001-19;941516155;26/10/2015;2015-10-26;generico
bezafibrato;FUNDAÇÃO PARA O REMÉDIO POPULAR - FURP;43.640.754/0001-19;941548153;26/10/2015;2015-10-26;generico
metildopa;FUNDAÇÃO PARA O REMÉDIO POPULAR - FURP;43.640.754/0001-19;945700153;27/10/2015;2015-10-27;generico
Vitalfolic;UNITHER INDUSTRIA FARMACEUTICA LTDA.;4656253000179;949721158;28/10/2015;2015-10-28;especifico
ORGANONEURO ÓPTICO;LABORATÓRIO GROSS S. A.;33.145.194/0001-72;953408153;29/10/2015;2015-10-29;especifico
SOLUÇÃO DE BICARBONATO DE SÓDIO 8,4% HALEX ISTAR;HALEX ISTAR INDÚSTRIA FARMACÊUTICA SA;1571702000198;978915154;10/11/2015;2015-11-10;especifico
L-ENEMA;NATULAB LABORATÓRIO S.A;2456955000183;1027183150;25/11/2015;2015-11-25;especifico
KOLLANGEL TABS;NATULAB LABORATÓRIO S.A;2456955000183;1026101150;25/11/2015;2015-11-25;especifico
HIDRALYTE;NATULAB LABORATÓRIO S.A;2456955000183;1025296157;25/11/2015;2015-11-25;especifico
NADERM;CRISTÁLIA PRODUTOS QUÍMICOS FARMACÊUTICOS LTDA.;44.734.671/0001-51;1036029158;27/11/2015;2015-11-27;similar
FURP-DAPSONA;FUNDAÇÃO PARA O REMÉDIO POPULAR - FURP;43.640.754/0001-19;1046081151;01/12/2015;2015-12-01;similar
cloridrato de metoclopramida;1FARMA INDUSTRIA FARMACEUTICA LTDA;48.113.906/0001-49;1053838151;03/12/2015;2015-12-03;generico
flumazenil;INSTITUTO BIOCHIMICO INDÚSTRIA FARMACÊUTICA LTDA;33.258.401/0001-03;1094063154;16/12/2015;2015-12-16;generico
FUMARATO DE CETOTIFENO;LABORATÓRIO TEUTO BRASILEIRO S/A;17.159.229/0001-76;1098458155;17/12/2015;2015-12-17;generico
CLORIDRATO DE ROPIVACAÍNA;EUROFARMA LABORATÓRIOS S.A.;61.190.096/0001-92;1122082151;29/12/2015;2015-12-29;generico
SOROLIV HIPERTÔNICO;LABORATÓRIO TEUTO BRASILEIRO S/A;17.159.229/0001-76;1134569161;05/01/2016;2016-01-05;especifico
BELCOMPLEX B;BELFAR LTDA;18.324.343/0001-77;1215627162;29/01/2016;2016-01-29;especifico
MICOSBEL;BELFAR LTDA;18.324.343/0001-77;1215803168;29/01/2016;2016-01-29;similar
IQUEGO - RANITIDINA;INDÚSTRIA QUÍMICA DO ESTADO DE GOIÁS S/A - IQUEGO;1541283000141;1221749162;01/02/2016;2016-02-01;similar
GRETIVIT;BELFAR LTDA;18.324.343/0001-77;1246048166;04/02/2016;2016-02-04;especifico
ESTRADIOL+ACETATO DE NORETISTERONA;EMS S/A;57.507.378/0003-65;1271248165;16/02/2016;2016-02-16;generico
RILAN;UCI  - FARMA INDÚSTRIA FARMACÊUTICA LTDA;48.396.378/0001-82;1275879165;17/02/2016;2016-02-17;novo
ACETILCISTEÍNA;PRATI DONADUZZI & CIA LTDA;73.856.593/0001-66;1281295161;18/02/2016;2016-02-18;generico
VITER C + Zn;NATULAB LABORATÓRIO S.A;2456955000183;1284732161;19/02/2016;2016-02-19;especifico
MINUSORB;UCI - FARMA INDÚSTRIA FARMACÊUTICA LTDA;48.396.378/0001-82;1303082165;25/02/2016;2016-02-25;similar
VITAMINA C MARIOL;UNITHER INDUSTRIA FARMACEUTICA LTDA.;4656253000179;1307658162;26/02/2016;2016-02-26;especifico
MANITOL A 20 % BASA;INDUSTRIA FARMACEUTICA BASA LTDA;88.610.555/0001-04;1313256163;29/02/2016;2016-02-29;especifico
CLORIDRATO DE BROMEXINA;PRATI DONADUZZI & CIA LTDA;73.856.593/0001-66;1323899160;03/03/2016;2016-03-03;generico
PRIDECIL;CHIESI FARMACÊUTICA LTDA;61.363.032/0001-46;1341874162;09/03/2016;2016-03-09;similar
DUZIMICIN;PRATI DONADUZZI & CIA LTDA;73.856.593/0001-66;1376721166;18/03/2016;2016-03-18;similar
IQUEGO-IBUPROFENO;INDÚSTRIA QUÍMICA DO ESTADO DE GOIÁS S/A - IQUEGO;1541283000141;1385265165;21/03/2016;2016-03-21;similar
TIABENDAZOL;UCI - FARMA INDÚSTRIA FARMACÊUTICA LTDA;48.396.378/0001-82;1393475169;22/03/2016;2016-03-22;generico
Vialebex;LFB - HEMODERIVADOS E BIOTECNOLOGIA LTDA;7207572000195;1516594169;07/04/2016;2016-04-07;biologico
Tegeline;LFB - HEMODERIVADOS E BIOTECNOLOGIA LTDA;7207572000195;1517246165;07/04/2016;2016-04-07;biologico
citrato de tamoxifeno;BLAU FARMACÊUTICA S.A.;58.430.828/0001-60;1537659161;11/04/2016;2016-04-11;generico
CLORETO DE MAGNÉSIO HEMAFARMA;HEMAFARMA COM E IND FARMACEUTICA LTDA;30.332.829/0001-52;1580689168;19/04/2016;2016-04-19;especifico
GYNBEN;UCI - FARMA INDÚSTRIA FARMACÊUTICA LTDA;48.396.378/0001-82;1586264160;20/04/2016;2016-04-20;similar
ACICLOR;KLEY HERTZ FARMACEUTICA S.A;92.695.691/0001-03;1609071163;25/04/2016;2016-04-25;similar
Léptico;EUROFARMA LABORATÓRIOS S.A.;61.190.096/0001-92;1667098161;04/05/2016;2016-05-04;similar
TINIDAZOL + NITRATO DE MICONAZOL;CRISTÁLIA PRODUTOS QUÍMICOS FARMACÊUTICOS LTDA.;44.734.671/0001-51;1667968167;04/05/2016;2016-05-04;generico
clotrimazol;PRATI DONADUZZI & CIA LTDA;73.856.593/0001-66;1743362162;12/05/2016;2016-05-12;generico
digoxina;VITAMEDIC INDUSTRIA FARMACEUTICA LTDA;30.222.814/0001-31;1769174165;18/05/2016;2016-05-18;generico
CEFALOTIL;UNIÃO QUÍMICA FARMACÊUTICA NACIONAL S/A;60.665.981/0001-18;1785647167;20/05/2016;2016-05-20;similar
ENERGRIP C;VITAMEDIC INDUSTRIA FARMACEUTICA LTDA;30.222.814/0001-31;1848821168;31/05/2016;2016-05-31;especifico
OXANON;BLAU FARMACÊUTICA S.A.;58.430.828/0001-60;1860420160;02/06/2016;2016-06-02;similar
PROPIONATO DE CLOBETASOL;MULTILAB INDUSTRIA E COMERCIO DE PRODUTOS FARMACEUTICOS LTDA;92.265.552/0009-05;1903582169;10/06/2016;2016-06-10;generico
FUNED ÁCIDO FÓLICO;FUNDAÇÃO EZEQUIEL DIAS - FUNED;17.503.475/0001-01;1904387162;10/06/2016;2016-06-10;especifico
FUNED METILDOPA;FUNDAÇÃO EZEQUIEL DIAS - FUNED;17.503.475/0001-01;1904963163;10/06/2016;2016-06-10;similar
FUNED - FENITOÍNA;FUNDAÇÃO EZEQUIEL DIAS - FUNED;17.503.475/0001-01;1904769160;10/06/2016;2016-06-10;similar
SULFAMETOXAZOL + TRIMETOPRIMA;VITAMEDIC INDUSTRIA FARMACEUTICA LTDA;30.222.814/0001-31;1923337160;14/06/2016;2016-06-14;generico
MICOFENOLATO DE MOFETILA;CRISTÁLIA PRODUTOS QUÍMICOS FARMACÊUTICOS LTDA.;44.734.671/0001-51;1928958168;15/06/2016;2016-06-15;generico
Funed Sulfametoxazol + Trimetoprima;FUNDAÇÃO EZEQUIEL DIAS - FUNED;17.503.475/0001-01;1929364160;15/06/2016;2016-06-15;similar
C-PLATIN;BLAU FARMACÊUTICA S.A.;58.430.828/0001-60;1940065169;17/06/2016;2016-06-17;similar
cloridrato de terbinafina;HIPOLABOR FARMACEUTICA LTDA;19.570.720/0001-10;1969212169;23/06/2016;2016-06-23;generico
nitrato de isoconazol;HIPOLABOR FARMACEUTICA LTDA;19.570.720/0001-10;1969142164;23/06/2016;2016-06-23;generico
NERVAMIN;PRATI DONADUZZI & CIA LTDA;73.856.593/0001-66;1987318162;27/06/2016;2016-06-27;especifico
FLUTAMIDA;BLAU FARMACÊUTICA S.A.;58.430.828/0001-60;2008154165;30/06/2016;2016-06-30;generico
DOBUTARISTON;BLAU FARMACÊUTICA S.A.;58.430.828/0001-60;2031401169;05/07/2016;2016-07-05;similar
CITARAX;BLAU FARMACÊUTICA S.A.;58.430.828/0001-60;2039256167;07/07/2016;2016-07-07;similar
POLYTEK-B;OPEM REPRESENTAÇÃO IMPORTADORA EXPORTADORA E DISTRIBUIDORA LTDA;38.909.503/0001-57;2058423167;11/07/2016;2016-07-11;similar
CETOCONAZOL;CRISTÁLIA PRODUTOS QUÍMICOS FARMACÊUTICOS LTDA.;44.734.671/0001-51;2093408164;18/07/2016;2016-07-18;generico
CETOCONAZOL;CRISTÁLIA PRODUTOS QUÍMICOS FARMACÊUTICOS LTDA.;44.734.671/0001-51;2093384163;18/07/2016;2016-07-18;generico
Maleato de Dexclorfeniramina;CRISTÁLIA PRODUTOS QUÍMICOS FARMACÊUTICOS LTDA.;44.734.671/0001-51;2100937166;20/07/2016;2016-07-20;generico
MALEATO DE DEXCLORFENIRAMINA + BETAMETASONA;CRISTÁLIA PRODUTOS QUÍMICOS FARMACÊUTICOS LTDA.;44.734.671/0001-51;2101088169;20/07/2016;2016-07-20;generico
AZITROMICINA;CIFARMA CIENTÍFICA FARMACÊUTICA LTDA;17.562.075/0001-69;2104566166;21/07/2016;2016-07-21;generico
imipenem + cilastatina sódica;RANBAXY FARMACÊUTICA LTDA;73.663.650/0001-90;2103488165;21/07/2016;2016-07-21;generico
NITRATO DE MICONAZOL;CRISTÁLIA PRODUTOS QUÍMICOS FARMACÊUTICOS LTDA.;44.734.671/0001-51;2110092166;22/07/2016;2016-07-22;generico
AZITROLAB;MULTILAB INDUSTRIA E COMERCIO DE PRODUTOS FARMACEUTICOS LTDA;92.265.552/0009-05;2151318160;04/08/2016;2016-08-04;similar
CHOFRAFIG;UNIÃO QUÍMICA FARMACÊUTICA NACIONAL S/A;60.665.981/0001-18;2182590164;15/08/2016;2016-08-15;especifico
VORICONAZOL;SANDOZ DO BRASIL INDÚSTRIA FARMACÊUTICA LTDA;61.286.647/0001-16;2188800161;16/08/2016;2016-08-16;generico
KATRIZAN;VITAMEDIC INDUSTRIA FARMACEUTICA LTDA;30.222.814/0001-31;2210556165;23/08/2016;2016-08-23;similar
DIPIRALGIN;IFAL INDUSTRIA E COMERCIO DE PRODUTOS FARMAC LTDA;376959000126;2210381163;23/08/2016;2016-08-23;similar
ENFLURAN;CRISTÁLIA PRODUTOS QUÍMICOS FARMACÊUTICOS LTDA.;44.734.671/0001-51;2210571169;23/08/2016;2016-08-23;similar
losartana potássica;VITAMEDIC INDUSTRIA FARMACEUTICA LTDA;30.222.814/0001-31;2240497160;31/08/2016;2016-08-31;generico
CARNABOL;Aché Laboratórios Farmacêuticos S.A;60.659.463/0029-92;2256808165;06/09/2016;2016-09-06;especifico
telmisartana + hidroclorotiazida;BRAINFARMA INDÚSTRIA QUÍMICA E FARMACÊUTICA S.A;5161069000110;2263405163;08/09/2016;2016-09-08;generico
FACTIVE;Aché Laboratórios Farmacêuticos S.A;60.659.463/0029-92;2274576169;12/09/2016;2016-09-12;novo
CEFALIUM;Aché Laboratórios Farmacêuticos S.A;60.659.463/0029-92;2283574161;14/09/2016;2016-09-14;novo
NOVOFER PED;Aché Laboratórios Farmacêuticos S.A;60.659.463/0029-92;2304082163;20/09/2016;2016-09-20;especifico
IQUEGO - PROPANOLOL;INDÚSTRIA QUÍMICA DO ESTADO DE GOIÁS S/A - IQUEGO;1541283000141;2301741164;20/09/2016;2016-09-20;similar
HIDRAFIX;TAKEDA PHARMA LTDA.;60.397.775/0001-74;2306873166;21/09/2016;2016-09-21;especifico
CLORIDRATO DE AMBROXOL;CRISTÁLIA PRODUTOS QUÍMICOS FARMACÊUTICOS LTDA.;44.734.671/0001-51;2332985168;28/09/2016;2016-09-28;generico
NOVOFER;Aché Laboratórios Farmacêuticos S.A;60.659.463/0029-92;2337412168;29/09/2016;2016-09-29;especifico
metilsulfato de neostigmina;BLAU FARMACÊUTICA S.A.;58.430.828/0001-60;2338503161;29/09/2016;2016-09-29;generico
CEFACIMED;CIMED INDUSTRIA S.A;2814497000107;2353171161;04/10/2016;2016-10-04;similar
FUMARATO DE CETOTIFENO;HIPOLABOR FARMACEUTICA LTDA;19.570.720/0001-10;2356854162;05/10/2016;2016-10-05;generico
cloridrato de diltiazem;RANBAXY FARMACÊUTICA LTDA;73.663.650/0001-90;2400783168;18/10/2016;2016-10-18;generico
FUNED DONEPEZILA;FUNDAÇÃO EZEQUIEL DIAS - FUNED;17.503.475/0001-01;2445168161;01/11/2016;2016-11-01;similar
CLORIDRATO DE DONEPEZILA;FUNDAÇÃO EZEQUIEL DIAS - FUNED;17.503.475/0001-01;2445207166;01/11/2016;2016-11-01;generico
VELENAXOL;SANDOZ DO BRASIL INDÚSTRIA FARMACÊUTICA LTDA;61.286.647/0001-16;2462537160;07/11/2016;2016-11-07;similar
STONGEL;CAZI QUIMICA FARMACEUTICA INDUSTRIA E COMERCIO LTDA;44.010.437/0001-81;2504257162;18/11/2016;2016-11-18;similar
CLOTRIMAZOL;VITAMEDIC INDUSTRIA FARMACEUTICA LTDA;30.222.814/0001-31;2504945163;18/11/2016;2016-11-18;generico
TOBRAMICINA;CRISTÁLIA PRODUTOS QUÍMICOS FARMACÊUTICOS LTDA.;44.734.671/0001-51;2517222161;23/11/2016;2016-11-23;generico
LFM ZIPRASIDONA;LABORATÓRIO FARMACÊUTICO DA MARINHA;394502007157;2548887162;01/12/2016;2016-12-01;similar
VITARISTON C;BLAU FARMACÊUTICA S.A.;58.430.828/0001-60;2563993165;06/12/2016;2016-12-06;especifico
GLIMERAN;BRAINFARMA INDÚSTRIA QUÍMICA E FARMACÊUTICA S.A;5161069000110;2565548165;06/12/2016;2016-12-06;similar
PACLITAX;EUROFARMA LABORATÓRIOS S.A.;61.190.096/0001-92;2590324161;12/12/2016;2016-12-12;similar
teicoplanina;INSTITUTO BIOCHIMICO INDÚSTRIA FARMACÊUTICA LTDA;33.258.401/0001-03;2594287165;13/12/2016;2016-12-13;generico
GINOFLORAX;INFAN INDUSTRIA QUIMICA FARMACEUTICA NACIONAL S/A;8939548000103;2594979169;13/12/2016;2016-12-13;novo
VITAL COLIRIO;VITAMEDIC INDUSTRIA FARMACEUTICA LTDA;30.222.814/0001-31;64287178;13/01/2017;2017-01-13;similar
CAPTOPRIL;CRISTÁLIA PRODUTOS QUÍMICOS FARMACÊUTICOS LTDA.;44.734.671/0001-51;78270170;16/01/2017;2017-01-16;generico
FLUCONAZOL;RANBAXY FARMACÊUTICA LTDA;73.663.650/0001-90;92465172;18/01/2017;2017-01-18;generico
METVIX;GALDERMA BRASIL LTDA;317372000146;100369171;19/01/2017;2017-01-19;novo
LANZOPRAZOL + CLARITROMICINA + AMOXICILINA;PRATI DONADUZZI & CIA LTDA;73.856.593/0001-66;100880173;19/01/2017;2017-01-19;generico
FUNED CETOCONAZOL;FUNDAÇÃO EZEQUIEL DIAS - FUNED;17.503.475/0001-01;106120178;20/01/2017;2017-01-20;similar
PENKARON;BLAU FARMACÊUTICA S.A.;58.430.828/0001-60;147188171;27/01/2017;2017-01-27;similar
amoxicilina;RANBAXY FARMACÊUTICA LTDA;73.663.650/0001-90;222714172;09/02/2017;2017-02-09;generico
Amoxicilina;RANBAXY FARMACÊUTICA LTDA;73.663.650/0001-90;222824176;09/02/2017;2017-02-09;generico
ERITROPOIETINA;CHRON EPIGEN INDÚSTRIA E COMÉRCIO LTDA;4415365000138;243619171;13/02/2017;2017-02-13;biologico
IQUEGO-  HIDROCLOROTIAZIDA;INDÚSTRIA QUÍMICA DO ESTADO DE GOIÁS S/A - IQUEGO;1541283000141;287191172;21/02/2017;2017-02-21;similar
MEBENIX;CIMED INDUSTRIA S.A;2814497000107;300943172;23/02/2017;2017-02-23;similar
FEMME COM FLÚOR;Aché Laboratórios Farmacêuticos S.A;60.659.463/0029-92;378132171;09/03/2017;2017-03-09;especifico
FEMME;Aché Laboratórios Farmacêuticos S.A;60.659.463/0029-92;378318179;09/03/2017;2017-03-09;especifico
MATERSUPRE;LABORATÓRIO TEUTO BRASILEIRO S/A;17.159.229/0001-76;377969176;09/03/2017;2017-03-09;especifico
LISINOPRIL;CRISTÁLIA PRODUTOS QUÍMICOS FARMACÊUTICOS LTDA.;44.734.671/0001-51;447839178;20/03/2017;2017-03-20;generico
CIMETIDINA;LABORATÓRIO TEUTO BRASILEIRO S/A;17.159.229/0001-76;447009175;20/03/2017;2017-03-20;generico
VITADERME;CRISTÁLIA PRODUTOS QUÍMICOS FARMACÊUTICOS LTDA.;44.734.671/0001-51;447123177;20/03/2017;2017-03-20;similar
ÁGUA PARA INJEÇÃO;ANTIBIÓTICOS DO BRASIL LTDA;5439635000103;460415176;22/03/2017;2017-03-22;especifico
MENTALOL;1FARMA INDUSTRIA FARMACEUTICA LTDA;48.113.906/0001-49;467644171;23/03/2017;2017-03-23;especifico
CEFOXITINA SÓDICA;BLAU FARMACÊUTICA S.A.;58.430.828/0001-60;476058171;24/03/2017;2017-03-24;generico
albendazol;1FARMA INDUSTRIA FARMACEUTICA LTDA;48.113.906/0001-49;495991174;28/03/2017;2017-03-28;generico
MEBENDAZOL;CRISTÁLIA PRODUTOS QUÍMICOS FARMACÊUTICOS LTDA.;44.734.671/0001-51;505287174;29/03/2017;2017-03-29;generico
GANVIRAX;BLAU FARMACÊUTICA S.A.;58.430.828/0001-60;502127178;29/03/2017;2017-03-29;similar
ENDOCRIS;CRISTÁLIA PRODUTOS QUÍMICOS FARMACÊUTICOS LTDA.;44.734.671/0001-51;546546170;05/04/2017;2017-04-05;biologico
DELTA - IFAL;IFAL INDUSTRIA E COMERCIO DE PRODUTOS FARMAC LTDA;376959000126;553302173;06/04/2017;2017-04-06;similar
cloridrato de mepivacaína;CRISTÁLIA PRODUTOS QUÍMICOS FARMACÊUTICOS LTDA.;44.734.671/0001-51;560085175;07/04/2017;2017-04-07;generico
ARIFENICOL;BLAU FARMACÊUTICA S.A.;58.430.828/0001-60;593758172;11/04/2017;2017-04-11;similar
BIOVITA ZINCO;LABORATÓRIO FARMACÊUTICO VITAMED LTDA;29.346.301/0001-53;708338176;25/04/2017;2017-04-25;especifico
REXPECONE;1FARMA INDUSTRIA FARMACEUTICA LTDA;48.113.906/0001-49;721525178;26/04/2017;2017-04-26;similar
KEFORAL;ANTIBIÓTICOS DO BRASIL LTDA;5439635000103;914104179;17/05/2017;2017-05-17;novo
DEXAMETASONA;CRISTÁLIA PRODUTOS QUÍMICOS FARMACÊUTICOS LTDA.;44.734.671/0001-51;939499171;19/05/2017;2017-05-19;generico
SVIR;CRISTÁLIA PRODUTOS QUÍMICOS FARMACÊUTICOS LTDA.;44.734.671/0001-51;973959179;23/05/2017;2017-05-23;similar
AMPLACILINA;EUROFARMA LABORATÓRIOS S.A.;61.190.096/0001-92;971544174;23/05/2017;2017-05-23;similar
clonazepam;FUNDAÇÃO PARA O REMÉDIO POPULAR - FURP;43.640.754/0001-19;1076840178;01/06/2017;2017-06-01;generico
CLORIDRATO DE DOXICICLINA;RANBAXY FARMACÊUTICA LTDA;73.663.650/0001-90;1077470170;01/06/2017;2017-06-01;generico
CALCIUM SANDOZ + VITAMINA C LARANJA;GLAXOSMITHKLINE BRASIL LTDA;33.247.743/0001-10;1143388174;09/06/2017;2017-06-09;especifico
CETOCONAZOL;1FARMA INDUSTRIA FARMACEUTICA LTDA;48.113.906/0001-49;1188335179;14/06/2017;2017-06-14;generico
CLAFORDIL;BLAU FARMACÊUTICA S.A.;58.430.828/0001-60;1236705172;20/06/2017;2017-06-20;similar
CLORIDRATO DE FLUOXETINA;FUNDAÇÃO PARA O REMÉDIO POPULAR - FURP;43.640.754/0001-19;1232959172;20/06/2017;2017-06-20;generico
CEFADROXILA;AUROBINDO PHARMA INDÚSTRIA FARMACÊUTICA LIMITADA;4301884000175;1258608171;22/06/2017;2017-06-22;generico
HIPODERME;LABORATÓRIO TEUTO BRASILEIRO S/A;17.159.229/0001-76;1384921172;06/07/2017;2017-07-06;especifico
GABAPENTINA;FUNDAÇÃO PARA O REMÉDIO POPULAR - FURP;43.640.754/0001-19;1383427174;06/07/2017;2017-07-06;generico
CEFTAZIDIMA;AUROBINDO PHARMA INDÚSTRIA FARMACÊUTICA LIMITADA;4301884000175;1414195177;10/07/2017;2017-07-10;generico
itraconazol;PRATI DONADUZZI & CIA LTDA;73.856.593/0001-66;1427729178;11/07/2017;2017-07-11;generico
ANADOR;BOEHRINGER INGELHEIM DO BRASIL QUÍMICA E FARMACÊUTICA LTDA.;60.831.658/0001-77;1539629171;24/07/2017;2017-07-24;similar
cloridrato de dobutamina;BLAU FARMACÊUTICA S.A.;58.430.828/0001-60;1576763179;28/07/2017;2017-07-28;generico
GLIBENCLAMIDA;FUNDAÇÃO PARA O REMÉDIO POPULAR - FURP;43.640.754/0001-19;1602257172;01/08/2017;2017-08-01;generico
SACIETTE;GLENMARK FARMACÊUTICA LTDA;44.363.661/0001-57;1629337171;04/08/2017;2017-08-04;similar
cloridrato de clomipramina;FUNDAÇÃO PARA O REMÉDIO POPULAR - FURP;43.640.754/0001-19;1662134174;08/08/2017;2017-08-08;generico
GAMA ANTI-HEPATITE B GRIFOLS;GRIFOLS BRASIL LTDA;2513899000171;1707236171;14/08/2017;2017-08-14;similar
cefalexina;AUROBINDO PHARMA INDÚSTRIA FARMACÊUTICA LIMITADA;4301884000175;1704608174;14/08/2017;2017-08-14;generico
GAMAGLOBULINA IM GRIFOLS;GRIFOLS BRASIL LTDA;2513899000171;1707329174;14/08/2017;2017-08-14;biologico
GAMA ANTI-TETANO GRIFOLS;GRIFOLS BRASIL LTDA;2513899000171;1707335179;14/08/2017;2017-08-14;similar
Gama anti-D Grifols;GRIFOLS BRASIL LTDA;2513899000171;1707181170;14/08/2017;2017-08-14;biologico
FLEBOGAMMA;GRIFOLS BRASIL LTDA;2513899000171;1707110171;14/08/2017;2017-08-14;similar
FANHDI;GRIFOLS BRASIL LTDA;2513899000171;1706564170;14/08/2017;2017-08-14;similar
IMUNOGLOBULIN;BLAU FARMACÊUTICA S.A.;58.430.828/0001-60;1717479171;15/08/2017;2017-08-15;similar
CINCORDIL;EMS SIGMA PHARMA LTDA;923140000131;1716282173;15/08/2017;2017-08-15;similar
METREXATO;BLAU FARMACÊUTICA S.A.;58.430.828/0001-60;1736545177;17/08/2017;2017-08-17;similar
MAGNOSTON;BLAU FARMACÊUTICA S.A.;58.430.828/0001-60;1786226174;23/08/2017;2017-08-23;especifico
FUNED PARACETAMOL;FUNDAÇÃO EZEQUIEL DIAS - FUNED;17.503.475/0001-01;1832096171;29/08/2017;2017-08-29;similar
ORNITARGIN;LABORATÓRIOS BALDACCI LTDA;61.150.447/0001-31;1853702172;31/08/2017;2017-08-31;especifico
ZYDENA;EUROFARMA LABORATÓRIOS S.A.;61.190.096/0001-92;1850982177;31/08/2017;2017-08-31;novo
THIABEN;UCI  - FARMA INDÚSTRIA FARMACÊUTICA LTDA;48.396.378/0001-82;1889521172;05/09/2017;2017-09-05;novo
VERTIGIUM;BRAINFARMA INDÚSTRIA QUÍMICA E FARMACÊUTICA S.A;5161069000110;1954529171;13/09/2017;2017-09-13;similar
ranitidina;UNIÃO QUÍMICA FARMACÊUTICA NACIONAL S/A;60.665.981/0001-18;2010139172;23/09/2017;2017-09-23;generico
CITRATO DE SILDENAFILA;FUNDAÇÃO PARA O REMÉDIO POPULAR - FURP;43.640.754/0001-19;2010132175;23/09/2017;2017-09-23;generico
CAPTOPRIL;VITAMEDIC INDUSTRIA FARMACEUTICA LTDA;30.222.814/0001-31;2016526179;26/09/2017;2017-09-26;generico
CLIOQDERM;GEOLAB INDÚSTRIA FARMACÊUTICA S/A;3485572000104;2035538176;28/09/2017;2017-09-28;similar
TRUSOPT;MUNDIPHARMA BRASIL PRODUTOS MÉDICOS E FARMACÊUTICOS LTDA;15.127.898/0001-30;2063569179;02/10/2017;2017-10-02;novo
CLORETO DE SÓDIO 0,9% BASA;INDUSTRIA FARMACEUTICA BASA LTDA;88.610.555/0001-04;2088023175;06/10/2017;2017-10-06;especifico
norfloxacino;MULTILAB INDUSTRIA E COMERCIO DE PRODUTOS FARMACEUTICOS LTDA;92.265.552/0009-05;2105590174;11/10/2017;2017-10-11;generico
FLOXAMOX;MULTILAB INDUSTRIA E COMERCIO DE PRODUTOS FARMACEUTICOS LTDA;92.265.552/0009-05;2105596173;11/10/2017;2017-10-11;similar
NIULIVA;GRIFOLS BRASIL LTDA;2513899000171;2113050177;16/10/2017;2017-10-16;biologico
Omeprazol;PRATI DONADUZZI & CIA LTDA;73.856.593/0001-66;2145869173;25/10/2017;2017-10-25;generico
TEUTOZOL;LABORATÓRIO TEUTO BRASILEIRO S/A;17.159.229/0001-76;2160049170;30/10/2017;2017-10-30;similar
NITRATO DE ISOCONAZOL;CRISTÁLIA PRODUTOS QUÍMICOS FARMACÊUTICOS LTDA.;44.734.671/0001-51;2158626178;30/10/2017;2017-10-30;generico
NEOPANTOL;BRAINFARMA INDÚSTRIA QUÍMICA E FARMACÊUTICA S.A;5161069000110;2161245175;31/10/2017;2017-10-31;especifico
BEXETON;GEOLAB INDÚSTRIA FARMACÊUTICA S/A;3485572000104;2188166179;09/11/2017;2017-11-09;similar
IQUEGO-AMOXICILINA;INDÚSTRIA QUÍMICA DO ESTADO DE GOIÁS S/A - IQUEGO;1541283000141;2223956171;22/11/2017;2017-11-22;similar
DELTAPIL;BELFAR LTDA;18.324.343/0001-77;2245680175;29/11/2017;2017-11-29;similar
CALAMYN;BRAINFARMA INDÚSTRIA QUÍMICA E FARMACÊUTICA S.A;5161069000110;2250114172;30/11/2017;2017-11-30;similar
CICATRENE;FARMOQUÍMICA S/A;33.349.473/0001-58;2253474171;01/12/2017;2017-12-01;similar
ACETATO DE CIPROTERONA+ETINILESTRADIOL;MABRA FARMACEUTICA LTDA;9545589000188;2279076174;12/12/2017;2017-12-12;generico
VALYANNE;GEOLAB INDÚSTRIA FARMACÊUTICA S/A;3485572000104;2274491176;12/12/2017;2017-12-12;fitoterapico
PACLIMEIZ;GADOR DO BRASIL - COMÉRCIO DE PRODUTOS FARMACÊUTICOS LTDA;11.291.720/0001-70;2282243177;13/12/2017;2017-12-13;similar
OXALIMEIZ;GADOR DO BRASIL - COMÉRCIO DE PRODUTOS FARMACÊUTICOS LTDA;11.291.720/0001-70;2282070171;13/12/2017;2017-12-13;similar
ZELMAC;BIOLAB SANUS FARMACÊUTICA LTDA;49.475.833/0001-06;2286267176;14/12/2017;2017-12-14;novo
FURP-HIOSCINA;FUNDAÇÃO PARA O REMÉDIO POPULAR - FURP;43.640.754/0001-19;2294168171;15/12/2017;2017-12-15;similar
PIROXICAM;PRATI DONADUZZI & CIA LTDA;73.856.593/0001-66;2298279175;18/12/2017;2017-12-18;generico
CLORIDRATO DE AMITRIPTILINA;FUNDAÇÃO PARA O REMÉDIO POPULAR - FURP;43.640.754/0001-19;2312804176;22/12/2017;2017-12-22;generico
CETONEO;BRAINFARMA INDÚSTRIA QUÍMICA E FARMACÊUTICA S.A;5161069000110;2321280172;27/12/2017;2017-12-27;similar
FURP-DIGOXINA;FUNDAÇÃO PARA O REMÉDIO POPULAR - FURP;43.640.754/0001-19;2327223176;29/12/2017;2017-12-29;similar
CIXIN;GEOLAB INDÚSTRIA FARMACÊUTICA S/A;3485572000104;6591189;04/01/2018;2018-01-04;similar
NITRATO DE ISOCONAZOL;CRISTÁLIA PRODUTOS QUÍMICOS FARMACÊUTICOS LTDA.;44.734.671/0001-51;25749184;11/01/2018;2018-01-11;generico
RINGER COM LACTÁTO DE SÓDIO;INDUSTRIA FARMACEUTICA BASA LTDA;88.610.555/0001-04;68547180;29/01/2018;2018-01-29;especifico
HYPERATIV;BIONATUS LABORATÓRIO BOTÂNICO LTDA;68.032.192/0001-51;68350187;29/01/2018;2018-01-29;fitoterapico
SVUDIN;CRISTÁLIA PRODUTOS QUÍMICOS FARMACÊUTICOS LTDA.;44.734.671/0001-51;74694181;30/01/2018;2018-01-30;similar
CARBAMAZEPINA;BRAINFARMA INDÚSTRIA QUÍMICA E FARMACÊUTICA S.A;5161069000110;75019181;30/01/2018;2018-01-30;generico
cloridrato de ciclobenzaprina;GEOLAB INDÚSTRIA FARMACÊUTICA S/A;3485572000104;102146180;07/02/2018;2018-02-07;generico
GINKOTAB;BRAINFARMA INDÚSTRIA QUÍMICA E FARMACÊUTICA S.A;5161069000110;134324186;21/02/2018;2018-02-21;fitoterapico
maleato de dexclorfeniramina;BRAINFARMA INDÚSTRIA QUÍMICA E FARMACÊUTICA S.A;5161069000110;133860189;21/02/2018;2018-02-21;generico
CLIOQDERM;GEOLAB INDÚSTRIA FARMACÊUTICA S/A;3485572000104;141170185;23/02/2018;2018-02-23;similar
Busilvex;LABORATÓRIOS PIERRE FABRE DO BRASIL LTDA;33.051.491/0001-59;152399186;27/02/2018;2018-02-27;novo
CETOCONAZOL;BRAINFARMA INDÚSTRIA QUÍMICA E FARMACÊUTICA S.A;5161069000110;170516184;06/03/2018;2018-03-06;generico
KAMRHO-D;PANAMERICAN MEDICAL SUPPLY SUPRIMENTOS MÉDICOS LTDA;1329816000126;176810187;07/03/2018;2018-03-07;similar
BRONTEK;GEOLAB INDÚSTRIA FARMACÊUTICA S/A;3485572000104;214976181;20/03/2018;2018-03-20;similar
acetato de dexametasona;CIMED INDUSTRIA S.A;2814497000107;243417182;29/03/2018;2018-03-29;generico
DIPIRONA SODICA;INDÚSTRIA QUÍMICA DO ESTADO DE GOIÁS S/A - IQUEGO;1541283000141;258290182;04/04/2018;2018-04-04;similar
TILENATI;NATIVITA IND. COM. LTDA.;65.271.900/0001-19;261819182;05/04/2018;2018-04-05;similar
NISTATINA;GEOLAB INDÚSTRIA FARMACÊUTICA S/A;3485572000104;273918186;09/04/2018;2018-04-09;generico
ACEBROFILINA;GEOLAB INDÚSTRIA FARMACÊUTICA S/A;3485572000104;274123187;09/04/2018;2018-04-09;generico
TEFIN;BRAINFARMA INDÚSTRIA QUÍMICA E FARMACÊUTICA S.A;5161069000110;280089186;11/04/2018;2018-04-11;novo
SEDALIVE;VITAMEDIC INDUSTRIA FARMACEUTICA LTDA;30.222.814/0001-31;298152181;17/04/2018;2018-04-17;similar
ALFAEPOETINA;BLAU FARMACÊUTICA S.A.;58.430.828/0001-60;2154988165;24/04/2018;2018-04-24;biologico
Betogenta;GEOLAB INDÚSTRIA FARMACÊUTICA S/A;3485572000104;324462188;25/04/2018;2018-04-25;similar
MALEATO DE DEXCLORFENIRAMINA + BETAMETASONA;GEOLAB INDÚSTRIA FARMACÊUTICA S/A;3485572000104;325055185;25/04/2018;2018-04-25;generico
Ibuprofeno;GEOLAB INDÚSTRIA FARMACÊUTICA S/A;3485572000104;324749180;25/04/2018;2018-04-25;generico
BETRICORT;GEOLAB INDÚSTRIA FARMACÊUTICA S/A;3485572000104;324555181;25/04/2018;2018-04-25;similar
GABAPENTINA;RANBAXY FARMACÊUTICA LTDA;73.663.650/0001-90;330295184;26/04/2018;2018-04-26;generico
GLIBENCLAMIDA;RANBAXY FARMACÊUTICA LTDA;73.663.650/0001-90;330238185;26/04/2018;2018-04-26;generico
METAXON;BLAU FARMACÊUTICA S.A.;58.430.828/0001-60;338373183;27/04/2018;2018-04-27;similar
CLORIDRATO DE LINCOMICINA;BRAINFARMA INDÚSTRIA QUÍMICA E FARMACÊUTICA S.A;5161069000110;336602182;27/04/2018;2018-04-27;generico
ESTOMAZIL PASTILHAS;COSMED INDUSTRIA DE COSMETICOS E MEDICAMENTOS S.A.;61.082.426/0002-07;356714181;04/05/2018;2018-05-04;especifico
NEOPRAZOL;BRAINFARMA INDÚSTRIA QUÍMICA E FARMACÊUTICA S.A;5161069000110;362306188;07/05/2018;2018-05-07;similar
GINGILONE;COSMED INDUSTRIA DE COSMETICOS E MEDICAMENTOS S.A.;61.082.426/0002-07;363533183;08/05/2018;2018-05-08;similar
PLUSVAC;LABORATORIO DE EXTRATOS ALERGENICOS LTDA;28.614.626/0001-07;367376186;09/05/2018;2018-05-09;similar
METADOXIL;LABORATÓRIOS BALDACCI LTDA;61.150.447/0001-31;368215183;09/05/2018;2018-05-09;novo
MONOCORDIL;LABORATÓRIOS BALDACCI LTDA;61.150.447/0001-31;367919185;09/05/2018;2018-05-09;novo
FOLONIN;GEOLAB INDÚSTRIA FARMACÊUTICA S/A;3485572000104;375641186;10/05/2018;2018-05-10;especifico
PARVULAN;LABORATORIO DE EXTRATOS ALERGENICOS LTDA;28.614.626/0001-07;377237183;11/05/2018;2018-05-11;similar
POSPRAND;GLENMARK FARMACÊUTICA LTDA;44.363.661/0001-57;379842189;11/05/2018;2018-05-11;similar
EXTRALERG;LABORATORIO DE EXTRATOS ALERGENICOS LTDA;28.614.626/0001-07;377209188;11/05/2018;2018-05-11;similar
FLUORURACILA;LABORATÓRIO QUÍMICO FARMACÊUTICO BERGAMO LTDA;61.282.661/0001-41;382427186;14/05/2018;2018-05-14;generico
losartana potássica;AUROBINDO PHARMA INDÚSTRIA FARMACÊUTICA LIMITADA;4301884000175;391964181;16/05/2018;2018-05-16;generico
Gino-Colon;GEOLAB INDÚSTRIA FARMACÊUTICA S/A;3485572000104;392473184;16/05/2018;2018-05-16;similar
OTOMIXYN;EMS S/A;57.507.378/0003-65;391689188;16/05/2018;2018-05-16;generico
CLORIDRATO DE DEXMEDETOMIDINA;VOLPHARMA DISTRIBUIDORA DE PRODUTOS HOSPITALARES E FARMACÊUTICOS LTDA;14.665.928/0001-08;410620182;22/05/2018;2018-05-22;generico
ULTIDIN;GEOLAB INDÚSTRIA FARMACÊUTICA S/A;3485572000104;414418180;23/05/2018;2018-05-23;similar
ALERGIDEX;BRAINFARMA INDÚSTRIA QUÍMICA E FARMACÊUTICA S.A;5161069000110;419279186;24/05/2018;2018-05-24;similar
COLCHICINA;GEOLAB INDÚSTRIA FARMACÊUTICA S/A;3485572000104;451334187;06/06/2018;2018-06-06;generico
tioconazol + tinidazol;GEOLAB INDÚSTRIA FARMACÊUTICA S/A;3485572000104;451087189;06/06/2018;2018-06-06;generico
aciclovir;GEOLAB INDÚSTRIA FARMACÊUTICA S/A;3485572000104;451182184;06/06/2018;2018-06-06;generico
maleato de dexclorfeniramina;GEOLAB INDÚSTRIA FARMACÊUTICA S/A;3485572000104;450991189;06/06/2018;2018-06-06;generico
CIMAHER;EUROFARMA LABORATÓRIOS S.A.;61.190.096/0001-92;466073181;12/06/2018;2018-06-12;biologico
Dexametasona;GEOLAB INDÚSTRIA FARMACÊUTICA S/A;3485572000104;468983186;12/06/2018;2018-06-12;generico
NITRATO DE MICONAZOL;LABORATÓRIO TEUTO BRASILEIRO S/A;17.159.229/0001-76;469542189;12/06/2018;2018-06-12;generico
cetoconazol + dipropionato de betametasona;GEOLAB INDÚSTRIA FARMACÊUTICA S/A;3485572000104;474195181;13/06/2018;2018-06-13;generico
CONACORT;GEOLAB INDÚSTRIA FARMACÊUTICA S/A;3485572000104;473891188;13/06/2018;2018-06-13;similar
FUNGIROX;UCI - FARMA INDÚSTRIA FARMACÊUTICA LTDA;48.396.378/0001-82;477847182;14/06/2018;2018-06-14;similar
DICLOFENACO DIETILAMÔNIO;GEOLAB INDÚSTRIA FARMACÊUTICA S/A;3485572000104;480389182;15/06/2018;2018-06-15;generico
CELETIL;GEOLAB INDÚSTRIA FARMACÊUTICA S/A;3485572000104;479930185;15/06/2018;2018-06-15;similar
cloridrato de ambroxol;GEOLAB INDÚSTRIA FARMACÊUTICA S/A;3485572000104;480613181;15/06/2018;2018-06-15;generico
Dipropionato de Betametasona + Sulfato de Gentamicina;GEOLAB INDÚSTRIA FARMACÊUTICA S/A;3485572000104;488313186;18/06/2018;2018-06-18;generico
Dipropionato de Betametasona + Sulfato de Gentamicina;GEOLAB INDÚSTRIA FARMACÊUTICA S/A;3485572000104;488364181;18/06/2018;2018-06-18;generico
cetoconazol;GEOLAB INDÚSTRIA FARMACÊUTICA S/A;3485572000104;491186185;19/06/2018;2018-06-19;generico
TINIDAZOL + NITRATO DE MICONAZOL;GEOLAB INDÚSTRIA FARMACÊUTICA S/A;3485572000104;501150187;22/06/2018;2018-06-22;generico
GLIBENCLAMIDA;GEOLAB INDÚSTRIA FARMACÊUTICA S/A;3485572000104;501351188;22/06/2018;2018-06-22;generico
FLUOCINOLONA ACETONIDA + SULFATO DE POLIMIXINA B + SULFATO DE NEOMICINA + CLORIDRATO DE LIDOCAINA;GEOLAB INDÚSTRIA FARMACÊUTICA S/A;3485572000104;501509180;22/06/2018;2018-06-22;generico
NISTRAZIN;GEOLAB INDÚSTRIA FARMACÊUTICA S/A;3485572000104;501387189;22/06/2018;2018-06-22;similar
OLANZAPINA;CRISTÁLIA PRODUTOS QUÍMICOS FARMACÊUTICOS LTDA.;44.734.671/0001-51;505129181;25/06/2018;2018-06-25;generico
PANTODEX;GEOLAB INDÚSTRIA FARMACÊUTICA S/A;3485572000104;513415183;27/06/2018;2018-06-27;especifico
RINOSORO SIC;COSMED INDUSTRIA DE COSMETICOS E MEDICAMENTOS S.A.;61.082.426/0002-07;513811186;27/06/2018;2018-06-27;especifico
VITAUM;GEOLAB INDÚSTRIA FARMACÊUTICA S/A;3485572000104;519168188;28/06/2018;2018-06-28;especifico
ONCICREM-A;GEOLAB INDÚSTRIA FARMACÊUTICA S/A;3485572000104;519129187;28/06/2018;2018-06-28;similar
TININ;GEOLAB INDÚSTRIA FARMACÊUTICA S/A;3485572000104;519046181;28/06/2018;2018-06-28;similar
MENBEL;GEOLAB INDÚSTRIA FARMACÊUTICA S/A;3485572000104;519476188;28/06/2018;2018-06-28;similar
OTOSYLASE;GEOLAB INDÚSTRIA FARMACÊUTICA S/A;3485572000104;519096187;28/06/2018;2018-06-28;similar
FLUISOLVAN;GEOLAB INDÚSTRIA FARMACÊUTICA S/A;3485572000104;519461180;28/06/2018;2018-06-28;similar
LATANOPROSTA + MALEATO DE TIMOLOL;GEOLAB INDÚSTRIA FARMACÊUTICA S/A;3485572000104;519253186;28/06/2018;2018-06-28;generico
PLANTALYVE;GEOLAB INDÚSTRIA FARMACÊUTICA S/A;3485572000104;516776181;28/06/2018;2018-06-28;fitoterapico
BROMEXPEC;GEOLAB INDÚSTRIA FARMACÊUTICA S/A;3485572000104;519311187;28/06/2018;2018-06-28;similar
ACETONIDA DE TRIANCINOLONA;GEOLAB INDÚSTRIA FARMACÊUTICA S/A;3485572000104;519508180;28/06/2018;2018-06-28;generico
TENOXICAM;GEOLAB INDÚSTRIA FARMACÊUTICA S/A;3485572000104;519209189;28/06/2018;2018-06-28;generico
LANZOPEPT;GEOLAB INDÚSTRIA FARMACÊUTICA S/A;3485572000104;519806182;29/06/2018;2018-06-29;similar
Cetoconazol+Dipropionato de Betametasona+Sulfato de Neomicina;GEOLAB INDÚSTRIA FARMACÊUTICA S/A;3485572000104;522584181;29/06/2018;2018-06-29;generico
Besilato de cisatracúrio;VOLPHARMA DISTRIBUIDORA DE PRODUTOS HOSPITALARES E FARMACÊUTICOS LTDA;14.665.928/0001-08;521837183;29/06/2018;2018-06-29;generico
Ácido Fusídico;BRAINFARMA INDÚSTRIA QUÍMICA E FARMACÊUTICA S.A;5161069000110;522522181;29/06/2018;2018-06-29;generico
Cetoconazol + Dipropionato de Betametasona + Sulfato de Neomicina;GEOLAB INDÚSTRIA FARMACÊUTICA S/A;3485572000104;522533187;29/06/2018;2018-06-29;generico
METRONIDAZOL;CIMED INDUSTRIA S.A;2814497000107;525298189;02/07/2018;2018-07-02;generico
LAQFA PIRAZINAMIDA;LABORATORIO QUIMICO FARMACEUTICO DA AERONAUTICA;394429009914;528100188;03/07/2018;2018-07-03;similar
amoxicilina + clavulanato de potássio;RANBAXY FARMACÊUTICA LTDA;73.663.650/0001-90;551023186;11/07/2018;2018-07-11;generico
MULTIGRIP DOR E FEBRE;MULTILAB INDUSTRIA E COMERCIO DE PRODUTOS FARMACEUTICOS LTDA;92.265.552/0009-05;558766182;12/07/2018;2018-07-12;similar
GLIMEPIRIDA;BRAINFARMA INDÚSTRIA QUÍMICA E FARMACÊUTICA S.A;5161069000110;571721183;17/07/2018;2018-07-17;generico
PRESSALIV;COSMED INDUSTRIA DE COSMETICOS E MEDICAMENTOS S.A.;61.082.426/0002-07;574993180;18/07/2018;2018-07-18;similar
PEPTOVIT;VITAMEDIC INDUSTRIA FARMACEUTICA LTDA;30.222.814/0001-31;576928181;19/07/2018;2018-07-19;similar
AMPLIUM G;COSMED INDUSTRIA DE COSMETICOS E MEDICAMENTOS S.A.;61.082.426/0002-07;589773184;24/07/2018;2018-07-24;similar
VITAONE C;1FARMA INDUSTRIA FARMACEUTICA LTDA;48.113.906/0001-49;595591182;25/07/2018;2018-07-25;especifico
PRAIVA;EUROFARMA LABORATÓRIOS S.A.;61.190.096/0001-92;592322181;25/07/2018;2018-07-25;similar
PARLODEL;NOVARTIS BIOCIENCIAS S.A;56.994.502/0001-30;608686181;30/07/2018;2018-07-30;novo
FURP-METRONIDAZOL;FUNDAÇÃO PARA O REMÉDIO POPULAR - FURP;43.640.754/0001-19;764472188;03/08/2018;2018-08-03;similar
CARDCOR;LABORATÓRIO TEUTO BRASILEIRO S/A;17.159.229/0001-76;764460184;03/08/2018;2018-08-03;similar
MEBENDAZOL;GEOLAB INDÚSTRIA FARMACÊUTICA S/A;3485572000104;764537186;03/08/2018;2018-08-03;generico
CLORIDRATO DE BROMEXINA;GEOLAB INDÚSTRIA FARMACÊUTICA S/A;3485572000104;775074189;06/08/2018;2018-08-06;generico
ACICLOVIR;CRISTÁLIA PRODUTOS QUÍMICOS FARMACÊUTICOS LTDA.;44.734.671/0001-51;777307182;07/08/2018;2018-08-07;generico
paracetamol;1FARMA INDUSTRIA FARMACEUTICA LTDA;48.113.906/0001-49;779060181;07/08/2018;2018-08-07;generico
LODINA;COSMED INDUSTRIA DE COSMETICOS E MEDICAMENTOS S.A.;61.082.426/0002-07;805502185;15/08/2018;2018-08-15;similar
Cloridrato de Olopatadina;BRAINFARMA INDÚSTRIA QUÍMICA E FARMACÊUTICA S.A;5161069000110;804951183;15/08/2018;2018-08-15;generico
valerato de betametasona + sulfato de gentamicina + tolnaftato + clioquinol;GEOLAB INDÚSTRIA FARMACÊUTICA S/A;3485572000104;806747183;15/08/2018;2018-08-15;generico
valerato de betametasona + sulfato de gentamicina + tolnaftato + clioquinol;GEOLAB INDÚSTRIA FARMACÊUTICA S/A;3485572000104;806987185;15/08/2018;2018-08-15;generico
mesilato de desferroxamina;CRISTÁLIA PRODUTOS QUÍMICOS FARMACÊUTICOS LTDA.;44.734.671/0001-51;808588189;16/08/2018;2018-08-16;generico
AZITROMICINA;RANBAXY FARMACÊUTICA LTDA;73.663.650/0001-90;817275187;20/08/2018;2018-08-20;generico
Imunotransferan;LABORATORIO DE EXTRATOS ALERGENICOS LTDA;28.614.626/0001-07;831345188;23/08/2018;2018-08-23;biologico
EXTRATO DE CÉLULAS TÍMICAS;LABORATORIO DE EXTRATOS ALERGENICOS LTDA;28.614.626/0001-07;840241188;27/08/2018;2018-08-27;similar
EVOCARB;FARMARIN INDUSTRIA E COMERCIO LTDA;58.635.830/0001-75;850228185;29/08/2018;2018-08-29;similar
FRESOFOL;FRESENIUS KABI BRASIL LTDA;49.324.221/0001-04;848633186;29/08/2018;2018-08-29;similar
NEOCETHEO;THEODORO F SOBRAL & CIA LTDA;6597801000162;853709187;30/08/2018;2018-08-30;similar
ACETAZONA;THEODORO F SOBRAL & CIA LTDA;6597801000162;854205188;30/08/2018;2018-08-30;similar
Diclofan® Gel;THEODORO F SOBRAL & CIA LTDA;6597801000162;855122187;31/08/2018;2018-08-31;similar
PARACETAMOL;THEODORO F SOBRAL & CIA LTDA;6597801000162;855032188;31/08/2018;2018-08-31;generico
nistatina;THEODORO F SOBRAL & CIA LTDA;6597801000162;855200182;31/08/2018;2018-08-31;generico
pantoprazol sódico sesquihidratado;VITAMEDIC INDUSTRIA FARMACEUTICA LTDA;30.222.814/0001-31;864848184;04/09/2018;2018-09-04;generico
SULFAZINA;THEODORO F SOBRAL & CIA LTDA;6597801000162;866095186;04/09/2018;2018-09-04;similar
METRONIDAZOL;THEODORO F SOBRAL & CIA LTDA;6597801000162;866378185;04/09/2018;2018-09-04;generico
dipirona sódica;EQUIPLEX INDÚSTRIA FARMACÊUTICA LTDA;1784792000103;870598184;05/09/2018;2018-09-05;generico
CLORIDRATO DE CICLOBENZAPRINA;1FARMA INDUSTRIA FARMACEUTICA LTDA;48.113.906/0001-49;868834186;05/09/2018;2018-09-05;generico
SMOFKABIVEN LIVRE DE ELETRÓLITOS;FRESENIUS KABI BRASIL LTDA;49.324.221/0001-04;875241189;06/09/2018;2018-09-06;especifico
AGUA PARA INJETAVEIS;BLAU FARMACÊUTICA S.A.;58.430.828/0001-60;882163181;10/09/2018;2018-09-10;especifico
glimepirida;GEOLAB INDÚSTRIA FARMACÊUTICA S/A;3485572000104;898630184;14/09/2018;2018-09-14;generico
CLORIDRATO DE METFORMINA;1FARMA INDUSTRIA FARMACEUTICA LTDA;48.113.906/0001-49;899351183;14/09/2018;2018-09-14;generico
ARGEVIT C;GEOLAB INDÚSTRIA FARMACÊUTICA S/A;3485572000104;903471184;17/09/2018;2018-09-17;especifico
POLOL;GEOLAB INDÚSTRIA FARMACÊUTICA S/A;3485572000104;914358181;20/09/2018;2018-09-20;similar
UMMA;COSMED INDUSTRIA DE COSMETICOS E MEDICAMENTOS S.A.;61.082.426/0002-07;915489182;20/09/2018;2018-09-20;similar
PANZOMED;CIMED INDUSTRIA S.A;2814497000107;920374185;21/09/2018;2018-09-21;similar
VIKATRON;BLAU FARMACÊUTICA S.A.;58.430.828/0001-60;925095186;24/09/2018;2018-09-24;especifico
CLORIDRATO DE RANITIDINA;UNIÃO QUÍMICA FARMACÊUTICA NACIONAL S/A;60.665.981/0001-18;932556185;26/09/2018;2018-09-26;generico
HEMITARTARATO DE RIVASTIGMINA;LABORATÓRIO QUÍMICO FARMACÊUTICO BERGAMO LTDA;61.282.661/0001-41;937249181;27/09/2018;2018-09-27;generico
ESCIP;GEOLAB INDÚSTRIA FARMACÊUTICA S/A;3485572000104;944941188;28/09/2018;2018-09-28;similar
captopril;1FARMA INDUSTRIA FARMACEUTICA LTDA;48.113.906/0001-49;949179181;01/10/2018;2018-10-01;generico
NITRATO DE MICONAZOL;1FARMA INDUSTRIA FARMACEUTICA LTDA;48.113.906/0001-49;949515181;01/10/2018;2018-10-01;generico
CLORIDRATO DE RANITIDINA;LABORATÓRIO TEUTO BRASILEIRO S/A;17.159.229/0001-76;951430189;01/10/2018;2018-10-01;generico
BESILATO DE ANLODIPINO;1FARMA INDUSTRIA FARMACEUTICA LTDA;48.113.906/0001-49;948794188;01/10/2018;2018-10-01;generico
EVOTABINA;FARMARIN INDUSTRIA E COMERCIO LTDA;58.635.830/0001-75;953409181;02/10/2018;2018-10-02;similar
FARLAC;COSMED INDUSTRIA DE COSMETICOS E MEDICAMENTOS S.A.;61.082.426/0002-07;955804187;02/10/2018;2018-10-02;similar
maleato de dexclorfeniramina + betametasona;1FARMA INDUSTRIA FARMACEUTICA LTDA;48.113.906/0001-49;980015188;09/10/2018;2018-10-09;generico
Fungirox;UCI - FARMA INDÚSTRIA FARMACÊUTICA LTDA;48.396.378/0001-82;987235183;10/10/2018;2018-10-10;similar
dropropizina;BRAINFARMA INDÚSTRIA QUÍMICA E FARMACÊUTICA S.A;5161069000110;985195180;10/10/2018;2018-10-10;generico
APRACUR;COSMED INDUSTRIA DE COSMETICOS E MEDICAMENTOS S.A.;61.082.426/0002-07;991472182;11/10/2018;2018-10-11;novo
glibenclamida;1FARMA INDUSTRIA FARMACEUTICA LTDA;48.113.906/0001-49;998401181;15/10/2018;2018-10-15;generico
VASOTON;BLAU FARMACÊUTICA S.A.;58.430.828/0001-60;995974182;15/10/2018;2018-10-15;similar
TERMOPIRONA;BRAINFARMA INDÚSTRIA QUÍMICA E FARMACÊUTICA S.A;5161069000110;995387186;15/10/2018;2018-10-15;similar
LAQFA-ISONIAZIDA;LABORATORIO QUIMICO FARMACEUTICO DA AERONAUTICA;394429009914;1009578181;18/10/2018;2018-10-18;similar
EXCALV;LABORATÓRIO TEUTO BRASILEIRO S/A;17.159.229/0001-76;1015445181;19/10/2018;2018-10-19;similar
ESPECTROPRIMA;PRATI DONADUZZI & CIA LTDA;73.856.593/0001-66;1014709188;19/10/2018;2018-10-19;similar
CANDESARTANA CILEXETILA+HIDROCLOROTIAZIDA;GEOLAB INDÚSTRIA FARMACÊUTICA S/A;3485572000104;1022735181;23/10/2018;2018-10-23;generico
MOFILEN;INSTITUTO BIOCHIMICO INDÚSTRIA FARMACÊUTICA LTDA;33.258.401/0001-03;1023260185;23/10/2018;2018-10-23;similar
hemifumarato de alisquireno;EMS S/A;57.507.378/0003-65;1024048189;23/10/2018;2018-10-23;generico
DIPIRONA SÓDICA;GEOLAB INDÚSTRIA FARMACÊUTICA S/A;3485572000104;1045230183;30/10/2018;2018-10-30;generico
glimepirida;1FARMA INDUSTRIA FARMACEUTICA LTDA;48.113.906/0001-49;1049588186;31/10/2018;2018-10-31;generico
BUTILBROMETO DE ESCOPOLAMINA+DIPIRONA SODICA;UNIÃO QUÍMICA FARMACÊUTICA NACIONAL S/A;60.665.981/0001-18;1047793184;31/10/2018;2018-10-31;generico
OTRIVINA;GLAXOSMITHKLINE BRASIL LTDA;33.247.743/0001-10;1049416182;31/10/2018;2018-10-31;novo
CITRATO DE SILDENAFILA;GEOLAB INDÚSTRIA FARMACÊUTICA S/A;3485572000104;1045862180;31/10/2018;2018-10-31;generico
INSETIVAC;LABORATORIO DE EXTRATOS ALERGENICOS LTDA;28.614.626/0001-07;1054441181;03/11/2018;2018-11-03;biologico
ATORVASTATINA CÁLCICA;BRAINFARMA INDÚSTRIA QUÍMICA E FARMACÊUTICA S.A;5161069000110;1058061181;05/11/2018;2018-11-05;generico
CITRATO DE SILDENAFILA;RANBAXY FARMACÊUTICA LTDA;73.663.650/0001-90;1078473180;12/11/2018;2018-11-12;generico
SOLUPREN;LABORATÓRIO QUÍMICO FARMACÊUTICO BERGAMO LTDA;61.282.661/0001-41;1084456182;13/11/2018;2018-11-13;similar
CARBOCISTEÍNA;CIMED INDUSTRIA S.A;2814497000107;1081155189;13/11/2018;2018-11-13;generico
omeprazol;1FARMA INDUSTRIA FARMACEUTICA LTDA;48.113.906/0001-49;1102182189;21/11/2018;2018-11-21;generico
NIMESULIDA;CIMED INDUSTRIA S.A;2814497000107;1127989183;29/11/2018;2018-11-29;generico
CPHD AC;SALBEGO LABORATÓRIO FARMACÊUTICO LTDA;92.832.195/0001-54;1136177188;03/12/2018;2018-12-03;especifico
CPHD AC 35 C/ GLICOSE;SALBEGO LABORATÓRIO FARMACÊUTICO LTDA;92.832.195/0001-54;1136226180;03/12/2018;2018-12-03;especifico
LFM- ÁCIDO ASCÓRBICO;LABORATÓRIO FARMACÊUTICO DA MARINHA;394502007157;1138023183;03/12/2018;2018-12-03;especifico
CPHD 35 BA;SALBEGO LABORATÓRIO FARMACÊUTICO LTDA;92.832.195/0001-54;1136080181;03/12/2018;2018-12-03;especifico
CPHD SMP 35;SALBEGO LABORATÓRIO FARMACÊUTICO LTDA;92.832.195/0001-54;1136279181;03/12/2018;2018-12-03;especifico
CODYLEX;GEOLAB INDÚSTRIA FARMACÊUTICA S/A;3485572000104;1143327182;04/12/2018;2018-12-04;similar
FENOFIBRATO;FUNDAÇÃO PARA O REMÉDIO POPULAR - FURP;43.640.754/0001-19;1143070182;04/12/2018;2018-12-04;generico
LAQFA CAPTOPRIL;LABORATORIO QUIMICO FARMACEUTICO DA AERONAUTICA;394429009914;1152179181;06/12/2018;2018-12-06;similar
cloridrato de ranitidina;GEOLAB INDÚSTRIA FARMACÊUTICA S/A;3485572000104;1151813188;06/12/2018;2018-12-06;similar
cloridrato de lincomicina;LABORATÓRIO TEUTO BRASILEIRO S/A;17.159.229/0001-76;1162213180;10/12/2018;2018-12-10;generico
cloridrato de paroxetina;SANDOZ DO BRASIL INDÚSTRIA FARMACÊUTICA LTDA;61.286.647/0001-16;1165947185;11/12/2018;2018-12-11;generico
HIDROCLOROTIAZIDA;1FARMA INDUSTRIA FARMACEUTICA LTDA;48.113.906/0001-49;1170368187;12/12/2018;2018-12-12;generico
APETIVAN BC;PHARMASCIENCE INDÚSTRIA FARMACÊUTICA LTDA;25.773.037/0001-83;1177513181;13/12/2018;2018-12-13;similar
CLORIDRATO DE METFORMINA;CIMED INDUSTRIA S.A;2814497000107;1176311186;13/12/2018;2018-12-13;generico
ABRILAR;FARMOQUÍMICA S/A;33.349.473/0001-58;1181606186;14/12/2018;2018-12-14;fitoterapico
GLICOSE BASA;INDUSTRIA FARMACEUTICA BASA LTDA;88.610.555/0001-04;1188755189;18/12/2018;2018-12-18;especifico
CLORIDRATO DE PROPRANOLOL;PRATI DONADUZZI & CIA LTDA;73.856.593/0001-66;1187501181;18/12/2018;2018-12-18;generico
GLICONATO DE CALCIO 10%;HALEX ISTAR INDÚSTRIA FARMACÊUTICA SA;1571702000198;1216239186;28/12/2018;2018-12-28;especifico
ISOFARMA - SOLUÇÃO DE MANITOL;HALEX ISTAR INDÚSTRIA FARMACÊUTICA SA;1571702000198;1585197;02/01/2019;2019-01-02;especifico
BELFACTRIM;BELFAR LTDA;18.324.343/0001-77;1259199;02/01/2019;2019-01-02;similar
DORALEX;VITAMEDIC INDUSTRIA FARMACEUTICA LTDA;30.222.814/0001-31;26358193;11/01/2019;2019-01-11;similar
ACIDO TRANEXAMICO;BLAU FARMACÊUTICA S.A.;58.430.828/0001-60;28439194;11/01/2019;2019-01-11;generico
irbesartana + hidroclorotiazida;RANBAXY FARMACÊUTICA LTDA;73.663.650/0001-90;53995193;18/01/2019;2019-01-18;generico
meloxicam;GEOLAB INDÚSTRIA FARMACÊUTICA S/A;3485572000104;56083199;21/01/2019;2019-01-21;generico
Viibryd;ALLERGAN PRODUTOS FARMACÊUTICOS LTDA;43.426.626/0001-77;56192194;21/01/2019;2019-01-21;novo
DIPIRONA SÓDICA;UNITHER INDUSTRIA FARMACEUTICA LTDA.;4656253000179;61022194;22/01/2019;2019-01-22;generico
FUNED PREDNISONA;FUNDAÇÃO EZEQUIEL DIAS - FUNED;17.503.475/0001-01;69230191;23/01/2019;2019-01-23;similar
ALFAINTERFERONA 2B (RECOMBINANTE);Aché Laboratórios Farmacêuticos S.A;60.659.463/0029-92;70762197;24/01/2019;2019-01-24;novo
SOLUÇÃO GLICOCLORETADA BASA;INDUSTRIA FARMACEUTICA BASA LTDA;88.610.555/0001-04;81254194;28/01/2019;2019-01-28;especifico
LAMEZ;ACCORD FARMACÊUTICA LTDA;64.171.697/0001-46;90754195;30/01/2019;2019-01-30;similar
RIBAVIRIN;BLAU FARMACÊUTICA S.A.;58.430.828/0001-60;91753192;30/01/2019;2019-01-30;similar
NASOFAR AD;BELFAR LTDA;18.324.343/0001-77;95843193;31/01/2019;2019-01-31;especifico
CANDESARTANA CILEXETILA + HIDROCLOROTIAZIDA;Althaia S.A Indústria Farmacêutica;48.344.725/0007-19;97988191;01/02/2019;2019-02-01;generico
BESILATO DE ANLODIPINO;CRISTÁLIA PRODUTOS QUÍMICOS FARMACÊUTICOS LTDA.;44.734.671/0001-51;105443191;04/02/2019;2019-02-04;generico
alendronato de sódio;1FARMA INDUSTRIA FARMACEUTICA LTDA;48.113.906/0001-49;105475199;04/02/2019;2019-02-04;generico
CETOCONAZOL + DIPROPIONATO DE BETAMETASONA + SULFATO DE NEOMICINA;BELFAR LTDA;18.324.343/0001-77;111244199;05/02/2019;2019-02-05;generico
NEVIRAX;FUNDAÇÃO EZEQUIEL DIAS - FUNED;17.503.475/0001-01;108101192;05/02/2019;2019-02-05;similar
NITRATO DE MICONAZOL;BLISFARMA INDÚSTRIA FARMACÊUTICA LTDA - ME;3108098000193;114041198;06/02/2019;2019-02-06;generico
FELISSA;SUN FARMACÊUTICA DO BRASIL LTDA;5035244000123;115543191;07/02/2019;2019-02-07;similar
MIZONOL;GEOLAB INDÚSTRIA FARMACÊUTICA S/A;3485572000104;115640193;07/02/2019;2019-02-07;similar
Nitrato de Miconazol;GEOLAB INDÚSTRIA FARMACÊUTICA S/A;3485572000104;115606193;07/02/2019;2019-02-07;generico
GAMUNEX;GRIFOLS BRASIL LTDA;2513899000171;144433196;15/02/2019;2019-02-15;biologico
HIDROCLOROTIAZIDA;FUNDAÇÃO PARA O REMÉDIO POPULAR - FURP;43.640.754/0001-19;145233199;15/02/2019;2019-02-15;generico
citalopram;NOVARTIS BIOCIENCIAS S.A;56.994.502/0001-30;156522192;19/02/2019;2019-02-19;generico
CITANIC;LABORATÓRIO TEUTO BRASILEIRO S/A;17.159.229/0001-76;155385192;19/02/2019;2019-02-19;similar
Valerance;LABORATÓRIO FARMACÊUTICO ELOFAR LTDA;83.874.628/0001-43;160888196;20/02/2019;2019-02-20;fitoterapico
levofloxacino hemiidratado;EUROFARMA LABORATÓRIOS S.A.;61.190.096/0001-92;170188196;22/02/2019;2019-02-22;generico
FENDICAL;UCI - FARMA INDÚSTRIA FARMACÊUTICA LTDA;48.396.378/0001-82;180432194;26/02/2019;2019-02-26;similar
SOLUÇÃO P/ DIÁLISE PERITONEAL;FRESENIUS KABI BRASIL LTDA;49.324.221/0001-04;196055195;01/03/2019;2019-03-01;especifico
LEVONORGESTREL+ETINILESTRADIOL;MABRA FARMACEUTICA LTDA;9545589000188;193092193;01/03/2019;2019-03-01;generico
FRUTOSE 5%;FRESENIUS KABI BRASIL LTDA;49.324.221/0001-04;196458195;01/03/2019;2019-03-01;especifico
BELMIRAX;BELFAR LTDA;18.324.343/0001-77;212886191;11/03/2019;2019-03-11;similar
GLICOSE 75%;HALEX ISTAR INDÚSTRIA FARMACÊUTICA SA;1571702000198;223623191;13/03/2019;2019-03-13;especifico
FUNED - CARBAMAZEPINA;FUNDAÇÃO EZEQUIEL DIAS - FUNED;17.503.475/0001-01;237227194;18/03/2019;2019-03-18;similar
PREDNISONA;VITAMEDIC INDUSTRIA FARMACEUTICA LTDA;30.222.814/0001-31;247854194;19/03/2019;2019-03-19;generico
OSTEOPREVIX D;AIRELA INDÚSTRIA FARMACÊUTICA LTDA.;1858973000129;247587191;19/03/2019;2019-03-19;especifico
BROMIDRATO DE FENOTEROL;PRATI DONADUZZI & CIA LTDA;73.856.593/0001-66;249783192;20/03/2019;2019-03-20;generico
CETOP;AIRELA INDÚSTRIA FARMACÊUTICA LTDA.;1858973000129;254624198;21/03/2019;2019-03-21;similar
BESILATO DE ANLODIPINO;GEOLAB INDÚSTRIA FARMACÊUTICA S/A;3485572000104;261559192;22/03/2019;2019-03-22;generico
norfloxacino;1FARMA INDUSTRIA FARMACEUTICA LTDA;48.113.906/0001-49;259343192;22/03/2019;2019-03-22;generico
MIURON;CIMED INDUSTRIA S.A;2814497000107;261383192;22/03/2019;2019-03-22;similar
cloridrato de ambroxol;1FARMA INDUSTRIA FARMACEUTICA LTDA;48.113.906/0001-49;264152196;25/03/2019;2019-03-25;generico
BEBEX ADE;GEOLAB INDÚSTRIA FARMACÊUTICA S/A;3485572000104;269294195;26/03/2019;2019-03-26;especifico
INGLESA SOBRAL;THEODORO F SOBRAL & CIA LTDA;6597801000162;276417192;27/03/2019;2019-03-27;fitoterapico
BASENA ENEMA DE GLICERINA A 12%;INDUSTRIA FARMACEUTICA BASA LTDA;88.610.555/0001-04;290460198;01/04/2019;2019-04-01;especifico
DORIL DC 500;COSMED INDUSTRIA DE COSMETICOS E MEDICAMENTOS S.A.;61.082.426/0002-07;295727192;02/04/2019;2019-04-02;novo
ÁGUA PARA INJETÁVEIS BASA;INDUSTRIA FARMACEUTICA BASA LTDA;88.610.555/0001-04;294285192;02/04/2019;2019-04-02;especifico
cetoconazol;1FARMA INDUSTRIA FARMACEUTICA LTDA;48.113.906/0001-49;310763199;05/04/2019;2019-04-05;generico
GLICERINA 12%;HALEX ISTAR INDÚSTRIA FARMACÊUTICA SA;1571702000198;311022192;05/04/2019;2019-04-05;especifico
CIPROLIP;UCI - FARMA INDÚSTRIA FARMACÊUTICA LTDA;48.396.378/0001-82;314142190;08/04/2019;2019-04-08;similar
METILDOPA;Aché Laboratórios Farmacêuticos S.A;60.659.463/0029-92;315747194;08/04/2019;2019-04-08;generico
MIODARON;Aché Laboratórios Farmacêuticos S.A;60.659.463/0029-92;315616198;08/04/2019;2019-04-08;similar
FURP-RIFAMPICINA;FUNDAÇÃO PARA O REMÉDIO POPULAR - FURP;43.640.754/0001-19;318121199;09/04/2019;2019-04-09;similar
omeprazol;Aché Laboratórios Farmacêuticos S.A;60.659.463/0029-92;328247193;11/04/2019;2019-04-11;generico
ALCACHOFRA MULTILAB;MULTILAB INDUSTRIA E COMERCIO DE PRODUTOS FARMACEUTICOS LTDA;92.265.552/0009-05;325008193;11/04/2019;2019-04-11;fitoterapico
BERITIN   BC;VITAMEDIC INDUSTRIA FARMACEUTICA LTDA;30.222.814/0001-31;333419198;12/04/2019;2019-04-12;similar
CARBOCIN;CIMED INDUSTRIA S.A;2814497000107;330418193;12/04/2019;2019-04-12;similar
aceclofenaco;1FARMA INDUSTRIA FARMACEUTICA LTDA;48.113.906/0001-49;331624196;12/04/2019;2019-04-12;generico
finasterida;VITAMEDIC INDUSTRIA FARMACEUTICA LTDA;30.222.814/0001-31;343586195;16/04/2019;2019-04-16;generico
CLORIDRATO DE TERBINAFINA;LABORATÓRIO TEUTO BRASILEIRO S/A;17.159.229/0001-76;348431199;17/04/2019;2019-04-17;generico
MICOSIL;LABORATÓRIO TEUTO BRASILEIRO S/A;17.159.229/0001-76;348434193;17/04/2019;2019-04-17;similar
ERITROMAX;BLAU FARMACÊUTICA S.A.;58.430.828/0001-60;358425199;22/04/2019;2019-04-22;similar
CITALOPRAM;SANDOZ DO BRASIL INDÚSTRIA FARMACÊUTICA LTDA;61.286.647/0001-16;361961193;23/04/2019;2019-04-23;generico
NITRENCORD;Aché Laboratórios Farmacêuticos S.A;60.659.463/0029-92;366903193;24/04/2019;2019-04-24;similar
SINERGEN;Aché Laboratórios Farmacêuticos S.A;60.659.463/0029-92;370988194;25/04/2019;2019-04-25;novo
ACETATO DE DEXAMETASONA;PRATI DONADUZZI & CIA LTDA;73.856.593/0001-66;370992192;25/04/2019;2019-04-25;generico
FUROSEMIDA;HALEX ISTAR INDÚSTRIA FARMACÊUTICA SA;1571702000198;375648193;26/04/2019;2019-04-26;generico
Fitobiloba;GEOLAB INDÚSTRIA FARMACÊUTICA S/A;3485572000104;382054198;29/04/2019;2019-04-29;fitoterapico
OLANZAPINA;LABORATORIO FARMACEUTICO DO ESTADO DE PERNAMBUCO GOVERNADOR MIGUEL ARRAES S/A - LAFEPE;10.877.926/0001-13;397635191;03/05/2019;2019-05-03;generico
EVOTECAN;FARMARIN INDUSTRIA E COMERCIO LTDA;58.635.830/0001-75;403404190;07/05/2019;2019-05-07;similar
INDUX;EMS SIGMA PHARMA LTDA;923140000131;407638199;07/05/2019;2019-05-07;similar
CEFANAXIL;LABORATÓRIO TEUTO BRASILEIRO S/A;17.159.229/0001-76;404197196;07/05/2019;2019-05-07;similar
ciprofibrato;VITAMEDIC INDUSTRIA FARMACEUTICA LTDA;30.222.814/0001-31;405115197;07/05/2019;2019-05-07;generico
BROMIFEN;BRAINFARMA INDÚSTRIA QUÍMICA E FARMACÊUTICA S.A;5161069000110;410111191;08/05/2019;2019-05-08;similar
cloridrato de amiodarona;GEOLAB INDÚSTRIA FARMACÊUTICA S/A;3485572000104;411709193;08/05/2019;2019-05-08;generico
Pentalac;UCI - FARMA INDÚSTRIA FARMACÊUTICA LTDA;48.396.378/0001-82;408809193;08/05/2019;2019-05-08;especifico
CLORIDRATO DE AMIODARONA;Aché Laboratórios Farmacêuticos S.A;60.659.463/0029-92;435179197;16/05/2019;2019-05-16;generico
LEMIFLOX;CIMED INDUSTRIA S.A;2814497000107;446326199;20/05/2019;2019-05-20;similar
diclofenaco dietilamônio;1FARMA INDUSTRIA FARMACEUTICA LTDA;48.113.906/0001-49;460097195;23/05/2019;2019-05-23;generico
FURP-SULFAMETOXAZOL + TRIMETOPRIMA;FUNDAÇÃO PARA O REMÉDIO POPULAR - FURP;43.640.754/0001-19;458475199;23/05/2019;2019-05-23;similar
ATROPION;BLAU FARMACÊUTICA S.A.;58.430.828/0001-60;473746196;28/05/2019;2019-05-28;similar
GLIBENCLAMIDA;Aché Laboratórios Farmacêuticos S.A;60.659.463/0029-92;474631197;28/05/2019;2019-05-28;generico
CETOCONAZOL;Aché Laboratórios Farmacêuticos S.A;60.659.463/0029-92;479927195;29/05/2019;2019-05-29;generico
ANTIDIN;LABORATÓRIO TEUTO BRASILEIRO S/A;17.159.229/0001-76;483512193;30/05/2019;2019-05-30;similar
GLICONATO DE CALCIO;BLAU FARMACÊUTICA S.A.;58.430.828/0001-60;484386190;30/05/2019;2019-05-30;especifico
FINASTERIDA;PRATI DONADUZZI & CIA LTDA;73.856.593/0001-66;490169190;01/06/2019;2019-06-01;generico
FLORAX;INFAN INDUSTRIA QUIMICA FARMACEUTICA NACIONAL S/A;8939548000103;496240191;04/06/2019;2019-06-04;novo
FINASTERIDA;Aché Laboratórios Farmacêuticos S.A;60.659.463/0029-92;497012198;04/06/2019;2019-06-04;generico
cloridrato de ciclobenzaprina;PRATI DONADUZZI & CIA LTDA;73.856.593/0001-66;502933193;06/06/2019;2019-06-06;generico
tobramicina + dexametasona;Aché Laboratórios Farmacêuticos S.A;60.659.463/0029-92;502463193;06/06/2019;2019-06-06;generico
MARFARIN;LABORATÓRIO TEUTO BRASILEIRO S/A;17.159.229/0001-76;504620193;06/06/2019;2019-06-06;similar
varfarina sódica;LABORATÓRIO TEUTO BRASILEIRO S/A;17.159.229/0001-76;503537196;06/06/2019;2019-06-06;generico
CARBOCISTEÍNA;GEOLAB INDÚSTRIA FARMACÊUTICA S/A;3485572000104;512796193;10/06/2019;2019-06-10;generico
VACINA ADSORVIDA MENINGOCÓCICA C (CONJUGADA);FUNDAÇÃO EZEQUIEL DIAS - FUNED;17.503.475/0001-01;513568191;10/06/2019;2019-06-10;biologico
CETOCONAZOL;Aché Laboratórios Farmacêuticos S.A;60.659.463/0029-92;518111199;11/06/2019;2019-06-11;generico
CARVEDILOL;FUNDAÇÃO PARA O REMÉDIO POPULAR - FURP;43.640.754/0001-19;521822195;12/06/2019;2019-06-12;generico
tinidazol + Nitrato de miconazol;COSMED INDUSTRIA DE COSMETICOS E MEDICAMENTOS S.A.;61.082.426/0002-07;552593194;24/06/2019;2019-06-24;generico
LEVOFLOXACINO;PRATI DONADUZZI & CIA LTDA;73.856.593/0001-66;552434192;24/06/2019;2019-06-24;generico
HECLIVIR;BRAINFARMA INDÚSTRIA QUÍMICA E FARMACÊUTICA S.A;5161069000110;557393199;25/06/2019;2019-06-25;similar
levofloxacino hemiidratado;GEOLAB INDÚSTRIA FARMACÊUTICA S/A;3485572000104;554243190;25/06/2019;2019-06-25;generico
MALEATO DE ENALAPRIL + HIDROCLOROTIAZIDA;Aché Laboratórios Farmacêuticos S.A;60.659.463/0029-92;559083193;26/06/2019;2019-06-26;generico
EUPRESSIN;Aché Laboratórios Farmacêuticos S.A;60.659.463/0029-92;585480196;03/07/2019;2019-07-03;similar
FILGRASTINE;BLAU FARMACÊUTICA S.A.;58.430.828/0001-60;590018192;04/07/2019;2019-07-04;biologico
CARBAMAZEPINA;Aché Laboratórios Farmacêuticos S.A;60.659.463/0029-92;593490197;05/07/2019;2019-07-05;generico
FINASTERIDA;Aché Laboratórios Farmacêuticos S.A;60.659.463/0029-92;591269195;05/07/2019;2019-07-05;generico
cetoconazol+dipropionato de betametasona+sulfato de neomicina;1FARMA INDUSTRIA FARMACEUTICA LTDA;48.113.906/0001-49;597365191;08/07/2019;2019-07-08;generico
Prolastin-C;GRIFOLS BRASIL LTDA;2513899000171;595880196;08/07/2019;2019-07-08;biologico
CITRICONEX;1FARMA INDUSTRIA FARMACEUTICA LTDA;48.113.906/0001-49;597324194;08/07/2019;2019-07-08;similar
DIMENIDRIN;VITAMEDIC INDUSTRIA FARMACEUTICA LTDA;30.222.814/0001-31;600871192;09/07/2019;2019-07-09;similar
ÁGUA PARA INJETÁVEIS;Samtec Biotecnologia Limitada;4459117000199;604353194;10/07/2019;2019-07-10;especifico
PÍLULAS DE ERVA DE BICHO COMPOSTAS IMESCARD;LABORATÓRIOS OSÓRIO DE MORAES LTDA;19.791.813/0001-75;608447198;11/07/2019;2019-07-11;fitoterapico
HEDERA 1Farma;1FARMA INDUSTRIA FARMACEUTICA LTDA;48.113.906/0001-49;617291191;15/07/2019;2019-07-15;fitoterapico
maleato de dexclorfeniramina + betametasona;Aché Laboratórios Farmacêuticos S.A;60.659.463/0029-92;630339191;18/07/2019;2019-07-18;generico
FLAXXIL;CIMED INDUSTRIA S.A;2814497000107;629040190;18/07/2019;2019-07-18;similar
BISSULFATO DE CLOPIDOGREL;FUNDAÇÃO PARA O REMÉDIO POPULAR - FURP;43.640.754/0001-19;635352195;19/07/2019;2019-07-19;generico
tobramicina;Aché Laboratórios Farmacêuticos S.A;60.659.463/0029-92;643689197;23/07/2019;2019-07-23;generico
MALEATO DE ENALAPRIL;Aché Laboratórios Farmacêuticos S.A;60.659.463/0029-92;644341199;23/07/2019;2019-07-23;generico
Valerato de betametasona+sulfato de gentamicina+tolnaftato+cloquinol;Aché Laboratórios Farmacêuticos S.A;60.659.463/0029-92;673900198;23/07/2019;2019-07-23;generico
LEVODOPA+CLORIDRATO DE BENSERAZIDA;Aché Laboratórios Farmacêuticos S.A;60.659.463/0029-92;772362198;24/07/2019;2019-07-24;generico
PEDIALYTE 45 ZINCO;ABBOTT LABORATÓRIOS DO BRASIL LTDA;56.998.701/0001-16;799132191;24/07/2019;2019-07-24;especifico
HIDROMED;CIMED INDUSTRIA S.A;2814497000107;1348844199;26/07/2019;2019-07-26;similar
ACU FRESH;GEOLAB INDÚSTRIA FARMACÊUTICA S/A;3485572000104;1373824191;26/07/2019;2019-07-26;especifico
DIPROZIL;CIMED INDUSTRIA S.A;2814497000107;1346601191;26/07/2019;2019-07-26;similar
MICETAL;Aché Laboratórios Farmacêuticos S.A;60.659.463/0029-92;1908156191;30/07/2019;2019-07-30;novo
GENFIBROZILA;Aché Laboratórios Farmacêuticos S.A;60.659.463/0029-92;1908645198;30/07/2019;2019-07-30;generico
CLORIDRATO DE ZIPRASIDONA;FUNDAÇÃO PARA O REMÉDIO POPULAR - FURP;43.640.754/0001-19;1906443198;30/07/2019;2019-07-30;generico
succinato sódico de metilprednisolona;BLAU FARMACÊUTICA S.A.;58.430.828/0001-60;1908031190;30/07/2019;2019-07-30;generico
dipirona monoidratada;UNITHER INDUSTRIA FARMACEUTICA LTDA.;4656253000179;1935975196;06/08/2019;2019-08-06;generico
CLOFEN S;1FARMA INDUSTRIA FARMACEUTICA LTDA;48.113.906/0001-49;1948442199;08/08/2019;2019-08-08;similar
CLORIDRATO DE METFORMINA;FUNDAÇÃO PARA O REMÉDIO POPULAR - FURP;43.640.754/0001-19;1948495190;08/08/2019;2019-08-08;generico
diclofenaco sódico;CIMED INDUSTRIA S.A;2814497000107;1954957191;09/08/2019;2019-08-09;generico
DICLOFENACO SODICO;1FARMA INDUSTRIA FARMACEUTICA LTDA;48.113.906/0001-49;1954973193;09/08/2019;2019-08-09;generico
METFORMED;CIMED INDUSTRIA S.A;2814497000107;1968435195;12/08/2019;2019-08-12;similar
ALIVPRESS;CIMED INDUSTRIA S.A;2814497000107;1968513191;12/08/2019;2019-08-12;similar
ISETIONATO DE HEXAMIDINA+CLORIDRATO DE TETRACAINA;Aché Laboratórios Farmacêuticos S.A;60.659.463/0029-92;1975310191;13/08/2019;2019-08-13;generico
EUPRESSIN H;Aché Laboratórios Farmacêuticos S.A;60.659.463/0029-92;1984189192;14/08/2019;2019-08-14;similar
DICLOFENACO RESINATO;GERMED FARMACEUTICA LTDA;45.992.062/0001-65;2007845195;19/08/2019;2019-08-19;generico
DICLOFENACO RESINATO;EMS S/A;57.507.378/0003-65;2007685191;19/08/2019;2019-08-19;generico
tartarato de brimonidina+maleato de timolol;BRAINFARMA INDÚSTRIA QUÍMICA E FARMACÊUTICA S.A;5161069000110;2010518195;19/08/2019;2019-08-19;generico
atenolol;AUROBINDO PHARMA INDÚSTRIA FARMACÊUTICA LIMITADA;4301884000175;2015100194;20/08/2019;2019-08-20;generico
candesartana cilexetila;SANDOZ DO BRASIL INDÚSTRIA FARMACÊUTICA LTDA;61.286.647/0001-16;2022679199;21/08/2019;2019-08-21;generico
topiramato;FUNDAÇÃO PARA O REMÉDIO POPULAR - FURP;43.640.754/0001-19;2039484195;23/08/2019;2019-08-23;generico
Reactine;JANSSEN - CILAG FARMACÊUTICA LTDA;51.780.468/0001-87;2051918194;26/08/2019;2019-08-26;novo
piperacilina sódica + tazobactam sódico;QUIMICA HALLER LTDA;33.036.815/0001-80;2052446193;26/08/2019;2019-08-26;generico
aciclovir;1FARMA INDUSTRIA FARMACEUTICA LTDA;48.113.906/0001-49;2057494191;27/08/2019;2019-08-27;generico
CLINDARIX;BLAU FARMACÊUTICA S.A.;58.430.828/0001-60;2075317199;29/08/2019;2019-08-29;similar
TIMOSOPT;BRAINFARMA INDÚSTRIA QUÍMICA E FARMACÊUTICA S.A;5161069000110;2083647193;30/08/2019;2019-08-30;similar
BEBEX N;GEOLAB INDÚSTRIA FARMACÊUTICA S/A;3485572000104;2104209198;03/09/2019;2019-09-03;similar
Captomed;CIMED INDUSTRIA S.A;2814497000107;2103164199;03/09/2019;2019-09-03;similar
ATROFEM;COSMED INDUSTRIA DE COSMETICOS E MEDICAMENTOS S.A.;61.082.426/0002-07;2110760192;04/09/2019;2019-09-04;similar
CLORIDRATO DE RANITIDINA;LABORATÓRIO TEUTO BRASILEIRO S/A;17.159.229/0001-76;2110788192;04/09/2019;2019-09-04;generico
AMOXICILINA TRIHIDRATADA;1FARMA INDUSTRIA FARMACEUTICA LTDA;48.113.906/0001-49;2140415191;10/09/2019;2019-09-10;generico
genfibrozila;FUNDAÇÃO PARA O REMÉDIO POPULAR - FURP;43.640.754/0001-19;2139847190;10/09/2019;2019-09-10;generico
CLORIDRATO DE RANITIDINA;NATIVITA IND. COM. LTDA.;65.271.900/0001-19;2163527197;13/09/2019;2019-09-13;generico
FENAFLAN;LABORATÓRIO TEUTO BRASILEIRO S/A;17.159.229/0001-76;2167784191;13/09/2019;2019-09-13;similar
Ventia;PANAMERICAN MEDICAL SUPPLY SUPRIMENTOS MÉDICOS LTDA;1329816000126;2168488190;13/09/2019;2019-09-13;biologico
CARBOTRAT;NATIVITA IND. COM. LTDA.;65.271.900/0001-19;2191600194;17/09/2019;2019-09-17;similar
DICLOFENACO SÓDICO;HALEX ISTAR INDÚSTRIA FARMACÊUTICA SA;1571702000198;2202350190;18/09/2019;2019-09-18;generico
HICONAZOL;HALEX ISTAR INDÚSTRIA FARMACÊUTICA SA;1571702000198;2201550197;18/09/2019;2019-09-18;similar
IVB - INSULINA ISOFANA NPH;INSTITUTO VITAL BRAZIL S/A;30.064.034/0001-00;2250123191;24/09/2019;2019-09-24;biologico
DIPIRONA SODICA;THEODORO F SOBRAL & CIA LTDA;6597801000162;2249569190;24/09/2019;2019-09-24;generico
DIPIDOR;THEODORO F SOBRAL & CIA LTDA;6597801000162;2256745193;25/09/2019;2019-09-25;similar
carbamazepina;CRISTÁLIA PRODUTOS QUÍMICOS FARMACÊUTICOS LTDA.;44.734.671/0001-51;2259700190;25/09/2019;2019-09-25;generico
IVB - INSULINA HUMANA R;INSTITUTO VITAL BRAZIL S/A;30.064.034/0001-00;2256854199;25/09/2019;2019-09-25;biologico
Paracetamol;NATIVITA IND. COM. LTDA.;65.271.900/0001-19;2295088195;30/09/2019;2019-09-30;generico
DVITTA;PRATI DONADUZZI & CIA LTDA;73.856.593/0001-66;2324901193;03/10/2019;2019-10-03;especifico
CLORIDRATO DE SERTRALINA;BRAINFARMA INDÚSTRIA QUÍMICA E FARMACÊUTICA S.A;5161069000110;2324905196;03/10/2019;2019-10-03;generico
ampicilina;PRATI DONADUZZI & CIA LTDA;73.856.593/0001-66;2369166192;07/10/2019;2019-10-07;generico
CILINON;BLAU FARMACÊUTICA S.A.;58.430.828/0001-60;2371162191;07/10/2019;2019-10-07;similar
STARFOR C;NATULAB LABORATÓRIO S.A;2456955000183;2403154192;09/10/2019;2019-10-09;especifico
MUCOXOLAN;LABORATÓRIO TEUTO BRASILEIRO S/A;17.159.229/0001-76;2400369197;09/10/2019;2019-10-09;similar
CLORIDRATO DE AMBROXOL;LABORATÓRIO TEUTO BRASILEIRO S/A;17.159.229/0001-76;2400207191;09/10/2019;2019-10-09;generico
CAMPTRIX;LABORATÓRIO QUÍMICO FARMACÊUTICO BERGAMO LTDA;61.282.661/0001-41;2422173192;10/10/2019;2019-10-10;similar
PARACETAMOL;UNITHER INDUSTRIA FARMACEUTICA LTDA.;4656253000179;2442999196;11/10/2019;2019-10-11;generico
FLUCONAZOL;1FARMA INDUSTRIA FARMACEUTICA LTDA;48.113.906/0001-49;2448472195;11/10/2019;2019-10-11;generico
FATOR IX GRIFOLS;GRIFOLS BRASIL LTDA;2513899000171;2447069194;11/10/2019;2019-10-11;biologico
OLANZAPINA;AUROBINDO PHARMA INDÚSTRIA FARMACÊUTICA LIMITADA;4301884000175;2499163195;15/10/2019;2019-10-15;generico
LISINOPRIL;AUROBINDO PHARMA INDÚSTRIA FARMACÊUTICA LIMITADA;4301884000175;2499146195;15/10/2019;2019-10-15;generico
NIMESULIDA;1FARMA INDUSTRIA FARMACEUTICA LTDA;48.113.906/0001-49;2506822199;16/10/2019;2019-10-16;generico
CLORIDRATO DE AMBROXOL;UNITHER INDUSTRIA FARMACEUTICA LTDA.;4656253000179;2521934191;17/10/2019;2019-10-17;generico
cloridrato de tramadol + paracetamol;Aché Laboratórios Farmacêuticos S.A;60.659.463/0029-92;2582282199;24/10/2019;2019-10-24;generico
LYSTATE;GLENMARK FARMACÊUTICA LTDA;44.363.661/0001-57;2591697191;25/10/2019;2019-10-25;similar
CLORIDRATO DE DONEPEZILA;CRISTÁLIA PRODUTOS QUÍMICOS FARMACÊUTICOS LTDA.;44.734.671/0001-51;2639204196;30/10/2019;2019-10-30;generico
desloratadina;1FARMA INDUSTRIA FARMACEUTICA LTDA;48.113.906/0001-49;2668423193;01/11/2019;2019-11-01;generico
B -PLATIN;BLAU FARMACÊUTICA S.A.;58.430.828/0001-60;3036009199;04/11/2019;2019-11-04;similar
MAXIVIEW;GEOLAB INDÚSTRIA FARMACÊUTICA S/A;3485572000104;2691478196;04/11/2019;2019-11-04;similar
DEXAMETASONA+SULFATO DE NEOMICINA+SULFATO DE POLIMIXINA B;GEOLAB INDÚSTRIA FARMACÊUTICA S/A;3485572000104;2691559196;04/11/2019;2019-11-04;generico
BACINA;BELFAR LTDA;18.324.343/0001-77;3053477191;06/11/2019;2019-11-06;similar
GELLAT;VITAMEDIC INDUSTRIA FARMACEUTICA LTDA;30.222.814/0001-31;3107442191;11/11/2019;2019-11-11;especifico
TERMOL;UNIÃO QUÍMICA FARMACÊUTICA NACIONAL S/A;60.665.981/0001-18;3119074190;12/11/2019;2019-11-12;similar
LEVOFLOXACINO HEMIIDRATADO;EUROFARMA LABORATÓRIOS S.A.;61.190.096/0001-92;3146330194;14/11/2019;2019-11-14;generico
LORATADINA;GEOLAB INDÚSTRIA FARMACÊUTICA S/A;3485572000104;3148206196;14/11/2019;2019-11-14;generico
LORITIL;GEOLAB INDÚSTRIA FARMACÊUTICA S/A;3485572000104;3148134195;14/11/2019;2019-11-14;similar
DUO-DECADRON;Aché Laboratórios Farmacêuticos S.A;60.659.463/0029-92;3174110190;18/11/2019;2019-11-18;similar
ALPHANATE;GRIFOLS BRASIL LTDA;2513899000171;3179725193;18/11/2019;2019-11-18;biologico
CEFALOTINA SÓDICA;BLAU FARMACÊUTICA S.A.;58.430.828/0001-60;3189643190;19/11/2019;2019-11-19;generico
CEFARISTON;BLAU FARMACÊUTICA S.A.;58.430.828/0001-60;3191265196;19/11/2019;2019-11-19;similar
ARISTOPRAMIDA;BLAU FARMACÊUTICA S.A.;58.430.828/0001-60;3192087190;19/11/2019;2019-11-19;similar
FAZOLON;BLAU FARMACÊUTICA S.A.;58.430.828/0001-60;3200559198;20/11/2019;2019-11-20;similar
ACIDO ZOLEDRONICO;BLAU FARMACÊUTICA S.A.;58.430.828/0001-60;3213856193;21/11/2019;2019-11-21;generico
DINE;SUPERA FARMA LABORATÓRIOS S.A;43.312.503/0001-05;3263784195;26/11/2019;2019-11-26;similar
cloridrato de sertralina;FUNDAÇÃO PARA O REMÉDIO POPULAR - FURP;43.640.754/0001-19;3302628199;29/11/2019;2019-11-29;generico
LORATADINA;BRAINFARMA INDÚSTRIA QUÍMICA E FARMACÊUTICA S.A;5161069000110;3302471195;29/11/2019;2019-11-29;generico
TILOXINEO;BRAINFARMA INDÚSTRIA QUÍMICA E FARMACÊUTICA S.A;5161069000110;3298301198;29/11/2019;2019-11-29;similar
SULFATO DE NEOMICINA;PRATI DONADUZZI & CIA LTDA;73.856.593/0001-66;3295696197;29/11/2019;2019-11-29;generico
OCITOCINA;BLAU FARMACÊUTICA S.A.;58.430.828/0001-60;3364447191;05/12/2019;2019-12-05;generico
CANDORAL;Aché Laboratórios Farmacêuticos S.A;60.659.463/0029-92;3374734192;06/12/2019;2019-12-06;similar
BROMUC;BLAU FARMACÊUTICA S.A.;58.430.828/0001-60;3375538198;06/12/2019;2019-12-06;similar
PROFOLEN;BLAU FARMACÊUTICA S.A.;58.430.828/0001-60;3407385190;10/12/2019;2019-12-10;similar
propofol;BLAU FARMACÊUTICA S.A.;58.430.828/0001-60;3407847199;10/12/2019;2019-12-10;generico
CLORIDRATO DE GENCITABINA;BLAU FARMACÊUTICA S.A.;58.430.828/0001-60;3436845191;12/12/2019;2019-12-12;generico
acetilcisteina;BLAU FARMACÊUTICA S.A.;58.430.828/0001-60;3435471199;12/12/2019;2019-12-12;generico
STOMALIV;GEOLAB INDÚSTRIA FARMACÊUTICA S/A;3485572000104;3437770191;12/12/2019;2019-12-12;especifico
OPRAZON;BLAU FARMACÊUTICA S.A.;58.430.828/0001-60;3446308199;13/12/2019;2019-12-13;similar
EPÓSIDO;BLAU FARMACÊUTICA S.A.;58.430.828/0001-60;3446015192;13/12/2019;2019-12-13;similar
cloridrato de lidocaína;BLAU FARMACÊUTICA S.A.;58.430.828/0001-60;3474610192;16/12/2019;2019-12-16;generico
TIOCOLCHICOSÍDEO;BLAU FARMACÊUTICA S.A.;58.430.828/0001-60;3473114198;16/12/2019;2019-12-16;generico
AREBLAZ;CIMED INDUSTRIA S.A;2814497000107;3482989190;17/12/2019;2019-12-17;similar
aero-ifal;IFAL INDUSTRIA E COMERCIO DE PRODUTOS FARMAC LTDA;376959000126;3511525194;19/12/2019;2019-12-19;similar
ezetimiba;BRAINFARMA INDÚSTRIA QUÍMICA E FARMACÊUTICA S.A;5161069000110;3510124195;19/12/2019;2019-12-19;generico
Onaz;PRATI DONADUZZI & CIA LTDA;73.856.593/0001-66;3525259196;20/12/2019;2019-12-20;similar
CLORIDRATO DE CIPROFLOXACINO;1FARMA INDUSTRIA FARMACEUTICA LTDA;48.113.906/0001-49;119738200;13/01/2020;2020-01-13;generico
ESPASLIT DUO;GEOLAB INDÚSTRIA FARMACÊUTICA S/A;3485572000104;156699207;16/01/2020;2020-01-16;similar
Cloridrato de ciprofloxacino;LEGRAND PHARMA INDÚSTRIA FARMACÊUTICA LTDA;5044984000126;300511209;30/01/2020;2020-01-30;generico
CEFALEXINA;ANTIBIÓTICOS DO BRASIL LTDA;5439635000103;351555209;04/02/2020;2020-02-04;generico
Dupla;CRISTÁLIA PRODUTOS QUÍMICOS FARMACÊUTICOS LTDA.;44.734.671/0001-51;365610201;05/02/2020;2020-02-05;novo
ENJOY;PHARMASCIENCE INDÚSTRIA FARMACÊUTICA LTDA;25.773.037/0001-83;361410207;05/02/2020;2020-02-05;similar
atenolol;PRATI DONADUZZI & CIA LTDA;73.856.593/0001-66;377717201;06/02/2020;2020-02-06;generico
ALPROXY;OPEM REPRESENTAÇÃO IMPORTADORA EXPORTADORA E DISTRIBUIDORA LTDA;38.909.503/0001-57;462612205;14/02/2020;2020-02-14;novo
UNI-HIOSCIN;UNIÃO QUÍMICA FARMACÊUTICA NACIONAL S/A;60.665.981/0001-18;500615205;18/02/2020;2020-02-18;similar
Butilbrometo de escopolamina;UNIÃO QUÍMICA FARMACÊUTICA NACIONAL S/A;60.665.981/0001-18;526915206;20/02/2020;2020-02-20;generico
atenolol;GEOLAB INDÚSTRIA FARMACÊUTICA S/A;3485572000104;542816205;21/02/2020;2020-02-21;similar
metronidazol;BELFAR LTDA;18.324.343/0001-77;540780200;21/02/2020;2020-02-21;generico
BENZODERM;PHARMASCIENCE INDÚSTRIA FARMACÊUTICA LTDA;25.773.037/0001-83;542657200;21/02/2020;2020-02-21;similar
ETOMIDATO;BLAU FARMACÊUTICA S.A.;58.430.828/0001-60;582227201;26/02/2020;2020-02-26;generico
MESNA;BLAU FARMACÊUTICA S.A.;58.430.828/0001-60;589721201;27/02/2020;2020-02-27;generico
cloridrato de propranolol;1FARMA INDUSTRIA FARMACEUTICA LTDA;48.113.906/0001-49;670219208;05/03/2020;2020-03-05;generico
PROPRAMED;CIMED INDUSTRIA S.A;2814497000107;668619202;05/03/2020;2020-03-05;similar
LINATRON;BLAU FARMACÊUTICA S.A.;58.430.828/0001-60;667264207;05/03/2020;2020-03-05;similar
Diclofenaco potássico;GEOLAB INDÚSTRIA FARMACÊUTICA S/A;3485572000104;687480201;06/03/2020;2020-03-06;generico
BACTROPIN;CIMED INDUSTRIA S.A;2814497000107;741197209;11/03/2020;2020-03-11;similar
sulfametoxazol + trimetoprima;CIMED INDUSTRIA S.A;2814497000107;751273202;12/03/2020;2020-03-12;generico
MIPRINAX;CIMED INDUSTRIA S.A;2814497000107;829998206;19/03/2020;2020-03-19;similar
CETOMED;CIMED INDUSTRIA S.A;2814497000107;870213206;23/03/2020;2020-03-23;similar
MALEATO DE DEXCLORFENIRAMINA + BETAMETASONA;1FARMA INDUSTRIA FARMACEUTICA LTDA;48.113.906/0001-49;882585208;24/03/2020;2020-03-24;generico
CETOCONAZOL;1FARMA INDUSTRIA FARMACEUTICA LTDA;48.113.906/0001-49;886647203;24/03/2020;2020-03-24;generico
tadalafila;LABORATÓRIO TEUTO BRASILEIRO S/A;17.159.229/0001-76;896627203;25/03/2020;2020-03-25;generico
SORO ANTIBOTRÓPICO;FUNDAÇÃO EZEQUIEL DIAS - FUNED;17.503.475/0001-01;910247207;26/03/2020;2020-03-26;biologico
Soro Antibotrópico/Crotálico;FUNDAÇÃO EZEQUIEL DIAS - FUNED;17.503.475/0001-01;912097201;26/03/2020;2020-03-26;biologico
Soro Antielapídico;FUNDAÇÃO EZEQUIEL DIAS - FUNED;17.503.475/0001-01;914087205;26/03/2020;2020-03-26;biologico
SORO ANTIESCORPIÔNICO;FUNDAÇÃO EZEQUIEL DIAS - FUNED;17.503.475/0001-01;914212206;26/03/2020;2020-03-26;biologico
Soro Antibotrópico/Laquético;FUNDAÇÃO EZEQUIEL DIAS - FUNED;17.503.475/0001-01;912304201;26/03/2020;2020-03-26;biologico
Soro Anticrotálico;FUNDAÇÃO EZEQUIEL DIAS - FUNED;17.503.475/0001-01;912680205;26/03/2020;2020-03-26;biologico
SORO ANTI-RÁBICO;FUNDAÇÃO EZEQUIEL DIAS - FUNED;17.503.475/0001-01;921452206;27/03/2020;2020-03-27;biologico
Soro Antitetânico;FUNDAÇÃO EZEQUIEL DIAS - FUNED;17.503.475/0001-01;921572207;27/03/2020;2020-03-27;biologico
CLORIDRATO DE RANITIDINA;CIMED INDUSTRIA S.A;2814497000107;919008202;27/03/2020;2020-03-27;generico
CLORIDRATO DE RANITIDINA;1FARMA INDUSTRIA FARMACEUTICA LTDA;48.113.906/0001-49;919112207;27/03/2020;2020-03-27;generico
ULCEROCIN;CIMED INDUSTRIA S.A;2814497000107;919017201;27/03/2020;2020-03-27;similar
ATENOLOL;CIMED INDUSTRIA S.A;2814497000107;977500205;01/04/2020;2020-04-01;generico
atenolol;1FARMA INDUSTRIA FARMACEUTICA LTDA;48.113.906/0001-49;977862204;01/04/2020;2020-04-01;generico
PARAMOL;BELFAR LTDA;18.324.343/0001-77;1008338203;03/04/2020;2020-04-03;similar
losartana potássica;RANBAXY FARMACÊUTICA LTDA;73.663.650/0001-90;1118792201;13/04/2020;2020-04-13;generico
diclofenaco potássico;1FARMA INDUSTRIA FARMACEUTICA LTDA;48.113.906/0001-49;1119152200;13/04/2020;2020-04-13;generico
levofloxacino;1FARMA INDUSTRIA FARMACEUTICA LTDA;48.113.906/0001-49;1118958204;13/04/2020;2020-04-13;generico
DRENOGRIP;BELFAR LTDA;18.324.343/0001-77;1114695208;13/04/2020;2020-04-13;similar
cetoconazol;PRATI DONADUZZI & CIA LTDA;73.856.593/0001-66;1140302201;15/04/2020;2020-04-15;generico
furosemida;BLAU FARMACÊUTICA S.A.;58.430.828/0001-60;1147320207;15/04/2020;2020-04-15;generico
bissulfato de clopidogrel;1FARMA INDUSTRIA FARMACEUTICA LTDA;48.113.906/0001-49;1181429202;17/04/2020;2020-04-17;generico
BISSULFATO DE CLOPIDOGREL;CIMED INDUSTRIA S.A;2814497000107;1180968200;17/04/2020;2020-04-17;generico
DOGRELIX;CIMED INDUSTRIA S.A;2814497000107;1181298202;17/04/2020;2020-04-17;similar
FUMARATO DE TENOFOVIR DESOPROXILA;CRISTÁLIA PRODUTOS QUÍMICOS FARMACÊUTICOS LTDA.;44.734.671/0001-51;1249704205;23/04/2020;2020-04-23;generico
ACICLOVIR;PRATI DONADUZZI & CIA LTDA;73.856.593/0001-66;1251157209;23/04/2020;2020-04-23;generico
TROPINAL;EMS SIGMA PHARMA LTDA;923140000131;1328518201;29/04/2020;2020-04-29;similar
PARACETAMOL;MULTILAB INDUSTRIA E COMERCIO DE PRODUTOS FARMACEUTICOS LTDA;92.265.552/0009-05;1339277208;30/04/2020;2020-04-30;generico
DORSANOL;MULTILAB INDUSTRIA E COMERCIO DE PRODUTOS FARMACEUTICOS LTDA;92.265.552/0009-05;1338907206;30/04/2020;2020-04-30;similar
metildopa;PRATI DONADUZZI & CIA LTDA;73.856.593/0001-66;1411728202;06/05/2020;2020-05-06;generico
fosfato sódico de prednisolona;EUROFARMA LABORATÓRIOS S.A.;61.190.096/0001-92;1434993201;08/05/2020;2020-05-08;generico
FLAXXIL;CIMED INDUSTRIA S.A;2814497000107;1440021209;08/05/2020;2020-05-08;similar
ÁGUA PARA INJEÇÃO;LABORATÓRIO TEUTO BRASILEIRO S/A;17.159.229/0001-76;1525559200;15/05/2020;2020-05-15;especifico
AORTT;LABORATÓRIO FARMACÊUTICO VITAMED LTDA;29.346.301/0001-53;1556067208;18/05/2020;2020-05-18;similar
cloridrato de ondansetrona;BLAU FARMACÊUTICA S.A.;58.430.828/0001-60;1558644208;18/05/2020;2020-05-18;generico
COLIS-TEK;OPEM REPRESENTAÇÃO IMPORTADORA EXPORTADORA E DISTRIBUIDORA LTDA;38.909.503/0001-57;1557803208;18/05/2020;2020-05-18;novo
FINASTERIDA;LABORATÓRIO TEUTO BRASILEIRO S/A;17.159.229/0001-76;1639770203;25/05/2020;2020-05-25;generico
ENXAK;CAZI QUIMICA FARMACEUTICA INDUSTRIA E COMERCIO LTDA;44.010.437/0001-81;1681731201;28/05/2020;2020-05-28;similar
Halexminophen;HALEX ISTAR INDÚSTRIA FARMACÊUTICA SA;1571702000198;1696979201;29/05/2020;2020-05-29;novo
Halexminophen;HALEX ISTAR INDÚSTRIA FARMACÊUTICA SA;1571702000198;1731417208;01/06/2020;2020-06-01;novo
SEVCLOT;CRISTÁLIA PRODUTOS QUÍMICOS FARMACÊUTICOS LTDA.;44.734.671/0001-51;1754745208;03/06/2020;2020-06-03;similar
pemetrexede dissódico hemipentaidratado;BLAU FARMACÊUTICA S.A.;58.430.828/0001-60;1757436206;03/06/2020;2020-06-03;generico
HELLEVA;CRISTÁLIA PRODUTOS QUÍMICOS FARMACÊUTICOS LTDA.;44.734.671/0001-51;1780653204;05/06/2020;2020-06-05;novo
PLAVOM;CIMED INDUSTRIA S.A;2814497000107;1815065209;08/06/2020;2020-06-08;similar
IBUPROFENO;GEOLAB INDÚSTRIA FARMACÊUTICA S/A;3485572000104;1825168204;09/06/2020;2020-06-09;generico
azitromicina monoidratada;QUIMICA HALLER LTDA;33.036.815/0001-80;1862282208;12/06/2020;2020-06-12;generico
tadalafila;GEOLAB INDÚSTRIA FARMACÊUTICA S/A;3485572000104;1911117207;16/06/2020;2020-06-16;generico
TADALAFILA;PRATI DONADUZZI & CIA LTDA;73.856.593/0001-66;1927471208;17/06/2020;2020-06-17;generico
captopril;BELFAR LTDA;18.324.343/0001-77;1939579205;18/06/2020;2020-06-18;generico
SOFTALM;COSMED INDUSTRIA DE COSMETICOS E MEDICAMENTOS S.A.;61.082.426/0002-07;1995441207;23/06/2020;2020-06-23;similar
FUNGITRIN;VITAMEDIC INDUSTRIA FARMACEUTICA LTDA;30.222.814/0001-31;2079088201;29/06/2020;2020-06-29;similar
PRYMOX;LABORATÓRIO FARMACÊUTICO VITAMED LTDA;29.346.301/0001-53;2121716205;02/07/2020;2020-07-02;fitoterapico
cloridrato de ranitidina;FARMACE INDÚSTRIA QUÍMICO-FARMACÊUTICA CEARENSE LTDA;6628333000146;2121734203;02/07/2020;2020-07-02;generico
RACECADOTRILA;Aché Laboratórios Farmacêuticos S.A;60.659.463/0029-92;2168604201;06/07/2020;2020-07-06;generico
Alivium;COSMED INDUSTRIA DE COSMETICOS E MEDICAMENTOS S.A.;61.082.426/0002-07;2182927206;07/07/2020;2020-07-07;similar
VALERINATI;PHARMASCIENCE INDÚSTRIA FARMACÊUTICA LTDA;25.773.037/0001-83;2194748201;08/07/2020;2020-07-08;fitoterapico
PROSTOKOS;INFAN INDUSTRIA QUIMICA FARMACEUTICA NACIONAL S/A;8939548000103;2207468206;09/07/2020;2020-07-09;novo
SUCCITRAT;BLAU FARMACÊUTICA S.A.;58.430.828/0001-60;2210078204;09/07/2020;2020-07-09;similar
ácido acetilsalicílico;1FARMA INDUSTRIA FARMACEUTICA LTDA;48.113.906/0001-49;2259131201;13/07/2020;2020-07-13;generico
ONTRAX;BLAU FARMACÊUTICA S.A.;58.430.828/0001-60;2263938201;13/07/2020;2020-07-13;similar
VITAXON C;AIRELA INDÚSTRIA FARMACÊUTICA LTDA.;1858973000129;2290841202;15/07/2020;2020-07-15;especifico
SINVAX;GEOLAB INDÚSTRIA FARMACÊUTICA S/A;3485572000104;2303487204;16/07/2020;2020-07-16;similar
aciclovir sódico;BLAU FARMACÊUTICA S.A.;58.430.828/0001-60;2362965207;20/07/2020;2020-07-20;generico
fenofibrato;CIMED INDUSTRIA S.A;2814497000107;2358262206;20/07/2020;2020-07-20;generico
M-LIX;COSMED INDUSTRIA DE COSMETICOS E MEDICAMENTOS S.A.;61.082.426/0002-07;2407107202;23/07/2020;2020-07-23;similar
tadalafila;PHARLAB INDÚSTRIA FARMACÊUTICA S.A.;2501297000102;2406622202;23/07/2020;2020-07-23;generico
CLORETO DE SÓDIO;HALEX ISTAR INDÚSTRIA FARMACÊUTICA SA;1571702000198;2476590202;28/07/2020;2020-07-28;especifico
ÁGUA PARA INJEÇÃO;HALEX ISTAR INDÚSTRIA FARMACÊUTICA SA;1571702000198;2476411206;28/07/2020;2020-07-28;especifico
RINGER COM LACTATO;HALEX ISTAR INDÚSTRIA FARMACÊUTICA SA;1571702000198;2493014208;29/07/2020;2020-07-29;especifico
RINGER;HALEX ISTAR INDÚSTRIA FARMACÊUTICA SA;1571702000198;2493003202;29/07/2020;2020-07-29;especifico
DIVELOL;LABORATÓRIOS BALDACCI LTDA;61.150.447/0001-31;2519601204;31/07/2020;2020-07-31;similar
Cefadroxila;SANDOZ DO BRASIL INDÚSTRIA FARMACÊUTICA LTDA;61.286.647/0001-16;2674160201;11/08/2020;2020-08-11;generico
bezafibrato;GLENMARK FARMACÊUTICA LTDA;44.363.661/0001-57;2697214200;13/08/2020;2020-08-13;generico
diclofenaco sódico;Aché Laboratórios Farmacêuticos S.A;60.659.463/0029-92;2700736207;13/08/2020;2020-08-13;generico
LQFEX - CLOROQUINA;LABORATÓRIO QUÍMICO FARMACÊUTICO DO EXÉRCITO;394452000103;2848587204;24/08/2020;2020-08-24;similar
CLORIDRATO DE FEXOFENADINA;1FARMA INDUSTRIA FARMACEUTICA LTDA;48.113.906/0001-49;2864936202;25/08/2020;2020-08-25;generico
FENAXXE;CIMED INDUSTRIA S.A;2814497000107;2864550202;25/08/2020;2020-08-25;similar
GINKGO VITAL;PRATI DONADUZZI & CIA LTDA;73.856.593/0001-66;2910801202;28/08/2020;2020-08-28;fitoterapico
HALEX ISTAR SOLUÇÃO GLICOFISIOLÓGICA;HALEX ISTAR INDÚSTRIA FARMACÊUTICA SA;1571702000198;2943701206;31/08/2020;2020-08-31;especifico
ENCRISE;BIOLAB SANUS FARMACÊUTICA LTDA;49.475.833/0001-06;2943564201;31/08/2020;2020-08-31;novo
MOMATE;GLENMARK FARMACÊUTICA LTDA;44.363.661/0001-57;2985337201;03/09/2020;2020-09-03;similar
ALFAESTRADIOL;LABORATÓRIO QUÍMICO FARMACÊUTICO BERGAMO LTDA;61.282.661/0001-41;2999379202;04/09/2020;2020-09-04;generico
bromidrato de galantamina;LABORATÓRIO QUÍMICO FARMACÊUTICO BERGAMO LTDA;61.282.661/0001-41;3047252201;08/09/2020;2020-09-08;generico
ISOVIT;LABORATÓRIO FARMACÊUTICO VITAMED LTDA;29.346.301/0001-53;3074804206;10/09/2020;2020-09-10;fitoterapico
LEVOFLOXACINO HEMI- HIDRATADO;HALEX ISTAR INDÚSTRIA FARMACÊUTICA SA;1571702000198;3091719201;11/09/2020;2020-09-11;generico
cloridrato de dexmedetomidina;SANVAL COMÉRCIO E INDÚSTRIA LTDA;61.068.755/0001-12;3156407201;16/09/2020;2020-09-16;generico
MALEATO DE DEXCLORFENIRAMINA;PRATI DONADUZZI & CIA LTDA;73.856.593/0001-66;3179285205;18/09/2020;2020-09-18;generico
TRESSLIV 600 C/ZINCO;CIFARMA CIENTÍFICA FARMACÊUTICA LTDA;17.562.075/0001-69;3229007201;22/09/2020;2020-09-22;especifico
NIMESULIX;LABORATÓRIO TEUTO BRASILEIRO S/A;17.159.229/0001-76;3250667208;23/09/2020;2020-09-23;similar
TARGIFOR;SANOFI MEDLEY FARMACÊUTICA LTDA.;10.588.595/0010-92;3317673206;28/09/2020;2020-09-28;especifico
ibandronato de sódio;Althaia S.A Indústria Farmacêutica;48.344.725/0007-19;3316102200;28/09/2020;2020-09-28;generico
TENAVIT;MARJAN INDÚSTRIA E COMÉRCIO LTDA;60.726.692/0001-81;3318679201;28/09/2020;2020-09-28;especifico
CIPROFLOXACINO;HALEX ISTAR INDÚSTRIA FARMACÊUTICA SA;1571702000198;3319068202;28/09/2020;2020-09-28;generico
TARGIFOR C;SANOFI MEDLEY FARMACÊUTICA LTDA.;10.588.595/0010-92;3352995207;30/09/2020;2020-09-30;especifico
MUCOSOLVAN;SANOFI MEDLEY FARMACÊUTICA LTDA.;10.588.595/0010-92;3353490200;30/09/2020;2020-09-30;novo
AZITROMICINA;PRATI DONADUZZI & CIA LTDA;73.856.593/0001-66;3354920206;30/09/2020;2020-09-30;generico
CEWIN;SANOFI MEDLEY FARMACÊUTICA LTDA.;10.588.595/0010-92;3353620201;30/09/2020;2020-09-30;especifico
SORBITOL + MANITOL;HALEX ISTAR INDÚSTRIA FARMACÊUTICA SA;1571702000198;3370457201;01/10/2020;2020-10-01;especifico
IRESSA;ASTRAZENECA DO BRASIL LTDA;60.318.797/0001-00;3380485201;02/10/2020;2020-10-02;novo
AMARYL;SANOFI MEDLEY FARMACÊUTICA LTDA.;10.588.595/0010-92;3384989207;02/10/2020;2020-10-02;novo
VALTREX;GLAXOSMITHKLINE BRASIL LTDA;33.247.743/0001-10;3381680208;02/10/2020;2020-10-02;novo
HAVRIX;GLAXOSMITHKLINE BRASIL LTDA;33.247.743/0001-10;3437043209;06/10/2020;2020-10-06;novo
Levolukast;GLENMARK FARMACÊUTICA LTDA;44.363.661/0001-57;3431626204;06/10/2020;2020-10-06;novo
GLIBENECK;1FARMA INDUSTRIA FARMACEUTICA LTDA;48.113.906/0001-49;3446968201;07/10/2020;2020-10-07;similar
Azilect;TEVA FARMACÊUTICA LTDA.;5333542000108;3460936209;08/10/2020;2020-10-08;novo
WOSULIN 70/30;GERAIS, COMÉRCIO E IMPORTAÇÃO DE MATERIAIS E EQUIPAMENTOS MEDICOS LTDA;4491780000170;3553933200;14/10/2020;2020-10-14;biologico
DEPURA;SANOFI MEDLEY FARMACÊUTICA LTDA.;10.588.595/0010-92;3583600208;16/10/2020;2020-10-16;especifico
AMICORED;CASULA & VASCONCELOS INDÚSTRIA FARMACÊUTICA E COMÉRCIO LTDA;5155425000193;3626744209;19/10/2020;2020-10-19;especifico
ACESYL;CASULA & VASCONCELOS INDÚSTRIA FARMACÊUTICA E COMÉRCIO LTDA;5155425000193;3624811208;19/10/2020;2020-10-19;especifico
Tartarato de metoprolol;PRATI DONADUZZI & CIA LTDA;73.856.593/0001-66;3624399200;19/10/2020;2020-10-19;generico
TOUJEO;SANOFI MEDLEY FARMACÊUTICA LTDA.;10.588.595/0010-92;3620167207;19/10/2020;2020-10-19;biologico
ACETATO DE SÓDIO;CASULA & VASCONCELOS INDÚSTRIA FARMACÊUTICA E COMÉRCIO LTDA;5155425000193;3624946207;19/10/2020;2020-10-19;especifico
SULFATO DE ZINCO;CASULA & VASCONCELOS INDÚSTRIA FARMACÊUTICA E COMÉRCIO LTDA;5155425000193;3641814205;20/10/2020;2020-10-20;especifico
PROCORALAN;LABORATÓRIOS SERVIER DO BRASIL LTDA;42.374.207/0001-76;3642452208;20/10/2020;2020-10-20;novo
OLIG-TRAT;CASULA & VASCONCELOS INDÚSTRIA FARMACÊUTICA E COMÉRCIO LTDA;5155425000193;3641056200;20/10/2020;2020-10-20;especifico
SELENOZ;CASULA & VASCONCELOS INDÚSTRIA FARMACÊUTICA E COMÉRCIO LTDA;5155425000193;3641179205;20/10/2020;2020-10-20;especifico
CLORETO DE CÁLCIO 10%;CASULA & VASCONCELOS INDÚSTRIA FARMACÊUTICA E COMÉRCIO LTDA;5155425000193;3640311203;20/10/2020;2020-10-20;especifico
SULFATO DE MAGNÉSIO HEPTAHIDRATADO;CASULA & VASCONCELOS INDÚSTRIA FARMACÊUTICA E COMÉRCIO LTDA;5155425000193;3641491203;20/10/2020;2020-10-20;especifico
ARCALION;LABORATÓRIOS SERVIER DO BRASIL LTDA;42.374.207/0001-76;3639970201;20/10/2020;2020-10-20;similar
FOSFATO DE POTÁSSIO;CASULA & VASCONCELOS INDÚSTRIA FARMACÊUTICA E COMÉRCIO LTDA;5155425000193;3640575202;20/10/2020;2020-10-20;especifico
STABLON;LABORATÓRIOS SERVIER DO BRASIL LTDA;42.374.207/0001-76;3656824204;21/10/2020;2020-10-21;novo
GLAUB;UNIÃO QUÍMICA FARMACÊUTICA NACIONAL S/A;60.665.981/0001-18;3673093209;22/10/2020;2020-10-22;similar
ABERALGINA;AIRELA INDÚSTRIA FARMACÊUTICA LTDA.;1858973000129;3677058202;22/10/2020;2020-10-22;similar
LACIPIL;GLAXOSMITHKLINE BRASIL LTDA;33.247.743/0001-10;3690554202;23/10/2020;2020-10-23;novo
CLORIDRATO DE AMBROXOL;PRATI DONADUZZI & CIA LTDA;73.856.593/0001-66;3690478203;23/10/2020;2020-10-23;generico
HYPERIUM;LABORATÓRIOS SERVIER DO BRASIL LTDA;42.374.207/0001-76;3726271208;26/10/2020;2020-10-26;novo
VACINA HAEMOPHILUS INFLUENZAE B (CONJUGADA);FUNDAÇÃO OSWALDO CRUZ;33.781.055/0001-35;3725256209;26/10/2020;2020-10-26;biologico
vacina adsorvida difteria, tétano, pertussis e Hemophilus influenza b (conjugada);FUNDAÇÃO OSWALDO CRUZ;33.781.055/0001-35;3725068200;26/10/2020;2020-10-26;biologico
VACINA CONTRA MENINGITE A e C;FUNDAÇÃO OSWALDO CRUZ;33.781.055/0001-35;3725824209;26/10/2020;2020-10-26;biologico
Alprazolam;SANOFI MEDLEY FARMACÊUTICA LTDA.;10.588.595/0010-92;3727652202;26/10/2020;2020-10-26;generico
GENFIBROZILA;SANOFI MEDLEY FARMACÊUTICA LTDA.;10.588.595/0010-92;3745218205;27/10/2020;2020-10-27;generico
Multihance;Bracco Imaging do Brasil Importação e Distribuição de Medicamentos Ltda;10.742.412/0004-01;3744217201;27/10/2020;2020-10-27;novo
PROHANCE;Bracco Imaging do Brasil Importação e Distribuição de Medicamentos Ltda;10.742.412/0004-01;3750402209;27/10/2020;2020-10-27;novo
CLONAZEPAM;SANOFI MEDLEY FARMACÊUTICA LTDA.;10.588.595/0010-92;3738502200;27/10/2020;2020-10-27;generico
DACTIL OB;SANOFI MEDLEY FARMACÊUTICA LTDA.;10.588.595/0010-92;3746260201;27/10/2020;2020-10-27;novo
PROMIXIN;ZAMBON LABORATÓRIOS FARMACÊUTICOS LTDA.;61.100.004/0001-36;3744767200;27/10/2020;2020-10-27;novo
CLONAZEPAM;SANOFI MEDLEY FARMACÊUTICA LTDA.;10.588.595/0010-92;3738207201;27/10/2020;2020-10-27;generico
CLORIDRATO DE TERBINAFINA;SANOFI MEDLEY FARMACÊUTICA LTDA.;10.588.595/0010-92;3746152204;27/10/2020;2020-10-27;generico
SONOVUE;Bracco Imaging do Brasil Importação e Distribuição de Medicamentos Ltda;10.742.412/0004-01;3749944201;27/10/2020;2020-10-27;novo
ALBENTEL;LABORATÓRIO TEUTO BRASILEIRO S/A;17.159.229/0001-76;3755567207;28/10/2020;2020-10-28;similar
agomelatina;LABORATÓRIOS SERVIER DO BRASIL LTDA;42.374.207/0001-76;3795166201;30/10/2020;2020-10-30;generico
ALENDIL;FARMOQUÍMICA S/A;33.349.473/0001-58;3792634209;30/10/2020;2020-10-30;similar
LEVAQUIN;JANSSEN-CILAG FARMACÊUTICA LTDA;51.780.468/0001-87;3795186206;30/10/2020;2020-10-30;similar
SENES;SUPERA FARMA LABORATÓRIOS S.A;43.312.503/0001-05;3847501204;03/11/2020;2020-11-03;similar
MINÉRGI;SUPERA FARMA LABORATÓRIOS S.A;43.312.503/0001-05;3846497207;03/11/2020;2020-11-03;similar
ASEA HCT;SUPERA FARMA LABORATÓRIOS S.A;43.312.503/0001-05;3844743206;03/11/2020;2020-11-03;similar
HIRUDOID;DAIICHI SANKYO BRASIL FARMACÊUTICA LTDA;60.874.187/0001-84;3850593202;03/11/2020;2020-11-03;novo
ePARÁ;SUPERA FARMA LABORATÓRIOS S.A;43.312.503/0001-05;3846665201;03/11/2020;2020-11-03;similar
TARGUS;Laboratórios Bagó do Brasil S/A;4748181000947;3847001202;03/11/2020;2020-11-03;novo
ALEVO;SUPERA FARMA LABORATÓRIOS S.A;43.312.503/0001-05;3839657202;03/11/2020;2020-11-03;similar
VAGICAND;SUPERA FARMA LABORATÓRIOS S.A;43.312.503/0001-05;3847595202;03/11/2020;2020-11-03;similar
ANSITEC;LIBBS FARMACÊUTICA LTDA;61.230.314/0001-75;3844520204;03/11/2020;2020-11-03;similar
AGOXOM;LABORATÓRIOS SERVIER DO BRASIL LTDA;42.374.207/0001-76;3847708204;03/11/2020;2020-11-03;similar
DALÍ;SUPERA FARMA LABORATÓRIOS S.A;43.312.503/0001-05;3839893201;03/11/2020;2020-11-03;similar
ALEVO;SUPERA FARMA LABORATÓRIOS S.A;43.312.503/0001-05;3839646207;03/11/2020;2020-11-03;similar
ABCLER ABNAT;AIRELA INDÚSTRIA FARMACÊUTICA LTDA.;1858973000129;3864680203;04/11/2020;2020-11-04;similar
AVAXIM;SANOFI MEDLEY FARMACÊUTICA LTDA.;10.588.595/0010-92;3859967208;04/11/2020;2020-11-04;biologico
FORTEVIT;AIRELA INDÚSTRIA FARMACÊUTICA LTDA.;1858973000129;3867813206;04/11/2020;2020-11-04;especifico
DERMOBAN;CAZI QUIMICA FARMACEUTICA INDUSTRIA E COMERCIO LTDA;44.010.437/0001-81;3862469209;04/11/2020;2020-11-04;similar
SALAZOPRIN;CAZI QUIMICA FARMACEUTICA INDUSTRIA E COMERCIO LTDA;44.010.437/0001-81;3882848201;05/11/2020;2020-11-05;similar
MEBENIX;CIMED INDUSTRIA S.A;2814497000107;3881514201;05/11/2020;2020-11-05;similar
ACICLOMED;CIMED INDUSTRIA S.A;2814497000107;3882214208;05/11/2020;2020-11-05;similar
NITRATO DE MICONAZOL;HIPOLABOR FARMACEUTICA LTDA;19.570.720/0001-10;3882203202;05/11/2020;2020-11-05;generico
VOLIBRIS;GLAXOSMITHKLINE BRASIL LTDA;33.247.743/0001-10;3875849201;05/11/2020;2020-11-05;novo
VITAMINA B1;CIMED INDUSTRIA S.A;2814497000107;3878235209;05/11/2020;2020-11-05;especifico
CLORIDRATO DE LIDOCAÍNA;HIPOLABOR FARMACEUTICA LTDA;19.570.720/0001-10;3882089207;05/11/2020;2020-11-05;generico
CETOCONAZOL;HIPOLABOR FARMACEUTICA LTDA;19.570.720/0001-10;3880711204;05/11/2020;2020-11-05;generico
GLUCOREUMIN;MYLAN LABORATORIOS LTDA;11.643.096/0001-22;3881254201;05/11/2020;2020-11-05;similar
DOBTAN;UNIÃO QUÍMICA FARMACÊUTICA NACIONAL S/A;60.665.981/0001-18;3878395209;05/11/2020;2020-11-05;similar
CICONAZOL;CIMED INDUSTRIA S.A;2814497000107;3895358207;06/11/2020;2020-11-06;similar
LUFTAL;RECKITT BENCKISER (BRASIL) LTDA;59.557.124/0001-15;3895249201;06/11/2020;2020-11-06;novo
BRONCATAR;CAZI QUIMICA FARMACEUTICA INDUSTRIA E COMERCIO LTDA;44.010.437/0001-81;3898345201;06/11/2020;2020-11-06;similar
CALMADOR;LABORATÓRIO SAÚDE LTDA;91.671.792/0001-81;3893949205;06/11/2020;2020-11-06;similar
DEXMINE;CIMED INDUSTRIA S.A;2814497000107;3897500209;06/11/2020;2020-11-06;similar
CLORIDRATO DE AMBROXOL;BRAINFARMA INDÚSTRIA QUÍMICA E FARMACÊUTICA S.A;5161069000110;3898347208;06/11/2020;2020-11-06;generico
FAULDOXO;LIBBS FARMACÊUTICA LTDA;61.230.314/0001-75;3897266202;06/11/2020;2020-11-06;similar
ATLANSIL;SANOFI MEDLEY FARMACÊUTICA LTDA.;10.588.595/0010-92;3893819207;06/11/2020;2020-11-06;novo
ZOLPAZ;UNIÃO QUÍMICA FARMACÊUTICA NACIONAL S/A;60.665.981/0001-18;3897169201;06/11/2020;2020-11-06;similar
CLORIDRATO DE PROPRANOLOL;CIMED INDUSTRIA S.A;2814497000107;3932153203;09/11/2020;2020-11-09;generico
LESTER;SUPERA FARMA LABORATÓRIOS S.A;43.312.503/0001-05;3931619200;09/11/2020;2020-11-09;similar
ácido acetilsalicílico;CIMED INDUSTRIA S.A;2814497000107;3928936202;09/11/2020;2020-11-09;generico
MALEATO DE DEXCLORFENIRAMINA + BETAMETASONA;CIMED INDUSTRIA S.A;2814497000107;3931511208;09/11/2020;2020-11-09;generico
DOCLAXIN;BLAU FARMACÊUTICA S.A.;58.430.828/0001-60;3943865201;10/11/2020;2020-11-10;similar
Hemitartarato de Zolpidem;MEDQUIMICA INDUSTRIA FARMACEUTICA LTDA.;17.875.154/0001-20;3950069201;10/11/2020;2020-11-10;generico
Tranquinal SLG;Laboratórios Bagó do Brasil S/A;4748181000947;3949337207;10/11/2020;2020-11-10;novo
CLOFEN K;1FARMA INDUSTRIA FARMACEUTICA LTDA;48.113.906/0001-49;3949205202;10/11/2020;2020-11-10;similar
alendronato de sódio;CIMED INDUSTRIA S.A;2814497000107;3941505208;10/11/2020;2020-11-10;generico
Fericimed;CIMED INDUSTRIA S.A;2814497000107;3943768200;10/11/2020;2020-11-10;similar
NEOSSOLVAN;BRAINFARMA INDÚSTRIA QUÍMICA E FARMACÊUTICA S.A;5161069000110;3943784201;10/11/2020;2020-11-10;similar
PARACETAMOL;HIPOLABOR FARMACEUTICA LTDA;19.570.720/0001-10;3958833205;11/11/2020;2020-11-11;generico
loratadina + sulfato de pseudoefedrina;CIMED INDUSTRIA S.A;2814497000107;3964403201;11/11/2020;2020-11-11;generico
BACTRONEO;BRAINFARMA INDÚSTRIA QUÍMICA E FARMACÊUTICA S.A;5161069000110;3963606202;11/11/2020;2020-11-11;similar
AMOXIMED;CIMED INDUSTRIA S.A;2814497000107;3962584202;11/11/2020;2020-11-11;similar
DIGIAZIA;1FARMA INDUSTRIA FARMACEUTICA LTDA;48.113.906/0001-49;3959768207;11/11/2020;2020-11-11;especifico
lidocaina;HIPOLABOR FARMACEUTICA LTDA;19.570.720/0001-10;3958113206;11/11/2020;2020-11-11;generico
POSTEC;APSEN FARMACEUTICA S/A;62.462.015/0001-29;3973803205;12/11/2020;2020-11-12;novo
EPATIVAN;CIMED INDUSTRIA S.A;2814497000107;3973481201;12/11/2020;2020-11-12;especifico
OTO - XILODASE;APSEN FARMACEUTICA S/A;62.462.015/0001-29;3974011201;12/11/2020;2020-11-12;novo
pioglit;TORRENT DO BRASIL LTDA;33.078.528/0001-32;3976526201;12/11/2020;2020-11-12;similar
SURVANTA;ABBVIE FARMACÊUTICA LTDA.;15.800.545/0001-50;3978792203;12/11/2020;2020-11-12;biologico
Cloridrato de pioglitazona;TORRENT DO BRASIL LTDA;33.078.528/0001-32;3977041209;12/11/2020;2020-11-12;generico
PRIMID;APSEN FARMACEUTICA S/A;62.462.015/0001-29;3973291206;12/11/2020;2020-11-12;similar
MIOSAN CAF;APSEN FARMACEUTICA S/A;62.462.015/0001-29;3973547208;12/11/2020;2020-11-12;novo
LONIUM;APSEN FARMACEUTICA S/A;62.462.015/0001-29;3973462205;12/11/2020;2020-11-12;novo
YOMAX;APSEN FARMACEUTICA S/A;62.462.015/0001-29;3973655205;12/11/2020;2020-11-12;especifico
TRANQUINAL;Laboratórios Bagó do Brasil S/A;4748181000947;3975688202;12/11/2020;2020-11-12;similar
SALONPAS;HISAMITSU FARMACÊUTICA DO BRASIL LTDA;49.383.250/0001-47;3978338203;12/11/2020;2020-11-12;especifico
MOMENT;APSEN FARMACEUTICA S/A;62.462.015/0001-29;3978647201;12/11/2020;2020-11-12;especifico
SALONPAS PAIN RELIEF PATCH;HISAMITSU FARMACÊUTICA DO BRASIL LTDA;49.383.250/0001-47;3978437201;12/11/2020;2020-11-12;especifico
Ilaris;NOVARTIS BIOCIENCIAS S.A;56.994.502/0001-30;3978960208;12/11/2020;2020-11-12;biologico
LEVOXIN;APSEN FARMACEUTICA S/A;62.462.015/0001-29;3989257203;13/11/2020;2020-11-13;similar
BACTODERM;KLEY HERTZ FARMACEUTICA S.A;92.695.691/0001-03;3991999204;13/11/2020;2020-11-13;similar
DIGESAN;SANOFI MEDLEY FARMACÊUTICA LTDA.;10.588.595/0010-92;3990856209;13/11/2020;2020-11-13;novo
NIMESULIDA;PRATI DONADUZZI & CIA LTDA;73.856.593/0001-66;3995437204;13/11/2020;2020-11-13;generico
Levoxin;APSEN FARMACEUTICA S/A;62.462.015/0001-29;3990718200;13/11/2020;2020-11-13;novo
DINAFLEX;ADIUM S.A.;55.980.684/0001-27;4035516201;16/11/2020;2020-11-16;novo
GENLIBBS;LIBBS FARMACÊUTICA LTDA;61.230.314/0001-75;4035105200;16/11/2020;2020-11-16;similar
FUROSEMIDA;HIPOLABOR FARMACEUTICA LTDA;19.570.720/0001-10;4032318208;16/11/2020;2020-11-16;generico
FENITOÍNA;HIPOLABOR FARMACEUTICA LTDA;19.570.720/0001-10;4032359205;16/11/2020;2020-11-16;generico
ALOIS;APSEN FARMACEUTICA S/A;62.462.015/0001-29;4048313204;17/11/2020;2020-11-17;novo
AZULFIN;APSEN FARMACEUTICA S/A;62.462.015/0001-29;4047880207;17/11/2020;2020-11-17;similar
VARICAPS AH;KLEY HERTZ FARMACEUTICA S.A;92.695.691/0001-03;4047165209;17/11/2020;2020-11-17;fitoterapico
DOBEVEN;APSEN FARMACEUTICA S/A;62.462.015/0001-29;4047390202;17/11/2020;2020-11-17;novo
CAMOMILINA C;THERASKIN FARMACEUTICA LTDA.;61.517.397/0001-88;4050234201;17/11/2020;2020-11-17;especifico
GRECE;SUPERA FARMA LABORATÓRIOS S.A;43.312.503/0001-05;4044401205;17/11/2020;2020-11-17;similar
KALYDECO;VERTEX FARMACEUTICA DO BRASIL LTDA.;21.798.065/0001-02;4062998208;18/11/2020;2020-11-18;novo
SOLUÇÃO SALINA BALANCEADA - HALEX ISTAR;HALEX ISTAR INDÚSTRIA FARMACÊUTICA SA;1571702000198;4068658202;18/11/2020;2020-11-18;especifico
Symdeko;VERTEX FARMACEUTICA DO BRASIL LTDA.;21.798.065/0001-02;4063266201;18/11/2020;2020-11-18;novo
FEMME FOLICO;Aché Laboratórios Farmacêuticos S.A;60.659.463/0029-92;4065208204;18/11/2020;2020-11-18;especifico
AFOPIC;LABORATÓRIO TEUTO BRASILEIRO S/A;17.159.229/0001-76;4065385204;18/11/2020;2020-11-18;especifico
ETOXIN;APSEN FARMACEUTICA S/A;62.462.015/0001-29;4079105200;19/11/2020;2020-11-19;similar
DUO-TRAVATAN;NOVARTIS BIOCIENCIAS S.A;56.994.502/0001-30;4084457209;19/11/2020;2020-11-19;novo
PAXORAL;APSEN FARMACEUTICA S/A;62.462.015/0001-29;4080154203;19/11/2020;2020-11-19;biologico
KEFLEX;Laboratórios Bagó do Brasil S/A;4748181000947;4082230203;19/11/2020;2020-11-19;novo
DIURIT;1FARMA INDUSTRIA FARMACEUTICA LTDA;48.113.906/0001-49;4077995205;19/11/2020;2020-11-19;similar
SUALIV;1FARMA INDUSTRIA FARMACEUTICA LTDA;48.113.906/0001-49;4083660206;19/11/2020;2020-11-19;similar
DUEFORZI;APSEN FARMACEUTICA S/A;62.462.015/0001-29;4080232209;19/11/2020;2020-11-19;similar
KTRIZ;SUPERA FARMA LABORATÓRIOS S.A;43.312.503/0001-05;4075416202;19/11/2020;2020-11-19;biologico
Dorilax DT;Aché Laboratórios Farmacêuticos S.A;60.659.463/0029-92;4081718201;19/11/2020;2020-11-19;similar
UNHA SANA;KLEY HERTZ FARMACEUTICA S.A;92.695.691/0001-03;4093935209;20/11/2020;2020-11-20;similar
ACFOL;CAZI QUIMICA FARMACEUTICA INDUSTRIA E COMERCIO LTDA;44.010.437/0001-81;4129996205;23/11/2020;2020-11-23;especifico
RECALPLEX;CAZI QUIMICA FARMACEUTICA INDUSTRIA E COMERCIO LTDA;44.010.437/0001-81;4131418202;23/11/2020;2020-11-23;especifico
cloridrato de pioglitazona;AUROBINDO PHARMA INDÚSTRIA FARMACÊUTICA LIMITADA;4301884000175;4131804208;23/11/2020;2020-11-23;generico
ACETICIL;CAZI QUIMICA FARMACEUTICA INDUSTRIA E COMERCIO LTDA;44.010.437/0001-81;4132727206;23/11/2020;2020-11-23;similar
MICOPLEX;CAZI QUIMICA FARMACEUTICA INDUSTRIA E COMERCIO LTDA;44.010.437/0001-81;4129399201;23/11/2020;2020-11-23;similar
ALIVBABY;CAZI QUIMICA FARMACEUTICA INDUSTRIA E COMERCIO LTDA;44.010.437/0001-81;4132108201;23/11/2020;2020-11-23;similar
ADOLESS;FARMOQUÍMICA S/A;33.349.473/0001-58;4128112208;23/11/2020;2020-11-23;similar
DIOBRATE;CIMED INDUSTRIA S.A;2814497000107;4128464200;23/11/2020;2020-11-23;similar
B-SUPRIN;CAZI QUIMICA FARMACEUTICA INDUSTRIA E COMERCIO LTDA;44.010.437/0001-81;4130868209;23/11/2020;2020-11-23;especifico
B-VIT;CAZI QUIMICA FARMACEUTICA INDUSTRIA E COMERCIO LTDA;44.010.437/0001-81;4130976206;23/11/2020;2020-11-23;especifico
LIMA C;CAZI QUIMICA FARMACEUTICA INDUSTRIA E COMERCIO LTDA;44.010.437/0001-81;4131168200;23/11/2020;2020-11-23;especifico
NEURIVIT;CAZI QUIMICA FARMACEUTICA INDUSTRIA E COMERCIO LTDA;44.010.437/0001-81;4131377201;23/11/2020;2020-11-23;especifico
BACIGEN;CAZI QUIMICA FARMACEUTICA INDUSTRIA E COMERCIO LTDA;44.010.437/0001-81;4132227204;23/11/2020;2020-11-23;similar
SUPRIUM;CAZI QUIMICA FARMACEUTICA INDUSTRIA E COMERCIO LTDA;44.010.437/0001-81;4131581202;23/11/2020;2020-11-23;especifico
SENNALAX;CAZI QUIMICA FARMACEUTICA INDUSTRIA E COMERCIO LTDA;44.010.437/0001-81;4127713209;23/11/2020;2020-11-23;fitoterapico
MILGAMMA;COSMED INDUSTRIA DE COSMETICOS E MEDICAMENTOS S.A.;61.082.426/0002-07;4132446203;23/11/2020;2020-11-23;novo
CAZIGERAN;CAZI QUIMICA FARMACEUTICA INDUSTRIA E COMERCIO LTDA;44.010.437/0001-81;4130889201;23/11/2020;2020-11-23;especifico
NEURI - B6;CAZI QUIMICA FARMACEUTICA INDUSTRIA E COMERCIO LTDA;44.010.437/0001-81;4131269204;23/11/2020;2020-11-23;especifico
AEROTRAT;CAZI QUIMICA FARMACEUTICA INDUSTRIA E COMERCIO LTDA;44.010.437/0001-81;4131970202;23/11/2020;2020-11-23;similar
Linezolida;GLENMARK FARMACÊUTICA LTDA;44.363.661/0001-57;4125790201;23/11/2020;2020-11-23;generico
FLOXINA;CAZI QUIMICA FARMACEUTICA INDUSTRIA E COMERCIO LTDA;44.010.437/0001-81;4129405200;23/11/2020;2020-11-23;similar
ASMANON;CAZI QUIMICA FARMACEUTICA INDUSTRIA E COMERCIO LTDA;44.010.437/0001-81;4129266209;23/11/2020;2020-11-23;similar
ASMAFIN;CAZI QUIMICA FARMACEUTICA INDUSTRIA E COMERCIO LTDA;44.010.437/0001-81;4128487209;23/11/2020;2020-11-23;similar
BINOSPAN COMPOSTO;CAZI QUIMICA FARMACEUTICA INDUSTRIA E COMERCIO LTDA;44.010.437/0001-81;4132340208;23/11/2020;2020-11-23;similar
CLORIDRATO DE CICLOBENZAPRINA;EUROFARMA LABORATÓRIOS S.A.;61.190.096/0001-92;4141417209;24/11/2020;2020-11-24;generico
DORTO;EUROFARMA LABORATÓRIOS S.A.;61.190.096/0001-92;4144536208;24/11/2020;2020-11-24;similar
FURP - ETAMBUTOL;FUNDAÇÃO PARA O REMÉDIO POPULAR - FURP;43.640.754/0001-19;4161813201;25/11/2020;2020-11-25;similar
DOLAMIN;FARMOQUÍMICA S/A;33.349.473/0001-58;4158332209;25/11/2020;2020-11-25;novo
SINVASTAMED;CIMED INDUSTRIA S.A;2814497000107;4163358200;25/11/2020;2020-11-25;similar
OMEPRAMED;CIMED INDUSTRIA S.A;2814497000107;4158012205;25/11/2020;2020-11-25;similar
ABRETIA;FARMOQUÍMICA S/A;33.349.473/0001-58;4163320202;25/11/2020;2020-11-25;similar
ROHYPNOL;FARMOQUÍMICA S/A;33.349.473/0001-58;4162756203;25/11/2020;2020-11-25;novo
OTOCIRIAX;FARMOQUÍMICA S/A;33.349.473/0001-58;4163564207;25/11/2020;2020-11-25;similar
KUVAN;BIOMARIN BRASIL FARMACÊUTICA LTDA;8002360000134;4161245201;25/11/2020;2020-11-25;novo
CLORIDRATO DE ZIPRASIDONA;EMS S/A;57.507.378/0003-65;4161474207;25/11/2020;2020-11-25;generico
KALETRA;ABBVIE FARMACÊUTICA LTDA.;15.800.545/0001-50;4160216201;25/11/2020;2020-11-25;novo
VESANOID;FARMOQUÍMICA S/A;33.349.473/0001-58;4162878201;25/11/2020;2020-11-25;novo
BERIBUMIN;CSL BEHRING COMÉRCIO DE PRODUTOS FARMACÊUTICOS LTDA;62.969.589/0001-98;4159914204;25/11/2020;2020-11-25;biologico
TIORFAN;Laboratórios Bagó do Brasil S/A;4748181000947;4164242202;25/11/2020;2020-11-25;novo
ZEMAIRA;CSL BEHRING COMÉRCIO DE PRODUTOS FARMACÊUTICOS LTDA;62.969.589/0001-98;4158645200;25/11/2020;2020-11-25;biologico
FIBROGAMMIN P;CSL BEHRING COMÉRCIO DE PRODUTOS FARMACÊUTICOS LTDA;62.969.589/0001-98;4160229203;25/11/2020;2020-11-25;biologico
BENICAR HCT;DAIICHI SANKYO BRASIL FARMACÊUTICA LTDA;60.874.187/0001-84;4173919201;26/11/2020;2020-11-26;novo
Alburex 20;CSL BEHRING COMÉRCIO DE PRODUTOS FARMACÊUTICOS LTDA;62.969.589/0001-98;4174050205;26/11/2020;2020-11-26;biologico
VICK VAPORUB;PROCTER & GAMBLE DO BRASIL LTDA;59.476.770/0001-58;4174511206;26/11/2020;2020-11-26;especifico
DOLAMIN FLEX;FARMOQUÍMICA S/A;33.349.473/0001-58;4173375204;26/11/2020;2020-11-26;novo
GYNOMAX;FARMOQUÍMICA S/A;33.349.473/0001-58;4178735208;26/11/2020;2020-11-26;similar
INTHOS;FARMOQUÍMICA S/A;33.349.473/0001-58;4176779209;26/11/2020;2020-11-26;fitoterapico
GYNOPAC;FARMOQUÍMICA S/A;33.349.473/0001-58;4176683201;26/11/2020;2020-11-26;novo
BERIPLEX P/N;CSL BEHRING COMÉRCIO DE PRODUTOS FARMACÊUTICOS LTDA;62.969.589/0001-98;4177386201;26/11/2020;2020-11-26;biologico
GLIMEPIL;FARMOQUÍMICA S/A;33.349.473/0001-58;4173069201;26/11/2020;2020-11-26;similar
ACTIFEDRIN;FARMOQUÍMICA S/A;33.349.473/0001-58;4178616205;26/11/2020;2020-11-26;novo
DESIRÉE;FARMOQUÍMICA S/A;33.349.473/0001-58;4174589202;26/11/2020;2020-11-26;similar
TORADOL;FARMOQUÍMICA S/A;33.349.473/0001-58;4178152200;26/11/2020;2020-11-26;novo
DEQUADIN;FARMOQUÍMICA S/A;33.349.473/0001-58;4178925203;26/11/2020;2020-11-26;novo
fulvestranto;SANDOZ DO BRASIL INDÚSTRIA FARMACÊUTICA LTDA;61.286.647/0001-16;4178817206;26/11/2020;2020-11-26;generico
BENICARANLO;DAIICHI SANKYO BRASIL FARMACÊUTICA LTDA;60.874.187/0001-84;4174137204;26/11/2020;2020-11-26;novo
VICK PYRENA;PROCTER & GAMBLE DO BRASIL LTDA;59.476.770/0001-58;4176120201;26/11/2020;2020-11-26;novo
OTO BETNOVATE;FARMOQUÍMICA S/A;33.349.473/0001-58;4173411204;26/11/2020;2020-11-26;novo
OTOSPORIN;FARMOQUÍMICA S/A;33.349.473/0001-58;4175997204;26/11/2020;2020-11-26;novo
GINESSE;FARMOQUÍMICA S/A;33.349.473/0001-58;4176403200;26/11/2020;2020-11-26;similar
LIDOSPORIN;FARMOQUÍMICA S/A;33.349.473/0001-58;4172429201;26/11/2020;2020-11-26;novo
BERIPLAST P;CSL BEHRING COMÉRCIO DE PRODUTOS FARMACÊUTICOS LTDA;62.969.589/0001-98;4173803209;26/11/2020;2020-11-26;similar
FLORALYTE;PROCTER & GAMBLE DO BRASIL LTDA;59.476.770/0001-58;4177803201;26/11/2020;2020-11-26;especifico
HARVONI;GILEAD SCIENCES FARMACEUTICA DO BRASIL LTDA;15.670.288/0001-89;4174623206;26/11/2020;2020-11-26;novo
CEBION CÁLCIO;PROCTER & GAMBLE DO BRASIL LTDA;59.476.770/0001-58;4177700200;26/11/2020;2020-11-26;especifico
MAREVAN;FARMOQUÍMICA S/A;33.349.473/0001-58;4178865206;26/11/2020;2020-11-26;novo
INALADOR VICK;PROCTER & GAMBLE DO BRASIL LTDA;59.476.770/0001-58;4175884206;26/11/2020;2020-11-26;especifico
ETHAMOLIN;FARMOQUÍMICA S/A;33.349.473/0001-58;4182340201;26/11/2020;2020-11-26;novo
CEFABEN;CAZI QUIMICA FARMACEUTICA INDUSTRIA E COMERCIO LTDA;44.010.437/0001-81;4195231206;27/11/2020;2020-11-27;similar
PARARTRIN;CAZI QUIMICA FARMACEUTICA INDUSTRIA E COMERCIO LTDA;44.010.437/0001-81;4189937207;27/11/2020;2020-11-27;similar
TRICOMAX;CAZI QUIMICA FARMACEUTICA INDUSTRIA E COMERCIO LTDA;44.010.437/0001-81;4194893209;27/11/2020;2020-11-27;similar
CAZIDERM;CAZI QUIMICA FARMACEUTICA INDUSTRIA E COMERCIO LTDA;44.010.437/0001-81;4190168201;27/11/2020;2020-11-27;similar
ISTARHES;HALEX ISTAR INDÚSTRIA FARMACÊUTICA SA;1571702000198;4195928201;27/11/2020;2020-11-27;especifico
DORALGINA DIPCAF;BRAINFARMA INDÚSTRIA QUÍMICA E FARMACÊUTICA S.A;5161069000110;4193021205;27/11/2020;2020-11-27;novo
DIAFURAN;CAZI QUIMICA FARMACEUTICA INDUSTRIA E COMERCIO LTDA;44.010.437/0001-81;4195047200;27/11/2020;2020-11-27;similar
PRANOLAL;CAZI QUIMICA FARMACEUTICA INDUSTRIA E COMERCIO LTDA;44.010.437/0001-81;4195320207;27/11/2020;2020-11-27;similar
DIUREZIN;CAZI QUIMICA FARMACEUTICA INDUSTRIA E COMERCIO LTDA;44.010.437/0001-81;4195094201;27/11/2020;2020-11-27;similar
Glicolive;Aché Laboratórios Farmacêuticos S.A;60.659.463/0029-92;4223365208;30/11/2020;2020-11-30;similar
OSCAL D;SANOFI MEDLEY FARMACÊUTICA LTDA.;10.588.595/0010-92;4225020200;30/11/2020;2020-11-30;especifico
BLUMEL HEDERA;BRAINFARMA INDÚSTRIA QUÍMICA E FARMACÊUTICA S.A;5161069000110;4229411208;30/11/2020;2020-11-30;fitoterapico
olmesartana medoxomila;Althaia S.A Indústria Farmacêutica;48.344.725/0007-19;4228202201;30/11/2020;2020-11-30;generico
OSCAL 500;SANOFI MEDLEY FARMACÊUTICA LTDA.;10.588.595/0010-92;4223441207;30/11/2020;2020-11-30;especifico
VIDISIC GEL;BL INDÚSTRIA OTICA LTDA;27.011.022/0001-03;4227497204;30/11/2020;2020-11-30;especifico
LIPOSIC;BL INDÚSTRIA OTICA LTDA;27.011.022/0001-03;4225373200;30/11/2020;2020-11-30;novo
agomelatina;EMS S/A;57.507.378/0003-65;4226614209;30/11/2020;2020-11-30;generico
BIOEZULEN;Aché Laboratórios Farmacêuticos S.A;60.659.463/0029-92;4223265201;30/11/2020;2020-11-30;similar
LOTEPROL;BL INDÚSTRIA OTICA LTDA;27.011.022/0001-03;4226944200;30/11/2020;2020-11-30;novo
cloridrato de fluoxetina;AUROBINDO PHARMA INDÚSTRIA FARMACÊUTICA LIMITADA;4301884000175;4244297204;01/12/2020;2020-12-01;generico
NATIFA PRO;LIBBS FARMACÊUTICA LTDA;61.230.314/0001-75;4244835202;01/12/2020;2020-12-01;similar
cloridrato de gencitabina;CRISTÁLIA PRODUTOS QUÍMICOS FARMACÊUTICOS LTDA.;44.734.671/0001-51;4240340205;01/12/2020;2020-12-01;generico
CIZAX;COSMED INDUSTRIA DE COSMETICOS E MEDICAMENTOS S.A.;61.082.426/0002-07;4244537200;01/12/2020;2020-12-01;similar
MAXIDRATE;LIBBS FARMACÊUTICA LTDA;61.230.314/0001-75;4245424207;01/12/2020;2020-12-01;novo
PRIMACOR;SANOFI MEDLEY FARMACÊUTICA LTDA.;10.588.595/0010-92;4244898201;01/12/2020;2020-12-01;novo
DIMINUT;LIBBS FARMACÊUTICA LTDA;61.230.314/0001-75;4244407201;01/12/2020;2020-12-01;similar
SIBLIMA;LIBBS FARMACÊUTICA LTDA;61.230.314/0001-75;4244668206;01/12/2020;2020-12-01;similar
CEFALEXINA;AUROBINDO PHARMA INDÚSTRIA FARMACÊUTICA LIMITADA;4301884000175;4244068208;01/12/2020;2020-12-01;generico
PLAMET;LIBBS FARMACÊUTICA LTDA;61.230.314/0001-75;4244540200;01/12/2020;2020-12-01;similar
NATIFA;LIBBS FARMACÊUTICA LTDA;61.230.314/0001-75;4244807207;01/12/2020;2020-12-01;similar
LADOGAL;SANOFI MEDLEY FARMACÊUTICA LTDA.;10.588.595/0010-92;4261275206;02/12/2020;2020-12-02;novo
URBANIL;SANOFI MEDLEY FARMACÊUTICA LTDA.;10.588.595/0010-92;4261057205;02/12/2020;2020-12-02;novo
MALEATO DE DEXCLORFENIRAMINA;HIPOLABOR FARMACEUTICA LTDA;19.570.720/0001-10;4257964203;02/12/2020;2020-12-02;generico
brometo de ipratrópio;HIPOLABOR FARMACEUTICA LTDA;19.570.720/0001-10;4256902208;02/12/2020;2020-12-02;generico
FUMARATO DE TENOFOVIR DESOPROXILA;LABORATORIO FARMACEUTICO DO ESTADO DE PERNAMBUCO GOVERNADOR MIGUEL ARRAES S/A - LAFEPE;10.877.926/0001-13;4255587206;02/12/2020;2020-12-02;generico
BUTILBROMETO DE ESCOPOLAMINA;HIPOLABOR FARMACEUTICA LTDA;19.570.720/0001-10;4257531201;02/12/2020;2020-12-02;generico
MYLZAR;MYLAN LABORATORIOS LTDA;11.643.096/0001-22;4259158209;02/12/2020;2020-12-02;similar
Bromidrato de Fenoterol;HIPOLABOR FARMACEUTICA LTDA;19.570.720/0001-10;4257340208;02/12/2020;2020-12-02;generico
BROMOPRIDA;HIPOLABOR FARMACEUTICA LTDA;19.570.720/0001-10;4270122208;03/12/2020;2020-12-03;generico
NASALFLUX;MEDQUIMICA INDUSTRIA FARMACEUTICA LTDA.;17.875.154/0001-20;4277562201;03/12/2020;2020-12-03;similar
SONARIN;GEOLAB INDÚSTRIA FARMACÊUTICA S/A;3485572000104;4275295207;03/12/2020;2020-12-03;similar
clonazepam;HIPOLABOR FARMACEUTICA LTDA;19.570.720/0001-10;4270933204;03/12/2020;2020-12-03;generico
CABERGOLINA;FUNDAÇÃO OSWALDO CRUZ;33.781.055/0001-35;4279368208;03/12/2020;2020-12-03;generico
DORFEN;CAZI QUIMICA FARMACEUTICA INDUSTRIA E COMERCIO LTDA;44.010.437/0001-81;4287043207;04/12/2020;2020-12-04;similar
ISOFARMA SOLUÇÃO DE FOSFATO DE POTÁSSIO 2 MEQ/ML;HALEX ISTAR INDÚSTRIA FARMACÊUTICA SA;1571702000198;4289458201;04/12/2020;2020-12-04;especifico
DANTALIN;CAZI QUIMICA FARMACEUTICA INDUSTRIA E COMERCIO LTDA;44.010.437/0001-81;4287512209;04/12/2020;2020-12-04;similar
DIAMICRON;LABORATÓRIOS SERVIER DO BRASIL LTDA;42.374.207/0001-76;4286738200;04/12/2020;2020-12-04;novo
UNI-CLONAZEPAX;UNIÃO QUÍMICA FARMACÊUTICA NACIONAL S/A;60.665.981/0001-18;4288912200;04/12/2020;2020-12-04;similar
fenitoína;CAZI QUIMICA FARMACEUTICA INDUSTRIA E COMERCIO LTDA;44.010.437/0001-81;4286100204;04/12/2020;2020-12-04;generico
Cystadane;RECORDATI RARE DISEASES COMÉRCIO DE MEDICAMENTOS LTDA - ME;53.056.057/0001-79;4285725202;04/12/2020;2020-12-04;especifico
FRISIUM;SANOFI MEDLEY FARMACÊUTICA LTDA.;10.588.595/0010-92;4292625204;04/12/2020;2020-12-04;novo
valproato de sódio;HIPOLABOR FARMACEUTICA LTDA;19.570.720/0001-10;4287728208;04/12/2020;2020-12-04;generico
DARAPRIM;FARMOQUÍMICA S/A;33.349.473/0001-58;4325006208;07/12/2020;2020-12-07;novo
DAONIL;SANOFI MEDLEY FARMACÊUTICA LTDA.;10.588.595/0010-92;4319808202;07/12/2020;2020-12-07;novo
VIRINEO;BRAINFARMA INDÚSTRIA QUÍMICA E FARMACÊUTICA S.A;5161069000110;4321157207;07/12/2020;2020-12-07;similar
SOLUÇÃO FISIOLÓGICA DE CLORETO DE SÓDIO;FRESENIUS MEDICAL CARE LTDA;1440590000136;4344628201;08/12/2020;2020-12-08;especifico
Uno-Ciclo;UNIÃO QUÍMICA FARMACÊUTICA NACIONAL S/A;60.665.981/0001-18;4339115200;08/12/2020;2020-12-08;similar
PASMODEX;HALEX ISTAR INDÚSTRIA FARMACÊUTICA SA;1571702000198;4339884207;08/12/2020;2020-12-08;similar
PARIET;JANSSEN - CILAG FARMACÊUTICA LTDA;51.780.468/0001-87;4346299205;08/12/2020;2020-12-08;novo
HYCAMTIN;NOVARTIS BIOCIENCIAS S.A;56.994.502/0001-30;4338231202;08/12/2020;2020-12-08;novo
CLIZE;HALEX ISTAR INDÚSTRIA FARMACÊUTICA SA;1571702000198;4344142204;08/12/2020;2020-12-08;similar
OROXADIN;SANOFI MEDLEY FARMACÊUTICA LTDA.;10.588.595/0010-92;4354759201;09/12/2020;2020-12-09;novo
VITACID;THERASKIN FARMACEUTICA LTDA.;61.517.397/0001-88;4354377204;09/12/2020;2020-12-09;similar
MICOLAMINA;THERASKIN FARMACEUTICA LTDA.;61.517.397/0001-88;4354149206;09/12/2020;2020-12-09;similar
VITACID ACNE;THERASKIN FARMACEUTICA LTDA.;61.517.397/0001-88;4357187205;09/12/2020;2020-12-09;novo
APIDRA;SANOFI MEDLEY FARMACÊUTICA LTDA.;10.588.595/0010-92;4374461203;10/12/2020;2020-12-10;biologico
CLONAZEPAM;RANBAXY FARMACÊUTICA LTDA;73.663.650/0001-90;4374844209;10/12/2020;2020-12-10;generico
INICOX DP;FARMOQUÍMICA S/A;33.349.473/0001-58;4371625203;10/12/2020;2020-12-10;novo
CETOZOL;CAZI QUIMICA FARMACEUTICA INDUSTRIA E COMERCIO LTDA;44.010.437/0001-81;4381058206;11/12/2020;2020-12-11;similar
BIKTARVY;GILEAD SCIENCES FARMACEUTICA DO BRASIL LTDA;15.670.288/0001-89;4391843203;11/12/2020;2020-12-11;novo
RIFOCINA SPRAY;SANOFI MEDLEY FARMACÊUTICA LTDA.;10.588.595/0010-92;4389245201;11/12/2020;2020-12-11;novo
HOMATROPIN;CAZI QUIMICA FARMACEUTICA INDUSTRIA E COMERCIO LTDA;44.010.437/0001-81;4381407207;11/12/2020;2020-12-11;similar
CASPACIL;CAZI QUIMICA FARMACEUTICA INDUSTRIA E COMERCIO LTDA;44.010.437/0001-81;4382354208;11/12/2020;2020-12-11;similar
NACTALI;LIBBS FARMACÊUTICA LTDA;61.230.314/0001-75;4383376204;11/12/2020;2020-12-11;similar
MALEATO DE LEVOMEPROMAZINA;HIPOLABOR FARMACEUTICA LTDA;19.570.720/0001-10;4417719204;14/12/2020;2020-12-14;generico
TEUTOVIT E;LABORATÓRIO TEUTO BRASILEIRO S/A;17.159.229/0001-76;4422787206;14/12/2020;2020-12-14;especifico
BETADINE XR;Aché Laboratórios Farmacêuticos S.A;60.659.463/0029-92;4423200204;14/12/2020;2020-12-14;novo
HIPOFOL;HIPOLABOR FARMACEUTICA LTDA;19.570.720/0001-10;4417513202;14/12/2020;2020-12-14;especifico
DAKTARIN GEL ORAL;JANSSEN - CILAG FARMACÊUTICA LTDA;51.780.468/0001-87;4426502206;14/12/2020;2020-12-14;novo
Demi-D;FARMOQUÍMICA S/A;33.349.473/0001-58;4437107201;15/12/2020;2020-12-15;especifico
LUFTAGASTRO;RECKITT BENCKISER (BRASIL) LTDA;59.557.124/0001-15;4434050208;15/12/2020;2020-12-15;novo
POZATO UNI;LIBBS FARMACÊUTICA LTDA;61.230.314/0001-75;4449946209;16/12/2020;2020-12-16;novo
dacarbazina;BLAU FARMACÊUTICA S.A.;58.430.828/0001-60;4452581208;16/12/2020;2020-12-16;generico
CECLOR;EMS SIGMA PHARMA LTDA;923140000131;4452212206;16/12/2020;2020-12-16;similar
PEN-VE-ORAL;EUROFARMA LABORATÓRIOS S.A.;61.190.096/0001-92;4448317201;16/12/2020;2020-12-16;novo
HAEMOCOMPLETTAN P;CSL BEHRING COMÉRCIO DE PRODUTOS FARMACÊUTICOS LTDA;62.969.589/0001-98;4464108207;17/12/2020;2020-12-17;biologico
GESTRELAN;BIOLAB SANUS FARMACÊUTICA LTDA;49.475.833/0001-06;4466117207;17/12/2020;2020-12-17;similar
COR-SELECT;BIOLAB SANUS FARMACÊUTICA LTDA;49.475.833/0001-06;4481870200;18/12/2020;2020-12-18;similar
LACTASOL;JP INDUSTRIA FARMACEUTICA S/A;55.972.087/0001-50;4479315204;18/12/2020;2020-12-18;especifico
ENEMA JP;JP INDUSTRIA FARMACEUTICA S/A;55.972.087/0001-50;4478643203;18/12/2020;2020-12-18;especifico
NORADREM;HIPOLABOR FARMACEUTICA LTDA;19.570.720/0001-10;4483739209;18/12/2020;2020-12-18;similar
ENALAMED;CIMED INDUSTRIA S.A;2814497000107;4483080207;18/12/2020;2020-12-18;similar
CLORETO DE SÓDIO JP FISIOLÓGICO;JP INDUSTRIA FARMACEUTICA S/A;55.972.087/0001-50;4478211200;18/12/2020;2020-12-18;especifico
Água para Irrigação;JP INDUSTRIA FARMACEUTICA S/A;55.972.087/0001-50;4478774200;18/12/2020;2020-12-18;especifico
Manitol 3%;JP INDUSTRIA FARMACEUTICA S/A;55.972.087/0001-50;4478733202;18/12/2020;2020-12-18;especifico
METRONIDAZOL;JP INDUSTRIA FARMACEUTICA S/A;55.972.087/0001-50;4479322207;18/12/2020;2020-12-18;generico
GLICINA JP 1,5%;JP INDUSTRIA FARMACEUTICA S/A;55.972.087/0001-50;4478756201;18/12/2020;2020-12-18;especifico
BICARBONATO DE SÓDIO;JP INDUSTRIA FARMACEUTICA S/A;55.972.087/0001-50;4479289201;18/12/2020;2020-12-18;especifico
ÁGUA PARA INJEÇÃO;JP INDUSTRIA FARMACEUTICA S/A;55.972.087/0001-50;4478493207;18/12/2020;2020-12-18;especifico
RINGER;JP INDUSTRIA FARMACEUTICA S/A;55.972.087/0001-50;4478041209;18/12/2020;2020-12-18;especifico
HALDOL DECANOATO;JANSSEN - CILAG FARMACÊUTICA LTDA;51.780.468/0001-87;4484880203;18/12/2020;2020-12-18;novo
JP MANITOL;JP INDUSTRIA FARMACEUTICA S/A;55.972.087/0001-50;4477831207;18/12/2020;2020-12-18;especifico
JP FISIOLÓGICO;JP INDUSTRIA FARMACEUTICA S/A;55.972.087/0001-50;4478283207;18/12/2020;2020-12-18;especifico
CLISTEROL;JP INDUSTRIA FARMACEUTICA S/A;55.972.087/0001-50;4479429201;18/12/2020;2020-12-18;especifico
JP GLICOSE;JP INDUSTRIA FARMACEUTICA S/A;55.972.087/0001-50;4478509207;18/12/2020;2020-12-18;especifico
JP GLICOFISIOLÓGICO;JP INDUSTRIA FARMACEUTICA S/A;55.972.087/0001-50;4477154201;18/12/2020;2020-12-18;especifico
CIPROFIBRATO;Aché Laboratórios Farmacêuticos S.A;60.659.463/0029-92;4523217202;21/12/2020;2020-12-21;generico
CLORIDRATO DE SOTALOL;Aché Laboratórios Farmacêuticos S.A;60.659.463/0029-92;4524231203;21/12/2020;2020-12-21;generico
GLIMEPIRIDA;Aché Laboratórios Farmacêuticos S.A;60.659.463/0029-92;4523359204;21/12/2020;2020-12-21;generico
SANY D CAPS;Aché Laboratórios Farmacêuticos S.A;60.659.463/0029-92;4524194205;21/12/2020;2020-12-21;especifico
CLOTRIMAZOL;SANOFI MEDLEY FARMACÊUTICA LTDA.;10.588.595/0010-92;4541007201;22/12/2020;2020-12-22;generico
CARBOCISTEINA;Aché Laboratórios Farmacêuticos S.A;60.659.463/0029-92;4531965201;22/12/2020;2020-12-22;generico
SOLUÇÃO DE RINGER;CRISTÁLIA PRODUTOS QUÍMICOS FARMACÊUTICOS LTDA.;44.734.671/0001-51;4542272209;22/12/2020;2020-12-22;especifico
CLOPIN DUO;Aché Laboratórios Farmacêuticos S.A;60.659.463/0029-92;4540132202;22/12/2020;2020-12-22;novo
BISURAN;EMS S/A;57.507.378/0003-65;4556080203;23/12/2020;2020-12-23;similar
CLORIDRATO DE BROMEXINA;EMS S/A;57.507.378/0003-65;4556295204;23/12/2020;2020-12-23;generico
Myllcis;MYLAN LABORATORIOS LTDA;11.643.096/0001-22;4553661209;23/12/2020;2020-12-23;similar
CLOTRIMAZOL;SANOFI MEDLEY FARMACÊUTICA LTDA.;10.588.595/0010-92;4612066201;28/12/2020;2020-12-28;generico
olanzapina;PRATI DONADUZZI & CIA LTDA;73.856.593/0001-66;4611851209;28/12/2020;2020-12-28;generico
CLONAZEPAM (PORT. 344/98  LISTA B1);PRATI DONADUZZI & CIA LTDA;73.856.593/0001-66;4609728207;28/12/2020;2020-12-28;generico
PERMETRINA;PRATI DONADUZZI & CIA LTDA;73.856.593/0001-66;4612170206;28/12/2020;2020-12-28;generico
PERINDOPRIL ERBUMINA;RANBAXY FARMACÊUTICA LTDA;73.663.650/0001-90;4613742204;28/12/2020;2020-12-28;generico
cabergolina;SUN FARMACÊUTICA DO BRASIL LTDA;5035244000123;4642202201;30/12/2020;2020-12-30;generico
BETAMETASONA;PRATI DONADUZZI & CIA LTDA;73.856.593/0001-66;4642084203;30/12/2020;2020-12-30;generico
cloridrato de donepezila;RANBAXY FARMACÊUTICA LTDA;73.663.650/0001-90;4640540202;30/12/2020;2020-12-30;generico
AGUA PARA INJEÇAO;CRISTÁLIA PRODUTOS QUÍMICOS FARMACÊUTICOS LTDA.;44.734.671/0001-51;37290211;04/01/2021;2021-01-04;especifico
CAPECITABINA;SUN FARMACÊUTICA DO BRASIL LTDA;5035244000123;37012216;04/01/2021;2021-01-04;generico
GILENYA;NOVARTIS BIOCIENCIAS S.A;56.994.502/0001-30;53533218;05/01/2021;2021-01-05;novo
ASEA;SUPERA FARMA LABORATÓRIOS S.A;43.312.503/0001-05;60417218;06/01/2021;2021-01-06;similar
LIPLESS;BIOLAB SANUS FARMACÊUTICA LTDA;49.475.833/0001-06;66895218;06/01/2021;2021-01-06;similar
valsartana + hidroclorotiazida;ZYDUS NIKKHO FARMACÊUTICA LTDA;5254971000181;68621212;06/01/2021;2021-01-06;generico
CLORIDRATO DE VERAPAMIL;LABORATÓRIO TEUTO BRASILEIRO S/A;17.159.229/0001-76;77260217;07/01/2021;2021-01-07;generico
ENDOFOLIN;MARJAN INDÚSTRIA E COMÉRCIO LTDA;60.726.692/0001-81;81152211;07/01/2021;2021-01-07;especifico
MEDITIVOX;MEDQUIMICA INDUSTRIA FARMACEUTICA LTDA.;17.875.154/0001-20;78258211;07/01/2021;2021-01-07;similar
FAULDCISPLA;LIBBS FARMACÊUTICA LTDA;61.230.314/0001-75;79307218;07/01/2021;2021-01-07;similar
SOLUCAO FISIOLOGICA DE RINGER COM LACTATO DE SODIO;CRISTÁLIA PRODUTOS QUÍMICOS FARMACÊUTICOS LTDA.;44.734.671/0001-51;78503212;07/01/2021;2021-01-07;especifico
FAULDACAR;LIBBS FARMACÊUTICA LTDA;61.230.314/0001-75;89618217;08/01/2021;2021-01-08;similar
FRANOL;SANOFI MEDLEY FARMACÊUTICA LTDA.;10.588.595/0010-92;92019213;08/01/2021;2021-01-08;novo
Myltol;MYLAN LABORATORIOS LTDA;11.643.096/0001-22;95242217;08/01/2021;2021-01-08;similar
THYROGEN;SANOFI MEDLEY FARMACÊUTICA LTDA.;10.588.595/0010-92;96651217;08/01/2021;2021-01-08;biologico
TELMISARTANA;RANBAXY FARMACÊUTICA LTDA;73.663.650/0001-90;129818216;11/01/2021;2021-01-11;generico
ROXFLAN;MERCK S/A;33.069.212/0001-84;138307218;12/01/2021;2021-01-12;similar
desloratadina;SANDOZ DO BRASIL INDÚSTRIA FARMACÊUTICA LTDA;61.286.647/0001-16;145714214;12/01/2021;2021-01-12;generico
DRUSOLOL;UNIÃO QUÍMICA FARMACÊUTICA NACIONAL S/A;60.665.981/0001-18;142842210;12/01/2021;2021-01-12;similar
RINGER;FARMARIN INDUSTRIA E COMERCIO LTDA;58.635.830/0001-75;165891213;13/01/2021;2021-01-13;especifico
besilato de anlodipino;MERCK S/A;33.069.212/0001-84;153772215;13/01/2021;2021-01-13;generico
cloridrato de hidroxizina;EUROFARMA LABORATÓRIOS S.A.;61.190.096/0001-92;165079213;13/01/2021;2021-01-13;generico
FINASTERIDA;LABORATÓRIO TEUTO BRASILEIRO S/A;17.159.229/0001-76;167233219;13/01/2021;2021-01-13;generico
ALBUMINA HUMANA GRIFOLS;GRIFOLS BRASIL LTDA;2513899000171;175648216;14/01/2021;2021-01-14;novo
TORSILAX;BRAINFARMA INDÚSTRIA QUÍMICA E FARMACÊUTICA S.A;5161069000110;183199212;14/01/2021;2021-01-14;similar
PARNATE;GLAXOSMITHKLINE BRASIL LTDA;33.247.743/0001-10;193558215;15/01/2021;2021-01-15;similar
FLUXENE;EUROFARMA LABORATÓRIOS S.A.;61.190.096/0001-92;194069214;15/01/2021;2021-01-15;similar
MEPIVALEM AD;DLA PHARMACEUTICAL LTDA;45.841.137/0001-07;195679215;15/01/2021;2021-01-15;similar
NITAZOXANIDA;Althaia S.A Indústria Farmacêutica;48.344.725/0007-19;228684210;18/01/2021;2021-01-18;generico
CLORIDRATO DE AMIODARONA;SANOFI MEDLEY FARMACÊUTICA LTDA.;10.588.595/0010-92;241329219;19/01/2021;2021-01-19;generico
FLEBON;FARMOQUÍMICA S/A;33.349.473/0001-58;245190215;19/01/2021;2021-01-19;fitoterapico
cloridrato de fluoxetina;RANBAXY FARMACÊUTICA LTDA;73.663.650/0001-90;239323219;19/01/2021;2021-01-19;generico
FLUDALIBBS;LIBBS FARMACÊUTICA LTDA;61.230.314/0001-75;246522211;19/01/2021;2021-01-19;similar
MATER FOLIC;FARMOQUÍMICA S/A;33.349.473/0001-58;243160212;19/01/2021;2021-01-19;especifico
furoato de mometasona;GLENMARK FARMACÊUTICA LTDA;44.363.661/0001-57;256963219;20/01/2021;2021-01-20;generico
THYMOGLOBULINE;SANOFI MEDLEY FARMACÊUTICA LTDA.;10.588.595/0010-92;260780218;20/01/2021;2021-01-20;biologico
Zaltrap;SANOFI MEDLEY FARMACÊUTICA LTDA.;10.588.595/0010-92;273229217;21/01/2021;2021-01-21;biologico
BIO-MANGUINHOS ALFATALIGLICERASE;FUNDAÇÃO OSWALDO CRUZ;33.781.055/0001-35;273974217;21/01/2021;2021-01-21;biologico
BUPSTESIC;UNIÃO QUÍMICA FARMACÊUTICA NACIONAL S/A;60.665.981/0001-18;271742215;21/01/2021;2021-01-21;similar
ATRED;LIBBS FARMACÊUTICA LTDA;61.230.314/0001-75;281926211;22/01/2021;2021-01-22;similar
NATIFA PRO UBD;LIBBS FARMACÊUTICA LTDA;61.230.314/0001-75;288014218;22/01/2021;2021-01-22;novo
TRANIL;HIPOLABOR FARMACEUTICA LTDA;19.570.720/0001-10;289193210;22/01/2021;2021-01-22;similar
GLICLAZIDA;SUN FARMACÊUTICA DO BRASIL LTDA;5035244000123;289176210;22/01/2021;2021-01-22;generico
RIZI-M;COSMED INDUSTRIA DE COSMETICOS E MEDICAMENTOS S.A.;61.082.426/0002-07;324349214;25/01/2021;2021-01-25;similar
BROMOPRIDA;LEGRAND PHARMA INDÚSTRIA FARMACÊUTICA LTDA;5044984000126;323109217;25/01/2021;2021-01-25;generico
SUBTRAX;EUROFARMA LABORATÓRIOS S.A.;61.190.096/0001-92;317404212;25/01/2021;2021-01-25;similar
BROMOPRIDA;EMS S/A;57.507.378/0003-65;323002213;25/01/2021;2021-01-25;generico
BROMOPRIDA;GERMED FARMACEUTICA LTDA;45.992.062/0001-65;323135216;25/01/2021;2021-01-25;generico
HEMOFIL;TAKEDA PHARMA LTDA.;60.397.775/0001-74;340005211;26/01/2021;2021-01-26;biologico
NIZORAL;JANSSEN - CILAG FARMACÊUTICA LTDA;51.780.468/0001-87;341383217;26/01/2021;2021-01-26;novo
DIPROPIONATO DE BECLOMETASONA;GLENMARK FARMACÊUTICA LTDA;44.363.661/0001-57;336380215;26/01/2021;2021-01-26;generico
CASODEX;ASTRAZENECA DO BRASIL LTDA;60.318.797/0001-00;332581214;26/01/2021;2021-01-26;novo
ENDOBULIN KIOVIG;TAKEDA PHARMA LTDA.;60.397.775/0001-74;338714213;26/01/2021;2021-01-26;biologico
NORFLOXACINO;RANBAXY FARMACÊUTICA LTDA;73.663.650/0001-90;333513215;26/01/2021;2021-01-26;generico
ATORVASTATINA CALCICA;SANDOZ DO BRASIL INDÚSTRIA FARMACÊUTICA LTDA;61.286.647/0001-16;350835218;27/01/2021;2021-01-27;generico
CIPROFIBRATO;LABORATÓRIO TEUTO BRASILEIRO S/A;17.159.229/0001-76;354531218;27/01/2021;2021-01-27;generico
CABEREDUX;CRISTÁLIA PRODUTOS QUÍMICOS FARMACÊUTICOS LTDA.;44.734.671/0001-51;350276217;27/01/2021;2021-01-27;similar
CLORIDRATO DE EPIRRUBICINA;ACCORD FARMACÊUTICA LTDA;64.171.697/0001-46;365621217;28/01/2021;2021-01-28;generico
ÁGUA PARA INJETÁVEIS;FARMARIN INDUSTRIA E COMERCIO LTDA;58.635.830/0001-75;366290210;28/01/2021;2021-01-28;especifico
ibuprofeno;SANOFI MEDLEY FARMACÊUTICA LTDA.;10.588.595/0010-92;366591217;28/01/2021;2021-01-28;generico
AVIDE;Aché Laboratórios Farmacêuticos S.A;60.659.463/0029-92;369501218;28/01/2021;2021-01-28;similar
LEG ODT;EUROFARMA LABORATÓRIOS S.A.;61.190.096/0001-92;366410214;28/01/2021;2021-01-28;novo
CISPLATINA;ACCORD FARMACÊUTICA LTDA;64.171.697/0001-46;365145212;28/01/2021;2021-01-28;generico
cloridrato de gencitabina;ACCORD FARMACÊUTICA LTDA;64.171.697/0001-46;365418214;28/01/2021;2021-01-28;generico
SOLUÇÃO FISIOLÓGICA;FARMARIN INDUSTRIA E COMERCIO LTDA;58.635.830/0001-75;367530211;28/01/2021;2021-01-28;especifico
SENEFLORA;KLEY HERTZ FARMACEUTICA S.A;92.695.691/0001-03;362538219;28/01/2021;2021-01-28;fitoterapico
CICLOPLÉGICO;ALLERGAN PRODUTOS FARMACÊUTICOS LTDA;43.426.626/0001-77;384957211;29/01/2021;2021-01-29;similar
NORFLOXACINO;SANDOZ DO BRASIL INDÚSTRIA FARMACÊUTICA LTDA;61.286.647/0001-16;384437214;29/01/2021;2021-01-29;generico
RENAGEL;SANOFI MEDLEY FARMACÊUTICA LTDA.;10.588.595/0010-92;382695213;29/01/2021;2021-01-29;novo
CETOCONAZOL;PHARLAB INDÚSTRIA FARMACÊUTICA S.A.;2501297000102;393723212;30/01/2021;2021-01-30;generico
atorvastatina cálcica;NOVARTIS BIOCIENCIAS S.A;56.994.502/0001-30;417613218;01/02/2021;2021-02-01;generico
GLICOFISIOLÓGICO;FARMARIN INDUSTRIA E COMERCIO LTDA;58.635.830/0001-75;430087214;02/02/2021;2021-02-02;especifico
LOMFER;LABORATÓRIOS OSÓRIO DE MORAES LTDA;19.791.813/0001-75;431312217;02/02/2021;2021-02-02;especifico
MUCOFAN;UNIÃO QUÍMICA FARMACÊUTICA NACIONAL S/A;60.665.981/0001-18;426901212;02/02/2021;2021-02-02;similar
GLICOSE;FARMARIN INDUSTRIA E COMERCIO LTDA;58.635.830/0001-75;429765212;02/02/2021;2021-02-02;especifico
CLORETO DE POTÁSSIO 19,1%;FARMARIN INDUSTRIA E COMERCIO LTDA;58.635.830/0001-75;430200211;02/02/2021;2021-02-02;especifico
GLALFITAL;LABORATÓRIO TEUTO BRASILEIRO S/A;17.159.229/0001-76;448260213;03/02/2021;2021-02-03;similar
Iziz;LIBBS FARMACÊUTICA LTDA;61.230.314/0001-75;444651218;03/02/2021;2021-02-03;similar
GYNO-ICADEN;BAYER S.A.;18.459.628/0001-15;464130212;04/02/2021;2021-02-04;novo
CARBOCISTEINA;PRATI DONADUZZI & CIA LTDA;73.856.593/0001-66;467035213;04/02/2021;2021-02-04;generico
MEDMULHER;SANOFI MEDLEY FARMACÊUTICA LTDA.;10.588.595/0010-92;466094213;04/02/2021;2021-02-04;similar
HYPOVERIN;HYPOFARMA - INSTITUTO DE HYPODERMIA E FARMÁCIA LTDA;17.174.657/0001-78;462964217;04/02/2021;2021-02-04;similar
FLUCOMED;CIMED INDUSTRIA S.A;2814497000107;466785219;04/02/2021;2021-02-04;similar
RESIST;Aché Laboratórios Farmacêuticos S.A;60.659.463/0029-92;461109218;04/02/2021;2021-02-04;especifico
LARINGEX;CAZI QUIMICA FARMACEUTICA INDUSTRIA E COMERCIO LTDA;44.010.437/0001-81;464628212;04/02/2021;2021-02-04;similar
maleato de enalapril;BELFAR LTDA;18.324.343/0001-77;467117211;04/02/2021;2021-02-04;generico
BESILATO DE ANLODIPINO;LABORATÓRIO TEUTO BRASILEIRO S/A;17.159.229/0001-76;464636213;04/02/2021;2021-02-04;generico
AMIOBAL;LABORATÓRIOS BALDACCI LTDA;61.150.447/0001-31;476876211;05/02/2021;2021-02-05;similar
CAPTOPRIL;SANOFI MEDLEY FARMACÊUTICA LTDA.;10.588.595/0010-92;475009218;05/02/2021;2021-02-05;generico
THERAPSOR;THERASKIN FARMACEUTICA LTDA.;61.517.397/0001-88;510003218;08/02/2021;2021-02-08;similar
ATACAND;ASTRAZENECA DO BRASIL LTDA;60.318.797/0001-00;513812214;08/02/2021;2021-02-08;novo
MALEATO DE TIMOLOL;LABORATÓRIO TEUTO BRASILEIRO S/A;17.159.229/0001-76;510667212;08/02/2021;2021-02-08;generico
CARBONATO DE LÍTIO;HIPOLABOR FARMACEUTICA LTDA;19.570.720/0001-10;512387219;08/02/2021;2021-02-08;generico
MEVA;LEGRAND PHARMA INDÚSTRIA FARMACÊUTICA LTDA;5044984000126;517562213;08/02/2021;2021-02-08;similar
GLAUCOTRAT;UNIÃO QUÍMICA FARMACÊUTICA NACIONAL S/A;60.665.981/0001-18;517294212;08/02/2021;2021-02-08;similar
ácido zoledrônico;ACCORD FARMACÊUTICA LTDA;64.171.697/0001-46;515862211;08/02/2021;2021-02-08;generico
AMOME;COSMED INDUSTRIA DE COSMETICOS E MEDICAMENTOS S.A.;61.082.426/0002-07;515546211;08/02/2021;2021-02-08;similar
ALPRAZOLAM;Aché Laboratórios Farmacêuticos S.A;60.659.463/0029-92;514500217;08/02/2021;2021-02-08;generico
PARACETAMOL;HIPOLABOR FARMACEUTICA LTDA;19.570.720/0001-10;513891214;08/02/2021;2021-02-08;generico
cloridrato de nortriptilina;HIPOLABOR FARMACEUTICA LTDA;19.570.720/0001-10;512445210;08/02/2021;2021-02-08;generico
CLORIDRATO DE TIAMINA;HIPOLABOR FARMACEUTICA LTDA;19.570.720/0001-10;511210219;08/02/2021;2021-02-08;especifico
CLORIDRATO DE TERBINAFINA;Aché Laboratórios Farmacêuticos S.A;60.659.463/0029-92;509361219;08/02/2021;2021-02-08;generico
CLONIXINATO DE LISINA;EMS S/A;57.507.378/0003-65;517428217;08/02/2021;2021-02-08;generico
glimepirida;ACCORD FARMACÊUTICA LTDA;64.171.697/0001-46;514685212;08/02/2021;2021-02-08;generico
besilato de anlodipino;PRATI DONADUZZI & CIA LTDA;73.856.593/0001-66;515072218;08/02/2021;2021-02-08;generico
ATTOSY;ACCORD FARMACÊUTICA LTDA;64.171.697/0001-46;532023212;09/02/2021;2021-02-09;similar
prednisolona;Althaia S.A Indústria Farmacêutica;48.344.725/0007-19;530657214;09/02/2021;2021-02-09;generico
clonixinato de lisina;GERMED FARMACEUTICA LTDA;45.992.062/0001-65;534448214;09/02/2021;2021-02-09;generico
hemifumarato de bisoprolol;SANOFI MEDLEY FARMACÊUTICA LTDA.;10.588.595/0010-92;534470211;09/02/2021;2021-02-09;generico
cloridrato de fluoxetina;HIPOLABOR FARMACEUTICA LTDA;19.570.720/0001-10;526554211;09/02/2021;2021-02-09;generico
FLUXOCOR;SANOFI MEDLEY FARMACÊUTICA LTDA.;10.588.595/0010-92;527376215;09/02/2021;2021-02-09;similar
acetato de atosibana;ACCORD FARMACÊUTICA LTDA;64.171.697/0001-46;531851213;09/02/2021;2021-02-09;generico
CLORIDRATO DE PALONOSETRONA;ACCORD FARMACÊUTICA LTDA;64.171.697/0001-46;532180218;09/02/2021;2021-02-09;generico
EQUILID;SANOFI MEDLEY FARMACÊUTICA LTDA.;10.588.595/0010-92;528832211;09/02/2021;2021-02-09;novo
BIOSTATE;CSL BEHRING COMÉRCIO DE PRODUTOS FARMACÊUTICOS LTDA;62.969.589/0001-98;529470213;09/02/2021;2021-02-09;biologico
ibuprofeno;LABORATÓRIO GLOBO SA;17.115.437/0001-73;545744211;10/02/2021;2021-02-10;generico
MASSAGEOL;BRAINFARMA INDÚSTRIA QUÍMICA E FARMACÊUTICA S.A;5161069000110;558290213;11/02/2021;2021-02-11;especifico
COGIT;BIOLAB SANUS FARMACÊUTICA LTDA;49.475.833/0001-06;559818214;11/02/2021;2021-02-11;similar
Priorix;GLAXOSMITHKLINE BRASIL LTDA;33.247.743/0001-10;564596214;11/02/2021;2021-02-11;biologico
LEUCOGEN;Aché Laboratórios Farmacêuticos S.A;60.659.463/0029-92;558918215;11/02/2021;2021-02-11;especifico
PSOREX;GLAXOSMITHKLINE BRASIL LTDA;33.247.743/0001-10;568356214;11/02/2021;2021-02-11;novo
Priorix Tetra;GLAXOSMITHKLINE BRASIL LTDA;33.247.743/0001-10;564132212;11/02/2021;2021-02-11;biologico
mirtazapina;PRATI DONADUZZI & CIA LTDA;73.856.593/0001-66;563431218;11/02/2021;2021-02-11;generico
VELIJA;LIBBS FARMACÊUTICA LTDA;61.230.314/0001-75;564497216;11/02/2021;2021-02-11;similar
CLOTRIGEL;GLENMARK FARMACÊUTICA LTDA;44.363.661/0001-57;575964211;12/02/2021;2021-02-12;similar
cefalexina monoidratada;MULTILAB INDUSTRIA E COMERCIO DE PRODUTOS FARMACEUTICOS LTDA;92.265.552/0009-05;580374218;12/02/2021;2021-02-12;generico
ATROFARMA;FARMACE INDÚSTRIA QUÍMICO-FARMACÊUTICA CEARENSE LTDA;6628333000146;573452215;12/02/2021;2021-02-12;similar
Atacand Comb;ASTRAZENECA DO BRASIL LTDA;60.318.797/0001-00;580834211;12/02/2021;2021-02-12;novo
ALFAST;CRISTÁLIA PRODUTOS QUÍMICOS FARMACÊUTICOS LTDA.;44.734.671/0001-51;578962211;12/02/2021;2021-02-12;similar
sulfametoxazol + trimetoprima;PRATI DONADUZZI & CIA LTDA;73.856.593/0001-66;614406213;15/02/2021;2021-02-15;generico
ATEROMA;SUPERA FARMA LABORATÓRIOS S.A;43.312.503/0001-05;609876212;15/02/2021;2021-02-15;similar
CICLOPIROX OLAMINA;SANOFI MEDLEY FARMACÊUTICA LTDA.;10.588.595/0010-92;612602212;15/02/2021;2021-02-15;generico
LABREA;CRISTÁLIA PRODUTOS QUÍMICOS FARMACÊUTICOS LTDA.;44.734.671/0001-51;609713218;15/02/2021;2021-02-15;similar
CITRATO DE SILDENAFILA;PRATI DONADUZZI & CIA LTDA;73.856.593/0001-66;613111215;15/02/2021;2021-02-15;generico
CLORIDRATO DE TOPOTECANA;ACCORD FARMACÊUTICA LTDA;64.171.697/0001-46;626783211;16/02/2021;2021-02-16;generico
MOFYT;ACCORD FARMACÊUTICA LTDA;64.171.697/0001-46;626410217;16/02/2021;2021-02-16;similar
GLIMEPIRIDA;LABORATÓRIO TEUTO BRASILEIRO S/A;17.159.229/0001-76;639178218;17/02/2021;2021-02-17;generico
LOWE;HALEX ISTAR INDÚSTRIA FARMACÊUTICA SA;1571702000198;656475215;18/02/2021;2021-02-18;generico
benzoilmetronidazol + nistatina + cloreto de benzalcônio;PRATI DONADUZZI & CIA LTDA;73.856.593/0001-66;656071217;18/02/2021;2021-02-18;generico
STUGERON;JANSSEN - CILAG FARMACÊUTICA LTDA;51.780.468/0001-87;659382218;18/02/2021;2021-02-18;novo
AMAGLYN;LABORATÓRIO TEUTO BRASILEIRO S/A;17.159.229/0001-76;649634212;18/02/2021;2021-02-18;similar
CITRATO DE SILDENAFILA;SANDOZ DO BRASIL INDÚSTRIA FARMACÊUTICA LTDA;61.286.647/0001-16;668825210;19/02/2021;2021-02-19;generico
ENEMIN;KLEY HERTZ FARMACEUTICA S.A;92.695.691/0001-03;672905213;19/02/2021;2021-02-19;especifico
MEDTRIM;MEDQUIMICA INDUSTRIA FARMACEUTICA LTDA.;17.875.154/0001-20;672783212;19/02/2021;2021-02-19;similar
LOTAR;Aché Laboratórios Farmacêuticos S.A;60.659.463/0029-92;671981213;19/02/2021;2021-02-19;novo
cloridrato de ciprofloxacino;GERMED FARMACEUTICA LTDA;45.992.062/0001-65;706848214;22/02/2021;2021-02-22;generico
PLASMAISTAR;HALEX ISTAR INDÚSTRIA FARMACÊUTICA SA;1571702000198;707668211;22/02/2021;2021-02-22;especifico
BIALU;LEGRAND PHARMA INDÚSTRIA FARMACÊUTICA LTDA;5044984000126;706936217;22/02/2021;2021-02-22;similar
CETOCONAZOL;SANOFI MEDLEY FARMACÊUTICA LTDA.;10.588.595/0010-92;705578211;22/02/2021;2021-02-22;generico
cloridrato de ciprofloxacino;EMS S/A;57.507.378/0003-65;706806219;22/02/2021;2021-02-22;generico
ANDROFLOXIN;LABORATÓRIO TEUTO BRASILEIRO S/A;17.159.229/0001-76;707413211;22/02/2021;2021-02-22;similar
KEFOX;ANTIBIÓTICOS DO BRASIL LTDA;5439635000103;708178212;22/02/2021;2021-02-22;similar
norfloxacino;LABORATÓRIO TEUTO BRASILEIRO S/A;17.159.229/0001-76;707393213;22/02/2021;2021-02-22;generico
GLIADEL;EISAI LABORATÓRIOS LTDA;8416362000170;701666212;22/02/2021;2021-02-22;novo
glibenclamida;PRATI DONADUZZI & CIA LTDA;73.856.593/0001-66;711709214;22/02/2021;2021-02-22;generico
LIPTHAL;LABORATÓRIO TEUTO BRASILEIRO S/A;17.159.229/0001-76;707915210;22/02/2021;2021-02-22;similar
cloridrato de dobutamina;ANTIBIÓTICOS DO BRASIL LTDA;5439635000103;708093210;22/02/2021;2021-02-22;generico
FAULBLASTINA;LIBBS FARMACÊUTICA LTDA;61.230.314/0001-75;711703215;22/02/2021;2021-02-22;novo
SOLUÇÃO FISIOLÓGICA;FARMARIN INDUSTRIA E COMERCIO LTDA;58.635.830/0001-75;724699214;23/02/2021;2021-02-23;especifico
PLASMAFUNDIN;LABORATÓRIOS B. BRAUN S/A;31.673.254/0001-02;720949215;23/02/2021;2021-02-23;especifico
RIFASAN;EMS S/A;57.507.378/0003-65;722466214;23/02/2021;2021-02-23;similar
MALEATO DE DEXCLORFENIRAMINA + BETAMETASONA;SANOFI MEDLEY FARMACÊUTICA LTDA.;10.588.595/0010-92;725422219;23/02/2021;2021-02-23;generico
cloridrato de metoclopramida;UNITHER INDUSTRIA FARMACEUTICA LTDA.;4656253000179;725856219;23/02/2021;2021-02-23;generico
TOPCOID;UNIÃO QUÍMICA FARMACÊUTICA NACIONAL S/A;60.665.981/0001-18;725164215;23/02/2021;2021-02-23;biologico
TOPERMA;GRÜNENTHAL DO BRASIL FARMACÊUTICA LTDA.;10.555.143/0001-13;724781218;23/02/2021;2021-02-23;novo
BROMOPRIDA;UNITHER INDUSTRIA FARMACEUTICA LTDA.;4656253000179;721223212;23/02/2021;2021-02-23;generico
Arulatan;BL INDÚSTRIA OTICA LTDA;27.011.022/0001-03;726465218;23/02/2021;2021-02-23;similar
PRENI;EUROFARMA LABORATÓRIOS S.A.;61.190.096/0001-92;717692219;23/02/2021;2021-02-23;similar
MAIZHER;PRATI DONADUZZI & CIA LTDA;73.856.593/0001-66;724217214;23/02/2021;2021-02-23;similar
Cloridrato de memantina;PRATI DONADUZZI & CIA LTDA;73.856.593/0001-66;719884211;23/02/2021;2021-02-23;generico
isetionato de hexamidina + cloridrato de tetracaína;SANOFI MEDLEY FARMACÊUTICA LTDA.;10.588.595/0010-92;722411217;23/02/2021;2021-02-23;generico
NOOTRON;Aché Laboratórios Farmacêuticos S.A;60.659.463/0029-92;724549211;23/02/2021;2021-02-23;similar
GLIBENCLAMIDA;SANOFI MEDLEY FARMACÊUTICA LTDA.;10.588.595/0010-92;738128210;24/02/2021;2021-02-24;generico
CLORIDRATO DE BROMEXINA;SANOFI MEDLEY FARMACÊUTICA LTDA.;10.588.595/0010-92;742018218;24/02/2021;2021-02-24;generico
GLYTEOL;KLEY HERTZ FARMACEUTICA S.A;92.695.691/0001-03;740955219;24/02/2021;2021-02-24;similar
STALEVO;SANDOZ DO BRASIL INDÚSTRIA FARMACÊUTICA LTDA;61.286.647/0001-16;741992219;24/02/2021;2021-02-24;novo
cloridrato de duloxetina;SANDOZ DO BRASIL INDÚSTRIA FARMACÊUTICA LTDA;61.286.647/0001-16;735782216;24/02/2021;2021-02-24;generico
SABRIL;SANOFI MEDLEY FARMACÊUTICA LTDA.;10.588.595/0010-92;735046215;24/02/2021;2021-02-24;novo
COLÍRIO MOURA BRASIL;SANOFI MEDLEY FARMACÊUTICA LTDA.;10.588.595/0010-92;751235210;25/02/2021;2021-02-25;novo
MELOXICAM;SANOFI MEDLEY FARMACÊUTICA LTDA.;10.588.595/0010-92;758113211;25/02/2021;2021-02-25;generico
FASTFEN;CRISTÁLIA PRODUTOS QUÍMICOS FARMACÊUTICOS LTDA.;44.734.671/0001-51;757723211;25/02/2021;2021-02-25;similar
Propionato de clobetasol 0,5mg/g;LABORATÓRIO TEUTO BRASILEIRO S/A;17.159.229/0001-76;758110216;25/02/2021;2021-02-25;generico
GINKOCAPS;KLEY HERTZ FARMACEUTICA S.A;92.695.691/0001-03;758156214;25/02/2021;2021-02-25;fitoterapico
SMOFLIPID 20%;FRESENIUS KABI BRASIL LTDA;49.324.221/0001-04;758163217;25/02/2021;2021-02-25;especifico
Ternasil;LABORATÓRIO TEUTO BRASILEIRO S/A;17.159.229/0001-76;764383217;26/02/2021;2021-02-26;similar
FLOSSOTEC;UNIÃO QUÍMICA FARMACÊUTICA NACIONAL S/A;60.665.981/0001-18;773430211;26/02/2021;2021-02-26;similar
STREPSILS;RECKITT BENCKISER (BRASIL) LTDA;59.557.124/0001-15;773753210;26/02/2021;2021-02-26;novo
CLOTREN;LABORATÓRIO TEUTO BRASILEIRO S/A;17.159.229/0001-76;764457214;26/02/2021;2021-02-26;similar
TASIGNA;NOVARTIS BIOCIENCIAS S.A;56.994.502/0001-30;773923211;26/02/2021;2021-02-26;novo
XATRAL OD;SANOFI MEDLEY FARMACÊUTICA LTDA.;10.588.595/0010-92;771396217;26/02/2021;2021-02-26;novo
NEOCOPAN COMPOSTO;UNIÃO QUÍMICA FARMACÊUTICA NACIONAL S/A;60.665.981/0001-18;768642211;26/02/2021;2021-02-26;similar
irbesartana;RANBAXY FARMACÊUTICA LTDA;73.663.650/0001-90;764377212;26/02/2021;2021-02-26;generico
CLOTRIMAZOL;LABORATÓRIO TEUTO BRASILEIRO S/A;17.159.229/0001-76;764461212;26/02/2021;2021-02-26;generico
varfarina sódica;UNIÃO QUÍMICA FARMACÊUTICA NACIONAL S/A;60.665.981/0001-18;773070215;26/02/2021;2021-02-26;generico
SUKHI;SUN FARMACÊUTICA DO BRASIL LTDA;5035244000123;764545217;26/02/2021;2021-02-26;similar
MIOFLEX A;COSMED INDUSTRIA DE COSMETICOS E MEDICAMENTOS S.A.;61.082.426/0002-07;805825213;01/03/2021;2021-03-01;similar
BRILIV;LABORATÓRIO TEUTO BRASILEIRO S/A;17.159.229/0001-76;806964216;01/03/2021;2021-03-01;fitoterapico
Fenitoína;LABORATÓRIO TEUTO BRASILEIRO S/A;17.159.229/0001-76;807204213;01/03/2021;2021-03-01;generico
HYTROPIN;HYPOFARMA - INSTITUTO DE HYPODERMIA E FARMÁCIA LTDA;17.174.657/0001-78;807417218;01/03/2021;2021-03-01;similar
HIDROLESS;PHARLAB INDÚSTRIA FARMACÊUTICA S.A.;2501297000102;808656217;01/03/2021;2021-03-01;similar
ARACELI;SANOFI MEDLEY FARMACÊUTICA LTDA.;10.588.595/0010-92;805538216;01/03/2021;2021-03-01;similar
NEXIUM;ASTRAZENECA DO BRASIL LTDA;60.318.797/0001-00;819542211;02/03/2021;2021-03-02;novo
ARTISAL;TRB PHARMA INDÚSTRIA QUÍMICA E FARMACÊUTICA LTDA;61.455.192/0001-15;825006215;02/03/2021;2021-03-02;similar
EKSON;Aché Laboratórios Farmacêuticos S.A;60.659.463/0029-92;816432211;02/03/2021;2021-03-02;similar
cloridrato de fluoxetina;VITAMEDIC INDUSTRIA FARMACEUTICA LTDA;30.222.814/0001-31;824136218;02/03/2021;2021-03-02;generico
BEDFORDPOLY - B;OPEM REPRESENTAÇÃO IMPORTADORA EXPORTADORA E DISTRIBUIDORA LTDA;38.909.503/0001-57;822768213;02/03/2021;2021-03-02;similar
PRESSOMEDE;MEDQUIMICA INDUSTRIA FARMACEUTICA LTDA.;17.875.154/0001-20;823424218;02/03/2021;2021-03-02;similar
HYALUDERMIN;TRB PHARMA INDÚSTRIA QUÍMICA E FARMACÊUTICA LTDA;61.455.192/0001-15;824867212;02/03/2021;2021-03-02;similar
DRY;CRISTÁLIA PRODUTOS QUÍMICOS FARMACÊUTICOS LTDA.;44.734.671/0001-51;817513216;02/03/2021;2021-03-02;similar
DPREV CAPS;MYRALIS INDÚSTRIA FARMACÊUTICA LTDA;17.440.261/0001-25;823184212;02/03/2021;2021-03-02;especifico
mesilato de rasagilina;TEVA FARMACÊUTICA LTDA.;5333542000108;818636217;02/03/2021;2021-03-02;generico
BETACRIS;CRISTÁLIA PRODUTOS QUÍMICOS FARMACÊUTICOS LTDA.;44.734.671/0001-51;841155217;03/03/2021;2021-03-03;similar
FLUFENAN;CRISTÁLIA PRODUTOS QUÍMICOS FARMACÊUTICOS LTDA.;44.734.671/0001-51;836045216;03/03/2021;2021-03-03;similar
MAXIBELL;CRISTÁLIA PRODUTOS QUÍMICOS FARMACÊUTICOS LTDA.;44.734.671/0001-51;835636210;03/03/2021;2021-03-03;similar
EXTODIN;UNIÃO QUÍMICA FARMACÊUTICA NACIONAL S/A;60.665.981/0001-18;839016219;03/03/2021;2021-03-03;similar
Menveo;GLAXOSMITHKLINE BRASIL LTDA;33.247.743/0001-10;840138211;03/03/2021;2021-03-03;biologico
CABERGOLINA;FUNDAÇÃO BAIANA DE PESQ. CIENTIFICA E DESENV.  TECNOLOGICO, FORNECIMENTO E DISTRIBUIÇÃO DE MEDICAMENTOS-BAHIAFARMA;13.078.518/0001-90;839526218;03/03/2021;2021-03-03;generico
DIMORF;CRISTÁLIA PRODUTOS QUÍMICOS FARMACÊUTICOS LTDA.;44.734.671/0001-51;839225211;03/03/2021;2021-03-03;novo
butilbrometo de escopolamina;HYPOFARMA - INSTITUTO DE HYPODERMIA E FARMÁCIA LTDA;17.174.657/0001-78;837449210;03/03/2021;2021-03-03;generico
EVIR;CRISTÁLIA PRODUTOS QUÍMICOS FARMACÊUTICOS LTDA.;44.734.671/0001-51;834727211;03/03/2021;2021-03-03;similar
HYTAMICINA;HYPOFARMA - INSTITUTO DE HYPODERMIA E FARMÁCIA LTDA;17.174.657/0001-78;839603215;03/03/2021;2021-03-03;similar
CICLOLATO;CRISTÁLIA PRODUTOS QUÍMICOS FARMACÊUTICOS LTDA.;44.734.671/0001-51;835302216;03/03/2021;2021-03-03;similar
IROSÊ;Althaia S.A Indústria Farmacêutica;48.344.725/0007-19;853863218;04/03/2021;2021-03-04;generico
BÊVITER;NATULAB LABORATÓRIO S.A;2456955000183;853753214;04/03/2021;2021-03-04;especifico
MAXILERG;CRISTÁLIA PRODUTOS QUÍMICOS FARMACÊUTICOS LTDA.;44.734.671/0001-51;855181212;04/03/2021;2021-03-04;similar
EFEDRIN;CRISTÁLIA PRODUTOS QUÍMICOS FARMACÊUTICOS LTDA.;44.734.671/0001-51;854702215;04/03/2021;2021-03-04;similar
HYCIMET;HYPOFARMA - INSTITUTO DE HYPODERMIA E FARMÁCIA LTDA;17.174.657/0001-78;850215213;04/03/2021;2021-03-04;similar
VINCY;Althaia S.A Indústria Farmacêutica;48.344.725/0007-19;850532212;04/03/2021;2021-03-04;similar
MAXIFLOX;CRISTÁLIA PRODUTOS QUÍMICOS FARMACÊUTICOS LTDA.;44.734.671/0001-51;853619218;04/03/2021;2021-03-04;similar
FENILEFRIN;CRISTÁLIA PRODUTOS QUÍMICOS FARMACÊUTICOS LTDA.;44.734.671/0001-51;856107219;04/03/2021;2021-03-04;similar
AMYTRIL;CRISTÁLIA PRODUTOS QUÍMICOS FARMACÊUTICOS LTDA.;44.734.671/0001-51;871817212;05/03/2021;2021-03-05;novo
TOPOTACX;ACCORD FARMACÊUTICA LTDA;64.171.697/0001-46;870373216;05/03/2021;2021-03-05;similar
ÁCIDO ASCÓRBICO HYPOFARMA;HYPOFARMA - INSTITUTO DE HYPODERMIA E FARMÁCIA LTDA;17.174.657/0001-78;869537217;05/03/2021;2021-03-05;especifico
CITOCAINA;CRISTÁLIA PRODUTOS QUÍMICOS FARMACÊUTICOS LTDA.;44.734.671/0001-51;870189210;05/03/2021;2021-03-05;similar
adapaleno;GERMED FARMACEUTICA LTDA;45.992.062/0001-65;874269213;05/03/2021;2021-03-05;generico
GLICONIL;MEDQUIMICA INDUSTRIA FARMACEUTICA LTDA.;17.875.154/0001-20;872560218;05/03/2021;2021-03-05;similar
ÁGUA PARA INJEÇÃO HYPOFARMA;HYPOFARMA - INSTITUTO DE HYPODERMIA E FARMÁCIA LTDA;17.174.657/0001-78;907710213;08/03/2021;2021-03-08;especifico
CLONIDIN;CRISTÁLIA PRODUTOS QUÍMICOS FARMACÊUTICOS LTDA.;44.734.671/0001-51;905128217;08/03/2021;2021-03-08;novo
TRIDIL;CRISTÁLIA PRODUTOS QUÍMICOS FARMACÊUTICOS LTDA.;44.734.671/0001-51;908416219;08/03/2021;2021-03-08;similar
MYTEDOM;CRISTÁLIA PRODUTOS QUÍMICOS FARMACÊUTICOS LTDA.;44.734.671/0001-51;905516219;08/03/2021;2021-03-08;similar
MAMADES;EUROFARMA LABORATÓRIOS S.A.;61.190.096/0001-92;906976213;08/03/2021;2021-03-08;similar
VITAMINA B1 NEO QUÍMICA;BRAINFARMA INDÚSTRIA QUÍMICA E FARMACÊUTICA S.A;5161069000110;908141211;08/03/2021;2021-03-08;especifico
MIRUGELL;CRISTÁLIA PRODUTOS QUÍMICOS FARMACÊUTICOS LTDA.;44.734.671/0001-51;904705211;08/03/2021;2021-03-08;especifico
DANTROLEN;CRISTÁLIA PRODUTOS QUÍMICOS FARMACÊUTICOS LTDA.;44.734.671/0001-51;905936219;08/03/2021;2021-03-08;novo
BENORMAL;CRISTÁLIA PRODUTOS QUÍMICOS FARMACÊUTICOS LTDA.;44.734.671/0001-51;903592213;08/03/2021;2021-03-08;especifico
COLPIST MT;Arese Pharma Ltda;7670111000154;904548211;08/03/2021;2021-03-08;similar
B-TABLOCK;CRISTÁLIA PRODUTOS QUÍMICOS FARMACÊUTICOS LTDA.;44.734.671/0001-51;903367210;08/03/2021;2021-03-08;similar
THIOPENTAX;CRISTÁLIA PRODUTOS QUÍMICOS FARMACÊUTICOS LTDA.;44.734.671/0001-51;908316212;08/03/2021;2021-03-08;similar
VECURON;CRISTÁLIA PRODUTOS QUÍMICOS FARMACÊUTICOS LTDA.;44.734.671/0001-51;908425218;08/03/2021;2021-03-08;similar
FOLACIN;Arese Pharma Ltda;7670111000154;905731215;08/03/2021;2021-03-08;especifico
NOCTIDEN;BIOLAB SANUS FARMACÊUTICA LTDA;49.475.833/0001-06;905819212;08/03/2021;2021-03-08;similar
DIMORF;CRISTÁLIA PRODUTOS QUÍMICOS FARMACÊUTICOS LTDA.;44.734.671/0001-51;907402213;08/03/2021;2021-03-08;similar
AMYTRIL;CRISTÁLIA PRODUTOS QUÍMICOS FARMACÊUTICOS LTDA.;44.734.671/0001-51;903191210;08/03/2021;2021-03-08;similar
FLUFENAN DEPOT;CRISTÁLIA PRODUTOS QUÍMICOS FARMACÊUTICOS LTDA.;44.734.671/0001-51;908155211;08/03/2021;2021-03-08;similar
FOLIFER;Arese Pharma Ltda;7670111000154;906046214;08/03/2021;2021-03-08;especifico
FARMANGUINHOS - ISONIAZIDA;FUNDAÇÃO OSWALDO CRUZ;33.781.055/0001-35;908984215;08/03/2021;2021-03-08;similar
NOVABUPI;CRISTÁLIA PRODUTOS QUÍMICOS FARMACÊUTICOS LTDA.;44.734.671/0001-51;908200210;08/03/2021;2021-03-08;novo
VITERGAN MASTER;MARJAN INDÚSTRIA E COMÉRCIO LTDA;60.726.692/0001-81;921870210;09/03/2021;2021-03-09;especifico
ADENOSINA;HIPOLABOR FARMACEUTICA LTDA;19.570.720/0001-10;925128216;09/03/2021;2021-03-09;generico
AMIXAL;LABORATÓRIOS B. BRAUN S/A;31.673.254/0001-02;925122217;09/03/2021;2021-03-09;especifico
SULFATO DE GENTAMICINA;HIPOLABOR FARMACEUTICA LTDA;19.570.720/0001-10;925553212;09/03/2021;2021-03-09;generico
MEPICAIN 3%;CRISTÁLIA PRODUTOS QUÍMICOS FARMACÊUTICOS LTDA.;44.734.671/0001-51;921532218;09/03/2021;2021-03-09;similar
ABC;KLEY HERTZ FARMACEUTICA S.A;92.695.691/0001-03;926751214;09/03/2021;2021-03-09;similar
CLOMAZOL;CIFARMA CIENTÍFICA FARMACÊUTICA LTDA;17.562.075/0001-69;923720218;09/03/2021;2021-03-09;similar
POLARATUSS;CIFARMA CIENTÍFICA FARMACÊUTICA LTDA;17.562.075/0001-69;923541218;09/03/2021;2021-03-09;similar
bromidrato de galantamina;PRATI DONADUZZI & CIA LTDA;73.856.593/0001-66;919838215;09/03/2021;2021-03-09;generico
ÁCIDO TRANEXÂMICO;HIPOLABOR FARMACEUTICA LTDA;19.570.720/0001-10;925083212;09/03/2021;2021-03-09;generico
TEROLAC;CRISTÁLIA PRODUTOS QUÍMICOS FARMACÊUTICOS LTDA.;44.734.671/0001-51;924957215;09/03/2021;2021-03-09;similar
cloridrato de ondansetrona;HIPOLABOR FARMACEUTICA LTDA;19.570.720/0001-10;925393219;09/03/2021;2021-03-09;generico
TEUFRON;LABORATÓRIO TEUTO BRASILEIRO S/A;17.159.229/0001-76;921649219;09/03/2021;2021-03-09;similar
NARCAN;CRISTÁLIA PRODUTOS QUÍMICOS FARMACÊUTICOS LTDA.;44.734.671/0001-51;919072214;09/03/2021;2021-03-09;novo
ARAMIN;CRISTÁLIA PRODUTOS QUÍMICOS FARMACÊUTICOS LTDA.;44.734.671/0001-51;941470213;10/03/2021;2021-03-10;similar
GELAFUNDIN;LABORATÓRIOS B. BRAUN S/A;31.673.254/0001-02;941763210;10/03/2021;2021-03-10;especifico
TENSURIL;CRISTÁLIA PRODUTOS QUÍMICOS FARMACÊUTICOS LTDA.;44.734.671/0001-51;940670211;10/03/2021;2021-03-10;similar
LIPIDEM;LABORATÓRIOS B. BRAUN S/A;31.673.254/0001-02;935899214;10/03/2021;2021-03-10;especifico
mesilato de doxazosina;MERCK S/A;33.069.212/0001-84;943491217;10/03/2021;2021-03-10;generico
LIPOFUNDIN;LABORATÓRIOS B. BRAUN S/A;31.673.254/0001-02;936542217;10/03/2021;2021-03-10;especifico
NUTRIFLEX LIPID;LABORATÓRIOS B. BRAUN S/A;31.673.254/0001-02;941030219;10/03/2021;2021-03-10;especifico
MEPISV;DFL INDÚSTRIA E COMÉRCIO S/A;33.112.665/0001-46;934457218;10/03/2021;2021-03-10;similar
AMENIFLAC;LABORATÓRIOS B. BRAUN S/A;31.673.254/0001-02;942540213;10/03/2021;2021-03-10;novo
DIFENIDRIN;CRISTÁLIA PRODUTOS QUÍMICOS FARMACÊUTICOS LTDA.;44.734.671/0001-51;941202216;10/03/2021;2021-03-10;similar
DOPACRIS;CRISTÁLIA PRODUTOS QUÍMICOS FARMACÊUTICOS LTDA.;44.734.671/0001-51;942198210;10/03/2021;2021-03-10;similar
SOL-CART B;LABORATÓRIOS B. BRAUN S/A;31.673.254/0001-02;942162219;10/03/2021;2021-03-10;especifico
ELCODRIX DC;PHARLAB INDÚSTRIA FARMACÊUTICA S.A.;2501297000102;952264216;11/03/2021;2021-03-11;similar
CINETOL;CRISTÁLIA PRODUTOS QUÍMICOS FARMACÊUTICOS LTDA.;44.734.671/0001-51;953998211;11/03/2021;2021-03-11;similar
PLENIGELL;CRISTÁLIA PRODUTOS QUÍMICOS FARMACÊUTICOS LTDA.;44.734.671/0001-51;955655219;11/03/2021;2021-03-11;especifico
GASTROL TC;BRAINFARMA INDÚSTRIA QUÍMICA E FARMACÊUTICA S.A;5161069000110;951374214;11/03/2021;2021-03-11;especifico
NORFLOXACINO;MEDQUIMICA INDUSTRIA FARMACEUTICA LTDA.;17.875.154/0001-20;957822216;11/03/2021;2021-03-11;generico
PEMETREXEDE DISSODICO;ACCORD FARMACÊUTICA LTDA;64.171.697/0001-46;952382211;11/03/2021;2021-03-11;generico
RIOPAN PLUS;TAKEDA PHARMA LTDA.;60.397.775/0001-74;957854214;11/03/2021;2021-03-11;especifico
OXINEST;CRISTÁLIA PRODUTOS QUÍMICOS FARMACÊUTICOS LTDA.;44.734.671/0001-51;950710218;11/03/2021;2021-03-11;similar
MESIDOX;MERCK S/A;33.069.212/0001-84;959986210;11/03/2021;2021-03-11;similar
LIPNEO;BRAINFARMA INDÚSTRIA QUÍMICA E FARMACÊUTICA S.A;5161069000110;948684214;11/03/2021;2021-03-11;similar
BARIOGEL;CRISTÁLIA PRODUTOS QUÍMICOS FARMACÊUTICOS LTDA.;44.734.671/0001-51;951207211;11/03/2021;2021-03-11;similar
entecavir;FUNDAÇÃO EZEQUIEL DIAS - FUNED;17.503.475/0001-01;954753213;11/03/2021;2021-03-11;generico
ETOMIDATO;CRISTÁLIA PRODUTOS QUÍMICOS FARMACÊUTICOS LTDA.;44.734.671/0001-51;957033211;11/03/2021;2021-03-11;generico
AERODINI;LABORATÓRIO TEUTO BRASILEIRO S/A;17.159.229/0001-76;950743214;11/03/2021;2021-03-11;similar
NEPRESOL;CRISTÁLIA PRODUTOS QUÍMICOS FARMACÊUTICOS LTDA.;44.734.671/0001-51;955493219;11/03/2021;2021-03-11;similar
RIOPAN;TAKEDA PHARMA LTDA.;60.397.775/0001-74;957587211;11/03/2021;2021-03-11;especifico
PEMTRYX;ACCORD FARMACÊUTICA LTDA;64.171.697/0001-46;971946216;12/03/2021;2021-03-12;similar
NEOCAÍNA COM VASOCONSTRITOR;CRISTÁLIA PRODUTOS QUÍMICOS FARMACÊUTICOS LTDA.;44.734.671/0001-51;973219215;12/03/2021;2021-03-12;similar
REVIA;CRISTÁLIA PRODUTOS QUÍMICOS FARMACÊUTICOS LTDA.;44.734.671/0001-51;969353210;12/03/2021;2021-03-12;similar
SEVOCRIS;CRISTÁLIA PRODUTOS QUÍMICOS FARMACÊUTICOS LTDA.;44.734.671/0001-51;967217216;12/03/2021;2021-03-12;similar
BECLOSOL;GLAXOSMITHKLINE BRASIL LTDA;33.247.743/0001-10;973128218;12/03/2021;2021-03-12;novo
NEOCAINA;CRISTÁLIA PRODUTOS QUÍMICOS FARMACÊUTICOS LTDA.;44.734.671/0001-51;970588211;12/03/2021;2021-03-12;similar
ECOFILM;CRISTÁLIA PRODUTOS QUÍMICOS FARMACÊUTICOS LTDA.;44.734.671/0001-51;967372215;12/03/2021;2021-03-12;similar
DROPERDAL;CRISTÁLIA PRODUTOS QUÍMICOS FARMACÊUTICOS LTDA.;44.734.671/0001-51;967117210;12/03/2021;2021-03-12;similar
CLORIDRATO DE DOXORRUBICINA;GLENMARK FARMACÊUTICA LTDA;44.363.661/0001-57;968371212;12/03/2021;2021-03-12;generico
CICLOMIDRIN;CRISTÁLIA PRODUTOS QUÍMICOS FARMACÊUTICOS LTDA.;44.734.671/0001-51;970698214;12/03/2021;2021-03-12;similar
KAVIT;CRISTÁLIA PRODUTOS QUÍMICOS FARMACÊUTICOS LTDA.;44.734.671/0001-51;974023216;12/03/2021;2021-03-12;especifico
SOLUÇÃO DE GLICOSE;CRISTÁLIA PRODUTOS QUÍMICOS FARMACÊUTICOS LTDA.;44.734.671/0001-51;970668212;12/03/2021;2021-03-12;especifico
SOLUÇÃO ENEMA DE GLICERINA;CRISTÁLIA PRODUTOS QUÍMICOS FARMACÊUTICOS LTDA.;44.734.671/0001-51;969979211;12/03/2021;2021-03-12;especifico
HIGICLER;CRISTÁLIA PRODUTOS QUÍMICOS FARMACÊUTICOS LTDA.;44.734.671/0001-51;973731216;12/03/2021;2021-03-12;similar
LAMI;CRISTÁLIA PRODUTOS QUÍMICOS FARMACÊUTICOS LTDA.;44.734.671/0001-51;975256211;12/03/2021;2021-03-12;similar
JAVLOR;LABORATÓRIOS PIERRE FABRE DO BRASIL LTDA;33.051.491/0001-59;1005230215;15/03/2021;2021-03-15;novo
cloridrato de ropivacaína;HYPOFARMA - INSTITUTO DE HYPODERMIA E FARMÁCIA LTDA;17.174.657/0001-78;1007053212;15/03/2021;2021-03-15;generico
SOLUÇÃO DE RINGER COM LACTATO;LABORATÓRIOS B. BRAUN S/A;31.673.254/0001-02;1004716216;15/03/2021;2021-03-15;especifico
FLUTIVATE;GLAXOSMITHKLINE BRASIL LTDA;33.247.743/0001-10;1007021214;15/03/2021;2021-03-15;novo
MAXIFLOX D;CRISTÁLIA PRODUTOS QUÍMICOS FARMACÊUTICOS LTDA.;44.734.671/0001-51;1005963216;15/03/2021;2021-03-15;similar
LEVOFLOXACINO;Aché Laboratórios Farmacêuticos S.A;60.659.463/0029-92;1001929214;15/03/2021;2021-03-15;generico
FLOXIMED;MEDQUIMICA INDUSTRIA FARMACEUTICA LTDA.;17.875.154/0001-20;1011632210;15/03/2021;2021-03-15;similar
MENACTRA;SANOFI MEDLEY FARMACÊUTICA LTDA.;10.588.595/0010-92;1006116219;15/03/2021;2021-03-15;biologico
UNI NORFLOX;UNIÃO QUÍMICA FARMACÊUTICA NACIONAL S/A;60.665.981/0001-18;1008811213;15/03/2021;2021-03-15;similar
ÁGUA PARA INJEÇÃO B. BRAUN;LABORATÓRIOS B. BRAUN S/A;31.673.254/0001-02;1004247214;15/03/2021;2021-03-15;especifico
IMIPRA;CRISTÁLIA PRODUTOS QUÍMICOS FARMACÊUTICOS LTDA.;44.734.671/0001-51;1021194212;16/03/2021;2021-03-16;similar
HALO  DECANOATO;CRISTÁLIA PRODUTOS QUÍMICOS FARMACÊUTICOS LTDA.;44.734.671/0001-51;1024799218;16/03/2021;2021-03-16;similar
NORVIR;ABBVIE FARMACÊUTICA LTDA.;15.800.545/0001-50;1026220212;16/03/2021;2021-03-16;novo
Solução Glicofisiológica SNB;CRISTÁLIA PRODUTOS QUÍMICOS FARMACÊUTICOS LTDA.;44.734.671/0001-51;1021713214;16/03/2021;2021-03-16;especifico
FRUTOVITAM;CRISTÁLIA PRODUTOS QUÍMICOS FARMACÊUTICOS LTDA.;44.734.671/0001-51;1019436213;16/03/2021;2021-03-16;especifico
FUROSEMIDA;HYPOFARMA - INSTITUTO DE HYPODERMIA E FARMÁCIA LTDA;17.174.657/0001-78;1019459212;16/03/2021;2021-03-16;generico
HYPLEX B;HYPOFARMA - INSTITUTO DE HYPODERMIA E FARMÁCIA LTDA;17.174.657/0001-78;1039189214;17/03/2021;2021-03-17;especifico
FASLODEX;ASTRAZENECA DO BRASIL LTDA;60.318.797/0001-00;1036375211;17/03/2021;2021-03-17;novo
HYVIT K;HYPOFARMA - INSTITUTO DE HYPODERMIA E FARMÁCIA LTDA;17.174.657/0001-78;1039540217;17/03/2021;2021-03-17;especifico
MERACILINA;Aché Laboratórios Farmacêuticos S.A;60.659.463/0029-92;1041259210;17/03/2021;2021-03-17;similar
FURP-DONEPEZILA;FUNDAÇÃO PARA O REMÉDIO POPULAR - FURP;43.640.754/0001-19;1037879211;17/03/2021;2021-03-17;similar
BIOMATROP;Aché Laboratórios Farmacêuticos S.A;60.659.463/0029-92;1041012211;17/03/2021;2021-03-17;biologico
gcib;CRISTÁLIA PRODUTOS QUÍMICOS FARMACÊUTICOS LTDA.;44.734.671/0001-51;1036452218;17/03/2021;2021-03-17;similar
DOCETAXEL;GLENMARK FARMACÊUTICA LTDA;44.363.661/0001-57;1037751214;17/03/2021;2021-03-17;generico
imipenem + cilastatina sódica;Midfarma Produtos Farmaceuticos Ltda;13.863.381/0001-84;1056329216;18/03/2021;2021-03-18;generico
BESILATO DE ANLODIPINO + LOSARTANA POTÁSSICA;GERMED FARMACEUTICA LTDA;45.992.062/0001-65;1052185212;18/03/2021;2021-03-18;generico
besilato de anlodipino + losartana potássica;LEGRAND PHARMA INDÚSTRIA FARMACÊUTICA LTDA;5044984000126;1053703211;18/03/2021;2021-03-18;generico
AVAMYS;GLAXOSMITHKLINE BRASIL LTDA;33.247.743/0001-10;1057644214;18/03/2021;2021-03-18;novo
PROCTYL;TAKEDA PHARMA LTDA.;60.397.775/0001-74;1055343216;18/03/2021;2021-03-18;novo
DOLOSAL;CRISTÁLIA PRODUTOS QUÍMICOS FARMACÊUTICOS LTDA.;44.734.671/0001-51;1055965215;18/03/2021;2021-03-18;similar
DUOFLAM;CRISTÁLIA PRODUTOS QUÍMICOS FARMACÊUTICOS LTDA.;44.734.671/0001-51;1058351213;18/03/2021;2021-03-18;similar
maleato de timolol;GERMED FARMACEUTICA LTDA;45.992.062/0001-65;1071241211;19/03/2021;2021-03-19;generico
DROPTIM;LEGRAND PHARMA INDÚSTRIA FARMACÊUTICA LTDA;5044984000126;1071254212;19/03/2021;2021-03-19;similar
maleato de timolol;LEGRAND PHARMA INDÚSTRIA FARMACÊUTICA LTDA;5044984000126;1071248218;19/03/2021;2021-03-19;generico
Captopril;AUROBINDO PHARMA INDÚSTRIA FARMACÊUTICA LIMITADA;4301884000175;1069283215;19/03/2021;2021-03-19;generico
MALEATO DE TIMOLOL;EMS S/A;57.507.378/0003-65;1071165211;19/03/2021;2021-03-19;generico
cloridrato de hidroxizina;BRAINFARMA INDÚSTRIA QUÍMICA E FARMACÊUTICA S.A;5161069000110;1064635213;19/03/2021;2021-03-19;generico
BROMOPRIDA;SANOFI MEDLEY FARMACÊUTICA LTDA.;10.588.595/0010-92;1072986211;19/03/2021;2021-03-19;generico
BROMAZEPAM;SANOFI MEDLEY FARMACÊUTICA LTDA.;10.588.595/0010-92;1070532215;19/03/2021;2021-03-19;generico
Bacteracin;LABORATÓRIO TEUTO BRASILEIRO S/A;17.159.229/0001-76;1104429212;22/03/2021;2021-03-22;similar
MINOXIDIL;Aché Laboratórios Farmacêuticos S.A;60.659.463/0029-92;1102807216;22/03/2021;2021-03-22;generico
BROMOPRIDA;Aché Laboratórios Farmacêuticos S.A;60.659.463/0029-92;1102717217;22/03/2021;2021-03-22;generico
tadalafila;ACCORD FARMACÊUTICA LTDA;64.171.697/0001-46;1105902218;22/03/2021;2021-03-22;generico
DERMOMAX;Aché Laboratórios Farmacêuticos S.A;60.659.463/0029-92;1103550211;22/03/2021;2021-03-22;novo
ZYNVIR;FRESENIUS KABI BRASIL LTDA;49.324.221/0001-04;1116268216;23/03/2021;2021-03-23;similar
Butilbrometo de Escopolamina;HIPOLABOR FARMACEUTICA LTDA;19.570.720/0001-10;1118335217;23/03/2021;2021-03-23;generico
cloridrato de amiodarona;HIPOLABOR FARMACEUTICA LTDA;19.570.720/0001-10;1119008216;23/03/2021;2021-03-23;generico
butilbrometo de escopolamina + dipirona monoidratada;HIPOLABOR FARMACEUTICA LTDA;19.570.720/0001-10;1118777218;23/03/2021;2021-03-23;generico
RESOLOR;JANSSEN - CILAG FARMACÊUTICA LTDA;51.780.468/0001-87;1122441210;23/03/2021;2021-03-23;novo
BONEPREV;SANDOZ DO BRASIL INDÚSTRIA FARMACÊUTICA LTDA;61.286.647/0001-16;1117512215;23/03/2021;2021-03-23;similar
KAMPPI;BIOLAB SANUS FARMACÊUTICA LTDA;49.475.833/0001-06;1119058212;23/03/2021;2021-03-23;similar
TEUPANTOL;LABORATÓRIO TEUTO BRASILEIRO S/A;17.159.229/0001-76;1113608211;23/03/2021;2021-03-23;especifico
AMLOVASC;SANDOZ DO BRASIL INDÚSTRIA FARMACÊUTICA LTDA;61.286.647/0001-16;1122385215;23/03/2021;2021-03-23;similar
bromidrato de galantamina;BIOLAB SANUS FARMACÊUTICA LTDA;49.475.833/0001-06;1120242214;23/03/2021;2021-03-23;generico
FUNTYL;CRISTÁLIA PRODUTOS QUÍMICOS FARMACÊUTICOS LTDA.;44.734.671/0001-51;1119631219;23/03/2021;2021-03-23;similar
COGLIVE;LIBBS FARMACÊUTICA LTDA;61.230.314/0001-75;1122846216;23/03/2021;2021-03-23;similar
INSONOX;LABORATÓRIO TEUTO BRASILEIRO S/A;17.159.229/0001-76;1119016217;23/03/2021;2021-03-23;similar
CLORIDRATO DE DOBUTAMINA;HIPOLABOR FARMACEUTICA LTDA;19.570.720/0001-10;1118907210;23/03/2021;2021-03-23;generico
Cloridrato de dopamina;HIPOLABOR FARMACEUTICA LTDA;19.570.720/0001-10;1119056216;23/03/2021;2021-03-23;generico
FAR-MANGUINHOS VITAMINA A;FUNDAÇÃO OSWALDO CRUZ;33.781.055/0001-35;1137185214;24/03/2021;2021-03-24;especifico
FARMANGUINHOS - NEVIRAPINA;FUNDAÇÃO OSWALDO CRUZ;33.781.055/0001-35;1136839210;24/03/2021;2021-03-24;similar
Grandax;UNIÃO QUÍMICA FARMACÊUTICA NACIONAL S/A;60.665.981/0001-18;1138239212;24/03/2021;2021-03-24;similar
ATENOLOL;SANDOZ DO BRASIL INDÚSTRIA FARMACÊUTICA LTDA;61.286.647/0001-16;1135685215;24/03/2021;2021-03-24;generico
ATENOPRESS;SANDOZ DO BRASIL INDÚSTRIA FARMACÊUTICA LTDA;61.286.647/0001-16;1136746216;24/03/2021;2021-03-24;similar
CLORIDRATO DE SEVELAMER;FUNDAÇÃO OSWALDO CRUZ;33.781.055/0001-35;1135681212;24/03/2021;2021-03-24;generico
SELOKEN;ASTRAZENECA DO BRASIL LTDA;60.318.797/0001-00;1134912213;24/03/2021;2021-03-24;novo
DIETILCARBAMAZINA CITRATO;FUNDAÇÃO OSWALDO CRUZ;33.781.055/0001-35;1136031213;24/03/2021;2021-03-24;similar
amoxicilina;AUROBINDO PHARMA INDÚSTRIA FARMACÊUTICA LIMITADA;4301884000175;1138936212;24/03/2021;2021-03-24;generico
FENITAL;CRISTÁLIA PRODUTOS QUÍMICOS FARMACÊUTICOS LTDA.;44.734.671/0001-51;1153427213;25/03/2021;2021-03-25;similar
prednisolona;PRATI DONADUZZI & CIA LTDA;73.856.593/0001-66;1147338210;25/03/2021;2021-03-25;generico
besilato de anlodipino;SANDOZ DO BRASIL INDÚSTRIA FARMACÊUTICA LTDA;61.286.647/0001-16;1149642218;25/03/2021;2021-03-25;generico
EVORUBICIN;FARMARIN INDUSTRIA E COMERCIO LTDA;58.635.830/0001-75;1164366218;26/03/2021;2021-03-26;similar
EVODAZIN;FARMARIN INDUSTRIA E COMERCIO LTDA;58.635.830/0001-75;1164594216;26/03/2021;2021-03-26;similar
EVOTAXEL;FARMARIN INDUSTRIA E COMERCIO LTDA;58.635.830/0001-75;1169001211;26/03/2021;2021-03-26;similar
SORO ANTIBOTRÓPICO (PENTAVALENTE) E ANTILAQUÉTICO;INSTITUTO VITAL BRAZIL S/A;30.064.034/0001-00;1168631216;26/03/2021;2021-03-26;biologico
KOMBIGLYZE XR;ASTRAZENECA DO BRASIL LTDA;60.318.797/0001-00;1167322212;26/03/2021;2021-03-26;novo
EVOXALI;FARMARIN INDUSTRIA E COMERCIO LTDA;58.635.830/0001-75;1165678216;26/03/2021;2021-03-26;similar
SORO ANTIBOTRÓPICO (PENTAVALENTE) E ANTICROTÁLICO;INSTITUTO VITAL BRAZIL S/A;30.064.034/0001-00;1168201219;26/03/2021;2021-03-26;biologico
EVOZAR;FARMARIN INDUSTRIA E COMERCIO LTDA;58.635.830/0001-75;1168711218;26/03/2021;2021-03-26;similar
cloridrato de amiodarona;FRESENIUS KABI BRASIL LTDA;49.324.221/0001-04;1165397213;26/03/2021;2021-03-26;generico
hemitartarato de zolpidem;SANDOZ DO BRASIL INDÚSTRIA FARMACÊUTICA LTDA;61.286.647/0001-16;1168864215;26/03/2021;2021-03-26;generico
mesilato de doxazosina;AUROBINDO PHARMA INDÚSTRIA FARMACÊUTICA LIMITADA;4301884000175;1167056218;26/03/2021;2021-03-26;generico
SORO ANTIBOTRÓPICO (PENTAVALENTE);INSTITUTO VITAL BRAZIL S/A;30.064.034/0001-00;1167709211;26/03/2021;2021-03-26;novo
EVOPOSDO;FARMARIN INDUSTRIA E COMERCIO LTDA;58.635.830/0001-75;1166763210;26/03/2021;2021-03-26;similar
HIDROXIUREIA;EMS S/A;57.507.378/0003-65;1203799211;29/03/2021;2021-03-29;generico
TEPEV;EMS S/A;57.507.378/0003-65;1204062212;29/03/2021;2021-03-29;similar
SORO ANTITETÂNICO;INSTITUTO VITAL BRAZIL S/A;30.064.034/0001-00;1200493216;29/03/2021;2021-03-29;biologico
RESTASIS;ALLERGAN PRODUTOS FARMACÊUTICOS LTDA;43.426.626/0001-77;1202332219;29/03/2021;2021-03-29;novo
EVOMID;FARMARIN INDUSTRIA E COMERCIO LTDA;58.635.830/0001-75;1200802218;29/03/2021;2021-03-29;similar
ANGIPRESS CD;Aché Laboratórios Farmacêuticos S.A;60.659.463/0029-92;1204487213;29/03/2021;2021-03-29;similar
AGIOLAX;MYLAN LABORATORIOS LTDA;11.643.096/0001-22;1204499217;29/03/2021;2021-03-29;fitoterapico
SORO ANTIESCORPIÔNICO;INSTITUTO VITAL BRAZIL S/A;30.064.034/0001-00;1198175210;29/03/2021;2021-03-29;biologico
ATROPINA;ALLERGAN PRODUTOS FARMACÊUTICOS LTDA;43.426.626/0001-77;1200095217;29/03/2021;2021-03-29;novo
atenolol + clortalidona;Aché Laboratórios Farmacêuticos S.A;60.659.463/0029-92;1204511210;29/03/2021;2021-03-29;generico
EVOFLUBINA;FARMARIN INDUSTRIA E COMERCIO LTDA;58.635.830/0001-75;1201065211;29/03/2021;2021-03-29;similar
SORO ANTILATRODÉCTICO (Latroctus curacaviensis);INSTITUTO VITAL BRAZIL S/A;30.064.034/0001-00;1199242215;29/03/2021;2021-03-29;biologico
FULVESTRANTO;EUROFARMA LABORATÓRIOS S.A.;61.190.096/0001-92;1200350216;29/03/2021;2021-03-29;generico
MAGNEVISTAN;BAYER S.A.;18.459.628/0001-15;1196925213;29/03/2021;2021-03-29;novo
EVOCLASS;FARMARIN INDUSTRIA E COMERCIO LTDA;58.635.830/0001-75;1201154211;29/03/2021;2021-03-29;similar
BETA-LONG;UNIÃO QUÍMICA FARMACÊUTICA NACIONAL S/A;60.665.981/0001-18;1199144215;29/03/2021;2021-03-29;similar
COMBIRON;Aché Laboratórios Farmacêuticos S.A;60.659.463/0029-92;1204841211;29/03/2021;2021-03-29;especifico
RUBIDEX;CAZI QUIMICA FARMACEUTICA INDUSTRIA E COMERCIO LTDA;44.010.437/0001-81;1200151211;29/03/2021;2021-03-29;especifico
brometo de pancurônio;FRESENIUS KABI BRASIL LTDA;49.324.221/0001-04;1199368215;29/03/2021;2021-03-29;generico
SORO ANTIRRÁBICO;INSTITUTO VITAL BRAZIL S/A;30.064.034/0001-00;1199845218;29/03/2021;2021-03-29;biologico
PLEX-D3 VITAMIN;KLEY HERTZ FARMACEUTICA S.A;92.695.691/0001-03;1203814218;29/03/2021;2021-03-29;especifico
SABOFEN;GEYER MEDICAMENTOS S.A.;92.670.801/0001-82;1219197213;30/03/2021;2021-03-30;especifico
SOLUÇÃO GLICOFISIOLÓGICA BEKER;BEKER PRODUTOS FÁRMACO HOSPITALARES LTDA;47.231.121/0001-08;1218613219;30/03/2021;2021-03-30;especifico
GLICOSE BEKER;BEKER PRODUTOS FÁRMACO HOSPITALARES LTDA;47.231.121/0001-08;1215520219;30/03/2021;2021-03-30;especifico
NEODIA;BRAINFARMA INDÚSTRIA QUÍMICA E FARMACÊUTICA S.A;5161069000110;1213026215;30/03/2021;2021-03-30;similar
ÁGUA ESTÉRIL PARA INJETÁVEIS BEKER;BEKER PRODUTOS FÁRMACO HOSPITALARES LTDA;47.231.121/0001-08;1213160211;30/03/2021;2021-03-30;especifico
cloridrato de lidocaína;CRISTÁLIA PRODUTOS QUÍMICOS FARMACÊUTICOS LTDA.;44.734.671/0001-51;1219793219;30/03/2021;2021-03-30;generico
NASOCLEAN;GLAXOSMITHKLINE BRASIL LTDA;33.247.743/0001-10;1219313215;30/03/2021;2021-03-30;especifico
ACULAR;ALLERGAN PRODUTOS FARMACÊUTICOS LTDA;43.426.626/0001-77;1215422219;30/03/2021;2021-03-30;novo
HALO;CRISTÁLIA PRODUTOS QUÍMICOS FARMACÊUTICOS LTDA.;44.734.671/0001-51;1216764219;30/03/2021;2021-03-30;similar
LEVONORGESTREL;BRAINFARMA INDÚSTRIA QUÍMICA E FARMACÊUTICA S.A;5161069000110;1217979215;30/03/2021;2021-03-30;generico
CETAZIMA;FRESENIUS KABI BRASIL LTDA;49.324.221/0001-04;1215518217;30/03/2021;2021-03-30;similar
TIBOLONA;BRAINFARMA INDÚSTRIA QUÍMICA E FARMACÊUTICA S.A;5161069000110;1212553219;30/03/2021;2021-03-30;generico
BIOVICERIN;GEYER MEDICAMENTOS S.A.;92.670.801/0001-82;1217858216;30/03/2021;2021-03-30;biologico
CLORETO DE SÓDIO BEKER;BEKER PRODUTOS FÁRMACO HOSPITALARES LTDA;47.231.121/0001-08;1215433214;30/03/2021;2021-03-30;especifico
TIBIAL;BRAINFARMA INDÚSTRIA QUÍMICA E FARMACÊUTICA S.A;5161069000110;1217992212;30/03/2021;2021-03-30;similar
MANITOL BEKER;BEKER PRODUTOS FÁRMACO HOSPITALARES LTDA;47.231.121/0001-08;1215539210;30/03/2021;2021-03-30;especifico
NAXOTEC;UNIÃO QUÍMICA FARMACÊUTICA NACIONAL S/A;60.665.981/0001-18;1215525210;30/03/2021;2021-03-30;similar
SOLUÇÃO DE RINGER COM LACTATO DE SÓDIO;BEKER PRODUTOS FÁRMACO HOSPITALARES LTDA;47.231.121/0001-08;1218713215;30/03/2021;2021-03-30;especifico
BAYCUTEN N;BAYER S.A.;18.459.628/0001-15;1214049210;30/03/2021;2021-03-30;novo
desogestrel;BRAINFARMA INDÚSTRIA QUÍMICA E FARMACÊUTICA S.A;5161069000110;1217849217;30/03/2021;2021-03-30;generico
STELAZINE;GLAXOSMITHKLINE BRASIL LTDA;33.247.743/0001-10;1239129218;31/03/2021;2021-03-31;similar
NORVIR;ABBVIE FARMACÊUTICA LTDA.;15.800.545/0001-50;1241481216;31/03/2021;2021-03-31;novo
INVEGA;JANSSEN - CILAG FARMACÊUTICA LTDA;51.780.468/0001-87;1241047211;31/03/2021;2021-03-31;novo
MISCK;VOLPHARMA DISTRIBUIDORA DE PRODUTOS HOSPITALARES E FARMACÊUTICOS LTDA;14.665.928/0001-08;1238660210;31/03/2021;2021-03-31;similar
MENJUGATE;GLAXOSMITHKLINE BRASIL LTDA;33.247.743/0001-10;1240209215;31/03/2021;2021-03-31;biologico
A SAÚDE DA MULHER;EMS S/A;57.507.378/0003-65;1239255213;31/03/2021;2021-03-31;novo
RELENZA;GLAXOSMITHKLINE BRASIL LTDA;33.247.743/0001-10;1239036214;31/03/2021;2021-03-31;novo
FLUMAZIL;CRISTÁLIA PRODUTOS QUÍMICOS FARMACÊUTICOS LTDA.;44.734.671/0001-51;1236692217;31/03/2021;2021-03-31;similar
COSOPT;MUNDIPHARMA BRASIL PRODUTOS MÉDICOS E FARMACÊUTICOS LTDA;15.127.898/0001-30;1233132215;31/03/2021;2021-03-31;novo
EVOMIXAN;FARMARIN INDUSTRIA E COMERCIO LTDA;58.635.830/0001-75;1233361211;31/03/2021;2021-03-31;similar
TIMOPTOL;MUNDIPHARMA BRASIL PRODUTOS MÉDICOS E FARMACÊUTICOS LTDA;15.127.898/0001-30;1230722210;31/03/2021;2021-03-31;novo
ANAFRANIL;NOVARTIS BIOCIENCIAS S.A;56.994.502/0001-30;1253068219;01/04/2021;2021-04-01;novo
BROMIDRATO DE GALANTAMINA;LIBBS FARMACÊUTICA LTDA;61.230.314/0001-75;1249744214;01/04/2021;2021-04-01;generico
SOLUÇÃO DE GLICOSE B. BRAUN;LABORATÓRIOS B. BRAUN S/A;31.673.254/0001-02;1256722211;01/04/2021;2021-04-01;especifico
GLIMEPIRIDA;SANDOZ DO BRASIL INDÚSTRIA FARMACÊUTICA LTDA;61.286.647/0001-16;1254635216;01/04/2021;2021-04-01;generico
CLORIDRATO DE TRAMADOL (PORTARIA 344/98 - LISTA A2);HIPOLABOR FARMACEUTICA LTDA;19.570.720/0001-10;1254665218;01/04/2021;2021-04-01;generico
ALIVIUM;COSMED INDUSTRIA DE COSMETICOS E MEDICAMENTOS S.A.;61.082.426/0002-07;1248219216;01/04/2021;2021-04-01;similar
KWELL;ASPEN PHARMA INDÚSTRIA FARMACÊUTICA LTDA;2433631000120;1255990213;01/04/2021;2021-04-01;novo
SOLUCÃO DE MANITOL 20%;LABORATÓRIOS B. BRAUN S/A;31.673.254/0001-02;1256486219;01/04/2021;2021-04-01;especifico
DORICAL KIDS;LEGRAND PHARMA INDÚSTRIA FARMACÊUTICA LTDA;5044984000126;1255955215;01/04/2021;2021-04-01;especifico
PROPIONATO DE CLOBETASOL;PRATI DONADUZZI & CIA LTDA;73.856.593/0001-66;1250904213;01/04/2021;2021-04-01;generico
RABEPRAZOL SODICO;SANDOZ DO BRASIL INDÚSTRIA FARMACÊUTICA LTDA;61.286.647/0001-16;1255299212;01/04/2021;2021-04-01;generico
citrato de fentanila;FRESENIUS KABI BRASIL LTDA;49.324.221/0001-04;1252246215;01/04/2021;2021-04-01;generico
DICLOFENACO SÓDICO;HIPOLABOR FARMACEUTICA LTDA;19.570.720/0001-10;1255104210;01/04/2021;2021-04-01;generico
cloridrato de granisetrona;HYPOFARMA - INSTITUTO DE HYPODERMIA E FARMÁCIA LTDA;17.174.657/0001-78;1253692210;01/04/2021;2021-04-01;generico
diazepam;HIPOLABOR FARMACEUTICA LTDA;19.570.720/0001-10;1254852219;01/04/2021;2021-04-01;generico
cloridrato de donepezila;SANDOZ DO BRASIL INDÚSTRIA FARMACÊUTICA LTDA;61.286.647/0001-16;1253491219;01/04/2021;2021-04-01;generico
cloridrato de metoclopramida;HIPOLABOR FARMACEUTICA LTDA;19.570.720/0001-10;1254306213;01/04/2021;2021-04-01;generico
B.BRAUN SOLUÇÃO DE RINGER Nº3;LABORATÓRIOS B. BRAUN S/A;31.673.254/0001-02;1256135215;01/04/2021;2021-04-01;especifico
INIPARET;SANDOZ DO BRASIL INDÚSTRIA FARMACÊUTICA LTDA;61.286.647/0001-16;1254968211;01/04/2021;2021-04-01;similar
ACECLOFENACO;RANBAXY FARMACÊUTICA LTDA;73.663.650/0001-90;1254042211;01/04/2021;2021-04-01;generico
LOSARTANA POTÁSSICA;SANDOZ DO BRASIL INDÚSTRIA FARMACÊUTICA LTDA;61.286.647/0001-16;1302022216;05/04/2021;2021-04-05;generico
LORSACOR;SANDOZ DO BRASIL INDÚSTRIA FARMACÊUTICA LTDA;61.286.647/0001-16;1301697211;05/04/2021;2021-04-05;similar
OMEPRAZOL;CRISTÁLIA PRODUTOS QUÍMICOS FARMACÊUTICOS LTDA.;44.734.671/0001-51;1301836211;05/04/2021;2021-04-05;generico
CLORIDRATO DE  SOTALOL;SANDOZ DO BRASIL INDÚSTRIA FARMACÊUTICA LTDA;61.286.647/0001-16;1298375216;05/04/2021;2021-04-05;generico
TRILAX;SANDOZ DO BRASIL INDÚSTRIA FARMACÊUTICA LTDA;61.286.647/0001-16;1299832210;05/04/2021;2021-04-05;similar
XGEVA;AMGEN BIOTECNOLOGIA DO BRASIL LTDA.;18.774.815/0001-93;1299324217;05/04/2021;2021-04-05;biologico
CLORIDRATO DE NORTRIPTILINA;RANBAXY FARMACÊUTICA LTDA;73.663.650/0001-90;1301699217;05/04/2021;2021-04-05;generico
CLORETO DE SÓDIO;HYPOFARMA - INSTITUTO DE HYPODERMIA E FARMÁCIA LTDA;17.174.657/0001-78;1299868211;05/04/2021;2021-04-05;especifico
TRATURIL;APSEN FARMACEUTICA S/A;62.462.015/0001-29;1299194215;05/04/2021;2021-04-05;similar
PARKIDOPA;CRISTÁLIA PRODUTOS QUÍMICOS FARMACÊUTICOS LTDA.;44.734.671/0001-51;1299303214;05/04/2021;2021-04-05;similar
PRESMIN;CRISTÁLIA PRODUTOS QUÍMICOS FARMACÊUTICOS LTDA.;44.734.671/0001-51;1299872219;05/04/2021;2021-04-05;similar
ANDANTOL;Aché Laboratórios Farmacêuticos S.A;60.659.463/0029-92;1318252218;06/04/2021;2021-04-06;similar
MIRTAZAPINA;SANDOZ DO BRASIL INDÚSTRIA FARMACÊUTICA LTDA;61.286.647/0001-16;1316962219;06/04/2021;2021-04-06;generico
cloridrato de ranitidina;GERMED FARMACEUTICA LTDA;45.992.062/0001-65;1317030219;06/04/2021;2021-04-06;generico
CONCOR;MERCK S/A;33.069.212/0001-84;1308917210;06/04/2021;2021-04-06;novo
Aminoven 10% Infant;FRESENIUS KABI BRASIL LTDA;49.324.221/0001-04;1317893218;06/04/2021;2021-04-06;especifico
cloridrato de ranitidina;LEGRAND PHARMA INDÚSTRIA FARMACÊUTICA LTDA;5044984000126;1316457211;06/04/2021;2021-04-06;generico
ROFERON A;PRODUTOS ROCHE QUÍMICOS E FARMACÊUTICOS S.A.;33.009.945/0001-23;1316455214;06/04/2021;2021-04-06;biologico
BETAMETASONA;EMS S/A;57.507.378/0003-65;1314430218;06/04/2021;2021-04-06;generico
CLORIDRATO DE RANITIDINA;EMS S/A;57.507.378/0003-65;1316890218;06/04/2021;2021-04-06;generico
CETOCONAZOL;EMS S/A;57.507.378/0003-65;1317575211;06/04/2021;2021-04-06;generico
ARTICAINE;DFL INDÚSTRIA E COMÉRCIO S/A;33.112.665/0001-46;1318175211;06/04/2021;2021-04-06;similar
DELTAMETRIL;MEDQUIMICA INDUSTRIA FARMACEUTICA LTDA.;17.875.154/0001-20;1316113210;06/04/2021;2021-04-06;similar
CLORIDRATO DE PROPRANOLOL;MEDQUIMICA INDUSTRIA FARMACEUTICA LTDA.;17.875.154/0001-20;1315603219;06/04/2021;2021-04-06;generico
cloridrato de ranitidina;LEGRAND PHARMA INDÚSTRIA FARMACÊUTICA LTDA;5044984000126;1317144215;06/04/2021;2021-04-06;generico
CETOCONAZOL;GERMED FARMACEUTICA LTDA;45.992.062/0001-65;1317855215;06/04/2021;2021-04-06;generico
NITRAPAN;CRISTÁLIA PRODUTOS QUÍMICOS FARMACÊUTICOS LTDA.;44.734.671/0001-51;1311768218;06/04/2021;2021-04-06;similar
ALPHANINE;GRIFOLS BRASIL LTDA;2513899000171;1312895217;06/04/2021;2021-04-06;biologico
NAPRIX A;LIBBS FARMACÊUTICA LTDA;61.230.314/0001-75;1309102216;06/04/2021;2021-04-06;novo
NITROPRUS;CRISTÁLIA PRODUTOS QUÍMICOS FARMACÊUTICOS LTDA.;44.734.671/0001-51;1316014211;06/04/2021;2021-04-06;similar
captopril;MEDQUIMICA INDUSTRIA FARMACEUTICA LTDA.;17.875.154/0001-20;1315528218;06/04/2021;2021-04-06;generico
ATROVEX;MEDQUIMICA INDUSTRIA FARMACEUTICA LTDA.;17.875.154/0001-20;1315402218;06/04/2021;2021-04-06;similar
VITAMINA E;SANDOZ DO BRASIL INDÚSTRIA FARMACÊUTICA LTDA;61.286.647/0001-16;1317853219;06/04/2021;2021-04-06;especifico
fosfato sódico de prednisolona;Aché Laboratórios Farmacêuticos S.A;60.659.463/0029-92;1318295211;06/04/2021;2021-04-06;generico
PROPOTIL;Midfarma Produtos Farmaceuticos Ltda;13.863.381/0001-84;1316085211;06/04/2021;2021-04-06;similar
LOSARTANA POTASSICA+HIDROCLOROTIAZIDA;SANDOZ DO BRASIL INDÚSTRIA FARMACÊUTICA LTDA;61.286.647/0001-16;1316228214;06/04/2021;2021-04-06;generico
CLORIDRATO DE AMBROXOL;Aché Laboratórios Farmacêuticos S.A;60.659.463/0029-92;1318162219;06/04/2021;2021-04-06;generico
BERINERT;CSL BEHRING COMÉRCIO DE PRODUTOS FARMACÊUTICOS LTDA;62.969.589/0001-98;1312772211;06/04/2021;2021-04-06;biologico
COMPLEXO B MEDQUÍMICA;MEDQUIMICA INDUSTRIA FARMACEUTICA LTDA.;17.875.154/0001-20;1315766213;06/04/2021;2021-04-06;especifico
PRESSOFLUX;MEDQUIMICA INDUSTRIA FARMACEUTICA LTDA.;17.875.154/0001-20;1316574217;06/04/2021;2021-04-06;similar
DICLORIDRATO DE LEVOCETIRIZINA;SUN FARMACÊUTICA DO BRASIL LTDA;5035244000123;1316796211;06/04/2021;2021-04-06;generico
CLORETO DE SODIO;FARMACE INDÚSTRIA QUÍMICO-FARMACÊUTICA CEARENSE LTDA;6628333000146;1316564210;06/04/2021;2021-04-06;especifico
RESFENOL;KLEY HERTZ FARMACEUTICA S.A;92.695.691/0001-03;1333719210;07/04/2021;2021-04-07;novo
BENEROC;BAYER S.A.;18.459.628/0001-15;1331616218;07/04/2021;2021-04-07;especifico
nitrato de isoconazol;EMS S/A;57.507.378/0003-65;1330071217;07/04/2021;2021-04-07;generico
BRONXOL;CIFARMA CIENTÍFICA FARMACÊUTICA LTDA;17.562.075/0001-69;1332842215;07/04/2021;2021-04-07;similar
AMPICILINA;PRATI DONADUZZI & CIA LTDA;73.856.593/0001-66;1328894216;07/04/2021;2021-04-07;generico
RISPALUM;SANDOZ DO BRASIL INDÚSTRIA FARMACÊUTICA LTDA;61.286.647/0001-16;1325209217;07/04/2021;2021-04-07;similar
HEMIFUMARATO DE BISOPROLOL;MERCK S/A;33.069.212/0001-84;1326256214;07/04/2021;2021-04-07;generico
DESFERAL;NOVARTIS BIOCIENCIAS S.A;56.994.502/0001-30;1331735211;07/04/2021;2021-04-07;novo
MUVINLAX;LIBBS FARMACÊUTICA LTDA;61.230.314/0001-75;1327785215;07/04/2021;2021-04-07;especifico
alendronato de sódio;NOVARTIS BIOCIENCIAS S.A;56.994.502/0001-30;1333376213;07/04/2021;2021-04-07;generico
OXYDERME;CIFARMA CIENTÍFICA FARMACÊUTICA LTDA;17.562.075/0001-69;1331481215;07/04/2021;2021-04-07;similar
NAPRIX;LIBBS FARMACÊUTICA LTDA;61.230.314/0001-75;1327634214;07/04/2021;2021-04-07;similar
CALDROX D;DROXTER INDUSTRIA, COMÉRCIO E PARTICIPAÇÕES LTDA;5090043000129;1331611217;07/04/2021;2021-04-07;especifico
CLORIDRATO DE OXIMETAZOLINA;EMS S/A;57.507.378/0003-65;1329566217;07/04/2021;2021-04-07;generico
CLORIDRATO DE RANITIDINA;EMS S/A;57.507.378/0003-65;1328980212;07/04/2021;2021-04-07;generico
Mezp;CRISTÁLIA PRODUTOS QUÍMICOS FARMACÊUTICOS LTDA.;44.734.671/0001-51;1331772215;07/04/2021;2021-04-07;similar
besilato de anlodipino;ACCORD FARMACÊUTICA LTDA;64.171.697/0001-46;1330918218;07/04/2021;2021-04-07;generico
VITAMINA C INJETÁVEL;FARMACE INDÚSTRIA QUÍMICO-FARMACÊUTICA CEARENSE LTDA;6628333000146;1326334210;07/04/2021;2021-04-07;especifico
PROPIONATO DE CLOBETASOL;EMS S/A;57.507.378/0003-65;1330370218;07/04/2021;2021-04-07;generico
hemitartarato de norepinefrina;HYPOFARMA - INSTITUTO DE HYPODERMIA E FARMÁCIA LTDA;17.174.657/0001-78;1330805210;07/04/2021;2021-04-07;generico
Propionato de clobetasol;EMS S/A;57.507.378/0003-65;1330216217;07/04/2021;2021-04-07;generico
Propionato de clobetasol;GERMED FARMACEUTICA LTDA;45.992.062/0001-65;1330250217;07/04/2021;2021-04-07;generico
SIRDALUD;NOVARTIS BIOCIENCIAS S.A;56.994.502/0001-30;1332242217;07/04/2021;2021-04-07;novo
PROPIONATO DE CLOBETASOL;GERMED FARMACEUTICA LTDA;45.992.062/0001-65;1331331212;07/04/2021;2021-04-07;generico
algestona acetofenida + enantato de estradiol;CIFARMA CIENTÍFICA FARMACÊUTICA LTDA;17.562.075/0001-69;1346447217;08/04/2021;2021-04-08;generico
DEXADEN;CIFARMA CIENTÍFICA FARMACÊUTICA LTDA;17.562.075/0001-69;1342147216;08/04/2021;2021-04-08;similar
HIDROCORTISONA;EMS S/A;57.507.378/0003-65;1347246211;08/04/2021;2021-04-08;generico
METRONIDAZOL;HYPOFARMA - INSTITUTO DE HYPODERMIA E FARMÁCIA LTDA;17.174.657/0001-78;1347213215;08/04/2021;2021-04-08;generico
cilostazol;Aché Laboratórios Farmacêuticos S.A;60.659.463/0029-92;1346311210;08/04/2021;2021-04-08;generico
GLICOSE A 5% + CLORETO DE SÓDIO A 0,9%;LABORATÓRIOS B. BRAUN S/A;31.673.254/0001-02;1347441213;08/04/2021;2021-04-08;especifico
MONONITRATO DE ISOSSORBIDA;Aché Laboratórios Farmacêuticos S.A;60.659.463/0029-92;1348472219;08/04/2021;2021-04-08;generico
FLORENT;CIFARMA CIENTÍFICA FARMACÊUTICA LTDA;17.562.075/0001-69;1345764211;08/04/2021;2021-04-08;biologico
BRONDILAT;Aché Laboratórios Farmacêuticos S.A;60.659.463/0029-92;1346235211;08/04/2021;2021-04-08;similar
ULTERON;CIFARMA CIENTÍFICA FARMACÊUTICA LTDA;17.562.075/0001-69;1344381210;08/04/2021;2021-04-08;similar
SOLUÇÃO DE CLORETO DE SODIO B.BRAUN;LABORATÓRIOS B. BRAUN S/A;31.673.254/0001-02;1349101216;08/04/2021;2021-04-08;especifico
CLORIDRATO DE AZELASTINA;EMS S/A;57.507.378/0003-65;1348480210;08/04/2021;2021-04-08;generico
BUTILBROMETO DE ESCOPOLAMINA;FARMACE INDÚSTRIA QUÍMICO-FARMACÊUTICA CEARENSE LTDA;6628333000146;1346450217;08/04/2021;2021-04-08;generico
fulvestranto;DR. REDDYS FARMACÊUTICA DO BRASIL LTDA;3978166000175;1346420215;08/04/2021;2021-04-08;generico
BRAVITAN;DROXTER INDUSTRIA, COMÉRCIO E PARTICIPAÇÕES LTDA;5090043000129;1346916219;08/04/2021;2021-04-08;especifico
CATAFLEXYM;CIFARMA CIENTÍFICA FARMACÊUTICA LTDA;17.562.075/0001-69;1341500210;08/04/2021;2021-04-08;similar
Caab;ACCORD FARMACÊUTICA LTDA;64.171.697/0001-46;1348349218;08/04/2021;2021-04-08;similar
GRIPEOL;CIFARMA CIENTÍFICA FARMACÊUTICA LTDA;17.562.075/0001-69;1347021213;08/04/2021;2021-04-08;similar
repaglinida;EMS S/A;57.507.378/0003-65;1347690214;08/04/2021;2021-04-08;generico
Gerilon;CIFARMA CIENTÍFICA FARMACÊUTICA LTDA;17.562.075/0001-69;1346694211;08/04/2021;2021-04-08;especifico
ZOFRAN;NOVARTIS BIOCIENCIAS S.A;56.994.502/0001-30;1348357219;08/04/2021;2021-04-08;novo
enantato de noretisterona + valerato de estradiol;CIFARMA CIENTÍFICA FARMACÊUTICA LTDA;17.562.075/0001-69;1346931212;08/04/2021;2021-04-08;generico
AZNITE;EMS S/A;57.507.378/0003-65;1348588211;08/04/2021;2021-04-08;similar
COBAPETIT;CIFARMA CIENTÍFICA FARMACÊUTICA LTDA;17.562.075/0001-69;1341600216;08/04/2021;2021-04-08;similar
VASOGARD;Aché Laboratórios Farmacêuticos S.A;60.659.463/0029-92;1348789212;08/04/2021;2021-04-08;similar
ACICLOVIR;Aché Laboratórios Farmacêuticos S.A;60.659.463/0029-92;1346024212;08/04/2021;2021-04-08;generico
gestodeno + etinilestradiol;MABRA FARMACEUTICA LTDA;9545589000188;1343880218;08/04/2021;2021-04-08;generico
VANCOCINA CP;ANTIBIÓTICOS DO BRASIL LTDA;5439635000103;1347549215;08/04/2021;2021-04-08;novo
GASTROLIV;CIFARMA CIENTÍFICA FARMACÊUTICA LTDA;17.562.075/0001-69;1346150218;08/04/2021;2021-04-08;especifico
COMBIRON FÓLICO;Aché Laboratórios Farmacêuticos S.A;60.659.463/0029-92;1346318217;08/04/2021;2021-04-08;especifico
deferasirox;PRATI DONADUZZI & CIA LTDA;73.856.593/0001-66;1342314212;08/04/2021;2021-04-08;generico
CANDESARTANA CILEXETILA;GERMED FARMACEUTICA LTDA;45.992.062/0001-65;1345750211;08/04/2021;2021-04-08;generico
FLUTICAPS;Aché Laboratórios Farmacêuticos S.A;60.659.463/0029-92;1347260217;08/04/2021;2021-04-08;similar
CANDESARTANA CILEXETILA;EMS S/A;57.507.378/0003-65;1344835218;08/04/2021;2021-04-08;generico
TILUGEN;BRAINFARMA INDÚSTRIA QUÍMICA E FARMACÊUTICA S.A;5161069000110;1343264218;08/04/2021;2021-04-08;similar
BROMOPRIDA;PRATI DONADUZZI & CIA LTDA;73.856.593/0001-66;1347115215;08/04/2021;2021-04-08;generico
CRONOBÊ;BIOLAB SANUS FARMACÊUTICA LTDA;49.475.833/0001-06;1360538211;09/04/2021;2021-04-09;especifico
PEMEGLENN;GLENMARK FARMACÊUTICA LTDA;44.363.661/0001-57;1362146217;09/04/2021;2021-04-09;similar
PLAKETAR;BIOLAB SANUS FARMACÊUTICA LTDA;49.475.833/0001-06;1359605215;09/04/2021;2021-04-09;similar
dipirona monoidratada;HIPOLABOR FARMACEUTICA LTDA;19.570.720/0001-10;1362773212;09/04/2021;2021-04-09;generico
ACICLOVIR;UNIÃO QUÍMICA FARMACÊUTICA NACIONAL S/A;60.665.981/0001-18;1357360218;09/04/2021;2021-04-09;generico
ENVID;BIOLAB SANUS FARMACÊUTICA LTDA;49.475.833/0001-06;1359580216;09/04/2021;2021-04-09;especifico
GYNAZOLE-1;EMS SIGMA PHARMA LTDA;923140000131;1362509218;09/04/2021;2021-04-09;novo
fenitoína sódica;HIPOLABOR FARMACEUTICA LTDA;19.570.720/0001-10;1362795213;09/04/2021;2021-04-09;generico
DICLOFENACO SÓDICO;EMS S/A;57.507.378/0003-65;1361803212;09/04/2021;2021-04-09;generico
APEVITIN BC;EMS S/A;57.507.378/0003-65;1361540218;09/04/2021;2021-04-09;novo
BIOMAG;Aché Laboratórios Farmacêuticos S.A;60.659.463/0029-92;1354509214;09/04/2021;2021-04-09;similar
ADINOS GEN;Aché Laboratórios Farmacêuticos S.A;60.659.463/0029-92;1354188219;09/04/2021;2021-04-09;novo
cloridrato de vancomicina;ANTIBIÓTICOS DO BRASIL LTDA;5439635000103;1358221216;09/04/2021;2021-04-09;generico
FENITAL ORAL;CRISTÁLIA PRODUTOS QUÍMICOS FARMACÊUTICOS LTDA.;44.734.671/0001-51;1362739212;09/04/2021;2021-04-09;similar
Xifaxan;BIOLAB SANUS FARMACÊUTICA LTDA;49.475.833/0001-06;1360637219;09/04/2021;2021-04-09;novo
ADINOS;Aché Laboratórios Farmacêuticos S.A;60.659.463/0029-92;1354198216;09/04/2021;2021-04-09;novo
flumazenil;HIPOLABOR FARMACEUTICA LTDA;19.570.720/0001-10;1362915218;09/04/2021;2021-04-09;generico
DRENISON;BIOLAB SANUS FARMACÊUTICA LTDA;49.475.833/0001-06;1359453212;09/04/2021;2021-04-09;novo
cloridrato de hidroxizina;GERMED FARMACEUTICA LTDA;45.992.062/0001-65;1362806212;09/04/2021;2021-04-09;generico
EXPEC;LEGRAND PHARMA INDÚSTRIA FARMACÊUTICA LTDA;5044984000126;1361315214;09/04/2021;2021-04-09;similar
cloridrato de ticlopidina;BIOLAB SANUS FARMACÊUTICA LTDA;49.475.833/0001-06;1358508218;09/04/2021;2021-04-09;generico
FOSFATO DE CLINDAMICINA;HIPOLABOR FARMACEUTICA LTDA;19.570.720/0001-10;1363016214;09/04/2021;2021-04-09;generico
LORATADINA + SULFATO DE PSEUDOEFEDRINA;GERMED FARMACEUTICA LTDA;45.992.062/0001-65;1363018211;09/04/2021;2021-04-09;generico
DEPOSTERON;EMS SIGMA PHARMA LTDA;923140000131;1362408213;09/04/2021;2021-04-09;similar
Nitrato de Miconazol;PRATI DONADUZZI & CIA LTDA;73.856.593/0001-66;1355229215;09/04/2021;2021-04-09;generico
PRESS PLUS;BIOLAB SANUS FARMACÊUTICA LTDA;49.475.833/0001-06;1360954218;09/04/2021;2021-04-09;similar
hidroxiuréia;LABORATORIO QUIMICO FARMACEUTICO DA AERONAUTICA;394429009914;1357829214;09/04/2021;2021-04-09;generico
hidroxiuréia;INSTITUTO VITAL BRAZIL S/A;30.064.034/0001-00;1359582212;09/04/2021;2021-04-09;generico
Furosemida;HIPOLABOR FARMACEUTICA LTDA;19.570.720/0001-10;1363075210;09/04/2021;2021-04-09;generico
VENZER;LIBBS FARMACÊUTICA LTDA;61.230.314/0001-75;1358506211;09/04/2021;2021-04-09;similar
PEMETREXEDE;GLENMARK FARMACÊUTICA LTDA;44.363.661/0001-57;1362326215;09/04/2021;2021-04-09;generico
claquinona;GERMED FARMACEUTICA LTDA;45.992.062/0001-65;1374042213;10/04/2021;2021-04-10;similar
HIDROQUINONA;GERMED FARMACEUTICA LTDA;45.992.062/0001-65;1373814213;10/04/2021;2021-04-10;generico
METROFARMA;FARMACE INDÚSTRIA QUÍMICO-FARMACÊUTICA CEARENSE LTDA;6628333000146;1370527210;10/04/2021;2021-04-10;similar
LUMIDERM;EMS SIGMA PHARMA LTDA;923140000131;1373658212;10/04/2021;2021-04-10;similar
PREDMICIN;EMS S/A;57.507.378/0003-65;1381803211;11/04/2021;2021-04-11;novo
Arpejo;EMS S/A;57.507.378/0003-65;1382299213;11/04/2021;2021-04-11;novo
NARIDRIN;EMS S/A;57.507.378/0003-65;1382077210;11/04/2021;2021-04-11;novo
HIDROQUINONA;EMS S/A;57.507.378/0003-65;1381805218;11/04/2021;2021-04-11;generico
BROMIL;EMS S/A;57.507.378/0003-65;1381809211;11/04/2021;2021-04-11;novo
HIDROPEEK;EMS S/A;57.507.378/0003-65;1381605215;11/04/2021;2021-04-11;similar
ampicilina;EMS S/A;57.507.378/0003-65;1381807214;11/04/2021;2021-04-11;generico
EMISTIN;EMS S/A;57.507.378/0003-65;1381949216;11/04/2021;2021-04-11;novo
diclofenaco dietilamônio;GERMED FARMACEUTICA LTDA;45.992.062/0001-65;1396794211;12/04/2021;2021-04-12;generico
furoato de mometasona;EMS S/A;57.507.378/0003-65;1394539214;12/04/2021;2021-04-12;generico
MINEROVIT;CIFARMA CIENTÍFICA FARMACÊUTICA LTDA;17.562.075/0001-69;1398092211;12/04/2021;2021-04-12;especifico
clotrimazol + acetato de dexametasona;GERMED FARMACEUTICA LTDA;45.992.062/0001-65;1396285210;12/04/2021;2021-04-12;generico
FUROATO DE MOMETASONA;GERMED FARMACEUTICA LTDA;45.992.062/0001-65;1393701214;12/04/2021;2021-04-12;generico
DRENIFORMIO;BIOLAB SANUS FARMACÊUTICA LTDA;49.475.833/0001-06;1395168218;12/04/2021;2021-04-12;similar
SIMECO PLUS;EUROFARMA LABORATÓRIOS S.A.;61.190.096/0001-92;1392300215;12/04/2021;2021-04-12;especifico
TEVACARBO;TEVA FARMACÊUTICA LTDA.;5333542000108;1401046211;12/04/2021;2021-04-12;similar
BRECILA;ACCORD FARMACÊUTICA LTDA;64.171.697/0001-46;1395951214;12/04/2021;2021-04-12;similar
FUROATO DE MOMETASONA;EMS S/A;57.507.378/0003-65;1393445217;12/04/2021;2021-04-12;generico
CEDROXIL;LEGRAND PHARMA INDÚSTRIA FARMACÊUTICA LTDA;5044984000126;1398947212;12/04/2021;2021-04-12;similar
EUPEPT;CIFARMA CIENTÍFICA FARMACÊUTICA LTDA;17.562.075/0001-69;1395878210;12/04/2021;2021-04-12;similar
CYFENOL;CIFARMA CIENTÍFICA FARMACÊUTICA LTDA;17.562.075/0001-69;1397368211;12/04/2021;2021-04-12;similar
aciclovir;CIFARMA CIENTÍFICA FARMACÊUTICA LTDA;17.562.075/0001-69;1395533211;12/04/2021;2021-04-12;generico
PERGOVERIS;MERCK S/A;33.069.212/0001-84;1398734218;12/04/2021;2021-04-12;biologico
Abelcet;TEVA FARMACÊUTICA LTDA.;5333542000108;1399772216;12/04/2021;2021-04-12;novo
FLUOCINOLONA ACETONIDA +  SULFATO DE POLIMIXINA B + SULFATO DE NEOMICINA + CLORIDRATO DE LIDOCAÍNA;LEGRAND PHARMA INDÚSTRIA FARMACÊUTICA LTDA;5044984000126;1398509214;12/04/2021;2021-04-12;generico
ALBENDAZOL;LEGRAND PHARMA INDÚSTRIA FARMACÊUTICA LTDA;5044984000126;1398660211;12/04/2021;2021-04-12;generico
acebrofilina;EMS S/A;57.507.378/0003-65;1399037213;12/04/2021;2021-04-12;generico
ALBENDAZOL;EMS S/A;57.507.378/0003-65;1398225217;12/04/2021;2021-04-12;generico
CETOCONAZOL;EMS S/A;57.507.378/0003-65;1398931216;12/04/2021;2021-04-12;generico
BIOFLADEX;EMS S/A;57.507.378/0003-65;1397270217;12/04/2021;2021-04-12;similar
DICLOAIR;LEGRAND PHARMA INDÚSTRIA FARMACÊUTICA LTDA;5044984000126;1398847216;12/04/2021;2021-04-12;similar
PHASTER;EMS SIGMA PHARMA LTDA;923140000131;1399035217;12/04/2021;2021-04-12;similar
FUROATO DE MOMETASONA;GERMED FARMACEUTICA LTDA;45.992.062/0001-65;1394250216;12/04/2021;2021-04-12;generico
HIDROCORTE;LEGRAND PHARMA INDÚSTRIA FARMACÊUTICA LTDA;5044984000126;1398329216;12/04/2021;2021-04-12;similar
FOLIN;GEYER MEDICAMENTOS S.A.;92.670.801/0001-82;1396538217;12/04/2021;2021-04-12;especifico
CLEANKINOL;LEGRAND PHARMA INDÚSTRIA FARMACÊUTICA LTDA;5044984000126;1398396212;12/04/2021;2021-04-12;similar
nimesulida;Aché Laboratórios Farmacêuticos S.A;60.659.463/0029-92;1398394216;12/04/2021;2021-04-12;generico
BRONCOLEX;LEGRAND PHARMA INDÚSTRIA FARMACÊUTICA LTDA;5044984000126;1399117215;12/04/2021;2021-04-12;similar
NAUSILON B6;CIFARMA CIENTÍFICA FARMACÊUTICA LTDA;17.562.075/0001-69;1398404217;12/04/2021;2021-04-12;similar
LIDOCAÍNA;EMS S/A;57.507.378/0003-65;1394806217;12/04/2021;2021-04-12;generico
CEFADROXILA;EMS S/A;57.507.378/0003-65;1398754212;12/04/2021;2021-04-12;generico
NOREGYNA;CIFARMA CIENTÍFICA FARMACÊUTICA LTDA;17.562.075/0001-69;1398517215;12/04/2021;2021-04-12;similar
domperidona;SANOFI MEDLEY FARMACÊUTICA LTDA.;10.588.595/0010-92;1388931211;12/04/2021;2021-04-12;generico
LOFERT;CIFARMA CIENTÍFICA FARMACÊUTICA LTDA;17.562.075/0001-69;1397655219;12/04/2021;2021-04-12;similar
FAULDFLUOR;LIBBS FARMACÊUTICA LTDA;61.230.314/0001-75;1395846211;12/04/2021;2021-04-12;similar
acebrofilina;LEGRAND PHARMA INDÚSTRIA FARMACÊUTICA LTDA;5044984000126;1399115219;12/04/2021;2021-04-12;generico
acebrofilina;GERMED FARMACEUTICA LTDA;45.992.062/0001-65;1399128211;12/04/2021;2021-04-12;generico
cloridrato de lidocaína;EMS S/A;57.507.378/0003-65;1394319217;12/04/2021;2021-04-12;generico
FULVESTRANTO;TEVA FARMACÊUTICA LTDA.;5333542000108;1399510213;12/04/2021;2021-04-12;generico
ASPARGIL C;CIFARMA CIENTÍFICA FARMACÊUTICA LTDA;17.562.075/0001-69;1395460211;12/04/2021;2021-04-12;especifico
NICOTINELL;PF Consumer Healthcare Brazil Importadora e Distribuidora de Medicamentos Ltda;30.872.270/0001-53;1397768217;12/04/2021;2021-04-12;similar
NASOFLUID;CIFARMA CIENTÍFICA FARMACÊUTICA LTDA;17.562.075/0001-69;1398246210;12/04/2021;2021-04-12;similar
NORIDERM;EMS S/A;57.507.378/0003-65;1398942211;12/04/2021;2021-04-12;generico
SUPRENIQ;TEVA FARMACÊUTICA LTDA.;5333542000108;1399663211;12/04/2021;2021-04-12;generico
paracetamol;CIFARMA CIENTÍFICA FARMACÊUTICA LTDA;17.562.075/0001-69;1397407216;12/04/2021;2021-04-12;generico
ACIVIRAX;CIFARMA CIENTÍFICA FARMACÊUTICA LTDA;17.562.075/0001-69;1395442213;12/04/2021;2021-04-12;similar
HIDROQUINONA;LEGRAND PHARMA INDÚSTRIA FARMACÊUTICA LTDA;5044984000126;1398254211;12/04/2021;2021-04-12;generico
TOBRAZOL;TEVA FARMACÊUTICA LTDA.;5333542000108;1399113212;12/04/2021;2021-04-12;similar
CARVEROL;UNIÃO QUÍMICA FARMACÊUTICA NACIONAL S/A;60.665.981/0001-18;1391498217;12/04/2021;2021-04-12;especifico
MENOPRIN;CIFARMA CIENTÍFICA FARMACÊUTICA LTDA;17.562.075/0001-69;1397849217;12/04/2021;2021-04-12;similar
mesalazina;PRATI DONADUZZI & CIA LTDA;73.856.593/0001-66;1413424211;13/04/2021;2021-04-13;generico
BREVIBLOC DILUÍDO;CRISTÁLIA PRODUTOS QUÍMICOS FARMACÊUTICOS LTDA.;44.734.671/0001-51;1414675214;13/04/2021;2021-04-13;novo
FUNGONAZOL;MEDQUIMICA INDUSTRIA FARMACEUTICA LTDA.;17.875.154/0001-20;1412225211;13/04/2021;2021-04-13;similar
MUPIROX;EMS S/A;57.507.378/0003-65;1411178211;13/04/2021;2021-04-13;similar
MALEATO DE DEXCLORFENIRAMINA;FARMACE INDÚSTRIA QUÍMICO-FARMACÊUTICA CEARENSE LTDA;6628333000146;1413627219;13/04/2021;2021-04-13;generico
BETNOVATE N;GLAXOSMITHKLINE BRASIL LTDA;33.247.743/0001-10;1409177211;13/04/2021;2021-04-13;novo
levonorgestrel + etinilestradiol;RANBAXY FARMACÊUTICA LTDA;73.663.650/0001-90;1411269218;13/04/2021;2021-04-13;generico
LORATADINA;MEDQUIMICA INDUSTRIA FARMACEUTICA LTDA.;17.875.154/0001-20;1412158211;13/04/2021;2021-04-13;generico
CICLOPIROX OLAMINA;EMS S/A;57.507.378/0003-65;1411144216;13/04/2021;2021-04-13;generico
GRIPINEW;MEDQUIMICA INDUSTRIA FARMACEUTICA LTDA.;17.875.154/0001-20;1414114211;13/04/2021;2021-04-13;similar
FLUIR;COSMED INDUSTRIA DE COSMETICOS E MEDICAMENTOS S.A.;61.082.426/0002-07;1416652216;13/04/2021;2021-04-13;similar
REYATAZ;BRISTOL - MYERS SQUIBB FARMACÊUTICA LTDA;56.998.982/0001-07;1417448211;13/04/2021;2021-04-13;novo
Redoxon Tripla Ação CR;BAYER S.A.;18.459.628/0001-15;1415215211;13/04/2021;2021-04-13;especifico
CLORIDRATO DE SIBUTRAMINA MONOIDRATADO;Aché Laboratórios Farmacêuticos S.A;60.659.463/0029-92;1408105219;13/04/2021;2021-04-13;generico
POLAREN;CIFARMA CIENTÍFICA FARMACÊUTICA LTDA;17.562.075/0001-69;1409326210;13/04/2021;2021-04-13;similar
ENTOCORT;BIOLAB SANUS FARMACÊUTICA LTDA;49.475.833/0001-06;1412656217;13/04/2021;2021-04-13;novo
CICLOPIROX OLAMINA;LEGRAND PHARMA INDÚSTRIA FARMACÊUTICA LTDA;5044984000126;1411278217;13/04/2021;2021-04-13;generico
PRESSTOPRIL;MEDQUIMICA INDUSTRIA FARMACEUTICA LTDA.;17.875.154/0001-20;1412361214;13/04/2021;2021-04-13;similar
SERENUS;BIOLAB SANUS FARMACÊUTICA LTDA;49.475.833/0001-06;1413013211;13/04/2021;2021-04-13;fitoterapico
HEMATOM;BIOLAB SANUS FARMACÊUTICA LTDA;49.475.833/0001-06;1413288215;13/04/2021;2021-04-13;similar
nimesulida;CIFARMA CIENTÍFICA FARMACÊUTICA LTDA;17.562.075/0001-69;1409910211;13/04/2021;2021-04-13;generico
PREGNOLAN;CIFARMA CIENTÍFICA FARMACÊUTICA LTDA;17.562.075/0001-69;1409474216;13/04/2021;2021-04-13;similar
BACINANTRAT;LABORATÓRIO GLOBO SA;17.115.437/0001-73;1413734218;13/04/2021;2021-04-13;similar
RUBROMICIN;PRATI DONADUZZI & CIA LTDA;73.856.593/0001-66;1409658217;13/04/2021;2021-04-13;similar
FOSFATO DISSÓDICO DE BETAMENTASONA;FRESENIUS KABI BRASIL LTDA;49.324.221/0001-04;1414339219;13/04/2021;2021-04-13;generico
VARICOSS;CIFARMA CIENTÍFICA FARMACÊUTICA LTDA;17.562.075/0001-69;1410524211;13/04/2021;2021-04-13;especifico
POSLOV;CIFARMA CIENTÍFICA FARMACÊUTICA LTDA;17.562.075/0001-69;1409439218;13/04/2021;2021-04-13;similar
CICLOPIROX OLAMINA;GERMED FARMACEUTICA LTDA;45.992.062/0001-65;1411273216;13/04/2021;2021-04-13;generico
TILONAX;CIFARMA CIENTÍFICA FARMACÊUTICA LTDA;17.562.075/0001-69;1410361213;13/04/2021;2021-04-13;similar
esomeprazol sódico;ACCORD FARMACÊUTICA LTDA;64.171.697/0001-46;1410857217;13/04/2021;2021-04-13;generico
VARIFLUX;CIFARMA CIENTÍFICA FARMACÊUTICA LTDA;17.562.075/0001-69;1410854212;13/04/2021;2021-04-13;especifico
imipenem + cilastatina sódica;FRESENIUS KABI BRASIL LTDA;49.324.221/0001-04;1412773213;13/04/2021;2021-04-13;generico
SORINE;Aché Laboratórios Farmacêuticos S.A;60.659.463/0029-92;1408127210;13/04/2021;2021-04-13;similar
sulfato de neomicina + bacitracina zíncica;LABORATÓRIO GLOBO SA;17.115.437/0001-73;1413867211;13/04/2021;2021-04-13;generico
NISTATINA + OXIDO DE ZINCO;LABORATÓRIO GLOBO SA;17.115.437/0001-73;1413029217;13/04/2021;2021-04-13;generico
TINIDAZOL;GERMED FARMACEUTICA LTDA;45.992.062/0001-65;1411139210;13/04/2021;2021-04-13;generico
BUTILBROMETO DE ESCOPOLAMINA + DIPIRONA SÓDICA;FARMACE INDÚSTRIA QUÍMICO-FARMACÊUTICA CEARENSE LTDA;6628333000146;1410602217;13/04/2021;2021-04-13;generico
GENTAMICIN;FRESENIUS KABI BRASIL LTDA;49.324.221/0001-04;1412265211;13/04/2021;2021-04-13;similar
IBUPROMED;MEDQUIMICA INDUSTRIA FARMACEUTICA LTDA.;17.875.154/0001-20;1412738215;13/04/2021;2021-04-13;similar
ACNASE;BIOLAB SANUS FARMACÊUTICA LTDA;49.475.833/0001-06;1430767217;14/04/2021;2021-04-14;similar
SINUSTRAT VASOCONSTRICTOR;BIOLAB SANUS FARMACÊUTICA LTDA;49.475.833/0001-06;1430969216;14/04/2021;2021-04-14;similar
dexametasona;FARMACE INDÚSTRIA QUÍMICO-FARMACÊUTICA CEARENSE LTDA;6628333000146;1424556216;14/04/2021;2021-04-14;generico
BYCAL;ACCORD FARMACÊUTICA LTDA;64.171.697/0001-46;1431933211;14/04/2021;2021-04-14;similar
SULFATO DE EFEDRINA;HIPOLABOR FARMACEUTICA LTDA;19.570.720/0001-10;1428443210;14/04/2021;2021-04-14;generico
CLORIDRATO DE TERBINAFINA;GERMED FARMACEUTICA LTDA;45.992.062/0001-65;1432260219;14/04/2021;2021-04-14;generico
FAULDLEUCO;LIBBS FARMACÊUTICA LTDA;61.230.314/0001-75;1423970211;14/04/2021;2021-04-14;similar
ESKAVIT;HIPOLABOR FARMACEUTICA LTDA;19.570.720/0001-10;1428139212;14/04/2021;2021-04-14;especifico
CLORIDRATO DE TERBINAFINA;EMS S/A;57.507.378/0003-65;1432180217;14/04/2021;2021-04-14;generico
esomeprazol magnésico;RANBAXY FARMACÊUTICA LTDA;73.663.650/0001-90;1429682219;14/04/2021;2021-04-14;generico
sulfato de morfina;HIPOLABOR FARMACEUTICA LTDA;19.570.720/0001-10;1428449219;14/04/2021;2021-04-14;generico
MUCOBRONQ;NATULAB LABORATÓRIO S.A;2456955000183;1431189215;14/04/2021;2021-04-14;similar
GLYMRYL;ACCORD FARMACÊUTICA LTDA;64.171.697/0001-46;1429099215;14/04/2021;2021-04-14;similar
SOLUÇÃO PARA DIÁLISE PERITONIAL COM GLICOSE;BEKER PRODUTOS FÁRMACO HOSPITALARES LTDA;47.231.121/0001-08;1430357214;14/04/2021;2021-04-14;especifico
HIPOGLÓS;JANSSEN-CILAG FARMACÊUTICA LTDA;51.780.468/0001-87;1427661215;14/04/2021;2021-04-14;especifico
CLORIDRATO DE AMBROXOL;FARMACE INDÚSTRIA QUÍMICO-FARMACÊUTICA CEARENSE LTDA;6628333000146;1424214211;14/04/2021;2021-04-14;generico
ORLISTATE;ACCORD FARMACÊUTICA LTDA;64.171.697/0001-46;1429388219;14/04/2021;2021-04-14;generico
CEVITA;LABORATÓRIO TEUTO BRASILEIRO S/A;17.159.229/0001-76;1430049214;14/04/2021;2021-04-14;especifico
RISPERAC;ACCORD FARMACÊUTICA LTDA;64.171.697/0001-46;1429562218;14/04/2021;2021-04-14;similar
SULFATO DE AMICACINA;HIPOLABOR FARMACEUTICA LTDA;19.570.720/0001-10;1428240212;14/04/2021;2021-04-14;generico
VARIZIL;DROXTER INDUSTRIA, COMÉRCIO E PARTICIPAÇÕES LTDA;5090043000129;1427201216;14/04/2021;2021-04-14;fitoterapico
SOLUÇÃO FISIOLÓGICA DE RINGER COM LACTATO;EUROFARMA LABORATÓRIOS S.A.;61.190.096/0001-92;1425827217;14/04/2021;2021-04-14;especifico
Vatis;LIBBS FARMACÊUTICA LTDA;61.230.314/0001-75;1427096210;14/04/2021;2021-04-14;novo
FLUORURACILA;ACCORD FARMACÊUTICA LTDA;64.171.697/0001-46;1431073212;14/04/2021;2021-04-14;generico
bicalutamida;ACCORD FARMACÊUTICA LTDA;64.171.697/0001-46;1432027214;14/04/2021;2021-04-14;generico
cloridrato de ranitidina;EUROFARMA LABORATÓRIOS S.A.;61.190.096/0001-92;1429920218;14/04/2021;2021-04-14;generico
CLORIDRATO DE TERBINAFINA;EMS S/A;57.507.378/0003-65;1432171218;14/04/2021;2021-04-14;generico
Carbaglu;RECORDATI RARE DISEASES COMÉRCIO DE MEDICAMENTOS LTDA  - ME;53.056.057/0001-79;1431237219;14/04/2021;2021-04-14;novo
ESTALIS;NOVARTIS BIOCIENCIAS S.A;56.994.502/0001-30;1432476218;14/04/2021;2021-04-14;novo
TENOXICAM;EMS S/A;57.507.378/0003-65;1430260218;14/04/2021;2021-04-14;generico
FEMARA;NOVARTIS BIOCIENCIAS S.A;56.994.502/0001-30;1432929218;14/04/2021;2021-04-14;novo
Modik;GERMED FARMACEUTICA LTDA;45.992.062/0001-65;1431544211;14/04/2021;2021-04-14;similar
CLORIDRATO DE SEVELAMER;CRISTÁLIA PRODUTOS QUÍMICOS FARMACÊUTICOS LTDA.;44.734.671/0001-51;1430702212;14/04/2021;2021-04-14;generico
CINARIZINA;RANBAXY FARMACÊUTICA LTDA;73.663.650/0001-90;1432159219;14/04/2021;2021-04-14;generico
HAEMATE P;CSL BEHRING COMÉRCIO DE PRODUTOS FARMACÊUTICOS LTDA;62.969.589/0001-98;1428059211;14/04/2021;2021-04-14;biologico
DTN-FOL;BIOLAB SANUS FARMACÊUTICA LTDA;49.475.833/0001-06;1427938210;14/04/2021;2021-04-14;especifico
letrozol;ACCORD FARMACÊUTICA LTDA;64.171.697/0001-46;1429260212;14/04/2021;2021-04-14;generico
FUROSEMIDA;LABORATÓRIO TEUTO BRASILEIRO S/A;17.159.229/0001-76;1425156216;14/04/2021;2021-04-14;generico
letrozol;SUN FARMACÊUTICA DO BRASIL LTDA;5035244000123;1430416213;14/04/2021;2021-04-14;generico
DEJAVÚ;EUROFARMA LABORATÓRIOS S.A.;61.190.096/0001-92;1422771211;14/04/2021;2021-04-14;similar
PANCURON;CRISTÁLIA PRODUTOS QUÍMICOS FARMACÊUTICOS LTDA.;44.734.671/0001-51;1444853210;15/04/2021;2021-04-15;similar
TOBRAMINA;ANTIBIÓTICOS DO BRASIL LTDA;5439635000103;1443200215;15/04/2021;2021-04-15;novo
EZETIMIBA;SANDOZ DO BRASIL INDÚSTRIA FARMACÊUTICA LTDA;61.286.647/0001-16;1442448217;15/04/2021;2021-04-15;generico
SUPREMA;BIOLAB SANUS FARMACÊUTICA LTDA;49.475.833/0001-06;1446766216;15/04/2021;2021-04-15;similar
FOSFATO DISSÓDICO DE DEXAMETASONA;HIPOLABOR FARMACEUTICA LTDA;19.570.720/0001-10;1439040210;15/04/2021;2021-04-15;generico
ZYXEM;UCB BIOPHARMA LTDA.;64.711.500/0001-14;1445463217;15/04/2021;2021-04-15;novo
orlistate;RANBAXY FARMACÊUTICA LTDA;73.663.650/0001-90;1447053215;15/04/2021;2021-04-15;generico
LORATADINA;RANBAXY FARMACÊUTICA LTDA;73.663.650/0001-90;1447034219;15/04/2021;2021-04-15;generico
MEPACT;TAKEDA PHARMA LTDA.;60.397.775/0001-74;1443081219;15/04/2021;2021-04-15;novo
MACRODANTINA;COSMED INDUSTRIA DE COSMETICOS E MEDICAMENTOS S.A.;61.082.426/0002-07;1447426213;15/04/2021;2021-04-15;novo
DRENISON;BIOLAB SANUS FARMACÊUTICA LTDA;49.475.833/0001-06;1445816211;15/04/2021;2021-04-15;similar
COLLECTRO;MYLAN LABORATORIOS LTDA;11.643.096/0001-22;1444740211;15/04/2021;2021-04-15;similar
LEVEL;BIOLAB SANUS FARMACÊUTICA LTDA;49.475.833/0001-06;1445129218;15/04/2021;2021-04-15;novo
DOBUTREX;ANTIBIÓTICOS DO BRASIL LTDA;5439635000103;1445458211;15/04/2021;2021-04-15;novo
NORESTIN;BIOLAB SANUS FARMACÊUTICA LTDA;49.475.833/0001-06;1445046211;15/04/2021;2021-04-15;similar
VAGI C;MARJAN INDÚSTRIA E COMÉRCIO LTDA;60.726.692/0001-81;1445800214;15/04/2021;2021-04-15;especifico
CLORIDRATO DE BROMEXINA;GERMED FARMACEUTICA LTDA;45.992.062/0001-65;1448158218;15/04/2021;2021-04-15;generico
losartana potássica;ZYDUS NIKKHO FARMACÊUTICA LTDA;5254971000181;1445688215;15/04/2021;2021-04-15;generico
NEUGRAST;ACCORD FARMACÊUTICA LTDA;64.171.697/0001-46;1442535211;15/04/2021;2021-04-15;similar
CIMZIA;UCB BIOPHARMA LTDA.;64.711.500/0001-14;1437650214;15/04/2021;2021-04-15;biologico
ISOFLURANO;INSTITUTO BIOCHIMICO INDÚSTRIA FARMACÊUTICA LTDA;33.258.401/0001-03;1443666213;15/04/2021;2021-04-15;generico
Succinato de metoprolol;ACCORD FARMACÊUTICA LTDA;64.171.697/0001-46;1442731211;15/04/2021;2021-04-15;generico
cloridrato de nafazolina;EMS S/A;57.507.378/0003-65;1442739217;15/04/2021;2021-04-15;generico
vacina adsorvida difteria, tétano e pertussis;INSTITUTO BUTANTAN;61.821.344/0001-56;1458970212;16/04/2021;2021-04-16;biologico
FAULDVINCRI;LIBBS FARMACÊUTICA LTDA;61.230.314/0001-75;1463504216;16/04/2021;2021-04-16;similar
EFAVIRENZ;FUNDAÇÃO OSWALDO CRUZ;33.781.055/0001-35;1463408212;16/04/2021;2021-04-16;generico
VITPEEL;GERMED FARMACEUTICA LTDA;45.992.062/0001-65;1459430217;16/04/2021;2021-04-16;similar
FARMANGUINHOS - ETIONAMIDA;FUNDAÇÃO OSWALDO CRUZ;33.781.055/0001-35;1464771211;16/04/2021;2021-04-16;similar
VISULIN N;EMS S/A;57.507.378/0003-65;1471082210;17/04/2021;2021-04-17;biologico
INSULIV R;EMS S/A;57.507.378/0003-65;1471059215;17/04/2021;2021-04-17;biologico
BETNOVATE;GLAXOSMITHKLINE BRASIL LTDA;33.247.743/0001-10;1470005211;17/04/2021;2021-04-17;novo
HIBOR;EMS S/A;57.507.378/0003-65;1470849213;17/04/2021;2021-04-17;biologico
HIXILERG;EMS S/A;57.507.378/0003-65;1471794218;17/04/2021;2021-04-17;similar
cloridrato de hidroxizina;EMS S/A;57.507.378/0003-65;1471864212;17/04/2021;2021-04-17;generico
FEMMESIL;EMS S/A;57.507.378/0003-65;1472015219;17/04/2021;2021-04-17;similar
CARBOCISTEÍNA;GERMED FARMACEUTICA LTDA;45.992.062/0001-65;1470785213;17/04/2021;2021-04-17;generico
HIDROALERG;EMS SIGMA PHARMA LTDA;923140000131;1482592219;18/04/2021;2021-04-18;similar
BISMU-JET;LEGRAND PHARMA INDÚSTRIA FARMACÊUTICA LTDA;5044984000126;1482587212;18/04/2021;2021-04-18;novo
citrato de sildenafila;LABORATÓRIO FARMACÊUTICO DA MARINHA;394502007157;1480367214;18/04/2021;2021-04-18;generico
cloridrato de hidroxizina;LEGRAND PHARMA INDÚSTRIA FARMACÊUTICA LTDA;5044984000126;1482378211;18/04/2021;2021-04-18;generico
TOBRACIN;CRISTÁLIA PRODUTOS QUÍMICOS FARMACÊUTICOS LTDA.;44.734.671/0001-51;1493728210;19/04/2021;2021-04-19;similar
VITERGYL C;CIFARMA CIENTÍFICA FARMACÊUTICA LTDA;17.562.075/0001-69;1496315219;19/04/2021;2021-04-19;especifico
cloridrato de tansulosina;BIOLAB SANUS FARMACÊUTICA LTDA;49.475.833/0001-06;1493719211;19/04/2021;2021-04-19;generico
NISTATINA;GREENPHARMA QUÍMICA E FARMACÊUTICA LTDA;33.408.105/0001-33;1499004211;19/04/2021;2021-04-19;generico
DORGEX;GREENPHARMA QUÍMICA E FARMACÊUTICA LTDA;33.408.105/0001-33;1501551213;19/04/2021;2021-04-19;especifico
HYPOMAGNE;HYPOFARMA - INSTITUTO DE HYPODERMIA E FARMÁCIA LTDA;17.174.657/0001-78;1490659217;19/04/2021;2021-04-19;especifico
TENOXIL;MEDQUIMICA INDUSTRIA FARMACEUTICA LTDA.;17.875.154/0001-20;1501482217;19/04/2021;2021-04-19;similar
VITERGYL ZINCO;CIFARMA CIENTÍFICA FARMACÊUTICA LTDA;17.562.075/0001-69;1496218217;19/04/2021;2021-04-19;especifico
RIBAVIRINA;FUNDAÇÃO OSWALDO CRUZ;33.781.055/0001-35;1497118216;19/04/2021;2021-04-19;similar
RINGER COM LACTATO;FARMACE INDÚSTRIA QUÍMICO-FARMACÊUTICA CEARENSE LTDA;6628333000146;1496443211;19/04/2021;2021-04-19;especifico
PARACETAMOL;GREENPHARMA QUÍMICA E FARMACÊUTICA LTDA;33.408.105/0001-33;1501130215;19/04/2021;2021-04-19;generico
FAR-MANGUINHOS ZIDOVUDINA;FUNDAÇÃO OSWALDO CRUZ;33.781.055/0001-35;1497540218;19/04/2021;2021-04-19;similar
cloridrato de fluoxetina;SANOFI MEDLEY FARMACÊUTICA LTDA.;10.588.595/0010-92;1501782216;19/04/2021;2021-04-19;generico
PANTIUM;ACCORD FARMACÊUTICA LTDA;64.171.697/0001-46;1498657214;19/04/2021;2021-04-19;similar
succinato de solifenacina;RANBAXY FARMACÊUTICA LTDA;73.663.650/0001-90;1496494215;19/04/2021;2021-04-19;generico
FAR-MANGUINHOS PRAZIQUANTEL;FUNDAÇÃO OSWALDO CRUZ;33.781.055/0001-35;1496872210;19/04/2021;2021-04-19;similar
Clonazepam;ZYDUS NIKKHO FARMACÊUTICA LTDA;5254971000181;1498840212;19/04/2021;2021-04-19;generico
TARTARATO DE METOPROLOL;MULTILAB INDUSTRIA E COMERCIO DE PRODUTOS FARMACEUTICOS LTDA;92.265.552/0009-05;1493417215;19/04/2021;2021-04-19;generico
OMNIC OCAS;ASTELLAS FARMA BRASIL IMPORTAÇÃO E DISTRIBUIÇÃO DE MEDICAMENTOS LTDA.;7768134000104;1490281218;19/04/2021;2021-04-19;similar
MEBENDAZOL;GREENPHARMA QUÍMICA E FARMACÊUTICA LTDA;33.408.105/0001-33;1497980212;19/04/2021;2021-04-19;generico
PANTOGAR;BIOLAB SANUS FARMACÊUTICA LTDA;49.475.833/0001-06;1493431211;19/04/2021;2021-04-19;especifico
SAIZEN;MERCK S/A;33.069.212/0001-84;1492412219;19/04/2021;2021-04-19;biologico
BENZOL;GREENPHARMA QUÍMICA E FARMACÊUTICA LTDA;33.408.105/0001-33;1495158214;19/04/2021;2021-04-19;similar
TENOXICAM;MEDQUIMICA INDUSTRIA FARMACEUTICA LTDA.;17.875.154/0001-20;1501401211;19/04/2021;2021-04-19;generico
DEXAGREEN;GREENPHARMA QUÍMICA E FARMACÊUTICA LTDA;33.408.105/0001-33;1499935218;19/04/2021;2021-04-19;similar
FARMACE-GLICOSE 5% SOLUÇÃO ISOTONICA;FARMACE INDÚSTRIA QUÍMICO-FARMACÊUTICA CEARENSE LTDA;6628333000146;1497501217;19/04/2021;2021-04-19;especifico
DRENISON N;BIOLAB SANUS FARMACÊUTICA LTDA;49.475.833/0001-06;1493169219;19/04/2021;2021-04-19;similar
MONTY;ACCORD FARMACÊUTICA LTDA;64.171.697/0001-46;1496478213;19/04/2021;2021-04-19;similar
FARMACE - RINGER;FARMACE INDÚSTRIA QUÍMICO-FARMACÊUTICA CEARENSE LTDA;6628333000146;1496689211;19/04/2021;2021-04-19;especifico
AZELAN;LEO PHARMA LTDA;11.424.477/0001-10;1493868215;19/04/2021;2021-04-19;novo
DEFULL;BRASTERAPICA INDUSTRIA FARMACEUTICA LTDA;46.179.008/0001-68;1496134212;19/04/2021;2021-04-19;especifico
FARMACE -AGUA PARA INJEÇÃO;FARMACE INDÚSTRIA QUÍMICO-FARMACÊUTICA CEARENSE LTDA;6628333000146;1497451217;19/04/2021;2021-04-19;especifico
FARMACE-GLICOSE;FARMACE INDÚSTRIA QUÍMICO-FARMACÊUTICA CEARENSE LTDA;6628333000146;1496920213;19/04/2021;2021-04-19;especifico
VÊNULA;BIOLAB SANUS FARMACÊUTICA LTDA;49.475.833/0001-06;1493172219;19/04/2021;2021-04-19;especifico
SELOZOK FIX;ASTRAZENECA DO BRASIL LTDA;60.318.797/0001-00;1498428218;19/04/2021;2021-04-19;novo
GLICERINA 12%;FARMACE INDÚSTRIA QUÍMICO-FARMACÊUTICA CEARENSE LTDA;6628333000146;1497284211;19/04/2021;2021-04-19;especifico
MYRBETRIC;ASTELLAS FARMA BRASIL IMPORTAÇÃO E DISTRIBUIÇÃO DE MEDICAMENTOS LTDA.;7768134000104;1490182210;19/04/2021;2021-04-19;novo
Exfuno;DR. REDDYS FARMACÊUTICA DO BRASIL LTDA;3978166000175;1492808216;19/04/2021;2021-04-19;similar
ADVANTAN;LEO PHARMA LTDA;11.424.477/0001-10;1493811211;19/04/2021;2021-04-19;novo
GRAN-D;CRISTÁLIA PRODUTOS QUÍMICOS FARMACÊUTICOS LTDA.;44.734.671/0001-51;1497506218;19/04/2021;2021-04-19;especifico
CONDUVAZ;MABRA FARMACEUTICA LTDA;9545589000188;1494762215;19/04/2021;2021-04-19;especifico
MICLOX;MULTILAB INDUSTRIA E COMERCIO DE PRODUTOS FARMACEUTICOS LTDA;92.265.552/0009-05;1490475216;19/04/2021;2021-04-19;similar
NERALGYN;CIFARMA CIENTÍFICA FARMACÊUTICA LTDA;17.562.075/0001-69;1496008217;19/04/2021;2021-04-19;similar
daptomicina;DR. REDDYS FARMACÊUTICA DO BRASIL LTDA;3978166000175;1493157215;19/04/2021;2021-04-19;generico
MANITOL FARMACE;FARMACE INDÚSTRIA QUÍMICO-FARMACÊUTICA CEARENSE LTDA;6628333000146;1494719216;19/04/2021;2021-04-19;especifico
BRONFILIL;MABRA FARMACEUTICA LTDA;9545589000188;1494687214;19/04/2021;2021-04-19;similar
SOLUÇÃO DE CLORETO DE POTÁSSIO;FARMACE INDÚSTRIA QUÍMICO-FARMACÊUTICA CEARENSE LTDA;6628333000146;1497529217;19/04/2021;2021-04-19;especifico
ICACORT;LEO PHARMA LTDA;11.424.477/0001-10;1494891215;19/04/2021;2021-04-19;novo
GLICOSE + CLORETO DE SÓDIO FARMACE;FARMACE INDÚSTRIA QUÍMICO-FARMACÊUTICA CEARENSE LTDA;6628333000146;1497139219;19/04/2021;2021-04-19;especifico
ONGLYZA;ASTRAZENECA DO BRASIL LTDA;60.318.797/0001-00;1490579215;19/04/2021;2021-04-19;novo
Resplix;MEDQUIMICA INDUSTRIA FARMACEUTICA LTDA.;17.875.154/0001-20;1501323215;19/04/2021;2021-04-19;fitoterapico
ibuprofeno;MEDQUIMICA INDUSTRIA FARMACEUTICA LTDA.;17.875.154/0001-20;1500881219;19/04/2021;2021-04-19;generico
DERMONASE;LABORATÓRIO GLOBO SA;17.115.437/0001-73;1497288213;19/04/2021;2021-04-19;similar
POSICOR;BIOLAB SANUS FARMACÊUTICA LTDA;49.475.833/0001-06;1493372211;19/04/2021;2021-04-19;similar
Monessa;BIOLAB SANUS FARMACÊUTICA LTDA;49.475.833/0001-06;1493694211;19/04/2021;2021-04-19;especifico
ofloxacino;GERMED FARMACEUTICA LTDA;45.992.062/0001-65;1498424215;19/04/2021;2021-04-19;generico
OFLOXACINO;EMS S/A;57.507.378/0003-65;1495529216;19/04/2021;2021-04-19;generico
ofloxacino;LEGRAND PHARMA INDÚSTRIA FARMACÊUTICA LTDA;5044984000126;1495803211;19/04/2021;2021-04-19;generico
VESOMNI;ASTELLAS FARMA BRASIL IMPORTAÇÃO E DISTRIBUIÇÃO DE MEDICAMENTOS LTDA.;7768134000104;1490443218;19/04/2021;2021-04-19;novo
LOMECAN;GLENMARK FARMACÊUTICA LTDA;44.363.661/0001-57;1492595218;19/04/2021;2021-04-19;similar
PROPILRACIL;BIOLAB SANUS FARMACÊUTICA LTDA;49.475.833/0001-06;1493416217;19/04/2021;2021-04-19;similar
VESICARE;ASTELLAS FARMA BRASIL IMPORTAÇÃO E DISTRIBUIÇÃO DE MEDICAMENTOS LTDA.;7768134000104;1490424211;19/04/2021;2021-04-19;novo
COLIPAN;GREENPHARMA QUÍMICA E FARMACÊUTICA LTDA;33.408.105/0001-33;1497975216;19/04/2021;2021-04-19;similar
CLORIDRATO DE NAFAZOLINA;SANOFI MEDLEY FARMACÊUTICA LTDA.;10.588.595/0010-92;1487932218;19/04/2021;2021-04-19;generico
COLCHIN;GREENPHARMA QUÍMICA E FARMACÊUTICA LTDA;33.408.105/0001-33;1496596218;19/04/2021;2021-04-19;similar
ROCKY LP;SUN FARMACÊUTICA DO BRASIL LTDA;5035244000123;1488831219;19/04/2021;2021-04-19;generico
cloridrato de benazepril;BIOLAB SANUS FARMACÊUTICA LTDA;49.475.833/0001-06;1512898219;20/04/2021;2021-04-20;generico
DOMPERIDONA;RANBAXY FARMACÊUTICA LTDA;73.663.650/0001-90;1506325219;20/04/2021;2021-04-20;generico
LEVOFLOXACINO;ZYDUS NIKKHO FARMACÊUTICA LTDA;5254971000181;1514965210;20/04/2021;2021-04-20;generico
BAMIFIX;CHIESI FARMACÊUTICA LTDA;61.363.032/0001-46;1509099210;20/04/2021;2021-04-20;similar
LEMOL;ZYDUS NIKKHO FARMACÊUTICA LTDA;5254971000181;1516818212;20/04/2021;2021-04-20;similar
ALTAD;EUROFARMA LABORATÓRIOS S.A.;61.190.096/0001-92;1513445218;20/04/2021;2021-04-20;especifico
CYTRANA;MULTILAB INDUSTRIA E COMERCIO DE PRODUTOS FARMACEUTICOS LTDA;92.265.552/0009-05;1515815212;20/04/2021;2021-04-20;similar
MANIVASC;CHIESI FARMACÊUTICA LTDA;61.363.032/0001-46;1509208219;20/04/2021;2021-04-20;novo
KELTRINA;MULTILAB INDUSTRIA E COMERCIO DE PRODUTOS FARMACEUTICOS LTDA;92.265.552/0009-05;1515924218;20/04/2021;2021-04-20;similar
hemitartarato de zolpidem;NOVARTIS BIOCIENCIAS S.A;56.994.502/0001-30;1516911211;20/04/2021;2021-04-20;generico
ALZ;CRISTÁLIA PRODUTOS QUÍMICOS FARMACÊUTICOS LTDA.;44.734.671/0001-51;1508020210;20/04/2021;2021-04-20;similar
cefalotina sódica;ANTIBIÓTICOS DO BRASIL LTDA;5439635000103;1514144216;20/04/2021;2021-04-20;generico
FOSFATO DE POTÁSSIO;FARMACE INDÚSTRIA QUÍMICO-FARMACÊUTICA CEARENSE LTDA;6628333000146;1513437217;20/04/2021;2021-04-20;especifico
MIOCALVEN D;CHIESI FARMACÊUTICA LTDA;61.363.032/0001-46;1514733219;20/04/2021;2021-04-20;especifico
KEFLIN NEUTRO;ANTIBIÓTICOS DO BRASIL LTDA;5439635000103;1514295217;20/04/2021;2021-04-20;novo
besilato de anlodipino;NOVARTIS BIOCIENCIAS S.A;56.994.502/0001-30;1514985214;20/04/2021;2021-04-20;generico
Cloridrato de Dobutamina;HYPOFARMA - INSTITUTO DE HYPODERMIA E FARMÁCIA LTDA;17.174.657/0001-78;1515404211;20/04/2021;2021-04-20;generico
ANCLORIC;VITAMEDIC INDUSTRIA FARMACEUTICA LTDA;30.222.814/0001-31;1510510215;20/04/2021;2021-04-20;similar
ARTESUNATO +  MEFLOQUINA FARMANGUINHOS;FUNDAÇÃO OSWALDO CRUZ;33.781.055/0001-35;1515508211;20/04/2021;2021-04-20;novo
PROINFLAC;LABORATÓRIOS B. BRAUN S/A;31.673.254/0001-02;1515109213;20/04/2021;2021-04-20;novo
ORALSEPT;LABORATÓRIO FARMACÊUTICO ELOFAR LTDA;83.874.628/0001-43;1511848217;20/04/2021;2021-04-20;similar
PEYONA;CHIESI FARMACÊUTICA LTDA;61.363.032/0001-46;1508945212;20/04/2021;2021-04-20;novo
NITAZOXANIDA;BRAINFARMA INDÚSTRIA QUÍMICA E FARMACÊUTICA S.A;5161069000110;1507974211;20/04/2021;2021-04-20;generico
ABLOK PLUS;BIOLAB SANUS FARMACÊUTICA LTDA;49.475.833/0001-06;1516197218;20/04/2021;2021-04-20;similar
HIPERTIL;CHIESI FARMACÊUTICA LTDA;61.363.032/0001-46;1515962211;20/04/2021;2021-04-20;novo
ABLOK;BIOLAB SANUS FARMACÊUTICA LTDA;49.475.833/0001-06;1512359216;20/04/2021;2021-04-20;similar
XEFO;BIOLAB SANUS FARMACÊUTICA LTDA;49.475.833/0001-06;1512630217;20/04/2021;2021-04-20;novo
EBIX;LUNDBECK BRASIL LTDA;4522600000170;1516832218;20/04/2021;2021-04-20;similar
MULTIGRIP;MULTILAB INDUSTRIA E COMERCIO DE PRODUTOS FARMACEUTICOS LTDA;92.265.552/0009-05;1514963213;20/04/2021;2021-04-20;similar
Nuit flash;BIOLAB SANUS FARMACÊUTICA LTDA;49.475.833/0001-06;1512409216;20/04/2021;2021-04-20;novo
VIMOVO;GRÜNENTHAL DO BRASIL FARMACÊUTICA LTDA.;10.555.143/0001-13;1513123218;20/04/2021;2021-04-20;novo
Tionazen;CAZI QUIMICA FARMACEUTICA INDUSTRIA E COMERCIO LTDA;44.010.437/0001-81;1526184211;21/04/2021;2021-04-21;similar
SNIF 3%;EUROFARMA LABORATÓRIOS S.A.;61.190.096/0001-92;1526942216;21/04/2021;2021-04-21;especifico
VITÔNICO;LEGRAND PHARMA INDÚSTRIA FARMACÊUTICA LTDA;5044984000126;1529505212;21/04/2021;2021-04-21;especifico
COMPLEXO B 12 XPE;EMS S/A;57.507.378/0003-65;1526949213;21/04/2021;2021-04-21;especifico
POMADERME;LEGRAND PHARMA INDÚSTRIA FARMACÊUTICA LTDA;5044984000126;1529274216;21/04/2021;2021-04-21;especifico
PEPSOGEL;LEGRAND PHARMA INDÚSTRIA FARMACÊUTICA LTDA;5044984000126;1529578218;21/04/2021;2021-04-21;especifico
NARIDRIN H;EMS S/A;57.507.378/0003-65;1527022210;21/04/2021;2021-04-21;especifico
CICATENOL;EMS S/A;57.507.378/0003-65;1527185214;21/04/2021;2021-04-21;especifico
NATUS GERIN;LEGRAND PHARMA INDÚSTRIA FARMACÊUTICA LTDA;5044984000126;1529364215;21/04/2021;2021-04-21;especifico
Bicarbonato de Sódio;HYPOFARMA - INSTITUTO DE HYPODERMIA E FARMÁCIA LTDA;17.174.657/0001-78;1524215213;21/04/2021;2021-04-21;especifico
LFM-BROMEXINA 0,08%;LABORATÓRIO FARMACÊUTICO DA MARINHA;394502007157;1534405213;22/04/2021;2021-04-22;similar
UNOPROST;APSEN FARMACEUTICA S/A;62.462.015/0001-29;1533881219;22/04/2021;2021-04-22;similar
CLORIDRATO DE AMBROXOL;SANOFI MEDLEY FARMACÊUTICA LTDA.;10.588.595/0010-92;1533491211;22/04/2021;2021-04-22;generico
INALIDE;EMS S/A;57.507.378/0003-65;1534661217;22/04/2021;2021-04-22;similar
DORFLAN;CAZI QUIMICA FARMACEUTICA INDUSTRIA E COMERCIO LTDA;44.010.437/0001-81;1534403217;22/04/2021;2021-04-22;similar
ESTOMANOL;LABORATÓRIO FARMACÊUTICO VITAMED LTDA;29.346.301/0001-53;1556277218;23/04/2021;2021-04-23;especifico
FENLOC;ZYDUS NIKKHO FARMACÊUTICA LTDA;5254971000181;1556703216;23/04/2021;2021-04-23;similar
PROPIOSOL;BRAINFARMA INDÚSTRIA QUÍMICA E FARMACÊUTICA S.A;5161069000110;1554854216;23/04/2021;2021-04-23;similar
TEUCARBA;LABORATÓRIO TEUTO BRASILEIRO S/A;17.159.229/0001-76;1553789217;23/04/2021;2021-04-23;similar
OCERAL;BAYER S.A.;18.459.628/0001-15;1555700216;23/04/2021;2021-04-23;novo
HYPNOMIDATE;ANTIBIÓTICOS DO BRASIL LTDA;5439635000103;1559115218;23/04/2021;2021-04-23;novo
SOLUÇÃO RINGER COM LACTATO;FRESENIUS KABI BRASIL LTDA;49.324.221/0001-04;1562020214;23/04/2021;2021-04-23;especifico
ZYSERTIN;ZYDUS NIKKHO FARMACÊUTICA LTDA;5254971000181;1552670214;23/04/2021;2021-04-23;similar
ICADEN;LEO PHARMA LTDA;11.424.477/0001-10;1553558214;23/04/2021;2021-04-23;novo
FUMARATO DE CETOTIFENO;PRATI DONADUZZI & CIA LTDA;73.856.593/0001-66;1554692216;23/04/2021;2021-04-23;generico
MANITOL 20%;FRESENIUS KABI BRASIL LTDA;49.324.221/0001-04;1557087218;23/04/2021;2021-04-23;especifico
NEBILET;BIOLAB SANUS FARMACÊUTICA LTDA;49.475.833/0001-06;1553720210;23/04/2021;2021-04-23;novo
UNIZINCO;MYRALIS INDÚSTRIA FARMACÊUTICA LTDA;17.440.261/0001-25;1553491210;23/04/2021;2021-04-23;especifico
CLORIDRATO DE TIZANIDINA;RANBAXY FARMACÊUTICA LTDA;73.663.650/0001-90;1554257212;23/04/2021;2021-04-23;generico
DIPROPIONATO DE BETAMETASONA + ÁCIDO SALICÍLICO;PRATI DONADUZZI & CIA LTDA;73.856.593/0001-66;1554538215;23/04/2021;2021-04-23;generico
PURISOLE SM;FRESENIUS KABI BRASIL LTDA;49.324.221/0001-04;1562041217;23/04/2021;2021-04-23;especifico
SUFENTA;ANTIBIÓTICOS DO BRASIL LTDA;5439635000103;1559945211;23/04/2021;2021-04-23;novo
TAMIRAM;EUROFARMA LABORATÓRIOS S.A.;61.190.096/0001-92;1553785214;23/04/2021;2021-04-23;novo
LIPOVENOS  MCT;FRESENIUS KABI BRASIL LTDA;49.324.221/0001-04;1561895211;23/04/2021;2021-04-23;especifico
CLORETO DE SÓDIO;FRESENIUS KABI BRASIL LTDA;49.324.221/0001-04;1562964213;23/04/2021;2021-04-23;especifico
KABIVEN;FRESENIUS KABI BRASIL LTDA;49.324.221/0001-04;1558258212;23/04/2021;2021-04-23;especifico
REDOXON;BAYER S.A.;18.459.628/0001-15;1556033213;23/04/2021;2021-04-23;especifico
SOLUÇÃO GLICOFISIOLÓGICA;FRESENIUS KABI BRASIL LTDA;49.324.221/0001-04;1558143218;23/04/2021;2021-04-23;especifico
ZYBINA;ZYDUS NIKKHO FARMACÊUTICA LTDA;5254971000181;1556564215;23/04/2021;2021-04-23;similar
cloridrato de fluoxetina;ZYDUS NIKKHO FARMACÊUTICA LTDA;5254971000181;1556471211;23/04/2021;2021-04-23;generico
ZYCITAPRAM;ZYDUS NIKKHO FARMACÊUTICA LTDA;5254971000181;1552016211;23/04/2021;2021-04-23;similar
RISPERIDON;CRISTÁLIA PRODUTOS QUÍMICOS FARMACÊUTICOS LTDA.;44.734.671/0001-51;1554250215;23/04/2021;2021-04-23;similar
ZYFLOXIN;ZYDUS NIKKHO FARMACÊUTICA LTDA;5254971000181;1556566211;23/04/2021;2021-04-23;similar
VERUTEX B;LEO PHARMA LTDA;11.424.477/0001-10;1553791219;23/04/2021;2021-04-23;novo
ISOIHN;INSTITUTO BIOCHIMICO INDÚSTRIA FARMACÊUTICA LTDA;33.258.401/0001-03;1553796210;23/04/2021;2021-04-23;similar
SUMAXPRO;LIBBS FARMACÊUTICA LTDA;61.230.314/0001-75;1561721211;23/04/2021;2021-04-23;novo
CINALEO;CIPLA BRASIL IMPORTADORA E DISTRIBUIDORA DE MEDICAMENTOS LTDA;18.268.051/0001-64;1558270211;23/04/2021;2021-04-23;similar
CLORIDRATO DE TICLOPIDINA;EMS S/A;57.507.378/0003-65;1554670215;23/04/2021;2021-04-23;generico
ONCODOX;CIPLA BRASIL IMPORTADORA E DISTRIBUIDORA DE MEDICAMENTOS LTDA;18.268.051/0001-64;1558559210;23/04/2021;2021-04-23;similar
ONCOBINE;CIPLA BRASIL IMPORTADORA E DISTRIBUIDORA DE MEDICAMENTOS LTDA;18.268.051/0001-64;1558476213;23/04/2021;2021-04-23;similar
MIMPARA;AMGEN BIOTECNOLOGIA DO BRASIL LTDA.;18.774.815/0001-93;1557613212;23/04/2021;2021-04-23;novo
PROVICTA D;COLBRÁS INDÚSTRIA E COMÉRCIO LTDA;413925000164;1557639216;23/04/2021;2021-04-23;especifico
cabergolina;EUROFARMA LABORATÓRIOS S.A.;61.190.096/0001-92;1556670216;23/04/2021;2021-04-23;generico
TRILEPTAL;NOVARTIS BIOCIENCIAS S.A;56.994.502/0001-30;1559827216;23/04/2021;2021-04-23;novo
PROPIONATO DE CLOBETASOL;BRAINFARMA INDÚSTRIA QUÍMICA E FARMACÊUTICA S.A;5161069000110;1557408213;23/04/2021;2021-04-23;generico
ACICLOVIR;RANBAXY FARMACÊUTICA LTDA;73.663.650/0001-90;1558895215;23/04/2021;2021-04-23;generico
levofloxacino;NOVARTIS BIOCIENCIAS S.A;56.994.502/0001-30;1552497213;23/04/2021;2021-04-23;generico
meropeném;ANTIBIÓTICOS DO BRASIL LTDA;5439635000103;1558946213;23/04/2021;2021-04-23;generico
letrozol;GERMED FARMACEUTICA LTDA;45.992.062/0001-65;1556814218;23/04/2021;2021-04-23;generico
FLUXTAR;DIFFUCAP - CHEMOBRÁS QUÍMICA E FARMACÊUTICA LTDA;42.457.796/0001-56;1559212210;23/04/2021;2021-04-23;similar
VINATIN;CIPLA BRASIL IMPORTADORA E DISTRIBUIDORA DE MEDICAMENTOS LTDA;18.268.051/0001-64;1558670217;23/04/2021;2021-04-23;similar
DIPEPTIVEN;FRESENIUS KABI BRASIL LTDA;49.324.221/0001-04;1561546214;23/04/2021;2021-04-23;especifico
FRESOFLOX;FRESENIUS KABI BRASIL LTDA;49.324.221/0001-04;1562355216;23/04/2021;2021-04-23;similar
ÁGUA PARA INJEÇÃO;FRESENIUS KABI BRASIL LTDA;49.324.221/0001-04;1557610218;23/04/2021;2021-04-23;especifico
TRACUR;CRISTÁLIA PRODUTOS QUÍMICOS FARMACÊUTICOS LTDA.;44.734.671/0001-51;1556917219;23/04/2021;2021-04-23;similar
nitrato de oxiconazol;PRATI DONADUZZI & CIA LTDA;73.856.593/0001-66;1556057211;23/04/2021;2021-04-23;generico
acetilcisteína;EUROFARMA LABORATÓRIOS S.A.;61.190.096/0001-92;1554847213;23/04/2021;2021-04-23;generico
CLARITIN;BAYER S.A.;18.459.628/0001-15;1554667215;23/04/2021;2021-04-23;novo
FURP - METILDOPA;FUNDAÇÃO PARA O REMÉDIO POPULAR - FURP;43.640.754/0001-19;1553560216;23/04/2021;2021-04-23;similar
INPRUV D K;APSEN FARMACEUTICA S/A;62.462.015/0001-29;1554037215;23/04/2021;2021-04-23;especifico
E-TABS;EMS SIGMA PHARMA LTDA;923140000131;1554718213;23/04/2021;2021-04-23;especifico
KEFAZOL;ANTIBIÓTICOS DO BRASIL LTDA;5439635000103;1558919216;23/04/2021;2021-04-23;similar
cloridrato de cefepima;ANTIBIÓTICOS DO BRASIL LTDA;5439635000103;1558453214;23/04/2021;2021-04-23;generico
ciprofloxacino;FRESENIUS KABI BRASIL LTDA;49.324.221/0001-04;1562423214;23/04/2021;2021-04-23;generico
ARFLEX RETARD;DIFFUCAP  - CHEMOBRÁS QUÍMICA E FARMACÊUTICA LTDA;42.457.796/0001-56;1560215210;23/04/2021;2021-04-23;novo
TRISK;EUROFARMA LABORATÓRIOS S.A.;61.190.096/0001-92;1557091216;23/04/2021;2021-04-23;similar
SORO ANTIBOTULINICO E;INSTITUTO BUTANTAN;61.821.344/0001-56;1553898212;23/04/2021;2021-04-23;biologico
Mevatyl;BEAUFOUR IPSEN FARMACÊUTICA LTDA;7718721000180;1557751211;23/04/2021;2021-04-23;especifico
propofol;FRESENIUS KABI BRASIL LTDA;49.324.221/0001-04;1562455212;23/04/2021;2021-04-23;generico
BREVIBLOC;CRISTÁLIA PRODUTOS QUÍMICOS FARMACÊUTICOS LTDA.;44.734.671/0001-51;1553926211;23/04/2021;2021-04-23;similar
RINGER;FRESENIUS KABI BRASIL LTDA;49.324.221/0001-04;1562792216;23/04/2021;2021-04-23;especifico
GLYCOPHOS;FRESENIUS KABI BRASIL LTDA;49.324.221/0001-04;1562880219;23/04/2021;2021-04-23;especifico
MALEATO DE DEXCLORFENIRAMINA + BETAMETASONA;PRATI DONADUZZI & CIA LTDA;73.856.593/0001-66;1554248213;23/04/2021;2021-04-23;generico
olanzapina;ZYDUS NIKKHO FARMACÊUTICA LTDA;5254971000181;1556668214;23/04/2021;2021-04-23;generico
paricalcitol;ACCORD FARMACÊUTICA LTDA;64.171.697/0001-46;1552904215;23/04/2021;2021-04-23;generico
SIGMACALCIDOL;EMS SIGMA PHARMA LTDA;923140000131;1554734215;23/04/2021;2021-04-23;similar
DEXPROTENOL;PRATI DONADUZZI & CIA LTDA;73.856.593/0001-66;1556228210;23/04/2021;2021-04-23;especifico
KETOSTERIL;FRESENIUS KABI BRASIL LTDA;49.324.221/0001-04;1558368216;23/04/2021;2021-04-23;especifico
ORLISTATE;PRATI DONADUZZI & CIA LTDA;73.856.593/0001-66;1556377214;23/04/2021;2021-04-23;generico
ATEROGREL;BIOLAB SANUS FARMACÊUTICA LTDA;49.475.833/0001-06;1558486211;23/04/2021;2021-04-23;similar
mesilato de doxazosina;RANBAXY FARMACÊUTICA LTDA;73.663.650/0001-90;1556071216;23/04/2021;2021-04-23;generico
CITOPLATINA;CIPLA BRASIL IMPORTADORA E DISTRIBUIDORA DE MEDICAMENTOS LTDA;18.268.051/0001-64;1558442219;23/04/2021;2021-04-23;similar
SUPLEVIT C FOR;EMS SIGMA PHARMA LTDA;923140000131;1554845217;23/04/2021;2021-04-23;especifico
NITAZOXANIDA;SANOFI MEDLEY FARMACÊUTICA LTDA.;10.588.595/0010-92;1555725211;23/04/2021;2021-04-23;generico
CARBIDOL;LABORATÓRIO TEUTO BRASILEIRO S/A;17.159.229/0001-76;1557759217;23/04/2021;2021-04-23;similar
AMINOVEN;FRESENIUS KABI BRASIL LTDA;49.324.221/0001-04;1562689210;23/04/2021;2021-04-23;especifico
EPHYNAL;BAYER S.A.;18.459.628/0001-15;1554904216;23/04/2021;2021-04-23;especifico
ALPRAZOLAM;ZYDUS NIKKHO FARMACÊUTICA LTDA;5254971000181;1556397219;23/04/2021;2021-04-23;generico
NIMESULIDA;MULTILAB INDUSTRIA E COMERCIO DE PRODUTOS FARMACEUTICOS LTDA;92.265.552/0009-05;1561117215;23/04/2021;2021-04-23;generico
NEUTROFER  FÓLICO;EMS SIGMA PHARMA LTDA;923140000131;1554913215;23/04/2021;2021-04-23;especifico
NEUTROFER;EMS SIGMA PHARMA LTDA;923140000131;1555019212;23/04/2021;2021-04-23;especifico
GLIBENCLAMIDA;ZYDUS NIKKHO FARMACÊUTICA LTDA;5254971000181;1556391210;23/04/2021;2021-04-23;generico
ELANI;LIBBS FARMACÊUTICA LTDA;61.230.314/0001-75;1561539211;23/04/2021;2021-04-23;novo
TOPLANINA;CIPLA BRASIL IMPORTADORA E DISTRIBUIDORA DE MEDICAMENTOS LTDA;18.268.051/0001-64;1558582214;23/04/2021;2021-04-23;similar
CLARITROMICINA;MR LABORATÓRIOS FARMACÊUTICOS LTDA;23.668.196/0001-92;1554696219;23/04/2021;2021-04-23;generico
VOLUVEN 6%;FRESENIUS KABI BRASIL LTDA;49.324.221/0001-04;1562809214;23/04/2021;2021-04-23;especifico
FENTANIL;ANTIBIÓTICOS DO BRASIL LTDA;5439635000103;1559055211;23/04/2021;2021-04-23;novo
FLANAX;BAYER S.A.;18.459.628/0001-15;1555264211;23/04/2021;2021-04-23;novo
NEWCET;INSTITUTO BIOCHIMICO INDÚSTRIA FARMACÊUTICA LTDA;33.258.401/0001-03;1554554217;23/04/2021;2021-04-23;similar
LEFÉMI;EMS S/A;57.507.378/0003-65;1556919215;23/04/2021;2021-04-23;similar
CARBOCISTEÍNA;EMS S/A;57.507.378/0003-65;1555952211;23/04/2021;2021-04-23;generico
Cimetidina;PRATI DONADUZZI & CIA LTDA;73.856.593/0001-66;1554581214;23/04/2021;2021-04-23;generico
TOPIREX;MULTILAB INDUSTRIA E COMERCIO DE PRODUTOS FARMACEUTICOS LTDA;92.265.552/0009-05;1556581215;23/04/2021;2021-04-23;similar
NISTATINA;PRATI DONADUZZI & CIA LTDA;73.856.593/0001-66;1555053212;23/04/2021;2021-04-23;generico
ZOLDAC;ZYDUS NIKKHO FARMACÊUTICA LTDA;5254971000181;1556373211;23/04/2021;2021-04-23;similar
BALSAMO BENGUE;EMS S/A;57.507.378/0003-65;1555808218;23/04/2021;2021-04-23;especifico
cloridrato de sevelamer;FUNDAÇÃO BAIANA DE PESQ. CIENTIFICA E DESENV.  TECNOLOGICO, FORNECIMENTO E DISTRIBUIÇÃO DE MEDICAMENTOS-BAHIAFARMA;13.078.518/0001-90;1552990218;23/04/2021;2021-04-23;generico
dipropionato de beclometasona;CHIESI FARMACÊUTICA LTDA;61.363.032/0001-46;1552744211;23/04/2021;2021-04-23;novo
DIOVAN HCT;NOVARTIS BIOCIENCIAS S.A;56.994.502/0001-30;1560233218;23/04/2021;2021-04-23;novo
cefazolina sódica;ANTIBIÓTICOS DO BRASIL LTDA;5439635000103;1558698217;23/04/2021;2021-04-23;generico
FURP-CEFALEXINA;FUNDAÇÃO PARA O REMÉDIO POPULAR - FURP;43.640.754/0001-19;1556431212;23/04/2021;2021-04-23;similar
mirtazapina;NOVARTIS BIOCIENCIAS S.A;56.994.502/0001-30;1552738217;23/04/2021;2021-04-23;generico
CUROSURF;CHIESI FARMACÊUTICA LTDA;61.363.032/0001-46;1551659218;23/04/2021;2021-04-23;novo
DAIVONEX;LEO PHARMA LTDA;11.424.477/0001-10;1553588216;23/04/2021;2021-04-23;novo
ECASIL-81;BIOLAB SANUS FARMACÊUTICA LTDA;49.475.833/0001-06;1557085211;23/04/2021;2021-04-23;novo
tinidazol + nitrato de miconazol;EUROFARMA LABORATÓRIOS S.A.;61.190.096/0001-92;1554082211;23/04/2021;2021-04-23;generico
NIZUIL GEL;MULTILAB INDUSTRIA E COMERCIO DE PRODUTOS FARMACEUTICOS LTDA;92.265.552/0009-05;1561346211;23/04/2021;2021-04-23;similar
LONCORD;DIFFUCAP - CHEMOBRÁS QUÍMICA E FARMACÊUTICA LTDA;42.457.796/0001-56;1573457219;24/04/2021;2021-04-24;similar
RITOP;ZYDUS NIKKHO FARMACÊUTICA LTDA;5254971000181;1573235215;24/04/2021;2021-04-24;similar
UNAK;DIFFUCAP - CHEMOBRÁS QUÍMICA E FARMACÊUTICA LTDA;42.457.796/0001-56;1573728214;24/04/2021;2021-04-24;similar
Kollagenase com Cloranfenicol;CRISTÁLIA PRODUTOS QUÍMICOS FARMACÊUTICOS LTDA.;44.734.671/0001-51;1584339214;25/04/2021;2021-04-25;biologico
INALAJET;LEGRAND PHARMA INDÚSTRIA FARMACÊUTICA LTDA;5044984000126;1581823213;25/04/2021;2021-04-25;similar
SUPLEVIT C PREVENT;EMS SIGMA PHARMA LTDA;923140000131;1581533211;25/04/2021;2021-04-25;especifico
CENEVIT;LEGRAND PHARMA INDÚSTRIA FARMACÊUTICA LTDA;5044984000126;1581193210;25/04/2021;2021-04-25;especifico
HEMOFOL;CRISTÁLIA PRODUTOS QUÍMICOS FARMACÊUTICOS LTDA.;44.734.671/0001-51;1584408211;25/04/2021;2021-04-25;biologico
PROSIGNE;CRISTÁLIA PRODUTOS QUÍMICOS FARMACÊUTICOS LTDA.;44.734.671/0001-51;1584597214;25/04/2021;2021-04-25;similar
BUDESONIDA;EMS S/A;57.507.378/0003-65;1581684212;25/04/2021;2021-04-25;generico
ALIMAX;CRISTÁLIA PRODUTOS QUÍMICOS FARMACÊUTICOS LTDA.;44.734.671/0001-51;1584599211;26/04/2021;2021-04-26;biologico
DIGOXINA;PRATI DONADUZZI & CIA LTDA;73.856.593/0001-66;1592234211;26/04/2021;2021-04-26;generico
FURP - PROPRANOLOL;FUNDAÇÃO PARA O REMÉDIO POPULAR - FURP;43.640.754/0001-19;1596598218;26/04/2021;2021-04-26;similar
FURP-CAPTOPRIL;FUNDAÇÃO PARA O REMÉDIO POPULAR - FURP;43.640.754/0001-19;1596229216;26/04/2021;2021-04-26;similar
IONCLOR;PRATI DONADUZZI & CIA LTDA;73.856.593/0001-66;1592360216;26/04/2021;2021-04-26;generico
PALOCYT;ACCORD FARMACÊUTICA LTDA;64.171.697/0001-46;1591560213;26/04/2021;2021-04-26;similar
VITAMINA C MEDQUÍMICA;MEDQUIMICA INDUSTRIA FARMACEUTICA LTDA.;17.875.154/0001-20;1595527213;26/04/2021;2021-04-26;especifico
FARMANGUINHOS -LAMIVUDINA;FUNDAÇÃO OSWALDO CRUZ;33.781.055/0001-35;1599712210;26/04/2021;2021-04-26;similar
TIOCONAZOL + TINIDAZOL;PRATI DONADUZZI & CIA LTDA;73.856.593/0001-66;1590635213;26/04/2021;2021-04-26;generico
cefaclor;GERMED FARMACEUTICA LTDA;45.992.062/0001-65;1598237218;26/04/2021;2021-04-26;generico
CEFACLOR;EMS S/A;57.507.378/0003-65;1597799214;26/04/2021;2021-04-26;generico
cefaclor;EMS S/A;57.507.378/0003-65;1597832210;26/04/2021;2021-04-26;generico
TOFRANIL;ASPEN PHARMA INDÚSTRIA FARMACÊUTICA LTDA;2433631000120;1598376215;26/04/2021;2021-04-26;novo
NIFEDIPRESS;MEDQUIMICA INDUSTRIA FARMACEUTICA LTDA.;17.875.154/0001-20;1595661210;26/04/2021;2021-04-26;similar
CELESTONE;COSMED INDUSTRIA DE COSMETICOS E MEDICAMENTOS S.A.;61.082.426/0002-07;1595658210;26/04/2021;2021-04-26;novo
LIPANON;COSMED INDUSTRIA DE COSMETICOS E MEDICAMENTOS S.A.;61.082.426/0002-07;1598336216;26/04/2021;2021-04-26;novo
GARASONE;COSMED INDUSTRIA DE COSMETICOS E MEDICAMENTOS S.A.;61.082.426/0002-07;1597130219;26/04/2021;2021-04-26;novo
QUADRIDERM;COSMED INDUSTRIA DE COSMETICOS E MEDICAMENTOS S.A.;61.082.426/0002-07;1593564217;26/04/2021;2021-04-26;novo
DORIL;COSMED INDUSTRIA DE COSMETICOS E MEDICAMENTOS S.A.;61.082.426/0002-07;1594837214;26/04/2021;2021-04-26;similar
ENGOV;COSMED INDUSTRIA DE COSMETICOS E MEDICAMENTOS S.A.;61.082.426/0002-07;1594062214;26/04/2021;2021-04-26;novo
MAXSULID;COSMED INDUSTRIA DE COSMETICOS E MEDICAMENTOS S.A.;61.082.426/0002-07;1597379214;26/04/2021;2021-04-26;novo
OXIMAX;COSMED INDUSTRIA DE COSMETICOS E MEDICAMENTOS S.A.;61.082.426/0002-07;1597680217;26/04/2021;2021-04-26;novo
DIGEDRAT;COSMED INDUSTRIA DE COSMETICOS E MEDICAMENTOS S.A.;61.082.426/0002-07;1595429213;26/04/2021;2021-04-26;novo
BENZOILMETRONIDAZOL;BELFAR LTDA;18.324.343/0001-77;1594501214;26/04/2021;2021-04-26;generico
CORISTINA D;COSMED INDUSTRIA DE COSMETICOS E MEDICAMENTOS S.A.;61.082.426/0002-07;1596986210;26/04/2021;2021-04-26;novo
DOXATIVO;LEGRAND PHARMA INDÚSTRIA FARMACÊUTICA LTDA;5044984000126;1596343218;26/04/2021;2021-04-26;similar
POLARAMINE;COSMED INDUSTRIA DE COSMETICOS E MEDICAMENTOS S.A.;61.082.426/0002-07;1597844213;26/04/2021;2021-04-26;novo
Ácido acetilsalicílico;MEDQUIMICA INDUSTRIA FARMACEUTICA LTDA.;17.875.154/0001-20;1595406214;26/04/2021;2021-04-26;similar
ARIXTRA;ASPEN PHARMA INDÚSTRIA FARMACÊUTICA LTDA;2433631000120;1597865216;26/04/2021;2021-04-26;novo
cefaclor;GERMED FARMACEUTICA LTDA;45.992.062/0001-65;1598384216;26/04/2021;2021-04-26;generico
Panhematin;RECORDATI RARE DISEASES COMÉRCIO DE MEDICAMENTOS LTDA - ME;53.056.057/0001-79;1612176217;27/04/2021;2021-04-27;biologico
GLICEROL ENEMA 12%;HYPOFARMA - INSTITUTO DE HYPODERMIA E FARMÁCIA LTDA;17.174.657/0001-78;1607144211;27/04/2021;2021-04-27;especifico
TRACTOCILE;LABORATÓRIOS FERRING LTDA;74.232.034/0001-48;1617028218;27/04/2021;2021-04-27;novo
MENOPUR;LABORATÓRIOS FERRING LTDA;74.232.034/0001-48;1616390217;27/04/2021;2021-04-27;biologico
Cloridrato de Lincomicina;HYPOFARMA - INSTITUTO DE HYPODERMIA E FARMÁCIA LTDA;17.174.657/0001-78;1605568213;27/04/2021;2021-04-27;generico
GLICONATO DE CÁLCIO;HYPOFARMA - INSTITUTO DE HYPODERMIA E FARMÁCIA LTDA;17.174.657/0001-78;1606818211;27/04/2021;2021-04-27;especifico
FIRMAGON;LABORATÓRIOS FERRING LTDA;74.232.034/0001-48;1611727211;27/04/2021;2021-04-27;novo
cloridrato de clomipramina;SANDOZ DO BRASIL INDÚSTRIA FARMACÊUTICA LTDA;61.286.647/0001-16;1608287217;27/04/2021;2021-04-27;generico
SULFAMETOXAZOL + TRIMETOPRIMA;LABORATÓRIO TEUTO BRASILEIRO S/A;17.159.229/0001-76;1614364217;27/04/2021;2021-04-27;generico
COLÍRIO LEGRAND;LEGRAND PHARMA INDÚSTRIA FARMACÊUTICA LTDA;5044984000126;1627448212;28/04/2021;2021-04-28;similar
FLUXON;BRAINFARMA INDÚSTRIA QUÍMICA E FARMACÊUTICA S.A;5161069000110;1626058219;28/04/2021;2021-04-28;similar
PELLETRAT;LABORATÓRIO FARMACÊUTICO ELOFAR LTDA;83.874.628/0001-43;1623004213;28/04/2021;2021-04-28;especifico
FARMANGUINHOS SULFATO FERROSO;FUNDAÇÃO OSWALDO CRUZ;33.781.055/0001-35;1631055211;28/04/2021;2021-04-28;especifico
propofol;LABORATÓRIO TEUTO BRASILEIRO S/A;17.159.229/0001-76;1625676210;28/04/2021;2021-04-28;generico
ALFAINTERFERONA 2b;FUNDAÇÃO OSWALDO CRUZ;33.781.055/0001-35;1643481211;29/04/2021;2021-04-29;biologico
ONTAX;LIBBS FARMACÊUTICA LTDA;61.230.314/0001-75;1645094219;29/04/2021;2021-04-29;similar
CLORIDRATO DE CLINDAMICINA;UNIÃO QUÍMICA FARMACÊUTICA NACIONAL S/A;60.665.981/0001-18;1663110212;30/04/2021;2021-04-30;generico
VACINA ADSORVIDA DIFTERIA E TÉTANO INFANTIL (DT);INSTITUTO BUTANTAN;61.821.344/0001-56;1662702214;30/04/2021;2021-04-30;biologico
VACINA ADSORVIDA DIFTERIA E TÉTANO ADULTO (DT);INSTITUTO BUTANTAN;61.821.344/0001-56;1662810211;30/04/2021;2021-04-30;biologico
ZYLET;BL INDÚSTRIA OTICA LTDA;27.011.022/0001-03;1663907213;30/04/2021;2021-04-30;novo
Vacina Recombinante contra Hepatite B;INSTITUTO BUTANTAN;61.821.344/0001-56;1662890210;30/04/2021;2021-04-30;novo
DICLORIDRATO DE PRAMIPEXOL;FUNDAÇÃO OSWALDO CRUZ;33.781.055/0001-35;1664786216;30/04/2021;2021-04-30;generico
Vacina Contra Raiva Uso Humano;INSTITUTO BUTANTAN;61.821.344/0001-56;1662830216;30/04/2021;2021-04-30;biologico
cloridrato de amiodarona;RANBAXY FARMACÊUTICA LTDA;73.663.650/0001-90;1660388215;30/04/2021;2021-04-30;generico
TRICOCILIN B;EMS S/A;57.507.378/0003-65;1684839210;02/05/2021;2021-05-02;similar
SECRELISE;EMS S/A;57.507.378/0003-65;1715528212;04/05/2021;2021-05-04;similar
ALBENDAZOL;PRATI DONADUZZI & CIA LTDA;73.856.593/0001-66;1715084211;04/05/2021;2021-05-04;generico
FLOX;SANDOZ DO BRASIL INDÚSTRIA FARMACÊUTICA LTDA;61.286.647/0001-16;1716496216;04/05/2021;2021-05-04;similar
AMINOFILINA;HYPOFARMA - INSTITUTO DE HYPODERMIA E FARMÁCIA LTDA;17.174.657/0001-78;1713759214;04/05/2021;2021-05-04;generico
carbamazepina;UNIÃO QUÍMICA FARMACÊUTICA NACIONAL S/A;60.665.981/0001-18;1726682213;05/05/2021;2021-05-05;generico
carbamazepina;UNIÃO QUÍMICA FARMACÊUTICA NACIONAL S/A;60.665.981/0001-18;1726688212;05/05/2021;2021-05-05;generico
bromoprida;WASSER FARMA LTDA;1564260000152;1732594213;05/05/2021;2021-05-05;generico
HALOPER;LABORATÓRIO TEUTO BRASILEIRO S/A;17.159.229/0001-76;1731511215;05/05/2021;2021-05-05;similar
TEUTOMICIN;LABORATÓRIO TEUTO BRASILEIRO S/A;17.159.229/0001-76;1731526213;05/05/2021;2021-05-05;similar
HALOPERIDOL;LABORATÓRIO TEUTO BRASILEIRO S/A;17.159.229/0001-76;1731374211;05/05/2021;2021-05-05;generico
BROMOGEX;WASSER FARMA LTDA;1564260000152;1732416215;05/05/2021;2021-05-05;similar
NITROP;HYPOFARMA - INSTITUTO DE HYPODERMIA E FARMÁCIA LTDA;17.174.657/0001-78;1724667219;05/05/2021;2021-05-05;similar
enantato de noretisterona + valerato de estradiol;CIFARMA CIENTÍFICA FARMACÊUTICA LTDA;17.562.075/0001-69;1731767213;05/05/2021;2021-05-05;similar
BEFOLIK;CIMED INDUSTRIA S.A;2814497000107;1747664210;06/05/2021;2021-05-06;especifico
ácido zoledrônico;MYLAN LABORATORIOS LTDA;11.643.096/0001-22;1745272214;06/05/2021;2021-05-06;generico
POMADA MINANCORA;MINÂNCORA & CIA LTDA;84.683.382/0001-95;1747024212;06/05/2021;2021-05-06;novo
ORGANONEURO CEREBRAL;LABORATÓRIO GROSS S. A.;33.145.194/0001-72;1745517211;06/05/2021;2021-05-06;especifico
HIDRION;LABORATÓRIO GROSS S. A.;33.145.194/0001-72;1745407217;06/05/2021;2021-05-06;similar
SEPURIN;LABORATÓRIO GROSS S. A.;33.145.194/0001-72;1745537215;06/05/2021;2021-05-06;similar
LANTUS;SANOFI MEDLEY FARMACÊUTICA LTDA.;10.588.595/0010-92;1763753218;07/05/2021;2021-05-07;biologico
mesilato de doxazosina;LEGRAND PHARMA INDÚSTRIA FARMACÊUTICA LTDA;5044984000126;1760433218;07/05/2021;2021-05-07;generico
EUPROSTATIN;EMS SIGMA PHARMA LTDA;923140000131;1760382210;07/05/2021;2021-05-07;similar
mesilato de doxazosina;GERMED FARMACEUTICA LTDA;45.992.062/0001-65;1760275211;07/05/2021;2021-05-07;generico
mesilato de doxazosina;EMS S/A;57.507.378/0003-65;1760089218;07/05/2021;2021-05-07;generico
ALOIS;APSEN FARMACEUTICA S/A;62.462.015/0001-29;1762267211;07/05/2021;2021-05-07;similar
cloridrato de memantina;APSEN FARMACEUTICA S/A;62.462.015/0001-29;1762342211;07/05/2021;2021-05-07;generico
Tilatil;MYLAN LABORATORIOS LTDA;11.643.096/0001-22;1765802211;07/05/2021;2021-05-07;novo
THIOCTACID;MYLAN LABORATORIOS LTDA;11.643.096/0001-22;1797982210;10/05/2021;2021-05-10;novo
VANCOSON;BLAU FARMACÊUTICA S.A.;58.430.828/0001-60;1801206210;10/05/2021;2021-05-10;similar
DOXAPROST;UNIÃO QUÍMICA FARMACÊUTICA NACIONAL S/A;60.665.981/0001-18;1796276215;10/05/2021;2021-05-10;similar
CONIDRIN 3%;UNIÃO QUÍMICA FARMACÊUTICA NACIONAL S/A;60.665.981/0001-18;1798632210;10/05/2021;2021-05-10;especifico
TEUSIL;LABORATÓRIO TEUTO BRASILEIRO S/A;17.159.229/0001-76;1802417213;10/05/2021;2021-05-10;similar
candesartana cilexetila;PRATI DONADUZZI & CIA LTDA;73.856.593/0001-66;1800704210;10/05/2021;2021-05-10;generico
Farmanguinhos rifampicina+isoniazida+pirazinamida+etambutol;FUNDAÇÃO OSWALDO CRUZ;33.781.055/0001-35;1815082219;11/05/2021;2021-05-11;novo
Epinefrina;HYPOFARMA - INSTITUTO DE HYPODERMIA E FARMÁCIA LTDA;17.174.657/0001-78;1825372215;12/05/2021;2021-05-12;generico
sofosbuvir;FUNDAÇÃO PARA O REMÉDIO POPULAR - FURP;43.640.754/0001-19;1827320213;12/05/2021;2021-05-12;generico
HYPONOR;HYPOFARMA  - INSTITUTO DE HYPODERMIA E FARMÁCIA LTDA;17.174.657/0001-78;1825607214;12/05/2021;2021-05-12;novo
SCALID;UNIÃO QUÍMICA FARMACÊUTICA NACIONAL S/A;60.665.981/0001-18;1828960216;12/05/2021;2021-05-12;similar
CEFALEXINA;ANTIBIÓTICOS DO BRASIL LTDA;5439635000103;1831847219;12/05/2021;2021-05-12;generico
minoxidil;RANBAXY FARMACÊUTICA LTDA;73.663.650/0001-90;1833619211;12/05/2021;2021-05-12;generico
TORMIV SL;Aché Laboratórios Farmacêuticos S.A;60.659.463/0029-92;1832697218;12/05/2021;2021-05-12;similar
Pemetrexede dissódico;DR. REDDYS FARMACÊUTICA DO BRASIL LTDA;3978166000175;1846206215;13/05/2021;2021-05-13;generico
TROMIZIR;BELFAR LTDA;18.324.343/0001-77;1844987215;13/05/2021;2021-05-13;similar
Fledoid;FARMOQUÍMICA S/A;33.349.473/0001-58;1866847210;14/05/2021;2021-05-14;biologico
DERMOTRIZOL;BELFAR LTDA;18.324.343/0001-77;1863504211;14/05/2021;2021-05-14;similar
PLABEL;BELFAR LTDA;18.324.343/0001-77;1863221211;14/05/2021;2021-05-14;similar
clotrimazol;BELFAR LTDA;18.324.343/0001-77;1863534212;14/05/2021;2021-05-14;generico
cloridrato de metoclopramida;BELFAR LTDA;18.324.343/0001-77;1863409215;14/05/2021;2021-05-14;similar
COLPADAK;BELFAR LTDA;18.324.343/0001-77;1863683217;14/05/2021;2021-05-14;similar
HYPOFARMA MANITOL 20%;HYPOFARMA - INSTITUTO DE HYPODERMIA E FARMÁCIA LTDA;17.174.657/0001-78;1900740210;17/05/2021;2021-05-17;especifico
GINO-CANESTEN;BAYER S.A.;18.459.628/0001-15;1904318210;17/05/2021;2021-05-17;novo
Evenity;AMGEN BIOTECNOLOGIA DO BRASIL LTDA.;18.774.815/0001-93;1903579219;17/05/2021;2021-05-17;biologico
PLASMIN;HALEX ISTAR INDÚSTRIA FARMACÊUTICA SA;1571702000198;1900453212;17/05/2021;2021-05-17;especifico
AMPRAX;VITAMEDIC INDUSTRIA FARMACEUTICA LTDA;30.222.814/0001-31;1919847217;18/05/2021;2021-05-18;similar
atenolol + clortalidona;LABORATÓRIO TEUTO BRASILEIRO S/A;17.159.229/0001-76;1915483216;18/05/2021;2021-05-18;generico
GLICOSE  HYPOFARMA;HYPOFARMA - INSTITUTO DE HYPODERMIA E FARMÁCIA LTDA;17.174.657/0001-78;1919252215;18/05/2021;2021-05-18;especifico
cloridrato de donepezila;GEOLAB INDÚSTRIA FARMACÊUTICA S/A;3485572000104;1917854219;18/05/2021;2021-05-18;generico
ATELIDONA;LABORATÓRIO TEUTO BRASILEIRO S/A;17.159.229/0001-76;1915512213;18/05/2021;2021-05-18;similar
Maleato de midazolam;SANOFI MEDLEY FARMACÊUTICA LTDA.;10.588.595/0010-92;1915514210;18/05/2021;2021-05-18;generico
MICOFIM;LABORATÓRIO FARMACÊUTICO ELOFAR LTDA;83.874.628/0001-43;1932369217;19/05/2021;2021-05-19;similar
PRÓS;SUPERA FARMA LABORATÓRIOS S.A;43.312.503/0001-05;1933787216;19/05/2021;2021-05-19;similar
CLORIDRATO DE RANITIDINA;HYPOFARMA - INSTITUTO DE HYPODERMIA E FARMÁCIA LTDA;17.174.657/0001-78;1934865217;19/05/2021;2021-05-19;generico
ALBISTIN;CAZI QUIMICA FARMACEUTICA INDUSTRIA E COMERCIO LTDA;44.010.437/0001-81;1928220216;19/05/2021;2021-05-19;similar
CETIRTEC;LABORATÓRIO TEUTO BRASILEIRO S/A;17.159.229/0001-76;1933204211;19/05/2021;2021-05-19;similar
dicloridrato de cetirizina;LABORATÓRIO TEUTO BRASILEIRO S/A;17.159.229/0001-76;1932364216;19/05/2021;2021-05-19;generico
cloridrato de memantina;SANOFI MEDLEY FARMACÊUTICA LTDA.;10.588.595/0010-92;1933791214;19/05/2021;2021-05-19;generico
AZITROMICINA;PRATI DONADUZZI & CIA LTDA;73.856.593/0001-66;1933198213;19/05/2021;2021-05-19;generico
cloridrato de bupropiona;PRATI DONADUZZI & CIA LTDA;73.856.593/0001-66;1930972214;19/05/2021;2021-05-19;generico
CETROTIDE;MERCK S/A;33.069.212/0001-84;1951165215;20/05/2021;2021-05-20;novo
ACICLOVIR;SANDOZ DO BRASIL INDÚSTRIA FARMACÊUTICA LTDA;61.286.647/0001-16;1953255215;20/05/2021;2021-05-20;generico
ESOMEPRAZOL MAGNÉSIO TRIIDRATADO;ASTRAZENECA DO BRASIL LTDA;60.318.797/0001-00;1951386211;20/05/2021;2021-05-20;generico
HERPESIL;SANDOZ DO BRASIL INDÚSTRIA FARMACÊUTICA LTDA;61.286.647/0001-16;1954062211;20/05/2021;2021-05-20;similar
ALOPURINOL;SANOFI MEDLEY FARMACÊUTICA LTDA.;10.588.595/0010-92;1952741211;20/05/2021;2021-05-20;generico
TEUBILIV;LABORATÓRIO TEUTO BRASILEIRO S/A;17.159.229/0001-76;1967447213;21/05/2021;2021-05-21;similar
Akineton;Laboratórios Bagó do Brasil S/A;4748181000947;1966713212;21/05/2021;2021-05-21;novo
cloridrato de nebivolol;LABORATÓRIO TEUTO BRASILEIRO S/A;17.159.229/0001-76;1966600214;21/05/2021;2021-05-21;generico
HYPOSIL;HYPOFARMA - INSTITUTO DE HYPODERMIA E FARMÁCIA LTDA;17.174.657/0001-78;2003384212;24/05/2021;2021-05-24;similar
CRINONE;MERCK S/A;33.069.212/0001-84;2004131214;24/05/2021;2021-05-24;novo
OSTEOFAR;LABORATÓRIO FARMACÊUTICO ELOFAR LTDA;83.874.628/0001-43;2000828217;24/05/2021;2021-05-24;similar
cloridrato de erlotinibe;SANDOZ DO BRASIL INDÚSTRIA FARMACÊUTICA LTDA;61.286.647/0001-16;2004650212;24/05/2021;2021-05-24;generico
FORMOCAPS;Aché Laboratórios Farmacêuticos S.A;60.659.463/0029-92;2002353217;24/05/2021;2021-05-24;similar
CRISTALIN;UNIÃO QUÍMICA FARMACÊUTICA NACIONAL S/A;60.665.981/0001-18;2002427214;24/05/2021;2021-05-24;similar
HYLINC;HYPOFARMA - INSTITUTO DE HYPODERMIA E FARMÁCIA LTDA;17.174.657/0001-78;2003083215;24/05/2021;2021-05-24;similar
MEPSEVII;ULTRAGENYX BRASIL FARMACEUTICA LTDA;27.724.245/0001-18;1999791214;24/05/2021;2021-05-24;biologico
ESOGASTRO IBP;EMS S/A;57.507.378/0003-65;2019562211;25/05/2021;2021-05-25;novo
DINILL;ALLERGAN PRODUTOS FARMACÊUTICOS LTDA;43.426.626/0001-77;2018537215;25/05/2021;2021-05-25;similar
FILMCEL;ALLERGAN PRODUTOS FARMACÊUTICOS LTDA;43.426.626/0001-77;2018994210;25/05/2021;2021-05-25;novo
OSTEOGLIC;LEGRAND PHARMA INDÚSTRIA FARMACÊUTICA LTDA;5044984000126;2015909219;25/05/2021;2021-05-25;similar
ZYMAR;ALLERGAN PRODUTOS FARMACÊUTICOS LTDA;43.426.626/0001-77;2019386216;25/05/2021;2021-05-25;novo
albendazol;SANOFI MEDLEY FARMACÊUTICA LTDA.;10.588.595/0010-92;2017575212;25/05/2021;2021-05-25;generico
SULGLIC;EMS S/A;57.507.378/0003-65;2015916211;25/05/2021;2021-05-25;similar
Valerato Betametasona;GERMED FARMACEUTICA LTDA;45.992.062/0001-65;2016292218;25/05/2021;2021-05-25;generico
Ginkobonin;UNIÃO QUÍMICA FARMACÊUTICA NACIONAL S/A;60.665.981/0001-18;2017030211;25/05/2021;2021-05-25;fitoterapico
DELUMI;GEOLAB INDÚSTRIA FARMACÊUTICA S/A;3485572000104;2019077218;25/05/2021;2021-05-25;especifico
DIENOGESTE;GEOLAB INDÚSTRIA FARMACÊUTICA S/A;3485572000104;2019820215;25/05/2021;2021-05-25;generico
VELUNID;COSMED INDUSTRIA DE COSMETICOS E MEDICAMENTOS S.A.;61.082.426/0002-07;2023193218;25/05/2021;2021-05-25;especifico
COLTRIENO;MYRALIS INDÚSTRIA FARMACÊUTICA LTDA;17.440.261/0001-25;2016232214;25/05/2021;2021-05-25;similar
OZURDEX;ALLERGAN PRODUTOS FARMACÊUTICOS LTDA;43.426.626/0001-77;2019193216;25/05/2021;2021-05-25;novo
ARTOGLICO;EMS SIGMA PHARMA LTDA;923140000131;2015867210;25/05/2021;2021-05-25;similar
sulfato de glicosamina;EMS SIGMA PHARMA LTDA;923140000131;2015944217;25/05/2021;2021-05-25;generico
NEOTRICIN;LEGRAND PHARMA INDÚSTRIA FARMACÊUTICA LTDA;5044984000126;2030881217;26/05/2021;2021-05-26;similar
HEBRIN;UNIÃO QUÍMICA FARMACÊUTICA NACIONAL S/A;60.665.981/0001-18;2036390217;26/05/2021;2021-05-26;similar
ÉSIO;EUROFARMA LABORATÓRIOS S.A.;61.190.096/0001-92;2046506218;27/05/2021;2021-05-27;similar
Aciclovir;NOVARTIS BIOCIENCIAS S.A;56.994.502/0001-30;2049008219;27/05/2021;2021-05-27;generico
PURINETHOL;ASPEN PHARMA INDÚSTRIA FARMACÊUTICA LTDA;2433631000120;2051975213;27/05/2021;2021-05-27;novo
ARTRODAR;TRB PHARMA INDÚSTRIA QUÍMICA E FARMACÊUTICA LTDA;61.455.192/0001-15;2050455211;27/05/2021;2021-05-27;novo
NORETISTERONA;BIOLAB SANUS FARMACÊUTICA LTDA;49.475.833/0001-06;2049922211;27/05/2021;2021-05-27;generico
INOTROPISA;HYPOFARMA - INSTITUTO DE HYPODERMIA E FARMÁCIA LTDA;17.174.657/0001-78;2049032211;27/05/2021;2021-05-27;similar
BECA;HALEX ISTAR INDÚSTRIA FARMACÊUTICA SA;1571702000198;2060310210;28/05/2021;2021-05-28;similar
LUTICS;Aché Laboratórios Farmacêuticos S.A;60.659.463/0029-92;2067426211;28/05/2021;2021-05-28;similar
MALEATO DE ENALAPRIL;SANOFI MEDLEY FARMACÊUTICA LTDA.;10.588.595/0010-92;2062638210;28/05/2021;2021-05-28;generico
levonorgestrel + etinilestradiol;BIOLAB SANUS FARMACÊUTICA LTDA;49.475.833/0001-06;2067933215;28/05/2021;2021-05-28;generico
MESILATO DE DOXAZOSINA;Aché Laboratórios Farmacêuticos S.A;60.659.463/0029-92;2067470218;28/05/2021;2021-05-28;generico
CARBOCISTEÍNA;EMS S/A;57.507.378/0003-65;2065880210;28/05/2021;2021-05-28;generico
INPRUV D;APSEN FARMACEUTICA S/A;62.462.015/0001-29;2104775218;31/05/2021;2021-05-31;especifico
GAESO;Aché Laboratórios Farmacêuticos S.A;60.659.463/0029-92;2111253213;01/06/2021;2021-06-01;similar
VITADESAN;SANVAL COMÉRCIO E INDÚSTRIA LTDA;61.068.755/0001-12;2118208216;01/06/2021;2021-06-01;especifico
CAPTOPRIL;PRATI DONADUZZI & CIA LTDA;73.856.593/0001-66;2111511217;01/06/2021;2021-06-01;generico
LUTICS;Aché Laboratórios Farmacêuticos S.A;60.659.463/0029-92;2120800210;01/06/2021;2021-06-01;generico
DOXANEO;BRAINFARMA INDÚSTRIA QUÍMICA E FARMACÊUTICA S.A;5161069000110;2135722216;02/06/2021;2021-06-02;similar
Fasturtec;SANOFI MEDLEY FARMACÊUTICA LTDA.;10.588.595/0010-92;2133475217;02/06/2021;2021-06-02;biologico
desogestrel;UNIÃO QUÍMICA FARMACÊUTICA NACIONAL S/A;60.665.981/0001-18;2131845210;02/06/2021;2021-06-02;generico
DORILAX;Aché Laboratórios Farmacêuticos S.A;60.659.463/0029-92;2127812211;02/06/2021;2021-06-02;similar
ISOFORINE;CRISTÁLIA PRODUTOS QUÍMICOS FARMACÊUTICOS LTDA.;44.734.671/0001-51;2132515214;02/06/2021;2021-06-02;similar
ACICLOVIR;Aché Laboratórios Farmacêuticos S.A;60.659.463/0029-92;2128021215;02/06/2021;2021-06-02;generico
MESILATO DE DOXAZOSINA;BRAINFARMA INDÚSTRIA QUÍMICA E FARMACÊUTICA S.A;5161069000110;2136129211;02/06/2021;2021-06-02;generico
ACTONEL;FARMA VISION IMPORTAÇÃO E EXPORTAÇÃO DE MEDICAMENTOS LTDA;9058502000148;2147861219;03/06/2021;2021-06-03;novo
CEFALOTINA SÓDICA;AUROBINDO PHARMA INDÚSTRIA FARMACÊUTICA LIMITADA;4301884000175;2163196214;04/06/2021;2021-06-04;generico
HEPTRIS;MYLAN LABORATORIOS LTDA;11.643.096/0001-22;2196498211;07/06/2021;2021-06-07;biologico
mesilato de doxazosina;PRATI DONADUZZI & CIA LTDA;73.856.593/0001-66;2210198216;08/06/2021;2021-06-08;generico
CLOPAM;CRISTÁLIA PRODUTOS QUÍMICOS FARMACÊUTICOS LTDA.;44.734.671/0001-51;2210675219;08/06/2021;2021-06-08;similar
Clopam;CRISTÁLIA PRODUTOS QUÍMICOS FARMACÊUTICOS LTDA.;44.734.671/0001-51;2210553211;08/06/2021;2021-06-08;similar
maleato de enalapril + hidroclorotiazida;BIOLAB SANUS FARMACÊUTICA LTDA;49.475.833/0001-06;2213090211;08/06/2021;2021-06-08;similar
LORATADINA;Aché Laboratórios Farmacêuticos S.A;60.659.463/0029-92;2214752218;08/06/2021;2021-06-08;generico
MESILATO DE CODERGOCRINA;Aché Laboratórios Farmacêuticos S.A;60.659.463/0029-92;2214543210;08/06/2021;2021-06-08;generico
cefalexina;UNIÃO QUÍMICA FARMACÊUTICA NACIONAL S/A;60.665.981/0001-18;2213084211;08/06/2021;2021-06-08;generico
CLORIDRATO DE CEFEPIME;AUROBINDO PHARMA INDÚSTRIA FARMACÊUTICA LIMITADA;4301884000175;2226242210;09/06/2021;2021-06-09;generico
NICE;LABORATORIO DE EXTRATOS ALERGENICOS LTDA;28.614.626/0001-07;2231133211;09/06/2021;2021-06-09;especifico
ibuprofeno;GEOLAB INDÚSTRIA FARMACÊUTICA S/A;3485572000104;2230704214;09/06/2021;2021-06-09;generico
ESTRADOT;NOVARTIS BIOCIENCIAS S.A;56.994.502/0001-30;2230215213;09/06/2021;2021-06-09;similar
CLORIDRATO DE DOPAMINA;LABORATÓRIO TEUTO BRASILEIRO S/A;17.159.229/0001-76;2221469216;09/06/2021;2021-06-09;generico
ALCACHOFRA VIDORA;VIDORA FARMACÊUTICA LTDA;92.762.277/0001-70;2245883217;10/06/2021;2021-06-10;fitoterapico
CALMALEVHY;VIDORA FARMACÊUTICA LTDA;92.762.277/0001-70;2246222214;10/06/2021;2021-06-10;fitoterapico
MARACUGINA PI (Passiflora incarnata L.);COSMED INDUSTRIA DE COSMETICOS E MEDICAMENTOS S.A.;61.082.426/0002-07;2240352213;10/06/2021;2021-06-10;fitoterapico
mesilato de doxazosina;GEOLAB INDÚSTRIA FARMACÊUTICA S/A;3485572000104;2245106211;10/06/2021;2021-06-10;similar
PRONTOMID;LABORATÓRIOS B. BRAUN S/A;31.673.254/0001-02;2248142218;10/06/2021;2021-06-10;novo
pemetrexede dissodico;SUN FARMACÊUTICA DO BRASIL LTDA;5035244000123;2240466219;10/06/2021;2021-06-10;generico
DORMIRE;CRISTÁLIA PRODUTOS QUÍMICOS FARMACÊUTICOS LTDA.;44.734.671/0001-51;2265242217;11/06/2021;2021-06-11;similar
TINTURA DE ESPINHEIRA DIVINA COMPOSTA;VIDORA FARMACÊUTICA LTDA;92.762.277/0001-70;2263071211;11/06/2021;2021-06-11;fitoterapico
Mylus;UNIÃO QUÍMICA FARMACÊUTICA NACIONAL S/A;60.665.981/0001-18;2261934211;11/06/2021;2021-06-11;similar
DELUMI;GEOLAB INDÚSTRIA FARMACÊUTICA S/A;3485572000104;2298619212;14/06/2021;2021-06-14;especifico
CAPILAREMA;LABORATÓRIOS BALDACCI LTDA;61.150.447/0001-31;2296376215;14/06/2021;2021-06-14;novo
PROSTAFLUX;LABORATÓRIO TEUTO BRASILEIRO S/A;17.159.229/0001-76;2298416214;14/06/2021;2021-06-14;similar
BIOFLAC;CRISTÁLIA PRODUTOS QUÍMICOS FARMACÊUTICOS LTDA.;44.734.671/0001-51;2300401215;14/06/2021;2021-06-14;similar
MICOGYN;LABORATÓRIO FARMACÊUTICO ELOFAR LTDA;83.874.628/0001-43;2301539211;14/06/2021;2021-06-14;similar
ESPINHEIRA SANTA;VIDORA FARMACÊUTICA LTDA;92.762.277/0001-70;2301193217;14/06/2021;2021-06-14;fitoterapico
MARESIS HT;FARMOQUÍMICA S/A;33.349.473/0001-58;2295454212;14/06/2021;2021-06-14;especifico
mesilato de doxazosina;LABORATÓRIO TEUTO BRASILEIRO S/A;17.159.229/0001-76;2298901210;14/06/2021;2021-06-14;generico
VOTRIENT;NOVARTIS BIOCIENCIAS S.A;56.994.502/0001-30;2317888210;15/06/2021;2021-06-15;novo
FLUTEP;IBF - INDUSTRIA BRASILEIRA DE FARMOQUIMICOS S.A.;14.864.868/0001-44;2311012215;15/06/2021;2021-06-15;radiofarmaco
LEVAFLOX;HALEX ISTAR INDÚSTRIA FARMACÊUTICA SA;1571702000198;2311811215;15/06/2021;2021-06-15;generico
CLORIDRATO DE VERAPAMIL;SANVAL COMÉRCIO E INDÚSTRIA LTDA;61.068.755/0001-12;2314816218;15/06/2021;2021-06-15;generico
FLUESOCIL;R2 Soluções em radiofarmácia ltda.;9240065000189;2311410211;15/06/2021;2021-06-15;radiofarmaco
GLICOSE HALEX ISTAR;HALEX ISTAR INDÚSTRIA FARMACÊUTICA SA;1571702000198;2312550211;15/06/2021;2021-06-15;especifico
LIVTÓS;VIDORA FARMACÊUTICA LTDA;92.762.277/0001-70;2333131217;16/06/2021;2021-06-16;fitoterapico
maleato de enalapril;GEOLAB INDÚSTRIA FARMACÊUTICA S/A;3485572000104;2333446218;16/06/2021;2021-06-16;generico
ácido zoledrônico;SUN FARMACÊUTICA DO BRASIL LTDA;5035244000123;2331796211;16/06/2021;2021-06-16;generico
aciclovir;GEOLAB INDÚSTRIA FARMACÊUTICA S/A;3485572000104;2330614217;16/06/2021;2021-06-16;generico
TORAGESIC;EMS SIGMA PHARMA LTDA;923140000131;2346222216;17/06/2021;2021-06-17;similar
SULFATO DE ATAZANAVIR;FUNDAÇÃO OSWALDO CRUZ;33.781.055/0001-35;2347160214;17/06/2021;2021-06-17;generico
BERK;EUROFARMA LABORATÓRIOS S.A.;61.190.096/0001-92;2345160217;17/06/2021;2021-06-17;similar
IBUVIX;GEOLAB INDÚSTRIA FARMACÊUTICA S/A;3485572000104;2347716212;17/06/2021;2021-06-17;similar
NOLVADEX;ASTRAZENECA DO BRASIL LTDA;60.318.797/0001-00;2342130210;17/06/2021;2021-06-17;novo
PERLID;PRATI DONADUZZI & CIA LTDA;73.856.593/0001-66;2361697211;18/06/2021;2021-06-18;similar
DOLO MOFF;UNIÃO QUÍMICA FARMACÊUTICA NACIONAL S/A;60.665.981/0001-18;2365027211;18/06/2021;2021-06-18;similar
EVOTERIN;FARMARIN INDUSTRIA E COMERCIO LTDA;58.635.830/0001-75;2366385218;18/06/2021;2021-06-18;similar
SOFTDERM;LABORATÓRIO FARMACÊUTICO ELOFAR LTDA;83.874.628/0001-43;2361533219;18/06/2021;2021-06-18;similar
RPHKARDIA;MJM PRODUTOS FARMACEUTICOS E DE RADIOPROTEÇÃO LTDA;4891262000144;2362539211;18/06/2021;2021-06-18;radiofarmaco
SULFATO DE MORFINA;UNIÃO QUÍMICA FARMACÊUTICA NACIONAL S/A;60.665.981/0001-18;2364663211;18/06/2021;2021-06-18;generico
SELIT;OPEM REPRESENTAÇÃO IMPORTADORA EXPORTADORA E DISTRIBUIDORA LTDA;38.909.503/0001-57;2361580217;18/06/2021;2021-06-18;especifico
Dramin;COSMED INDUSTRIA DE COSMETICOS E MEDICAMENTOS S.A.;61.082.426/0002-07;2404419218;21/06/2021;2021-06-21;novo
NEBACETIN;COSMED INDUSTRIA DE COSMETICOS E MEDICAMENTOS S.A.;61.082.426/0002-07;2402233214;21/06/2021;2021-06-21;similar
EPITEGEL;BL INDÚSTRIA OTICA LTDA;27.011.022/0001-03;2403088218;21/06/2021;2021-06-21;novo
CEFALEXINA;EMS S/A;57.507.378/0003-65;2403711217;21/06/2021;2021-06-21;generico
Rubia;Aché Laboratórios Farmacêuticos S.A;60.659.463/0029-92;2398331211;21/06/2021;2021-06-21;similar
ALENDIL CÁLCIO D;FARMOQUÍMICA S/A;33.349.473/0001-58;2402826215;21/06/2021;2021-06-21;novo
NENE DENT N;COSMED INDUSTRIA DE COSMETICOS E MEDICAMENTOS S.A.;61.082.426/0002-07;2398536211;21/06/2021;2021-06-21;novo
GASTROFTAL;PHARMASCIENCE INDÚSTRIA FARMACÊUTICA LTDA;25.773.037/0001-83;2402719214;21/06/2021;2021-06-21;especifico
Dramin B6 DL;COSMED INDUSTRIA DE COSMETICOS E MEDICAMENTOS S.A.;61.082.426/0002-07;2397654211;21/06/2021;2021-06-21;novo
VARISBEM;VIDORA FARMACÊUTICA LTDA;92.762.277/0001-70;2420226216;22/06/2021;2021-06-22;fitoterapico
KOATE DVI;GRIFOLS BRASIL LTDA;2513899000171;2419598211;22/06/2021;2021-06-22;biologico
LAMOTRIGINA;UNICHEM FARMACÊUTICA DO BRASIL LTDA;5399786000185;2419076214;22/06/2021;2021-06-22;generico
ROPI® BOLSA;CRISTÁLIA PRODUTOS QUÍMICOS FARMACÊUTICOS LTDA.;44.734.671/0001-51;2414267216;22/06/2021;2021-06-22;novo
BRONCHO-VAXOM;CHIESI FARMACÊUTICA LTDA;61.363.032/0001-46;2419961218;22/06/2021;2021-06-22;novo
LACRIFILM;UNIÃO QUÍMICA FARMACÊUTICA NACIONAL S/A;60.665.981/0001-18;2417182211;22/06/2021;2021-06-22;especifico
PASSIFLORA KLEIN;VIDORA FARMACÊUTICA LTDA;92.762.277/0001-70;2417509211;22/06/2021;2021-06-22;fitoterapico
METRONIDAZOL;SANVAL COMÉRCIO E INDÚSTRIA LTDA;61.068.755/0001-12;2418397211;22/06/2021;2021-06-22;generico
ALFAEPOETINA;FUNDAÇÃO OSWALDO CRUZ;33.781.055/0001-35;2431851214;23/06/2021;2021-06-23;biologico
DEXAVISON;LABORATÓRIO TEUTO BRASILEIRO S/A;17.159.229/0001-76;2436111219;23/06/2021;2021-06-23;similar
PASALIX PI;MARJAN INDÚSTRIA E COMÉRCIO LTDA;60.726.692/0001-81;2435810211;23/06/2021;2021-06-23;fitoterapico
BROMETO DE PINAVERIO;LABORATÓRIO TEUTO BRASILEIRO S/A;17.159.229/0001-76;2437053212;23/06/2021;2021-06-23;generico
DESOGESTREL;Aché Laboratórios Farmacêuticos S.A;60.659.463/0029-92;2430118211;23/06/2021;2021-06-23;generico
LIPURO;LABORATÓRIOS B. BRAUN S/A;31.673.254/0001-02;2451025212;24/06/2021;2021-06-24;similar
FUROATO DE MOMETASONA;SANOFI MEDLEY FARMACÊUTICA LTDA.;10.588.595/0010-92;2454225212;24/06/2021;2021-06-24;generico
valerato de betametasona + sulfato de gentamicina + tolnaftato + clioquinol;EUROFARMA LABORATÓRIOS S.A.;61.190.096/0001-92;2453044214;24/06/2021;2021-06-24;generico
FUNED METFORMINA;FUNDAÇÃO EZEQUIEL DIAS - FUNED;17.503.475/0001-01;2469332214;25/06/2021;2021-06-25;similar
TEUMIB;LABORATÓRIO TEUTO BRASILEIRO S/A;17.159.229/0001-76;2465439219;25/06/2021;2021-06-25;similar
aciclovir;PRATI DONADUZZI & CIA LTDA;73.856.593/0001-66;2465336215;25/06/2021;2021-06-25;generico
SECNIDAL;SANOFI MEDLEY FARMACÊUTICA LTDA.;10.588.595/0010-92;2466304210;25/06/2021;2021-06-25;novo
Bortezomibe;ACCORD FARMACÊUTICA LTDA;64.171.697/0001-46;2468164211;25/06/2021;2021-06-25;generico
BORTYZ;ACCORD FARMACÊUTICA LTDA;64.171.697/0001-46;2468178211;25/06/2021;2021-06-25;similar
EZETIMIBA;LABORATÓRIO TEUTO BRASILEIRO S/A;17.159.229/0001-76;2465307215;25/06/2021;2021-06-25;generico
cloridrato de irinotecano;ACCORD FARMACÊUTICA LTDA;64.171.697/0001-46;2506648216;28/06/2021;2021-06-28;generico
IUMI;LIBBS FARMACÊUTICA LTDA;61.230.314/0001-75;2506621211;28/06/2021;2021-06-28;similar
ALBENTEL;LABORATÓRIO TEUTO BRASILEIRO S/A;17.159.229/0001-76;2506356215;28/06/2021;2021-06-28;similar
ALEKTOS PED;COSMED INDUSTRIA DE COSMETICOS E MEDICAMENTOS S.A.;61.082.426/0002-07;2500075214;28/06/2021;2021-06-28;novo
BROMAZEPAM;UNIÃO QUÍMICA FARMACÊUTICA NACIONAL S/A;60.665.981/0001-18;2506978216;28/06/2021;2021-06-28;generico
ALBENDAZOL;LABORATÓRIO TEUTO BRASILEIRO S/A;17.159.229/0001-76;2506236210;28/06/2021;2021-06-28;generico
DRAMIN B6;COSMED INDUSTRIA DE COSMETICOS E MEDICAMENTOS S.A.;61.082.426/0002-07;2499298219;28/06/2021;2021-06-28;novo
SOFTEZ;LABORATÓRIO FARMACÊUTICO ELOFAR LTDA;83.874.628/0001-43;2502651212;28/06/2021;2021-06-28;similar
ALBENDAZOL;PRATI DONADUZZI & CIA LTDA;73.856.593/0001-66;2504220219;28/06/2021;2021-06-28;generico
CEFAZOLINA SÓDICA;AUROBINDO PHARMA INDÚSTRIA FARMACÊUTICA LIMITADA;4301884000175;2503179215;28/06/2021;2021-06-28;generico
ACEBROFILINA;PRATI DONADUZZI & CIA LTDA;73.856.593/0001-66;2506278214;28/06/2021;2021-06-28;generico
DROSPIRENONA+ETINILESTRADIOL;EMS S/A;57.507.378/0003-65;2522368214;29/06/2021;2021-06-29;generico
PREVYASM;LEGRAND PHARMA INDÚSTRIA FARMACÊUTICA LTDA;5044984000126;2522723219;29/06/2021;2021-06-29;similar
ENO TABS FRUTAS SORTIDAS;GLAXOSMITHKLINE BRASIL LTDA;33.247.743/0001-10;2524146219;29/06/2021;2021-06-29;novo
CEFAZOLINA SÓDICA;UNIÃO QUÍMICA FARMACÊUTICA NACIONAL S/A;60.665.981/0001-18;2523190214;29/06/2021;2021-06-29;generico
GUTTALAX;SANOFI MEDLEY FARMACÊUTICA LTDA.;10.588.595/0010-92;2523510219;29/06/2021;2021-06-29;novo
drospirenona + etinilestradiol;LEGRAND PHARMA INDÚSTRIA FARMACÊUTICA LTDA;5044984000126;2522623214;29/06/2021;2021-06-29;generico
ZOMIG/ZOMIG OD;GRÜNENTHAL DO BRASIL FARMACÊUTICA LTDA.;10.555.143/0001-13;2516566212;29/06/2021;2021-06-29;novo
ATENOLOL;SANOFI MEDLEY FARMACÊUTICA LTDA.;10.588.595/0010-92;2523302217;29/06/2021;2021-06-29;generico
drospirenona + etinilestradiol;GERMED FARMACEUTICA LTDA;45.992.062/0001-65;2522499211;29/06/2021;2021-06-29;generico
Naproxeno sódico;BRAINFARMA INDÚSTRIA QUÍMICA E FARMACÊUTICA S.A;5161069000110;2523678217;29/06/2021;2021-06-29;generico
ELÔ;EMS S/A;57.507.378/0003-65;2522484214;29/06/2021;2021-06-29;similar
dicloridrato de pramipexol;PRATI DONADUZZI & CIA LTDA;73.856.593/0001-66;2517020213;29/06/2021;2021-06-29;generico
RPHRENO;MJM PRODUTOS FARMACEUTICOS E DE RADIOPROTEÇÃO LTDA;4891262000144;2524150216;29/06/2021;2021-06-29;radiofarmaco
TRICIT;EUROFARMA LABORATÓRIOS S.A.;61.190.096/0001-92;2514785219;29/06/2021;2021-06-29;especifico
DALYNE;EMS SIGMA PHARMA LTDA;923140000131;2522922211;29/06/2021;2021-06-29;similar
VITASANTISA C;SANTISA LABORATÓRIO FARMACÊUTICO S/A;4099395000182;2517488215;29/06/2021;2021-06-29;especifico
BUPSTESIC COM VASO;UNIÃO QUÍMICA FARMACÊUTICA NACIONAL S/A;60.665.981/0001-18;2523301211;29/06/2021;2021-06-29;similar
ANFORICIN B;CRISTÁLIA PRODUTOS QUÍMICOS FARMACÊUTICOS LTDA.;44.734.671/0001-51;2534062212;30/06/2021;2021-06-30;similar
SEROQUEL;ASTRAZENECA DO BRASIL LTDA;60.318.797/0001-00;2538659213;30/06/2021;2021-06-30;novo
NILPERIDOL;CRISTÁLIA PRODUTOS QUÍMICOS FARMACÊUTICOS LTDA.;44.734.671/0001-51;2535181215;30/06/2021;2021-06-30;similar
CRISAPINA;CRISTÁLIA PRODUTOS QUÍMICOS FARMACÊUTICOS LTDA.;44.734.671/0001-51;2537528212;30/06/2021;2021-06-30;similar
POLIXIL B;MYLAN LABORATORIOS LTDA;11.643.096/0001-22;2536385213;30/06/2021;2021-06-30;similar
ACIDO ZOLEDRONICO;ANTIBIÓTICOS DO BRASIL LTDA;5439635000103;2536281213;30/06/2021;2021-06-30;generico
Poliderms;UNIÃO QUÍMICA FARMACÊUTICA NACIONAL S/A;60.665.981/0001-18;2534850211;30/06/2021;2021-06-30;similar
DERMITRAT;VITAMEDIC INDUSTRIA FARMACEUTICA LTDA;30.222.814/0001-31;2538198216;30/06/2021;2021-06-30;similar
YASMIN;BAYER S.A.;18.459.628/0001-15;2537083211;30/06/2021;2021-06-30;novo
MALEATO DE DEXCLORFENIRAMINA + BETAMETASONA;UNIÃO QUÍMICA FARMACÊUTICA NACIONAL S/A;60.665.981/0001-18;2532257211;30/06/2021;2021-06-30;generico
VALERATO DE BETAMETASONA;SANOFI MEDLEY FARMACÊUTICA LTDA.;10.588.595/0010-92;2535183218;30/06/2021;2021-06-30;generico
cloridrato de ondansetrona;HALEX ISTAR INDÚSTRIA FARMACÊUTICA SA;1571702000198;2532267216;30/06/2021;2021-06-30;generico
cetoconazol;VITAMEDIC INDUSTRIA FARMACEUTICA LTDA;30.222.814/0001-31;2539050212;30/06/2021;2021-06-30;generico
CEFALEXINA;EMS S/A;57.507.378/0003-65;2536978214;30/06/2021;2021-06-30;generico
BROMETO DE IPRATROPIO;UNIÃO QUÍMICA FARMACÊUTICA NACIONAL S/A;60.665.981/0001-18;2536806219;30/06/2021;2021-06-30;generico
YAZ;BAYER S.A.;18.459.628/0001-15;2539320210;30/06/2021;2021-06-30;novo
BETAPROSPAN;UNIÃO QUÍMICA FARMACÊUTICA NACIONAL S/A;60.665.981/0001-18;2552387217;01/07/2021;2021-07-01;similar
CETOPROFENO;HIPOLABOR FARMACEUTICA LTDA;19.570.720/0001-10;2554986215;01/07/2021;2021-07-01;generico
FUROSEMIDA;SANTISA LABORATÓRIO FARMACÊUTICO S/A;4099395000182;2554364214;01/07/2021;2021-07-01;generico
FUROSANTISA;SANTISA LABORATÓRIO FARMACÊUTICO S/A;4099395000182;2554290211;01/07/2021;2021-07-01;similar
PROCTOCAPS;KLEY HERTZ FARMACEUTICA S.A;92.695.691/0001-03;2551501211;01/07/2021;2021-07-01;fitoterapico
VITANOL-A;GLAXOSMITHKLINE BRASIL LTDA;33.247.743/0001-10;2553465211;01/07/2021;2021-07-01;similar
Alenia;Aché Laboratórios Farmacêuticos S.A;60.659.463/0029-92;2552836216;01/07/2021;2021-07-01;novo
Calt;CRISTÁLIA PRODUTOS QUÍMICOS FARMACÊUTICOS LTDA.;44.734.671/0001-51;2554742219;01/07/2021;2021-07-01;similar
FILINAR G;EUROFARMA LABORATÓRIOS S.A.;61.190.096/0001-92;2550233212;01/07/2021;2021-07-01;novo
fosfato dissódico de betametasona + dipropionato de betametasona;UNIÃO QUÍMICA FARMACÊUTICA NACIONAL S/A;60.665.981/0001-18;2552949215;01/07/2021;2021-07-01;generico
BISOLVON;SANOFI MEDLEY FARMACÊUTICA LTDA.;10.588.595/0010-92;2553748213;01/07/2021;2021-07-01;novo
ezetimiba;Althaia S.A Indústria Farmacêutica;48.344.725/0007-19;2563923212;02/07/2021;2021-07-02;generico
desonida;SANOFI MEDLEY FARMACÊUTICA LTDA.;10.588.595/0010-92;2573516211;02/07/2021;2021-07-02;generico
DESONIDA;SANOFI MEDLEY FARMACÊUTICA LTDA.;10.588.595/0010-92;2571404211;02/07/2021;2021-07-02;generico
sulfato de neomicina + bacitracina zíncica;UNIÃO QUÍMICA FARMACÊUTICA NACIONAL S/A;60.665.981/0001-18;2610111215;05/07/2021;2021-07-05;generico
GENGIMIN;FARMOQUÍMICA S/A;33.349.473/0001-58;2607567211;05/07/2021;2021-07-05;fitoterapico
LEVOTAC;CRISTÁLIA PRODUTOS QUÍMICOS FARMACÊUTICOS LTDA.;44.734.671/0001-51;2608788211;05/07/2021;2021-07-05;similar
ÁGUA PARA INJETAVÉIS;FARMARIN INDUSTRIA E COMERCIO LTDA;58.635.830/0001-75;2608787215;05/07/2021;2021-07-05;especifico
OVESTRION;MERCK SHARP & DOHME FARMACEUTICA LTDA.;3560974000118;2604207214;05/07/2021;2021-07-05;novo
EZ-TEC99m;ECKERT & ZIEGLER BRASIL COMERCIAL LTDA;2887124000247;2625810211;06/07/2021;2021-07-06;radiofarmaco
IXIUM;FARMOQUÍMICA S/A;33.349.473/0001-58;2622773218;06/07/2021;2021-07-06;similar
LASTACAFT;ALLERGAN PRODUTOS FARMACÊUTICOS LTDA;43.426.626/0001-77;2624810218;06/07/2021;2021-07-06;novo
CLORIDRATO DE VANCOMICINA;LABORATÓRIO TEUTO BRASILEIRO S/A;17.159.229/0001-76;2623961212;06/07/2021;2021-07-06;generico
CROMOGLICATO;ALLERGAN PRODUTOS FARMACÊUTICOS LTDA;43.426.626/0001-77;2623921211;06/07/2021;2021-07-06;novo
ANESTÉSICO OCULUM;ALLERGAN PRODUTOS FARMACÊUTICOS LTDA;43.426.626/0001-77;2625046210;06/07/2021;2021-07-06;novo
ALPHAGAN;ALLERGAN PRODUTOS FARMACÊUTICOS LTDA;43.426.626/0001-77;2622744218;06/07/2021;2021-07-06;novo
CLORIDRATO DE ONDANSETRONA;HYPOFARMA - INSTITUTO DE HYPODERMIA E FARMÁCIA LTDA;17.174.657/0001-78;2622294212;06/07/2021;2021-07-06;generico
GENTAMICINA;ALLERGAN PRODUTOS FARMACÊUTICOS LTDA;43.426.626/0001-77;2624579214;06/07/2021;2021-07-06;novo
Loratadina + sulfato de pseudoefedrina;LABORATÓRIO TEUTO BRASILEIRO S/A;17.159.229/0001-76;2641435217;07/07/2021;2021-07-07;generico
RELESTAT;ALLERGAN PRODUTOS FARMACÊUTICOS LTDA;43.426.626/0001-77;2636284214;07/07/2021;2021-07-07;novo
EZETROL;ORGANON FARMACÊUTICA LTDA.;45.987.013/0001-34;2634109211;07/07/2021;2021-07-07;novo
RPHLIMPHA;MJM PRODUTOS FARMACEUTICOS E DE RADIOPROTEÇÃO LTDA;4891262000144;2642293211;07/07/2021;2021-07-07;radiofarmaco
ACEBROFILINA;BRAINFARMA INDÚSTRIA QUÍMICA E FARMACÊUTICA S.A;5161069000110;2641926211;07/07/2021;2021-07-07;generico
CLORIDRATO DE GENCITABINA;ZYDUS NIKKHO FARMACÊUTICA LTDA;5254971000181;2641974215;07/07/2021;2021-07-07;generico
XOFIGO;BAYER S.A.;18.459.628/0001-15;2639091212;07/07/2021;2021-07-07;radiofarmaco
NEUPRO;UCB BIOPHARMA LTDA.;64.711.500/0001-14;2643235215;07/07/2021;2021-07-07;novo
PÉROLA;ORGANON FARMACÊUTICA LTDA.;45.987.013/0001-34;2634644213;07/07/2021;2021-07-07;similar
PROPARK;UNIÃO QUÍMICA FARMACÊUTICA NACIONAL S/A;60.665.981/0001-18;2639620215;07/07/2021;2021-07-07;similar
cloridrato de ondansetrona;FRESENIUS KABI BRASIL LTDA;49.324.221/0001-04;2641191211;07/07/2021;2021-07-07;generico
LORADINE D;LABORATÓRIO TEUTO BRASILEIRO S/A;17.159.229/0001-76;2657812210;08/07/2021;2021-07-08;similar
HISTADIN;UNIÃO QUÍMICA FARMACÊUTICA NACIONAL S/A;60.665.981/0001-18;2656905214;08/07/2021;2021-07-08;similar
LIPOVENOS;FRESENIUS KABI BRASIL LTDA;49.324.221/0001-04;2656057213;08/07/2021;2021-07-08;especifico
DROSPIRENONA+ETINILESTRADIOL;Althaia S.A Indústria Farmacêutica;48.344.725/0007-19;2657816215;08/07/2021;2021-07-08;generico
CITRATO DE SILDENAFILA;SANOFI MEDLEY FARMACÊUTICA LTDA.;10.588.595/0010-92;2655087216;08/07/2021;2021-07-08;generico
NOLIPO;LABORATÓRIO TEUTO BRASILEIRO S/A;17.159.229/0001-76;2656945216;08/07/2021;2021-07-08;similar
metronidazol;HALEX ISTAR INDÚSTRIA FARMACÊUTICA SA;1571702000198;2652321218;08/07/2021;2021-07-08;generico
cloridrato de fluoxetina;UNIÃO QUÍMICA FARMACÊUTICA NACIONAL S/A;60.665.981/0001-18;2656587212;08/07/2021;2021-07-08;generico
CALMPHAR PI;PHARLAB INDÚSTRIA FARMACÊUTICA S.A.;2501297000102;2650321211;08/07/2021;2021-07-08;fitoterapico
Loxonin Flex;DAIICHI SANKYO BRASIL FARMACÊUTICA LTDA;60.874.187/0001-84;2656577217;08/07/2021;2021-07-08;novo
PREDOPTIC;GEOLAB INDÚSTRIA FARMACÊUTICA S/A;3485572000104;2656595215;08/07/2021;2021-07-08;similar
BICARBONATO DE SÓDIO;FRESENIUS KABI BRASIL LTDA;49.324.221/0001-04;2655470214;08/07/2021;2021-07-08;especifico
dicloridrato de betaistina;PRATI DONADUZZI & CIA LTDA;73.856.593/0001-66;2670482210;09/07/2021;2021-07-09;generico
RIZI;COSMED INDUSTRIA DE COSMETICOS E MEDICAMENTOS S.A.;61.082.426/0002-07;2670606211;09/07/2021;2021-07-09;similar
GLIONIL;BRAINFARMA INDÚSTRIA QUÍMICA E FARMACÊUTICA S.A;5161069000110;2668411211;09/07/2021;2021-07-09;similar
CLORIDRATO DE NAFAZOLINA;LABORATÓRIO TEUTO BRASILEIRO S/A;17.159.229/0001-76;2672811211;09/07/2021;2021-07-09;generico
dicloridrato de levocetirizina;BRAINFARMA INDÚSTRIA QUÍMICA E FARMACÊUTICA S.A;5161069000110;2669414214;09/07/2021;2021-07-09;generico
ESPASMO FLATOL;LEGRAND PHARMA INDÚSTRIA FARMACÊUTICA LTDA;5044984000126;2703369212;12/07/2021;2021-07-12;similar
HEZO;SUPERA FARMA LABORATÓRIOS S.A;43.312.503/0001-05;2703362218;12/07/2021;2021-07-12;similar
ESPASMO DIMETILIV;EMS S/A;57.507.378/0003-65;2704843210;12/07/2021;2021-07-12;similar
MALEATO DE ENALAPRIL;HIPOLABOR FARMACEUTICA LTDA;19.570.720/0001-10;2704454213;12/07/2021;2021-07-12;generico
BRASART HCT;EMS SIGMA PHARMA LTDA;923140000131;2709342219;12/07/2021;2021-07-12;similar
MICOFENOLATO DE SÓDIO;ACCORD FARMACÊUTICA LTDA;64.171.697/0001-46;2706777214;12/07/2021;2021-07-12;generico
VALSACOR HCT;LEGRAND PHARMA INDÚSTRIA FARMACÊUTICA LTDA;5044984000126;2707815217;12/07/2021;2021-07-12;generico
DHIVAS;SUPERA FARMA LABORATÓRIOS S.A;43.312.503/0001-05;2703260211;12/07/2021;2021-07-12;especifico
HELIORAL;FARMOQUÍMICA S/A;33.349.473/0001-58;2706597216;12/07/2021;2021-07-12;fitoterapico
DOBU;LABORATÓRIO TEUTO BRASILEIRO S/A;17.159.229/0001-76;2725060214;13/07/2021;2021-07-13;similar
valsartana + hidroclorotiazida;GERMED FARMACEUTICA LTDA;45.992.062/0001-65;2722867214;13/07/2021;2021-07-13;generico
cloridrato de cefepima;LABORATÓRIO TEUTO BRASILEIRO S/A;17.159.229/0001-76;2724939212;13/07/2021;2021-07-13;generico
CLOCEF;LABORATÓRIO TEUTO BRASILEIRO S/A;17.159.229/0001-76;2724421213;13/07/2021;2021-07-13;similar
levofloxacino hemi-hidratado;EUROFARMA LABORATÓRIOS S.A.;61.190.096/0001-92;2720701211;13/07/2021;2021-07-13;generico
DUELLE;ZYDUS NIKKHO FARMACÊUTICA LTDA;5254971000181;2725700213;13/07/2021;2021-07-13;similar
CLORIDRATO DE DOBUTAMINA;LABORATÓRIO TEUTO BRASILEIRO S/A;17.159.229/0001-76;2724946219;13/07/2021;2021-07-13;generico
BROMETO DE IPRATRÓPIO;PRATI DONADUZZI & CIA LTDA;73.856.593/0001-66;2737763215;14/07/2021;2021-07-14;generico
Hislor;UNIÃO QUÍMICA FARMACÊUTICA NACIONAL S/A;60.665.981/0001-18;2736742214;14/07/2021;2021-07-14;similar
cloridrato de venlafaxina;AUROBINDO PHARMA INDÚSTRIA FARMACÊUTICA LIMITADA;4301884000175;2741454213;14/07/2021;2021-07-14;generico
maleato de dexclorfeniramina;UNIÃO QUÍMICA FARMACÊUTICA NACIONAL S/A;60.665.981/0001-18;2736227212;14/07/2021;2021-07-14;generico
NITRATO DE MICONAZOL;HIPOLABOR FARMACEUTICA LTDA;19.570.720/0001-10;2740959214;14/07/2021;2021-07-14;generico
cefalexina;UNIÃO QUÍMICA FARMACÊUTICA NACIONAL S/A;60.665.981/0001-18;2740243219;14/07/2021;2021-07-14;generico
SILGLÓS;UNIÃO QUÍMICA FARMACÊUTICA NACIONAL S/A;60.665.981/0001-18;2735022218;14/07/2021;2021-07-14;similar
MEDICAÍNA;CRISTÁLIA PRODUTOS QUÍMICOS FARMACÊUTICOS LTDA.;44.734.671/0001-51;2739500211;14/07/2021;2021-07-14;similar
SANTIPLEX B;SANTISA LABORATÓRIO FARMACÊUTICO S/A;4099395000182;2741066213;14/07/2021;2021-07-14;especifico
VALSARTANA+HIDROCLOROTIAZIDA;EMS S/A;57.507.378/0003-65;2735538214;14/07/2021;2021-07-14;generico
FLOSEAL;BAXTER HOSPITALAR LTDA;49.351.786/0002-61;2755938218;15/07/2021;2021-07-15;biologico
LORATADINA;Aché Laboratórios Farmacêuticos S.A;60.659.463/0029-92;2756532215;15/07/2021;2021-07-15;generico
EXPECTOFLUI;NATULAB LABORATÓRIO S.A;2456955000183;2752384211;15/07/2021;2021-07-15;similar
IRO;CRISTÁLIA PRODUTOS QUÍMICOS FARMACÊUTICOS LTDA.;44.734.671/0001-51;2753356211;15/07/2021;2021-07-15;similar
ACEBROFILINA;Aché Laboratórios Farmacêuticos S.A;60.659.463/0029-92;2756593214;15/07/2021;2021-07-15;generico
besilato de atracúrio;FRESENIUS KABI BRASIL LTDA;49.324.221/0001-04;2754965211;15/07/2021;2021-07-15;generico
CLORIDRATO DE PROPRANOLOL;BRAINFARMA INDÚSTRIA QUÍMICA E FARMACÊUTICA S.A;5161069000110;2755277211;15/07/2021;2021-07-15;generico
PRATIDERM;PRATI DONADUZZI & CIA LTDA;73.856.593/0001-66;2753562211;15/07/2021;2021-07-15;similar
FAULDCITA;LIBBS FARMACÊUTICA LTDA;61.230.314/0001-75;2750789214;15/07/2021;2021-07-15;similar
SENARETI;BRAINFARMA INDÚSTRIA QUÍMICA E FARMACÊUTICA S.A;5161069000110;2755526211;15/07/2021;2021-07-15;fitoterapico
NISTATINA;LABORATÓRIO TEUTO BRASILEIRO S/A;17.159.229/0001-76;2755294213;15/07/2021;2021-07-15;generico
alopurinol;PRATI DONADUZZI & CIA LTDA;73.856.593/0001-66;2753350213;15/07/2021;2021-07-15;generico
DEXANEURIN;UNIÃO QUÍMICA FARMACÊUTICA NACIONAL S/A;60.665.981/0001-18;2751572219;15/07/2021;2021-07-15;similar
ANTUX;Aché Laboratórios Farmacêuticos S.A;60.659.463/0029-92;2757130218;15/07/2021;2021-07-15;similar
LATISSE;ALLERGAN PRODUTOS FARMACÊUTICOS LTDA;43.426.626/0001-77;2765202214;16/07/2021;2021-07-16;novo
BENEVAT;LABORATÓRIO TEUTO BRASILEIRO S/A;17.159.229/0001-76;2772900215;16/07/2021;2021-07-16;similar
LUMIGAN;ALLERGAN PRODUTOS FARMACÊUTICOS LTDA;43.426.626/0001-77;2771165210;16/07/2021;2021-07-16;novo
Transtec;GRÜNENTHAL DO BRASIL FARMACÊUTICA LTDA.;10.555.143/0001-13;2767645211;16/07/2021;2021-07-16;novo
brometo de ipratrópio;Aché Laboratórios Farmacêuticos S.A;60.659.463/0029-92;2810528217;19/07/2021;2021-07-19;generico
GENTAMISAN;SANTISA LABORATÓRIO FARMACÊUTICO S/A;4099395000182;2803400219;19/07/2021;2021-07-19;similar
TRIMUSK;EUROFARMA LABORATÓRIOS S.A.;61.190.096/0001-92;2803576210;19/07/2021;2021-07-19;similar
cefadroxila;LABORATÓRIO TEUTO BRASILEIRO S/A;17.159.229/0001-76;2807862217;19/07/2021;2021-07-19;generico
GLIMEPIRIDA;PRATI DONADUZZI & CIA LTDA;73.856.593/0001-66;2808842210;19/07/2021;2021-07-19;generico
cefalotina sódica;LABORATÓRIO TEUTO BRASILEIRO S/A;17.159.229/0001-76;2808263210;19/07/2021;2021-07-19;generico
BENEGRIP;COSMED INDUSTRIA DE COSMETICOS E MEDICAMENTOS S.A.;61.082.426/0002-07;2807307213;19/07/2021;2021-07-19;novo
sulfato de gentamicina;SANTISA LABORATÓRIO FARMACÊUTICO S/A;4099395000182;2803574217;19/07/2021;2021-07-19;generico
AERODIVENT;LABORATÓRIO TEUTO BRASILEIRO S/A;17.159.229/0001-76;2808602219;19/07/2021;2021-07-19;similar
finasterida;UNIÃO QUÍMICA FARMACÊUTICA NACIONAL S/A;60.665.981/0001-18;2809777217;19/07/2021;2021-07-19;generico
BROMIDRATO DE FENOTEROL;LABORATÓRIO TEUTO BRASILEIRO S/A;17.159.229/0001-76;2807749216;19/07/2021;2021-07-19;generico
SECNIHEXAL;SANDOZ DO BRASIL INDÚSTRIA FARMACÊUTICA LTDA;61.286.647/0001-16;2809907218;19/07/2021;2021-07-19;similar
FENTEUDINI;LABORATÓRIO TEUTO BRASILEIRO S/A;17.159.229/0001-76;2807788211;19/07/2021;2021-07-19;similar
BROMETO DE IPRATRÓPIO;LABORATÓRIO TEUTO BRASILEIRO S/A;17.159.229/0001-76;2808458215;19/07/2021;2021-07-19;generico
ACIDO ZOLEDRONICO;CRISTÁLIA PRODUTOS QUÍMICOS FARMACÊUTICOS LTDA.;44.734.671/0001-51;2809603219;19/07/2021;2021-07-19;generico
LECTRUM;SANDOZ DO BRASIL INDÚSTRIA FARMACÊUTICA LTDA;61.286.647/0001-16;2824468211;20/07/2021;2021-07-20;similar
CARISOPRODOL + DICLOFENACO DE SÓDIO + PARACETAMOL+ CAFEÍNA;EUROFARMA LABORATÓRIOS S.A.;61.190.096/0001-92;2818957214;20/07/2021;2021-07-20;generico
SCOLYDRIN;EMS S/A;57.507.378/0003-65;2827255219;20/07/2021;2021-07-20;fitoterapico
VITAMINA D3;Althaia S.A Indústria Farmacêutica;48.344.725/0007-19;2827217210;20/07/2021;2021-07-20;especifico
alopurinol;SANDOZ DO BRASIL INDÚSTRIA FARMACÊUTICA LTDA;61.286.647/0001-16;2821885211;20/07/2021;2021-07-20;generico
REMILEV;Aché Laboratórios Farmacêuticos S.A;60.659.463/0029-92;2828381218;20/07/2021;2021-07-20;fitoterapico
HIPODERTRAT;LABORATÓRIO TEUTO BRASILEIRO S/A;17.159.229/0001-76;2843726212;21/07/2021;2021-07-21;similar
MITEXAN;BAXTER HOSPITALAR LTDA;49.351.786/0002-61;2845063211;21/07/2021;2021-07-21;similar
dicloridrato de levocetirizina;RANBAXY FARMACÊUTICA LTDA;73.663.650/0001-90;2843018218;21/07/2021;2021-07-21;generico
METOCLOSANTISA;SANTISA LABORATÓRIO FARMACÊUTICO S/A;4099395000182;2836863218;21/07/2021;2021-07-21;similar
CLORIDRATO DE OXIMETAZOLINA;LABORATÓRIO TEUTO BRASILEIRO S/A;17.159.229/0001-76;2842943210;21/07/2021;2021-07-21;generico
LORATADINA;LABORATÓRIO TEUTO BRASILEIRO S/A;17.159.229/0001-76;2842228219;21/07/2021;2021-07-21;generico
LORADINE;LABORATÓRIO TEUTO BRASILEIRO S/A;17.159.229/0001-76;2842130219;21/07/2021;2021-07-21;similar
OXIFRIN;LABORATÓRIO TEUTO BRASILEIRO S/A;17.159.229/0001-76;2843880211;21/07/2021;2021-07-21;similar
HISTADIN D;UNIÃO QUÍMICA FARMACÊUTICA NACIONAL S/A;60.665.981/0001-18;2843625211;21/07/2021;2021-07-21;similar
GENUXAL;BAXTER HOSPITALAR LTDA;49.351.786/0002-61;2838815211;21/07/2021;2021-07-21;similar
VALSARTANA+HIDROCLOROTIAZIDA;RANBAXY FARMACÊUTICA LTDA;73.663.650/0001-90;2841952215;21/07/2021;2021-07-21;generico
DERMATISAN;EMS S/A;57.507.378/0003-65;2859469214;22/07/2021;2021-07-22;similar
DESONOL;SANOFI MEDLEY FARMACÊUTICA LTDA.;10.588.595/0010-92;2860586211;22/07/2021;2021-07-22;similar
dipropionato de betametasona + sulfato de gentamicina;LABORATÓRIO TEUTO BRASILEIRO S/A;17.159.229/0001-76;2860584218;22/07/2021;2021-07-22;generico
LESTALGYN;LABORATÓRIO TEUTO BRASILEIRO S/A;17.159.229/0001-76;2857595212;22/07/2021;2021-07-22;similar
GINO MIZONOL;GEOLAB INDÚSTRIA FARMACÊUTICA S/A;3485572000104;2859159215;22/07/2021;2021-07-22;similar
Junno;FARMOQUÍMICA S/A;33.349.473/0001-58;2861868210;22/07/2021;2021-07-22;similar
EPILEPTIL;LABORATÓRIO TEUTO BRASILEIRO S/A;17.159.229/0001-76;2858919216;22/07/2021;2021-07-22;similar
FLUITOSS;LABORATÓRIO TEUTO BRASILEIRO S/A;17.159.229/0001-76;2860502211;22/07/2021;2021-07-22;similar
MALEATO DE DEXCLORFENIRAMINA;LABORATÓRIO TEUTO BRASILEIRO S/A;17.159.229/0001-76;2854059212;22/07/2021;2021-07-22;generico
UREADIN;SANOFI MEDLEY FARMACÊUTICA LTDA.;10.588.595/0010-92;2859713212;22/07/2021;2021-07-22;novo
OPIVAC;LABORATÓRIO TEUTO BRASILEIRO S/A;17.159.229/0001-76;2856256210;22/07/2021;2021-07-22;similar
MALEATO DE DEXCLORFENIRAMINA + BETAMETASONA;LABORATÓRIO TEUTO BRASILEIRO S/A;17.159.229/0001-76;2859880216;22/07/2021;2021-07-22;generico
HOLOXANE;BAXTER HOSPITALAR LTDA;49.351.786/0002-61;2861285214;22/07/2021;2021-07-22;similar
DIBEDERM;LABORATÓRIO TEUTO BRASILEIRO S/A;17.159.229/0001-76;2858949212;22/07/2021;2021-07-22;similar
NISTATINA + ÓXIDO DE ZINCO;LABORATÓRIO TEUTO BRASILEIRO S/A;17.159.229/0001-76;2859609211;22/07/2021;2021-07-22;generico
GLAMIGAN MT;GERMED FARMACEUTICA LTDA;45.992.062/0001-65;2861492210;22/07/2021;2021-07-22;similar
NITRATO DE MICONAZOL;GEOLAB INDÚSTRIA FARMACÊUTICA S/A;3485572000104;2858955212;22/07/2021;2021-07-22;generico
cloridrato de ropivacaína;LABORATÓRIO TEUTO BRASILEIRO S/A;17.159.229/0001-76;2858806217;22/07/2021;2021-07-22;generico
TRESDÊ;Althaia S.A Indústria Farmacêutica;48.344.725/0007-19;2861027215;22/07/2021;2021-07-22;especifico
clonazepam;LABORATÓRIO TEUTO BRASILEIRO S/A;17.159.229/0001-76;2856097219;22/07/2021;2021-07-22;generico
CONVIVANCE;SANOFI MEDLEY FARMACÊUTICA LTDA.;10.588.595/0010-92;2859908218;22/07/2021;2021-07-22;especifico
CARBOCISTEÍNA;LABORATÓRIO TEUTO BRASILEIRO S/A;17.159.229/0001-76;2860085211;22/07/2021;2021-07-22;generico
EXTRANEAL;BAXTER HOSPITALAR LTDA;49.351.786/0002-61;2861486210;22/07/2021;2021-07-22;especifico
ciprofibrato;BIOLAB SANUS FARMACÊUTICA LTDA;49.475.833/0001-06;2857590211;22/07/2021;2021-07-22;generico
ACICLOVIR;SANOFI MEDLEY FARMACÊUTICA LTDA.;10.588.595/0010-92;2860093214;22/07/2021;2021-07-22;generico
ULTRAFER;FARMOQUÍMICA S/A;33.349.473/0001-58;2854144210;22/07/2021;2021-07-22;especifico
CASTANHA DA ÍNDIA HERBARIUM;HERBARIUM LABORATORIO BOTANICO LTDA;78.950.011/0001-20;2871488215;23/07/2021;2021-07-23;fitoterapico
PROSTATAL;HERBARIUM LABORATORIO BOTANICO LTDA;78.950.011/0001-20;2878190211;23/07/2021;2021-07-23;fitoterapico
CLIFEMIN;HERBARIUM LABORATORIO BOTANICO LTDA;78.950.011/0001-20;2871714215;23/07/2021;2021-07-23;fitoterapico
TETRADERM;LABORATÓRIO TEUTO BRASILEIRO S/A;17.159.229/0001-76;2875319213;23/07/2021;2021-07-23;similar
PLAGEX;LABORATÓRIO TEUTO BRASILEIRO S/A;17.159.229/0001-76;2876249219;23/07/2021;2021-07-23;similar
CITRATO DE TAMOXIFENO;SANDOZ DO BRASIL INDÚSTRIA FARMACÊUTICA LTDA;61.286.647/0001-16;2870556217;23/07/2021;2021-07-23;generico
LENAZEN;LABORATÓRIO TEUTO BRASILEIRO S/A;17.159.229/0001-76;2874465216;23/07/2021;2021-07-23;similar
PERITOSTERIL;FRESENIUS MEDICAL CARE LTDA;1440590000136;2877544214;23/07/2021;2021-07-23;especifico
GAMALINE V;HERBARIUM LABORATORIO BOTANICO LTDA;78.950.011/0001-20;2877975215;23/07/2021;2021-07-23;fitoterapico
valerato de betametasona + sulfato de getamicina + tolnaftato + clioquinol;EMS S/A;57.507.378/0003-65;2871524211;23/07/2021;2021-07-23;generico
VALERATO DE BETAMETASONA + SULFATO DE GENTAMICINA + TOLNAFTATO + CLIOQUINOL;LABORATÓRIO TEUTO BRASILEIRO S/A;17.159.229/0001-76;2875187210;23/07/2021;2021-07-23;generico
VALERATO DE BETAMETASONA + SULFATO DE GENTAMICINA + TOLNAFTATO + CLIOQUINOL;LABORATÓRIO TEUTO BRASILEIRO S/A;17.159.229/0001-76;2874906212;23/07/2021;2021-07-23;generico
MAVIRET;ABBVIE FARMACÊUTICA LTDA.;15.800.545/0001-50;2875309218;23/07/2021;2021-07-23;novo
VALERATO DE BETAMETASONA + SULFATO DE GENTAMICINA + TOLNAFTATO + CLIOQUINOL;GERMED FARMACEUTICA LTDA;45.992.062/0001-65;2871478210;23/07/2021;2021-07-23;generico
valerato de betametasona + sulfato de gentamicina + clioquinol + tolnaftato pomada;GERMED FARMACEUTICA LTDA;45.992.062/0001-65;2871855218;23/07/2021;2021-07-23;generico
Cuvitru;TAKEDA PHARMA LTDA.;60.397.775/0001-74;2871480214;23/07/2021;2021-07-23;biologico
FLUMAZENIL;LABORATÓRIO TEUTO BRASILEIRO S/A;17.159.229/0001-76;2896179216;25/07/2021;2021-07-25;generico
TEROQUATRO;CRISTÁLIA PRODUTOS QUÍMICOS FARMACÊUTICOS LTDA.;44.734.671/0001-51;2907725211;26/07/2021;2021-07-26;similar
STER;UNIÃO QUÍMICA FARMACÊUTICA NACIONAL S/A;60.665.981/0001-18;2912066212;26/07/2021;2021-07-26;similar
desonida;Aché Laboratórios Farmacêuticos S.A;60.659.463/0029-92;2911922212;26/07/2021;2021-07-26;generico
BETALOR;Aché Laboratórios Farmacêuticos S.A;60.659.463/0029-92;2921921219;27/07/2021;2021-07-27;novo
UNI CEFALEXIN;UNIÃO QUÍMICA FARMACÊUTICA NACIONAL S/A;60.665.981/0001-18;2922960218;27/07/2021;2021-07-27;similar
AFREZZA;BIOMM SA;4752991000110;2927352216;27/07/2021;2021-07-27;biologico
NITRENDIPINO;Aché Laboratórios Farmacêuticos S.A;60.659.463/0029-92;2921732211;27/07/2021;2021-07-27;generico
PANT;Aché Laboratórios Farmacêuticos S.A;60.659.463/0029-92;2921780216;27/07/2021;2021-07-27;similar
alopurinol;NOVARTIS BIOCIENCIAS S.A;56.994.502/0001-30;2925357211;27/07/2021;2021-07-27;generico
DROSPIRENONA + ETINILESTRADIOL;SANDOZ DO BRASIL INDÚSTRIA FARMACÊUTICA LTDA;61.286.647/0001-16;2927750211;27/07/2021;2021-07-27;generico
SEACALCIT;LABORATÓRIO QUÍMICO FARMACÊUTICO BERGAMO LTDA;61.282.661/0001-41;2929981211;27/07/2021;2021-07-27;similar
hemifumarato de quetiapina;SANOFI MEDLEY FARMACÊUTICA LTDA.;10.588.595/0010-92;2931973211;27/07/2021;2021-07-27;generico
CLORIDRATO DE AMITRIPTILINA;SANOFI MEDLEY FARMACÊUTICA LTDA.;10.588.595/0010-92;2929081210;27/07/2021;2021-07-27;generico
SULFATO DE NEOMICINA + BACITRACINA;SANOFI MEDLEY FARMACÊUTICA LTDA.;10.588.595/0010-92;2938789211;28/07/2021;2021-07-28;generico
ULTIBRO;NOVARTIS BIOCIENCIAS S.A;56.994.502/0001-30;2943237213;28/07/2021;2021-07-28;novo
NESINA;COSMED INDUSTRIA DE COSMETICOS E MEDICAMENTOS S.A.;61.082.426/0002-07;2940346216;28/07/2021;2021-07-28;novo
Seebri;NOVARTIS BIOCIENCIAS S.A;56.994.502/0001-30;2942967218;28/07/2021;2021-07-28;novo
ÁCIDO MEFENÂMICO;Aché Laboratórios Farmacêuticos S.A;60.659.463/0029-92;2941555218;28/07/2021;2021-07-28;generico
LEXMA;LABORATÓRIO TEUTO BRASILEIRO S/A;17.159.229/0001-76;2939184216;28/07/2021;2021-07-28;similar
TETANOGAMMA;CSL BEHRING COMÉRCIO DE PRODUTOS FARMACÊUTICOS LTDA;62.969.589/0001-98;2942152214;28/07/2021;2021-07-28;biologico
BROMAZEPAM;LABORATÓRIO TEUTO BRASILEIRO S/A;17.159.229/0001-76;2937729215;28/07/2021;2021-07-28;generico
BESILATO DE ANLODIPINO;SANOFI MEDLEY FARMACÊUTICA LTDA.;10.588.595/0010-92;2938193211;28/07/2021;2021-07-28;generico
LYLLAS;SANDOZ DO BRASIL INDÚSTRIA FARMACÊUTICA LTDA;61.286.647/0001-16;2937623212;28/07/2021;2021-07-28;similar
NEBITAH;Aché Laboratórios Farmacêuticos S.A;60.659.463/0029-92;2942029218;28/07/2021;2021-07-28;similar
ANGIPRESS;Aché Laboratórios Farmacêuticos S.A;60.659.463/0029-92;2940799211;28/07/2021;2021-07-28;similar
ONBRIZE;NOVARTIS BIOCIENCIAS S.A;56.994.502/0001-30;2942788216;28/07/2021;2021-07-28;novo
NESINA PIO;COSMED INDUSTRIA DE COSMETICOS E MEDICAMENTOS S.A.;61.082.426/0002-07;2941915214;28/07/2021;2021-07-28;novo
ATENOLOL;Aché Laboratórios Farmacêuticos S.A;60.659.463/0029-92;2940921211;28/07/2021;2021-07-28;generico
CETOCONAZOL+DIPROPRIONATO DE BETAMETASONA+SULFATO DE NEOMICINA;SANOFI MEDLEY FARMACÊUTICA LTDA.;10.588.595/0010-92;2959673212;29/07/2021;2021-07-29;generico
Nesina Met;COSMED INDUSTRIA DE COSMETICOS E MEDICAMENTOS S.A.;61.082.426/0002-07;2957741211;29/07/2021;2021-07-29;novo
CETOCONAZOL + DIPROPIONATO DE BETAMETASONA + SULFATO DE NEOMICINA;SANOFI MEDLEY FARMACÊUTICA LTDA.;10.588.595/0010-92;2957932211;29/07/2021;2021-07-29;generico
RUPAFIN;Aché Laboratórios Farmacêuticos S.A;60.659.463/0029-92;2961306213;29/07/2021;2021-07-29;novo
LAMOTRIGINA;PRATI DONADUZZI & CIA LTDA;73.856.593/0001-66;2961327211;29/07/2021;2021-07-29;generico
DESFORANE (PORT 344/98 - LISTA C-1);BAXTER HOSPITALAR LTDA;49.351.786/0002-61;2961813212;29/07/2021;2021-07-29;novo
REVERT;FARMOQUÍMICA S/A;33.349.473/0001-58;2975289219;30/07/2021;2021-07-30;similar
cloridrato de tramadol (PORT. 344/98 - LISTA A2);HIPOLABOR FARMACEUTICA LTDA;19.570.720/0001-10;2972408217;30/07/2021;2021-07-30;generico
gliclazida;RANBAXY FARMACÊUTICA LTDA;73.663.650/0001-90;2972260210;30/07/2021;2021-07-30;generico
SEVONESS;BAXTER HOSPITALAR LTDA;49.351.786/0002-61;2973184215;30/07/2021;2021-07-30;similar
EXJADE;NOVARTIS BIOCIENCIAS S.A;56.994.502/0001-30;2970405211;30/07/2021;2021-07-30;novo
MIXISTAR;HALEX ISTAR INDÚSTRIA FARMACÊUTICA SA;1571702000198;2977550216;30/07/2021;2021-07-30;especifico
exemestano;SUN FARMACÊUTICA DO BRASIL LTDA;5035244000123;2972346211;30/07/2021;2021-07-30;generico
DOSATAXEL;CHEMICALTECH FARMACEUTICA LTDA;3959540000195;2975571216;30/07/2021;2021-07-30;similar
nistatina;BRAINFARMA INDÚSTRIA QUÍMICA E FARMACÊUTICA S.A;5161069000110;3014493210;02/08/2021;2021-08-02;generico
CETOCONAZOL + DIPROPIONATO DE BETAMETASONA;SANOFI MEDLEY FARMACÊUTICA LTDA.;10.588.595/0010-92;3032569214;03/08/2021;2021-08-03;generico
UNIFEPIM;UNIÃO QUÍMICA FARMACÊUTICA NACIONAL S/A;60.665.981/0001-18;3024396217;03/08/2021;2021-08-03;similar
VASTAREL;LABORATÓRIOS SERVIER DO BRASIL LTDA;42.374.207/0001-76;3025848219;03/08/2021;2021-08-03;novo
MIND;BIOLAB SANUS FARMACÊUTICA LTDA;49.475.833/0001-06;3027477218;03/08/2021;2021-08-03;similar
CETOCONAZOL;SANOFI MEDLEY FARMACÊUTICA LTDA.;10.588.595/0010-92;3032379211;03/08/2021;2021-08-03;generico
ANDROSTEN;HERBARIUM LABORATORIO BOTANICO LTDA;78.950.011/0001-20;3031637216;03/08/2021;2021-08-03;fitoterapico
ZINPASS® EZE;SANOFI MEDLEY FARMACÊUTICA LTDA.;10.588.595/0010-92;3028797216;03/08/2021;2021-08-03;novo
EPIKABI;FRESENIUS KABI BRASIL LTDA;49.324.221/0001-04;3033416217;03/08/2021;2021-08-03;similar
NEOSORO;BRAINFARMA INDÚSTRIA QUÍMICA E FARMACÊUTICA S.A;5161069000110;3027625217;03/08/2021;2021-08-03;similar
verazo;LIBBS FARMACÊUTICA LTDA;61.230.314/0001-75;3028130211;03/08/2021;2021-08-03;similar
ibuprofeno;Althaia S.A Indústria Farmacêutica;48.344.725/0007-19;3024625216;03/08/2021;2021-08-03;generico
NEO MISTATIN;BRAINFARMA INDÚSTRIA QUÍMICA E FARMACÊUTICA S.A;5161069000110;3032256216;03/08/2021;2021-08-03;similar
meloxicam;PRATI DONADUZZI & CIA LTDA;73.856.593/0001-66;3027092219;03/08/2021;2021-08-03;generico
amoxicilina + claritromicina + esomeprazol;EMS S/A;57.507.378/0003-65;3047194211;04/08/2021;2021-08-04;generico
Fumarato de Cetotifeno;Aché Laboratórios Farmacêuticos S.A;60.659.463/0029-92;3042259218;04/08/2021;2021-08-04;generico
DEX BOLSA;CRISTÁLIA PRODUTOS QUÍMICOS FARMACÊUTICOS LTDA.;44.734.671/0001-51;3042035212;04/08/2021;2021-08-04;novo
KTRIZ UNO;SUPERA FARMA LABORATÓRIOS S.A;43.312.503/0001-05;3061650211;05/08/2021;2021-08-05;biologico
RENITEC;ORGANON FARMACÊUTICA LTDA.;45.987.013/0001-34;3058356218;05/08/2021;2021-08-05;novo
IDA;CHEMICALTECH FARMACEUTICA LTDA;3959540000195;3063919217;05/08/2021;2021-08-05;similar
Cetoconazol + Dipropionato de Betametasona;SANOFI MEDLEY FARMACÊUTICA LTDA.;10.588.595/0010-92;3063173215;05/08/2021;2021-08-05;generico
METAMUCIL;PROCTER & GAMBLE DO BRASIL LTDA;59.476.770/0001-58;3076556215;06/08/2021;2021-08-06;fitoterapico
cloridrato de fluoxetina;MEDQUIMICA INDUSTRIA FARMACEUTICA LTDA.;17.875.154/0001-20;3077755211;06/08/2021;2021-08-06;generico
FITOSCAR;APSEN FARMACEUTICA S/A;62.462.015/0001-29;3072803218;06/08/2021;2021-08-06;fitoterapico
DECITABINA;DR. REDDYS FARMACÊUTICA DO BRASIL LTDA;3978166000175;3074538210;06/08/2021;2021-08-06;generico
IBUCAPS;CIFARMA CIENTÍFICA FARMACÊUTICA LTDA;17.562.075/0001-69;3076913212;06/08/2021;2021-08-06;similar
CITRATO DE TAMOXIFENO;EMS S/A;57.507.378/0003-65;3114276211;09/08/2021;2021-08-09;generico
citrato de tamoxifeno;GERMED FARMACEUTICA LTDA;45.992.062/0001-65;3114416217;09/08/2021;2021-08-09;generico
TANDRILAX;Aché Laboratórios Farmacêuticos S.A;60.659.463/0029-92;3114469213;09/08/2021;2021-08-09;novo
GUACO EDULITO HERBARIUM;HERBARIUM LABORATORIO BOTANICO LTDA;78.950.011/0001-20;3113152216;09/08/2021;2021-08-09;fitoterapico
citrato de tamoxifeno;LEGRAND PHARMA INDÚSTRIA FARMACÊUTICA LTDA;5044984000126;3114393217;09/08/2021;2021-08-09;generico
LAMOTRIGINA;RANBAXY FARMACÊUTICA LTDA;73.663.650/0001-90;3113697212;09/08/2021;2021-08-09;generico
norfloxacino;SANOFI MEDLEY FARMACÊUTICA LTDA.;10.588.595/0010-92;3110548216;09/08/2021;2021-08-09;generico
KELTIX;LABORATÓRIO GROSS S. A.;33.145.194/0001-72;3114466214;09/08/2021;2021-08-09;similar
XAROPE DE GUACO HERBARIUM;HERBARIUM LABORATORIO BOTANICO LTDA;78.950.011/0001-20;3113444217;09/08/2021;2021-08-09;fitoterapico
TACFEN;EMS S/A;57.507.378/0003-65;3114382215;09/08/2021;2021-08-09;generico
ARNICA GEL;HERBARIUM LABORATORIO BOTANICO LTDA;78.950.011/0001-20;3113528216;09/08/2021;2021-08-09;fitoterapico
NAUTEX;Aché Laboratórios Farmacêuticos S.A;60.659.463/0029-92;3128371211;10/08/2021;2021-08-10;similar
VILNE;CHEMICALTECH FARMACEUTICA LTDA;3959540000195;3133917218;10/08/2021;2021-08-10;similar
ATENOLOL + CLORTALIDONA;SANOFI MEDLEY FARMACÊUTICA LTDA.;10.588.595/0010-92;3130932216;10/08/2021;2021-08-10;generico
DICLIN;MERCK S/A;33.069.212/0001-84;3129485210;10/08/2021;2021-08-10;similar
TADALAFILA;SANOFI MEDLEY FARMACÊUTICA LTDA.;10.588.595/0010-92;3147062210;11/08/2021;2021-08-11;generico
acetato de ciproterona + etinilestradiol;MERCK S/A;33.069.212/0001-84;3143427213;11/08/2021;2021-08-11;generico
TADALAFILA;SANOFI MEDLEY FARMACÊUTICA LTDA.;10.588.595/0010-92;3150580218;11/08/2021;2021-08-11;generico
SUPERAN;SANOFI MEDLEY FARMACÊUTICA LTDA.;10.588.595/0010-92;3148908210;11/08/2021;2021-08-11;novo
PROPIONATO DE CLOBETASOL;SANOFI MEDLEY FARMACÊUTICA LTDA.;10.588.595/0010-92;3164918216;12/08/2021;2021-08-12;generico
Restiva;MUNDIPHARMA BRASIL PRODUTOS MÉDICOS E FARMACÊUTICOS LTDA;15.127.898/0001-30;3164322216;12/08/2021;2021-08-12;novo
CICLOPIROX OLAMINA;SANOFI MEDLEY FARMACÊUTICA LTDA.;10.588.595/0010-92;3163845215;12/08/2021;2021-08-12;generico
GOTAS PRECIOSAS;KLEY HERTZ FARMACEUTICA S.A;92.695.691/0001-03;3164225211;12/08/2021;2021-08-12;fitoterapico
cloridrato de gencitabina;Camber Farmaceutica Ltda;24.633.934/0001-29;3180527218;13/08/2021;2021-08-13;generico
ARIMIDEX;ASTRAZENECA DO BRASIL LTDA;60.318.797/0001-00;3172619214;13/08/2021;2021-08-13;novo
CORTIGEN;UNIÃO QUÍMICA FARMACÊUTICA NACIONAL S/A;60.665.981/0001-18;3180932210;13/08/2021;2021-08-13;similar
CARNABOL KIDS;Aché Laboratórios Farmacêuticos S.A;60.659.463/0029-92;3176400217;13/08/2021;2021-08-13;especifico
CLORIDRATO DE CLINDAMICINA;EMS S/A;57.507.378/0003-65;3217945212;16/08/2021;2021-08-16;generico
POLIREUMIN;TRB PHARMA INDÚSTRIA QUÍMICA E FARMACÊUTICA LTDA;61.455.192/0001-15;3215917211;16/08/2021;2021-08-16;novo
DICLOFENACO DIETILAMÔNIO;SANOFI MEDLEY FARMACÊUTICA LTDA.;10.588.595/0010-92;3232045219;17/08/2021;2021-08-17;generico
DOMPED;Aché Laboratórios Farmacêuticos S.A;60.659.463/0029-92;3233349211;17/08/2021;2021-08-17;novo
TENADREN;EMS SIGMA PHARMA LTDA;923140000131;3229526210;17/08/2021;2021-08-17;novo
FUROATO DE MOMETASONA;BRAINFARMA INDÚSTRIA QUÍMICA E FARMACÊUTICA S.A;5161069000110;3231590213;17/08/2021;2021-08-17;generico
FUROATO DE MOMETASONA;SANOFI MEDLEY FARMACÊUTICA LTDA.;10.588.595/0010-92;3232930212;17/08/2021;2021-08-17;generico
HIDROCIN;Aché Laboratórios Farmacêuticos S.A;60.659.463/0029-92;3233112211;17/08/2021;2021-08-17;novo
LESDOT;SANDOZ DO BRASIL INDÚSTRIA FARMACÊUTICA LTDA;61.286.647/0001-16;3233611218;17/08/2021;2021-08-17;similar
FENTIZOL;Aché Laboratórios Farmacêuticos S.A;60.659.463/0029-92;3233453213;17/08/2021;2021-08-17;novo
NEURAL;CRISTÁLIA PRODUTOS QUÍMICOS FARMACÊUTICOS LTDA.;44.734.671/0001-51;3233448210;17/08/2021;2021-08-17;similar
LAMOTRIGINA;LABORATÓRIO TEUTO BRASILEIRO S/A;17.159.229/0001-76;3245724217;18/08/2021;2021-08-18;generico
hemifumarato de quetiapina;HIPOLABOR FARMACEUTICA LTDA;19.570.720/0001-10;3244335217;18/08/2021;2021-08-18;generico
ibuprofeno;PRATI DONADUZZI & CIA LTDA;73.856.593/0001-66;3250207217;18/08/2021;2021-08-18;generico
PREDSIM;COSMED INDUSTRIA DE COSMETICOS E MEDICAMENTOS S.A.;61.082.426/0002-07;3251342215;18/08/2021;2021-08-18;similar
LISINOPRIL;SANOFI MEDLEY FARMACÊUTICA LTDA.;10.588.595/0010-92;3246267219;18/08/2021;2021-08-18;generico
TINODIN;COSMED INDUSTRIA DE COSMETICOS E MEDICAMENTOS S.A.;61.082.426/0002-07;3245138211;18/08/2021;2021-08-18;similar
sulfato de neomicina + bacitracina zíncica;BRAINFARMA INDÚSTRIA QUÍMICA E FARMACÊUTICA S.A;5161069000110;3249352217;18/08/2021;2021-08-18;generico
BENZIFLEX;EMS S/A;57.507.378/0003-65;3266386213;19/08/2021;2021-08-19;similar
NOOTROPIL;SANOFI MEDLEY FARMACÊUTICA LTDA.;10.588.595/0010-92;3267114217;19/08/2021;2021-08-19;novo
IMUNOTRAT PELARGONIUM;KLEY HERTZ FARMACEUTICA S.A;92.695.691/0001-03;3265662217;19/08/2021;2021-08-19;fitoterapico
besilato de anlodipino+atenolol;EMS S/A;57.507.378/0003-65;3265839214;19/08/2021;2021-08-19;generico
MIOFIBRAX;LEGRAND PHARMA INDÚSTRIA FARMACÊUTICA LTDA;5044984000126;3266180216;19/08/2021;2021-08-19;similar
PEITORAL MARTEL;KLEY HERTZ FARMACEUTICA S.A;92.695.691/0001-03;3266998219;19/08/2021;2021-08-19;fitoterapico
SOMINEX COMPOSTO;EMS S/A;57.507.378/0003-65;3266654218;19/08/2021;2021-08-19;fitoterapico
ANTIMAIS SÉPTICO;KLEY HERTZ FARMACEUTICA S.A;92.695.691/0001-03;3281243215;20/08/2021;2021-08-20;similar
hemitartarato de zolpidem;UNICHEM FARMACÊUTICA DO BRASIL LTDA;5399786000185;3278309219;20/08/2021;2021-08-20;generico
NIMESULIDA;BRAINFARMA INDÚSTRIA QUÍMICA E FARMACÊUTICA S.A;5161069000110;3280336210;20/08/2021;2021-08-20;generico
FLOGO-ROSA;Aché Laboratórios Farmacêuticos S.A;60.659.463/0029-92;3279328217;20/08/2021;2021-08-20;novo
cloridrato de donepezila;UNICHEM FARMACÊUTICA DO BRASIL LTDA;5399786000185;3319576216;23/08/2021;2021-08-23;generico
NEOTIAPIM;SANDOZ DO BRASIL INDÚSTRIA FARMACÊUTICA LTDA;61.286.647/0001-16;3314834217;23/08/2021;2021-08-23;similar
FERRO;BIOLAB SANUS FARMACÊUTICA LTDA;49.475.833/0001-06;3316670211;23/08/2021;2021-08-23;especifico
ADAPALENO;SANOFI MEDLEY FARMACÊUTICA LTDA.;10.588.595/0010-92;3320564218;23/08/2021;2021-08-23;generico
CORDAREX;Aché Laboratórios Farmacêuticos S.A;60.659.463/0029-92;3313699219;23/08/2021;2021-08-23;similar
CEFOTAXIMA SÓDICA;AUROBINDO PHARMA INDÚSTRIA FARMACÊUTICA LIMITADA;4301884000175;3314109211;23/08/2021;2021-08-23;generico
ramipril;SANOFI MEDLEY FARMACÊUTICA LTDA.;10.588.595/0010-92;3322085210;23/08/2021;2021-08-23;generico
BIENN DIRECT;CELLERA FARMACÊUTICA S.A.;33.173.097/0002-74;3319972219;23/08/2021;2021-08-23;similar
HEMIFUMARATO DE QUETIAPINA;SANDOZ DO BRASIL INDÚSTRIA FARMACÊUTICA LTDA;61.286.647/0001-16;3314362218;23/08/2021;2021-08-23;generico
RITMONEURAN RTM;KLEY HERTZ FARMACEUTICA S.A;92.695.691/0001-03;3336055211;24/08/2021;2021-08-24;fitoterapico
BENICAR TRIPLO;DAIICHI SANKYO BRASIL FARMACÊUTICA LTDA;60.874.187/0001-84;3334291219;24/08/2021;2021-08-24;novo
GLIMEPIRIDA;SANOFI MEDLEY FARMACÊUTICA LTDA.;10.588.595/0010-92;3337092217;24/08/2021;2021-08-24;generico
CLORIDRATO DE TIZANIDINA;UNICHEM FARMACÊUTICA DO BRASIL LTDA;5399786000185;3351361211;25/08/2021;2021-08-25;generico
RESPIRATUS;SANOFI MEDLEY FARMACÊUTICA LTDA.;10.588.595/0010-92;3350754210;25/08/2021;2021-08-25;fitoterapico
ZYTIGA;JANSSEN - CILAG FARMACÊUTICA LTDA;51.780.468/0001-87;3351556217;25/08/2021;2021-08-25;novo
Meritor;Aché Laboratórios Farmacêuticos S.A;60.659.463/0029-92;3351185219;25/08/2021;2021-08-25;novo
ZYTIGA®;JANSSEN - CILAG FARMACÊUTICA LTDA;51.780.468/0001-87;3351920211;25/08/2021;2021-08-25;novo
ciprofibrato;SANOFI MEDLEY FARMACÊUTICA LTDA.;10.588.595/0010-92;3352513210;25/08/2021;2021-08-25;generico
Letrozol;EUROFARMA LABORATÓRIOS S.A.;61.190.096/0001-92;3351587210;25/08/2021;2021-08-25;generico
ISOY;FARMOQUÍMICA S/A;33.349.473/0001-58;3351036213;25/08/2021;2021-08-25;similar
NEO LORATADIN;BRAINFARMA INDÚSTRIA QUÍMICA E FARMACÊUTICA S.A;5161069000110;3352414211;25/08/2021;2021-08-25;similar
DAXAS;ASTRAZENECA DO BRASIL LTDA;60.318.797/0001-00;3364035211;26/08/2021;2021-08-26;novo
alendronato de sódio;LABORATÓRIO GLOBO SA;17.115.437/0001-73;3365893211;26/08/2021;2021-08-26;generico
IBUPROTRAT;NATULAB LABORATÓRIO S.A;2456955000183;3365125213;26/08/2021;2021-08-26;similar
HEDERAFLUX;KLEY HERTZ FARMACEUTICA S.A;92.695.691/0001-03;3364617210;26/08/2021;2021-08-26;fitoterapico
captopril;BRAINFARMA INDÚSTRIA QUÍMICA E FARMACÊUTICA S.A;5161069000110;3366662212;26/08/2021;2021-08-26;generico
MEDANSIEDADE;SANOFI MEDLEY FARMACÊUTICA LTDA.;10.588.595/0010-92;3363930216;26/08/2021;2021-08-26;fitoterapico
PRIMENE;BAXTER HOSPITALAR LTDA;49.351.786/0002-61;3361428211;26/08/2021;2021-08-26;especifico
Clotrimazol;GERMED FARMACEUTICA LTDA;45.992.062/0001-65;3362403212;26/08/2021;2021-08-26;generico
Clotrimazol;EMS S/A;57.507.378/0003-65;3362293212;26/08/2021;2021-08-26;generico
MALEATO DE ENALAPRIL;LEGRAND PHARMA INDÚSTRIA FARMACÊUTICA LTDA;5044984000126;3377372211;27/08/2021;2021-08-27;generico
MALEATO DE ENALAPRIL;EMS S/A;57.507.378/0003-65;3377347216;27/08/2021;2021-08-27;generico
MALEATO DE ENALAPRIL;GERMED FARMACEUTICA LTDA;45.992.062/0001-65;3377445218;27/08/2021;2021-08-27;generico
hemifumarato de quetiapina;NOVARTIS BIOCIENCIAS S.A;56.994.502/0001-30;3383155218;27/08/2021;2021-08-27;generico
UNIGYN;EMS SIGMA PHARMA LTDA;923140000131;3380862215;27/08/2021;2021-08-27;similar
PRESSEL;LEGRAND PHARMA INDÚSTRIA FARMACÊUTICA LTDA;5044984000126;3377475214;27/08/2021;2021-08-27;similar
GLIFAGE;MERCK S/A;33.069.212/0001-84;3382014211;27/08/2021;2021-08-27;novo
ACALMILFITO;MULTILAB INDUSTRIA E COMERCIO DE PRODUTOS FARMACEUTICOS LTDA;92.265.552/0009-05;3377925210;27/08/2021;2021-08-27;fitoterapico
LYSUGI;DR. REDDYS FARMACÊUTICA DO BRASIL LTDA;3978166000175;3417170214;30/08/2021;2021-08-30;similar
GALENOGAL ELIXIR;KLEY HERTZ FARMACEUTICA S.A;92.695.691/0001-03;3414524210;30/08/2021;2021-08-30;fitoterapico
ANASTROLIBBS;LIBBS FARMACÊUTICA LTDA;61.230.314/0001-75;3419174217;30/08/2021;2021-08-30;similar
LACRIBELL;CRISTÁLIA PRODUTOS QUÍMICOS FARMACÊUTICOS LTDA.;44.734.671/0001-51;3418375219;30/08/2021;2021-08-30;especifico
FERRIPROX;CHIESI FARMACÊUTICA LTDA;61.363.032/0001-46;3417158214;30/08/2021;2021-08-30;novo
ÉSIO;EUROFARMA LABORATÓRIOS S.A.;61.190.096/0001-92;3416268211;30/08/2021;2021-08-30;similar
CLORIDRATO DE METFORMINA;MERCK S/A;33.069.212/0001-84;3414143216;30/08/2021;2021-08-30;generico
MINIMA;SANOFI MEDLEY FARMACÊUTICA LTDA.;10.588.595/0010-92;3416852214;30/08/2021;2021-08-30;similar
BRONQUITOSS;LEGRAND PHARMA INDÚSTRIA FARMACÊUTICA LTDA;5044984000126;3420068212;30/08/2021;2021-08-30;similar
cloridrato de metformina;MERCK S/A;33.069.212/0001-84;3412972215;30/08/2021;2021-08-30;generico
citrato de tamoxifeno;LABORATORIO QUIMICO FARMACEUTICO DA AERONAUTICA;394429009914;3418281214;30/08/2021;2021-08-30;generico
MYLETIN;PRATI DONADUZZI & CIA LTDA;73.856.593/0001-66;3432591217;31/08/2021;2021-08-31;similar
GLUCOVANCE;MERCK S/A;33.069.212/0001-84;3427323218;31/08/2021;2021-08-31;novo
HERZATEN;GERMED FARMACEUTICA LTDA;45.992.062/0001-65;3430342210;31/08/2021;2021-08-31;similar
Glivance XR;MERCK S/A;33.069.212/0001-84;3427767213;31/08/2021;2021-08-31;novo
FIRAZYR;TAKEDA PHARMA LTDA.;60.397.775/0001-74;3435046210;31/08/2021;2021-08-31;novo
NITRATO DE MICONAZOL;BRAINFARMA INDÚSTRIA QUÍMICA E FARMACÊUTICA S.A;5161069000110;3430219213;31/08/2021;2021-08-31;generico
ESKEMICO;LEGRAND PHARMA INDÚSTRIA FARMACÊUTICA LTDA;5044984000126;3430218217;31/08/2021;2021-08-31;similar
NEOVANGY MR;EMS S/A;57.507.378/0003-65;3430729211;31/08/2021;2021-08-31;similar
ALLURENE;BAYER S.A.;18.459.628/0001-15;3431895212;31/08/2021;2021-08-31;novo
dicloridrato de trimetazidina;GERMED FARMACEUTICA LTDA;45.992.062/0001-65;3430428211;31/08/2021;2021-08-31;generico
entricitabina + fumarato de tenofovir desoproxila;BLANVER FARMOQUIMICA E FARMACEUTICA S.A.;53.359.824/0004-61;3431670211;31/08/2021;2021-08-31;generico
DICLORIDRATO DE TRIMETAZIDINA;EMS S/A;57.507.378/0003-65;3431137211;31/08/2021;2021-08-31;generico
dicloridrato de trimetazidina;LEGRAND PHARMA INDÚSTRIA FARMACÊUTICA LTDA;5044984000126;3430224217;31/08/2021;2021-08-31;generico
cloridrato de memantina;UNICHEM FARMACÊUTICA DO BRASIL LTDA;5399786000185;3449225219;01/09/2021;2021-09-01;generico
Hemifumarato de Quetiapina;AUROBINDO PHARMA INDÚSTRIA FARMACÊUTICA LIMITADA;4301884000175;3447135212;01/09/2021;2021-09-01;generico
Histamin;BRAINFARMA INDÚSTRIA QUÍMICA E FARMACÊUTICA S.A;5161069000110;3444805217;01/09/2021;2021-09-01;similar
HISTAMIN;BRAINFARMA INDÚSTRIA QUÍMICA E FARMACÊUTICA S.A;5161069000110;3448079219;01/09/2021;2021-09-01;similar
OMEPRAMIX;Aché Laboratórios Farmacêuticos S.A;60.659.463/0029-92;3448189219;01/09/2021;2021-09-01;similar
LACRIMA PLUS;NOVARTIS BIOCIENCIAS S.A;56.994.502/0001-30;3449191217;01/09/2021;2021-09-01;especifico
FOSFATO SÓDICO DE PREDNISOLONA;PRATI DONADUZZI & CIA LTDA;73.856.593/0001-66;3463312212;02/09/2021;2021-09-02;generico
PAMELOR;CELLERA FARMACÊUTICA S.A.;33.173.097/0002-74;3464244211;02/09/2021;2021-09-02;novo
GINKGO VIDORA;VIDORA FARMACÊUTICA LTDA;92.762.277/0001-70;3478990211;03/09/2021;2021-09-03;fitoterapico
CODATEN;NOVARTIS BIOCIENCIAS S.A;56.994.502/0001-30;3478739217;03/09/2021;2021-09-03;novo
VITA E;Aché Laboratórios Farmacêuticos S.A;60.659.463/0029-92;3479131212;03/09/2021;2021-09-03;especifico
CECI;LIBBS FARMACÊUTICA LTDA;61.230.314/0001-75;3482694214;03/09/2021;2021-09-03;similar
BINAV;BLANVER FARMOQUIMICA E FARMACEUTICA S.A.;53.359.824/0004-61;3477922212;03/09/2021;2021-09-03;similar
meloxicam;UNICHEM FARMACÊUTICA DO BRASIL LTDA;5399786000185;3473035211;03/09/2021;2021-09-03;generico
Lonsurf®;LABORATÓRIOS SERVIER DO BRASIL LTDA;42.374.207/0001-76;3517540218;06/09/2021;2021-09-06;novo
VASOPRIL;BIOLAB SANUS FARMACÊUTICA LTDA;49.475.833/0001-06;3515739211;06/09/2021;2021-09-06;similar
hemifumarato de quetiapina;EUROFARMA LABORATÓRIOS S.A.;61.190.096/0001-92;3539333215;08/09/2021;2021-09-08;generico
AD-TIL;COSMED INDUSTRIA DE COSMETICOS E MEDICAMENTOS S.A.;61.082.426/0002-07;3541682213;08/09/2021;2021-09-08;especifico
MALEATO DE ENALAPRIL;BIOLAB SANUS FARMACÊUTICA LTDA;49.475.833/0001-06;3537792212;08/09/2021;2021-09-08;generico
CYFENOL BABY;CIFARMA CIENTÍFICA FARMACÊUTICA LTDA;17.562.075/0001-69;3536176216;08/09/2021;2021-09-08;similar
TURNO;EUROFARMA LABORATÓRIOS S.A.;61.190.096/0001-92;3540417214;08/09/2021;2021-09-08;similar
VENALOT;COSMED INDUSTRIA DE COSMETICOS E MEDICAMENTOS S.A.;61.082.426/0002-07;3537769211;08/09/2021;2021-09-08;especifico
CLINFAR;MERCK S/A;33.069.212/0001-84;3541607211;08/09/2021;2021-09-08;similar
TADALAFILA;BRAINFARMA INDÚSTRIA QUÍMICA E FARMACÊUTICA S.A;5161069000110;3565264217;09/09/2021;2021-09-09;generico
TRIMEB;EUROFARMA LABORATÓRIOS S.A.;61.190.096/0001-92;3563114218;09/09/2021;2021-09-09;similar
MALEATO DE TRIMEBUTINA;EUROFARMA LABORATÓRIOS S.A.;61.190.096/0001-92;3563343217;09/09/2021;2021-09-09;generico
ENAX;Arese Pharma Ltda;7670111000154;3564530215;09/09/2021;2021-09-09;fitoterapico
cloridrato de nebivolol;BRAINFARMA INDÚSTRIA QUÍMICA E FARMACÊUTICA S.A;5161069000110;3564654216;09/09/2021;2021-09-09;generico
FERANE 35;CIFARMA CIENTÍFICA FARMACÊUTICA LTDA;17.562.075/0001-69;3565796219;09/09/2021;2021-09-09;similar
OLANZAPINA;BRAINFARMA INDÚSTRIA QUÍMICA E FARMACÊUTICA S.A;5161069000110;3582513211;10/09/2021;2021-09-10;generico
Enoxalow;BLAU FARMACÊUTICA S.A.;58.430.828/0001-60;3579332210;10/09/2021;2021-09-10;biologico
SECFAR;LABORATÓRIO FARMACÊUTICO ELOFAR LTDA;83.874.628/0001-43;3582360211;10/09/2021;2021-09-10;similar
DROSPIRENONA + ETINILESTRADIOL;Althaia S.A Indústria Farmacêutica;48.344.725/0007-19;3580925211;10/09/2021;2021-09-10;generico
ACETATO DE CIPROTERONA+ETINILESTRADIOL;BRAINFARMA INDÚSTRIA QUÍMICA E FARMACÊUTICA S.A;5161069000110;3581241218;10/09/2021;2021-09-10;generico
URO-VAXOM;APSEN FARMACEUTICA S/A;62.462.015/0001-29;3576666214;10/09/2021;2021-09-10;biologico
LYDIAN;COSMED INDUSTRIA DE COSMETICOS E MEDICAMENTOS S.A.;61.082.426/0002-07;3580635212;10/09/2021;2021-09-10;similar
TRANSPULMIN XAROPE INFANTIL;Aché Laboratórios Farmacêuticos S.A;60.659.463/0029-92;3576760211;10/09/2021;2021-09-10;novo
PAZINE;Arese Pharma Ltda;7670111000154;3619848211;13/09/2021;2021-09-13;fitoterapico
IMOVANE;SANOFI MEDLEY FARMACÊUTICA LTDA.;10.588.595/0010-92;3619215219;13/09/2021;2021-09-13;novo
ZOLFEST D;Aché Laboratórios Farmacêuticos S.A;60.659.463/0029-92;3621242210;13/09/2021;2021-09-13;novo
ALOXIDIL;THERASKIN FARMACEUTICA LTDA.;61.517.397/0001-88;3619592217;13/09/2021;2021-09-13;similar
NOVACORT;Aché Laboratórios Farmacêuticos S.A;60.659.463/0029-92;3621378219;13/09/2021;2021-09-13;novo
Deci;SUN FARMACÊUTICA DO BRASIL LTDA;5035244000123;3620951217;13/09/2021;2021-09-13;similar
HEDERAX;Arese Pharma Ltda;7670111000154;3619705216;13/09/2021;2021-09-13;fitoterapico
Minel;Arese Pharma Ltda;7670111000154;3619831211;13/09/2021;2021-09-13;fitoterapico
FLENUS;Arese Pharma Ltda;7670111000154;3619630216;13/09/2021;2021-09-13;fitoterapico
decitabina;SUN FARMACÊUTICA DO BRASIL LTDA;5035244000123;3620653216;13/09/2021;2021-09-13;generico
LACASS;Arese Pharma Ltda;7670111000154;3619609217;13/09/2021;2021-09-13;fitoterapico
fumarato de tenofovir desoproxila;BLANVER FARMOQUIMICA E FARMACÊUTICA S.A.;53.359.824/0001-19;3630651216;14/09/2021;2021-09-14;generico
CLORIDRATO DE METFORMINA;SANOFI MEDLEY FARMACÊUTICA LTDA.;10.588.595/0010-92;3637131218;14/09/2021;2021-09-14;generico
MESNA;EUROFARMA LABORATÓRIOS S.A.;61.190.096/0001-92;3630834213;14/09/2021;2021-09-14;generico
cloridrato de memantina;Aché Laboratórios Farmacêuticos S.A;60.659.463/0029-92;3637238217;14/09/2021;2021-09-14;generico
TROMAXIL;OPEM REPRESENTAÇÃO IMPORTADORA EXPORTADORA E DISTRIBUIDORA LTDA;38.909.503/0001-57;3635700215;14/09/2021;2021-09-14;novo
VIE;Aché Laboratórios Farmacêuticos S.A;60.659.463/0029-92;3628888212;14/09/2021;2021-09-14;similar
meloxicam;CELLERA FARMACÊUTICA S.A.;33.173.097/0002-74;3634036214;14/09/2021;2021-09-14;generico
DIOSMIN SDU;Aché Laboratórios Farmacêuticos S.A;60.659.463/0029-92;3629083218;14/09/2021;2021-09-14;novo
Untral;Aché Laboratórios Farmacêuticos S.A;60.659.463/0029-92;3637424215;14/09/2021;2021-09-14;especifico
MOVOXICAM;CELLERA FARMACÊUTICA S.A.;33.173.097/0002-74;3633748211;14/09/2021;2021-09-14;similar
BABYNEO;BRAINFARMA INDÚSTRIA QUÍMICA E FARMACÊUTICA S.A;5161069000110;3652529219;15/09/2021;2021-09-15;similar
LIDOGEL;BRAINFARMA INDÚSTRIA QUÍMICA E FARMACÊUTICA S.A;5161069000110;3653838215;15/09/2021;2021-09-15;similar
amoxicilina tri-hidratada;Aché Laboratórios Farmacêuticos S.A;60.659.463/0029-92;3671917211;16/09/2021;2021-09-16;generico
NORF;EMS SIGMA PHARMA LTDA;923140000131;3671718218;16/09/2021;2021-09-16;similar
ÁGUA ESTÉRIL BAXTER;BAXTER HOSPITALAR LTDA;49.351.786/0002-61;3672296210;16/09/2021;2021-09-16;especifico
Zostide;LIBBS FARMACÊUTICA LTDA;61.230.314/0001-75;3667783213;16/09/2021;2021-09-16;similar
ATIP XR;SUPERA FARMA LABORATÓRIOS S.A;43.312.503/0001-05;3670717218;16/09/2021;2021-09-16;similar
ATIP;SUPERA FARMA LABORATÓRIOS S.A;43.312.503/0001-05;3670666214;16/09/2021;2021-09-16;similar
norfloxacino;EMS S/A;57.507.378/0003-65;3671220210;16/09/2021;2021-09-16;generico
NORFLOXACINO 400 MG;GERMED FARMACEUTICA LTDA;45.992.062/0001-65;3671379219;16/09/2021;2021-09-16;generico
CLORIDRATO DE TETRACICLINA;PRATI DONADUZZI & CIA LTDA;73.856.593/0001-66;3679666217;17/09/2021;2021-09-17;generico
BAXTER GLICINA;BAXTER HOSPITALAR LTDA;49.351.786/0002-61;3686036215;17/09/2021;2021-09-17;similar
EVOLOX;FARMARIN INDUSTRIA E COMERCIO LTDA;58.635.830/0001-75;3686416212;17/09/2021;2021-09-17;similar
Citoplax;LABORATÓRIO QUÍMICO FARMACÊUTICO BERGAMO LTDA;61.282.661/0001-41;3687631214;17/09/2021;2021-09-17;similar
teriflunomida;ACCORD FARMACÊUTICA LTDA;64.171.697/0001-46;3688282213;17/09/2021;2021-09-17;generico
CLORETO DE SÓDIO - BAXTER;BAXTER HOSPITALAR LTDA;49.351.786/0002-61;3686850214;17/09/2021;2021-09-17;especifico
ARAZABI;EMS S/A;57.507.378/0003-65;3700633211;18/09/2021;2021-09-18;generico
ANASTROZOL;EMS S/A;57.507.378/0003-65;3700988214;18/09/2021;2021-09-18;generico
OMNISCAN;GE HEALTHCARE DO BRASIL COMÉRCIO E SERVIÇOS PARA EQUIPAMENTOS MEDICO - HOSPITALARES LTDA;29372000140;3722875218;20/09/2021;2021-09-20;novo
BIMATOPROSTA;SANOFI MEDLEY FARMACÊUTICA LTDA.;10.588.595/0010-92;3720647218;20/09/2021;2021-09-20;generico
flumazenil;FRESENIUS KABI BRASIL LTDA;49.324.221/0001-04;3719136213;20/09/2021;2021-09-20;generico
amoxicilina triidratada;Aché Laboratórios Farmacêuticos S.A;60.659.463/0029-92;3721436211;20/09/2021;2021-09-20;generico
ANASTROZOL;GERMED FARMACEUTICA LTDA;45.992.062/0001-65;3718730219;20/09/2021;2021-09-20;generico
hemifumarato de quetiapina;ACCORD FARMACÊUTICA LTDA;64.171.697/0001-46;3719796213;20/09/2021;2021-09-20;generico
ZOVIRAX;GLAXOSMITHKLINE BRASIL LTDA;33.247.743/0001-10;3716677213;20/09/2021;2021-09-20;novo
CLORETO DE SÓDIO SOLUÇÃO FISIOLÓGICA PARA IRRIGAÇÃO - BAXTER;BAXTER HOSPITALAR LTDA;49.351.786/0002-61;3721027213;20/09/2021;2021-09-20;especifico
SONOTABS;KLEY HERTZ FARMACEUTICA S.A;92.695.691/0001-03;3733021215;21/09/2021;2021-09-21;fitoterapico
LEXIN;LABORATÓRIO TEUTO BRASILEIRO S/A;17.159.229/0001-76;3736295219;21/09/2021;2021-09-21;similar
OLANZYS;BIOLAB SANUS FARMACÊUTICA LTDA;49.475.833/0001-06;3730421212;21/09/2021;2021-09-21;similar
VICK PYRENA GRIP  7;PROCTER & GAMBLE DO BRASIL LTDA;59.476.770/0001-58;3734329213;21/09/2021;2021-09-21;similar
CEFALEXINA;LABORATÓRIO TEUTO BRASILEIRO S/A;17.159.229/0001-76;3735504213;21/09/2021;2021-09-21;generico
OLANZAPINA;BIOLAB SANUS FARMACÊUTICA LTDA;49.475.833/0001-06;3730323211;21/09/2021;2021-09-21;generico
DECADRON;Aché Laboratórios Farmacêuticos S.A;60.659.463/0029-92;3732968219;21/09/2021;2021-09-21;similar
MIONEVRIX;Aché Laboratórios Farmacêuticos S.A;60.659.463/0029-92;3737173214;21/09/2021;2021-09-21;novo
TIADOL;CELLERA FARMACÊUTICA S.A.;33.173.097/0002-74;3750030219;22/09/2021;2021-09-22;similar
TIAPLEX;CELLERA FARMACÊUTICA S.A.;33.173.097/0002-74;3750743215;22/09/2021;2021-09-22;similar
propofol;Camber Farmaceutica Ltda;24.633.934/0001-29;3753052213;22/09/2021;2021-09-22;generico
CLORIDRATO DE METFORMINA;AUROBINDO PHARMA INDÚSTRIA FARMACÊUTICA LIMITADA;4301884000175;3748996217;22/09/2021;2021-09-22;generico
cloridrato de donepezila + cloridrato de memantina;MULTILAB INDUSTRIA E COMERCIO DE PRODUTOS FARMACEUTICOS LTDA;92.265.552/0009-05;3766871218;23/09/2021;2021-09-23;generico
cloridrato de donepezila + cloridrato de memantina;EMS S/A;57.507.378/0003-65;3766857215;23/09/2021;2021-09-23;generico
citrato de sildenafila;AUROBINDO PHARMA INDÚSTRIA FARMACÊUTICA LIMITADA;4301884000175;3765036218;23/09/2021;2021-09-23;generico
SEAKALM;NATULAB LABORATÓRIO S.A;2456955000183;3764682213;23/09/2021;2021-09-23;fitoterapico
BAC-SULFITRIN;BRAINFARMA INDÚSTRIA QUÍMICA E FARMACÊUTICA S.A;5161069000110;3765447218;23/09/2021;2021-09-23;similar
AD-VITAM;NATULAB LABORATÓRIO S.A;2456955000183;3762836213;23/09/2021;2021-09-23;especifico
MORIALE DUO;EMS S/A;57.507.378/0003-65;3766829211;23/09/2021;2021-09-23;similar
Nitrato de fenticonazol;GERMED FARMACEUTICA LTDA;45.992.062/0001-65;3764922214;23/09/2021;2021-09-23;generico
EMAH;SUN FARMACÊUTICA DO BRASIL LTDA;5035244000123;3765533211;23/09/2021;2021-09-23;similar
nitrato de fenticonazol;EMS S/A;57.507.378/0003-65;3764862211;23/09/2021;2021-09-23;generico
Eniagor;APSEN FARMACEUTICA S/A;62.462.015/0001-29;3777221210;24/09/2021;2021-09-24;similar
DESONIDA;GERMED FARMACEUTICA LTDA;45.992.062/0001-65;3777358215;24/09/2021;2021-09-24;generico
acetato de abiraterona;TEVA FARMACÊUTICA LTDA.;5333542000108;3783848211;24/09/2021;2021-09-24;generico
VENIZ XR;SUN FARMACÊUTICA DO BRASIL LTDA;5035244000123;3781530213;24/09/2021;2021-09-24;novo
Desoskin;EMS SIGMA PHARMA LTDA;923140000131;3778071211;24/09/2021;2021-09-24;similar
DESONIDA;LEGRAND PHARMA INDÚSTRIA FARMACÊUTICA LTDA;5044984000126;3777870218;24/09/2021;2021-09-24;generico
DESONIDA;GERMED FARMACEUTICA LTDA;45.992.062/0001-65;3777366218;24/09/2021;2021-09-24;generico
ULTRAVIST;BAYER S.A.;18.459.628/0001-15;3778061216;24/09/2021;2021-09-24;novo
PROHAIR;UNIÃO QUÍMICA FARMACÊUTICA NACIONAL S/A;60.665.981/0001-18;3773885211;24/09/2021;2021-09-24;similar
QLAIRA;BAYER S.A.;18.459.628/0001-15;3778846213;24/09/2021;2021-09-24;novo
desonida;EMS S/A;57.507.378/0003-65;3777195219;24/09/2021;2021-09-24;generico
DUPLIVIR;BLANVER FARMOQUIMICA E FARMACÊUTICA S.A.;53.359.824/0001-19;3816021212;27/09/2021;2021-09-27;novo
BETRAT;MYRALIS INDÚSTRIA FARMACÊUTICA LTDA;17.440.261/0001-25;3816269214;27/09/2021;2021-09-27;especifico
MALEATO DE DEXCLORFENIRAMINA;FUNDAÇÃO EZEQUIEL DIAS - FUNED;17.503.475/0001-01;3812802210;27/09/2021;2021-09-27;similar
TALERC;Aché Laboratórios Farmacêuticos S.A;60.659.463/0029-92;3811649213;27/09/2021;2021-09-27;novo
ACCUVIT;Aché Laboratórios Farmacêuticos S.A;60.659.463/0029-92;3809773212;27/09/2021;2021-09-27;especifico
CETOCONAZOL + DIPROPIONATO DE BETAMETASONA;EMS S/A;57.507.378/0003-65;3818939217;27/09/2021;2021-09-27;generico
CANDIGRAN;LEGRAND PHARMA INDÚSTRIA FARMACÊUTICA LTDA;5044984000126;3819099212;27/09/2021;2021-09-27;similar
tadalafila;UNICHEM FARMACÊUTICA DO BRASIL LTDA;5399786000185;3815998212;27/09/2021;2021-09-27;generico
FUNED- Dexclorfeniramina;FUNDAÇÃO EZEQUIEL DIAS - FUNED;17.503.475/0001-01;3813006212;27/09/2021;2021-09-27;similar
DERMOCORTE;EMS S/A;57.507.378/0003-65;3818824215;27/09/2021;2021-09-27;similar
CETOCONAZOL + DIPROPIONATO DE BETAMETASONA;EMS S/A;57.507.378/0003-65;3818847215;27/09/2021;2021-09-27;generico
Soyfemme;Aché Laboratórios Farmacêuticos S.A;60.659.463/0029-92;3809876216;27/09/2021;2021-09-27;fitoterapico
drospirenona + etinilestradiol;LEGRAND PHARMA INDÚSTRIA FARMACÊUTICA LTDA;5044984000126;3832002219;28/09/2021;2021-09-28;generico
CLORIDRATO DE MEMANTINA;BIOLAB SANUS FARMACÊUTICA LTDA;49.475.833/0001-06;3831017212;28/09/2021;2021-09-28;generico
drosperinona + etinilestradiol;EMS S/A;57.507.378/0003-65;3834704211;28/09/2021;2021-09-28;generico
drosperinona + etinilestradiol;GERMED FARMACEUTICA LTDA;45.992.062/0001-65;3831795215;28/09/2021;2021-09-28;generico
MEGY;LEGRAND PHARMA INDÚSTRIA FARMACÊUTICA LTDA;5044984000126;3832200215;28/09/2021;2021-09-28;similar
DIOST;MYRALIS INDÚSTRIA FARMACÊUTICA LTDA;17.440.261/0001-25;3830739214;28/09/2021;2021-09-28;similar
CEFADRIN;CIFARMA CIENTÍFICA FARMACÊUTICA LTDA;17.562.075/0001-69;3831626219;28/09/2021;2021-09-28;similar
METTA SR;TORRENT DO BRASIL LTDA;33.078.528/0001-32;3826817214;28/09/2021;2021-09-28;similar
PILULAS DE LUSSEN;LABORATÓRIOS OSÓRIO DE MORAES LTDA;19.791.813/0001-75;3831963215;28/09/2021;2021-09-28;novo
ELANI CICLO;LIBBS FARMACÊUTICA LTDA;61.230.314/0001-75;3834577219;28/09/2021;2021-09-28;similar
KALYME;Aché Laboratórios Farmacêuticos S.A;60.659.463/0029-92;3825189210;28/09/2021;2021-09-28;similar
INGRID;EMS S/A;57.507.378/0003-65;3832302212;28/09/2021;2021-09-28;similar
hemifumarato de quetiapina;BIOLAB SANUS FARMACÊUTICA LTDA;49.475.833/0001-06;3831130213;28/09/2021;2021-09-28;generico
bimatoprosta;LEGRAND PHARMA INDÚSTRIA FARMACÊUTICA LTDA;5044984000126;3845848219;29/09/2021;2021-09-29;generico
BIMAPROST;EMS S/A;57.507.378/0003-65;3842897219;29/09/2021;2021-09-29;similar
ATEPRESS;LABORATÓRIO TEUTO BRASILEIRO S/A;17.159.229/0001-76;3843595216;29/09/2021;2021-09-29;similar
GLAUCUR;LEGRAND PHARMA INDÚSTRIA FARMACÊUTICA LTDA;5044984000126;3844190210;29/09/2021;2021-09-29;similar
maleato de enalapril;LABORATÓRIO GLOBO SA;17.115.437/0001-73;3843363218;29/09/2021;2021-09-29;generico
ATENOLOL;LABORATÓRIO TEUTO BRASILEIRO S/A;17.159.229/0001-76;3843035211;29/09/2021;2021-09-29;generico
EXFORGE HCT;NOVARTIS BIOCIENCIAS S.A;56.994.502/0001-30;3862202216;30/09/2021;2021-09-30;novo
SOLUÇÃO GLICOFISIOLÓGICA;BAXTER HOSPITALAR LTDA;49.351.786/0002-61;3863407211;30/09/2021;2021-09-30;especifico
ARIPIPRAZOL;UNICHEM FARMACÊUTICA DO BRASIL LTDA;5399786000185;3860146211;30/09/2021;2021-09-30;generico
BAXTER GLICOSE;BAXTER HOSPITALAR LTDA;49.351.786/0002-61;3863251211;30/09/2021;2021-09-30;especifico
NEXIUM IV;ASTRAZENECA DO BRASIL LTDA;60.318.797/0001-00;3860535218;30/09/2021;2021-09-30;novo
TRANSPULMIN XAROPE ADULTO;Aché Laboratórios Farmacêuticos S.A;60.659.463/0029-92;3857524219;30/09/2021;2021-09-30;similar
SOLUÇÃO DE MANITOL 20%;CRISTÁLIA PRODUTOS QUÍMICOS FARMACÊUTICOS LTDA.;44.734.671/0001-51;3878206216;01/10/2021;2021-10-01;especifico
BAXTER SOLUÇÃO DE RINGER COM LACTATO;BAXTER HOSPITALAR LTDA;49.351.786/0002-61;3876897211;01/10/2021;2021-10-01;especifico
POLVILHO ANTISSÉPTICO GRANADO;CASA GRANADO LABORATÓRIOS, FARMÁCIAS E DROGARIAS S/A;33.109.356/0001-17;3875914210;01/10/2021;2021-10-01;novo
cloridrato de fexofenadina;UNICHEM FARMACÊUTICA DO BRASIL LTDA;5399786000185;3877876218;01/10/2021;2021-10-01;generico
cloridrato de doxorrubicina;ACCORD FARMACÊUTICA LTDA;64.171.697/0001-46;3880440212;01/10/2021;2021-10-01;generico
SADOL;LABORATORIO CATARINENSE LTDA;84.684.620/0001-87;3873142210;01/10/2021;2021-10-01;especifico
UNICLARIN;UNIÃO QUÍMICA FARMACÊUTICA NACIONAL S/A;60.665.981/0001-18;3875819217;01/10/2021;2021-10-01;similar
BAXTER SORBITOL;BAXTER HOSPITALAR LTDA;49.351.786/0002-61;3877013210;01/10/2021;2021-10-01;novo
DOCKS;ACCORD FARMACÊUTICA LTDA;64.171.697/0001-46;3880192219;01/10/2021;2021-10-01;similar
CLORETO DE SÓDIO 0,9%;BAXTER HOSPITALAR LTDA;49.351.786/0002-61;3876183219;01/10/2021;2021-10-01;especifico
LOXAM;BRAINFARMA INDÚSTRIA QUÍMICA E FARMACÊUTICA S.A;5161069000110;3877338216;01/10/2021;2021-10-01;similar
ibuprofeno;LABORATÓRIO TEUTO BRASILEIRO S/A;17.159.229/0001-76;3871110213;01/10/2021;2021-10-01;generico
GINKGO HERBARIUM;HERBARIUM LABORATORIO BOTANICO LTDA;78.950.011/0001-20;3914989211;04/10/2021;2021-10-04;fitoterapico
CÁSCARA SAGRADA HERBARIUM;HERBARIUM LABORATORIO BOTANICO LTDA;78.950.011/0001-20;3913631216;04/10/2021;2021-10-04;fitoterapico
DIPIRONA SODICA;GREENPHARMA QUÍMICA E FARMACÊUTICA LTDA;33.408.105/0001-33;3914839210;04/10/2021;2021-10-04;generico
COGNITUS;HERBARIUM LABORATORIO BOTANICO LTDA;78.950.011/0001-20;3913737219;04/10/2021;2021-10-04;fitoterapico
KITAPEN;BIOLAB SANUS FARMACÊUTICA LTDA;49.475.833/0001-06;3907403215;04/10/2021;2021-10-04;similar
GARGOJUICE;BELFAR LTDA;18.324.343/0001-77;3909929214;04/10/2021;2021-10-04;similar
HIPÉRICO HERBARIUM;HERBARIUM LABORATORIO BOTANICO LTDA;78.950.011/0001-20;3914900211;04/10/2021;2021-10-04;fitoterapico
LOZAN;LABORATÓRIO TEUTO BRASILEIRO S/A;17.159.229/0001-76;3913960210;04/10/2021;2021-10-04;similar
PEDIALYTE MAX;ABBOTT LABORATÓRIOS DO BRASIL LTDA;56.998.701/0001-16;3912822212;04/10/2021;2021-10-04;especifico
HIPERICIN;HERBARIUM LABORATORIO BOTANICO LTDA;78.950.011/0001-20;3914012218;04/10/2021;2021-10-04;fitoterapico
GUACOVITA;LABORATÓRIO VITALAB LTDA;56.646.953/0001-86;3925577211;05/10/2021;2021-10-05;fitoterapico
Nivux;EMS S/A;57.507.378/0003-65;3925163212;05/10/2021;2021-10-05;novo
CEFUROXIMA SÓDICA;AUROBINDO PHARMA INDÚSTRIA FARMACÊUTICA LIMITADA;4301884000175;3931066215;05/10/2021;2021-10-05;generico
BRONQUIVITA;LABORATÓRIO VITALAB LTDA;56.646.953/0001-86;3925280219;05/10/2021;2021-10-05;fitoterapico
GERIATON;Aché Laboratórios Farmacêuticos S.A;60.659.463/0029-92;3930713217;05/10/2021;2021-10-05;especifico
TRIAZOL;BIOLAB SANUS FARMACÊUTICA LTDA;49.475.833/0001-06;3924463212;05/10/2021;2021-10-05;similar
LEVIXE;LABORATÓRIO TEUTO BRASILEIRO S/A;17.159.229/0001-76;3939823210;06/10/2021;2021-10-06;similar
temozolomida;SUN FARMACÊUTICA DO BRASIL LTDA;5035244000123;3946792219;06/10/2021;2021-10-06;generico
furoato de mometasona;EUROFARMA LABORATÓRIOS S.A.;61.190.096/0001-92;3941058215;06/10/2021;2021-10-06;generico
AD-MUC;BIOLAB SANUS FARMACÊUTICA LTDA;49.475.833/0001-06;3945898218;06/10/2021;2021-10-06;fitoterapico
NIDUE;GERMED FARMACEUTICA LTDA;45.992.062/0001-65;3947308213;06/10/2021;2021-10-06;similar
INZELM;TAKEDA PHARMA LTDA.;60.397.775/0001-74;3939737216;06/10/2021;2021-10-06;novo
FUMARATO DE TENOFOVIR DESOPROXILA+LAMIVUDINA;FUNDAÇÃO OSWALDO CRUZ;33.781.055/0001-35;3961809216;07/10/2021;2021-10-07;generico
CLOROQUINA DIFOSFATO;FUNDAÇÃO OSWALDO CRUZ;33.781.055/0001-35;3961163219;07/10/2021;2021-10-07;similar
CARDIZEM;BOEHRINGER INGELHEIM DO BRASIL QUÍMICA E FARMACÊUTICA LTDA.;60.831.658/0001-77;3978574217;08/10/2021;2021-10-08;novo
RITMONORM;ABBOTT LABORATÓRIOS DO BRASIL LTDA;56.998.701/0001-16;3980458211;08/10/2021;2021-10-08;novo
VOCETY;GLENMARK FARMACÊUTICA LTDA;44.363.661/0001-57;3978814218;08/10/2021;2021-10-08;similar
PRESSOTEC;LABORATÓRIO TEUTO BRASILEIRO S/A;17.159.229/0001-76;3978344211;08/10/2021;2021-10-08;similar
SULFADIAZINA DE PRATA;PRATI DONADUZZI & CIA LTDA;73.856.593/0001-66;3974463216;08/10/2021;2021-10-08;generico
MALEATO DE ENALAPRIL;LABORATÓRIO TEUTO BRASILEIRO S/A;17.159.229/0001-76;3978167212;08/10/2021;2021-10-08;generico
NUTRI B;NATULAB LABORATÓRIO S.A;2456955000183;3976111210;08/10/2021;2021-10-08;especifico
SOLUCAO DE GLICERINA;EQUIPLEX INDÚSTRIA FARMACÊUTICA LTDA;1784792000103;4016399211;11/10/2021;2021-10-11;especifico
VENTUS;EUROFARMA LABORATÓRIOS S.A.;61.190.096/0001-92;4025816211;12/10/2021;2021-10-12;similar
tigeciclina;Aché Laboratórios Farmacêuticos S.A;60.659.463/0029-92;4045233211;13/10/2021;2021-10-13;generico
MELOXIGRAN;LEGRAND PHARMA INDÚSTRIA FARMACÊUTICA LTDA;5044984000126;4042964214;13/10/2021;2021-10-13;similar
MELOXICAM;EMS S/A;57.507.378/0003-65;4042786219;13/10/2021;2021-10-13;generico
MELOVAC;EMS S/A;57.507.378/0003-65;4042827217;13/10/2021;2021-10-13;similar
Aludor;CIFARMA CIENTÍFICA FARMACÊUTICA LTDA;17.562.075/0001-69;4041398215;13/10/2021;2021-10-13;similar
ESOMEPRAZOL SÓDICO;Camber Farmaceutica Ltda;24.633.934/0001-29;4044267219;13/10/2021;2021-10-13;generico
ISOFLAVINE;HERBARIUM LABORATORIO BOTANICO LTDA;78.950.011/0001-20;4046031212;13/10/2021;2021-10-13;fitoterapico
LEXAPRASS;LABORATÓRIO TEUTO BRASILEIRO S/A;17.159.229/0001-76;4044723214;13/10/2021;2021-10-13;similar
meloxicam;LEGRAND PHARMA INDÚSTRIA FARMACÊUTICA LTDA;5044984000126;4042943217;13/10/2021;2021-10-13;generico
ACICLOVIR;PRATI DONADUZZI & CIA LTDA;73.856.593/0001-66;4038773213;13/10/2021;2021-10-13;generico
meloxicam;GERMED FARMACEUTICA LTDA;45.992.062/0001-65;4043332211;13/10/2021;2021-10-13;generico
PARINEX;HIPOLABOR FARMACEUTICA LTDA;19.570.720/0001-10;4060468215;14/10/2021;2021-10-14;biologico
UNITRAM;FARMOQUÍMICA S/A;33.349.473/0001-58;4062071215;14/10/2021;2021-10-14;similar
DORENE TABS;Aché Laboratórios Farmacêuticos S.A;60.659.463/0029-92;4064187211;14/10/2021;2021-10-14;novo
KAVA KAVA HERBARIUM;HERBARIUM LABORATORIO BOTANICO LTDA;78.950.011/0001-20;4060725218;14/10/2021;2021-10-14;fitoterapico
DERMATOP;SANOFI MEDLEY FARMACÊUTICA LTDA.;10.588.595/0010-92;4063310213;14/10/2021;2021-10-14;novo
Entresto;NOVARTIS BIOCIENCIAS S.A;56.994.502/0001-30;4065387213;14/10/2021;2021-10-14;novo
cloridrato de metformina;GERMED FARMACEUTICA LTDA;45.992.062/0001-65;4077847214;15/10/2021;2021-10-15;generico
CLORIDRATO DE METFORMINA;EMS S/A;57.507.378/0003-65;4075993213;15/10/2021;2021-10-15;generico
DIENOGESTE;LEGRAND PHARMA INDÚSTRIA FARMACÊUTICA LTDA;5044984000126;4080181213;15/10/2021;2021-10-15;generico
LUDILI ED;EMS S/A;57.507.378/0003-65;4080138211;15/10/2021;2021-10-15;similar
GLITYFOM;EMS S/A;57.507.378/0003-65;4076016211;15/10/2021;2021-10-15;similar
DOXPROVIR;EMS S/A;57.507.378/0003-65;4080040211;15/10/2021;2021-10-15;similar
RISPERDAL;JANSSEN - CILAG FARMACÊUTICA LTDA;51.780.468/0001-87;4083834218;15/10/2021;2021-10-15;novo
ELIDEL;MYLAN LABORATORIOS LTDA;11.643.096/0001-22;4076639219;15/10/2021;2021-10-15;novo
CLORIDRATO DE CLINDAMICINA;LABORATÓRIO TEUTO BRASILEIRO S/A;17.159.229/0001-76;4080536216;15/10/2021;2021-10-15;generico
DIENOGESTE;GERMED FARMACEUTICA LTDA;45.992.062/0001-65;4080165218;15/10/2021;2021-10-15;generico
PROMENSIL;FARMOQUÍMICA S/A;33.349.473/0001-58;4076925211;15/10/2021;2021-10-15;fitoterapico
Clindamin-C;LABORATÓRIO TEUTO BRASILEIRO S/A;17.159.229/0001-76;4080647212;15/10/2021;2021-10-15;similar
dienogeste;EMS S/A;57.507.378/0003-65;4080022212;15/10/2021;2021-10-15;generico
GLYGRAN;LEGRAND PHARMA INDÚSTRIA FARMACÊUTICA LTDA;5044984000126;4077373212;15/10/2021;2021-10-15;similar
ALANDRE;LEGRAND PHARMA INDÚSTRIA FARMACÊUTICA LTDA;5044984000126;4080303211;15/10/2021;2021-10-15;similar
Engerix B;GLAXOSMITHKLINE BRASIL LTDA;33.247.743/0001-10;4080877218;15/10/2021;2021-10-15;biologico
Diazepam;LABORATÓRIO TEUTO BRASILEIRO S/A;17.159.229/0001-76;4079393211;15/10/2021;2021-10-15;generico
MYCOSODIUM;EMS S/A;57.507.378/0003-65;4114682210;18/10/2021;2021-10-18;similar
FENOSUPREX;GERMED FARMACEUTICA LTDA;45.992.062/0001-65;4113819211;18/10/2021;2021-10-18;similar
ALOIS DUO;APSEN FARMACEUTICA S/A;62.462.015/0001-29;4110983215;18/10/2021;2021-10-18;similar
Hizentra;CSL BEHRING COMÉRCIO DE PRODUTOS FARMACÊUTICOS LTDA;62.969.589/0001-98;4116548219;18/10/2021;2021-10-18;biologico
ondansetrona;BLAU FARMACÊUTICA S.A.;58.430.828/0001-60;4117304216;18/10/2021;2021-10-18;generico
MEBENDAZOL;BELFAR LTDA;18.324.343/0001-77;4116704211;18/10/2021;2021-10-18;generico
MICOFENOLATO DE SODIO;GERMED FARMACEUTICA LTDA;45.992.062/0001-65;4113801215;18/10/2021;2021-10-18;generico
cloridrato de donepezila + cloridrato de memantina;APSEN FARMACEUTICA S/A;62.462.015/0001-29;4111566219;18/10/2021;2021-10-18;generico
MICOFENOLATO DE SÓDIO;EMS S/A;57.507.378/0003-65;4114650211;18/10/2021;2021-10-18;generico
cloridrato de amitriptilina;BRAINFARMA INDÚSTRIA QUÍMICA E FARMACÊUTICA S.A;5161069000110;4113405212;18/10/2021;2021-10-18;generico
HC - GLICORAD;HOSPITAL DAS CLINICAS DA FACULDADE DE MEDICINA DA USP;60.448.040/0001-22;4125353212;19/10/2021;2021-10-19;radiofarmaco
HC-EsqueleRad;HOSPITAL DAS CLINICAS DA FACULDADE DE MEDICINA DA USP;60.448.040/0001-22;4125387214;19/10/2021;2021-10-19;radiofarmaco
VITAMIN E;NATULAB LABORATÓRIO S.A;2456955000183;4130134213;19/10/2021;2021-10-19;especifico
Ontrax;BLAU FARMACÊUTICA S.A.;58.430.828/0001-60;4129859218;19/10/2021;2021-10-19;similar
AZTREONAM;INSTITUTO BIOCHIMICO INDÚSTRIA FARMACÊUTICA LTDA;33.258.401/0001-03;4145278216;20/10/2021;2021-10-20;generico
ESPERSON;SANOFI MEDLEY FARMACÊUTICA LTDA.;10.588.595/0010-92;4141339211;20/10/2021;2021-10-20;novo
Cygnus D;DAIICHI SANKYO BRASIL FARMACÊUTICA LTDA;60.874.187/0001-84;4144628213;20/10/2021;2021-10-20;especifico
bortezomibe;Camber Farmaceutica Ltda;24.633.934/0001-29;4143009218;20/10/2021;2021-10-20;generico
VACINA POLIOMIELITE 1 E 3 (ATENUADA);FUNDAÇÃO OSWALDO CRUZ;33.781.055/0001-35;4141243213;20/10/2021;2021-10-20;biologico
AZANEM;INSTITUTO BIOCHIMICO INDÚSTRIA FARMACÊUTICA LTDA;33.258.401/0001-03;4145144210;20/10/2021;2021-10-20;similar
LANSOPRAZOL;LEGRAND PHARMA INDÚSTRIA FARMACÊUTICA LTDA;5044984000126;4143730219;20/10/2021;2021-10-20;generico
cefazolina sódica;INSTITUTO BIOCHIMICO INDÚSTRIA FARMACÊUTICA LTDA;33.258.401/0001-03;4157759214;21/10/2021;2021-10-21;generico
CAPSFEN;CATALENT BRASIL LTDA.;45.569.555/0007-82;4162587213;21/10/2021;2021-10-21;novo
KEFALOMAX;INSTITUTO BIOCHIMICO INDÚSTRIA FARMACÊUTICA LTDA;33.258.401/0001-03;4158101212;21/10/2021;2021-10-21;similar
GANCICLOVIR SODICO;EUROFARMA LABORATÓRIOS S.A.;61.190.096/0001-92;4158730210;21/10/2021;2021-10-21;generico
CEZOLIN;INSTITUTO BIOCHIMICO INDÚSTRIA FARMACÊUTICA LTDA;33.258.401/0001-03;4157298217;21/10/2021;2021-10-21;similar
CEFALOTINA SODICA;INSTITUTO BIOCHIMICO INDÚSTRIA FARMACÊUTICA LTDA;33.258.401/0001-03;4158192218;21/10/2021;2021-10-21;generico
cloridrato de cefepima;INSTITUTO BIOCHIMICO INDÚSTRIA FARMACÊUTICA LTDA;33.258.401/0001-03;4159303218;21/10/2021;2021-10-21;generico
IMIPENEM + CILASTATINA;INSTITUTO BIOCHIMICO INDÚSTRIA FARMACÊUTICA LTDA;33.258.401/0001-03;4159625215;21/10/2021;2021-10-21;generico
TIEPEM;INSTITUTO BIOCHIMICO INDÚSTRIA FARMACÊUTICA LTDA;33.258.401/0001-03;4159502211;21/10/2021;2021-10-21;similar
MIDAZOLAM;LABORATÓRIO TEUTO BRASILEIRO S/A;17.159.229/0001-76;4168128211;22/10/2021;2021-10-22;generico
LANZ;EMS SIGMA PHARMA LTDA;923140000131;4172081215;22/10/2021;2021-10-22;similar
lansoprazol;EMS S/A;57.507.378/0003-65;4168501213;22/10/2021;2021-10-22;generico
AFINITOR;NOVARTIS BIOCIENCIAS S.A;56.994.502/0001-30;4174553211;22/10/2021;2021-10-22;novo
LANSOPRAZOL;GERMED FARMACEUTICA LTDA;45.992.062/0001-65;4170709217;22/10/2021;2021-10-22;generico
EPCLUSA;GILEAD SCIENCES FARMACEUTICA DO BRASIL LTDA;15.670.288/0001-89;4219847219;25/10/2021;2021-10-25;novo
GINECOL;VITAMEDIC INDUSTRIA FARMACEUTICA LTDA;30.222.814/0001-31;4217739214;25/10/2021;2021-10-25;similar
FLAMATRAT;VITAMEDIC INDUSTRIA FARMACEUTICA LTDA;30.222.814/0001-31;4217995211;25/10/2021;2021-10-25;similar
ALLEXOFEDRIN PEDIÁTRICO;EMS S/A;57.507.378/0003-65;4232159215;26/10/2021;2021-10-26;similar
Choriomon-M;UCB BIOPHARMA LTDA.;64.711.500/0001-14;4237791211;26/10/2021;2021-10-26;biologico
CIMEGRIPE DOR E FEBRE;CIMED INDUSTRIA S.A;2814497000107;4232491210;26/10/2021;2021-10-26;similar
cloridrato de fexofenadina;LEGRAND PHARMA INDÚSTRIA FARMACÊUTICA LTDA;5044984000126;4231526214;26/10/2021;2021-10-26;generico
IMUNOMAX GEL;HERBARIUM LABORATORIO BOTANICO LTDA;78.950.011/0001-20;4235503219;26/10/2021;2021-10-26;fitoterapico
cloridrato de fexofenadina;EMS S/A;57.507.378/0003-65;4232069216;26/10/2021;2021-10-26;generico
DESTYC;EPHAR PESQUISA E DESENVOLVIMENTO LTDA;36.130.126/0001-28;4235805215;26/10/2021;2021-10-26;similar
LEXLER;LEGRAND PHARMA INDÚSTRIA FARMACÊUTICA LTDA;5044984000126;4231646210;26/10/2021;2021-10-26;similar
valsartana;Althaia S.A Indústria Farmacêutica;48.344.725/0007-19;4232723218;26/10/2021;2021-10-26;generico
NOPASURE;Camber Farmaceutica Ltda;24.633.934/0001-29;4226611217;26/10/2021;2021-10-26;similar
CIPIDE;Aché Laboratórios Farmacêuticos S.A;60.659.463/0029-92;4245803215;27/10/2021;2021-10-27;similar
DOLOTRAT;BIONATUS LABORATÓRIO BOTÂNICO LTDA;68.032.192/0001-51;4251800214;27/10/2021;2021-10-27;especifico
celecoxibe;LABORATÓRIO GLOBO SA;17.115.437/0001-73;4246220213;27/10/2021;2021-10-27;generico
TRONVAZ;CIFARMA CIENTÍFICA FARMACÊUTICA LTDA;17.562.075/0001-69;4250312216;27/10/2021;2021-10-27;especifico
LUGANO;EUROFARMA LABORATÓRIOS S.A.;61.190.096/0001-92;4251138210;27/10/2021;2021-10-27;novo
REVESTIVE;TAKEDA PHARMA LTDA.;60.397.775/0001-74;4251926218;27/10/2021;2021-10-27;biologico
BIO-MANGUINHOS BETAINTERFERONA 1A;FUNDAÇÃO OSWALDO CRUZ;33.781.055/0001-35;4274057216;28/10/2021;2021-10-28;biologico
PROEXTY;EUROFARMA LABORATÓRIOS S.A.;61.190.096/0001-92;4263412214;28/10/2021;2021-10-28;similar
VIAGRA;MYLAN LABORATORIOS LTDA;11.643.096/0001-22;4269322217;28/10/2021;2021-10-28;novo
MEPIADRE;DFL INDÚSTRIA E COMÉRCIO S/A;33.112.665/0001-46;4269631210;28/10/2021;2021-10-28;similar
minoxidil;GERMED FARMACEUTICA LTDA;45.992.062/0001-65;4287003217;29/10/2021;2021-10-29;generico
ALLOVITA;LEGRAND PHARMA INDÚSTRIA FARMACÊUTICA LTDA;5044984000126;4286825213;29/10/2021;2021-10-29;similar
CAPY;GERMED FARMACEUTICA LTDA;45.992.062/0001-65;4287028210;29/10/2021;2021-10-29;similar
ELPRAZOL;PHARLAB INDÚSTRIA FARMACÊUTICA S.A.;2501297000102;4287233212;29/10/2021;2021-10-29;similar
BRIDION;MERCK SHARP & DOHME FARMACEUTICA LTDA.;3560974000118;4287462211;29/10/2021;2021-10-29;novo
MONAX;EUROFARMA LABORATÓRIOS S.A.;61.190.096/0001-92;4278661215;29/10/2021;2021-10-29;similar
SANASAR;KLEY HERTZ FARMACEUTICA S.A;92.695.691/0001-03;4281914218;29/10/2021;2021-10-29;similar
minoxidil;LEGRAND PHARMA INDÚSTRIA FARMACÊUTICA LTDA;5044984000126;4286771211;29/10/2021;2021-10-29;generico
OMEPRAZOL;PHARLAB INDÚSTRIA FARMACÊUTICA S.A.;2501297000102;4288159211;29/10/2021;2021-10-29;generico
AXIFLENNID;HALEX ISTAR INDÚSTRIA FARMACÊUTICA SA;1571702000198;4284740211;29/10/2021;2021-10-29;novo
SANILIN;KLEY HERTZ FARMACEUTICA S.A;92.695.691/0001-03;4345840210;03/11/2021;2021-11-03;similar
DIPROPIONATO DE BETAMETASONA;EMS S/A;57.507.378/0003-65;4346053211;03/11/2021;2021-11-03;generico
ANESFENT;LABORATÓRIO TEUTO BRASILEIRO S/A;17.159.229/0001-76;4344889215;03/11/2021;2021-11-03;similar
VIBRAL;ABBOTT LABORATÓRIOS DO BRASIL LTDA;56.998.701/0001-16;4347420218;03/11/2021;2021-11-03;novo
VACINA POLIOMIELITE 1, 2 E 3 (INATIVADA);FUNDAÇÃO OSWALDO CRUZ;33.781.055/0001-35;4342565218;03/11/2021;2021-11-03;biologico
CLIMATRIX;MYRALIS INDÚSTRIA FARMACÊUTICA LTDA;17.440.261/0001-25;4339108219;03/11/2021;2021-11-03;fitoterapico
BETASERC;ABBOTT LABORATÓRIOS DO BRASIL LTDA;56.998.701/0001-16;4340016217;03/11/2021;2021-11-03;novo
SERETIDE;GLAXOSMITHKLINE BRASIL LTDA;33.247.743/0001-10;4359158211;04/11/2021;2021-11-04;novo
SINVASCOR;LABORATÓRIOS BALDACCI LTDA;61.150.447/0001-31;4355719219;04/11/2021;2021-11-04;similar
PIASCLEDINE;ABBOTT LABORATÓRIOS DO BRASIL LTDA;56.998.701/0001-16;4357323215;04/11/2021;2021-11-04;fitoterapico
FLUTINOL;CRISTÁLIA PRODUTOS QUÍMICOS FARMACÊUTICOS LTDA.;44.734.671/0001-51;4353673211;04/11/2021;2021-11-04;similar
Anya;SUN FARMACÊUTICA DO BRASIL LTDA;5035244000123;4357577217;04/11/2021;2021-11-04;similar
EPREX;JANSSEN - CILAG FARMACÊUTICA LTDA;51.780.468/0001-87;4360521219;04/11/2021;2021-11-04;novo
OLINA ESSÊNCIA DE VIDA;LABORATÓRIO WESP LTDA;92.690.999/0001-66;4360183216;04/11/2021;2021-11-04;fitoterapico
cloridrato de fexofenadina;EUROFARMA LABORATÓRIOS S.A.;61.190.096/0001-92;4366954214;05/11/2021;2021-11-05;generico
ALTIVA;EUROFARMA LABORATÓRIOS S.A.;61.190.096/0001-92;4366950219;05/11/2021;2021-11-05;similar
FENTANEST;CRISTÁLIA PRODUTOS QUÍMICOS FARMACÊUTICOS LTDA.;44.734.671/0001-51;4374618210;05/11/2021;2021-11-05;similar
EMSCORT;EMS S/A;57.507.378/0003-65;4376074217;05/11/2021;2021-11-05;similar
CETOCONAZOL + DIPROPIONATO DE BETAMETASONA + SULFATO DE NEOMICINA;GERMED FARMACEUTICA LTDA;45.992.062/0001-65;4376642215;05/11/2021;2021-11-05;generico
cetoconazol + dipropionato de betametasona + sulfato de neomicina;EMS S/A;57.507.378/0003-65;4375975211;05/11/2021;2021-11-05;generico
TARTARATO DE BRIMONIDINA;BRAINFARMA INDÚSTRIA QUÍMICA E FARMACÊUTICA S.A;5161069000110;4376084212;05/11/2021;2021-11-05;generico
POSICOR SIN;BIOLAB SANUS FARMACÊUTICA LTDA;49.475.833/0001-06;4367387216;05/11/2021;2021-11-05;similar
PACO;EUROFARMA LABORATÓRIOS S.A.;61.190.096/0001-92;4396825218;08/11/2021;2021-11-08;similar
CELECOXIBE;LABORATÓRIO TEUTO BRASILEIRO S/A;17.159.229/0001-76;4397765219;08/11/2021;2021-11-08;generico
celecoxibe;BRAINFARMA INDÚSTRIA QUÍMICA E FARMACÊUTICA S.A;5161069000110;4410623214;08/11/2021;2021-11-08;generico
PARACETAMOL + FOSFATO DE CODEÍNA;EUROFARMA LABORATÓRIOS S.A.;61.190.096/0001-92;4396858213;08/11/2021;2021-11-08;generico
COBAVITAL;ABBOTT LABORATÓRIOS DO BRASIL LTDA;56.998.701/0001-16;4411785218;08/11/2021;2021-11-08;novo
cloridrato de metformina;PRATI DONADUZZI & CIA LTDA;73.856.593/0001-66;4398299211;08/11/2021;2021-11-08;generico
MICOFENOLATO DE SODIO;LABORATÓRIO QUÍMICO FARMACÊUTICO DO EXÉRCITO;394452000103;4429874212;09/11/2021;2021-11-09;generico
ALLEXOFEDRIN;EMS S/A;57.507.378/0003-65;4426475210;09/11/2021;2021-11-09;similar
dexametasona;LEGRAND PHARMA INDÚSTRIA FARMACÊUTICA LTDA;5044984000126;4427663214;09/11/2021;2021-11-09;generico
cloridrato de fexofenadina;EMS S/A;57.507.378/0003-65;4426334217;09/11/2021;2021-11-09;generico
DEXAMETASONA;EMS S/A;57.507.378/0003-65;4427427219;09/11/2021;2021-11-09;generico
dexametasona;GERMED FARMACEUTICA LTDA;45.992.062/0001-65;4427537219;09/11/2021;2021-11-09;generico
dexametasona;EMS S/A;57.507.378/0003-65;4427460216;09/11/2021;2021-11-09;generico
ANNITA;FARMOQUÍMICA S/A;33.349.473/0001-58;4429483213;09/11/2021;2021-11-09;novo
LEXLER;LEGRAND PHARMA INDÚSTRIA FARMACÊUTICA LTDA;5044984000126;4427717217;09/11/2021;2021-11-09;similar
OSTEOTRAT;Aché Laboratórios Farmacêuticos S.A;60.659.463/0029-92;4447810212;10/11/2021;2021-11-10;similar
CLORIDRATO DE METFORMINA;PRATI DONADUZZI & CIA LTDA;73.856.593/0001-66;4447953218;10/11/2021;2021-11-10;generico
CICLOPRIMOGYNA;BAYER S.A.;18.459.628/0001-15;4479329218;11/11/2021;2021-11-11;novo
Dacogen;JANSSEN - CILAG FARMACÊUTICA LTDA;51.780.468/0001-87;4479937218;11/11/2021;2021-11-11;novo
estriol;BIOLAB SANUS FARMACÊUTICA LTDA;49.475.833/0001-06;4484280213;12/11/2021;2021-11-12;generico
BESILATO DE ANLODIPINO;CIMED INDUSTRIA S.A;2814497000107;4492030212;12/11/2021;2021-11-12;generico
DFLAM TM;UNIÃO QUÍMICA FARMACÊUTICA NACIONAL S/A;60.665.981/0001-18;4485435211;12/11/2021;2021-11-12;similar
OMEPRAZOL;BRAINFARMA INDÚSTRIA QUÍMICA E FARMACÊUTICA S.A;5161069000110;4490349211;12/11/2021;2021-11-12;generico
DIANE 35;BAYER S.A.;18.459.628/0001-15;4491417211;12/11/2021;2021-11-12;novo
FUNGICORT;CIFARMA CIENTÍFICA FARMACÊUTICA LTDA;17.562.075/0001-69;4484326213;12/11/2021;2021-11-12;similar
mesilato de doxazosina;CIMED INDUSTRIA S.A;2814497000107;4487890217;12/11/2021;2021-11-12;generico
meloxicam;CIMED INDUSTRIA S.A;2814497000107;4491643211;12/11/2021;2021-11-12;generico
cloridrato de raloxifeno;BLANVER FARMOQUIMICA E FARMACÊUTICA S.A.;53.359.824/0001-19;4489094213;12/11/2021;2021-11-12;generico
FORTEN;CHIESI FARMACÊUTICA LTDA;61.363.032/0001-46;4484039214;12/11/2021;2021-11-12;especifico
TROMBOFOB GEL;ABBOTT LABORATÓRIOS DO BRASIL LTDA;56.998.701/0001-16;4484835215;12/11/2021;2021-11-12;biologico
HEPAMAX-S;BLAU FARMACÊUTICA S.A.;58.430.828/0001-60;4484315211;12/11/2021;2021-11-12;biologico
STELE;BIOLAB SANUS FARMACÊUTICA LTDA;49.475.833/0001-06;4485073211;12/11/2021;2021-11-12;similar
dicloridrato de betaistina;AUROBINDO PHARMA INDÚSTRIA FARMACÊUTICA LIMITADA;4301884000175;4485055213;12/11/2021;2021-11-12;generico
acetato de abiraterona;DR. REDDYS FARMACÊUTICA DO BRASIL LTDA;3978166000175;4491047219;12/11/2021;2021-11-12;generico
ALLENASAL;SANOFI MEDLEY FARMACÊUTICA LTDA.;10.588.595/0010-92;4490917210;12/11/2021;2021-11-12;similar
CETOCONAZOL + DIPROPIONATO DE BETAMETASONA;LABORATÓRIO TEUTO BRASILEIRO S/A;17.159.229/0001-76;4492138218;12/11/2021;2021-11-12;generico
EPICITRIN;BRAINFARMA INDÚSTRIA QUÍMICA E FARMACÊUTICA S.A;5161069000110;4536945211;16/11/2021;2021-11-16;similar
AFOLIC;NATULAB LABORATÓRIO S.A;2456955000183;4531046218;16/11/2021;2021-11-16;especifico
COD PAR;SUPERA FARMA LABORATÓRIOS S.A;43.312.503/0001-05;4535888213;16/11/2021;2021-11-16;similar
cloridrato de loperamida;SANDOZ DO BRASIL INDÚSTRIA FARMACÊUTICA LTDA;61.286.647/0001-16;4547534217;17/11/2021;2021-11-17;generico
CETOCORT-N;LABORATÓRIO TEUTO BRASILEIRO S/A;17.159.229/0001-76;4553713217;17/11/2021;2021-11-17;similar
tacrolimo;EMS S/A;57.507.378/0003-65;4548884211;17/11/2021;2021-11-17;generico
Tacrolimo;GERMED FARMACEUTICA LTDA;45.992.062/0001-65;4550039213;17/11/2021;2021-11-17;generico
tacrolimo;LEGRAND PHARMA INDÚSTRIA FARMACÊUTICA LTDA;5044984000126;4550655216;17/11/2021;2021-11-17;generico
COSARTAN ALP;GERMED FARMACEUTICA LTDA;45.992.062/0001-65;4550325216;17/11/2021;2021-11-17;similar
mirtazapina;SANOFI MEDLEY FARMACÊUTICA LTDA.;10.588.595/0010-92;4548836217;17/11/2021;2021-11-17;generico
ATOBACH;GERMED FARMACEUTICA LTDA;45.992.062/0001-65;4550152214;17/11/2021;2021-11-17;generico
SOFOSBUVIR;BLANVER FARMOQUIMICA E FARMACEUTICA S.A.;53.359.824/0004-61;4553205211;17/11/2021;2021-11-17;generico
aciclovir;EMS S/A;57.507.378/0003-65;4549086211;17/11/2021;2021-11-17;generico
TEOLONG;ABBOTT LABORATÓRIOS DO BRASIL LTDA;56.998.701/0001-16;4554892212;17/11/2021;2021-11-17;novo
CLORIDRATO DE AMILORIDA + HIDROCLOROTIAZIDA;EMS S/A;57.507.378/0003-65;4549738219;17/11/2021;2021-11-17;generico
VALSACOR;LEGRAND PHARMA INDÚSTRIA FARMACÊUTICA LTDA;5044984000126;4550485213;17/11/2021;2021-11-17;similar
aciclovir;LEGRAND PHARMA INDÚSTRIA FARMACÊUTICA LTDA;5044984000126;4550511214;17/11/2021;2021-11-17;generico
BRASART;EMS SIGMA PHARMA LTDA;923140000131;4551778214;17/11/2021;2021-11-17;similar
DIASEC;SANDOZ DO BRASIL INDÚSTRIA FARMACÊUTICA LTDA;61.286.647/0001-16;4547876215;17/11/2021;2021-11-17;similar
dienogeste;Aché Laboratórios Farmacêuticos S.A;60.659.463/0029-92;4556229219;17/11/2021;2021-11-17;generico
ACICLOVIR;MULTILAB INDUSTRIA E COMERCIO DE PRODUTOS FARMACEUTICOS LTDA;92.265.552/0009-05;4551578215;17/11/2021;2021-11-17;generico
valsartana + besilato de anlodipino;LEGRAND PHARMA INDÚSTRIA FARMACÊUTICA LTDA;5044984000126;4550397217;17/11/2021;2021-11-17;generico
valsartana + besilato de anlodipino;GERMED FARMACEUTICA LTDA;45.992.062/0001-65;4550360216;17/11/2021;2021-11-17;generico
BRASART BCC;EMS SIGMA PHARMA LTDA;923140000131;4551686212;17/11/2021;2021-11-17;similar
VALSARTANA;GERMED FARMACEUTICA LTDA;45.992.062/0001-65;4550194219;17/11/2021;2021-11-17;generico
VALSACOR DUO;LEGRAND PHARMA INDÚSTRIA FARMACÊUTICA LTDA;5044984000126;4550411210;17/11/2021;2021-11-17;similar
CETOCONAZOL + DIPROPIONATO DE BETAMETASONA + SULFATO DE NEOMICINA;LABORATÓRIO TEUTO BRASILEIRO S/A;17.159.229/0001-76;4553490218;17/11/2021;2021-11-17;generico
Antivirax;EMS S/A;57.507.378/0003-65;4548973214;17/11/2021;2021-11-17;similar
valsartana + besilato de anlodipino;EMS S/A;57.507.378/0003-65;4549845210;17/11/2021;2021-11-17;generico
CROPOC;LEGRAND PHARMA INDÚSTRIA FARMACÊUTICA LTDA;5044984000126;4550952211;17/11/2021;2021-11-17;generico
aciclovir;GERMED FARMACEUTICA LTDA;45.992.062/0001-65;4550167211;17/11/2021;2021-11-17;generico
acetato de abiraterona;SUN FARMACÊUTICA DO BRASIL LTDA;5035244000123;4554924211;17/11/2021;2021-11-17;generico
VALSARTANA;EMS S/A;57.507.378/0003-65;4549736216;17/11/2021;2021-11-17;generico
HIXIZINE;THERASKIN FARMACEUTICA LTDA.;61.517.397/0001-88;4569100210;18/11/2021;2021-11-18;similar
CIMEGRIPE;CIMED INDUSTRIA S.A;2814497000107;4572090211;18/11/2021;2021-11-18;similar
aciclovir;EUROFARMA LABORATÓRIOS S.A.;61.190.096/0001-92;4566742211;18/11/2021;2021-11-18;generico
ABBA;SUN FARMACÊUTICA DO BRASIL LTDA;5035244000123;4567758218;18/11/2021;2021-11-18;similar
SENSAZ;CRISTÁLIA PRODUTOS QUÍMICOS FARMACÊUTICOS LTDA.;44.734.671/0001-51;4573283218;18/11/2021;2021-11-18;similar
SULFADIAZINA DE PRATA;NATIVITA IND. COM. LTDA.;65.271.900/0001-19;4573155210;18/11/2021;2021-11-18;generico
Dymista;MYLAN LABORATORIOS LTDA;11.643.096/0001-22;4593189217;19/11/2021;2021-11-19;novo
dienogeste;Althaia S.A Indústria Farmacêutica;48.344.725/0007-19;4594537219;19/11/2021;2021-11-19;generico
HEDERA TEUTO;LABORATÓRIO TEUTO BRASILEIRO S/A;17.159.229/0001-76;4592908210;19/11/2021;2021-11-19;fitoterapico
LANSOPRAZOL;PRATI DONADUZZI & CIA LTDA;73.856.593/0001-66;4588839217;19/11/2021;2021-11-19;generico
RPHNEFRO;MJM PRODUTOS FARMACEUTICOS E DE RADIOPROTEÇÃO LTDA;4891262000144;4592414217;19/11/2021;2021-11-19;radiofarmaco
desogestrel;Aché Laboratórios Farmacêuticos S.A;60.659.463/0029-92;4622762218;22/11/2021;2021-11-22;generico
Teutoformin;LABORATÓRIO TEUTO BRASILEIRO S/A;17.159.229/0001-76;4619994219;22/11/2021;2021-11-22;similar
SABINE;Aché Laboratórios Farmacêuticos S.A;60.659.463/0029-92;4616295212;22/11/2021;2021-11-22;similar
NASOJET 3H;NATULAB LABORATÓRIO S.A;2456955000183;4621187210;22/11/2021;2021-11-22;especifico
METRONIFLEX;BAXTER HOSPITALAR LTDA;49.351.786/0002-61;4633784218;23/11/2021;2021-11-23;similar
DILACORON;ABBOTT LABORATÓRIOS DO BRASIL LTDA;56.998.701/0001-16;4631954213;23/11/2021;2021-11-23;novo
Bimatoprosta;GEOLAB INDÚSTRIA FARMACÊUTICA S/A;3485572000104;4632860212;23/11/2021;2021-11-23;generico
SOLUÇÃO DE RINGER COM LACTATO;JP INDUSTRIA FARMACEUTICA S/A;55.972.087/0001-50;4632305219;23/11/2021;2021-11-23;especifico
DICOXIBE;MYLAN LABORATORIOS LTDA;11.643.096/0001-22;4631315211;23/11/2021;2021-11-23;similar
NOAZY;NATCOFARMA DO BRASIL LTDA;8157293000127;4632736210;23/11/2021;2021-11-23;generico
NOCTAL;ABBOTT LABORATÓRIOS DO BRASIL LTDA;56.998.701/0001-16;4632481211;23/11/2021;2021-11-23;novo
NOVORAPID;NOVO NORDISK FARMACÊUTICA DO BRASIL LTDA;82.277.955/0001-55;4636405218;23/11/2021;2021-11-23;biologico
FLEXALGIN;GEOLAB INDÚSTRIA FARMACÊUTICA S/A;3485572000104;4632967211;23/11/2021;2021-11-23;similar
NORVASC;MYLAN LABORATORIOS LTDA;11.643.096/0001-22;4632760218;23/11/2021;2021-11-23;novo
CLORIDRATO DE MEMANTINA;SANDOZ DO BRASIL INDÚSTRIA FARMACÊUTICA LTDA;61.286.647/0001-16;4633989219;23/11/2021;2021-11-23;generico
LORATADINA;CIMED INDUSTRIA S.A;2814497000107;4647678211;24/11/2021;2021-11-24;generico
paracetamol;CIFARMA CIENTÍFICA FARMACÊUTICA LTDA;17.562.075/0001-69;4646582210;24/11/2021;2021-11-24;generico
LORATAMED;CIMED INDUSTRIA S.A;2814497000107;4647785211;24/11/2021;2021-11-24;similar
IVEVI;COSMED INDUSTRIA DE COSMETICOS E MEDICAMENTOS S.A.;61.082.426/0002-07;4647758214;24/11/2021;2021-11-24;similar
MUSCUSAN;GERMED FARMACEUTICA LTDA;45.992.062/0001-65;4643458216;24/11/2021;2021-11-24;similar
cloridrato de metformina;ACCORD FARMACÊUTICA LTDA;64.171.697/0001-46;4644603210;24/11/2021;2021-11-24;generico
Vemlidy;GILEAD SCIENCES FARMACEUTICA DO BRASIL LTDA;15.670.288/0001-89;4645276212;24/11/2021;2021-11-24;novo
AVALOX;BAYER S.A.;18.459.628/0001-15;4647781216;24/11/2021;2021-11-24;novo
cloridrato de ciclobenzaprina;EMS S/A;57.507.378/0003-65;4642635211;24/11/2021;2021-11-24;generico
cloridrato de ciclobenzaprina;GERMED FARMACEUTICA LTDA;45.992.062/0001-65;4643612215;24/11/2021;2021-11-24;generico
PLASMA LYTE;BAXTER HOSPITALAR LTDA;49.351.786/0002-61;4648061217;24/11/2021;2021-11-24;especifico
cloridrato de ciclobenzaprina;LEGRAND PHARMA INDÚSTRIA FARMACÊUTICA LTDA;5044984000126;4642792210;24/11/2021;2021-11-24;generico
MYTFOR;ACCORD FARMACÊUTICA LTDA;64.171.697/0001-46;4644616214;24/11/2021;2021-11-24;similar
MANITOL BAXTER;BAXTER HOSPITALAR LTDA;49.351.786/0002-61;4659430219;25/11/2021;2021-11-25;similar
Cloridrato de diltiazem;EMS S/A;57.507.378/0003-65;4666629211;26/11/2021;2021-11-26;generico
cloridrato de diltiazem;LEGRAND PHARMA INDÚSTRIA FARMACÊUTICA LTDA;5044984000126;4666763210;26/11/2021;2021-11-26;generico
FUNED - TALIDOMIDA;FUNDAÇÃO EZEQUIEL DIAS - FUNED;17.503.475/0001-01;4665529213;26/11/2021;2021-11-26;similar
cetoconazol + dipropionato de betametasona + sulfato de neomicina;CELLERA FARMACÊUTICA S.A.;33.173.097/0002-74;4673223217;26/11/2021;2021-11-26;generico
MELUREN;Aché Laboratórios Farmacêuticos S.A;60.659.463/0029-92;4667136219;26/11/2021;2021-11-26;similar
SAL DE ANDREWS;PF Consumer Healthcare Brazil Importadora e Distribuidora de Medicamentos Ltda;30.872.270/0001-53;4668268216;26/11/2021;2021-11-26;especifico
levofloxacino hemihidratado;CELLERA FARMACÊUTICA S.A.;33.173.097/0002-74;4672783219;26/11/2021;2021-11-26;generico
LACRILAX;COSMED INDUSTRIA DE COSMETICOS E MEDICAMENTOS S.A.;61.082.426/0002-07;4666509216;26/11/2021;2021-11-26;especifico
CETOBETA;CELLERA FARMACÊUTICA S.A.;33.173.097/0002-74;4673160215;26/11/2021;2021-11-26;similar
SOF D;ABBOTT LABORATÓRIOS DO BRASIL LTDA;56.998.701/0001-16;4666073213;26/11/2021;2021-11-26;especifico
NEMICINA;CELLERA FARMACÊUTICA S.A.;33.173.097/0002-74;4673765214;26/11/2021;2021-11-26;similar
cloridrato de diltiazem;GERMED FARMACEUTICA LTDA;45.992.062/0001-65;4668813214;26/11/2021;2021-11-26;generico
olanzapina;CELLERA FARMACÊUTICA S.A.;33.173.097/0002-74;4673071212;26/11/2021;2021-11-26;generico
venlafaxina;CELLERA FARMACÊUTICA S.A.;33.173.097/0002-74;4672462218;26/11/2021;2021-11-26;generico
CREMEDERME;CELLERA FARMACÊUTICA S.A.;33.173.097/0002-74;4673670213;26/11/2021;2021-11-26;similar
RYTMISE;GERMED FARMACEUTICA LTDA;45.992.062/0001-65;4701154211;29/11/2021;2021-11-29;similar
FEMIGESTROL;LABORATÓRIO QUÍMICO FARMACÊUTICO BERGAMO LTDA;61.282.661/0001-41;4702684213;29/11/2021;2021-11-29;similar
DICLOFENACO DIETILAMÔNIO;EMS S/A;57.507.378/0003-65;4697177215;29/11/2021;2021-11-29;generico
ENDROSTAN;CELLERA FARMACÊUTICA S.A.;33.173.097/0002-74;4701598216;29/11/2021;2021-11-29;similar
valsartana + anlodipino;SANDOZ DO BRASIL INDÚSTRIA FARMACÊUTICA LTDA;61.286.647/0001-16;4699662218;29/11/2021;2021-11-29;generico
BENERVA;CELLERA FARMACÊUTICA S.A.;33.173.097/0002-74;4701104213;29/11/2021;2021-11-29;especifico
LIDIAL;CELLERA FARMACÊUTICA S.A.;33.173.097/0002-74;4694124218;29/11/2021;2021-11-29;similar
ACERATUM;CELLERA FARMACÊUTICA S.A.;33.173.097/0002-74;4700927216;29/11/2021;2021-11-29;similar
Orencia;BRISTOL-MYERS SQUIBB FARMACÊUTICA LTDA;56.998.982/0001-07;4700767219;29/11/2021;2021-11-29;biologico
SUCCINATO DE DESVENLAFAXINA;GERMED FARMACEUTICA LTDA;45.992.062/0001-65;4701111210;29/11/2021;2021-11-29;generico
CAPRELSA;SANOFI MEDLEY FARMACÊUTICA LTDA.;10.588.595/0010-92;4700953217;29/11/2021;2021-11-29;novo
MESTINON;CELLERA FARMACÊUTICA S.A.;33.173.097/0002-74;4699582214;29/11/2021;2021-11-29;similar
diclofenaco dietilamônio;GERMED FARMACEUTICA LTDA;45.992.062/0001-65;4701346217;29/11/2021;2021-11-29;generico
SUCCINATO DE DESVENLAFAXINA MONOIDRATADO;EMS S/A;57.507.378/0003-65;4696760219;29/11/2021;2021-11-29;generico
deferasirox;LABORATÓRIO QUÍMICO FARMACÊUTICO BERGAMO LTDA;61.282.661/0001-41;4702309218;29/11/2021;2021-11-29;generico
valerato de betametasona + sulfato de gentamicina + tolnaftato + clioquinol;CELLERA FARMACÊUTICA S.A.;33.173.097/0002-74;4695131218;29/11/2021;2021-11-29;generico
SUCCINATO DE DESVENLAFAXINA;LEGRAND PHARMA INDÚSTRIA FARMACÊUTICA LTDA;5044984000126;4697654218;29/11/2021;2021-11-29;generico
alendronato de sódio;CELLERA FARMACÊUTICA S.A.;33.173.097/0002-74;4701137219;29/11/2021;2021-11-29;generico
Anastrozol;SANDOZ DO BRASIL INDÚSTRIA FARMACÊUTICA LTDA;61.286.647/0001-16;4700585218;29/11/2021;2021-11-29;generico
alendronato de sódio;UNIÃO QUÍMICA FARMACÊUTICA NACIONAL S/A;60.665.981/0001-18;4701075213;29/11/2021;2021-11-29;generico
BENEVRAN;LEGRAND PHARMA INDÚSTRIA FARMACÊUTICA LTDA;5044984000126;4697989210;29/11/2021;2021-11-29;similar
DELAGRAN;LEGRAND PHARMA INDÚSTRIA FARMACÊUTICA LTDA;5044984000126;4697936213;29/11/2021;2021-11-29;similar
MOZOBIL;SANOFI MEDLEY FARMACÊUTICA LTDA.;10.588.595/0010-92;4712578211;30/11/2021;2021-11-30;novo
DPREV GOTAS;MYRALIS INDÚSTRIA FARMACÊUTICA LTDA;17.440.261/0001-25;4716484211;30/11/2021;2021-11-30;especifico
fosfato sódico de prednisolona;PRATI DONADUZZI & CIA LTDA;73.856.593/0001-66;4714956213;30/11/2021;2021-11-30;generico
DUPHASTON;ABBOTT LABORATÓRIOS DO BRASIL LTDA;56.998.701/0001-16;4709509212;30/11/2021;2021-11-30;novo
TANAKAN;ABBOTT LABORATÓRIOS DO BRASIL LTDA;56.998.701/0001-16;4714975218;30/11/2021;2021-11-30;fitoterapico
IRUXOL;ABBOTT LABORATÓRIOS DO BRASIL LTDA;56.998.701/0001-16;4710920214;30/11/2021;2021-11-30;biologico
DIOPLEX DH;KLEY HERTZ FARMACEUTICA S.A;92.695.691/0001-03;4714337211;30/11/2021;2021-11-30;especifico
FUMARATO DE BISOPROLOL+ HIDROCLOROTIAZIDA;UNICHEM FARMACÊUTICA DO BRASIL LTDA;5399786000185;4726760211;01/12/2021;2021-12-01;generico
BACTROBAN;GLAXOSMITHKLINE BRASIL LTDA;33.247.743/0001-10;4724669217;01/12/2021;2021-12-01;novo
cloridrato de fexofenadina;BRAINFARMA INDÚSTRIA QUÍMICA E FARMACÊUTICA S.A;5161069000110;4733471211;01/12/2021;2021-12-01;generico
CORONAR;BIOLAB SANUS FARMACÊUTICA LTDA;49.475.833/0001-06;4739788217;02/12/2021;2021-12-02;similar
dipropionato de betametasona + sulfato de gentamicina;LABORATÓRIO TEUTO BRASILEIRO S/A;17.159.229/0001-76;4741712214;02/12/2021;2021-12-02;generico
ANSIODORON;WELEDA DO BRASIL LABORATÓRIO E FARMÁCIA LTDA;56.992.217/0001-80;4740633213;02/12/2021;2021-12-02;dinamizado
TAXOL;BRISTOL - MYERS SQUIBB FARMACÊUTICA LTDA;56.998.982/0001-07;4755929211;03/12/2021;2021-12-03;novo
DUSPATALIN;ABBOTT LABORATÓRIOS DO BRASIL LTDA;56.998.701/0001-16;4753874214;03/12/2021;2021-12-03;novo
IMENSE;EMS S/A;57.507.378/0003-65;4754811216;03/12/2021;2021-12-03;similar
atenolol;BIOLAB SANUS FARMACÊUTICA LTDA;49.475.833/0001-06;4755304211;03/12/2021;2021-12-03;similar
LIPITOR;MYLAN LABORATORIOS LTDA;11.643.096/0001-22;4810959210;06/12/2021;2021-12-06;similar
RUBENTI;ABBOTT LABORATÓRIOS DO BRASIL LTDA;56.998.701/0001-16;4809819213;06/12/2021;2021-12-06;similar
ARLIVRY;NATULAB LABORATÓRIO S.A;2456955000183;4809567214;06/12/2021;2021-12-06;fitoterapico
TOPISON;LIBBS FARMACÊUTICA LTDA;61.230.314/0001-75;4856321218;07/12/2021;2021-12-07;similar
POLARADEX;NATULAB LABORATÓRIO S.A;2456955000183;4857197219;07/12/2021;2021-12-07;similar
MASFEROL;NATULAB LABORATÓRIO S.A;2456955000183;4875761210;07/12/2021;2021-12-07;especifico
SPRYCEL;BRISTOL - MYERS SQUIBB FARMACÊUTICA LTDA;56.998.982/0001-07;4868722212;07/12/2021;2021-12-07;novo
CITOSTAL;BRISTOL - MYERS SQUIBB FARMACÊUTICA LTDA;56.998.982/0001-07;4873470218;07/12/2021;2021-12-07;novo
PONDERA;EUROFARMA LABORATÓRIOS S.A.;61.190.096/0001-92;4856991213;07/12/2021;2021-12-07;novo
DICLOFENACO DIETILAMÔNIO;UNIÃO QUÍMICA FARMACÊUTICA NACIONAL S/A;60.665.981/0001-18;4928475216;08/12/2021;2021-12-08;generico
CLORIDRATO DE FEXOFENADINA;RANBAXY FARMACÊUTICA LTDA;73.663.650/0001-90;4947324210;08/12/2021;2021-12-08;generico
GUACOFLUS;AIRELA INDÚSTRIA FARMACÊUTICA LTDA.;1858973000129;4944163215;08/12/2021;2021-12-08;fitoterapico
DESRINITE;BRAINFARMA INDÚSTRIA QUÍMICA E FARMACÊUTICA S.A;5161069000110;4942619211;08/12/2021;2021-12-08;similar
DICLORIDRATO DE BETAISTINA;Althaia S.A Indústria Farmacêutica;48.344.725/0007-19;4943459218;08/12/2021;2021-12-08;generico
estradiol + drospirenona;EUROFARMA LABORATÓRIOS S.A.;61.190.096/0001-92;4928069218;08/12/2021;2021-12-08;generico
MONONITRATO DE ISOSSORBIDA;BIOLAB SANUS FARMACÊUTICA LTDA;49.475.833/0001-06;4937730215;08/12/2021;2021-12-08;generico
paracetamol+fosfato de codeina;GERMED FARMACEUTICA LTDA;45.992.062/0001-65;5058087219;09/12/2021;2021-12-09;generico
LEVEMIR;NOVO NORDISK FARMACÊUTICA DO BRASIL LTDA;82.277.955/0001-55;5095688212;09/12/2021;2021-12-09;biologico
KOPAX;GERMED FARMACEUTICA LTDA;45.992.062/0001-65;5058287218;09/12/2021;2021-12-09;similar
PARACETAMOL+FOSFATO DE CODEINA;EMS S/A;57.507.378/0003-65;5056329215;09/12/2021;2021-12-09;generico
DROPROPIZINA;UNIÃO QUÍMICA FARMACÊUTICA NACIONAL S/A;60.665.981/0001-18;5058277212;09/12/2021;2021-12-09;generico
paracetamol+fosfato de codeina;LEGRAND PHARMA INDÚSTRIA FARMACÊUTICA LTDA;5044984000126;5060052214;09/12/2021;2021-12-09;generico
MULTISORO ADULTO;MULTILAB INDUSTRIA E COMERCIO DE PRODUTOS FARMACEUTICOS LTDA;92.265.552/0009-05;5052090218;09/12/2021;2021-12-09;similar
PARALDRIN;LEGRAND PHARMA INDÚSTRIA FARMACÊUTICA LTDA;5044984000126;5058944219;09/12/2021;2021-12-09;similar
EVOBRIG;TAKEDA PHARMA LTDA.;60.397.775/0001-74;5213211216;10/12/2021;2021-12-10;novo
dicloridrato de betaistina;RANBAXY FARMACÊUTICA LTDA;73.663.650/0001-90;5204052216;10/12/2021;2021-12-10;generico
paracetamol + fosfato de codeina;BRAINFARMA INDÚSTRIA QUÍMICA E FARMACÊUTICA S.A;5161069000110;6298374213;13/12/2021;2021-12-13;generico
VARIVAX;NATULAB LABORATÓRIO S.A;2456955000183;6269797217;13/12/2021;2021-12-13;fitoterapico
SUCCINATO DE DESVENLAFAXINA MONOIDRATADO;EUROFARMA LABORATÓRIOS S.A.;61.190.096/0001-92;6249706216;13/12/2021;2021-12-13;generico
TETRAMED;MEDQUIMICA INDUSTRIA FARMACEUTICA LTDA.;17.875.154/0001-20;6292598217;13/12/2021;2021-12-13;similar
DESVE;EUROFARMA LABORATÓRIOS S.A.;61.190.096/0001-92;6255612210;13/12/2021;2021-12-13;similar
NOVOMIX 30;NOVO NORDISK FARMACÊUTICA DO BRASIL LTDA;82.277.955/0001-55;6725306217;14/12/2021;2021-12-14;novo
Neo B;EUROFARMA LABORATÓRIOS S.A.;61.190.096/0001-92;6598762219;14/12/2021;2021-12-14;especifico
VENOCUR FIT;ABBOTT LABORATÓRIOS DO BRASIL LTDA;56.998.701/0001-16;7004254216;15/12/2021;2021-12-15;fitoterapico
LIORESAL;NOVARTIS BIOCIENCIAS S.A;56.994.502/0001-30;7119441213;15/12/2021;2021-12-15;novo
MOTORE;Aché Laboratórios Farmacêuticos S.A;60.659.463/0029-92;7041802213;15/12/2021;2021-12-15;fitoterapico
NOPROSIL;HALEX ISTAR INDÚSTRIA FARMACÊUTICA SA;1571702000198;7111017218;15/12/2021;2021-12-15;similar
sugamadex sódico;BLAU FARMACÊUTICA S.A.;58.430.828/0001-60;7071721211;15/12/2021;2021-12-15;generico
Novolin N;NOVO NORDISK FARMACÊUTICA DO BRASIL LTDA;82.277.955/0001-55;7176514216;15/12/2021;2021-12-15;novo
ISOFARMA - SOLUÇÃO DE SULFATO DE MAGNESIO;HALEX ISTAR INDÚSTRIA FARMACÊUTICA SA;1571702000198;7102766211;15/12/2021;2021-12-15;especifico
ISOFARMA - SOLUÇÃO DE GLICOSE;HALEX ISTAR INDÚSTRIA FARMACÊUTICA SA;1571702000198;7104619216;15/12/2021;2021-12-15;especifico
LIBERAFLUX;Aché Laboratórios Farmacêuticos S.A;60.659.463/0029-92;7078462211;15/12/2021;2021-12-15;fitoterapico
ISOFARMA - SOLUÇÃO DE GLICONATO DE CÁLCIO 10%;HALEX ISTAR INDÚSTRIA FARMACÊUTICA SA;1571702000198;7101621210;15/12/2021;2021-12-15;especifico
ISOFARMA - AGUA PARA INJEÇÃO;HALEX ISTAR INDÚSTRIA FARMACÊUTICA SA;1571702000198;7088334216;15/12/2021;2021-12-15;especifico
ciprofloxacino;HALEX ISTAR INDÚSTRIA FARMACÊUTICA SA;1571702000198;7110283216;15/12/2021;2021-12-15;generico
ISOFARMA-SOLUÇÃO DE CLORETO DE POTÁSSIO;HALEX ISTAR INDÚSTRIA FARMACÊUTICA SA;1571702000198;7108575213;15/12/2021;2021-12-15;especifico
cloridrato de amitriptilina;LABORATÓRIO TEUTO BRASILEIRO S/A;17.159.229/0001-76;7248649210;16/12/2021;2021-12-16;generico
ANDES;SUPERA FARMA LABORATÓRIOS S.A;43.312.503/0001-05;7257912211;16/12/2021;2021-12-16;similar
AMINOFILINA;LABORATÓRIO TEUTO BRASILEIRO S/A;17.159.229/0001-76;7258264213;16/12/2021;2021-12-16;generico
SOANZA XR;Aché Laboratórios Farmacêuticos S.A;60.659.463/0029-92;7287513218;16/12/2021;2021-12-16;similar
SIMULECT;NOVARTIS BIOCIENCIAS S.A;56.994.502/0001-30;7287900211;16/12/2021;2021-12-16;novo
FUMARATO DE QUETIAPINA;LABORATÓRIO TEUTO BRASILEIRO S/A;17.159.229/0001-76;7242038219;16/12/2021;2021-12-16;generico
metronidazol + nistatina;PRATI DONADUZZI & CIA LTDA;73.856.593/0001-66;7226511215;16/12/2021;2021-12-16;generico
captopril;CIMED INDUSTRIA S.A;2814497000107;7267603211;16/12/2021;2021-12-16;generico
SINTOCALMY;Aché Laboratórios Farmacêuticos S.A;60.659.463/0029-92;7278657211;16/12/2021;2021-12-16;fitoterapico
APRESOLINA;NOVARTIS BIOCIENCIAS S.A;56.994.502/0001-30;7297396214;16/12/2021;2021-12-16;novo
CLORIDRATO DE TETRACICLINA;LABORATÓRIO TEUTO BRASILEIRO S/A;17.159.229/0001-76;7278549213;16/12/2021;2021-12-16;generico
Vatis;LIBBS FARMACÊUTICA LTDA;61.230.314/0001-75;7306969218;16/12/2021;2021-12-16;similar
VALERIMED;CIMED INDUSTRIA S.A;2814497000107;7697863219;17/12/2021;2021-12-17;fitoterapico
omeprazol;CIMED INDUSTRIA S.A;2814497000107;7601903214;17/12/2021;2021-12-17;generico
IMOSEC;JANSSEN - CILAG FARMACÊUTICA LTDA;51.780.468/0001-87;7551753214;17/12/2021;2021-12-17;novo
OLMEGRAN ANLO;LEGRAND PHARMA INDÚSTRIA FARMACÊUTICA LTDA;5044984000126;7645379219;17/12/2021;2021-12-17;similar
SIMDAX;BIOLAB SANUS FARMACÊUTICA LTDA;49.475.833/0001-06;7624084210;17/12/2021;2021-12-17;novo
NEPRAZOL;1FARMA INDUSTRIA FARMACEUTICA LTDA;48.113.906/0001-49;7679308217;17/12/2021;2021-12-17;similar
DEXAMETASONA;LABORATÓRIO TEUTO BRASILEIRO S/A;17.159.229/0001-76;8063960211;18/12/2021;2021-12-18;generico
cloridrato de ticlopidina;LABORATÓRIO TEUTO BRASILEIRO S/A;17.159.229/0001-76;8109131212;18/12/2021;2021-12-18;generico
cefuroxima sódica;INSTITUTO BIOCHIMICO INDÚSTRIA FARMACÊUTICA LTDA;33.258.401/0001-03;8424527216;20/12/2021;2021-12-20;generico
CYMBALTA;ELI LILLY DO BRASIL LTDA;43.940.618/0001-44;8423781216;20/12/2021;2021-12-20;novo
CYCLOFEMINA;HEMAFARMA COM E IND FARMACEUTICA LTDA;30.332.829/0001-52;7327878211;21/12/2021;2021-12-21;novo
Waryz;CIMED INDUSTRIA S.A;2814497000107;7327754211;21/12/2021;2021-12-21;especifico
OLMEDIX ANLO;EMS S/A;57.507.378/0003-65;7328010215;21/12/2021;2021-12-21;similar
aceclofenaco;CIMED INDUSTRIA S.A;2814497000107;7327870211;21/12/2021;2021-12-21;generico
Monocef;INSTITUTO BIOCHIMICO INDÚSTRIA FARMACÊUTICA LTDA;33.258.401/0001-03;8429222219;21/12/2021;2021-12-21;similar
CLORIDRATO DE PROPAFENONA;PRATI DONADUZZI & CIA LTDA;73.856.593/0001-66;7327893211;21/12/2021;2021-12-21;generico
MOTILIUM;JANSSEN - CILAG FARMACÊUTICA LTDA;51.780.468/0001-87;8428786216;21/12/2021;2021-12-21;novo
BRONQTRAT;NATULAB LABORATÓRIO S.A;2456955000183;8440356218;22/12/2021;2021-12-22;similar
KALIST;Aché Laboratórios Farmacêuticos S.A;60.659.463/0029-92;8441942218;22/12/2021;2021-12-22;similar
PREDNISOLONA;Aché Laboratórios Farmacêuticos S.A;60.659.463/0029-92;8441276218;22/12/2021;2021-12-22;generico
STEATON;Aché Laboratórios Farmacêuticos S.A;60.659.463/0029-92;8435642216;22/12/2021;2021-12-22;fitoterapico
FISIOTON;Aché Laboratórios Farmacêuticos S.A;60.659.463/0029-92;8435431215;22/12/2021;2021-12-22;fitoterapico
ESMERON;MERCK SHARP & DOHME FARMACEUTICA LTDA.;3560974000118;8434843218;22/12/2021;2021-12-22;novo
dienogeste;Aché Laboratórios Farmacêuticos S.A;60.659.463/0029-92;8441834211;22/12/2021;2021-12-22;generico
CLORIDRATO DE PROPAFENONA;Althaia S.A Indústria Farmacêutica;48.344.725/0007-19;8440443218;22/12/2021;2021-12-22;generico
valerato de estradiol;EMS S/A;57.507.378/0003-65;8450414211;23/12/2021;2021-12-23;generico
NAXXAGRAN;LEGRAND PHARMA INDÚSTRIA FARMACÊUTICA LTDA;5044984000126;8450771218;23/12/2021;2021-12-23;similar
RUDITE;EMS S/A;57.507.378/0003-65;8450236215;23/12/2021;2021-12-23;similar
BENEUM;LABORATÓRIO TEUTO BRASILEIRO S/A;17.159.229/0001-76;8448083211;23/12/2021;2021-12-23;especifico
cloridrato de diltiazem;LABORATÓRIO TEUTO BRASILEIRO S/A;17.159.229/0001-76;8452102216;23/12/2021;2021-12-23;generico
CORDIL;LABORATÓRIO TEUTO BRASILEIRO S/A;17.159.229/0001-76;8450471214;23/12/2021;2021-12-23;similar
NITAZOXANIDA;EMS S/A;57.507.378/0003-65;8450143217;23/12/2021;2021-12-23;generico
NITAZOXANIDA;GERMED FARMACEUTICA LTDA;45.992.062/0001-65;8451288219;23/12/2021;2021-12-23;generico
NITAZOXANIDA;LEGRAND PHARMA INDÚSTRIA FARMACÊUTICA LTDA;5044984000126;8450732212;23/12/2021;2021-12-23;generico
RYBREVANT;JANSSEN-CILAG FARMACÊUTICA LTDA;51.780.468/0001-87;8454231218;23/12/2021;2021-12-23;biologico
Coniso;UNIÃO QUÍMICA FARMACÊUTICA NACIONAL S/A;60.665.981/0001-18;8451528210;23/12/2021;2021-12-23;similar
valerato de estradiol;GERMED FARMACEUTICA LTDA;45.992.062/0001-65;8451299211;23/12/2021;2021-12-23;generico
valerato de estradiol;LEGRAND PHARMA INDÚSTRIA FARMACÊUTICA LTDA;5044984000126;8450845211;23/12/2021;2021-12-23;generico
BETINA;EUROFARMA LABORATÓRIOS S.A.;61.190.096/0001-92;8506715211;27/12/2021;2021-12-27;similar
DICLORIDRATO DE BETAISTINA;EUROFARMA LABORATÓRIOS S.A.;61.190.096/0001-92;8506799210;27/12/2021;2021-12-27;generico
FOSFATO SODICO DE PREDNISOLONA;UNIÃO QUÍMICA FARMACÊUTICA NACIONAL S/A;60.665.981/0001-18;8503219212;27/12/2021;2021-12-27;generico
BIOFORTÔNICO;PHARMASCIENCE INDÚSTRIA FARMACÊUTICA LTDA;25.773.037/0001-83;8520573215;28/12/2021;2021-12-28;especifico
PEGASYS;INNOVATIVE MEDICINES BRASIL SP DISTRIBUICAO DE MEDICAMENTOS LTDA;21.810.980/0001-68;8534336211;29/12/2021;2021-12-29;biologico
LASIX;SANOFI MEDLEY FARMACÊUTICA LTDA.;10.588.595/0010-92;8533934211;29/12/2021;2021-12-29;novo
ATENOLOL + CLORTALIDONA;VITAMEDIC INDUSTRIA FARMACEUTICA LTDA;30.222.814/0001-31;8539914212;29/12/2021;2021-12-29;generico
FUMARATO DE QUETIAPINA;Aché Laboratórios Farmacêuticos S.A;60.659.463/0029-92;8552224216;30/12/2021;2021-12-30;generico
CLORIDRATO DE VANCOMICINA;BLAU FARMACÊUTICA S.A.;58.430.828/0001-60;31821227;03/01/2022;2022-01-03;generico
clonazepam;PRATI DONADUZZI & CIA LTDA;73.856.593/0001-66;34005226;03/01/2022;2022-01-03;generico
DVITERD3;NATULAB LABORATÓRIO S.A;2456955000183;54763223;04/01/2022;2022-01-04;especifico
LIPIDIL;ABBOTT LABORATÓRIOS DO BRASIL LTDA;56.998.701/0001-16;57345228;04/01/2022;2022-01-04;novo
KOLLANGEL FF;NATULAB LABORATÓRIO S.A;2456955000183;64120228;05/01/2022;2022-01-05;especifico
CARDOMARIN;NATULAB LABORATÓRIO S.A;2456955000183;68865228;05/01/2022;2022-01-05;fitoterapico
DEBET;SUPERA FARMA LABORATÓRIOS S.A;43.312.503/0001-05;63827221;05/01/2022;2022-01-05;similar
TRINODAZOL NISTATINA;GEOLAB INDÚSTRIA FARMACÊUTICA S/A;3485572000104;64674223;05/01/2022;2022-01-05;similar
levofloxacino hemi-hidratado;HALEX ISTAR INDÚSTRIA FARMACÊUTICA SA;1571702000198;69935220;05/01/2022;2022-01-05;generico
succinato de desvenlafaxina monoidratado;RANBAXY FARMACÊUTICA LTDA;73.663.650/0001-90;62812220;05/01/2022;2022-01-05;generico
METRONIDAZOL + NISTATINA;GEOLAB INDÚSTRIA FARMACÊUTICA S/A;3485572000104;64563227;05/01/2022;2022-01-05;generico
SERMION;UPJOHN BRASIL IMPORTADORA E DISTRIBUIDORA DE MEDICAMENTOS LTDA.;36.674.526/0001-02;82732221;06/01/2022;2022-01-06;novo
NEO FRESH;BRAINFARMA INDÚSTRIA QUÍMICA E FARMACÊUTICA S.A;5161069000110;77504224;06/01/2022;2022-01-06;especifico
LEPONEX;MYLAN LABORATORIOS LTDA;11.643.096/0001-22;84500221;06/01/2022;2022-01-06;novo
CELESTRAT;UNIÃO QUÍMICA FARMACÊUTICA NACIONAL S/A;60.665.981/0001-18;78652227;06/01/2022;2022-01-06;similar
DERMAZINE;CRISTÁLIA PRODUTOS QUÍMICOS FARMACÊUTICOS LTDA.;44.734.671/0001-51;131582224;10/01/2022;2022-01-10;similar
UMCKAN;FARMOQUÍMICA S/A;33.349.473/0001-58;130758221;10/01/2022;2022-01-10;fitoterapico
DIAZEPAM;SANTISA LABORATÓRIO FARMACÊUTICO S/A;4099395000182;129473227;10/01/2022;2022-01-10;generico
DONILA;Aché Laboratórios Farmacêuticos S.A;60.659.463/0029-92;131157221;10/01/2022;2022-01-10;similar
Mirtazapina;SANDOZ DO BRASIL INDÚSTRIA FARMACÊUTICA LTDA;61.286.647/0001-16;132521229;10/01/2022;2022-01-10;generico
NEOZINE;SANOFI MEDLEY FARMACÊUTICA LTDA.;10.588.595/0010-92;129513229;10/01/2022;2022-01-10;novo
NOVANOITE;SANOFI MEDLEY FARMACÊUTICA LTDA.;10.588.595/0010-92;129678228;10/01/2022;2022-01-10;fitoterapico
CLORIDRATO DE DONEPEZILA;Aché Laboratórios Farmacêuticos S.A;60.659.463/0029-92;131120221;10/01/2022;2022-01-10;generico
HEMIFUMARATO DE QUETIAPINA;CRISTÁLIA PRODUTOS QUÍMICOS FARMACÊUTICOS LTDA.;44.734.671/0001-51;128405228;10/01/2022;2022-01-10;generico
BIVOLET;BIOLAB SANUS FARMACÊUTICA LTDA;49.475.833/0001-06;144511223;11/01/2022;2022-01-11;similar
LOSARTANA POTÁSSICA;SANOFI MEDLEY FARMACÊUTICA LTDA.;10.588.595/0010-92;143541226;11/01/2022;2022-01-11;generico
montelucaste de sódio;MEDQUIMICA INDUSTRIA FARMACEUTICA LTDA.;17.875.154/0001-20;143681222;11/01/2022;2022-01-11;similar
cloridrato de nebivolol;BIOLAB SANUS FARMACÊUTICA LTDA;49.475.833/0001-06;144404222;11/01/2022;2022-01-11;generico
JAQUE;EMS S/A;57.507.378/0003-65;155642227;12/01/2022;2022-01-12;similar
SINCAST;EMS S/A;57.507.378/0003-65;155554221;12/01/2022;2022-01-12;similar
MONTELUCASTE DE SODIO;EMS S/A;57.507.378/0003-65;155530224;12/01/2022;2022-01-12;generico
MONECAST;LEGRAND PHARMA INDÚSTRIA FARMACÊUTICA LTDA;5044984000126;155827227;12/01/2022;2022-01-12;similar
montelucaste de sodio;GERMED FARMACEUTICA LTDA;45.992.062/0001-65;155928228;12/01/2022;2022-01-12;generico
ARODAP;EMS S/A;57.507.378/0003-65;155566229;12/01/2022;2022-01-12;similar
montelucaste de sódio;LEGRAND PHARMA INDÚSTRIA FARMACÊUTICA LTDA;5044984000126;155755226;12/01/2022;2022-01-12;generico
ARTEMIDIS 35;EMS SIGMA PHARMA LTDA;923140000131;155959221;12/01/2022;2022-01-12;similar
ALLEGRA D;SANOFI MEDLEY FARMACÊUTICA LTDA.;10.588.595/0010-92;167888226;13/01/2022;2022-01-13;novo
TUKELIX;LABORATORIO CATARINENSE LTDA;84.684.620/0001-87;164886222;13/01/2022;2022-01-13;fitoterapico
BRAVAN;Aché Laboratórios Farmacêuticos S.A;60.659.463/0029-92;167087223;13/01/2022;2022-01-13;similar
BROMETO DE IPRATRÓPIO;BRAINFARMA INDÚSTRIA QUÍMICA E FARMACÊUTICA S.A;5161069000110;163485224;13/01/2022;2022-01-13;generico
STILAMIN;MERCK S/A;33.069.212/0001-84;164906223;13/01/2022;2022-01-13;novo
succinato de sumatriptana;BIOLAB SANUS FARMACÊUTICA LTDA;49.475.833/0001-06;166935221;13/01/2022;2022-01-13;generico
MINIAN;LIBBS FARMACÊUTICA LTDA;61.230.314/0001-75;178281221;14/01/2022;2022-01-14;similar
CLOPIXOL;LUNDBECK BRASIL LTDA;4522600000170;183492226;14/01/2022;2022-01-14;similar
valsartana;Aché Laboratórios Farmacêuticos S.A;60.659.463/0029-92;177256222;14/01/2022;2022-01-14;generico
OCT-IPEN;COMISSAO NACIONAL DE ENERGIA NUCLEAR;402552000126;176006222;14/01/2022;2022-01-14;radiofarmaco
PIRO-TEC;COMISSAO NACIONAL DE ENERGIA NUCLEAR;402552000126;178243221;14/01/2022;2022-01-14;radiofarmaco
TIN-TEC;COMISSAO NACIONAL DE ENERGIA NUCLEAR;402552000126;178285226;14/01/2022;2022-01-14;radiofarmaco
SAMAR-IPEN;COMISSAO NACIONAL DE ENERGIA NUCLEAR;402552000126;176107223;14/01/2022;2022-01-14;radiofarmaco
SAH-TEC;COMISSAO NACIONAL DE ENERGIA NUCLEAR;402552000126;178273228;14/01/2022;2022-01-14;radiofarmaco
PUL-TEC;COMISSAO NACIONAL DE ENERGIA NUCLEAR;402552000126;178260223;14/01/2022;2022-01-14;radiofarmaco
MIBI-TEC;COMISSAO NACIONAL DE ENERGIA NUCLEAR;402552000126;178389226;14/01/2022;2022-01-14;radiofarmaco
GUAN-IPEN-131;COMISSAO NACIONAL DE ENERGIA NUCLEAR;402552000126;175832226;14/01/2022;2022-01-14;radiofarmaco
GERADOR-IPEN-TEC;COMISSAO NACIONAL DE ENERGIA NUCLEAR;402552000126;176624228;14/01/2022;2022-01-14;radiofarmaco
IOD-IPEN-131;COMISSAO NACIONAL DE ENERGIA NUCLEAR;402552000126;175852227;14/01/2022;2022-01-14;radiofarmaco
DOT-IPEN-177;COMISSAO NACIONAL DE ENERGIA NUCLEAR;402552000126;175795223;14/01/2022;2022-01-14;radiofarmaco
DAT-IPEN;COMISSAO NACIONAL DE ENERGIA NUCLEAR;402552000126;175777225;14/01/2022;2022-01-14;radiofarmaco
DEX-500-TEC;COMISSAO NACIONAL DE ENERGIA NUCLEAR;402552000126;176722220;14/01/2022;2022-01-14;radiofarmaco
DEX-70-TEC;COMISSAO NACIONAL DE ENERGIA NUCLEAR;402552000126;176898221;14/01/2022;2022-01-14;radiofarmaco
FITA-TEC;COMISSAO NACIONAL DE ENERGIA NUCLEAR;402552000126;178366226;14/01/2022;2022-01-14;radiofarmaco
DMSA-TEC;COMISSAO NACIONAL DE ENERGIA NUCLEAR;402552000126;177302224;14/01/2022;2022-01-14;radiofarmaco
DISI-TEC;COMISSAO NACIONAL DE ENERGIA NUCLEAR;402552000126;177120223;14/01/2022;2022-01-14;radiofarmaco
ECD-TEC;COMISSAO NACIONAL DE ENERGIA NUCLEAR;402552000126;177404221;14/01/2022;2022-01-14;radiofarmaco
TEVAMETHO;TEVA FARMACÊUTICA LTDA.;5333542000108;190335220;15/01/2022;2022-01-15;similar
LOSARTANA POTÁSSICA;EMS S/A;57.507.378/0003-65;215542223;17/01/2022;2022-01-17;generico
losartana potássica;LEGRAND PHARMA INDÚSTRIA FARMACÊUTICA LTDA;5044984000126;218703228;17/01/2022;2022-01-17;generico
losartana potássica;GERMED FARMACEUTICA LTDA;45.992.062/0001-65;218692226;17/01/2022;2022-01-17;generico
NEO CEBETIL COMPLEXO;UNIÃO QUÍMICA FARMACÊUTICA NACIONAL S/A;60.665.981/0001-18;217315224;17/01/2022;2022-01-17;especifico
ARTROLIVE;Aché Laboratórios Farmacêuticos S.A;60.659.463/0029-92;230785221;18/01/2022;2022-01-18;biologico
CELERG;LEGRAND PHARMA INDÚSTRIA FARMACÊUTICA LTDA;5044984000126;232299226;18/01/2022;2022-01-18;similar
cloridrato de amilorida + hidroclorotiazida;GERMED FARMACEUTICA LTDA;45.992.062/0001-65;230572227;18/01/2022;2022-01-18;generico
LACTO PURGA;COSMED INDUSTRIA DE COSMETICOS E MEDICAMENTOS S.A.;61.082.426/0002-07;233175229;18/01/2022;2022-01-18;similar
FLORALON;CIFARMA CIENTÍFICA FARMACÊUTICA LTDA;17.562.075/0001-69;231255225;18/01/2022;2022-01-18;biologico
CELERGIN;EMS S/A;57.507.378/0003-65;229696228;18/01/2022;2022-01-18;similar
FOLINAC;HIPOLABOR FARMACEUTICA LTDA;19.570.720/0001-10;229799221;18/01/2022;2022-01-18;similar
MALEATO DE DEXCLORFENIRAMINA;BRAINFARMA INDÚSTRIA QUÍMICA E FARMACÊUTICA S.A;5161069000110;231010222;18/01/2022;2022-01-18;generico
MALEATO DE DEXCLORFENIRAMINA + BETAMETASONA;NOVA QUIMICA FARMACÊUTICA S/A;72.593.791/0001-11;230874223;18/01/2022;2022-01-18;generico
MALEATO DE DEXCLORFENIRAMINA + BETAMETASONA;GERMED FARMACEUTICA LTDA;45.992.062/0001-65;230258221;18/01/2022;2022-01-18;generico
MALEATO DE DEXCLORFENIRAMINA + BETAMETASONA;EMS S/A;57.507.378/0003-65;229831222;18/01/2022;2022-01-18;generico
maleato de dexclorfeniramina + betametasona;EMS S/A;57.507.378/0003-65;229802222;18/01/2022;2022-01-18;generico
VECTIBIX;AMGEN BIOTECNOLOGIA DO BRASIL LTDA.;18.774.815/0001-93;230787223;18/01/2022;2022-01-18;biologico
Maleato de dexclorfeniramina + Betametasona;NOVA QUIMICA FARMACÊUTICA S/A;72.593.791/0001-11;230880223;18/01/2022;2022-01-18;generico
maleato de dexclorfeniramina + betametasona;GERMED FARMACEUTICA LTDA;45.992.062/0001-65;230171222;18/01/2022;2022-01-18;generico
ALCACHOFRA NATULAB;NATULAB LABORATÓRIO S.A;2456955000183;228491223;18/01/2022;2022-01-18;fitoterapico
CLORIDRATO DE HIDROXIZINA;MEDQUIMICA INDUSTRIA FARMACEUTICA LTDA.;17.875.154/0001-20;232520224;18/01/2022;2022-01-18;generico
DERMODEX;TAKEDA PHARMA LTDA.;60.397.775/0001-74;243861222;19/01/2022;2022-01-19;novo
ARIPIPRAZOL;Aché Laboratórios Farmacêuticos S.A;60.659.463/0029-92;246835222;19/01/2022;2022-01-19;generico
MALEATO DE DEXCLORFENIRAMINA;BRAINFARMA INDÚSTRIA QUÍMICA E FARMACÊUTICA S.A;5161069000110;241185220;19/01/2022;2022-01-19;generico
MIGRALIV;EMS S/A;57.507.378/0003-65;243076223;19/01/2022;2022-01-19;similar
DETRUSITOL;UPJOHN BRASIL IMPORTADORA E DISTRIBUIDORA DE MEDICAMENTOS LTDA.;36.674.526/0001-02;242943225;19/01/2022;2022-01-19;novo
atorvastatina cálcica;CIMED INDUSTRIA S.A;2814497000107;243835221;19/01/2022;2022-01-19;generico
SOSSEG;CIMED INDUSTRIA S.A;2814497000107;243002220;19/01/2022;2022-01-19;fitoterapico
AZOX;EUROFARMA LABORATÓRIOS S.A.;61.190.096/0001-92;242200222;19/01/2022;2022-01-19;similar
NORFLOXACINO;CIMED INDUSTRIA S.A;2814497000107;246405228;19/01/2022;2022-01-19;generico
DONILA DUO;Aché Laboratórios Farmacêuticos S.A;60.659.463/0029-92;247154229;19/01/2022;2022-01-19;novo
MAGNOSTASE;BRAINFARMA INDÚSTRIA QUÍMICA E FARMACÊUTICA S.A;5161069000110;248056221;19/01/2022;2022-01-19;similar
PROMETAZOL;HIPOLABOR FARMACEUTICA LTDA;19.570.720/0001-10;246546221;19/01/2022;2022-01-19;similar
nitazoxanida;EUROFARMA LABORATÓRIOS S.A.;61.190.096/0001-92;241999227;19/01/2022;2022-01-19;generico
teste vencimento;EMPRESA DE TESTE LTDA. (VS01);11.111.111/0001-91;246983221;19/01/2022;2022-01-19;similar
SELENE;EUROFARMA LABORATÓRIOS S.A.;61.190.096/0001-92;242440223;19/01/2022;2022-01-19;similar
cloridrato de tramadol;CIMED INDUSTRIA S.A;2814497000107;262649225;20/01/2022;2022-01-20;generico
NEULEPTIL;SANOFI MEDLEY FARMACÊUTICA LTDA.;10.588.595/0010-92;259676225;20/01/2022;2022-01-20;novo
HEMITARTARATO DE RIVASTIGMINA;RANBAXY FARMACÊUTICA LTDA;73.663.650/0001-90;263076229;20/01/2022;2022-01-20;generico
MIGRAINEX;COSMED INDUSTRIA DE COSMETICOS E MEDICAMENTOS S.A.;61.082.426/0002-07;263037223;20/01/2022;2022-01-20;similar
brometo de rocuronio;ANTIBIÓTICOS DO BRASIL LTDA;5439635000103;261876228;20/01/2022;2022-01-20;generico
SYSTEN;FARMA VISION IMPORTAÇÃO E EXPORTAÇÃO DE MEDICAMENTOS LTDA;9058502000148;259034223;20/01/2022;2022-01-20;novo
GANCICLOTRAT;UNIÃO QUÍMICA FARMACÊUTICA NACIONAL S/A;60.665.981/0001-18;274930226;21/01/2022;2022-01-21;similar
celecoxibe;GERMED FARMACEUTICA LTDA;45.992.062/0001-65;273456229;21/01/2022;2022-01-21;generico
IVERMECTINA;VITAMEDIC INDUSTRIA FARMACEUTICA LTDA;30.222.814/0001-31;274725223;21/01/2022;2022-01-21;generico
cefalexina;BRAINFARMA INDÚSTRIA QUÍMICA E FARMACÊUTICA S.A;5161069000110;270706224;21/01/2022;2022-01-21;generico
GARRA DO DIABO HERBARIUM;HERBARIUM LABORATORIO BOTANICO LTDA;78.950.011/0001-20;272653225;21/01/2022;2022-01-21;fitoterapico
celecoxibe;EMS S/A;57.507.378/0003-65;273297228;21/01/2022;2022-01-21;generico
NORFLOXACINO;PHARMASCIENCE INDÚSTRIA FARMACÊUTICA LTDA;25.773.037/0001-83;274843226;21/01/2022;2022-01-21;generico
NIDAZOLIN;UNIÃO QUÍMICA FARMACÊUTICA NACIONAL S/A;60.665.981/0001-18;274929228;21/01/2022;2022-01-21;similar
cloridrato de nebivolol;Aché Laboratórios Farmacêuticos S.A;60.659.463/0029-92;306950227;24/01/2022;2022-01-24;generico
NITIKABS;PHARMEDIC PHARMACEUTICALS, IMPORTACAO, EXPORTACAO, DISTRIBUICAO, COMERCIO E REPRESENTACOES LTDA;7453785000369;310445221;24/01/2022;2022-01-24;novo
NERVOCALM;HOMEOPATIA WALDEMIRO PEREIRA LABORATORIO INDUSTRIAL FARMACEUTICO LTDA;76.440.528/0001-43;310581222;24/01/2022;2022-01-24;dinamizado
ESOMEPRAZOL SODICO;SUN FARMACÊUTICA DO BRASIL LTDA;5035244000123;311180221;24/01/2022;2022-01-24;generico
PANT SEC;Aché Laboratórios Farmacêuticos S.A;60.659.463/0029-92;305930222;24/01/2022;2022-01-24;similar
FORTEVIRON;HOMEOPATIA WALDEMIRO PEREIRA LABORATORIO INDUSTRIAL FARMACEUTICO LTDA;76.440.528/0001-43;310340225;24/01/2022;2022-01-24;dinamizado
CETOCONAZOL + DIPROPIONATO DE BETAMETASONA + SULFATO DE NEOMICINA;EUROFARMA LABORATÓRIOS S.A.;61.190.096/0001-92;317854224;25/01/2022;2022-01-25;generico
cloridrato de verapamil;EMS SIGMA PHARMA LTDA;923140000131;321172221;25/01/2022;2022-01-25;generico
CLORIDRATO DE VERAPAMIL;EMS S/A;57.507.378/0003-65;320134229;25/01/2022;2022-01-25;generico
MALEATO DE ENALAPRIL;1FARMA INDUSTRIA FARMACEUTICA LTDA;48.113.906/0001-49;320153223;25/01/2022;2022-01-25;generico
CETOCONAZOL + DIPROPIONATO DE BETAMETASONA + SULFATO DE NEOMICINA;EUROFARMA LABORATÓRIOS S.A.;61.190.096/0001-92;317865226;25/01/2022;2022-01-25;generico
PERMENATI;NATIVITA IND. COM. LTDA.;65.271.900/0001-19;322416221;25/01/2022;2022-01-25;similar
celecoxibe;EUROFARMA LABORATÓRIOS S.A.;61.190.096/0001-92;322897220;25/01/2022;2022-01-25;generico
ANLO;EMS SIGMA PHARMA LTDA;923140000131;321123221;25/01/2022;2022-01-25;similar
besilato de anlodipino;LEGRAND PHARMA INDÚSTRIA FARMACÊUTICA LTDA;5044984000126;321099222;25/01/2022;2022-01-25;generico
BESILATO DE ANLODIPINO;EMS S/A;57.507.378/0003-65;320160220;25/01/2022;2022-01-25;generico
FEMOSTON;ABBOTT LABORATÓRIOS DO BRASIL LTDA;56.998.701/0001-16;324301227;25/01/2022;2022-01-25;novo
NASALIV;UNIÃO QUÍMICA FARMACÊUTICA NACIONAL S/A;60.665.981/0001-18;318039222;25/01/2022;2022-01-25;similar
BACLON;UNIÃO QUÍMICA FARMACÊUTICA NACIONAL S/A;60.665.981/0001-18;319701221;25/01/2022;2022-01-25;similar
CLORIDRATO DE VERAPAMIL;GERMED FARMACEUTICA LTDA;45.992.062/0001-65;320986225;25/01/2022;2022-01-25;generico
MUPIROCINA;CRISTÁLIA PRODUTOS QUÍMICOS FARMACÊUTICOS LTDA.;44.734.671/0001-51;323427227;25/01/2022;2022-01-25;generico
BACLOFENO;UNIÃO QUÍMICA FARMACÊUTICA NACIONAL S/A;60.665.981/0001-18;319585221;25/01/2022;2022-01-25;generico
besilato de anlodipino;GERMED FARMACEUTICA LTDA;45.992.062/0001-65;320965228;25/01/2022;2022-01-25;generico
KOLLAGENASE;CRISTÁLIA PRODUTOS QUÍMICOS FARMACÊUTICOS LTDA.;44.734.671/0001-51;337201226;26/01/2022;2022-01-26;biologico
TOLREST;Aché Laboratórios Farmacêuticos S.A;60.659.463/0029-92;332075222;26/01/2022;2022-01-26;novo
CITRATO DE SILDENAFILA;Aché Laboratórios Farmacêuticos S.A;60.659.463/0029-92;331468221;26/01/2022;2022-01-26;generico
Artroflan;COSMED INDUSTRIA DE COSMETICOS E MEDICAMENTOS S.A.;61.082.426/0002-07;334506221;26/01/2022;2022-01-26;fitoterapico
ivermectina;LEGRAND PHARMA INDÚSTRIA FARMACÊUTICA LTDA;5044984000126;345368223;27/01/2022;2022-01-27;generico
FOLDAN;UNIÃO QUÍMICA FARMACÊUTICA NACIONAL S/A;60.665.981/0001-18;345835221;27/01/2022;2022-01-27;similar
maleato de enalapril;CIMED INDUSTRIA S.A;2814497000107;350191221;27/01/2022;2022-01-27;generico
ivermectina;GERMED FARMACEUTICA LTDA;45.992.062/0001-65;346053226;27/01/2022;2022-01-27;generico
MITRIP;MYRALIS INDÚSTRIA FARMACÊUTICA LTDA;17.440.261/0001-25;350350221;27/01/2022;2022-01-27;similar
BROMAZEPAM (PORTARIA 344/98 - LISTA B1);BRAINFARMA INDÚSTRIA QUÍMICA E FARMACÊUTICA S.A;5161069000110;348701225;27/01/2022;2022-01-27;generico
MONTELUCASTE DE SODIO;LABORATÓRIO TEUTO BRASILEIRO S/A;17.159.229/0001-76;348481225;27/01/2022;2022-01-27;generico
MIDAZOLAM;HIPOLABOR FARMACEUTICA LTDA;19.570.720/0001-10;348406223;27/01/2022;2022-01-27;generico
TERBUTIL;UNIÃO QUÍMICA FARMACÊUTICA NACIONAL S/A;60.665.981/0001-18;347176224;27/01/2022;2022-01-27;similar
leverctin;EMS S/A;57.507.378/0003-65;345848225;27/01/2022;2022-01-27;similar
LADIZAC;DR. REDDYS FARMACÊUTICA DO BRASIL LTDA;3978166000175;349416222;27/01/2022;2022-01-27;similar
glibenclamida;CIMED INDUSTRIA S.A;2814497000107;349894221;27/01/2022;2022-01-27;generico
BUSCOFEM;COSMED INDUSTRIA DE COSMETICOS E MEDICAMENTOS S.A.;61.082.426/0002-07;347779221;27/01/2022;2022-01-27;novo
ETILEFRIL;UNIÃO QUÍMICA FARMACÊUTICA NACIONAL S/A;60.665.981/0001-18;346223229;27/01/2022;2022-01-27;similar
glimepirida + cloridrato de metformina;EMS S/A;57.507.378/0003-65;350509221;27/01/2022;2022-01-27;generico
sofosbuvir;FUNDAÇÃO OSWALDO CRUZ;33.781.055/0001-35;350226229;27/01/2022;2022-01-27;generico
IVERLIV;LEGRAND PHARMA INDÚSTRIA FARMACÊUTICA LTDA;5044984000126;345643224;27/01/2022;2022-01-27;similar
CICLOVULAR;UNIÃO QUÍMICA FARMACÊUTICA NACIONAL S/A;60.665.981/0001-18;347873227;27/01/2022;2022-01-27;similar
ALICURA;LABORATORIO CATARINENSE LTDA;84.684.620/0001-87;359456227;28/01/2022;2022-01-28;similar
DESLANOL;UNIÃO QUÍMICA FARMACÊUTICA NACIONAL S/A;60.665.981/0001-18;361625227;28/01/2022;2022-01-28;similar
UNI HALOPER;UNIÃO QUÍMICA FARMACÊUTICA NACIONAL S/A;60.665.981/0001-18;359595227;28/01/2022;2022-01-28;similar
DUCODIL;CIMED INDUSTRIA S.A;2814497000107;356936228;28/01/2022;2022-01-28;similar
FOSFATO DE CLINDAMICINA;UNIÃO QUÍMICA FARMACÊUTICA NACIONAL S/A;60.665.981/0001-18;356840221;28/01/2022;2022-01-28;generico
CLORIDRATO DE MOXIFLOXACINO;GERMED FARMACEUTICA LTDA;45.992.062/0001-65;391510223;31/01/2022;2022-01-31;generico
ARADOIS;BIOLAB SANUS FARMACÊUTICA LTDA;49.475.833/0001-06;392586223;31/01/2022;2022-01-31;similar
CLORIDRATO DE MOXIFLOXACINO;EMS S/A;57.507.378/0003-65;391376225;31/01/2022;2022-01-31;generico
SUGANON;EUROFARMA LABORATÓRIOS S.A.;61.190.096/0001-92;405608225;01/02/2022;2022-02-01;novo
TWINRIX;GLAXOSMITHKLINE BRASIL LTDA;33.247.743/0001-10;404691226;01/02/2022;2022-02-01;novo
Sulfato de Amicacina;FRESENIUS KABI BRASIL LTDA;49.324.221/0001-04;407721223;01/02/2022;2022-02-01;generico
CODEIN;CRISTÁLIA PRODUTOS QUÍMICOS FARMACÊUTICOS LTDA.;44.734.671/0001-51;402333225;01/02/2022;2022-02-01;novo
Infanrix Penta;GLAXOSMITHKLINE BRASIL LTDA;33.247.743/0001-10;404839223;01/02/2022;2022-02-01;novo
citrato de fentanila;HIPOLABOR FARMACEUTICA LTDA;19.570.720/0001-10;402027221;01/02/2022;2022-02-01;generico
DROPROPIZINA;Aché Laboratórios Farmacêuticos S.A;60.659.463/0029-92;409733229;01/02/2022;2022-02-01;generico
NEPHROTECT;FRESENIUS KABI BRASIL LTDA;49.324.221/0001-04;402795229;01/02/2022;2022-02-01;especifico
DECIPRAX;COSMED INDUSTRIA DE COSMETICOS E MEDICAMENTOS S.A.;61.082.426/0002-07;404674224;01/02/2022;2022-02-01;similar
ERIVEDGE;PRODUTOS ROCHE QUÍMICOS E FARMACÊUTICOS S.A.;33.009.945/0001-23;406711224;01/02/2022;2022-02-01;novo
RIFALDIN;SANOFI MEDLEY FARMACÊUTICA LTDA.;10.588.595/0010-92;404278221;01/02/2022;2022-02-01;novo
STUB;BIOLAB SANUS FARMACÊUTICA LTDA;49.475.833/0001-06;407510222;01/02/2022;2022-02-01;similar
dicloridrato de betaistina;GEOLAB INDÚSTRIA FARMACÊUTICA S/A;3485572000104;409172227;01/02/2022;2022-02-01;generico
DOZOITO;BIOLAB SANUS FARMACÊUTICA LTDA;49.475.833/0001-06;407985221;01/02/2022;2022-02-01;similar
VERZENIOS;ELI LILLY DO BRASIL LTDA;43.940.618/0001-44;399480226;01/02/2022;2022-02-01;novo
CRONOPLEX;UNIÃO QUÍMICA FARMACÊUTICA NACIONAL S/A;60.665.981/0001-18;407817221;01/02/2022;2022-02-01;similar
FLEXTOSS;LABORATÓRIO TEUTO BRASILEIRO S/A;17.159.229/0001-76;409164224;01/02/2022;2022-02-01;similar
KYTRIL;Laboratórios Bagó do Brasil S/A;4748181000947;420834222;02/02/2022;2022-02-02;novo
Albiomin;BIOTEST FARMACÊUTICA LTDA;33.348.731/0001-81;422793221;02/02/2022;2022-02-02;biologico
MELOXICAM;LABORATÓRIO TEUTO BRASILEIRO S/A;17.159.229/0001-76;420149228;02/02/2022;2022-02-02;generico
MEVAMOX;LABORATÓRIO TEUTO BRASILEIRO S/A;17.159.229/0001-76;420222227;02/02/2022;2022-02-02;similar
KETONAZOL;UNIÃO QUÍMICA FARMACÊUTICA NACIONAL S/A;60.665.981/0001-18;420746226;02/02/2022;2022-02-02;similar
Navelbine;LABORATÓRIOS PIERRE FABRE DO BRASIL LTDA;33.051.491/0001-59;434671223;03/02/2022;2022-02-03;novo
DEMEDROX;UNIÃO QUÍMICA FARMACÊUTICA NACIONAL S/A;60.665.981/0001-18;434655228;03/02/2022;2022-02-03;similar
PENTAGLOBIN;BIOTEST FARMACÊUTICA LTDA;33.348.731/0001-81;437453227;03/02/2022;2022-02-03;novo
losartana potássica;MULTILAB INDUSTRIA E COMERCIO DE PRODUTOS FARMACEUTICOS LTDA;92.265.552/0009-05;444468226;04/02/2022;2022-02-04;generico
IMUNOFLAN;HERBARIUM LABORATORIO BOTANICO LTDA;78.950.011/0001-20;442054220;04/02/2022;2022-02-04;fitoterapico
ramelteona;APSEN FARMACEUTICA S/A;62.462.015/0001-29;443708223;04/02/2022;2022-02-04;generico
GLIMEPIRIDA;CIMED INDUSTRIA S.A;2814497000107;441827225;04/02/2022;2022-02-04;generico
ZYLCAS;ZYDUS NIKKHO FARMACÊUTICA LTDA;5254971000181;464596220;07/02/2022;2022-02-07;similar
MUPIROCINA;PRATI DONADUZZI & CIA LTDA;73.856.593/0001-66;468559221;07/02/2022;2022-02-07;generico
VALERATO DE BETAMETASONA;BRAINFARMA INDÚSTRIA QUÍMICA E FARMACÊUTICA S.A;5161069000110;468700226;07/02/2022;2022-02-07;generico
PRAIVA;EUROFARMA LABORATÓRIOS S.A.;61.190.096/0001-92;468404228;07/02/2022;2022-02-07;similar
MARACUJÁ HERBARIUM;HERBARIUM LABORATORIO BOTANICO LTDA;78.950.011/0001-20;472278223;07/02/2022;2022-02-07;fitoterapico
FABRAZYME;SANOFI MEDLEY FARMACÊUTICA LTDA.;10.588.595/0010-92;479435227;08/02/2022;2022-02-08;biologico
LIVEPAX;Aché Laboratórios Farmacêuticos S.A;60.659.463/0029-92;484086227;08/02/2022;2022-02-08;similar
VITERGAN ZINCO;MARJAN INDÚSTRIA E COMÉRCIO LTDA;60.726.692/0001-81;482672226;08/02/2022;2022-02-08;especifico
BRYONY;UNIÃO QUÍMICA FARMACÊUTICA NACIONAL S/A;60.665.981/0001-18;480362220;08/02/2022;2022-02-08;similar
SOLARDRIL;UNIÃO QUÍMICA FARMACÊUTICA NACIONAL S/A;60.665.981/0001-18;481661221;08/02/2022;2022-02-08;similar
HEPATECT;BIOTEST FARMACÊUTICA LTDA;33.348.731/0001-81;481414223;08/02/2022;2022-02-08;biologico
Levitra;BAYER S.A.;18.459.628/0001-15;483141224;08/02/2022;2022-02-08;novo
NEOSORO H;BRAINFARMA INDÚSTRIA QUÍMICA E FARMACÊUTICA S.A;5161069000110;483021229;08/02/2022;2022-02-08;especifico
Carbamazepina;HIPOLABOR FARMACEUTICA LTDA;19.570.720/0001-10;477238220;08/02/2022;2022-02-08;generico
STABIL;Aché Laboratórios Farmacêuticos S.A;60.659.463/0029-92;476923221;08/02/2022;2022-02-08;similar
RIXUBIS;TAKEDA PHARMA LTDA.;60.397.775/0001-74;480534225;08/02/2022;2022-02-08;biologico
Iclusig;PINT PHARMA PRODUTOS MEDICO - HOSPITALARES E FARMACEUTICOS LTDA;21.896.000/0001-91;485582228;08/02/2022;2022-02-08;novo
NEUMOSIN;SUPERA FARMA LABORATÓRIOS S.A;43.312.503/0001-05;479262225;08/02/2022;2022-02-08;similar
HYTAS;ACCORD FARMACÊUTICA LTDA;64.171.697/0001-46;491040229;09/02/2022;2022-02-09;similar
ALBUMINA HUMANA HEMOBRÁS;EMPRESA BRASILEIRA DE HEMODERIVADOS E BIOTECNOLOGIA;7607851000146;492877220;09/02/2022;2022-02-09;novo
CALMASYN;CIFARMA CIENTÍFICA FARMACÊUTICA LTDA;17.562.075/0001-69;493970223;09/02/2022;2022-02-09;fitoterapico
fosfomicina trometamol;PHARMASCIENCE INDÚSTRIA FARMACÊUTICA LTDA;25.773.037/0001-83;495246221;09/02/2022;2022-02-09;generico
cloridrato de ambroxol;NATIVITA IND. COM. LTDA.;65.271.900/0001-19;493333223;09/02/2022;2022-02-09;generico
cloridrato de moxifloxacino;PRATI DONADUZZI & CIA LTDA;73.856.593/0001-66;489698221;09/02/2022;2022-02-09;generico
FOSMORYL;PHARMASCIENCE INDÚSTRIA FARMACÊUTICA LTDA;25.773.037/0001-83;495276227;09/02/2022;2022-02-09;similar
LINCOVAX;UNIÃO QUÍMICA FARMACÊUTICA NACIONAL S/A;60.665.981/0001-18;491903227;09/02/2022;2022-02-09;similar
besilato de anlodipino;AUROBINDO PHARMA INDÚSTRIA FARMACÊUTICA LIMITADA;4301884000175;494197226;09/02/2022;2022-02-09;generico
DEPANTEX;NATIVITA IND. COM. LTDA.;65.271.900/0001-19;493174222;09/02/2022;2022-02-09;especifico
CLORIDRATO DE HIDROXIZINA;NATIVITA IND. COM. LTDA.;65.271.900/0001-19;492671222;09/02/2022;2022-02-09;generico
NITRATO DE MICONAZOL;BRAINFARMA INDÚSTRIA QUÍMICA E FARMACÊUTICA S.A;5161069000110;491940220;09/02/2022;2022-02-09;generico
cloridrato de ambroxol;NATIVITA IND. COM. LTDA.;65.271.900/0001-19;493233229;09/02/2022;2022-02-09;generico
LUVOX;ABBOTT LABORATÓRIOS DO BRASIL LTDA;56.998.701/0001-16;503836222;10/02/2022;2022-02-10;novo
PIETRA ED;EUROFARMA LABORATÓRIOS S.A.;61.190.096/0001-92;506049221;10/02/2022;2022-02-10;similar
DUCOX;EUROFARMA LABORATÓRIOS S.A.;61.190.096/0001-92;504996223;10/02/2022;2022-02-10;similar
letrozol;LABORATÓRIO QUÍMICO FARMACÊUTICO BERGAMO LTDA;61.282.661/0001-41;506190226;10/02/2022;2022-02-10;generico
REVOC;ABBOTT LABORATÓRIOS DO BRASIL LTDA;56.998.701/0001-16;504691228;10/02/2022;2022-02-10;similar
BREELET;LABORATÓRIO QUÍMICO FARMACÊUTICO BERGAMO LTDA;61.282.661/0001-41;506508226;10/02/2022;2022-02-10;similar
DIENOGESTE;EUROFARMA LABORATÓRIOS S.A.;61.190.096/0001-92;506061221;10/02/2022;2022-02-10;generico
IMUNOGLOBULINA HUMANA HEMOBRÁS;EMPRESA BRASILEIRA DE HEMODERIVADOS E BIOTECNOLOGIA;7607851000146;507881222;10/02/2022;2022-02-10;biologico
PIVAST;EUROFARMA LABORATÓRIOS S.A.;61.190.096/0001-92;505467224;10/02/2022;2022-02-10;similar
IRNO;Camber Farmaceutica Ltda;24.633.934/0001-29;504783220;10/02/2022;2022-02-10;similar
NEOTOSS;BRAINFARMA INDÚSTRIA QUÍMICA E FARMACÊUTICA S.A;5161069000110;503259225;10/02/2022;2022-02-10;similar
Humalog Mix;ELI LILLY DO BRASIL LTDA;43.940.618/0001-44;518792226;11/02/2022;2022-02-11;biologico
acetato de ciproterona + etinilestradiol;Aché Laboratórios Farmacêuticos S.A;60.659.463/0029-92;516965221;11/02/2022;2022-02-11;generico
JUMEXIL;CHIESI FARMACÊUTICA LTDA;61.363.032/0001-46;518569225;11/02/2022;2022-02-11;similar
CIMEGRIPE;CIMED INDUSTRIA S.A;2814497000107;512388229;11/02/2022;2022-02-11;similar
letrozol;BLAU FARMACÊUTICA S.A.;58.430.828/0001-60;519066227;11/02/2022;2022-02-11;generico
PEDILETAN;CIMED INDUSTRIA S.A;2814497000107;520048229;11/02/2022;2022-02-11;similar
SIILIF;TAKEDA PHARMA LTDA.;60.397.775/0001-74;516852221;11/02/2022;2022-02-11;similar
DUNIA 35;Aché Laboratórios Farmacêuticos S.A;60.659.463/0029-92;516849221;11/02/2022;2022-02-11;similar
minoxidil;BRAINFARMA INDÚSTRIA QUÍMICA E FARMACÊUTICA S.A;5161069000110;519232224;11/02/2022;2022-02-11;generico
OLMESARTANA MEDOXOMILA+HIDROCLOROTIAZIDA;BRAINFARMA INDÚSTRIA QUÍMICA E FARMACÊUTICA S.A;5161069000110;519380223;11/02/2022;2022-02-11;generico
cloridrato de verapamil;PRATI DONADUZZI & CIA LTDA;73.856.593/0001-66;514410221;11/02/2022;2022-02-11;generico
AMITIZA;TAKEDA PHARMA LTDA.;60.397.775/0001-74;516605224;11/02/2022;2022-02-11;novo
flumazenil (PORTARIA 344 - LISTA C1);UNIÃO QUÍMICA FARMACÊUTICA NACIONAL S/A;60.665.981/0001-18;537141227;14/02/2022;2022-02-14;generico
AROPAX;GLAXOSMITHKLINE BRASIL LTDA;33.247.743/0001-10;537116222;14/02/2022;2022-02-14;novo
PRELONE;Aché Laboratórios Farmacêuticos S.A;60.659.463/0029-92;537016228;14/02/2022;2022-02-14;similar
SUG;BIOLAB SANUS FARMACÊUTICA LTDA;49.475.833/0001-06;543796221;14/02/2022;2022-02-14;similar
levonorgestrel;CIMED INDUSTRIA S.A;2814497000107;540334227;14/02/2022;2022-02-14;generico
AUBAGIO;SANOFI MEDLEY FARMACÊUTICA LTDA.;10.588.595/0010-92;542511223;14/02/2022;2022-02-14;novo
Syletyv;ACCORD FARMACÊUTICA LTDA;64.171.697/0001-46;540638226;14/02/2022;2022-02-14;similar
fulvestranto;ACCORD FARMACÊUTICA LTDA;64.171.697/0001-46;541548221;14/02/2022;2022-02-14;generico
PAXIL CR;GLAXOSMITHKLINE BRASIL LTDA;33.247.743/0001-10;537142223;14/02/2022;2022-02-14;novo
FULVY;ACCORD FARMACÊUTICA LTDA;64.171.697/0001-46;541708228;14/02/2022;2022-02-14;similar
ZOTEON PÓ;MYLAN LABORATORIOS LTDA;11.643.096/0001-22;550244221;15/02/2022;2022-02-15;novo
CLORETO DE SÓDIO 0,9%;EUROFARMA LABORATÓRIOS S.A.;61.190.096/0001-92;548935220;15/02/2022;2022-02-15;especifico
OCTAVI SDOPTIMUM;OCTAPHARMA BRASIL LTDA;2552927000160;554100223;15/02/2022;2022-02-15;biologico
cloridrato de palonosetrona;CHEMICALTECH FARMACEUTICA LTDA;3959540000195;550451226;15/02/2022;2022-02-15;generico
COMBODART;GLAXOSMITHKLINE BRASIL LTDA;33.247.743/0001-10;548344221;15/02/2022;2022-02-15;novo
MAVENCLAD;MERCK S/A;33.069.212/0001-84;553805223;15/02/2022;2022-02-15;novo
EZONIA;EUROFARMA LABORATÓRIOS S.A.;61.190.096/0001-92;547305222;15/02/2022;2022-02-15;similar
sulfato de vincristina;CHEMICALTECH FARMACEUTICA LTDA;3959540000195;548117225;15/02/2022;2022-02-15;generico
IVERNEO;BRAINFARMA INDÚSTRIA QUÍMICA E FARMACÊUTICA S.A;5161069000110;567015220;16/02/2022;2022-02-16;similar
fosfato de clindamicina;HYPOFARMA - INSTITUTO DE HYPODERMIA E FARMÁCIA LTDA;17.174.657/0001-78;566205220;16/02/2022;2022-02-16;generico
ivermectina;BRAINFARMA INDÚSTRIA QUÍMICA E FARMACÊUTICA S.A;5161069000110;567074226;16/02/2022;2022-02-16;generico
FRUSALT;CIMED INDUSTRIA S.A;2814497000107;563065222;16/02/2022;2022-02-16;especifico
HYCLIN;HYPOFARMA - INSTITUTO DE HYPODERMIA E FARMÁCIA LTDA;17.174.657/0001-78;566117223;16/02/2022;2022-02-16;similar
Cloridrato de Verapamil;Aché Laboratórios Farmacêuticos S.A;60.659.463/0029-92;560533225;16/02/2022;2022-02-16;generico
CLORIDRATO DE CICLOBENZAPRINA;BRAINFARMA INDÚSTRIA QUÍMICA E FARMACÊUTICA S.A;5161069000110;566998220;16/02/2022;2022-02-16;generico
espironolactona;HIPOLABOR FARMACEUTICA LTDA;19.570.720/0001-10;561810222;16/02/2022;2022-02-16;generico
PREDI-MEDROL;UNIÃO QUÍMICA FARMACÊUTICA NACIONAL S/A;60.665.981/0001-18;562911227;16/02/2022;2022-02-16;similar
LIRIS;UNIÃO QUÍMICA FARMACÊUTICA NACIONAL S/A;60.665.981/0001-18;564357227;16/02/2022;2022-02-16;especifico
VITAMINA D CIMED;CIMED INDUSTRIA S.A;2814497000107;560568223;16/02/2022;2022-02-16;especifico
furosemida;CIMED INDUSTRIA S.A;2814497000107;582147221;17/02/2022;2022-02-17;generico
TYLEMAX;NATULAB LABORATÓRIO S.A;2456955000183;584108222;17/02/2022;2022-02-17;similar
ertapeném sódico;ANTIBIÓTICOS DO BRASIL LTDA;5439635000103;584011229;17/02/2022;2022-02-17;generico
FAMOX;Aché Laboratórios Farmacêuticos S.A;60.659.463/0029-92;583925227;17/02/2022;2022-02-17;similar
LEGALON;MYLAN LABORATORIOS LTDA;11.643.096/0001-22;584159226;17/02/2022;2022-02-17;fitoterapico
DEXPERTA;BLAU FARMACÊUTICA S.A.;58.430.828/0001-60;579121224;17/02/2022;2022-02-17;similar
CLIC;Arese Pharma Ltda;7670111000154;578588226;17/02/2022;2022-02-17;similar
bromoprida;CIMED INDUSTRIA S.A;2814497000107;594700221;18/02/2022;2022-02-18;generico
ibuprofeno;CIMED INDUSTRIA S.A;2814497000107;593701224;18/02/2022;2022-02-18;generico
LORATAMED D;CIMED INDUSTRIA S.A;2814497000107;594041228;18/02/2022;2022-02-18;similar
GLUCANTIME;SANOFI MEDLEY FARMACÊUTICA LTDA.;10.588.595/0010-92;632883227;21/02/2022;2022-02-21;novo
REPARIL;MYLAN LABORATORIOS LTDA;11.643.096/0001-22;632404221;21/02/2022;2022-02-21;novo
FUROSEMIDA;PRATI DONADUZZI & CIA LTDA;73.856.593/0001-66;633710229;21/02/2022;2022-02-21;generico
ALGY-FLANDERIL;VITAMEDIC INDUSTRIA FARMACEUTICA LTDA;30.222.814/0001-31;632982225;21/02/2022;2022-02-21;similar
drospirenona + etinilestradiol;EUROFARMA LABORATÓRIOS S.A.;61.190.096/0001-92;632062223;21/02/2022;2022-02-21;generico
Loratadina;CIMED INDUSTRIA S.A;2814497000107;637356225;21/02/2022;2022-02-21;generico
COD;SUPERA FARMA LABORATÓRIOS S.A;43.312.503/0001-05;632206225;21/02/2022;2022-02-21;novo
ALTRYXEN;EUROFARMA LABORATÓRIOS S.A.;61.190.096/0001-92;655820221;22/02/2022;2022-02-22;similar
CALCIFIX COMPOSTO B12;CIFARMA CIENTÍFICA FARMACÊUTICA LTDA;17.562.075/0001-69;650763220;22/02/2022;2022-02-22;especifico
ciprofibrato;CIMED INDUSTRIA S.A;2814497000107;650563221;22/02/2022;2022-02-22;generico
Prysma;EUROFARMA LABORATÓRIOS S.A.;61.190.096/0001-92;651786223;22/02/2022;2022-02-22;novo
GELO-BIO;UNIÃO QUÍMICA FARMACÊUTICA NACIONAL S/A;60.665.981/0001-18;650868226;22/02/2022;2022-02-22;especifico
DECAN HALOPER;UNIÃO QUÍMICA FARMACÊUTICA NACIONAL S/A;60.665.981/0001-18;652053220;22/02/2022;2022-02-22;similar
PREDSIM;COSMED INDUSTRIA DE COSMETICOS E MEDICAMENTOS S.A.;61.082.426/0002-07;652942229;22/02/2022;2022-02-22;novo
Valsed;CIFARMA CIENTÍFICA FARMACÊUTICA LTDA;17.562.075/0001-69;651923221;22/02/2022;2022-02-22;fitoterapico
LORATAMED;CIMED INDUSTRIA S.A;2814497000107;650059221;22/02/2022;2022-02-22;similar
losartana potássica;EUROFARMA LABORATÓRIOS S.A.;61.190.096/0001-92;649606221;22/02/2022;2022-02-22;generico
OLANZAPINA (PORT. 344/98 - LISTA C1);EUROFARMA LABORATÓRIOS S.A.;61.190.096/0001-92;650566220;22/02/2022;2022-02-22;generico
desogestrel + etinilestradiol;EUROFARMA LABORATÓRIOS S.A.;61.190.096/0001-92;651925223;22/02/2022;2022-02-22;generico
PRIMERA 30;EUROFARMA LABORATÓRIOS S.A.;61.190.096/0001-92;651906229;22/02/2022;2022-02-22;similar
CAPS-IPEN;COMISSAO NACIONAL DE ENERGIA NUCLEAR;402552000126;678128227;23/02/2022;2022-02-23;radiofarmaco
HYFREN;HYPOFARMA - INSTITUTO DE HYPODERMIA E FARMÁCIA LTDA;17.174.657/0001-78;678616221;23/02/2022;2022-02-23;similar
PARACETAMOL;SANOFI MEDLEY FARMACÊUTICA LTDA.;10.588.595/0010-92;679085220;23/02/2022;2022-02-23;generico
CARD-IPEN;COMISSAO NACIONAL DE ENERGIA NUCLEAR;402552000126;678113220;23/02/2022;2022-02-23;radiofarmaco
cetoconazol+dipropionato de betametasona+sulfato de neomicina;CIMED INDUSTRIA S.A;2814497000107;677019220;23/02/2022;2022-02-23;generico
TOBRAMICINA;GEOLAB INDÚSTRIA FARMACÊUTICA S/A;3485572000104;680361227;23/02/2022;2022-02-23;generico
paracetamol + fosfato de codeína;UNIÃO QUÍMICA FARMACÊUTICA NACIONAL S/A;60.665.981/0001-18;679208224;23/02/2022;2022-02-23;generico
GAL-IPEN;COMISSAO NACIONAL DE ENERGIA NUCLEAR;402552000126;678151229;23/02/2022;2022-02-23;radiofarmaco
ACU FRESH G;GEOLAB INDÚSTRIA FARMACÊUTICA S/A;3485572000104;679202226;23/02/2022;2022-02-23;especifico
PARACETAMOL;SANOFI MEDLEY FARMACÊUTICA LTDA.;10.588.595/0010-92;695833227;24/02/2022;2022-02-24;generico
DEXFER;EUROFARMA LABORATÓRIOS S.A.;61.190.096/0001-92;695161229;24/02/2022;2022-02-24;especifico
ACETATO DE PREDNISOLONA;GEOLAB INDÚSTRIA FARMACÊUTICA S/A;3485572000104;695562223;24/02/2022;2022-02-24;generico
KOIDE;EUROFARMA LABORATÓRIOS S.A.;61.190.096/0001-92;695838229;24/02/2022;2022-02-24;similar
brometo de rocurônio;EUROFARMA LABORATÓRIOS S.A.;61.190.096/0001-92;695481223;24/02/2022;2022-02-24;generico
Crysvita;ULTRAGENYX BRASIL FARMACEUTICA LTDA;27.724.245/0001-18;700815228;24/02/2022;2022-02-24;biologico
TAMIFLU;PRODUTOS ROCHE QUÍMICOS E FARMACÊUTICOS S.A.;33.009.945/0001-23;704092221;24/02/2022;2022-02-24;novo
celecoxibe;Aché Laboratórios Farmacêuticos S.A;60.659.463/0029-92;692342222;24/02/2022;2022-02-24;generico
Cloridrato de Ambroxol;CIMED INDUSTRIA S.A;2814497000107;692682228;24/02/2022;2022-02-24;generico
CIMELIDE;CIMED INDUSTRIA S.A;2814497000107;703644220;24/02/2022;2022-02-24;similar
OLSAR;EUROFARMA LABORATÓRIOS S.A.;61.190.096/0001-92;693244224;24/02/2022;2022-02-24;similar
DIAD;CIMED INDUSTRIA S.A;2814497000107;703185225;24/02/2022;2022-02-24;similar
PUREGON;ORGANON FARMACÊUTICA LTDA.;45.987.013/0001-34;697806227;24/02/2022;2022-02-24;biologico
cloridrato de fexofenadina;CIMED INDUSTRIA S.A;2814497000107;696961229;24/02/2022;2022-02-24;generico
LIBIAM;LIBBS FARMACÊUTICA LTDA;61.230.314/0001-75;722625227;25/02/2022;2022-02-25;novo
MUD ORAL;EUROFARMA LABORATÓRIOS S.A.;61.190.096/0001-92;716623226;25/02/2022;2022-02-25;similar
Fenofibrato;BRAINFARMA INDÚSTRIA QUÍMICA E FARMACÊUTICA S.A;5161069000110;720926220;25/02/2022;2022-02-25;generico
ALGICOD;EUROFARMA LABORATÓRIOS S.A.;61.190.096/0001-92;712339221;25/02/2022;2022-02-25;similar
Elaprase;TAKEDA PHARMA LTDA.;60.397.775/0001-74;718698223;25/02/2022;2022-02-25;biologico
ERGOMETRIN;UNIÃO QUÍMICA FARMACÊUTICA NACIONAL S/A;60.665.981/0001-18;719961220;25/02/2022;2022-02-25;similar
ADVATE;TAKEDA PHARMA LTDA.;60.397.775/0001-74;718880226;25/02/2022;2022-02-25;biologico
ROTARIX;GLAXOSMITHKLINE BRASIL LTDA;33.247.743/0001-10;721172229;25/02/2022;2022-02-25;biologico
LIBIAM;LIBBS FARMACÊUTICA LTDA;61.230.314/0001-75;722629222;25/02/2022;2022-02-25;similar
LAMZEDE;CHIESI FARMACÊUTICA LTDA;61.363.032/0001-46;712526226;25/02/2022;2022-02-25;biologico
DOMPERIX;EUROFARMA LABORATÓRIOS S.A.;61.190.096/0001-92;715026224;25/02/2022;2022-02-25;similar
DOMPERIDONA;EUROFARMA LABORATÓRIOS S.A.;61.190.096/0001-92;715352229;25/02/2022;2022-02-25;generico
aciclovir;CIMED INDUSTRIA S.A;2814497000107;720520223;25/02/2022;2022-02-25;generico
carbocisteína;NATIVITA IND. COM. LTDA.;65.271.900/0001-19;724826220;25/02/2022;2022-02-25;generico
CPHD BICARBONATO DE SÓDIO 8,4 %;FRESENIUS MEDICAL CARE LTDA;1440590000136;716396220;25/02/2022;2022-02-25;especifico
Alecensa;PRODUTOS ROCHE QUÍMICOS E FARMACÊUTICOS S.A.;33.009.945/0001-23;712266224;25/02/2022;2022-02-25;novo
Opsumit;JANSSEN - CILAG FARMACÊUTICA LTDA;51.780.468/0001-87;716519224;25/02/2022;2022-02-25;novo
CETOCONAZOL;NATIVITA IND. COM. LTDA.;65.271.900/0001-19;724669221;25/02/2022;2022-02-25;generico
GYNOTRAN;EXELTIS LABORATORIO FARMACEUTICO LTDA;19.136.432/0001-52;762664223;28/02/2022;2022-02-28;novo
ALBENDAZOL;CIMED INDUSTRIA S.A;2814497000107;763124222;28/02/2022;2022-02-28;generico
FRENOTOSSE;CIMED INDUSTRIA S.A;2814497000107;779899229;01/03/2022;2022-03-01;similar
NARIX;CIMED INDUSTRIA S.A;2814497000107;778376222;01/03/2022;2022-03-01;similar
BEPANTRIZ;CIMED INDUSTRIA S.A;2814497000107;779430221;01/03/2022;2022-03-01;especifico
bromoprida;NATIVITA IND. COM. LTDA.;65.271.900/0001-19;798471221;02/03/2022;2022-03-02;similar
FOXIS;Aché Laboratórios Farmacêuticos S.A;60.659.463/0029-92;793927226;02/03/2022;2022-03-02;similar
maleato de enalapril;PHARLAB INDÚSTRIA FARMACÊUTICA S.A.;2501297000102;812219228;03/03/2022;2022-03-03;generico
RIVOTRIL;BLANVER FARMOQUIMICA E FARMACÊUTICA S.A.;53.359.824/0001-19;814760228;03/03/2022;2022-03-03;novo
REVLIMID;BRISTOL - MYERS SQUIBB FARMACÊUTICA LTDA;56.998.982/0001-07;810922223;03/03/2022;2022-03-03;novo
LATANOPROSTA;GEOLAB INDÚSTRIA FARMACÊUTICA S/A;3485572000104;816094225;03/03/2022;2022-03-03;generico
fluconazol;PRATI DONADUZZI & CIA LTDA;73.856.593/0001-66;815796226;03/03/2022;2022-03-03;generico
ENAPLEX;PHARLAB INDÚSTRIA FARMACÊUTICA S.A.;2501297000102;812851226;03/03/2022;2022-03-03;similar
CAPZAT;Aché Laboratórios Farmacêuticos S.A;60.659.463/0029-92;813110220;03/03/2022;2022-03-03;similar
Hyrimoz;SANDOZ DO BRASIL INDÚSTRIA FARMACÊUTICA LTDA;61.286.647/0001-16;808343220;03/03/2022;2022-03-03;biologico
PARACETAMOL;UNIÃO QUÍMICA FARMACÊUTICA NACIONAL S/A;60.665.981/0001-18;832589225;04/03/2022;2022-03-04;generico
CLORIDRATO DE PAROXETINA;SANOFI MEDLEY FARMACÊUTICA LTDA.;10.588.595/0010-92;835187225;04/03/2022;2022-03-04;generico
cefalexina;CIMED INDUSTRIA S.A;2814497000107;832611221;04/03/2022;2022-03-04;generico
alfaestradiol;BIOLAB SANUS FARMACÊUTICA LTDA;49.475.833/0001-06;834046229;04/03/2022;2022-03-04;generico
TESS;UNIÃO QUÍMICA FARMACÊUTICA NACIONAL S/A;60.665.981/0001-18;831329220;04/03/2022;2022-03-04;similar
ALOZEX;BIOLAB SANUS FARMACÊUTICA LTDA;49.475.833/0001-06;834121221;04/03/2022;2022-03-04;similar
CEF;UNIÃO QUÍMICA FARMACÊUTICA NACIONAL S/A;60.665.981/0001-18;831199229;04/03/2022;2022-03-04;similar
ZEMPLAR;ABBVIE FARMACÊUTICA LTDA.;15.800.545/0001-50;828799229;04/03/2022;2022-03-04;novo
HERZUMA;CELLTRION HEALTHCARE DISTRIBUICAO DE PRODUTOS FARMACEUTICOS DOS BRASIL LTDA;5452889000161;826381227;04/03/2022;2022-03-04;biologico
LIDOJET;UNIÃO QUÍMICA FARMACÊUTICA NACIONAL S/A;60.665.981/0001-18;831788224;04/03/2022;2022-03-04;similar
TRUXIMA;CELLTRION HEALTHCARE DISTRIBUICAO DE PRODUTOS FARMACEUTICOS DOS BRASIL LTDA;5452889000161;826305229;04/03/2022;2022-03-04;biologico
cloridrato de paroxetina;UNIÃO QUÍMICA FARMACÊUTICA NACIONAL S/A;60.665.981/0001-18;833134221;04/03/2022;2022-03-04;generico
ROCURON;CRISTÁLIA PRODUTOS QUÍMICOS FARMACÊUTICOS LTDA.;44.734.671/0001-51;885124227;07/03/2022;2022-03-07;similar
TRI-LUMA;GALDERMA BRASIL LTDA;317372000146;885128222;07/03/2022;2022-03-07;novo
ABRIFIT;GEOLAB INDÚSTRIA FARMACÊUTICA S/A;3485572000104;890203229;07/03/2022;2022-03-07;fitoterapico
CPHD COM GLICOSE;FRESENIUS MEDICAL CARE LTDA;1440590000136;885384229;07/03/2022;2022-03-07;especifico
Pausefemme;NATULAB LABORATÓRIO S.A;2456955000183;887385222;07/03/2022;2022-03-07;fitoterapico
CPHD SEM GLICOSE 1:44;FRESENIUS MEDICAL CARE LTDA;1440590000136;885345223;07/03/2022;2022-03-07;especifico
CPHD 24/34;FRESENIUS MEDICAL CARE LTDA;1440590000136;885531221;07/03/2022;2022-03-07;especifico
ENDOFER;BIOLAB SANUS FARMACÊUTICA LTDA;49.475.833/0001-06;901224227;08/03/2022;2022-03-08;especifico
BLINCYTO;AMGEN BIOTECNOLOGIA DO BRASIL LTDA.;18.774.815/0001-93;919877222;08/03/2022;2022-03-08;biologico
RHOPHYLAC;CSL BEHRING COMÉRCIO DE PRODUTOS FARMACÊUTICOS LTDA;62.969.589/0001-98;910244227;08/03/2022;2022-03-08;biologico
COMTAN;SANDOZ DO BRASIL INDÚSTRIA FARMACÊUTICA LTDA;61.286.647/0001-16;925680222;08/03/2022;2022-03-08;novo
MULTILER;LABORATÓRIO TEUTO BRASILEIRO S/A;17.159.229/0001-76;968757227;09/03/2022;2022-03-09;similar
CIS;CRISTÁLIA PRODUTOS QUÍMICOS FARMACÊUTICOS LTDA.;44.734.671/0001-51;960748229;09/03/2022;2022-03-09;similar
FURP-AZATIOPRINA;FUNDAÇÃO PARA O REMÉDIO POPULAR - FURP;43.640.754/0001-19;959313222;09/03/2022;2022-03-09;similar
MORATUS;SANOFI MEDLEY FARMACÊUTICA LTDA.;10.588.595/0010-92;961348224;09/03/2022;2022-03-09;similar
FURP-SULFATO FERROSO;FUNDAÇÃO PARA O REMÉDIO POPULAR - FURP;43.640.754/0001-19;961345225;09/03/2022;2022-03-09;especifico
VELCADE;JANSSEN - CILAG FARMACÊUTICA LTDA;51.780.468/0001-87;988845229;10/03/2022;2022-03-10;novo
KOSELUGO;ASTRAZENECA DO BRASIL LTDA;60.318.797/0001-00;987654225;10/03/2022;2022-03-10;novo
LONADIAL;FRESENIUS MEDICAL CARE LTDA;1440590000136;1001996224;10/03/2022;2022-03-10;especifico
PARACETAMOL;LABORATÓRIOS OSÓRIO DE MORAES LTDA;19.791.813/0001-75;1020883227;11/03/2022;2022-03-11;generico
FLEXIVE CDM;PROCTER & GAMBLE DO BRASIL LTDA;59.476.770/0001-58;1019333227;11/03/2022;2022-03-11;fitoterapico
LOSARTANA POTÁSSICA;LABORATÓRIO TEUTO BRASILEIRO S/A;17.159.229/0001-76;1020489227;11/03/2022;2022-03-11;generico
LOTANOL;LABORATÓRIO TEUTO BRASILEIRO S/A;17.159.229/0001-76;1020648228;11/03/2022;2022-03-11;similar
VACINA SARAMPO, CAXUMBA, RUBÉOLA (Atenuada);FUNDAÇÃO OSWALDO CRUZ;33.781.055/0001-35;1013523229;11/03/2022;2022-03-11;biologico
PARACETAMOL;UNIÃO QUÍMICA FARMACÊUTICA NACIONAL S/A;60.665.981/0001-18;1021815225;11/03/2022;2022-03-11;generico
CORUS;Aché Laboratórios Farmacêuticos S.A;60.659.463/0029-92;1013167228;11/03/2022;2022-03-11;similar
losartana potássica;LABORATÓRIO GLOBO SA;17.115.437/0001-73;1018298223;11/03/2022;2022-03-11;generico
CORISTINA D PRO;COSMED INDUSTRIA DE COSMETICOS E MEDICAMENTOS S.A.;61.082.426/0002-07;1020562226;11/03/2022;2022-03-11;novo
LEVOZINE;CRISTÁLIA PRODUTOS QUÍMICOS FARMACÊUTICOS LTDA.;44.734.671/0001-51;1084724227;14/03/2022;2022-03-14;similar
CEBRILIN;LIBBS FARMACÊUTICA LTDA;61.230.314/0001-75;1087997224;14/03/2022;2022-03-14;similar
ACICLOVIR;MERCK S/A;33.069.212/0001-84;1078774226;14/03/2022;2022-03-14;generico
LOSARTANA POTÁSSICA + HIDROCLOROTIAZIDA;GERMED FARMACEUTICA LTDA;45.992.062/0001-65;1090434227;14/03/2022;2022-03-14;generico
PRÓS-HP;SUPERA FARMA LABORATÓRIOS S.A;43.312.503/0001-05;1082581224;14/03/2022;2022-03-14;similar
NIMESULIDA;BRAINFARMA INDÚSTRIA QUÍMICA E FARMACÊUTICA S.A;5161069000110;1082830224;14/03/2022;2022-03-14;generico
CLORIDRATO DE TANSULOSINA;BIOLAB SANUS FARMACÊUTICA LTDA;49.475.833/0001-06;1081504226;14/03/2022;2022-03-14;generico
LOSARTANA POTÁSSICA + HIDROCLOROTIAZIDA;LEGRAND PHARMA INDÚSTRIA FARMACÊUTICA LTDA;5044984000126;1089193220;14/03/2022;2022-03-14;generico
cloridrato de fluoxetina;Aché Laboratórios Farmacêuticos S.A;60.659.463/0029-92;1085452221;14/03/2022;2022-03-14;generico
LOSARTANA POTÁSSICA + HIDROCLOROTIAZIDA;EMS S/A;57.507.378/0003-65;1091105227;14/03/2022;2022-03-14;generico
ARAVA;SANOFI MEDLEY FARMACÊUTICA LTDA.;10.588.595/0010-92;1086634225;14/03/2022;2022-03-14;novo
CIALIS;ELI LILLY DO BRASIL LTDA;43.940.618/0001-44;1119725224;15/03/2022;2022-03-15;novo
MEPENOX;INSTITUTO BIOCHIMICO INDÚSTRIA FARMACÊUTICA LTDA;33.258.401/0001-03;1116604221;15/03/2022;2022-03-15;similar
ZOSTAVAX;MERCK SHARP & DOHME FARMACEUTICA LTDA.;3560974000118;1111602221;15/03/2022;2022-03-15;biologico
FAULDMETRO;LIBBS FARMACÊUTICA LTDA;61.230.314/0001-75;1111064229;15/03/2022;2022-03-15;similar
desogestrel + etinilestradiol;EUROFARMA LABORATÓRIOS S.A.;61.190.096/0001-92;1115138227;15/03/2022;2022-03-15;generico
DIOLESS;SUPERA FARMA LABORATÓRIOS S.A;43.312.503/0001-05;1144231221;16/03/2022;2022-03-16;similar
losartana potássica;GEOLAB INDÚSTRIA FARMACÊUTICA S/A;3485572000104;1145339221;16/03/2022;2022-03-16;generico
BENZOILMETRONIDAZOL;EMS S/A;57.507.378/0003-65;1144607221;16/03/2022;2022-03-16;generico
losartana potássica;PRATI DONADUZZI & CIA LTDA;73.856.593/0001-66;1139407228;16/03/2022;2022-03-16;generico
CLORIDRATO DE PROPRANOLOL;PHARLAB INDÚSTRIA FARMACÊUTICA S.A.;2501297000102;1146630221;16/03/2022;2022-03-16;generico
XAROPE DE GUACO NATULAB;NATULAB LABORATÓRIO S.A;2456955000183;1138440221;16/03/2022;2022-03-16;fitoterapico
PINAZAN;CRISTÁLIA PRODUTOS QUÍMICOS FARMACÊUTICOS LTDA.;44.734.671/0001-51;1145514227;16/03/2022;2022-03-16;similar
PRIMERA 20;EUROFARMA LABORATÓRIOS S.A.;61.190.096/0001-92;1134803222;16/03/2022;2022-03-16;similar
Undecilato de testosterona;EUROFARMA LABORATÓRIOS S.A.;61.190.096/0001-92;1154677222;17/03/2022;2022-03-17;generico
CLORIDRATO DE PAROXETINA;RANBAXY FARMACÊUTICA LTDA;73.663.650/0001-90;1161844228;17/03/2022;2022-03-17;generico
valsartana;CIMED INDUSTRIA S.A;2814497000107;1154882225;17/03/2022;2022-03-17;generico
POLARYN;LABORATÓRIO TEUTO BRASILEIRO S/A;17.159.229/0001-76;1185557229;18/03/2022;2022-03-18;similar
DAIVOBET;LEO PHARMA LTDA;11.424.477/0001-10;1189131226;18/03/2022;2022-03-18;novo
DERMOSTATIN;LEGRAND PHARMA INDÚSTRIA FARMACÊUTICA LTDA;5044984000126;1186617225;18/03/2022;2022-03-18;generico
POMAGLÓS TRATAMENTO;EMS S/A;57.507.378/0003-65;1185310223;18/03/2022;2022-03-18;similar
AMBROXMEL;CIMED INDUSTRIA S.A;2814497000107;1187818224;18/03/2022;2022-03-18;similar
MEMORALL;LABORATÓRIO TEUTO BRASILEIRO S/A;17.159.229/0001-76;1187795224;18/03/2022;2022-03-18;similar
OLSAR H;EUROFARMA LABORATÓRIOS S.A.;61.190.096/0001-92;1183626223;18/03/2022;2022-03-18;similar
CLORIDRATO DE MEMANTINA;LABORATÓRIO TEUTO BRASILEIRO S/A;17.159.229/0001-76;1186278226;18/03/2022;2022-03-18;generico
nistatina + óxido de zinco;EMS S/A;57.507.378/0003-65;1185143220;18/03/2022;2022-03-18;generico
Tovar;Aché Laboratórios Farmacêuticos S.A;60.659.463/0029-92;1188673220;18/03/2022;2022-03-18;similar
losartana potássica;CIMED INDUSTRIA S.A;2814497000107;1191390225;18/03/2022;2022-03-18;generico
nistatina + óxido de zinco;GERMED FARMACEUTICA LTDA;45.992.062/0001-65;1187345229;18/03/2022;2022-03-18;generico
DIGEVITA;NATIVITA IND. COM. LTDA.;65.271.900/0001-19;1186376228;18/03/2022;2022-03-18;similar
nistatina + óxido de zinco;LEGRAND PHARMA INDÚSTRIA FARMACÊUTICA LTDA;5044984000126;1186588225;18/03/2022;2022-03-18;generico
EXEMESTANO;ACCORD FARMACÊUTICA LTDA;64.171.697/0001-46;1185295224;18/03/2022;2022-03-18;generico
ROCALTROL;BELFAR LTDA;18.324.343/0001-77;1278171223;21/03/2022;2022-03-21;novo
APIGUACO;APIS FLORA INDUSTRIAL  E COMERCIAL LTDA;49.345.358/0001-45;1278637222;21/03/2022;2022-03-21;fitoterapico
LEXOTAN;BLANVER FARMOQUIMICA E FARMACÊUTICA S.A.;53.359.824/0001-19;1268849227;21/03/2022;2022-03-21;novo
OMNARIS;MOKSHA8 BRASIL INDUSTRIA E COMERCIO DE MEDICAMENTOS LTDA;7591326000180;1283653222;21/03/2022;2022-03-21;novo
Nabota;MOKSHA8 BRASIL INDUSTRIA E COMERCIO DE MEDICAMENTOS LTDA;7591326000180;1286654220;21/03/2022;2022-03-21;biologico
CLORIDRATO DE PETIDINA (PORT. 344/98 - LISTA A1);UNIÃO QUÍMICA FARMACÊUTICA NACIONAL S/A;60.665.981/0001-18;1307444229;22/03/2022;2022-03-22;generico
omeprazol;UNIÃO QUÍMICA FARMACÊUTICA NACIONAL S/A;60.665.981/0001-18;1307783228;22/03/2022;2022-03-22;generico
EMPROL XR;ACCORD FARMACÊUTICA LTDA;64.171.697/0001-46;1312166223;22/03/2022;2022-03-22;similar
Spasmex;APSEN FARMACEUTICA S/A;62.462.015/0001-29;1308255225;22/03/2022;2022-03-22;novo
FUROSEMIDA;Aché Laboratórios Farmacêuticos S.A;60.659.463/0029-92;1339204223;23/03/2022;2022-03-23;generico
NIMESULIDA;VITAMEDIC INDUSTRIA FARMACEUTICA LTDA;30.222.814/0001-31;1340204223;23/03/2022;2022-03-23;generico
COMPLE B;NATULAB LABORATÓRIO S.A;2456955000183;1339378221;23/03/2022;2022-03-23;especifico
VAZIDIN;PHARLAB INDÚSTRIA FARMACÊUTICA S.A.;2501297000102;1340998220;23/03/2022;2022-03-23;similar
NIMELIT;VITAMEDIC INDUSTRIA FARMACEUTICA LTDA;30.222.814/0001-31;1339182220;23/03/2022;2022-03-23;similar
DECONGEX PLUS;Aché Laboratórios Farmacêuticos S.A;60.659.463/0029-92;1339301229;23/03/2022;2022-03-23;similar
NIMESULIDA;VITAMEDIC INDUSTRIA FARMACEUTICA LTDA;30.222.814/0001-31;1339497221;23/03/2022;2022-03-23;generico
algestona acetofenida + enantato de estradiol;LEGRAND PHARMA INDÚSTRIA FARMACÊUTICA LTDA;5044984000126;1363659227;24/03/2022;2022-03-24;generico
BESILATO DE ANLODIPINO;Aché Laboratórios Farmacêuticos S.A;60.659.463/0029-92;1358484228;24/03/2022;2022-03-24;generico
DERMACERIUM;CRISTÁLIA PRODUTOS QUÍMICOS FARMACÊUTICOS LTDA.;44.734.671/0001-51;1362978221;24/03/2022;2022-03-24;novo
loratadina + sulfato de pseudoefedrina;Aché Laboratórios Farmacêuticos S.A;60.659.463/0029-92;1359663223;24/03/2022;2022-03-24;generico
ALGESTONA ACETOFENIDA + ENANTATO DE ESTRADIOL;EMS S/A;57.507.378/0003-65;1363425226;24/03/2022;2022-03-24;generico
PIELUS MX;COSMED INDUSTRIA DE COSMETICOS E MEDICAMENTOS S.A.;61.082.426/0002-07;1360791221;24/03/2022;2022-03-24;similar
Maleato de dexclorfeniramina + Betametasona;BRAINFARMA INDÚSTRIA QUÍMICA E FARMACÊUTICA S.A;5161069000110;1362127221;24/03/2022;2022-03-24;generico
BIOFLAN;MYRALIS INDÚSTRIA FARMACÊUTICA LTDA;17.440.261/0001-25;1356828221;24/03/2022;2022-03-24;fitoterapico
PREG-LESS;EMS SIGMA PHARMA LTDA;923140000131;1363942221;24/03/2022;2022-03-24;similar
LEFLUNOMIDA;EMS S/A;57.507.378/0003-65;1363523228;24/03/2022;2022-03-24;generico
SYGEN;TRB PHARMA INDÚSTRIA QUÍMICA E FARMACÊUTICA LTDA;61.455.192/0001-15;1360163221;24/03/2022;2022-03-24;biologico
Cloridrato de Verapamil;Aché Laboratórios Farmacêuticos S.A;60.659.463/0029-92;1359183221;24/03/2022;2022-03-24;generico
algestona acetofenida + enantato de estradiol;GERMED FARMACEUTICA LTDA;45.992.062/0001-65;1363806220;24/03/2022;2022-03-24;generico
bromazepam;Aché Laboratórios Farmacêuticos S.A;60.659.463/0029-92;1358949221;24/03/2022;2022-03-24;generico
ALGESTONA ACETOFENIDA + ENANTATO DE ESTRADIOL;EUROFARMA LABORATÓRIOS S.A.;61.190.096/0001-92;1373394226;25/03/2022;2022-03-25;generico
EQUITAM;EUROFARMA LABORATÓRIOS S.A.;61.190.096/0001-92;1374130222;25/03/2022;2022-03-25;fitoterapico
GEMZAR;ELI LILLY DO BRASIL LTDA;43.940.618/0001-44;1380636221;25/03/2022;2022-03-25;novo
REMICADE;JANSSEN-CILAG FARMACÊUTICA LTDA;51.780.468/0001-87;1374731226;25/03/2022;2022-03-25;biologico
FUROSEMIDA;LABORATÓRIO TEUTO BRASILEIRO S/A;17.159.229/0001-76;1378262221;25/03/2022;2022-03-25;generico
KESIMPTA;NOVARTIS BIOCIENCIAS S.A;56.994.502/0001-30;1382229224;25/03/2022;2022-03-25;biologico
DÁIVA;EUROFARMA LABORATÓRIOS S.A.;61.190.096/0001-92;1373538228;25/03/2022;2022-03-25;similar
Diflumid;LABORATÓRIO TEUTO BRASILEIRO S/A;17.159.229/0001-76;1378380223;25/03/2022;2022-03-25;similar
HYTOS PLUS;UNIÃO QUÍMICA FARMACÊUTICA NACIONAL S/A;60.665.981/0001-18;1381007228;25/03/2022;2022-03-25;similar
ATESTO;SUPERA FARMA LABORATÓRIOS S.A;43.312.503/0001-05;1377082229;25/03/2022;2022-03-25;similar
TORANTE;EUROFARMA LABORATÓRIOS S.A.;61.190.096/0001-92;1422482227;28/03/2022;2022-03-28;fitoterapico
KOIDE D;EUROFARMA LABORATÓRIOS S.A.;61.190.096/0001-92;1421943221;28/03/2022;2022-03-28;similar
NEOPROFEN;RECORDATI RARE DISEASES COMÉRCIO DE MEDICAMENTOS LTDA  - ME;53.056.057/0001-79;1423775228;28/03/2022;2022-03-28;novo
EMGALITY;ELI LILLY DO BRASIL LTDA;43.940.618/0001-44;1423750225;28/03/2022;2022-03-28;biologico
BUONA;EUROFARMA LABORATÓRIOS S.A.;61.190.096/0001-92;1416839224;28/03/2022;2022-03-28;fitoterapico
VERTIX;Aché Laboratórios Farmacêuticos S.A;60.659.463/0029-92;1416825223;28/03/2022;2022-03-28;similar
EXPECTOVIC;AIRELA INDÚSTRIA FARMACÊUTICA LTDA.;1858973000129;1424051223;28/03/2022;2022-03-28;similar
VANTIL;1FARMA INDUSTRIA FARMACEUTICA LTDA;48.113.906/0001-49;1426520221;28/03/2022;2022-03-28;similar
ZYMEA;ZYDUS NIKKHO FARMACÊUTICA LTDA;5254971000181;1424548225;28/03/2022;2022-03-28;similar
DACARB;EUROFARMA LABORATÓRIOS S.A.;61.190.096/0001-92;1422246221;28/03/2022;2022-03-28;similar
ZYPREXA;ELI LILLY DO BRASIL LTDA;43.940.618/0001-44;1421671221;28/03/2022;2022-03-28;novo
RENOVI B;SUPERA FARMA LABORATÓRIOS S.A;43.312.503/0001-05;1419504223;28/03/2022;2022-03-28;especifico
MIRTAZAPINA;AUROBINDO PHARMA INDÚSTRIA FARMACÊUTICA LIMITADA;4301884000175;1419952226;28/03/2022;2022-03-28;generico
levofloxacino;CIMED INDUSTRIA S.A;2814497000107;1420266225;28/03/2022;2022-03-28;generico
EMAMA;EUROFARMA LABORATÓRIOS S.A.;61.190.096/0001-92;1419215221;28/03/2022;2022-03-28;especifico
VITER C;NATULAB LABORATÓRIO S.A;2456955000183;1425053220;28/03/2022;2022-03-28;especifico
DIEVARI;EUROFARMA LABORATÓRIOS S.A.;61.190.096/0001-92;1416575227;28/03/2022;2022-03-28;especifico
furosemida;GEOLAB INDÚSTRIA FARMACÊUTICA S/A;3485572000104;1440883220;29/03/2022;2022-03-29;generico
NITRATO DE MICONAZOL;CIMED INDUSTRIA S.A;2814497000107;1435415221;29/03/2022;2022-03-29;generico
CLORIDRATO DE METOCLOPRAMIDA;HIPOLABOR FARMACEUTICA LTDA;19.570.720/0001-10;1438763221;29/03/2022;2022-03-29;generico
CYLOCORT;UNIÃO QUÍMICA FARMACÊUTICA NACIONAL S/A;60.665.981/0001-18;1438525222;29/03/2022;2022-03-29;similar
NEOSEMID;BRAINFARMA INDÚSTRIA QUÍMICA E FARMACÊUTICA S.A;5161069000110;1439509221;29/03/2022;2022-03-29;similar
OMEPRAZOL;HIPOLABOR FARMACEUTICA LTDA;19.570.720/0001-10;1438826222;29/03/2022;2022-03-29;generico
paracetamol;CIMED INDUSTRIA S.A;2814497000107;1439031223;29/03/2022;2022-03-29;generico
Acetilcisteina;UNIÃO QUÍMICA FARMACÊUTICA NACIONAL S/A;60.665.981/0001-18;1436859221;29/03/2022;2022-03-29;generico
PROTEFIGAN SM;KLEY HERTZ FARMACEUTICA S.A;92.695.691/0001-03;1451668228;30/03/2022;2022-03-30;fitoterapico
SPOX;CRISTÁLIA PRODUTOS QUÍMICOS FARMACÊUTICOS LTDA.;44.734.671/0001-51;1451879229;30/03/2022;2022-03-30;similar
ALIMTA;ELI LILLY DO BRASIL LTDA;43.940.618/0001-44;1451996225;30/03/2022;2022-03-30;novo
ARPATABS;KLEY HERTZ FARMACEUTICA S.A;92.695.691/0001-03;1451820224;30/03/2022;2022-03-30;fitoterapico
CICLADOL;CHIESI FARMACÊUTICA LTDA;61.363.032/0001-46;1449087221;30/03/2022;2022-03-30;similar
bromidrato de galantamina;FUNDAÇÃO PARA O REMÉDIO POPULAR - FURP;43.640.754/0001-19;1472896220;31/03/2022;2022-03-31;generico
entricitabina + fumarato de tenofovir desoproxila;FUNDAÇÃO OSWALDO CRUZ;33.781.055/0001-35;1471099229;31/03/2022;2022-03-31;generico
GARDENAL;SANOFI MEDLEY FARMACÊUTICA LTDA.;10.588.595/0010-92;1468142224;31/03/2022;2022-03-31;novo
INSUNORM R;ASPEN PHARMA INDÚSTRIA FARMACÊUTICA LTDA;2433631000120;1473099226;31/03/2022;2022-03-31;biologico
PULMOZYME;PRODUTOS ROCHE QUÍMICOS E FARMACÊUTICOS S.A.;33.009.945/0001-23;1468529226;31/03/2022;2022-03-31;novo
INSUNORM N;ASPEN PHARMA INDÚSTRIA FARMACÊUTICA LTDA;2433631000120;1473228221;31/03/2022;2022-03-31;biologico
SLOW-K;UNIÃO QUÍMICA FARMACÊUTICA NACIONAL S/A;60.665.981/0001-18;1468541226;31/03/2022;2022-03-31;especifico
ALDIJET;SUPERA FARMA LABORATÓRIOS S.A;43.312.503/0001-05;1466775220;31/03/2022;2022-03-31;similar
TENSART PRO;MYRALIS INDÚSTRIA FARMACÊUTICA LTDA;17.440.261/0001-25;1464717222;31/03/2022;2022-03-31;fitoterapico
dicloridrato de trimetazidina;PHARLAB INDÚSTRIA FARMACÊUTICA S.A.;2501297000102;1470813220;31/03/2022;2022-03-31;generico
HELMILAB;NATULAB LABORATÓRIO S.A;2456955000183;1481662228;01/04/2022;2022-04-01;similar
NATULAXE;NATULAB LABORATÓRIO S.A;2456955000183;1479830224;01/04/2022;2022-04-01;fitoterapico
Olumiant;ELI LILLY DO BRASIL LTDA;43.940.618/0001-44;1485221226;01/04/2022;2022-04-01;novo
CAFILISADOR;COSMED INDUSTRIA DE COSMETICOS E MEDICAMENTOS S.A.;61.082.426/0002-07;1484752228;01/04/2022;2022-04-01;novo
DIAMOX;UNIÃO QUÍMICA FARMACÊUTICA NACIONAL S/A;60.665.981/0001-18;1480515221;01/04/2022;2022-04-01;novo
CLORIDRATO DE BUPROPIONA;UNIÃO QUÍMICA FARMACÊUTICA NACIONAL S/A;60.665.981/0001-18;1481477226;01/04/2022;2022-04-01;generico
Teriflunomida;NATCOFARMA DO BRASIL LTDA;8157293000127;1485066221;01/04/2022;2022-04-01;generico
RIFOTRAT;NATULAB LABORATÓRIO S.A;2456955000183;1483047229;01/04/2022;2022-04-01;similar
PARACETAMOL;PRATI DONADUZZI & CIA LTDA;73.856.593/0001-66;1483507220;01/04/2022;2022-04-01;generico
CEREZYME;SANOFI MEDLEY FARMACÊUTICA LTDA.;10.588.595/0010-92;1482756226;01/04/2022;2022-04-01;biologico
FIBRYGA;OCTAPHARMA BRASIL LTDA;2552927000160;1480604224;01/04/2022;2022-04-01;biologico
UNIMEDROL;UNIÃO QUÍMICA FARMACÊUTICA NACIONAL S/A;60.665.981/0001-18;1486464220;01/04/2022;2022-04-01;similar
EPAPHYTO;NATULAB LABORATÓRIO S.A;2456955000183;1479932221;01/04/2022;2022-04-01;fitoterapico
Vidaza;UNITED MEDICAL LTDA;68.949.239/0001-46;1479526223;01/04/2022;2022-04-01;novo
VACINA ROTAVÍRUS HUMANO G1P[8] (ATENUADA);FUNDAÇÃO OSWALDO CRUZ;33.781.055/0001-35;1485892228;01/04/2022;2022-04-01;biologico
cloridrato de granisetrona;EUROFARMA LABORATÓRIOS S.A.;61.190.096/0001-92;1481782223;01/04/2022;2022-04-01;generico
ECOS;UNIÃO QUÍMICA FARMACÊUTICA NACIONAL S/A;60.665.981/0001-18;1485467225;01/04/2022;2022-04-01;similar
PARACETAMOL;PRATI DONADUZZI & CIA LTDA;73.856.593/0001-66;1520675224;04/04/2022;2022-04-04;generico
ALBEL;GEOLAB INDÚSTRIA FARMACÊUTICA S/A;3485572000104;1523559225;04/04/2022;2022-04-04;similar
TYNNA;SUPERA FARMA LABORATÓRIOS S.A;43.312.503/0001-05;1522820221;04/04/2022;2022-04-04;similar
CORUS;Aché Laboratórios Farmacêuticos S.A;60.659.463/0029-92;1523945222;04/04/2022;2022-04-04;novo
VENDEXLA;EUROFARMA LABORATÓRIOS S.A.;61.190.096/0001-92;1520407220;04/04/2022;2022-04-04;similar
CIMECORT;CIMED INDUSTRIA S.A;2814497000107;1519771223;04/04/2022;2022-04-04;similar
NORELBIN;EUROFARMA LABORATÓRIOS S.A.;61.190.096/0001-92;1524392227;04/04/2022;2022-04-04;similar
SUCCINIL COLIN;UNIÃO QUÍMICA FARMACÊUTICA NACIONAL S/A;60.665.981/0001-18;1539220222;05/04/2022;2022-04-05;similar
BELFAREN;BELFAR LTDA;18.324.343/0001-77;1535215224;05/04/2022;2022-04-05;similar
Riscard;BIOLAB SANUS FARMACÊUTICA LTDA;49.475.833/0001-06;1539682226;05/04/2022;2022-04-05;novo
CORTISONAL;UNIÃO QUÍMICA FARMACÊUTICA NACIONAL S/A;60.665.981/0001-18;1538431220;05/04/2022;2022-04-05;similar
DICLOFENACO SODICO;BELFAR LTDA;18.324.343/0001-77;1535467223;05/04/2022;2022-04-05;generico
Letrozol;NATCOFARMA DO BRASIL LTDA;8157293000127;1535214228;05/04/2022;2022-04-05;generico
CETOCONAZOL;CIMED INDUSTRIA S.A;2814497000107;1538185229;05/04/2022;2022-04-05;generico
CALCITRAN B12;FARMOQUÍMICA S/A;33.349.473/0001-58;1539321223;05/04/2022;2022-04-05;especifico
finasterida;CIMED INDUSTRIA S.A;2814497000107;1555882226;06/04/2022;2022-04-06;generico
EMSFEB EFE;EMS S/A;57.507.378/0003-65;1551110229;06/04/2022;2022-04-06;generico
BIO MANGUINHOS INFLIXIMABE;FUNDAÇÃO OSWALDO CRUZ;33.781.055/0001-35;1551093227;06/04/2022;2022-04-06;biologico
EMSGRIP CAF;EMS S/A;57.507.378/0003-65;1547066229;06/04/2022;2022-04-06;similar
BICONCOR;MERCK S/A;33.069.212/0001-84;1546449221;06/04/2022;2022-04-06;novo
DORSANOL;MULTILAB INDUSTRIA E COMERCIO DE PRODUTOS FARMACEUTICOS LTDA;92.265.552/0009-05;1550921223;06/04/2022;2022-04-06;similar
PARACETAMOL;EMS S/A;57.507.378/0003-65;1546935223;06/04/2022;2022-04-06;generico
CONCOR HCT;MERCK S/A;33.069.212/0001-84;1546335226;06/04/2022;2022-04-06;novo
PARACETAMOL;EMS S/A;57.507.378/0003-65;1546910221;06/04/2022;2022-04-06;generico
paracetamol;EMS S/A;57.507.378/0003-65;1546652221;06/04/2022;2022-04-06;generico
paracetamol + cafeína;EMS S/A;57.507.378/0003-65;1546991221;06/04/2022;2022-04-06;generico
PARACETAMOL;GERMED FARMACEUTICA LTDA;45.992.062/0001-65;1552648222;06/04/2022;2022-04-06;generico
PARACETAMOL + CLORIDRATO DE PSEUDOEFEDRINA;EMS S/A;57.507.378/0003-65;1547111224;06/04/2022;2022-04-06;generico
paracetamol + cloridrato de pseudoefedrina;GERMED FARMACEUTICA LTDA;45.992.062/0001-65;1569138222;07/04/2022;2022-04-07;generico
VANCOTRAT;UNIÃO QUÍMICA FARMACÊUTICA NACIONAL S/A;60.665.981/0001-18;1586768221;07/04/2022;2022-04-07;similar
ETNA;LABORATÓRIO GROSS S. A.;33.145.194/0001-72;1569751226;07/04/2022;2022-04-07;similar
PARALGEN;LEGRAND PHARMA INDÚSTRIA FARMACÊUTICA LTDA;5044984000126;1572731222;07/04/2022;2022-04-07;similar
CYRAMZA;ELI LILLY DO BRASIL LTDA;43.940.618/0001-44;1596863226;07/04/2022;2022-04-07;biologico
paracetamol+cafeína;LEGRAND PHARMA INDÚSTRIA FARMACÊUTICA LTDA;5044984000126;1573437221;07/04/2022;2022-04-07;generico
DICLORIDRATO DE LEVOCETIRIZINA;EUROFARMA LABORATÓRIOS S.A.;61.190.096/0001-92;1591473225;07/04/2022;2022-04-07;generico
PARACETAMOL;LEGRAND PHARMA INDÚSTRIA FARMACÊUTICA LTDA;5044984000126;1573123226;07/04/2022;2022-04-07;generico
esomeprazol magnésico;SANOFI MEDLEY FARMACÊUTICA LTDA.;10.588.595/0010-92;1584703229;07/04/2022;2022-04-07;generico
PARACETAMOL;LEGRAND PHARMA INDÚSTRIA FARMACÊUTICA LTDA;5044984000126;1573371220;07/04/2022;2022-04-07;generico
PARACETAMOL;LEGRAND PHARMA INDÚSTRIA FARMACÊUTICA LTDA;5044984000126;1571317228;07/04/2022;2022-04-07;generico
paracetamol;GERMED FARMACEUTICA LTDA;45.992.062/0001-65;1568897227;07/04/2022;2022-04-07;generico
paracetamol + cafeína;GERMED FARMACEUTICA LTDA;45.992.062/0001-65;1568987226;07/04/2022;2022-04-07;generico
DORSANOL;MULTILAB INDUSTRIA E COMERCIO DE PRODUTOS FARMACEUTICOS LTDA;92.265.552/0009-05;1568365225;07/04/2022;2022-04-07;similar
CLORIDRATO DE DOPAMINA;UNIÃO QUÍMICA FARMACÊUTICA NACIONAL S/A;60.665.981/0001-18;1691602221;08/04/2022;2022-04-08;generico
BUTALAB;NATULAB LABORATÓRIO S.A;2456955000183;1657776221;08/04/2022;2022-04-08;similar
Sedamed;CIMED INDUSTRIA S.A;2814497000107;1717102221;08/04/2022;2022-04-08;similar
VITDERA D3;VITAMEDIC INDUSTRIA FARMACEUTICA LTDA;30.222.814/0001-31;1664292225;08/04/2022;2022-04-08;especifico
DORNOT;UNIÃO QUÍMICA FARMACÊUTICA NACIONAL S/A;60.665.981/0001-18;1689473223;08/04/2022;2022-04-08;similar
Pneumucil;LABORATÓRIO TEUTO BRASILEIRO S/A;17.159.229/0001-76;1668498227;08/04/2022;2022-04-08;similar
hemitartarato de zolpidem;EUROFARMA LABORATÓRIOS S.A.;61.190.096/0001-92;1665672226;08/04/2022;2022-04-08;generico
IMICIL;UNIÃO QUÍMICA FARMACÊUTICA NACIONAL S/A;60.665.981/0001-18;1689263229;08/04/2022;2022-04-08;similar
Acetilcisteína;LABORATÓRIO TEUTO BRASILEIRO S/A;17.159.229/0001-76;1660489229;08/04/2022;2022-04-08;generico
mirtazapina;AUROBINDO PHARMA INDÚSTRIA FARMACÊUTICA LIMITADA;4301884000175;1666508225;08/04/2022;2022-04-08;generico
BORMIB;CRISTÁLIA PRODUTOS QUÍMICOS FARMACÊUTICOS LTDA.;44.734.671/0001-51;1662476221;08/04/2022;2022-04-08;similar
cloridrato de irinotecano;EUROFARMA LABORATÓRIOS S.A.;61.190.096/0001-92;1652623221;08/04/2022;2022-04-08;generico
NISTAMAX;NATULAB LABORATÓRIO S.A;2456955000183;1657002225;08/04/2022;2022-04-08;similar
CLORIDRATO DE CICLOBENZAPRINA;CIMED INDUSTRIA S.A;2814497000107;1669497224;08/04/2022;2022-04-08;generico
CETILPLEX;BRAINFARMA INDÚSTRIA QUÍMICA E FARMACÊUTICA S.A;5161069000110;2132597227;11/04/2022;2022-04-11;similar
LEVIOSA;LEGRAND PHARMA INDÚSTRIA FARMACÊUTICA LTDA;5044984000126;2179887221;11/04/2022;2022-04-11;similar
Acido Mefenamico;SANOFI MEDLEY FARMACÊUTICA LTDA.;10.588.595/0010-92;2152459229;11/04/2022;2022-04-11;generico
CLORIDRATO DE VARDENAFILA;EMS S/A;57.507.378/0003-65;2175047229;11/04/2022;2022-04-11;generico
PERCOIDE;EUROFARMA LABORATÓRIOS S.A.;61.190.096/0001-92;2180529228;11/04/2022;2022-04-11;similar
NATRILIX;LABORATÓRIOS SERVIER DO BRASIL LTDA;42.374.207/0001-76;2322298221;12/04/2022;2022-04-12;novo
HOMINUS;EUROFARMA LABORATÓRIOS S.A.;61.190.096/0001-92;2288289228;12/04/2022;2022-04-12;similar
GLIBENCLAMIDA;BRAINFARMA INDÚSTRIA QUÍMICA E FARMACÊUTICA S.A;5161069000110;2285678223;12/04/2022;2022-04-12;generico
FUMARATO DE TENOFOVIR DESOPROXILA;FUNDAÇÃO EZEQUIEL DIAS - FUNED;17.503.475/0001-01;2303261228;12/04/2022;2022-04-12;generico
ACETILCISTEÍNA;GEOLAB INDÚSTRIA FARMACÊUTICA S/A;3485572000104;2298740224;12/04/2022;2022-04-12;generico
LITERATA;CRISTÁLIA PRODUTOS QUÍMICOS FARMACÊUTICOS LTDA.;44.734.671/0001-51;2291265229;12/04/2022;2022-04-12;similar
VARMUVE;EMS S/A;57.507.378/0003-65;2296763227;12/04/2022;2022-04-12;similar
BÁLSAMO BRANCO;LABORATORIO CATARINENSE LTDA;84.684.620/0001-87;2406718221;13/04/2022;2022-04-13;fitoterapico
FOSFATO SÓDICO DE PREDNISOLONA;GERMED FARMACEUTICA LTDA;45.992.062/0001-65;2382935227;13/04/2022;2022-04-13;generico
CLORIDRATO DE PAROXETINA;EMS S/A;57.507.378/0003-65;2379162221;13/04/2022;2022-04-13;generico
DAMATER;Althaia S.A Indústria Farmacêutica;48.344.725/0007-19;2404444221;13/04/2022;2022-04-13;especifico
PREDNISOLONA;LEGRAND PHARMA INDÚSTRIA FARMACÊUTICA LTDA;5044984000126;2384949225;13/04/2022;2022-04-13;generico
BROMETO DE PINAVÉRIO;LEGRAND PHARMA INDÚSTRIA FARMACÊUTICA LTDA;5044984000126;2384156225;13/04/2022;2022-04-13;generico
CLORIDRATO DE PAROXETINA;LEGRAND PHARMA INDÚSTRIA FARMACÊUTICA LTDA;5044984000126;2384549227;13/04/2022;2022-04-13;generico
PRED-GRAN;LEGRAND PHARMA INDÚSTRIA FARMACÊUTICA LTDA;5044984000126;2384920227;13/04/2022;2022-04-13;similar
CLORIDRATO DE PAROXETINA;GERMED FARMACEUTICA LTDA;45.992.062/0001-65;2382861223;13/04/2022;2022-04-13;generico
PREDNISOLONA;GERMED FARMACEUTICA LTDA;45.992.062/0001-65;2384100220;13/04/2022;2022-04-13;generico
Brometo de pinavério;EMS S/A;57.507.378/0003-65;2378871228;13/04/2022;2022-04-13;generico
FOSFATO SÓDICO DE PREDNISOLONA;EMS S/A;57.507.378/0003-65;2379436223;13/04/2022;2022-04-13;generico
BROMETO DE PINAVÉRIO;GERMED FARMACEUTICA LTDA;45.992.062/0001-65;2382649224;13/04/2022;2022-04-13;generico
EMS-PRED;EMS S/A;57.507.378/0003-65;2380806225;13/04/2022;2022-04-13;similar
ARTRITEC;PHARLAB INDÚSTRIA FARMACÊUTICA S.A.;2501297000102;2414308222;14/04/2022;2022-04-14;similar
LUXTURNA;NOVARTIS BIOCIENCIAS S.A;56.994.502/0001-30;2418046222;14/04/2022;2022-04-14;prod_tp
meloxicam;PHARLAB INDÚSTRIA FARMACÊUTICA S.A.;2501297000102;2414286229;14/04/2022;2022-04-14;generico
cloridrato de fluoxetina;PHARLAB INDÚSTRIA FARMACÊUTICA S.A.;2501297000102;2411031220;14/04/2022;2022-04-14;generico
Salonpas Adesivo;HISAMITSU FARMACÊUTICA DO BRASIL LTDA;49.383.250/0001-47;2414375221;14/04/2022;2022-04-14;especifico
TETRALYSAL;GALDERMA BRASIL LTDA;317372000146;2418209229;14/04/2022;2022-04-14;novo
TREZETE;Aché Laboratórios Farmacêuticos S.A;60.659.463/0029-92;2416633228;14/04/2022;2022-04-14;novo
ZAVESCA;JANSSEN - CILAG FARMACÊUTICA LTDA;51.780.468/0001-87;2418881229;14/04/2022;2022-04-14;novo
Orkambi;VERTEX FARMACEUTICA DO BRASIL LTDA.;21.798.065/0001-02;2452384224;18/04/2022;2022-04-18;novo
paracetamol;LABORATÓRIO GLOBO SA;17.115.437/0001-73;2452190225;18/04/2022;2022-04-18;generico
ORKAMBI;VERTEX FARMACEUTICA DO BRASIL LTDA.;21.798.065/0001-02;2452139220;18/04/2022;2022-04-18;novo
CLORIDRATO DE PAROXETINA (PORTARIA 344/98 LISTA C1);EUROFARMA LABORATÓRIOS S.A.;61.190.096/0001-92;2445533228;18/04/2022;2022-04-18;generico
AKALMESE;AIRELA INDÚSTRIA FARMACÊUTICA LTDA.;1858973000129;2454210223;18/04/2022;2022-04-18;fitoterapico
ampicilina;EUROFARMA LABORATÓRIOS S.A.;61.190.096/0001-92;2446455221;18/04/2022;2022-04-18;generico
LEGRACE;LEGRAND PHARMA INDÚSTRIA FARMACÊUTICA LTDA;5044984000126;2468974221;19/04/2022;2022-04-19;similar
PARACETAMOL;MEDQUIMICA INDUSTRIA FARMACEUTICA LTDA.;17.875.154/0001-20;2464422223;19/04/2022;2022-04-19;generico
TORAGESIC OFTA;EMS SIGMA PHARMA LTDA;923140000131;2469080223;19/04/2022;2022-04-19;similar
INDOSSO;EUROFARMA LABORATÓRIOS S.A.;61.190.096/0001-92;2460255225;19/04/2022;2022-04-19;similar
paracetamol;MEDQUIMICA INDUSTRIA FARMACEUTICA LTDA.;17.875.154/0001-20;2464542229;19/04/2022;2022-04-19;generico
TYLAFLEX;MEDQUIMICA INDUSTRIA FARMACEUTICA LTDA.;17.875.154/0001-20;2464665223;19/04/2022;2022-04-19;similar
piroxicam;PHARLAB INDÚSTRIA FARMACÊUTICA S.A.;2501297000102;2466676222;19/04/2022;2022-04-19;generico
acetato de ciproterona + etinilestradiol;CIFARMA CIENTÍFICA FARMACÊUTICA LTDA;17.562.075/0001-69;2462712224;19/04/2022;2022-04-19;generico
FARMOXICAM;PHARLAB INDÚSTRIA FARMACÊUTICA S.A.;2501297000102;2461990221;19/04/2022;2022-04-19;similar
FATOR IX DE COAGULAÇÃO HEMOBRÁS;EMPRESA BRASILEIRA DE HEMODERIVADOS E BIOTECNOLOGIA;7607851000146;2479719227;20/04/2022;2022-04-20;similar
CLORIDRATO DE METOCLOPRAMIDA;CIMED INDUSTRIA S.A;2814497000107;2477480227;20/04/2022;2022-04-20;generico
SINCRO XR;EUROFARMA LABORATÓRIOS S.A.;61.190.096/0001-92;2478672227;20/04/2022;2022-04-20;similar
AMINOSTERIL N-HEPA 8%;FRESENIUS KABI BRASIL LTDA;49.324.221/0001-04;2477666223;20/04/2022;2022-04-20;especifico
Pasurta;NOVARTIS BIOCIENCIAS S.A;56.994.502/0001-30;2479828221;20/04/2022;2022-04-20;biologico
LFM-PARACETAMOL;LABORATÓRIO FARMACÊUTICO DA MARINHA;394502007157;2480049221;20/04/2022;2022-04-20;similar
cloridrato de fluoxetina;LABORATÓRIO TEUTO BRASILEIRO S/A;17.159.229/0001-76;2477582224;20/04/2022;2022-04-20;generico
PLAVIX;SANOFI MEDLEY FARMACÊUTICA LTDA.;10.588.595/0010-92;2478629224;20/04/2022;2022-04-20;novo
PROZAC;ELI LILLY DO BRASIL LTDA;43.940.618/0001-44;2479537226;20/04/2022;2022-04-20;novo
brometo de rocurônio;MYLAN LABORATORIOS LTDA;11.643.096/0001-22;2481128222;20/04/2022;2022-04-20;generico
ELONVA;ORGANON FARMACÊUTICA LTDA.;45.987.013/0001-34;2479248224;20/04/2022;2022-04-20;biologico
Hexaxim;SANOFI MEDLEY FARMACÊUTICA LTDA.;10.588.595/0010-92;2480498221;20/04/2022;2022-04-20;biologico
FATOR VIII DE COAGULAÇÃO HEMOBRÁS;EMPRESA BRASILEIRA DE HEMODERIVADOS E BIOTECNOLOGIA;7607851000146;2479699226;20/04/2022;2022-04-20;biologico
SHINGRIX;GLAXOSMITHKLINE BRASIL LTDA;33.247.743/0001-10;2482281229;20/04/2022;2022-04-20;biologico
Pondera XR;EUROFARMA LABORATÓRIOS S.A.;61.190.096/0001-92;2478663228;20/04/2022;2022-04-20;similar
PAROX;LABORATÓRIO TEUTO BRASILEIRO S/A;17.159.229/0001-76;2526105226;25/04/2022;2022-04-25;similar
capecitabina;LABORATÓRIO QUÍMICO FARMACÊUTICO BERGAMO LTDA;61.282.661/0001-41;2527969224;25/04/2022;2022-04-25;generico
ALURAX;EUROFARMA LABORATÓRIOS S.A.;61.190.096/0001-92;2517857229;25/04/2022;2022-04-25;similar
Toux;LABORATÓRIO FARMACÊUTICO ELOFAR LTDA;83.874.628/0001-43;2518244221;25/04/2022;2022-04-25;fitoterapico
CITOBÊ;EUROFARMA LABORATÓRIOS S.A.;61.190.096/0001-92;2519488221;25/04/2022;2022-04-25;especifico
cloridrato de fluoxetina;PHARMASCIENCE INDÚSTRIA FARMACÊUTICA LTDA;25.773.037/0001-83;2524383229;25/04/2022;2022-04-25;generico
MINILAX;EUROFARMA LABORATÓRIOS S.A.;61.190.096/0001-92;2517724229;25/04/2022;2022-04-25;especifico
fenobarbital (PORTARIA 344/98 LISTA B1);UNIÃO QUÍMICA FARMACÊUTICA NACIONAL S/A;60.665.981/0001-18;2538132223;26/04/2022;2022-04-26;generico
omeprazol;GERMED FARMACEUTICA LTDA;45.992.062/0001-65;2536831221;26/04/2022;2022-04-26;generico
SYLVANT;COLLECT IMPORTAÇÃO E COMÉRCIO LTDA;53.452.157/0001-14;2540063225;26/04/2022;2022-04-26;biologico
Coama;EMS S/A;57.507.378/0003-65;2535665221;26/04/2022;2022-04-26;similar
HEPATILON;KLEY HERTZ FARMACEUTICA S.A;92.695.691/0001-03;2537611225;26/04/2022;2022-04-26;fitoterapico
ZEJULA;GLAXOSMITHKLINE BRASIL LTDA;33.247.743/0001-10;2540877222;26/04/2022;2022-04-26;novo
DOXURAN;SANDOZ DO BRASIL INDÚSTRIA FARMACÊUTICA LTDA;61.286.647/0001-16;2535955229;26/04/2022;2022-04-26;similar
EPÉZ;TORRENT DO BRASIL LTDA;33.078.528/0001-32;2535375222;26/04/2022;2022-04-26;similar
paracetamol;LABORATÓRIO TEUTO BRASILEIRO S/A;17.159.229/0001-76;2536377229;26/04/2022;2022-04-26;generico
pemetrexede dissódico;MYLAN LABORATORIOS LTDA;11.643.096/0001-22;2535666227;26/04/2022;2022-04-26;generico
omeprazol;EMS S/A;57.507.378/0003-65;2535780224;26/04/2022;2022-04-26;generico
CARBOPLATINA;ACCORD FARMACÊUTICA LTDA;64.171.697/0001-46;2536501221;26/04/2022;2022-04-26;generico
TYLIDOL;LABORATÓRIO TEUTO BRASILEIRO S/A;17.159.229/0001-76;2536587223;26/04/2022;2022-04-26;similar
citrato de sildenafila;CIMED INDUSTRIA S.A;2814497000107;2535625229;26/04/2022;2022-04-26;generico
PLESONAX;BRAINFARMA INDÚSTRIA QUÍMICA E FARMACÊUTICA S.A;5161069000110;2538234221;26/04/2022;2022-04-26;similar
FURP - PARACETAMOL;FUNDAÇÃO PARA O REMÉDIO POPULAR - FURP;43.640.754/0001-19;2537613228;26/04/2022;2022-04-26;similar
BRANTA;TORRENT DO BRASIL LTDA;33.078.528/0001-32;2536660222;26/04/2022;2022-04-26;novo
NISULID;Aché Laboratórios Farmacêuticos S.A;60.659.463/0029-92;2538914221;26/04/2022;2022-04-26;novo
mirtazapina;EMS S/A;57.507.378/0003-65;2535637227;26/04/2022;2022-04-26;generico
mirtazapina;LEGRAND PHARMA INDÚSTRIA FARMACÊUTICA LTDA;5044984000126;2537361229;26/04/2022;2022-04-26;generico
mesilato de doxazosina;NOVARTIS BIOCIENCIAS S.A;56.994.502/0001-30;2535176220;26/04/2022;2022-04-26;generico
MESILATO DE DOXAZOSINA;SANDOZ DO BRASIL INDÚSTRIA FARMACÊUTICA LTDA;61.286.647/0001-16;2536007227;26/04/2022;2022-04-26;generico
FENOBARBITAL;UNIÃO QUÍMICA FARMACÊUTICA NACIONAL S/A;60.665.981/0001-18;2537759222;26/04/2022;2022-04-26;generico
UNI-VIR;UNIÃO QUÍMICA FARMACÊUTICA NACIONAL S/A;60.665.981/0001-18;2533948225;26/04/2022;2022-04-26;similar
CICLO 21;UNIÃO QUÍMICA FARMACÊUTICA NACIONAL S/A;60.665.981/0001-18;2564591221;27/04/2022;2022-04-27;similar
CALNATE;EUROFARMA LABORATÓRIOS S.A.;61.190.096/0001-92;2549154223;27/04/2022;2022-04-27;similar
CLORIDRATO DE ONDANSENTRONA;UNIÃO QUÍMICA FARMACÊUTICA NACIONAL S/A;60.665.981/0001-18;2561522229;27/04/2022;2022-04-27;generico
CLORIDRATO DE PAROXETINA;LABORATÓRIO TEUTO BRASILEIRO S/A;17.159.229/0001-76;2556097221;27/04/2022;2022-04-27;generico
Bromoprida;UNIÃO QUÍMICA FARMACÊUTICA NACIONAL S/A;60.665.981/0001-18;2563729220;27/04/2022;2022-04-27;generico
COLUJET;CIMED INDUSTRIA S.A;2814497000107;2564720226;27/04/2022;2022-04-27;similar
BESILATO DE ANLODIPINO + LOSARTANA POTÁSSICA;EMS S/A;57.507.378/0003-65;2563850223;27/04/2022;2022-04-27;generico
PARACETAMOL;Aché Laboratórios Farmacêuticos S.A;60.659.463/0029-92;2549269225;27/04/2022;2022-04-27;generico
CORTIFAR;LABORATÓRIO FARMACÊUTICO ELOFAR LTDA;83.874.628/0001-43;2620517222;28/04/2022;2022-04-28;similar
ZOPIX;EMS S/A;57.507.378/0003-65;2627369229;28/04/2022;2022-04-28;similar
NUVARING;ORGANON FARMACÊUTICA LTDA.;45.987.013/0001-34;2622716222;28/04/2022;2022-04-28;novo
OCTAPLEX;OCTAPHARMA BRASIL LTDA;2552927000160;2607653223;28/04/2022;2022-04-28;biologico
ARPADOL;APSEN FARMACEUTICA S/A;62.462.015/0001-29;2615921223;28/04/2022;2022-04-28;fitoterapico
BASAGLAR;ELI LILLY DO BRASIL LTDA;43.940.618/0001-44;2620319226;28/04/2022;2022-04-28;biologico
olanzapina;EMS S/A;57.507.378/0003-65;2626305227;28/04/2022;2022-04-28;generico
acebrofilina;CIMED INDUSTRIA S.A;2814497000107;2621696228;28/04/2022;2022-04-28;generico
ORGALUTRAN;ORGANON FARMACÊUTICA LTDA.;45.987.013/0001-34;2622814224;28/04/2022;2022-04-28;novo
POLYCID;UNIÃO QUÍMICA FARMACÊUTICA NACIONAL S/A;60.665.981/0001-18;2602281221;28/04/2022;2022-04-28;similar
olanzapina;GERMED FARMACEUTICA LTDA;45.992.062/0001-65;2627382225;28/04/2022;2022-04-28;generico
FUZEON;PRODUTOS ROCHE QUÍMICOS E FARMACÊUTICOS S.A.;33.009.945/0001-23;2632959225;29/04/2022;2022-04-29;novo
cloridrato de gencitabina;EUROFARMA LABORATÓRIOS S.A.;61.190.096/0001-92;2634162227;29/04/2022;2022-04-29;generico
VENOCEL;CIFARMA CIENTÍFICA FARMACÊUTICA LTDA;17.562.075/0001-69;2638914223;29/04/2022;2022-04-29;fitoterapico
PULMICORT;ASTRAZENECA DO BRASIL LTDA;60.318.797/0001-00;2637467223;29/04/2022;2022-04-29;novo
HORMUS;EUROFARMA LABORATÓRIOS S.A.;61.190.096/0001-92;2636677224;29/04/2022;2022-04-29;similar
KADCYLA;PRODUTOS ROCHE QUÍMICOS E FARMACÊUTICOS S.A.;33.009.945/0001-23;2633365221;29/04/2022;2022-04-29;biologico
amoxicilina sódica + clavulanato de potássio;FRESENIUS KABI BRASIL LTDA;49.324.221/0001-04;2637738227;29/04/2022;2022-04-29;generico
cloridrato de midazolam;FRESENIUS KABI BRASIL LTDA;49.324.221/0001-04;2639060228;29/04/2022;2022-04-29;generico
DECNAZOL;PHARLAB INDÚSTRIA FARMACÊUTICA S.A.;2501297000102;2635251223;29/04/2022;2022-04-29;similar
nimesulida;UNIÃO QUÍMICA FARMACÊUTICA NACIONAL S/A;60.665.981/0001-18;2632504228;29/04/2022;2022-04-29;generico
VACINA SARAMPO, RUBÉOLA (ATENUADA);FUNDAÇÃO OSWALDO CRUZ;33.781.055/0001-35;2635310220;29/04/2022;2022-04-29;biologico
nitrato de miconazol;CIMED INDUSTRIA S.A;2814497000107;2633435220;29/04/2022;2022-04-29;generico
KETAMIN;CRISTÁLIA PRODUTOS QUÍMICOS FARMACÊUTICOS LTDA.;44.734.671/0001-51;2637247223;29/04/2022;2022-04-29;similar
azacitidina;UNITED MEDICAL LTDA;68.949.239/0001-46;2646062222;30/04/2022;2022-04-30;generico
ANDOLBA;EUROFARMA LABORATÓRIOS S.A.;61.190.096/0001-92;2658089228;02/05/2022;2022-05-02;novo
VANNAIR;ASTRAZENECA DO BRASIL LTDA;60.318.797/0001-00;2659805229;02/05/2022;2022-05-02;novo
SYMBICORT;ASTRAZENECA DO BRASIL LTDA;60.318.797/0001-00;2659833222;02/05/2022;2022-05-02;similar
imipenem + cilastatina;ANTIBIÓTICOS DO BRASIL LTDA;5439635000103;2659239223;02/05/2022;2022-05-02;generico
TYLALGIN;GEOLAB INDÚSTRIA FARMACÊUTICA S/A;3485572000104;2656443229;02/05/2022;2022-05-02;similar
CAMOMILA COMPOSTA CATARINENSE;LABORATORIO CATARINENSE LTDA;84.684.620/0001-87;2658672225;02/05/2022;2022-05-02;fitoterapico
VITACID PLUS;THERASKIN FARMACEUTICA LTDA.;61.517.397/0001-88;2658718225;02/05/2022;2022-05-02;similar
FITOVITAL;LABORATORIO CATARINENSE LTDA;84.684.620/0001-87;2659265224;02/05/2022;2022-05-02;fitoterapico
LEVOID;Aché Laboratórios Farmacêuticos S.A;60.659.463/0029-92;2659157227;02/05/2022;2022-05-02;novo
CATUAMA;LABORATORIO CATARINENSE LTDA;84.684.620/0001-87;2658637225;02/05/2022;2022-05-02;fitoterapico
TYLALGIN CAF;GEOLAB INDÚSTRIA FARMACÊUTICA S/A;3485572000104;2656706220;02/05/2022;2022-05-02;similar
LIDOPASS;1FARMA INDUSTRIA FARMACEUTICA LTDA;48.113.906/0001-49;2659813221;02/05/2022;2022-05-02;similar
PARACETAMOL;GEOLAB INDÚSTRIA FARMACÊUTICA S/A;3485572000104;2656730228;02/05/2022;2022-05-02;generico
VICOG;MARJAN INDÚSTRIA E COMÉRCIO LTDA;60.726.692/0001-81;2668366224;03/05/2022;2022-05-03;novo
OXSORALEN;BL INDÚSTRIA OTICA LTDA;27.011.022/0001-03;2667222229;03/05/2022;2022-05-03;similar
GINKGO CATARINENSE;LABORATORIO CATARINENSE LTDA;84.684.620/0001-87;2668662222;03/05/2022;2022-05-03;fitoterapico
G500 BALSÂMICO;LABORATORIO CATARINENSE LTDA;84.684.620/0001-87;2668650224;03/05/2022;2022-05-03;fitoterapico
SCAFLOGIN GOTAS;LABORATÓRIO GLOBO SA;17.115.437/0001-73;2668277221;03/05/2022;2022-05-03;similar
GHEMAXAN;BIOMM SA;4752991000110;2665163225;03/05/2022;2022-05-03;biologico
BIOHEPATON;PHARMASCIENCE INDÚSTRIA FARMACÊUTICA LTDA;25.773.037/0001-83;2666333221;03/05/2022;2022-05-03;fitoterapico
NAVELBINE;LABORATÓRIOS PIERRE FABRE DO BRASIL LTDA;33.051.491/0001-59;2668626226;03/05/2022;2022-05-03;novo
SUVERSADEX;DR. REDDYS FARMACÊUTICA DO BRASIL LTDA;3978166000175;2668497221;03/05/2022;2022-05-03;similar
KURAMED;CIMED INDUSTRIA S.A;2814497000107;2668233224;03/05/2022;2022-05-03;similar
DICLOFENACO RESINATO;CIMED INDUSTRIA S.A;2814497000107;2667237226;03/05/2022;2022-05-03;generico
NORFLOXACINO;LABORATÓRIO GLOBO SA;17.115.437/0001-73;2667906225;03/05/2022;2022-05-03;generico
PHITOSS;BRASTERAPICA INDUSTRIA FARMACEUTICA LTDA;46.179.008/0001-68;2668507227;03/05/2022;2022-05-03;fitoterapico
FITOCALM;LABORATORIO CATARINENSE LTDA;84.684.620/0001-87;2668641225;03/05/2022;2022-05-03;fitoterapico
ICCOR;TORRENT DO BRASIL LTDA;33.078.528/0001-32;2672862222;04/05/2022;2022-05-04;similar
BUSCOPLEX COMPOSTO;NATULAB LABORATÓRIO S.A;2456955000183;2673411224;04/05/2022;2022-05-04;similar
hemifumarato de bisoprolol;TORRENT DO BRASIL LTDA;33.078.528/0001-32;2673515224;04/05/2022;2022-05-04;generico
FITOVEIN;LABORATORIO CATARINENSE LTDA;84.684.620/0001-87;2672782229;04/05/2022;2022-05-04;fitoterapico
FLUX SR;BIOLAB SANUS FARMACÊUTICA LTDA;49.475.833/0001-06;2673096221;04/05/2022;2022-05-04;similar
KALOBA;HERBARIUM LABORATORIO BOTANICO LTDA;78.950.011/0001-20;2672932221;04/05/2022;2022-05-04;fitoterapico
piroxicam;EMS S/A;57.507.378/0003-65;2673505229;04/05/2022;2022-05-04;generico
piroxicam;GERMED FARMACEUTICA LTDA;45.992.062/0001-65;2673622225;04/05/2022;2022-05-04;generico
cabergolina;RANBAXY FARMACÊUTICA LTDA;73.663.650/0001-90;2673247220;04/05/2022;2022-05-04;generico
CLORIDRATO DE DONEPEZILA;TORRENT DO BRASIL LTDA;33.078.528/0001-32;2672894221;04/05/2022;2022-05-04;generico
GUACONAT;PHARMASCIENCE INDÚSTRIA FARMACÊUTICA LTDA;25.773.037/0001-83;2675510220;05/05/2022;2022-05-05;fitoterapico
Tioconazol + tinidazol;LEGRAND PHARMA INDÚSTRIA FARMACÊUTICA LTDA;5044984000126;2677287226;05/05/2022;2022-05-05;generico
TIOCONAZOL + TINIDAZOL;EMS S/A;57.507.378/0003-65;2675761222;05/05/2022;2022-05-05;generico
TIOCONAZOL + TINIDAZOL;GERMED FARMACEUTICA LTDA;45.992.062/0001-65;2677473224;05/05/2022;2022-05-05;generico
CLORIDRATO DE PAROXETINA (PORT 344/98 LISTA C1);Aché Laboratórios Farmacêuticos S.A;60.659.463/0029-92;2678198227;05/05/2022;2022-05-05;generico
ZETIA;ORGANON FARMACÊUTICA LTDA.;45.987.013/0001-34;2678557227;05/05/2022;2022-05-05;novo
MALENA HCT;EMS SIGMA PHARMA LTDA;923140000131;2679363221;05/05/2022;2022-05-05;generico
MALEATO DE ENALAPRIL + HIDROCLOROTIAZIDA;EMS S/A;57.507.378/0003-65;2675665223;05/05/2022;2022-05-05;generico
clonazepam;EMS S/A;57.507.378/0003-65;2675623229;05/05/2022;2022-05-05;generico
clonazepam;GERMED FARMACEUTICA LTDA;45.992.062/0001-65;2677434229;05/05/2022;2022-05-05;generico
DEPAXAN;Aché Laboratórios Farmacêuticos S.A;60.659.463/0029-92;2678363228;05/05/2022;2022-05-05;similar
clonazepam;LEGRAND PHARMA INDÚSTRIA FARMACÊUTICA LTDA;5044984000126;2677160226;05/05/2022;2022-05-05;generico
clonazepam;LEGRAND PHARMA INDÚSTRIA FARMACÊUTICA LTDA;5044984000126;2677135221;05/05/2022;2022-05-05;generico
TIOTRAX;EMS S/A;57.507.378/0003-65;2675789224;05/05/2022;2022-05-05;similar
clonazepam;GERMED FARMACEUTICA LTDA;45.992.062/0001-65;2677420228;05/05/2022;2022-05-05;generico
sulfato de neomicina + bacitracina zíncica;EMS S/A;57.507.378/0003-65;2678586227;05/05/2022;2022-05-05;generico
NPLATE;AMGEN BIOTECNOLOGIA DO BRASIL LTDA.;18.774.815/0001-93;2678319229;05/05/2022;2022-05-05;biologico
LIPOXEN;BRAINFARMA INDÚSTRIA QUÍMICA E FARMACÊUTICA S.A;5161069000110;2675467227;05/05/2022;2022-05-05;similar
CLONAZEPAM;EMS S/A;57.507.378/0003-65;2675602221;05/05/2022;2022-05-05;generico
NIBISNU;DR. REDDYS FARMACÊUTICA DO BRASIL LTDA;3978166000175;2676060228;05/05/2022;2022-05-05;similar
tartarato de brimonidina;EMS S/A;57.507.378/0003-65;2686846224;06/05/2022;2022-05-06;generico
Roxetin;CRISTÁLIA PRODUTOS QUÍMICOS FARMACÊUTICOS LTDA.;44.734.671/0001-51;2687027227;06/05/2022;2022-05-06;similar
ALDOMET;ASPEN PHARMA INDÚSTRIA FARMACÊUTICA LTDA;2433631000120;2696549222;09/05/2022;2022-05-09;novo
AVIANT EFE;ORGANON FARMACÊUTICA LTDA.;45.987.013/0001-34;2696725225;09/05/2022;2022-05-09;similar
Sivextro;MERCK SHARP & DOHME FARMACEUTICA LTDA.;3560974000118;2693357225;09/05/2022;2022-05-09;novo
ISENTRESS;MERCK SHARP & DOHME FARMACEUTICA LTDA.;3560974000118;2693238226;09/05/2022;2022-05-09;novo
INDOCID;ASPEN PHARMA INDÚSTRIA FARMACÊUTICA LTDA;2433631000120;2696721220;09/05/2022;2022-05-09;novo
TROK-N;EUROFARMA LABORATÓRIOS S.A.;61.190.096/0001-92;2696833222;09/05/2022;2022-05-09;similar
ZYLORIC;ASPEN PHARMA INDÚSTRIA FARMACÊUTICA LTDA;2433631000120;2696774226;09/05/2022;2022-05-09;novo
INVANZ;MERCK SHARP & DOHME FARMACEUTICA LTDA.;3560974000118;2693213223;09/05/2022;2022-05-09;novo
TREBYXAN;LABORATÓRIO QUÍMICO FARMACÊUTICO BERGAMO LTDA;61.282.661/0001-41;2695645228;09/05/2022;2022-05-09;similar
PARACETAMOL;Aché Laboratórios Farmacêuticos S.A;60.659.463/0029-92;2699924229;10/05/2022;2022-05-10;generico
FARMAFLAN;PHARLAB INDÚSTRIA FARMACÊUTICA S.A.;2501297000102;2701601223;10/05/2022;2022-05-10;similar
MANTIDAN;EUROFARMA LABORATÓRIOS S.A.;61.190.096/0001-92;2699502227;10/05/2022;2022-05-10;novo
UNIFEDRINE;UNIÃO QUÍMICA FARMACÊUTICA NACIONAL S/A;60.665.981/0001-18;2701538220;10/05/2022;2022-05-10;similar
Diclofenaco Dietilamônio;PHARLAB INDÚSTRIA FARMACÊUTICA S.A.;2501297000102;2701444225;10/05/2022;2022-05-10;generico
FENERGAN;SANOFI MEDLEY FARMACÊUTICA LTDA.;10.588.595/0010-92;2698974222;10/05/2022;2022-05-10;novo
ENTYVIO;TAKEDA PHARMA LTDA.;60.397.775/0001-74;2704545227;10/05/2022;2022-05-10;biologico
CREMEFENERGAN;SANOFI MEDLEY FARMACÊUTICA LTDA.;10.588.595/0010-92;2703050224;10/05/2022;2022-05-10;novo
DESDUO;TORRENT DO BRASIL LTDA;33.078.528/0001-32;2701314224;10/05/2022;2022-05-10;similar
AIRES;EUROFARMA LABORATÓRIOS S.A.;61.190.096/0001-92;2701943221;10/05/2022;2022-05-10;similar
CLOMID;SANOFI MEDLEY FARMACÊUTICA LTDA.;10.588.595/0010-92;2710837226;11/05/2022;2022-05-11;novo
bissulfato de clopidogrel;BIOLAB SANUS FARMACÊUTICA LTDA;49.475.833/0001-06;2710418223;11/05/2022;2022-05-11;generico
ENTARKIN;EMS SIGMA PHARMA LTDA;923140000131;2711674223;11/05/2022;2022-05-11;similar
ENTACAPONA;EMS S/A;57.507.378/0003-65;2711673227;11/05/2022;2022-05-11;generico
MENELAT;TORRENT DO BRASIL LTDA;33.078.528/0001-32;2708325221;11/05/2022;2022-05-11;similar
CLORIDRATO DE DOXORRUBICINA;EUROFARMA LABORATÓRIOS S.A.;61.190.096/0001-92;2709604221;11/05/2022;2022-05-11;generico
LINEZOLIDA;BEKER PRODUTOS FÁRMACO HOSPITALARES LTDA;47.231.121/0001-08;2710647222;11/05/2022;2022-05-11;generico
mirtazapina;LABORATÓRIO TEUTO BRASILEIRO S/A;17.159.229/0001-76;2709402220;11/05/2022;2022-05-11;generico
CLORIDRATO DE NEBIVOLOL;TORRENT DO BRASIL LTDA;33.078.528/0001-32;2707006220;11/05/2022;2022-05-11;generico
MEALZ;TORRENT DO BRASIL LTDA;33.078.528/0001-32;2705649221;11/05/2022;2022-05-11;similar
ETINILESTRADIOL+DESOGESTREL;SANDOZ DO BRASIL INDÚSTRIA FARMACÊUTICA LTDA;61.286.647/0001-16;2716095221;12/05/2022;2022-05-12;generico
JULIET;SANDOZ DO BRASIL INDÚSTRIA FARMACÊUTICA LTDA;61.286.647/0001-16;2716058229;12/05/2022;2022-05-12;similar
FLUSAN;EUROFARMA LABORATÓRIOS S.A.;61.190.096/0001-92;2714753221;12/05/2022;2022-05-12;similar
ROXETIN XR;CRISTÁLIA PRODUTOS QUÍMICOS FARMACÊUTICOS LTDA.;44.734.671/0001-51;2717195220;12/05/2022;2022-05-12;similar
GESTODENO + ETINILESTRADIOL;SANDOZ DO BRASIL INDÚSTRIA FARMACÊUTICA LTDA;61.286.647/0001-16;2713214220;12/05/2022;2022-05-12;generico
DESOGESTREL;SANDOZ DO BRASIL INDÚSTRIA FARMACÊUTICA LTDA;61.286.647/0001-16;2713908221;12/05/2022;2022-05-12;generico
IFOSFAMIDA;EUROFARMA LABORATÓRIOS S.A.;61.190.096/0001-92;2712307224;12/05/2022;2022-05-12;generico
LUPRON;ABBVIE FARMACÊUTICA LTDA.;15.800.545/0001-50;2717677224;12/05/2022;2022-05-12;novo
HALDOL;JANSSEN - CILAG FARMACÊUTICA LTDA;51.780.468/0001-87;2716232229;12/05/2022;2022-05-12;novo
TADALAFILA;EUROFARMA LABORATÓRIOS S.A.;61.190.096/0001-92;2721314220;13/05/2022;2022-05-13;generico
cloridrato de sibutramina monoidratado;TORRENT DO BRASIL LTDA;33.078.528/0001-32;2723295222;13/05/2022;2022-05-13;generico
VALSARTANA + HIDROCLOROTIAZIDA;TORRENT DO BRASIL LTDA;33.078.528/0001-32;2721227220;13/05/2022;2022-05-13;generico
BISSULFATO DE CLOPIDOGREL;SANOFI MEDLEY FARMACÊUTICA LTDA.;10.588.595/0010-92;2719335223;13/05/2022;2022-05-13;generico
DUGAR;EUROFARMA LABORATÓRIOS S.A.;61.190.096/0001-92;2726194222;16/05/2022;2022-05-16;generico
DIXIL;EUROFARMA LABORATÓRIOS S.A.;61.190.096/0001-92;2728879222;16/05/2022;2022-05-16;similar
ALENDRONATO DE SÓDIO;BRAINFARMA INDÚSTRIA QUÍMICA E FARMACÊUTICA S.A;5161069000110;2727089228;16/05/2022;2022-05-16;generico
cloridrato de venlafaxina;TORRENT DO BRASIL LTDA;33.078.528/0001-32;2729845224;16/05/2022;2022-05-16;generico
VASOPRIL PLUS;BIOLAB SANUS FARMACÊUTICA LTDA;49.475.833/0001-06;2730867228;16/05/2022;2022-05-16;similar
VENLIFT OD;TORRENT DO BRASIL LTDA;33.078.528/0001-32;2729520228;16/05/2022;2022-05-16;similar
INDAPEN SR;TORRENT DO BRASIL LTDA;33.078.528/0001-32;2725683220;16/05/2022;2022-05-16;similar
BENLYSTA;GLAXOSMITHKLINE BRASIL LTDA;33.247.743/0001-10;2736236220;17/05/2022;2022-05-17;biologico
HORA H;Aché Laboratórios Farmacêuticos S.A;60.659.463/0029-92;2733196227;17/05/2022;2022-05-17;similar
NOVANLO;BIOLAB SANUS FARMACÊUTICA LTDA;49.475.833/0001-06;2733018221;17/05/2022;2022-05-17;novo
LEMONT;EUROFARMA LABORATÓRIOS S.A.;61.190.096/0001-92;2732486221;17/05/2022;2022-05-17;similar
indapamida;TORRENT DO BRASIL LTDA;33.078.528/0001-32;2734890224;17/05/2022;2022-05-17;generico
SOMALGIN CARDIO;EMS SIGMA PHARMA LTDA;923140000131;2732478229;17/05/2022;2022-05-17;similar
levonorgestrel;Aché Laboratórios Farmacêuticos S.A;60.659.463/0029-92;2733292226;17/05/2022;2022-05-17;generico
SUCROFER;UNIÃO QUÍMICA FARMACÊUTICA NACIONAL S/A;60.665.981/0001-18;2732857220;17/05/2022;2022-05-17;especifico
FLUOXETIN;CRISTÁLIA PRODUTOS QUÍMICOS FARMACÊUTICOS LTDA.;44.734.671/0001-51;2796659224;18/05/2022;2022-05-18;similar
AMOXICILINA;EUROFARMA LABORATÓRIOS S.A.;61.190.096/0001-92;2784985229;18/05/2022;2022-05-18;generico
ALERFIN;CHIESI FARMACÊUTICA LTDA;61.363.032/0001-46;2781590223;18/05/2022;2022-05-18;similar
CLENIL COMPOSITUM HFA;CHIESI FARMACÊUTICA LTDA;61.363.032/0001-46;2806139228;18/05/2022;2022-05-18;novo
CLENIL HFA;CHIESI FARMACÊUTICA LTDA;61.363.032/0001-46;2809248222;18/05/2022;2022-05-18;novo
GLICONATO DE CÁLCIO;FRESENIUS KABI BRASIL LTDA;49.324.221/0001-04;2812474220;18/05/2022;2022-05-18;especifico
CLORETO DE SÓDIO 0,9%;ANTIBIÓTICOS DO BRASIL LTDA;5439635000103;2789777225;18/05/2022;2022-05-18;especifico
TENAG;MARJAN INDÚSTRIA E COMÉRCIO LTDA;60.726.692/0001-81;2788577222;18/05/2022;2022-05-18;fitoterapico
XULTOPHY;NOVO NORDISK FARMACÊUTICA DO BRASIL LTDA;82.277.955/0001-55;2809299226;18/05/2022;2022-05-18;biologico
succinato de desvenlafaxina monoidratado;Althaia S.A Indústria Farmacêutica;48.344.725/0007-19;2809256225;18/05/2022;2022-05-18;generico
losartana potássica + hidroclorotiazida;SANOFI MEDLEY FARMACÊUTICA LTDA.;10.588.595/0010-92;2984590228;19/05/2022;2022-05-19;generico
acetilcisteína;GEOLAB INDÚSTRIA FARMACÊUTICA S/A;3485572000104;2975444222;19/05/2022;2022-05-19;generico
SANDOGLOBULINA;CSL BEHRING COMÉRCIO DE PRODUTOS FARMACÊUTICOS LTDA;62.969.589/0001-98;3011265224;19/05/2022;2022-05-19;biologico
IOPAMIRON;Bracco Imaging do Brasil Importação e Distribuição de Medicamentos Ltda;10.742.412/0004-01;2985913225;19/05/2022;2022-05-19;novo
FLUNARIN;Aché Laboratórios Farmacêuticos S.A;60.659.463/0029-92;3013557222;19/05/2022;2022-05-19;similar
TORLOS H;TORRENT DO BRASIL LTDA;33.078.528/0001-32;3059423229;19/05/2022;2022-05-19;similar
Cotellic®;PRODUTOS ROCHE QUÍMICOS E FARMACÊUTICOS S.A.;33.009.945/0001-23;2998574220;19/05/2022;2022-05-19;novo
DIFFERIN;GALDERMA BRASIL LTDA;317372000146;2997337224;19/05/2022;2022-05-19;novo
ALDAZIDA;PFIZER BRASIL LTDA;61.072.393/0001-33;2991104228;19/05/2022;2022-05-19;novo
Xeomin;MERZ FARMACÊUTICA COMERCIAL LTDA;11.681.446/0001-45;3268246222;20/05/2022;2022-05-20;biologico
cloridrato de metformina;TORRENT DO BRASIL LTDA;33.078.528/0001-32;3246687226;20/05/2022;2022-05-20;generico
LEFLUNOMIDA;CRISTÁLIA PRODUTOS QUÍMICOS FARMACÊUTICOS LTDA.;44.734.671/0001-51;3255651221;20/05/2022;2022-05-20;generico
CARBOLITIUM;EUROFARMA LABORATÓRIOS S.A.;61.190.096/0001-92;3283077223;20/05/2022;2022-05-20;novo
FIQUEZEN;MEDQUIMICA INDUSTRIA FARMACEUTICA LTDA.;17.875.154/0001-20;3279870224;20/05/2022;2022-05-20;fitoterapico
micofenolato de mofetila;ACCORD FARMACÊUTICA LTDA;64.171.697/0001-46;3279861225;20/05/2022;2022-05-20;generico
Succinato Sódico de Metilpredinisolona;FRESENIUS KABI BRASIL LTDA;49.324.221/0001-04;3300626226;20/05/2022;2022-05-20;generico
Kozenis;GLAXOSMITHKLINE BRASIL LTDA;33.247.743/0001-10;4193983226;23/05/2022;2022-05-23;novo
EVISTA;ELI LILLY DO BRASIL LTDA;43.940.618/0001-44;4193580229;23/05/2022;2022-05-23;novo
CLEARTOP;CIMED INDUSTRIA S.A;2814497000107;4193270220;23/05/2022;2022-05-23;similar
CLOB-X;GALDERMA BRASIL LTDA;317372000146;4191705229;23/05/2022;2022-05-23;similar
Otezla;AMGEN BIOTECNOLOGIA DO BRASIL LTDA.;18.774.815/0001-93;4191149229;23/05/2022;2022-05-23;novo
DICAZID MR;PHARLAB INDÚSTRIA FARMACÊUTICA S.A.;2501297000102;4202551222;24/05/2022;2022-05-24;similar
ACECLOFENACO;GERMED FARMACEUTICA LTDA;45.992.062/0001-65;4199212221;24/05/2022;2022-05-24;generico
Aceclo-gran;LEGRAND PHARMA INDÚSTRIA FARMACÊUTICA LTDA;5044984000126;4199179224;24/05/2022;2022-05-24;similar
NEBACIMED;CIMED INDUSTRIA S.A;2814497000107;4201725227;24/05/2022;2022-05-24;similar
SUCCINATO SODICO DE HIDROCORTISONA;BLAU FARMACÊUTICA S.A.;58.430.828/0001-60;4199843221;24/05/2022;2022-05-24;generico
ACECLOFENACO;EMS S/A;57.507.378/0003-65;4199130225;24/05/2022;2022-05-24;generico
APROVEL;SANOFI MEDLEY FARMACÊUTICA LTDA.;10.588.595/0010-92;4201818225;24/05/2022;2022-05-24;novo
LOCERYL;GALDERMA BRASIL LTDA;317372000146;4198725225;24/05/2022;2022-05-24;novo
ARISCORTEN;BLAU FARMACÊUTICA S.A.;58.430.828/0001-60;4199213228;24/05/2022;2022-05-24;similar
PREDNISONA;SANOFI MEDLEY FARMACÊUTICA LTDA.;10.588.595/0010-92;4201800229;24/05/2022;2022-05-24;generico
TADALAFILA;GERMED FARMACEUTICA LTDA;45.992.062/0001-65;4205255225;25/05/2022;2022-05-25;generico
TADALAFILA;EMS S/A;57.507.378/0003-65;4204430228;25/05/2022;2022-05-25;generico
TADALAFILA;LEGRAND PHARMA INDÚSTRIA FARMACÊUTICA LTDA;5044984000126;4205295227;25/05/2022;2022-05-25;generico
CEFAGEL;MULTILAB INDUSTRIA E COMERCIO DE PRODUTOS FARMACEUTICOS LTDA;92.265.552/0009-05;4207321225;25/05/2022;2022-05-25;similar
FERROPURUM;BLAU FARMACÊUTICA S.A.;58.430.828/0001-60;4208744227;25/05/2022;2022-05-25;especifico
Kymriah;NOVARTIS BIOCIENCIAS S.A;56.994.502/0001-30;4207632221;25/05/2022;2022-05-25;prod_tp
azacitidina;NATCOFARMA DO BRASIL LTDA;8157293000127;4203848229;25/05/2022;2022-05-25;generico
TOARIP;TORRENT DO BRASIL LTDA;33.078.528/0001-32;4206177228;25/05/2022;2022-05-25;similar
mirtazapina;TORRENT DO BRASIL LTDA;33.078.528/0001-32;4203904226;25/05/2022;2022-05-25;generico
PROPIONATO DE CLOBETASOL;BRAINFARMA INDÚSTRIA QUÍMICA E FARMACÊUTICA S.A;5161069000110;4203579228;25/05/2022;2022-05-25;generico
GADOVIST;BAYER S.A.;18.459.628/0001-15;4209228222;25/05/2022;2022-05-25;novo
PRODUTO TESTE 21.08;EMPRESA DE TESTE LTDA. (VS01);11.111.111/0001-91;4208270225;25/05/2022;2022-05-25;similar
capecitabina;INSTITUTO VITAL BRAZIL S/A;30.064.034/0001-00;4207958223;25/05/2022;2022-05-25;generico
hemifumarato de bisoprolol;RANBAXY FARMACÊUTICA LTDA;73.663.650/0001-90;4203697221;25/05/2022;2022-05-25;generico
gliclazida;PHARLAB INDÚSTRIA FARMACÊUTICA S.A.;2501297000102;4207673229;25/05/2022;2022-05-25;generico
OLMECOR;TORRENT DO BRASIL LTDA;33.078.528/0001-32;4211522221;26/05/2022;2022-05-26;similar
CIBEX;SUPERA FARMA LABORATÓRIOS S.A;43.312.503/0001-05;4214832221;26/05/2022;2022-05-26;similar
TORLÓS;TORRENT DO BRASIL LTDA;33.078.528/0001-32;4215854229;26/05/2022;2022-05-26;similar
DORTRIRELAX;PHARMASCIENCE INDÚSTRIA FARMACÊUTICA LTDA;25.773.037/0001-83;4212473224;26/05/2022;2022-05-26;similar
OLMESARTANA MEDOXOMILA;TORRENT DO BRASIL LTDA;33.078.528/0001-32;4215060222;26/05/2022;2022-05-26;generico
IVAHART;TORRENT DO BRASIL LTDA;33.078.528/0001-32;4215814227;26/05/2022;2022-05-26;similar
ROVICID;LEGRAND PHARMA INDÚSTRIA FARMACÊUTICA LTDA;5044984000126;4215333229;26/05/2022;2022-05-26;similar
SMOFKABIVEN;FRESENIUS KABI BRASIL LTDA;49.324.221/0001-04;4214313224;26/05/2022;2022-05-26;especifico
MECICLIN;GERMED FARMACEUTICA LTDA;45.992.062/0001-65;4215208220;26/05/2022;2022-05-26;similar
LIMECICLINA;EMS S/A;57.507.378/0003-65;4215175224;26/05/2022;2022-05-26;generico
TORVAL CR;TORRENT DO BRASIL LTDA;33.078.528/0001-32;4215210224;26/05/2022;2022-05-26;novo
SANDRENA;ORGANON FARMACÊUTICA LTDA.;45.987.013/0001-34;4215341221;26/05/2022;2022-05-26;novo
PROMERGAN;BELFAR LTDA;18.324.343/0001-77;4221361221;27/05/2022;2022-05-27;similar
EPIDUO;GALDERMA BRASIL LTDA;317372000146;4221473223;27/05/2022;2022-05-27;novo
SLENFIG;TORRENT DO BRASIL LTDA;33.078.528/0001-32;4221200227;27/05/2022;2022-05-27;similar
ACLAF;LABORATÓRIO FARMACÊUTICO ELOFAR LTDA;83.874.628/0001-43;4222847224;27/05/2022;2022-05-27;similar
TURF;LABORATÓRIO FARMACÊUTICO ELOFAR LTDA;83.874.628/0001-43;4222984221;27/05/2022;2022-05-27;similar
TROK-G;EUROFARMA LABORATÓRIOS S.A.;61.190.096/0001-92;4221204222;27/05/2022;2022-05-27;similar
CARLIT;SUPERA FARMA LABORATÓRIOS S.A;43.312.503/0001-05;4216979220;27/05/2022;2022-05-27;similar
LIZBI®;HALEX ISTAR INDÚSTRIA FARMACÊUTICA SA;1571702000198;4217432224;27/05/2022;2022-05-27;similar
NEBLOCK;TORRENT DO BRASIL LTDA;33.078.528/0001-32;4222095222;27/05/2022;2022-05-27;similar
DICLORIDRATO DE HIDROXIZINA;GEOLAB INDÚSTRIA FARMACÊUTICA S/A;3485572000104;4223512226;28/05/2022;2022-05-28;generico
DROTIZIN;GEOLAB INDÚSTRIA FARMACÊUTICA S/A;3485572000104;4223509225;28/05/2022;2022-05-28;similar
TENSALIV;BRAINFARMA INDÚSTRIA QUÍMICA E FARMACÊUTICA S.A;5161069000110;4227311225;30/05/2022;2022-05-30;similar
DIUBLOK;EUROFARMA LABORATÓRIOS S.A.;61.190.096/0001-92;4224198223;30/05/2022;2022-05-30;similar
FRUTAXX;UNIÃO QUÍMICA FARMACÊUTICA NACIONAL S/A;60.665.981/0001-18;4229091222;30/05/2022;2022-05-30;especifico
DEFORCE;ZYDUS NIKKHO FARMACÊUTICA LTDA;5254971000181;4230254229;30/05/2022;2022-05-30;especifico
SUSTRATE;FARMOQUÍMICA S/A;33.349.473/0001-58;4228862225;30/05/2022;2022-05-30;novo
gliclazida;TORRENT DO BRASIL LTDA;33.078.528/0001-32;4228240224;30/05/2022;2022-05-30;generico
cloridrato de venlafaxina;LABORATÓRIO TEUTO BRASILEIRO S/A;17.159.229/0001-76;4226604229;30/05/2022;2022-05-30;generico
OSTRAZIL;LABORATÓRIO TEUTO BRASILEIRO S/A;17.159.229/0001-76;4227052220;30/05/2022;2022-05-30;similar
INTESTIN;LABORATÓRIO GLOBO SA;17.115.437/0001-73;4231642222;31/05/2022;2022-05-31;similar
cloridrato de ciclobenzaprina;LABORATÓRIO GLOBO SA;17.115.437/0001-73;4233440228;31/05/2022;2022-05-31;generico
bilastina;BRAINFARMA INDÚSTRIA QUÍMICA E FARMACÊUTICA S.A;5161069000110;4236239221;31/05/2022;2022-05-31;generico
ALBENDAZOL;EMS S/A;57.507.378/0003-65;4235312227;31/05/2022;2022-05-31;generico
Mesotem;CRISTÁLIA PRODUTOS QUÍMICOS FARMACÊUTICOS LTDA.;44.734.671/0001-51;4231337225;31/05/2022;2022-05-31;similar
AZUKON MR;TORRENT DO BRASIL LTDA;33.078.528/0001-32;4231124221;31/05/2022;2022-05-31;similar
atenolol + clortalidona;LEGRAND PHARMA INDÚSTRIA FARMACÊUTICA LTDA;5044984000126;4235521225;31/05/2022;2022-05-31;generico
atenolol + clortalidona;GERMED FARMACEUTICA LTDA;45.992.062/0001-65;4235540220;31/05/2022;2022-05-31;generico
ATENOLOL + CLORTALIDONA;EMS S/A;57.507.378/0003-65;4235343220;31/05/2022;2022-05-31;generico
albendazol;LEGRAND PHARMA INDÚSTRIA FARMACÊUTICA LTDA;5044984000126;4235406221;31/05/2022;2022-05-31;generico
MONOZOL;LEGRAND PHARMA INDÚSTRIA FARMACÊUTICA LTDA;5044984000126;4235482220;31/05/2022;2022-05-31;similar
albendazol;GERMED FARMACEUTICA LTDA;45.992.062/0001-65;4235593226;31/05/2022;2022-05-31;generico
DESALEX;ORGANON FARMACÊUTICA LTDA.;45.987.013/0001-34;4236728222;31/05/2022;2022-05-31;novo
Hemcibra;PRODUTOS ROCHE QUÍMICOS E FARMACÊUTICOS S.A.;33.009.945/0001-23;4231299226;31/05/2022;2022-05-31;biologico
PAMIDROM;CRISTÁLIA PRODUTOS QUÍMICOS FARMACÊUTICOS LTDA.;44.734.671/0001-51;4242593228;01/06/2022;2022-06-01;similar
BABYMED TRATAMENTO;CIMED INDUSTRIA S.A;2814497000107;4241907229;01/06/2022;2022-06-01;similar
CIPROBACTER;HALEX ISTAR INDÚSTRIA FARMACÊUTICA SA;1571702000198;4239272220;01/06/2022;2022-06-01;similar
ALEKTOS;COSMED INDUSTRIA DE COSMETICOS E MEDICAMENTOS S.A.;61.082.426/0002-07;4242526229;01/06/2022;2022-06-01;novo
ATENOLOL;EMS S/A;57.507.378/0003-65;4240070228;01/06/2022;2022-06-01;generico
cloridrato de tramadol;EUROFARMA LABORATÓRIOS S.A.;61.190.096/0001-92;4240715229;01/06/2022;2022-06-01;generico
atenolol;LEGRAND PHARMA INDÚSTRIA FARMACÊUTICA LTDA;5044984000126;4240107229;01/06/2022;2022-06-01;generico
AUSTEDO;TEVA FARMACÊUTICA LTDA.;5333542000108;4243929220;01/06/2022;2022-06-01;novo
HIMAAGIN;EMS S/A;57.507.378/0003-65;4240097223;01/06/2022;2022-06-01;similar
cloridrato de donepezila;EMS S/A;57.507.378/0003-65;4242092229;01/06/2022;2022-06-01;generico
atenolol;GERMED FARMACEUTICA LTDA;45.992.062/0001-65;4240102227;01/06/2022;2022-06-01;generico
SECNIMAX;LABORATÓRIO GLOBO SA;17.115.437/0001-73;4248870223;02/06/2022;2022-06-02;similar
ARPYNFLAN;NATULAB LABORATÓRIO S.A;2456955000183;4246398225;02/06/2022;2022-06-02;fitoterapico
ACERTIL;LABORATÓRIOS SERVIER DO BRASIL LTDA;42.374.207/0001-76;4249378225;02/06/2022;2022-06-02;novo
CLORIDRATO DE DOXICICLINA;LEGRAND PHARMA INDÚSTRIA FARMACÊUTICA LTDA;5044984000126;4248083221;02/06/2022;2022-06-02;generico
BUPICAN;UNIÃO QUÍMICA FARMACÊUTICA NACIONAL S/A;60.665.981/0001-18;4248891221;02/06/2022;2022-06-02;similar
CEBION;PROCTER & GAMBLE DO BRASIL LTDA;59.476.770/0001-58;4249322220;02/06/2022;2022-06-02;especifico
CLORIDRATO DE DOXICICLINA;EMS S/A;57.507.378/0003-65;4249050220;02/06/2022;2022-06-02;generico
AVIANT;ORGANON FARMACÊUTICA LTDA.;45.987.013/0001-34;4254506228;03/06/2022;2022-06-03;similar
LOSARTANA POTÁSSICA + HIDROCLOROTIAZIDA;BIOLAB SANUS FARMACÊUTICA LTDA;49.475.833/0001-06;4253140220;03/06/2022;2022-06-03;similar
fluconazol;EUROFARMA LABORATÓRIOS S.A.;61.190.096/0001-92;4250819221;03/06/2022;2022-06-03;generico
AMOXICILINA + CLAVULANATO DE POTÁSSIO;EMS S/A;57.507.378/0003-65;4250806227;03/06/2022;2022-06-03;generico
AMOXICILINA + CLAVULANATO DE POTÁSSIO;LEGRAND PHARMA INDÚSTRIA FARMACÊUTICA LTDA;5044984000126;4250855228;03/06/2022;2022-06-03;generico
PONSDRIL;LEGRAND PHARMA INDÚSTRIA FARMACÊUTICA LTDA;5044984000126;4253695221;03/06/2022;2022-06-03;similar
FLUCONAZOL;EMS S/A;57.507.378/0003-65;4254766220;03/06/2022;2022-06-03;generico
DOLO MOFF;UNIÃO QUÍMICA FARMACÊUTICA NACIONAL S/A;60.665.981/0001-18;4251682220;03/06/2022;2022-06-03;similar
ácido  mefenâmico;LEGRAND PHARMA INDÚSTRIA FARMACÊUTICA LTDA;5044984000126;4253589227;03/06/2022;2022-06-03;generico
ARADOIS H;BIOLAB SANUS FARMACÊUTICA LTDA;49.475.833/0001-06;4252509220;03/06/2022;2022-06-03;similar
PRÉ-FOLIC;LABORATÓRIO FARMACÊUTICO ELOFAR LTDA;83.874.628/0001-43;4254662220;03/06/2022;2022-06-03;especifico
PROLIA;AMGEN BIOTECNOLOGIA DO BRASIL LTDA.;18.774.815/0001-93;4250796221;03/06/2022;2022-06-03;biologico
TRAVAMED MT;GERMED FARMACEUTICA LTDA;45.992.062/0001-65;4254315228;03/06/2022;2022-06-03;similar
SIGMA CLAV;EMS SIGMA PHARMA LTDA;923140000131;4252559227;03/06/2022;2022-06-03;similar
hemitartarato de zolpidem;BIOLAB SANUS FARMACÊUTICA LTDA;49.475.833/0001-06;4253389228;03/06/2022;2022-06-03;generico
CLORIDRATO DE DOPAMINA;HYPOFARMA - INSTITUTO DE HYPODERMIA E FARMÁCIA LTDA;17.174.657/0001-78;4254543221;03/06/2022;2022-06-03;similar
Benegrip Multi;COSMED INDUSTRIA DE COSMETICOS E MEDICAMENTOS S.A.;61.082.426/0002-07;4250844226;03/06/2022;2022-06-03;novo
AMOXICILINA + CLAVULANATO DE POTÁSSIO;GERMED FARMACEUTICA LTDA;45.992.062/0001-65;4251736222;03/06/2022;2022-06-03;generico
SIGMA-CLAV BD;EMS SIGMA PHARMA LTDA;923140000131;4252517222;03/06/2022;2022-06-03;similar
POLICLAVUMOXIL BD;EMS S/A;57.507.378/0003-65;4250818225;03/06/2022;2022-06-03;similar
AMOXICILINA + CLAVULANATO DE POTASSIO;EMS S/A;57.507.378/0003-65;4250946223;03/06/2022;2022-06-03;generico
ácido mefenâmico;GERMED FARMACEUTICA LTDA;45.992.062/0001-65;4253503225;03/06/2022;2022-06-03;generico
amoxicilina + clavulanato de potássio;LEGRAND PHARMA INDÚSTRIA FARMACÊUTICA LTDA;5044984000126;4251451228;03/06/2022;2022-06-03;generico
ácido mefenâmico;EMS S/A;57.507.378/0003-65;4253394221;03/06/2022;2022-06-03;generico
POLICLAVUMOXIL;EMS S/A;57.507.378/0003-65;4251273222;03/06/2022;2022-06-03;similar
DIACQUA;EUROFARMA LABORATÓRIOS S.A.;61.190.096/0001-92;4257826223;06/06/2022;2022-06-06;similar
SECDAZOL;VITAMEDIC INDUSTRIA FARMACEUTICA LTDA;30.222.814/0001-31;4260942221;06/06/2022;2022-06-06;similar
Espironolactona;EUROFARMA LABORATÓRIOS S.A.;61.190.096/0001-92;4257772221;06/06/2022;2022-06-06;generico
PERCOIDE;EUROFARMA LABORATÓRIOS S.A.;61.190.096/0001-92;4257739223;06/06/2022;2022-06-06;similar
MÍNTI;EUROFARMA LABORATÓRIOS S.A.;61.190.096/0001-92;4258735221;06/06/2022;2022-06-06;similar
CILOSTAZOL;EUROFARMA LABORATÓRIOS S.A.;61.190.096/0001-92;4259761226;06/06/2022;2022-06-06;generico
PRESSAT;BIOLAB SANUS FARMACÊUTICA LTDA;49.475.833/0001-06;4256505229;06/06/2022;2022-06-06;similar
isotretinoína;COLBRÁS INDÚSTRIA E COMÉRCIO LTDA;413925000164;4267311226;07/06/2022;2022-06-07;generico
GÉSICO;EUROFARMA LABORATÓRIOS S.A.;61.190.096/0001-92;4265894224;07/06/2022;2022-06-07;similar
besilato de levanlodipino;GERMED FARMACEUTICA LTDA;45.992.062/0001-65;4266983221;07/06/2022;2022-06-07;generico
ATELOP;EMS S/A;57.507.378/0003-65;4266950225;07/06/2022;2022-06-07;similar
besilato de levanlodipino;EMS S/A;57.507.378/0003-65;4266905220;07/06/2022;2022-06-07;generico
besilato de levanlodipino;LEGRAND PHARMA INDÚSTRIA FARMACÊUTICA LTDA;5044984000126;4266986220;07/06/2022;2022-06-07;generico
GAZYVA;PRODUTOS ROCHE QUÍMICOS E FARMACÊUTICOS S.A.;33.009.945/0001-23;4266782225;07/06/2022;2022-06-07;biologico
MESILATO DE IMATINIBE;EUROFARMA LABORATÓRIOS S.A.;61.190.096/0001-92;4262572226;07/06/2022;2022-06-07;generico
NUTRAPLUS;GALDERMA BRASIL LTDA;317372000146;4266275226;07/06/2022;2022-06-07;novo
BISSULFATO DE CLOPIDOGREL;AUROBINDO PHARMA INDÚSTRIA FARMACÊUTICA LIMITADA;4301884000175;4272667220;08/06/2022;2022-06-08;generico
BEZAFIBRATO;EMS S/A;57.507.378/0003-65;4272152220;08/06/2022;2022-06-08;generico
bezafibrato;GERMED FARMACEUTICA LTDA;45.992.062/0001-65;4272208225;08/06/2022;2022-06-08;generico
bezafibrato;LEGRAND PHARMA INDÚSTRIA FARMACÊUTICA LTDA;5044984000126;4272212222;08/06/2022;2022-06-08;generico
TYLENOL;JANSSEN - CILAG FARMACÊUTICA LTDA;51.780.468/0001-87;4272873229;08/06/2022;2022-06-08;novo
TYLENOL DC;JANSSEN - CILAG FARMACÊUTICA LTDA;51.780.468/0001-87;4272898221;08/06/2022;2022-06-08;novo
TYLENOL SINUS;JANSSEN - CILAG FARMACÊUTICA LTDA;51.780.468/0001-87;4272984225;08/06/2022;2022-06-08;novo
cloridrato de metformina;LABORATÓRIO TEUTO BRASILEIRO S/A;17.159.229/0001-76;4272658221;08/06/2022;2022-06-08;generico
DIPROSONE;COSMED INDUSTRIA DE COSMETICOS E MEDICAMENTOS S.A.;61.082.426/0002-07;4272207229;08/06/2022;2022-06-08;novo
nimesulida;LABORATÓRIO GLOBO SA;17.115.437/0001-73;4273011221;08/06/2022;2022-06-08;generico
FLUCONAZOL;GERMED FARMACEUTICA LTDA;45.992.062/0001-65;4278655223;09/06/2022;2022-06-09;generico
ciprofloxacino;EUROFARMA LABORATÓRIOS S.A.;61.190.096/0001-92;4276074223;09/06/2022;2022-06-09;generico
ESPIRONOLACTONA;GERMED FARMACEUTICA LTDA;45.992.062/0001-65;4277887228;09/06/2022;2022-06-09;generico
FURP-FENOBARBITAL;FUNDAÇÃO PARA O REMÉDIO POPULAR - FURP;43.640.754/0001-19;4276868220;09/06/2022;2022-06-09;similar
INDAPAMIDA;EUROFARMA LABORATÓRIOS S.A.;61.190.096/0001-92;4278082223;09/06/2022;2022-06-09;generico
ARANESP;AMGEN BIOTECNOLOGIA DO BRASIL LTDA.;18.774.815/0001-93;4278522223;09/06/2022;2022-06-09;biologico
CLORIDRATO DE NALOXONA;HIPOLABOR FARMACEUTICA LTDA;19.570.720/0001-10;4278378220;09/06/2022;2022-06-09;generico
HUMULIN N;ELI LILLY DO BRASIL LTDA;43.940.618/0001-44;4278885229;09/06/2022;2022-06-09;novo
espironolactona;EMS S/A;57.507.378/0003-65;4277851223;09/06/2022;2022-06-09;generico
HUMULIN R;ELI LILLY DO BRASIL LTDA;43.940.618/0001-44;4278901224;09/06/2022;2022-06-09;biologico
REBLOZYL;BRISTOL-MYERS SQUIBB FARMACÊUTICA LTDA;56.998.982/0001-07;4278769229;09/06/2022;2022-06-09;biologico
MOVINAU;NATULAB LABORATÓRIO S.A;2456955000183;4279130221;09/06/2022;2022-06-09;similar
HUMULIN 70N/30R;ELI LILLY DO BRASIL LTDA;43.940.618/0001-44;4278793227;09/06/2022;2022-06-09;biologico
LIPISTAT;EMS SIGMA PHARMA LTDA;923140000131;4282158221;10/06/2022;2022-06-10;similar
ATORLESS;GERMED FARMACEUTICA LTDA;45.992.062/0001-65;4283749222;10/06/2022;2022-06-10;similar
OMENAX;GEOLAB INDÚSTRIA FARMACÊUTICA S/A;3485572000104;4283860221;10/06/2022;2022-06-10;similar
LIPIGRAN;LEGRAND PHARMA INDÚSTRIA FARMACÊUTICA LTDA;5044984000126;4283696226;10/06/2022;2022-06-10;similar
CORAMENT;LABORATÓRIOS FERRING LTDA;74.232.034/0001-48;4285171228;10/06/2022;2022-06-10;novo
MIRENA;BAYER S.A.;18.459.628/0001-15;4283503223;10/06/2022;2022-06-10;novo
MIOCARDIL;VITAMEDIC INDUSTRIA FARMACEUTICA LTDA;30.222.814/0001-31;4283547221;10/06/2022;2022-06-10;similar
desogestrel;NOVARTIS BIOCIENCIAS S.A;56.994.502/0001-30;4284596225;10/06/2022;2022-06-10;generico
DESLORATADINA;Aché Laboratórios Farmacêuticos S.A;60.659.463/0029-92;4282454229;10/06/2022;2022-06-10;generico
ATORVASTATINA CÁLCICA;LEGRAND PHARMA INDÚSTRIA FARMACÊUTICA LTDA;5044984000126;4283650226;10/06/2022;2022-06-10;generico
ATORVASTATINA CÁLCICA;GERMED FARMACEUTICA LTDA;45.992.062/0001-65;4283575224;10/06/2022;2022-06-10;generico
ATORVASTATINA CÁLCICA;EMS S/A;57.507.378/0003-65;4284658221;10/06/2022;2022-06-10;generico
KOLEVAS;EMS S/A;57.507.378/0003-65;4283622222;10/06/2022;2022-06-10;similar
CODEX;UNIÃO QUÍMICA FARMACÊUTICA NACIONAL S/A;60.665.981/0001-18;4283863220;10/06/2022;2022-06-10;similar
paracetamol + carisoprodol + diclofenaco sódico + cafeína;GEOLAB INDÚSTRIA FARMACÊUTICA S/A;3485572000104;4286541223;13/06/2022;2022-06-13;generico
cloridrato de nebivolol;PHARLAB INDÚSTRIA FARMACÊUTICA S.A.;2501297000102;4289972225;13/06/2022;2022-06-13;generico
JANUMET;MERCK SHARP & DOHME FARMACEUTICA LTDA.;3560974000118;4288869226;13/06/2022;2022-06-13;novo
BROMAZEPAM;GERMED FARMACEUTICA LTDA;45.992.062/0001-65;4290727221;13/06/2022;2022-06-13;generico
cloridrato de moxifloxacino;GEOLAB INDÚSTRIA FARMACÊUTICA S/A;3485572000104;4286462226;13/06/2022;2022-06-13;generico
BROMAZEPAM;EMS S/A;57.507.378/0003-65;4290684220;13/06/2022;2022-06-13;generico
Paracetamol;FARMACE INDÚSTRIA QUÍMICO-FARMACÊUTICA CEARENSE LTDA;6628333000146;4290203221;13/06/2022;2022-06-13;generico
EUCAPROL;APIS FLORA INDUSTRIAL  E COMERCIAL LTDA;49.345.358/0001-45;4288215226;13/06/2022;2022-06-13;fitoterapico
IEROBINA;BELFAR LTDA;18.324.343/0001-77;4290327222;13/06/2022;2022-06-13;fitoterapico
ALCACHOFRAX;LABORATORIO CATARINENSE LTDA;84.684.620/0001-87;4288515220;13/06/2022;2022-06-13;fitoterapico
ONUA;FARMOQUÍMICA S/A;33.349.473/0001-58;4289591221;13/06/2022;2022-06-13;similar
BLAUIMUNO;BLAU FARMACÊUTICA S.A.;58.430.828/0001-60;4289621228;13/06/2022;2022-06-13;biologico
DORILEN;LEGRAND PHARMA INDÚSTRIA FARMACÊUTICA LTDA;5044984000126;4289549225;13/06/2022;2022-06-13;similar
ANDROCUR;BAYER S.A.;18.459.628/0001-15;4290392229;13/06/2022;2022-06-13;novo
BROMOPRIDA;UNIÃO QUÍMICA FARMACÊUTICA NACIONAL S/A;60.665.981/0001-18;4295158224;14/06/2022;2022-06-14;generico
BISSULFATO DE CLOPIDOGREL;EUROFARMA LABORATÓRIOS S.A.;61.190.096/0001-92;4292177228;14/06/2022;2022-06-14;generico
mirtazapina;NOVARTIS BIOCIENCIAS S.A;56.994.502/0001-30;4298113221;14/06/2022;2022-06-14;generico
BUSCOVERAN COMPOSTO;UNIÃO QUÍMICA FARMACÊUTICA NACIONAL S/A;60.665.981/0001-18;4295471224;14/06/2022;2022-06-14;similar
BLAUBIMAX;BLAU FARMACÊUTICA S.A.;58.430.828/0001-60;4296765221;14/06/2022;2022-06-14;biologico
bilastina;EMS S/A;57.507.378/0003-65;4297049228;14/06/2022;2022-06-14;generico
acetilcisteína;UNIÃO QUÍMICA FARMACÊUTICA NACIONAL S/A;60.665.981/0001-18;4291960221;14/06/2022;2022-06-14;generico
TENSIOVAL;HIPOLABOR FARMACEUTICA LTDA;19.570.720/0001-10;4294460229;14/06/2022;2022-06-14;similar
TAMARINE;COSMED INDUSTRIA DE COSMETICOS E MEDICAMENTOS S.A.;61.082.426/0002-07;4295188221;14/06/2022;2022-06-14;fitoterapico
PANTOZOL;TAKEDA PHARMA LTDA.;60.397.775/0001-74;4296998226;14/06/2022;2022-06-14;novo
PLAQ;EUROFARMA LABORATÓRIOS S.A.;61.190.096/0001-92;4292616221;14/06/2022;2022-06-14;similar
sulfadiazina de prata;UNIÃO QUÍMICA FARMACÊUTICA NACIONAL S/A;60.665.981/0001-18;4295891223;14/06/2022;2022-06-14;generico
TECTA;TAKEDA PHARMA LTDA.;60.397.775/0001-74;4296967223;14/06/2022;2022-06-14;novo
UPTRAVI;JANSSEN - CILAG FARMACÊUTICA LTDA;51.780.468/0001-87;4295626228;14/06/2022;2022-06-14;novo
FLOXICAM;BRAINFARMA INDÚSTRIA QUÍMICA E FARMACÊUTICA S.A;5161069000110;4298462226;15/06/2022;2022-06-15;similar
CERAZETTE;ORGANON FARMACÊUTICA LTDA.;45.987.013/0001-34;4299424221;15/06/2022;2022-06-15;novo
MYLANTA PLUS;JANSSEN-CILAG FARMACÊUTICA LTDA;51.780.468/0001-87;4301208224;15/06/2022;2022-06-15;especifico
valerato de betametasona + sulfato de gentamicina + tolnaftato + clioquinol;UNIÃO QUÍMICA FARMACÊUTICA NACIONAL S/A;60.665.981/0001-18;4298394221;15/06/2022;2022-06-15;generico
cloridrato de paroxetina;AUROBINDO PHARMA INDÚSTRIA FARMACÊUTICA LIMITADA;4301884000175;4303460222;15/06/2022;2022-06-15;generico
AMOXICILINA;UNIÃO QUÍMICA FARMACÊUTICA NACIONAL S/A;60.665.981/0001-18;4298988228;15/06/2022;2022-06-15;generico
ertapeném sódico;QUIMICA HALLER LTDA;33.036.815/0001-80;4301030221;15/06/2022;2022-06-15;generico
cloridrato de clonidina;FRESENIUS KABI BRASIL LTDA;49.324.221/0001-04;4302569221;15/06/2022;2022-06-15;generico
piroxicam;BRAINFARMA INDÚSTRIA QUÍMICA E FARMACÊUTICA S.A;5161069000110;4298263223;15/06/2022;2022-06-15;generico
CARBITAL;LABORATÓRIO TEUTO BRASILEIRO S/A;17.159.229/0001-76;4299450221;15/06/2022;2022-06-15;similar
AMOXICILINA;UNIÃO QUÍMICA FARMACÊUTICA NACIONAL S/A;60.665.981/0001-18;4299254228;15/06/2022;2022-06-15;generico
SAL DE FRUTA ENO;PF Consumer Healthcare Brazil Importadora e Distribuidora de Medicamentos Ltda;30.872.270/0001-53;4303346225;15/06/2022;2022-06-15;especifico
FRONTAL;MYLAN LABORATORIOS LTDA;11.643.096/0001-22;4302501227;15/06/2022;2022-06-15;novo
FLUIJET;MYRALIS INDÚSTRIA FARMACÊUTICA LTDA;17.440.261/0001-25;4303265225;15/06/2022;2022-06-15;fitoterapico
BRILINTA;ASTRAZENECA DO BRASIL LTDA;60.318.797/0001-00;4301608222;15/06/2022;2022-06-15;novo
GRACIAL;ORGANON FARMACÊUTICA LTDA.;45.987.013/0001-34;4302348224;15/06/2022;2022-06-15;novo
LORASLIV;VITAMEDIC INDUSTRIA FARMACEUTICA LTDA;30.222.814/0001-31;4302585226;15/06/2022;2022-06-15;similar
FENOBARBITAL;LABORATÓRIO TEUTO BRASILEIRO S/A;17.159.229/0001-76;4299419227;15/06/2022;2022-06-15;generico
MENOP;MYRALIS INDÚSTRIA FARMACÊUTICA LTDA;17.440.261/0001-25;4302594225;15/06/2022;2022-06-15;fitoterapico
ZYLINOX;ZYDUS NIKKHO FARMACÊUTICA LTDA;5254971000181;4298533221;15/06/2022;2022-06-15;similar
EXODUS;Aché Laboratórios Farmacêuticos S.A;60.659.463/0029-92;4299294220;15/06/2022;2022-06-15;similar
REVATIO;MYLAN LABORATORIOS LTDA;11.643.096/0001-22;4298186229;15/06/2022;2022-06-15;novo
FIGMED;CIMED INDUSTRIA S.A;2814497000107;4305198223;16/06/2022;2022-06-16;fitoterapico
OSTRIOL;ASPEN PHARMA INDÚSTRIA FARMACÊUTICA LTDA;2433631000120;4309059228;17/06/2022;2022-06-17;similar
prednisona;LABORATÓRIO GLOBO SA;17.115.437/0001-73;4309137229;17/06/2022;2022-06-17;generico
MERCILON;ORGANON FARMACÊUTICA LTDA.;45.987.013/0001-34;4314925221;20/06/2022;2022-06-20;novo
VIMIZIM;BIOMARIN BRASIL FARMACÊUTICA LTDA;8002360000134;4310595227;20/06/2022;2022-06-20;biologico
MERCILON CONTI;ORGANON FARMACÊUTICA LTDA.;45.987.013/0001-34;4314950226;20/06/2022;2022-06-20;novo
HEMITARTARATO DE RIVASTIGMINA;INSTITUTO VITAL BRAZIL S/A;30.064.034/0001-00;4314360224;20/06/2022;2022-06-20;generico
ADILOZ;EMS S/A;57.507.378/0003-65;4314503220;20/06/2022;2022-06-20;similar
metildopa;HIPOLABOR FARMACEUTICA LTDA;19.570.720/0001-10;4314747226;20/06/2022;2022-06-20;generico
Naglazyme;BIOMARIN BRASIL FARMACÊUTICA LTDA;8002360000134;4310510221;20/06/2022;2022-06-20;biologico
REFORGAN;ZYDUS NIKKHO FARMACÊUTICA LTDA;5254971000181;4314637226;20/06/2022;2022-06-20;especifico
linezolida;CRISTÁLIA PRODUTOS QUÍMICOS FARMACÊUTICOS LTDA.;44.734.671/0001-51;4320402227;21/06/2022;2022-06-21;generico
IBUPRIL CAPS;LABORATÓRIO TEUTO BRASILEIRO S/A;17.159.229/0001-76;4319838220;21/06/2022;2022-06-21;similar
AVICIS;GALDERMA BRASIL LTDA;317372000146;4320583221;21/06/2022;2022-06-21;novo
MAXALT;ORGANON FARMACÊUTICA LTDA.;45.987.013/0001-34;4322085229;21/06/2022;2022-06-21;novo
VICTOZA;NOVO NORDISK FARMACÊUTICA DO BRASIL LTDA;82.277.955/0001-55;4318037223;21/06/2022;2022-06-21;biologico
VALERIANE;ZYDUS NIKKHO FARMACÊUTICA LTDA;5254971000181;4321307228;21/06/2022;2022-06-21;fitoterapico
HIDROCLOROTIAZIDA;MEDQUIMICA INDUSTRIA FARMACEUTICA LTDA.;17.875.154/0001-20;4320709225;21/06/2022;2022-06-21;generico
FLUCONAZOL;MEDQUIMICA INDUSTRIA FARMACEUTICA LTDA.;17.875.154/0001-20;4317150221;21/06/2022;2022-06-21;generico
CIMEGRIPE DOR E FEBRE;CIMED INDUSTRIA S.A;2814497000107;4326893222;22/06/2022;2022-06-22;similar
cloridrato de memantina;NOVARTIS BIOCIENCIAS S.A;56.994.502/0001-30;4325993223;22/06/2022;2022-06-22;generico
AXONIUM;Aché Laboratórios Farmacêuticos S.A;60.659.463/0029-92;4326657227;22/06/2022;2022-06-22;similar
OLANZAPINA;Aché Laboratórios Farmacêuticos S.A;60.659.463/0029-92;4326974222;22/06/2022;2022-06-22;generico
succinato de metoprolol;CIMED INDUSTRIA S.A;2814497000107;4328437224;22/06/2022;2022-06-22;generico
DNAREN;BLAU FARMACÊUTICA S.A.;58.430.828/0001-60;4327751227;22/06/2022;2022-06-22;similar
BUSONID;Aché Laboratórios Farmacêuticos S.A;60.659.463/0029-92;4327485225;22/06/2022;2022-06-22;novo
hemifumarato de quetiapina;CIMED INDUSTRIA S.A;2814497000107;4323924224;22/06/2022;2022-06-22;generico
cuore;MERCK S/A;33.069.212/0001-84;4324820228;22/06/2022;2022-06-22;similar
BIOVARIXON;VITAMEDIC INDUSTRIA FARMACEUTICA LTDA;30.222.814/0001-31;4334217222;23/06/2022;2022-06-23;especifico
IBUFRAN;BRAINFARMA INDÚSTRIA QUÍMICA E FARMACÊUTICA S.A;5161069000110;4334239226;23/06/2022;2022-06-23;similar
DICLOFENACO DIETILAMONIO;LABORATÓRIO TEUTO BRASILEIRO S/A;17.159.229/0001-76;4332702221;23/06/2022;2022-06-23;generico
cloridrato de fluoxetina;EMS S/A;57.507.378/0003-65;4333639221;23/06/2022;2022-06-23;generico
cloridrato de fluoxetina;GERMED FARMACEUTICA LTDA;45.992.062/0001-65;4333205221;23/06/2022;2022-06-23;generico
cloridrato de fluoxetina;LEGRAND PHARMA INDÚSTRIA FARMACÊUTICA LTDA;5044984000126;4333278228;23/06/2022;2022-06-23;generico
FLAMAPE;LABORATÓRIO GLOBO SA;17.115.437/0001-73;4330571226;23/06/2022;2022-06-23;similar
desloratadina;SANOFI MEDLEY FARMACÊUTICA LTDA.;10.588.595/0010-92;4335179227;23/06/2022;2022-06-23;generico
carbonato de lítio;EUROFARMA LABORATÓRIOS S.A.;61.190.096/0001-92;4329703220;23/06/2022;2022-06-23;generico
RIBOMUSTIN;JANSSEN - CILAG FARMACÊUTICA LTDA;51.780.468/0001-87;4339773221;24/06/2022;2022-06-24;novo
AGRASTAT;ASPEN PHARMA INDÚSTRIA FARMACÊUTICA LTDA;2433631000120;4340712221;24/06/2022;2022-06-24;novo
NEOCOFLAN;BRAINFARMA INDÚSTRIA QUÍMICA E FARMACÊUTICA S.A;5161069000110;4340500224;24/06/2022;2022-06-24;similar
CALMINEX DICLO;COSMED INDUSTRIA DE COSMETICOS E MEDICAMENTOS S.A.;61.082.426/0002-07;4340418226;24/06/2022;2022-06-24;similar
MIRTAZAPINA;BRAINFARMA INDÚSTRIA QUÍMICA E FARMACÊUTICA S.A;5161069000110;4340611221;24/06/2022;2022-06-24;generico
NOXX;BLAU FARMACÊUTICA S.A.;58.430.828/0001-60;4339066222;24/06/2022;2022-06-24;biologico
FORFIG;EUROFARMA LABORATÓRIOS S.A.;61.190.096/0001-92;4336613222;24/06/2022;2022-06-24;fitoterapico
XTANDI;ASTELLAS FARMA BRASIL IMPORTAÇÃO E DISTRIBUIÇÃO DE MEDICAMENTOS LTDA.;7768134000104;4344859227;27/06/2022;2022-06-27;novo
BIO E;UNIÃO QUÍMICA FARMACÊUTICA NACIONAL S/A;60.665.981/0001-18;4343124223;27/06/2022;2022-06-27;especifico
ibuprofeno;VITAMEDIC INDUSTRIA FARMACEUTICA LTDA;30.222.814/0001-31;4346575226;27/06/2022;2022-06-27;generico
INDAPAMIDA;PRATI DONADUZZI & CIA LTDA;73.856.593/0001-66;4346273220;27/06/2022;2022-06-27;generico
losartana potássica+hidroclorotiazida;PRATI DONADUZZI & CIA LTDA;73.856.593/0001-66;4346385222;27/06/2022;2022-06-27;generico
DESTADIN;EMS S/A;57.507.378/0003-65;4352277223;28/06/2022;2022-06-28;similar
PILOCARPINA;ALLERGAN PRODUTOS FARMACÊUTICOS LTDA;43.426.626/0001-77;4353586220;28/06/2022;2022-06-28;novo
diclofenaco dietilamônio;CIMED INDUSTRIA S.A;2814497000107;4353560221;28/06/2022;2022-06-28;generico
fluconazol;LABORATÓRIO GLOBO SA;17.115.437/0001-73;4352086223;28/06/2022;2022-06-28;generico
DEWS;UNIÃO QUÍMICA FARMACÊUTICA NACIONAL S/A;60.665.981/0001-18;4350136223;28/06/2022;2022-06-28;especifico
MALEATO DE TIMOLOL;Aché Laboratórios Farmacêuticos S.A;60.659.463/0029-92;4352753220;28/06/2022;2022-06-28;generico
FLUCONAZOL;HALEX ISTAR INDÚSTRIA FARMACÊUTICA SA;1571702000198;4353638220;28/06/2022;2022-06-28;generico
FLUCOLCID;LABORATÓRIO GLOBO SA;17.115.437/0001-73;4351717220;28/06/2022;2022-06-28;similar
PREDNISONA;UNIÃO QUÍMICA FARMACÊUTICA NACIONAL S/A;60.665.981/0001-18;4351250224;28/06/2022;2022-06-28;generico
CO-PRESSOTEC;LABORATÓRIO TEUTO BRASILEIRO S/A;17.159.229/0001-76;4358376223;29/06/2022;2022-06-29;similar
acetilcisteína;LEGRAND PHARMA INDÚSTRIA FARMACÊUTICA LTDA;5044984000126;4359125224;29/06/2022;2022-06-29;generico
acetilcisteína;GERMED FARMACEUTICA LTDA;45.992.062/0001-65;4359116225;29/06/2022;2022-06-29;generico
FLUITEÍNA;EMS S/A;57.507.378/0003-65;4359077220;29/06/2022;2022-06-29;similar
acetilcisteína;EMS S/A;57.507.378/0003-65;4359056222;29/06/2022;2022-06-29;generico
INFANRIX HEXA;GLAXOSMITHKLINE BRASIL LTDA;33.247.743/0001-10;4357921228;29/06/2022;2022-06-29;novo
TALTZ;ELI LILLY DO BRASIL LTDA;43.940.618/0001-44;4359286228;29/06/2022;2022-06-29;biologico
ZITRONEO;BRAINFARMA INDÚSTRIA QUÍMICA E FARMACÊUTICA S.A;5161069000110;4360282222;29/06/2022;2022-06-29;similar
DUXIO;EMS S/A;57.507.378/0003-65;4360183224;29/06/2022;2022-06-29;similar
SS WHITE 100;SS WHITE ARTIGOS DENTARIOS LTDA;68.567.650/0001-57;4359169221;29/06/2022;2022-06-29;similar
alendronato de sódio;EUROFARMA LABORATÓRIOS S.A.;61.190.096/0001-92;4355727220;29/06/2022;2022-06-29;generico
Stelara;JANSSEN-CILAG FARMACÊUTICA LTDA;51.780.468/0001-87;4361189226;30/06/2022;2022-06-30;biologico
FENOCRIS;CRISTÁLIA PRODUTOS QUÍMICOS FARMACÊUTICOS LTDA.;44.734.671/0001-51;4365838229;30/06/2022;2022-06-30;similar
DIGESIGMA;EMS SIGMA PHARMA LTDA;923140000131;4365356224;30/06/2022;2022-06-30;similar
Azacitidina;DR. REDDYS FARMACÊUTICA DO BRASIL LTDA;3978166000175;4364560227;30/06/2022;2022-06-30;generico
DIPRIVAN;ASPEN PHARMA INDÚSTRIA FARMACÊUTICA LTDA;2433631000120;4365764225;30/06/2022;2022-06-30;novo
AFOLIC INFANTIL;NATULAB LABORATÓRIO S.A;2456955000183;4362299220;30/06/2022;2022-06-30;especifico
Bromoprida;EMS S/A;57.507.378/0003-65;4366966221;30/06/2022;2022-06-30;generico
cloridrato de propranolol;GERMED FARMACEUTICA LTDA;45.992.062/0001-65;4364730220;30/06/2022;2022-06-30;generico
MESILATO DE IMATINIBE;EMS S/A;57.507.378/0003-65;4363380225;30/06/2022;2022-06-30;generico
GLIMATIN;EMS S/A;57.507.378/0003-65;4363386223;30/06/2022;2022-06-30;similar
BORTEZOMIBE;DR. REDDYS FARMACÊUTICA DO BRASIL LTDA;3978166000175;4365300229;30/06/2022;2022-06-30;generico
CLORIDRATO DE PROPRANOLOL;EMS S/A;57.507.378/0003-65;4364567221;30/06/2022;2022-06-30;generico
AGRYLIN;TAKEDA PHARMA LTDA.;60.397.775/0001-74;4364240222;30/06/2022;2022-06-30;novo
LEUPHILA;LEGRAND PHARMA INDÚSTRIA FARMACÊUTICA LTDA;5044984000126;4363422220;30/06/2022;2022-06-30;similar
bromoprida;GERMED FARMACEUTICA LTDA;45.992.062/0001-65;4365293222;30/06/2022;2022-06-30;generico
MIFLONIDE;NOVARTIS BIOCIENCIAS S.A;56.994.502/0001-30;4366330229;30/06/2022;2022-06-30;novo
MIFLONIDE BRIZZ;NOVARTIS BIOCIENCIAS S.A;56.994.502/0001-30;4366336227;30/06/2022;2022-06-30;novo
PROPRANOLOL;EMS SIGMA PHARMA LTDA;923140000131;4364974226;30/06/2022;2022-06-30;similar
MESILATO DE IMATINIBE;GERMED FARMACEUTICA LTDA;45.992.062/0001-65;4363436221;30/06/2022;2022-06-30;generico
CELLCEPT;PRODUTOS ROCHE QUÍMICOS E FARMACÊUTICOS S.A.;33.009.945/0001-23;4361192227;30/06/2022;2022-06-30;novo
bromoprida;LEGRAND PHARMA INDÚSTRIA FARMACÊUTICA LTDA;5044984000126;4365322222;30/06/2022;2022-06-30;generico
IMURAN;ASPEN PHARMA INDÚSTRIA FARMACÊUTICA LTDA;2433631000120;4365264222;30/06/2022;2022-06-30;novo
SORO ANTICROTÁLICO;INSTITUTO VITAL BRAZIL S/A;30.064.034/0001-00;4365951220;30/06/2022;2022-06-30;biologico
SPASCUPREEL;HEEL DO BRASIL BIOMÉDICA LTDA;5994539000127;4370719224;01/07/2022;2022-07-01;dinamizado
ácido ursodesoxicólico;EMS S/A;57.507.378/0003-65;4370978220;01/07/2022;2022-07-01;generico
NUX VOMICA HOMACCORD;HEEL DO BRASIL BIOMÉDICA LTDA;5994539000127;4370721229;01/07/2022;2022-07-01;dinamizado
BERBERIS-HOMACCORD;HEEL DO BRASIL BIOMÉDICA LTDA;5994539000127;4370054222;01/07/2022;2022-07-01;dinamizado
VERTIGOHEEL;HEEL DO BRASIL BIOMÉDICA LTDA;5994539000127;4371072224;01/07/2022;2022-07-01;dinamizado
MESILATO DE IMATINIBE;INSTITUTO VITAL BRAZIL S/A;30.064.034/0001-00;4372261225;01/07/2022;2022-07-01;generico
fluconazol;HALEX ISTAR INDÚSTRIA FARMACÊUTICA SA;1571702000198;4371792227;01/07/2022;2022-07-01;generico
TRAUMEEL S;HEEL DO BRASIL BIOMÉDICA LTDA;5994539000127;4371050221;01/07/2022;2022-07-01;dinamizado
ZEEL COMP N;HEEL DO BRASIL BIOMÉDICA LTDA;5994539000127;4371117228;01/07/2022;2022-07-01;dinamizado
ENGYSTOL;HEEL DO BRASIL BIOMÉDICA LTDA;5994539000127;4370424224;01/07/2022;2022-07-01;dinamizado
PIOLETAL;CELLERA FARMACÊUTICA S.A.;33.173.097/0002-74;4370658225;01/07/2022;2022-07-01;similar
EUPHORBIUM COMPOSITUM SN;HEEL DO BRASIL BIOMÉDICA LTDA;5994539000127;4370453224;01/07/2022;2022-07-01;dinamizado
GRIPPHEEL;HEEL DO BRASIL BIOMÉDICA LTDA;5994539000127;4370499224;01/07/2022;2022-07-01;dinamizado
LYMPHOMYOSOT;HEEL DO BRASIL BIOMÉDICA LTDA;5994539000127;4370592224;01/07/2022;2022-07-01;dinamizado
AMPICILINA SÓDICA;LABORATÓRIO TEUTO BRASILEIRO S/A;17.159.229/0001-76;4370555221;01/07/2022;2022-07-01;generico
maleato de enalapril + hidroclorotiazida;LABORATÓRIO TEUTO BRASILEIRO S/A;17.159.229/0001-76;4371305229;01/07/2022;2022-07-01;generico
NEUREXAN;HEEL DO BRASIL BIOMÉDICA LTDA;5994539000127;4370686229;01/07/2022;2022-07-01;dinamizado
PROLOPA;PRODUTOS ROCHE QUÍMICOS E FARMACÊUTICOS S.A.;33.009.945/0001-23;4370955220;01/07/2022;2022-07-01;novo
BOSENTANA;JANSSEN-CILAG FARMACÊUTICA LTDA;51.780.468/0001-87;4367419223;01/07/2022;2022-07-01;generico
HIDROCLOROTIAZIDA;EMS S/A;57.507.378/0003-65;4376443221;04/07/2022;2022-07-04;generico
capecitabina;LABORATORIO QUIMICO FARMACEUTICO DA AERONAUTICA;394429009914;4375986221;04/07/2022;2022-07-04;generico
tartarato de brimonidina;Aché Laboratórios Farmacêuticos S.A;60.659.463/0029-92;4378361221;04/07/2022;2022-07-04;generico
bissulfato de clopidogrel;EMS S/A;57.507.378/0003-65;4378092221;04/07/2022;2022-07-04;generico
MICRODIOL;ORGANON FARMACÊUTICA LTDA.;45.987.013/0001-34;4377756222;04/07/2022;2022-07-04;novo
hidroclorotiazida;LEGRAND PHARMA INDÚSTRIA FARMACÊUTICA LTDA;5044984000126;4376738221;04/07/2022;2022-07-04;generico
TIMEOLATE;LABORATÓRIO TAYUYNA LTDA;60.879.848/0001-64;4377912224;04/07/2022;2022-07-04;similar
CLOPIDO-GRAN;LEGRAND PHARMA INDÚSTRIA FARMACÊUTICA LTDA;5044984000126;4377889222;04/07/2022;2022-07-04;similar
PLAQUEVIX;EMS S/A;57.507.378/0003-65;4378015226;04/07/2022;2022-07-04;similar
hidroclorotiazida;GERMED FARMACEUTICA LTDA;45.992.062/0001-65;4377208225;04/07/2022;2022-07-04;generico
DORFLEX;SANOFI MEDLEY FARMACÊUTICA LTDA.;10.588.595/0010-92;4377845225;04/07/2022;2022-07-04;novo
bissulfato de clopidogrel;LEGRAND PHARMA INDÚSTRIA FARMACÊUTICA LTDA;5044984000126;4377954229;04/07/2022;2022-07-04;generico
etinilestradiol + gestodeno;Aché Laboratórios Farmacêuticos S.A;60.659.463/0029-92;4374029222;04/07/2022;2022-07-04;generico
PLUTO;SUN FARMACÊUTICA DO BRASIL LTDA;5035244000123;4382636221;05/07/2022;2022-07-05;similar
LIVIAL;ORGANON FARMACÊUTICA LTDA.;45.987.013/0001-34;4383906222;05/07/2022;2022-07-05;novo
Jakavi;NOVARTIS BIOCIENCIAS S.A;56.994.502/0001-30;4382288223;05/07/2022;2022-07-05;novo
amoxicilina;PRATI DONADUZZI & CIA LTDA;73.856.593/0001-66;4381773225;05/07/2022;2022-07-05;generico
MAXALGINA;NATULAB LABORATÓRIO S.A;2456955000183;4383385222;05/07/2022;2022-07-05;similar
FLUCONAZOL;CRISTÁLIA PRODUTOS QUÍMICOS FARMACÊUTICOS LTDA.;44.734.671/0001-51;4382489229;05/07/2022;2022-07-05;generico
bissulfato de clopidogrel;RANBAXY FARMACÊUTICA LTDA;73.663.650/0001-90;4382616221;05/07/2022;2022-07-05;generico
montelucaste de sódio + dicloridrato de levocetirizina;EUROFARMA LABORATÓRIOS S.A.;61.190.096/0001-92;4382350221;05/07/2022;2022-07-05;generico
HEMIFUMARATO DE QUETIAPINA;LABORATORIO FARMACEUTICO DO ESTADO DE PERNAMBUCO GOVERNADOR MIGUEL ARRAES S/A - LAFEPE;10.877.926/0001-13;4383226221;05/07/2022;2022-07-05;generico
FLUCONID;VITAMEDIC INDUSTRIA FARMACEUTICA LTDA;30.222.814/0001-31;4383783228;05/07/2022;2022-07-05;similar
MESILATO DE IMATINIBE;RANBAXY FARMACÊUTICA LTDA;73.663.650/0001-90;4382554225;05/07/2022;2022-07-05;generico
INILOK;APSEN FARMACEUTICA S/A;62.462.015/0001-29;4379326225;05/07/2022;2022-07-05;similar
CLOPIPLAX;GERMED FARMACEUTICA LTDA;45.992.062/0001-65;4383471226;05/07/2022;2022-07-05;similar
PAMERGAN;CRISTÁLIA PRODUTOS QUÍMICOS FARMACÊUTICOS LTDA.;44.734.671/0001-51;4383490221;05/07/2022;2022-07-05;similar
TRUVADA;GILEAD SCIENCES FARMACEUTICA DO BRASIL LTDA;15.670.288/0001-89;4388050229;06/07/2022;2022-07-06;novo
TRINULOX;EMS S/A;57.507.378/0003-65;4388747220;06/07/2022;2022-07-06;similar
fluconazol;CIMED INDUSTRIA S.A;2814497000107;4389544225;06/07/2022;2022-07-06;generico
SUAVICID;LEGRAND PHARMA INDÚSTRIA FARMACÊUTICA LTDA;5044984000126;4388674222;06/07/2022;2022-07-06;similar
espironolactona;GEOLAB INDÚSTRIA FARMACÊUTICA S/A;3485572000104;4384787227;06/07/2022;2022-07-06;generico
Adakveo;NOVARTIS BIOCIENCIAS S.A;56.994.502/0001-30;4389752227;06/07/2022;2022-07-06;biologico
MALENA HCT;EMS SIGMA PHARMA LTDA;923140000131;4388744221;06/07/2022;2022-07-06;similar
HIDROQUINONA + TRETINOINA + FLUOCINOLONA ACETONIDA;EMS SIGMA PHARMA LTDA;923140000131;4388545228;06/07/2022;2022-07-06;generico
FLUCONAZOL;LABORATÓRIO TEUTO BRASILEIRO S/A;17.159.229/0001-76;4388745227;06/07/2022;2022-07-06;generico
HIDROQUINONA+ TRETINOINA + FLUOCINOLONA ACETONIDA;EMS S/A;57.507.378/0003-65;4388820229;06/07/2022;2022-07-06;generico
MALEATO DE ENALAPRIL + HIDROCLOROTIAZIDA;EMS S/A;57.507.378/0003-65;4388712221;06/07/2022;2022-07-06;generico
REVOLADE;NOVARTIS BIOCIENCIAS S.A;56.994.502/0001-30;4390343220;06/07/2022;2022-07-06;novo
cloridrato de fexofenadina;GERMED FARMACEUTICA LTDA;45.992.062/0001-65;4388713228;06/07/2022;2022-07-06;generico
HORMOSKIN;GERMED FARMACEUTICA LTDA;45.992.062/0001-65;4388622222;06/07/2022;2022-07-06;similar
maleato de enalapril + hidroclorotiazida;LEGRAND PHARMA INDÚSTRIA FARMACÊUTICA LTDA;5044984000126;4388751227;06/07/2022;2022-07-06;generico
BRINTELLIX;LUNDBECK BRASIL LTDA;4522600000170;4389602225;06/07/2022;2022-07-06;novo
FLUCONAZOL;VITAMEDIC INDUSTRIA FARMACEUTICA LTDA;30.222.814/0001-31;4388045225;06/07/2022;2022-07-06;generico
HIDROQUINONA + TRETINOINA + FLUOCINOLONA ACETONIDA;LEGRAND PHARMA INDÚSTRIA FARMACÊUTICA LTDA;5044984000126;4388805220;06/07/2022;2022-07-06;generico
DICLOFENACO SÓDICO;BLAU FARMACÊUTICA S.A.;58.430.828/0001-60;4395147224;07/07/2022;2022-07-07;generico
FLANCOX;APSEN FARMACEUTICA S/A;62.462.015/0001-29;4395024220;07/07/2022;2022-07-07;novo
INFLALID;LEGRAND PHARMA INDÚSTRIA FARMACÊUTICA LTDA;5044984000126;4394275229;07/07/2022;2022-07-07;similar
nimesulida;EMS S/A;57.507.378/0003-65;4394331226;07/07/2022;2022-07-07;generico
INFLALID;LEGRAND PHARMA INDÚSTRIA FARMACÊUTICA LTDA;5044984000126;4393465229;07/07/2022;2022-07-07;similar
NIMESULIDA;EMS S/A;57.507.378/0003-65;4392057224;07/07/2022;2022-07-07;generico
TACHOSIL;MANDALA BRASIL IMPORTAÇÃO E DISTRIBUIÇÃO DE PRODUTO MÉDICO HOSPITALAR LTDA;9117476000181;4394259223;07/07/2022;2022-07-07;biologico
nimesulida;GERMED FARMACEUTICA LTDA;45.992.062/0001-65;4394390222;07/07/2022;2022-07-07;generico
REMERON;ORGANON FARMACÊUTICA LTDA.;45.987.013/0001-34;4395771220;07/07/2022;2022-07-07;novo
cetoprofeno;LABORATÓRIO TEUTO BRASILEIRO S/A;17.159.229/0001-76;4394769221;07/07/2022;2022-07-07;generico
fluconazol;GEOLAB INDÚSTRIA FARMACÊUTICA S/A;3485572000104;4394885221;07/07/2022;2022-07-07;generico
METRONIDAZOL + NISTATINA;LABORATÓRIO TEUTO BRASILEIRO S/A;17.159.229/0001-76;4394969221;07/07/2022;2022-07-07;generico
VACINA ADSORVIDA HEPATITE B (RECOMBINANTE);INSTITUTO BUTANTAN;61.821.344/0001-56;4394461227;07/07/2022;2022-07-07;biologico
PLASIL;SANOFI MEDLEY FARMACÊUTICA LTDA.;10.588.595/0010-92;4395245226;07/07/2022;2022-07-07;novo
NIMESILAM;EMS SIGMA PHARMA LTDA;923140000131;4392404226;07/07/2022;2022-07-07;similar
Nimesulida;LEGRAND PHARMA INDÚSTRIA FARMACÊUTICA LTDA;5044984000126;4393581229;07/07/2022;2022-07-07;generico
COLPATRIN;LABORATÓRIO TEUTO BRASILEIRO S/A;17.159.229/0001-76;4394827221;07/07/2022;2022-07-07;similar
NIMESILAM;EMS SIGMA PHARMA LTDA;923140000131;4393693221;07/07/2022;2022-07-07;similar
METILDOPA;EMS S/A;57.507.378/0003-65;4395969224;07/07/2022;2022-07-07;generico
FLUCANIL;GEOLAB INDÚSTRIA FARMACÊUTICA S/A;3485572000104;4394894221;07/07/2022;2022-07-07;similar
INTRATECT;BIOTEST FARMACÊUTICA LTDA;33.348.731/0001-81;4400039226;08/07/2022;2022-07-08;biologico
NAC;EMS SIGMA PHARMA LTDA;923140000131;4400040224;08/07/2022;2022-07-08;similar
Alginac;PROCTER & GAMBLE DO BRASIL LTDA;59.476.770/0001-58;4406703225;11/07/2022;2022-07-11;novo
TRIFAMOX;Laboratórios Bagó do Brasil S/A;4748181000947;4408630225;11/07/2022;2022-07-11;novo
QUESTRAN LIGHT;MOKSHA8 BRASIL INDUSTRIA E COMERCIO DE MEDICAMENTOS LTDA;7591326000180;4405021228;11/07/2022;2022-07-11;novo
Dexa-Citoneurin NFF;PROCTER & GAMBLE DO BRASIL LTDA;59.476.770/0001-58;4408329223;11/07/2022;2022-07-11;novo
CETROLAC;UNIÃO QUÍMICA FARMACÊUTICA NACIONAL S/A;60.665.981/0001-18;4407384221;11/07/2022;2022-07-11;similar
FERINJECT;BLANVER FARMOQUIMICA E FARMACÊUTICA S.A.;53.359.824/0001-19;4408264229;11/07/2022;2022-07-11;especifico
Amoxicilina;PRATI DONADUZZI & CIA LTDA;73.856.593/0001-66;4409160222;11/07/2022;2022-07-11;generico
NORIPURUM FÓLICO;BLANVER FARMOQUIMICA E FARMACÊUTICA S.A.;53.359.824/0001-19;4408381225;11/07/2022;2022-07-11;especifico
indapamida;GEOLAB INDÚSTRIA FARMACÊUTICA S/A;3485572000104;4405857229;11/07/2022;2022-07-11;generico
bosentana;BIOLAB SANUS FARMACÊUTICA LTDA;49.475.833/0001-06;4409237225;11/07/2022;2022-07-11;generico
NORIPURUM EV;BLANVER FARMOQUIMICA E FARMACÊUTICA S.A.;53.359.824/0001-19;4408327221;11/07/2022;2022-07-11;especifico
CITONEURIN;PROCTER & GAMBLE DO BRASIL LTDA;59.476.770/0001-58;4406754229;11/07/2022;2022-07-11;especifico
SUGADIOZ;SANDOZ DO BRASIL INDÚSTRIA FARMACÊUTICA LTDA;61.286.647/0001-16;4408301221;11/07/2022;2022-07-11;similar
TENOXICAM;CIFARMA CIENTÍFICA FARMACÊUTICA LTDA;17.562.075/0001-69;4409302221;11/07/2022;2022-07-11;generico
HUMECTOL D;COSMED INDUSTRIA DE COSMETICOS E MEDICAMENTOS S.A.;61.082.426/0002-07;4409659227;11/07/2022;2022-07-11;novo
Losartana Potássica + Hidroclorotiazida;EUROFARMA LABORATÓRIOS S.A.;61.190.096/0001-92;4408117226;11/07/2022;2022-07-11;generico
NORIPURUM;BLANVER FARMOQUIMICA E FARMACÊUTICA S.A.;53.359.824/0001-19;4408310221;11/07/2022;2022-07-11;especifico
BART H;EUROFARMA LABORATÓRIOS S.A.;61.190.096/0001-92;4412699226;12/07/2022;2022-07-12;similar
RIPOSO SL;EUROFARMA LABORATÓRIOS S.A.;61.190.096/0001-92;4415583229;12/07/2022;2022-07-12;similar
captopril;HIPOLABOR FARMACEUTICA LTDA;19.570.720/0001-10;4415408222;12/07/2022;2022-07-12;generico
alprazolam;LEGRAND PHARMA INDÚSTRIA FARMACÊUTICA LTDA;5044984000126;4415869220;12/07/2022;2022-07-12;generico
IRBESARTANA+ HIDROCLOROTIAZIDA;EUROFARMA LABORATÓRIOS S.A.;61.190.096/0001-92;4413382226;12/07/2022;2022-07-12;generico
BOZORED;DR. REDDYS FARMACÊUTICA DO BRASIL LTDA;3978166000175;4415867227;12/07/2022;2022-07-12;similar
AGLUCOSE;EMS SIGMA PHARMA LTDA;923140000131;4415780229;12/07/2022;2022-07-12;similar
hemitartarato de zolpidem;EUROFARMA LABORATÓRIOS S.A.;61.190.096/0001-92;4415687229;12/07/2022;2022-07-12;generico
cloridrato de paroxetina;PHARLAB INDÚSTRIA FARMACÊUTICA S.A.;2501297000102;4415904220;12/07/2022;2022-07-12;generico
alprazolam;GERMED FARMACEUTICA LTDA;45.992.062/0001-65;4415791221;12/07/2022;2022-07-12;generico
bissulfato de clopidogrel;LABORATÓRIO TEUTO BRASILEIRO S/A;17.159.229/0001-76;4415987222;12/07/2022;2022-07-12;generico
ALPRAZOLAM;EMS S/A;57.507.378/0003-65;4415725228;12/07/2022;2022-07-12;generico
ALFRON;EMS SIGMA PHARMA LTDA;923140000131;4415748228;12/07/2022;2022-07-12;similar
ONDIF;COSMED INDUSTRIA DE COSMETICOS E MEDICAMENTOS S.A.;61.082.426/0002-07;4413126220;12/07/2022;2022-07-12;novo
Turno SL;EUROFARMA LABORATÓRIOS S.A.;61.190.096/0001-92;4415898220;12/07/2022;2022-07-12;similar
AMOXICILINA;EUROFARMA LABORATÓRIOS S.A.;61.190.096/0001-92;4415399223;12/07/2022;2022-07-12;generico
sinvastatina;HIPOLABOR FARMACEUTICA LTDA;19.570.720/0001-10;4415352227;12/07/2022;2022-07-12;similar
HEIMER;EUROFARMA LABORATÓRIOS S.A.;61.190.096/0001-92;4415222226;12/07/2022;2022-07-12;similar
ZOLADEX;ASTRAZENECA DO BRASIL LTDA;60.318.797/0001-00;4414082226;12/07/2022;2022-07-12;novo
AZITROMICINA;EMS S/A;57.507.378/0003-65;4422006223;13/07/2022;2022-07-13;generico
cimetidina;LABORATÓRIO TEUTO BRASILEIRO S/A;17.159.229/0001-76;4417714223;13/07/2022;2022-07-13;generico
amoxicilina;AUROBINDO PHARMA INDÚSTRIA FARMACÊUTICA LIMITADA;4301884000175;4422661221;13/07/2022;2022-07-13;generico
gabapentina;PHARLAB INDÚSTRIA FARMACÊUTICA S.A.;2501297000102;4422399225;13/07/2022;2022-07-13;generico
AZI;EMS SIGMA PHARMA LTDA;923140000131;4422037226;13/07/2022;2022-07-13;similar
azitromicina;GERMED FARMACEUTICA LTDA;45.992.062/0001-65;4422121227;13/07/2022;2022-07-13;generico
AZITROGRAN;LEGRAND PHARMA INDÚSTRIA FARMACÊUTICA LTDA;5044984000126;4422087223;13/07/2022;2022-07-13;similar
BIO-MANGUINHOS SOMATROPINA;FUNDAÇÃO OSWALDO CRUZ;33.781.055/0001-35;4418432221;13/07/2022;2022-07-13;biologico
Ártico Caps;EUROFARMA LABORATÓRIOS S.A.;61.190.096/0001-92;4422627228;13/07/2022;2022-07-13;biologico
SEIZLA;TORRENT DO BRASIL LTDA;33.078.528/0001-32;4428082223;14/07/2022;2022-07-14;similar
BICARBONATO DE SÓDIO - FARMACE;FARMACE INDÚSTRIA QUÍMICO-FARMACÊUTICA CEARENSE LTDA;6628333000146;4428467222;14/07/2022;2022-07-14;especifico
AMOXICILINA;EUROFARMA LABORATÓRIOS S.A.;61.190.096/0001-92;4428013221;14/07/2022;2022-07-14;generico
ACICLOR;KLEY HERTZ FARMACEUTICA S.A;92.695.691/0001-03;4428860226;14/07/2022;2022-07-14;similar
MARACUGINA PI (Passiflora incarnata L);COSMED INDUSTRIA DE COSMETICOS E MEDICAMENTOS S.A.;61.082.426/0002-07;4428978227;14/07/2022;2022-07-14;fitoterapico
ONCASPAR;LABORATÓRIOS SERVIER DO BRASIL LTDA;42.374.207/0001-76;4434695223;15/07/2022;2022-07-15;biologico
BROMIDRATO DE GALANTAMINA;GERMED FARMACEUTICA LTDA;45.992.062/0001-65;4431825223;15/07/2022;2022-07-15;generico
DODOY;Jarrell Farmacêutica Ltda EPP;68.240.779/0001-56;4434020226;15/07/2022;2022-07-15;similar
GALZET;LEGRAND PHARMA INDÚSTRIA FARMACÊUTICA LTDA;5044984000126;4431244221;15/07/2022;2022-07-15;similar
GAUDY;EMS S/A;57.507.378/0003-65;4431695222;15/07/2022;2022-07-15;similar
CABERGOLINA;GERMED FARMACEUTICA LTDA;45.992.062/0001-65;4431803220;15/07/2022;2022-07-15;generico
COLÍRIO TEUTO;LABORATÓRIO TEUTO BRASILEIRO S/A;17.159.229/0001-76;4433045225;15/07/2022;2022-07-15;similar
Hedera Cimed;CIMED INDUSTRIA S.A;2814497000107;4433132225;15/07/2022;2022-07-15;fitoterapico
GAMMAR;ZYDUS NIKKHO FARMACÊUTICA LTDA;5254971000181;4431425225;15/07/2022;2022-07-15;novo
NIMESULIDA;CIMED INDUSTRIA S.A;2814497000107;4431332227;15/07/2022;2022-07-15;generico
CAPTOPRIL;EMS S/A;57.507.378/0003-65;4431765221;15/07/2022;2022-07-15;generico
ZOUP SL;SUPERA FARMA LABORATÓRIOS S.A;43.312.503/0001-05;4431094229;15/07/2022;2022-07-15;similar
CABERGOLINA;LEGRAND PHARMA INDÚSTRIA FARMACÊUTICA LTDA;5044984000126;4431305220;15/07/2022;2022-07-15;generico
DIGESTIL;LABORATÓRIO TEUTO BRASILEIRO S/A;17.159.229/0001-76;4433148229;15/07/2022;2022-07-15;similar
aciclovir;PHARLAB INDÚSTRIA FARMACÊUTICA S.A.;2501297000102;4431923225;15/07/2022;2022-07-15;generico
CABERGOLINA;EMS SIGMA PHARMA LTDA;923140000131;4432015225;15/07/2022;2022-07-15;generico
captopril;MULTILAB INDUSTRIA E COMERCIO DE PRODUTOS FARMACEUTICOS LTDA;92.265.552/0009-05;4433195227;15/07/2022;2022-07-15;generico
BERGOX;LEGRAND PHARMA INDÚSTRIA FARMACÊUTICA LTDA;5044984000126;4431380221;15/07/2022;2022-07-15;similar
CABERGOLINA;EMS S/A;57.507.378/0003-65;4431719229;15/07/2022;2022-07-15;generico
captopril;GERMED FARMACEUTICA LTDA;45.992.062/0001-65;4431794221;15/07/2022;2022-07-15;generico
BROMIDRATO DE GALANTAMINA;EMS S/A;57.507.378/0003-65;4431676228;15/07/2022;2022-07-15;generico
TREXACONT;LEGRAND PHARMA INDÚSTRIA FARMACÊUTICA LTDA;5044984000126;4435350220;16/07/2022;2022-07-16;similar
RELVAR ELLIPTA;GLAXOSMITHKLINE BRASIL LTDA;33.247.743/0001-10;4435137224;16/07/2022;2022-07-16;novo
ACIDO TRANEXAMICO;LEGRAND PHARMA INDÚSTRIA FARMACÊUTICA LTDA;5044984000126;4435354225;16/07/2022;2022-07-16;generico
TRANEGER;GERMED FARMACEUTICA LTDA;45.992.062/0001-65;4435363224;16/07/2022;2022-07-16;similar
ácido tranexâmico;EMS S/A;57.507.378/0003-65;4435344220;16/07/2022;2022-07-16;generico
VISIPAQUE;GE HEALTHCARE DO BRASIL COMÉRCIO E SERVIÇOS PARA EQUIPAMENTOS MEDICO - HOSPITALARES LTDA;29372000140;4441092229;18/07/2022;2022-07-18;novo
ATAK CLAV;EUROFARMA LABORATÓRIOS S.A.;61.190.096/0001-92;4437052226;18/07/2022;2022-07-18;similar
bromoprida;LABORATÓRIO TEUTO BRASILEIRO S/A;17.159.229/0001-76;4438338221;18/07/2022;2022-07-18;generico
bissulfato de clopidogrel;Aché Laboratórios Farmacêuticos S.A;60.659.463/0029-92;4438322227;18/07/2022;2022-07-18;generico
KAOSEC;PHARMASCIENCE INDÚSTRIA FARMACÊUTICA LTDA;25.773.037/0001-83;4437302222;18/07/2022;2022-07-18;similar
SINOT CLAV;EUROFARMA LABORATÓRIOS S.A.;61.190.096/0001-92;4437066227;18/07/2022;2022-07-18;similar
CLORIDRATO DE DORZOLAMIDA;Aché Laboratórios Farmacêuticos S.A;60.659.463/0029-92;4438512221;18/07/2022;2022-07-18;generico
acetato de abiraterona;SANDOZ DO BRASIL INDÚSTRIA FARMACÊUTICA LTDA;61.286.647/0001-16;4441329229;18/07/2022;2022-07-18;generico
Amoxicilina + Clavulanato de Potássio;EUROFARMA LABORATÓRIOS S.A.;61.190.096/0001-92;4437047222;18/07/2022;2022-07-18;generico
PRASILENCE;PHARMASCIENCE INDÚSTRIA FARMACÊUTICA LTDA;25.773.037/0001-83;4438764220;18/07/2022;2022-07-18;fitoterapico
CLOPIN;Aché Laboratórios Farmacêuticos S.A;60.659.463/0029-92;4438248221;18/07/2022;2022-07-18;similar
AGUA INGLESA CATARINENSE;LABORATORIO CATARINENSE LTDA;84.684.620/0001-87;4445354228;19/07/2022;2022-07-19;fitoterapico
LIPIBLOCK;GERMED FARMACEUTICA LTDA;45.992.062/0001-65;4445822221;19/07/2022;2022-07-19;similar
BISSULFATO DE CLOPIDOGREL;SANDOZ DO BRASIL INDÚSTRIA FARMACÊUTICA LTDA;61.286.647/0001-16;4445964221;19/07/2022;2022-07-19;generico
ORLIPID;EMS SIGMA PHARMA LTDA;923140000131;4445769223;19/07/2022;2022-07-19;similar
BISSULFATO DE CLOPIDOGREL;BRAINFARMA INDÚSTRIA QUÍMICA E FARMACÊUTICA S.A;5161069000110;4443474226;19/07/2022;2022-07-19;generico
ZOLREM SL;GERMED FARMACEUTICA LTDA;45.992.062/0001-65;4444165227;19/07/2022;2022-07-19;similar
SILUESTAT;EMS S/A;57.507.378/0003-65;4445697222;19/07/2022;2022-07-19;similar
BISSULFATO DE CLOPIDOGREL;GEOLAB INDÚSTRIA FARMACÊUTICA S/A;3485572000104;4442160228;19/07/2022;2022-07-19;generico
DORFLEX UNO;SANOFI MEDLEY FARMACÊUTICA LTDA.;10.588.595/0010-92;4445749222;19/07/2022;2022-07-19;similar
ORLISTATE;EMS S/A;57.507.378/0003-65;4445394220;19/07/2022;2022-07-19;generico
STILRAM SL;LEGRAND PHARMA INDÚSTRIA FARMACÊUTICA LTDA;5044984000126;4443883223;19/07/2022;2022-07-19;similar
orlistate;GERMED FARMACEUTICA LTDA;45.992.062/0001-65;4445853224;19/07/2022;2022-07-19;generico
claritromicina;MANDALA BRASIL IMPORTAÇÃO E DISTRIBUIÇÃO DE PRODUTO MÉDICO HOSPITALAR LTDA;9117476000181;4446219227;19/07/2022;2022-07-19;generico
DESLORATADINA;PRATI DONADUZZI & CIA LTDA;73.856.593/0001-66;4442416222;19/07/2022;2022-07-19;generico
ELIXIR PAREGÓRICO CATARINENSE;LABORATORIO CATARINENSE LTDA;84.684.620/0001-87;4445374229;19/07/2022;2022-07-19;fitoterapico
PATZ SL;EMS SIGMA PHARMA LTDA;923140000131;4450061225;19/07/2022;2022-07-19;novo
orlistate;LEGRAND PHARMA INDÚSTRIA FARMACÊUTICA LTDA;5044984000126;4445987221;19/07/2022;2022-07-19;generico
UNIFENTAL;UNIÃO QUÍMICA FARMACÊUTICA NACIONAL S/A;60.665.981/0001-18;4444453222;19/07/2022;2022-07-19;similar
NEXT;UNIÃO QUÍMICA FARMACÊUTICA NACIONAL S/A;60.665.981/0001-18;4445066222;19/07/2022;2022-07-19;similar
hemitartarato de zolpidem;EMS S/A;57.507.378/0003-65;4444058226;19/07/2022;2022-07-19;generico
PLANTABEN;MYLAN LABORATORIOS LTDA;11.643.096/0001-22;4447018225;19/07/2022;2022-07-19;fitoterapico
hemitartarato de zolpidem;GERMED FARMACEUTICA LTDA;45.992.062/0001-65;4443650229;19/07/2022;2022-07-19;generico
OSTEOFIX;NATULAB LABORATÓRIO S.A;2456955000183;4443637222;19/07/2022;2022-07-19;especifico
AMOX-EMS;EMS S/A;57.507.378/0003-65;4460585227;27/07/2022;2022-07-27;similar
DICLORIDRATO DE PRAMIPEXOL;Aché Laboratórios Farmacêuticos S.A;60.659.463/0029-92;4452135226;27/07/2022;2022-07-27;generico
AMOXICILINA;GERMED FARMACEUTICA LTDA;45.992.062/0001-65;4461495221;27/07/2022;2022-07-27;generico
desloratadina;EUROFARMA LABORATÓRIOS S.A.;61.190.096/0001-92;4455133224;27/07/2022;2022-07-27;generico
CRISPRED;CRISTÁLIA PRODUTOS QUÍMICOS FARMACÊUTICOS LTDA.;44.734.671/0001-51;4457991228;27/07/2022;2022-07-27;similar
desloratadina;EUROFARMA LABORATÓRIOS S.A.;61.190.096/0001-92;4456908220;27/07/2022;2022-07-27;generico
ALOFF;EUROFARMA LABORATÓRIOS S.A.;61.190.096/0001-92;4454508224;27/07/2022;2022-07-27;similar
LEG;EUROFARMA LABORATÓRIOS S.A.;61.190.096/0001-92;4456273224;27/07/2022;2022-07-27;similar
Leg;EUROFARMA LABORATÓRIOS S.A.;61.190.096/0001-92;4452581226;27/07/2022;2022-07-27;similar
DROPY-D;BRAINFARMA INDÚSTRIA QUÍMICA E FARMACÊUTICA S.A;5161069000110;4463550220;27/07/2022;2022-07-27;especifico
cloridrato de loperamida;LABORATÓRIO GLOBO SA;17.115.437/0001-73;4458994221;27/07/2022;2022-07-27;generico
cloridrato de loperamida;PHARMASCIENCE INDÚSTRIA FARMACÊUTICA LTDA;25.773.037/0001-83;4459055228;27/07/2022;2022-07-27;generico
FLORATIL;FARMOQUÍMICA S/A;33.349.473/0001-58;4459896222;27/07/2022;2022-07-27;biologico
ALOFF XPE;EUROFARMA LABORATÓRIOS S.A.;61.190.096/0001-92;4454601224;27/07/2022;2022-07-27;similar
CLARITROMICINA;SANOFI MEDLEY FARMACÊUTICA LTDA.;10.588.595/0010-92;4458884221;27/07/2022;2022-07-27;generico
CORUS H;Aché Laboratórios Farmacêuticos S.A;60.659.463/0029-92;4451765226;27/07/2022;2022-07-27;similar
amoxicilina;LEGRAND PHARMA INDÚSTRIA FARMACÊUTICA LTDA;5044984000126;4461778223;27/07/2022;2022-07-27;generico
losartana potássica + hidroclorotiazida;Aché Laboratórios Farmacêuticos S.A;60.659.463/0029-92;4456251221;27/07/2022;2022-07-27;generico
amoxicilina;MULTILAB INDUSTRIA E COMERCIO DE PRODUTOS FARMACEUTICOS LTDA;92.265.552/0009-05;4458912224;27/07/2022;2022-07-27;generico
AMOXICILINA;EMS S/A;57.507.378/0003-65;4463577225;27/07/2022;2022-07-27;generico
HOXIDRIN;LABORATÓRIO GLOBO SA;17.115.437/0001-73;4461299228;27/07/2022;2022-07-27;similar
Typhim Vi;SANOFI MEDLEY FARMACÊUTICA LTDA.;10.588.595/0010-92;4460503221;27/07/2022;2022-07-27;biologico
dipirona monoidratada;GERMED FARMACEUTICA LTDA;45.992.062/0001-65;4469851221;28/07/2022;2022-07-28;generico
CICLORTEN;EMS S/A;57.507.378/0003-65;4468972220;28/07/2022;2022-07-28;similar
cloridrato de propranolol;LABORATÓRIO GLOBO SA;17.115.437/0001-73;4468488221;28/07/2022;2022-07-28;generico
prednisona;GERMED FARMACEUTICA LTDA;45.992.062/0001-65;4468938226;28/07/2022;2022-07-28;generico
FLUIBRON;CHIESI FARMACÊUTICA LTDA;61.363.032/0001-46;4467916229;28/07/2022;2022-07-28;similar
dipirona monoidratada;LEGRAND PHARMA INDÚSTRIA FARMACÊUTICA LTDA;5044984000126;4469776220;28/07/2022;2022-07-28;generico
BRAMITOB;CHIESI FARMACÊUTICA LTDA;61.363.032/0001-46;4465040229;28/07/2022;2022-07-28;novo
SINGULAIR;ORGANON FARMACÊUTICA LTDA.;45.987.013/0001-34;4467819223;28/07/2022;2022-07-28;novo
dipirona  monoidratada;LEGRAND PHARMA INDÚSTRIA FARMACÊUTICA LTDA;5044984000126;4469703222;28/07/2022;2022-07-28;generico
dipirona monoidratada;GERMED FARMACEUTICA LTDA;45.992.062/0001-65;4469839221;28/07/2022;2022-07-28;generico
colistimetato de sódio;ANTIBIÓTICOS DO BRASIL LTDA;5439635000103;4467602224;28/07/2022;2022-07-28;generico
dipirona monoidratada;EMS S/A;57.507.378/0003-65;4469959227;28/07/2022;2022-07-28;generico
Kanjinti;AMGEN BIOTECNOLOGIA DO BRASIL LTDA.;18.774.815/0001-93;4469654221;28/07/2022;2022-07-28;biologico
PREDINIS;LEGRAND PHARMA INDÚSTRIA FARMACÊUTICA LTDA;5044984000126;4469034223;28/07/2022;2022-07-28;similar
PREDNISONA;EMS S/A;57.507.378/0003-65;4468924225;28/07/2022;2022-07-28;generico
dipirona monohidratada;LEGRAND PHARMA INDÚSTRIA FARMACÊUTICA LTDA;5044984000126;4469755222;28/07/2022;2022-07-28;generico
DORILEN DIP;LEGRAND PHARMA INDÚSTRIA FARMACÊUTICA LTDA;5044984000126;4469739227;28/07/2022;2022-07-28;similar
CLENIL COMPOSITUM  A;CHIESI FARMACÊUTICA LTDA;61.363.032/0001-46;4467657223;28/07/2022;2022-07-28;similar
CLENIL;CHIESI FARMACÊUTICA LTDA;61.363.032/0001-46;4467416226;28/07/2022;2022-07-28;similar
NOFEBRIN;LEGRAND PHARMA INDÚSTRIA FARMACÊUTICA LTDA;5044984000126;4469709221;28/07/2022;2022-07-28;similar
SILARYM;MYRALIS INDÚSTRIA FARMACÊUTICA LTDA;17.440.261/0001-25;4468947225;28/07/2022;2022-07-28;fitoterapico
dipirona monoidratada;GERMED FARMACEUTICA LTDA;45.992.062/0001-65;4469886220;28/07/2022;2022-07-28;generico
PROPALOL;LABORATÓRIO GLOBO SA;17.115.437/0001-73;4468674229;28/07/2022;2022-07-28;similar
TRANSLARNA;PTC FARMACEUTICA DO BRASIL LTDA.;25.210.463/0001-09;4464480225;28/07/2022;2022-07-28;novo
PROBENXIL;CIMED INDUSTRIA S.A;2814497000107;4469323225;28/07/2022;2022-07-28;similar
PREDNISONA;LEGRAND PHARMA INDÚSTRIA FARMACÊUTICA LTDA;5044984000126;4469024228;28/07/2022;2022-07-28;generico
DIPIRONA SÓDICA;EMS S/A;57.507.378/0003-65;4470002224;28/07/2022;2022-07-28;generico
mirtazapina;GERMED FARMACEUTICA LTDA;45.992.062/0001-65;4468166223;28/07/2022;2022-07-28;generico
dipirona monoidratada;EMS S/A;57.507.378/0003-65;4469995223;28/07/2022;2022-07-28;generico
DIPIRONA SÓDICA;GERMED FARMACEUTICA LTDA;45.992.062/0001-65;4469810223;28/07/2022;2022-07-28;generico
dipirona monoidratada;EMS S/A;57.507.378/0003-65;4469948225;28/07/2022;2022-07-28;generico
ESPERSON N;SANOFI MEDLEY FARMACÊUTICA LTDA.;10.588.595/0010-92;4468202220;28/07/2022;2022-07-28;novo
SULFATO DE NEOMICINA + BACITRACINA ZÍNCICA;CIMED INDUSTRIA S.A;2814497000107;4469256226;28/07/2022;2022-07-28;generico
Brivlera;UCB BIOPHARMA LTDA.;64.711.500/0001-14;4475904226;29/07/2022;2022-07-29;novo
ANGIOPRIL;DIFFUCAP - CHEMOBRÁS QUÍMICA E FARMACÊUTICA LTDA;42.457.796/0001-56;4476926223;29/07/2022;2022-07-29;similar
Brivlera;UCB BIOPHARMA LTDA.;64.711.500/0001-14;4475948223;29/07/2022;2022-07-29;novo
Brivlera;UCB BIOPHARMA LTDA.;64.711.500/0001-14;4475872227;29/07/2022;2022-07-29;novo
PLAGREL;SANDOZ DO BRASIL INDÚSTRIA FARMACÊUTICA LTDA;61.286.647/0001-16;4472826224;29/07/2022;2022-07-29;similar
HEDERA HELIX VITAMEDIC;VITAMEDIC INDUSTRIA FARMACEUTICA LTDA;30.222.814/0001-31;4476538223;29/07/2022;2022-07-29;fitoterapico
CETOMICOSS;LABORATÓRIO GLOBO SA;17.115.437/0001-73;4476072224;29/07/2022;2022-07-29;similar
ZINACEF;SANDOZ DO BRASIL INDÚSTRIA FARMACÊUTICA LTDA;61.286.647/0001-16;4476619223;29/07/2022;2022-07-29;novo
BACTRIM;FARMOQUÍMICA S/A;33.349.473/0001-58;4477370229;29/07/2022;2022-07-29;novo
losartana potássica + hidroclorotiazida;GEOLAB INDÚSTRIA FARMACÊUTICA S/A;3485572000104;4475349222;29/07/2022;2022-07-29;generico
ROVAMICINA;SANOFI MEDLEY FARMACÊUTICA LTDA.;10.588.595/0010-92;4475538220;29/07/2022;2022-07-29;novo
SAXENDA;NOVO NORDISK FARMACÊUTICA DO BRASIL LTDA;82.277.955/0001-55;4477308221;29/07/2022;2022-07-29;biologico
cetoconazol;LABORATÓRIO GLOBO SA;17.115.437/0001-73;4476417221;29/07/2022;2022-07-29;generico
cloridrato de tirofibana monoidratado;ANTIBIÓTICOS DO BRASIL LTDA;5439635000103;4477077220;29/07/2022;2022-07-29;generico
DIPIRONA SÓDICA;SANOFI MEDLEY FARMACÊUTICA LTDA.;10.588.595/0010-92;4486238222;01/08/2022;2022-08-01;generico
GALAFOLD;PINT PHARMA PRODUTOS MEDICO - HOSPITALARES E FARMACEUTICOS LTDA;21.896.000/0001-91;4486429222;01/08/2022;2022-08-01;novo
DIPIRONA;SANOFI MEDLEY FARMACÊUTICA LTDA.;10.588.595/0010-92;4486101227;01/08/2022;2022-08-01;generico
LONGACTIL;CRISTÁLIA PRODUTOS QUÍMICOS FARMACÊUTICOS LTDA.;44.734.671/0001-51;4486345223;01/08/2022;2022-08-01;similar
MEROPENEM;LABORATÓRIO TEUTO BRASILEIRO S/A;17.159.229/0001-76;4482042226;01/08/2022;2022-08-01;generico
ibuprofeno;SANOFI MEDLEY FARMACÊUTICA LTDA.;10.588.595/0010-92;4486030222;01/08/2022;2022-08-01;generico
ENABLEX;ASPEN PHARMA INDÚSTRIA FARMACÊUTICA LTDA;2433631000120;4482078221;01/08/2022;2022-08-01;novo
GINKOBA;ZYDUS NIKKHO FARMACÊUTICA LTDA;5254971000181;4487216222;01/08/2022;2022-08-01;fitoterapico
DULCOLAX GOTAS;SANOFI MEDLEY FARMACÊUTICA LTDA.;10.588.595/0010-92;4482212229;01/08/2022;2022-08-01;similar
cloridrato de venlafaxina;GEOLAB INDÚSTRIA FARMACÊUTICA S/A;3485572000104;4482331228;01/08/2022;2022-08-01;generico
SILIMALON 140;ZYDUS NIKKHO FARMACÊUTICA LTDA;5254971000181;4486138228;01/08/2022;2022-08-01;especifico
amoxicilina + clavulanato de potássio;EUROFARMA LABORATÓRIOS S.A.;61.190.096/0001-92;4493084227;02/08/2022;2022-08-02;generico
CEBRILIN;LIBBS FARMACÊUTICA LTDA;61.230.314/0001-75;4494113221;02/08/2022;2022-08-02;novo
CETOMICOSS;LABORATÓRIO GLOBO SA;17.115.437/0001-73;4488076220;02/08/2022;2022-08-02;similar
atorvastatina cálcica;GEOLAB INDÚSTRIA FARMACÊUTICA S/A;3485572000104;4487838223;02/08/2022;2022-08-02;generico
FOLINATO DE CÁLCIO;EUROFARMA LABORATÓRIOS S.A.;61.190.096/0001-92;4495499220;02/08/2022;2022-08-02;generico
ELOME;EUROFARMA LABORATÓRIOS S.A.;61.190.096/0001-92;4487840228;02/08/2022;2022-08-02;similar
cloridrato de donepezila;NOVARTIS BIOCIENCIAS S.A;56.994.502/0001-30;4492345221;02/08/2022;2022-08-02;generico
nistatina+oxido de zinco;CIMED INDUSTRIA S.A;2814497000107;4494267228;02/08/2022;2022-08-02;generico
BABYMED;CIMED INDUSTRIA S.A;2814497000107;4495150227;02/08/2022;2022-08-02;especifico
amoxicilina + clavulanato de potássio;SANDOZ DO BRASIL INDÚSTRIA FARMACÊUTICA LTDA;61.286.647/0001-16;4494396222;02/08/2022;2022-08-02;generico
AMINOFILINA;HIPOLABOR FARMACEUTICA LTDA;19.570.720/0001-10;4498017226;03/08/2022;2022-08-03;generico
NIQUITIN;MAPPEL INDÚSTRIA DE EMBALAGENS S.A.;1233103000164;4501239221;03/08/2022;2022-08-03;novo
NIQUITIN;MAPPEL INDÚSTRIA DE EMBALAGENS S.A.;1233103000164;4501341220;03/08/2022;2022-08-03;novo
citrato de sildenafila;GERMED FARMACEUTICA LTDA;45.992.062/0001-65;4502962228;03/08/2022;2022-08-03;generico
CITRATO DE SILDENAFILA;EMS S/A;57.507.378/0003-65;4502755222;03/08/2022;2022-08-03;generico
VODOL;UNIÃO QUÍMICA FARMACÊUTICA NACIONAL S/A;60.665.981/0001-18;4499289220;03/08/2022;2022-08-03;novo
CLORIDRATO DE METOCLOPRAMIDA;LABORATÓRIO TEUTO BRASILEIRO S/A;17.159.229/0001-76;4501775220;03/08/2022;2022-08-03;generico
SIMBRINZA;NOVARTIS BIOCIENCIAS S.A;56.994.502/0001-30;4501602228;03/08/2022;2022-08-03;novo
DENAVAS;LEGRAND PHARMA INDÚSTRIA FARMACÊUTICA LTDA;5044984000126;4503127225;03/08/2022;2022-08-03;similar
PRIMOVIST;BAYER S.A.;18.459.628/0001-15;4503392221;03/08/2022;2022-08-03;novo
NIMESULIDA;GERMED FARMACEUTICA LTDA;45.992.062/0001-65;4502373222;03/08/2022;2022-08-03;generico
NIMESULIDA;EMS S/A;57.507.378/0003-65;4501489227;03/08/2022;2022-08-03;generico
pantoprazol sódico sesqui-hidratado;MEDQUIMICA INDUSTRIA FARMACEUTICA LTDA.;17.875.154/0001-20;4501889225;03/08/2022;2022-08-03;generico
citrato de sildenafila;LEGRAND PHARMA INDÚSTRIA FARMACÊUTICA LTDA;5044984000126;4503066226;03/08/2022;2022-08-03;generico
PERCOF;EUROFARMA LABORATÓRIOS S.A.;61.190.096/0001-92;4500781226;03/08/2022;2022-08-03;similar
Uman Albumin;KEDRION BRASIL DISTRIBUIDORA DE PRODUTOS HOSPITALARES LTDA;9284952000159;4499448221;03/08/2022;2022-08-03;biologico
AMOXICILINA;LABORATÓRIO TEUTO BRASILEIRO S/A;17.159.229/0001-76;4504312221;04/08/2022;2022-08-04;generico
MILDÊ;LABORATÓRIO GROSS S. A.;33.145.194/0001-72;4505198227;04/08/2022;2022-08-04;especifico
DESLORATADINA;ZYDUS NIKKHO FARMACÊUTICA LTDA;5254971000181;4505514226;04/08/2022;2022-08-04;generico
EPOCLER;COSMED INDUSTRIA DE COSMETICOS E MEDICAMENTOS S.A.;61.082.426/0002-07;4509183224;04/08/2022;2022-08-04;especifico
DESLIN;ZYDUS NIKKHO FARMACÊUTICA LTDA;5254971000181;4506917227;04/08/2022;2022-08-04;similar
PROTOVIT PLUS;BAYER S.A.;18.459.628/0001-15;4507547229;04/08/2022;2022-08-04;especifico
Avsola;AMGEN BIOTECNOLOGIA DO BRASIL LTDA.;18.774.815/0001-93;4509684223;04/08/2022;2022-08-04;biologico
SANTIDOR;SANTISA LABORATÓRIO FARMACÊUTICO S/A;4099395000182;4508647227;04/08/2022;2022-08-04;similar
DIOVAN;NOVARTIS BIOCIENCIAS S.A;56.994.502/0001-30;4508398227;04/08/2022;2022-08-04;novo
PREDNISONA;Aché Laboratórios Farmacêuticos S.A;60.659.463/0029-92;4503996223;04/08/2022;2022-08-04;generico
AMOXICILINA;LABORATÓRIO TEUTO BRASILEIRO S/A;17.159.229/0001-76;4504234220;04/08/2022;2022-08-04;generico
ACETILCISTEÍNA;PRATI DONADUZZI & CIA LTDA;73.856.593/0001-66;4503964224;04/08/2022;2022-08-04;generico
dipirona;SANTISA LABORATÓRIO FARMACÊUTICO S/A;4099395000182;4508668224;04/08/2022;2022-08-04;generico
bissulfato de clopidogrel;NOVARTIS BIOCIENCIAS S.A;56.994.502/0001-30;4507897220;04/08/2022;2022-08-04;generico
DERMOCERYL;EMS S/A;57.507.378/0003-65;4513914220;05/08/2022;2022-08-05;similar
IBUFRAN;BRAINFARMA INDÚSTRIA QUÍMICA E FARMACÊUTICA S.A;5161069000110;4514004227;05/08/2022;2022-08-05;similar
SEPTAM BD;Arese Pharma Ltda;7670111000154;4514960225;05/08/2022;2022-08-05;novo
ONICORYL;GERMED FARMACEUTICA LTDA;45.992.062/0001-65;4513954221;05/08/2022;2022-08-05;similar
Cloridrato de raloxifeno;EMS S/A;57.507.378/0003-65;4513614226;05/08/2022;2022-08-05;generico
DAFLON;LABORATÓRIOS SERVIER DO BRASIL LTDA;42.374.207/0001-76;4514511226;05/08/2022;2022-08-05;especifico
dipirona monoidratada + butilbrometo de escopolamina;HIPOLABOR FARMACEUTICA LTDA;19.570.720/0001-10;4514332224;05/08/2022;2022-08-05;generico
FAULDCARBO;LIBBS FARMACÊUTICA LTDA;61.230.314/0001-75;4511106223;05/08/2022;2022-08-05;similar
cetoconazol;LABORATÓRIO GLOBO SA;17.115.437/0001-73;4513740221;05/08/2022;2022-08-05;generico
PRIMOGYNA®;BAYER S.A.;18.459.628/0001-15;4515067222;05/08/2022;2022-08-05;novo
ATACAND HCT;ASTRAZENECA DO BRASIL LTDA;60.318.797/0001-00;4513757221;05/08/2022;2022-08-05;novo
NAPRONAX;BRAINFARMA INDÚSTRIA QUÍMICA E FARMACÊUTICA S.A;5161069000110;4511141223;05/08/2022;2022-08-05;similar
CLOZAPINA;LABORATORIO FARMACEUTICO DO ESTADO DE PERNAMBUCO GOVERNADOR MIGUEL ARRAES S/A - LAFEPE;10.877.926/0001-13;4514148229;05/08/2022;2022-08-05;generico
PILOX;EUROFARMA LABORATÓRIOS S.A.;61.190.096/0001-92;4511105227;05/08/2022;2022-08-05;similar
CLORIDRATO DE PROMETAZINA;LABORATÓRIO TEUTO BRASILEIRO S/A;17.159.229/0001-76;4520293227;08/08/2022;2022-08-08;generico
GLAMETIX;Laboratórios Bagó do Brasil S/A;4748181000947;4519853222;08/08/2022;2022-08-08;similar
ACETILCISTEINA;Aché Laboratórios Farmacêuticos S.A;60.659.463/0029-92;4518064224;08/08/2022;2022-08-08;generico
amoxicilina + clavulanato de potássio;Aché Laboratórios Farmacêuticos S.A;60.659.463/0029-92;4517696227;08/08/2022;2022-08-08;generico
bromoprida;MULTILAB INDUSTRIA E COMERCIO DE PRODUTOS FARMACEUTICOS LTDA;92.265.552/0009-05;4523768226;08/08/2022;2022-08-08;generico
DIURIX;LABORATÓRIO TEUTO BRASILEIRO S/A;17.159.229/0001-76;4521166229;08/08/2022;2022-08-08;similar
CLONAZEPAM;MULTILAB INDUSTRIA E COMERCIO DE PRODUTOS FARMACEUTICOS LTDA;92.265.552/0009-05;4523754225;08/08/2022;2022-08-08;generico
hidroclorotiazida;LABORATÓRIO TEUTO BRASILEIRO S/A;17.159.229/0001-76;4521239226;08/08/2022;2022-08-08;generico
PROFERGAN;LABORATÓRIO TEUTO BRASILEIRO S/A;17.159.229/0001-76;4521035221;08/08/2022;2022-08-08;similar
FURP - SULFADIAZINA;FUNDAÇÃO PARA O REMÉDIO POPULAR - FURP;43.640.754/0001-19;4522721226;08/08/2022;2022-08-08;similar
FURP-BENZILPENICILINA BENZATINA;FUNDAÇÃO PARA O REMÉDIO POPULAR - FURP;43.640.754/0001-19;4522901224;08/08/2022;2022-08-08;similar
FURP-ESTREPTOMICINA;FUNDAÇÃO PARA O REMÉDIO POPULAR - FURP;43.640.754/0001-19;4522815221;08/08/2022;2022-08-08;similar
vacina febre amarela (atenuada);FUNDAÇÃO OSWALDO CRUZ;33.781.055/0001-35;4522162227;08/08/2022;2022-08-08;novo
FURP-HIDROCLOROTIAZIDA;FUNDAÇÃO PARA O REMÉDIO POPULAR - FURP;43.640.754/0001-19;4521389228;08/08/2022;2022-08-08;similar
CAPTOCORD;LABORATÓRIO GLOBO SA;17.115.437/0001-73;4518489225;08/08/2022;2022-08-08;similar
BICALUTAMIDA;EUROFARMA LABORATÓRIOS S.A.;61.190.096/0001-92;4522495226;08/08/2022;2022-08-08;generico
hidroclorotiazida;BRAINFARMA INDÚSTRIA QUÍMICA E FARMACÊUTICA S.A;5161069000110;4525195223;09/08/2022;2022-08-09;generico
AMOXICILINA TRI-HIDRATADA;Aché Laboratórios Farmacêuticos S.A;60.659.463/0029-92;4528330229;09/08/2022;2022-08-09;generico
TORFLAY;LEGRAND PHARMA INDÚSTRIA FARMACÊUTICA LTDA;5044984000126;4527944223;09/08/2022;2022-08-09;similar
ceftriaxona dissódica hemieptaidratada;BLAU FARMACÊUTICA S.A.;58.430.828/0001-60;4529290221;09/08/2022;2022-08-09;generico
BENZIFLEX LIS;EMS S/A;57.507.378/0003-65;4527811223;09/08/2022;2022-08-09;similar
cloridrato de clonidina;INSTITUTO BIOCHIMICO INDÚSTRIA FARMACÊUTICA LTDA;33.258.401/0001-03;4528197227;09/08/2022;2022-08-09;generico
CETOCONAZOL;GERMED FARMACEUTICA LTDA;45.992.062/0001-65;4527953222;09/08/2022;2022-08-09;generico
paracetamol + cafeína + carisoprodol + diclofenaco sódico;LEGRAND PHARMA INDÚSTRIA FARMACÊUTICA LTDA;5044984000126;4528016222;09/08/2022;2022-08-09;generico
DIGOXINA;LABORATÓRIO TEUTO BRASILEIRO S/A;17.159.229/0001-76;4528761220;09/08/2022;2022-08-09;generico
CREVAGIN;EUROFARMA LABORATÓRIOS S.A.;61.190.096/0001-92;4527234226;09/08/2022;2022-08-09;similar
bilastina;EUROFARMA LABORATÓRIOS S.A.;61.190.096/0001-92;4528554224;09/08/2022;2022-08-09;generico
GINNA;EUROFARMA LABORATÓRIOS S.A.;61.190.096/0001-92;4528644223;09/08/2022;2022-08-09;similar
INFRALAX;EMS S/A;57.507.378/0003-65;4527727222;09/08/2022;2022-08-09;similar
CAPECITABINA;EUROFARMA LABORATÓRIOS S.A.;61.190.096/0001-92;4529816222;09/08/2022;2022-08-09;generico
TRIAXTON;BLAU FARMACÊUTICA S.A.;58.430.828/0001-60;4528990229;09/08/2022;2022-08-09;similar
NAIRE;EUROFARMA LABORATÓRIOS S.A.;61.190.096/0001-92;4528071223;09/08/2022;2022-08-09;similar
HISBILA;EUROFARMA LABORATÓRIOS S.A.;61.190.096/0001-92;4527858220;09/08/2022;2022-08-09;similar
CETOCONAZOL;EMS S/A;57.507.378/0003-65;4527743228;09/08/2022;2022-08-09;generico
FOLIFOLIN;EMS S/A;57.507.378/0003-65;4528816229;09/08/2022;2022-08-09;especifico
MEVA FLEX;LEGRAND PHARMA INDÚSTRIA FARMACÊUTICA LTDA;5044984000126;4528022222;09/08/2022;2022-08-09;similar
cloridrato de ropivacaína;INSTITUTO BIOCHIMICO INDÚSTRIA FARMACÊUTICA LTDA;33.258.401/0001-03;4528140225;09/08/2022;2022-08-09;generico
NIMESULIDA;EUROFARMA LABORATÓRIOS S.A.;61.190.096/0001-92;4529170225;09/08/2022;2022-08-09;generico
CITRATO DE SILDENAFILA;BRAINFARMA INDÚSTRIA QUÍMICA E FARMACÊUTICA S.A;5161069000110;4528182220;09/08/2022;2022-08-09;generico
clonixinato de lisina + cloridrato de ciclobenzaprin;EMS S/A;57.507.378/0003-65;4527805223;09/08/2022;2022-08-09;generico
PILOCAN;CRISTÁLIA PRODUTOS QUÍMICOS FARMACÊUTICOS LTDA.;44.734.671/0001-51;4535091226;10/08/2022;2022-08-10;similar
amoxicilina + clavulanato de potássio;LABORATÓRIO TEUTO BRASILEIRO S/A;17.159.229/0001-76;4534630221;10/08/2022;2022-08-10;generico
FOSTIMON-M;UCB BIOPHARMA LTDA.;64.711.500/0001-14;4535884226;10/08/2022;2022-08-10;biologico
MERIONAL HG;UCB BIOPHARMA LTDA.;64.711.500/0001-14;4536115226;10/08/2022;2022-08-10;biologico
CETOCONAZOL;SANOFI MEDLEY FARMACÊUTICA LTDA.;10.588.595/0010-92;4535644225;10/08/2022;2022-08-10;generico
SYNFLORIX;GLAXOSMITHKLINE BRASIL LTDA;33.247.743/0001-10;4535192227;10/08/2022;2022-08-10;biologico
cloridrato de donepezila;ZYDUS NIKKHO FARMACÊUTICA LTDA;5254971000181;4534848226;10/08/2022;2022-08-10;generico
amoxicilina + clavulanato de potássio;NOVARTIS BIOCIENCIAS S.A;56.994.502/0001-30;4542401227;11/08/2022;2022-08-11;generico
CANDITRAT;LABORATÓRIO TEUTO BRASILEIRO S/A;17.159.229/0001-76;4541591227;11/08/2022;2022-08-11;similar
ciprofibrato;EUROFARMA LABORATÓRIOS S.A.;61.190.096/0001-92;4536798226;11/08/2022;2022-08-11;generico
CLOTRIMIX;FARMOQUÍMICA S/A;33.349.473/0001-58;4542425223;11/08/2022;2022-08-11;similar
SETH;UNIÃO QUÍMICA FARMACÊUTICA NACIONAL S/A;60.665.981/0001-18;4537775220;11/08/2022;2022-08-11;similar
amoxicilina;Aché Laboratórios Farmacêuticos S.A;60.659.463/0029-92;4539984225;11/08/2022;2022-08-11;generico
MALÚ;EMS SIGMA PHARMA LTDA;923140000131;4539979221;11/08/2022;2022-08-11;similar
NITRATO DE MICONAZOL;LABORATÓRIO TEUTO BRASILEIRO S/A;17.159.229/0001-76;4541505223;11/08/2022;2022-08-11;generico
QTERN;ASTRAZENECA DO BRASIL LTDA;60.318.797/0001-00;4547226229;12/08/2022;2022-08-12;novo
SEDAVAN;FARMOQUÍMICA S/A;33.349.473/0001-58;4544002222;12/08/2022;2022-08-12;similar
MTX;BLAU FARMACÊUTICA S.A.;58.430.828/0001-60;4544840228;12/08/2022;2022-08-12;similar
metotrexato;BLAU FARMACÊUTICA S.A.;58.430.828/0001-60;4547958220;12/08/2022;2022-08-12;generico
Fentora;TEVA FARMACÊUTICA LTDA.;5333542000108;4548248226;12/08/2022;2022-08-12;novo
MEROPENÉM TRI-HIDRATADO;INSTITUTO BIOCHIMICO INDÚSTRIA FARMACÊUTICA LTDA;33.258.401/0001-03;4546781229;12/08/2022;2022-08-12;generico
amoxicilina + clavulanato de potássio;RANBAXY FARMACÊUTICA LTDA;73.663.650/0001-90;4546678223;12/08/2022;2022-08-12;generico
PANTOCAL;EUROFARMA LABORATÓRIOS S.A.;61.190.096/0001-92;4547042225;12/08/2022;2022-08-12;similar
COVERSYL;LABORATÓRIOS SERVIER DO BRASIL LTDA;42.374.207/0001-76;4546670222;12/08/2022;2022-08-12;novo
CETOCONAZOL;CIMED INDUSTRIA S.A;2814497000107;4547655227;12/08/2022;2022-08-12;generico
AMOXICILINA;CIMED INDUSTRIA S.A;2814497000107;4547370222;12/08/2022;2022-08-12;generico
fluconazol;FARMACE INDÚSTRIA QUÍMICO-FARMACÊUTICA CEARENSE LTDA;6628333000146;4543865227;12/08/2022;2022-08-12;generico
meloxicam;ZYDUS NIKKHO FARMACÊUTICA LTDA;5254971000181;4548446222;12/08/2022;2022-08-12;generico
RISPXAN;LABORATÓRIO GLOBO SA;17.115.437/0001-73;4549313226;13/08/2022;2022-08-13;similar
Quenzor;LIBBS FARMACÊUTICA LTDA;61.230.314/0001-75;4555618220;15/08/2022;2022-08-15;novo
Amoxicilina;CIMED INDUSTRIA S.A;2814497000107;4553312221;15/08/2022;2022-08-15;generico
XYLOCAINA;ASPEN PHARMA INDÚSTRIA FARMACÊUTICA LTDA;2433631000120;4554220222;15/08/2022;2022-08-15;novo
POMALYST;BRISTOL - MYERS SQUIBB FARMACÊUTICA LTDA;56.998.982/0001-07;4554469221;15/08/2022;2022-08-15;novo
CERTICAN;NOVARTIS BIOCIENCIAS S.A;56.994.502/0001-30;4559973229;16/08/2022;2022-08-16;novo
AMOXICILINA;BRAINFARMA INDÚSTRIA QUÍMICA E FARMACÊUTICA S.A;5161069000110;4560743223;16/08/2022;2022-08-16;generico
FURP - AMOXICILINA;FUNDAÇÃO PARA O REMÉDIO POPULAR - FURP;43.640.754/0001-19;4560256225;16/08/2022;2022-08-16;similar
DOPABANE;BLAU FARMACÊUTICA S.A.;58.430.828/0001-60;4558652224;16/08/2022;2022-08-16;similar
EMSGRIP;EMS S/A;57.507.378/0003-65;4561001221;16/08/2022;2022-08-16;similar
levodopa + cloridrato de benserazida;EMS S/A;57.507.378/0003-65;4560987220;16/08/2022;2022-08-16;similar
Lebens;GERMED FARMACEUTICA LTDA;45.992.062/0001-65;4561153225;16/08/2022;2022-08-16;similar
CORRETAL;EUROFARMA LABORATÓRIOS S.A.;61.190.096/0001-92;4560978221;16/08/2022;2022-08-16;similar
PARACETAMOL;CIMED INDUSTRIA S.A;2814497000107;4559441227;16/08/2022;2022-08-16;generico
ENDCOFF;EMS S/A;57.507.378/0003-65;4560920222;16/08/2022;2022-08-16;similar
NEOCAINA PESADA;CRISTÁLIA PRODUTOS QUÍMICOS FARMACÊUTICOS LTDA.;44.734.671/0001-51;4556411220;16/08/2022;2022-08-16;similar
PANTOPAZ;SANDOZ DO BRASIL INDÚSTRIA FARMACÊUTICA LTDA;61.286.647/0001-16;4560486221;16/08/2022;2022-08-16;similar
PRAZY;LEGRAND PHARMA INDÚSTRIA FARMACÊUTICA LTDA;5044984000126;4561348221;16/08/2022;2022-08-16;similar
BENESTARE;ASPEN PHARMA INDÚSTRIA FARMACÊUTICA LTDA;2433631000120;4567471229;17/08/2022;2022-08-17;similar
amoxicilina;UNICHEM FARMACÊUTICA DO BRASIL LTDA;5399786000185;4565017229;17/08/2022;2022-08-17;generico
VALSARTANA;BRAINFARMA INDÚSTRIA QUÍMICA E FARMACÊUTICA S.A;5161069000110;4565319225;17/08/2022;2022-08-17;generico
CETOPROFENO;CRISTÁLIA PRODUTOS QUÍMICOS FARMACÊUTICOS LTDA.;44.734.671/0001-51;4566592227;17/08/2022;2022-08-17;generico
VACINA PNEUMOCÓCICA 10-VALENTE (CONJUGADA);FUNDAÇÃO OSWALDO CRUZ;33.781.055/0001-35;4562832223;17/08/2022;2022-08-17;biologico
Acebrofilina;LABORATÓRIO TEUTO BRASILEIRO S/A;17.159.229/0001-76;4562073225;17/08/2022;2022-08-17;generico
DILABRONCO;LABORATÓRIO TEUTO BRASILEIRO S/A;17.159.229/0001-76;4562129221;17/08/2022;2022-08-17;similar
ertapenem sódico;AUROBINDO PHARMA INDÚSTRIA FARMACÊUTICA LIMITADA;4301884000175;4573208224;18/08/2022;2022-08-18;generico
ZOMETA;NOVARTIS BIOCIENCIAS S.A;56.994.502/0001-30;4571468229;18/08/2022;2022-08-18;novo
SUMAX;LIBBS FARMACÊUTICA LTDA;61.230.314/0001-75;4573622225;18/08/2022;2022-08-18;novo
rosuvastatina cálcica;UNICHEM FARMACÊUTICA DO BRASIL LTDA;5399786000185;4572094225;18/08/2022;2022-08-18;generico
ACLASTA;NOVARTIS BIOCIENCIAS S.A;56.994.502/0001-30;4571346221;18/08/2022;2022-08-18;novo
TRAVATAN;NOVARTIS BIOCIENCIAS S.A;56.994.502/0001-30;4571118228;18/08/2022;2022-08-18;novo
dipirona sódica;NATIVITA IND. COM. LTDA.;65.271.900/0001-19;4572967229;18/08/2022;2022-08-18;generico
UNIREZ;UNIÃO QUÍMICA FARMACÊUTICA NACIONAL S/A;60.665.981/0001-18;4575394220;19/08/2022;2022-08-19;similar
soro antiaracnídico (Loxosceles, Phoneutria e Tityus);INSTITUTO BUTANTAN;61.821.344/0001-56;4577196221;19/08/2022;2022-08-19;biologico
NEOTIGASON;TEVA FARMACÊUTICA LTDA.;5333542000108;4577576228;19/08/2022;2022-08-19;novo
Xarelto;BAYER S.A.;18.459.628/0001-15;4577958228;19/08/2022;2022-08-19;novo
Soro Antibotrópico-crotálico;INSTITUTO BUTANTAN;61.821.344/0001-56;4577730227;19/08/2022;2022-08-19;biologico
SORO ANTIDIFTERICO;INSTITUTO BUTANTAN;61.821.344/0001-56;4577824221;19/08/2022;2022-08-19;biologico
Erfandel;JANSSEN - CILAG FARMACÊUTICA LTDA;51.780.468/0001-87;4578236226;19/08/2022;2022-08-19;novo
Soro Antibotrópico;INSTITUTO BUTANTAN;61.821.344/0001-56;4577799227;19/08/2022;2022-08-19;biologico
cloridrato de venlafaxina;RANBAXY FARMACÊUTICA LTDA;73.663.650/0001-90;4575148229;19/08/2022;2022-08-19;generico
PANTASUN;SUN FARMACÊUTICA DO BRASIL LTDA;5035244000123;4577000229;19/08/2022;2022-08-19;similar
HUMALOG;ELI LILLY DO BRASIL LTDA;43.940.618/0001-44;4579062221;19/08/2022;2022-08-19;novo
TREMFYA;JANSSEN-CILAG FARMACÊUTICA LTDA;51.780.468/0001-87;4577201224;19/08/2022;2022-08-19;biologico
COALY;LEGRAND PHARMA INDÚSTRIA FARMACÊUTICA LTDA;5044984000126;4583109229;22/08/2022;2022-08-22;similar
ticagrelor;LEGRAND PHARMA INDÚSTRIA FARMACÊUTICA LTDA;5044984000126;4582843221;22/08/2022;2022-08-22;generico
ticagrelor;GERMED FARMACEUTICA LTDA;45.992.062/0001-65;4581767229;22/08/2022;2022-08-22;generico
ALBENDAZOL;MULTILAB INDUSTRIA E COMERCIO DE PRODUTOS FARMACEUTICOS LTDA;92.265.552/0009-05;4586214228;22/08/2022;2022-08-22;generico
ticagrelor;EMS S/A;57.507.378/0003-65;4581731224;22/08/2022;2022-08-22;generico
ANSENTRON;Aché Laboratórios Farmacêuticos S.A;60.659.463/0029-92;4583808224;22/08/2022;2022-08-22;similar
CLORIDRATO DE SERTRALINA;EMS S/A;57.507.378/0003-65;4591595226;23/08/2022;2022-08-23;generico
PANTOCAL;EUROFARMA LABORATÓRIOS S.A.;61.190.096/0001-92;4587304221;23/08/2022;2022-08-23;similar
cloridrato de sertralina;GERMED FARMACEUTICA LTDA;45.992.062/0001-65;4592034228;23/08/2022;2022-08-23;generico
NIMBIUM;ASPEN PHARMA INDÚSTRIA FARMACÊUTICA LTDA;2433631000120;4590266229;23/08/2022;2022-08-23;novo
Abraxane;UNITED MEDICAL LTDA;68.949.239/0001-46;4597441221;23/08/2022;2022-08-23;novo
cloridrato de sertralina;LEGRAND PHARMA INDÚSTRIA FARMACÊUTICA LTDA;5044984000126;4592586221;23/08/2022;2022-08-23;generico
TRACRIUM;ASPEN PHARMA INDÚSTRIA FARMACÊUTICA LTDA;2433631000120;4590014220;23/08/2022;2022-08-23;novo
cloridrato de paroxetina;MULTILAB INDUSTRIA E COMERCIO DE PRODUTOS FARMACEUTICOS LTDA;92.265.552/0009-05;4590035227;23/08/2022;2022-08-23;generico
DECADRON COLÍRIO;Aché Laboratórios Farmacêuticos S.A;60.659.463/0029-92;4587423220;23/08/2022;2022-08-23;similar
VITACIN;GEOLAB INDÚSTRIA FARMACÊUTICA S/A;3485572000104;4597695222;24/08/2022;2022-08-24;especifico
cloridrato de fluoxetina;GERMED FARMACEUTICA LTDA;45.992.062/0001-65;4602416225;24/08/2022;2022-08-24;generico
cloridrato de sertralina;MULTILAB INDUSTRIA E COMERCIO DE PRODUTOS FARMACEUTICOS LTDA;92.265.552/0009-05;4601465222;24/08/2022;2022-08-24;generico
NARANETY;LEGRAND PHARMA INDÚSTRIA FARMACÊUTICA LTDA;5044984000126;4601917221;24/08/2022;2022-08-24;similar
cloridrato de tansulosina;GERMED FARMACEUTICA LTDA;45.992.062/0001-65;4601523222;24/08/2022;2022-08-24;generico
ORFADIN;INNOVATIVE MEDICINES BRASIL SP DISTRIBUICAO DE MEDICAMENTOS LTDA;21.810.980/0001-68;4601071224;24/08/2022;2022-08-24;novo
cloridrato de fluoxetina;EMS S/A;57.507.378/0003-65;4601452228;24/08/2022;2022-08-24;generico
cloridrato de amitriptilina;GERMED FARMACEUTICA LTDA;45.992.062/0001-65;4601548225;24/08/2022;2022-08-24;generico
CLORIDRATO DE CLOMIPRAMINA;GERMED FARMACEUTICA LTDA;45.992.062/0001-65;4601580226;24/08/2022;2022-08-24;generico
NARCEF;GERMED FARMACEUTICA LTDA;45.992.062/0001-65;4601472229;24/08/2022;2022-08-24;similar
CLO;EMS SIGMA PHARMA LTDA;923140000131;4602212221;24/08/2022;2022-08-24;similar
cloridrato de amitriptilina;LEGRAND PHARMA INDÚSTRIA FARMACÊUTICA LTDA;5044984000126;4601746221;24/08/2022;2022-08-24;generico
NARATRIN;EMS S/A;57.507.378/0003-65;4601268222;24/08/2022;2022-08-24;similar
cloridrato de tansulosina;EMS S/A;57.507.378/0003-65;4601263221;24/08/2022;2022-08-24;generico
Moriale ODT;EMS S/A;57.507.378/0003-65;4601306221;24/08/2022;2022-08-24;novo
CLORIDRATO DE AMITRIPTILINA;EMS S/A;57.507.378/0003-65;4601279224;24/08/2022;2022-08-24;generico
USOLEG;LEGRAND PHARMA INDÚSTRIA FARMACÊUTICA LTDA;5044984000126;4601840228;24/08/2022;2022-08-24;similar
STAVIGILE;LIBBS FARMACÊUTICA LTDA;61.230.314/0001-75;4603279221;24/08/2022;2022-08-24;novo
cloridrato de naratriptana;GERMED FARMACEUTICA LTDA;45.992.062/0001-65;4601484227;24/08/2022;2022-08-24;generico
cloridrato de naratriptana;MULTILAB INDUSTRIA E COMERCIO DE PRODUTOS FARMACEUTICOS LTDA;92.265.552/0009-05;4602246222;24/08/2022;2022-08-24;generico
ALLEXOFEDRIN D;EMS S/A;57.507.378/0003-65;4601376220;24/08/2022;2022-08-24;similar
Rybelsus;NOVO NORDISK FARMACÊUTICA DO BRASIL LTDA;82.277.955/0001-55;4603285221;24/08/2022;2022-08-24;biologico
PERMEAR;MARJAN INDÚSTRIA E COMÉRCIO LTDA;60.726.692/0001-81;4601700221;24/08/2022;2022-08-24;fitoterapico
CLORIDRATO DE CLOMIPRAMINA;EMS S/A;57.507.378/0003-65;4601284228;24/08/2022;2022-08-24;generico
CLORIDRATO DE TANSULOSINA;LEGRAND PHARMA INDÚSTRIA FARMACÊUTICA LTDA;5044984000126;4601907225;24/08/2022;2022-08-24;generico
cloridrato de fexofenadina + cloridrato de pseudoefedrina;EMS S/A;57.507.378/0003-65;4601414229;24/08/2022;2022-08-24;similar
cloridrato de sibutramina monoidratado;MULTILAB INDUSTRIA E COMERCIO DE PRODUTOS FARMACEUTICOS LTDA;92.265.552/0009-05;4608971221;25/08/2022;2022-08-25;generico
ZIDER;LIBBS FARMACÊUTICA LTDA;61.230.314/0001-75;4609206226;25/08/2022;2022-08-25;novo
CLORIDRATO DE SIBUTRAMINA;EMS S/A;57.507.378/0003-65;4609165228;25/08/2022;2022-08-25;generico
BEPEBEN;LABORATÓRIO TEUTO BRASILEIRO S/A;17.159.229/0001-76;4604508224;25/08/2022;2022-08-25;similar
AREMAZ;MULTILAB INDUSTRIA E COMERCIO DE PRODUTOS FARMACEUTICOS LTDA;92.265.552/0009-05;4608907221;25/08/2022;2022-08-25;fitoterapico
NIMEGON MET;MERCK SHARP & DOHME FARMACEUTICA LTDA.;3560974000118;4608866222;25/08/2022;2022-08-25;similar
cloridrato de sibutramina monoidratado;GERMED FARMACEUTICA LTDA;45.992.062/0001-65;4609055228;25/08/2022;2022-08-25;generico
PHESGO;PRODUTOS ROCHE QUÍMICOS E FARMACÊUTICOS S.A.;33.009.945/0001-23;4608269224;25/08/2022;2022-08-25;biologico
cloridrato de sibutramina;LEGRAND PHARMA INDÚSTRIA FARMACÊUTICA LTDA;5044984000126;4609100223;25/08/2022;2022-08-25;generico
LANSOPRAZOL;SANOFI MEDLEY FARMACÊUTICA LTDA.;10.588.595/0010-92;4604805229;25/08/2022;2022-08-25;generico
SIGRAN;GERMED FARMACEUTICA LTDA;45.992.062/0001-65;4609024225;25/08/2022;2022-08-25;similar
VAZY;EMS SIGMA PHARMA LTDA;923140000131;4608979221;25/08/2022;2022-08-25;similar
TRACOX;FARMOQUÍMICA S/A;33.349.473/0001-58;4614163220;26/08/2022;2022-08-26;similar
KEROXIME;ANTIBIÓTICOS DO BRASIL LTDA;5439635000103;4614694225;26/08/2022;2022-08-26;similar
Soro Antitetânico;INSTITUTO BUTANTAN;61.821.344/0001-56;4611914224;26/08/2022;2022-08-26;biologico
DOCELIBBS;LIBBS FARMACÊUTICA LTDA;61.230.314/0001-75;4615016221;26/08/2022;2022-08-26;similar
GALVUS;NOVARTIS BIOCIENCIAS S.A;56.994.502/0001-30;4615396228;26/08/2022;2022-08-26;novo
levofloxacino;SANDOZ DO BRASIL INDÚSTRIA FARMACÊUTICA LTDA;61.286.647/0001-16;4615033222;26/08/2022;2022-08-26;generico
NISTATINA;SANOFI MEDLEY FARMACÊUTICA LTDA.;10.588.595/0010-92;4613462223;26/08/2022;2022-08-26;generico
AMMY;COSMED INDUSTRIA DE COSMETICOS E MEDICAMENTOS S.A.;61.082.426/0002-07;4622522225;29/08/2022;2022-08-29;similar
TARTARATO DE BRIMONIDINA;GEOLAB INDÚSTRIA FARMACÊUTICA S/A;3485572000104;4618598221;29/08/2022;2022-08-29;generico
DIOEH;BIOLAB SANUS FARMACÊUTICA LTDA;49.475.833/0001-06;4623235220;29/08/2022;2022-08-29;especifico
HEMAX ERITRON;Aché Laboratórios Farmacêuticos S.A;60.659.463/0029-92;4622666227;29/08/2022;2022-08-29;novo
LAVIE;PRATI DONADUZZI & CIA LTDA;73.856.593/0001-66;4622902222;29/08/2022;2022-08-29;similar
VALPROATO DE SODIO;PRATI DONADUZZI & CIA LTDA;73.856.593/0001-66;4622822229;29/08/2022;2022-08-29;generico
RPHPYRO;MJM PRODUTOS FARMACEUTICOS E DE RADIOPROTEÇÃO LTDA;4891262000144;4620927228;29/08/2022;2022-08-29;radiofarmaco
cloridrato de bupivacaína hiperbárica;HYPOFARMA - INSTITUTO DE HYPODERMIA E FARMÁCIA LTDA;17.174.657/0001-78;4618855223;29/08/2022;2022-08-29;generico
AMPLICTIL;SANOFI MEDLEY FARMACÊUTICA LTDA.;10.588.595/0010-92;4622795221;29/08/2022;2022-08-29;novo
CLORIDRATO DE NALBUFINA;HIPOLABOR FARMACEUTICA LTDA;19.570.720/0001-10;4620527220;29/08/2022;2022-08-29;generico
TRICORTID;PHARLAB INDÚSTRIA FARMACÊUTICA S.A.;2501297000102;4620823228;29/08/2022;2022-08-29;similar
desloratadina;GEOLAB INDÚSTRIA FARMACÊUTICA S/A;3485572000104;4618539224;29/08/2022;2022-08-29;generico
COLÍRIO GEOLAB;GEOLAB INDÚSTRIA FARMACÊUTICA S/A;3485572000104;4620847224;29/08/2022;2022-08-29;similar
TIAG;TORRENT DO BRASIL LTDA;33.078.528/0001-32;4627620225;30/08/2022;2022-08-30;similar
desogestrel;GERMED FARMACEUTICA LTDA;45.992.062/0001-65;4628037221;30/08/2022;2022-08-30;generico
desogestrel;EMS S/A;57.507.378/0003-65;4627989229;30/08/2022;2022-08-30;generico
mirtazapina;PHARLAB INDÚSTRIA FARMACÊUTICA S.A.;2501297000102;4627206224;30/08/2022;2022-08-30;generico
FLYARE;CIFARMA CIENTÍFICA FARMACÊUTICA LTDA;17.562.075/0001-69;4628920222;30/08/2022;2022-08-30;fitoterapico
cloridrato de venlafaxina;BRAINFARMA INDÚSTRIA QUÍMICA E FARMACÊUTICA S.A;5161069000110;4628910227;30/08/2022;2022-08-30;generico
drosperinona + etinilestradiol;MULTILAB INDUSTRIA E COMERCIO DE PRODUTOS FARMACEUTICOS LTDA;92.265.552/0009-05;4629594221;30/08/2022;2022-08-30;generico
KOLPOCERVIX;ZYDUS NIKKHO FARMACÊUTICA LTDA;5254971000181;4626402224;30/08/2022;2022-08-30;biologico
PARACETAMOL;GERMED FARMACEUTICA LTDA;45.992.062/0001-65;4629352228;30/08/2022;2022-08-30;generico
desogestrel;LEGRAND PHARMA INDÚSTRIA FARMACÊUTICA LTDA;5044984000126;4628706221;30/08/2022;2022-08-30;generico
ANA - FLEX;CRISTÁLIA PRODUTOS QUÍMICOS FARMACÊUTICOS LTDA.;44.734.671/0001-51;4628206228;30/08/2022;2022-08-30;similar
MESILATO DE IMATINIBE;CRISTÁLIA PRODUTOS QUÍMICOS FARMACÊUTICOS LTDA.;44.734.671/0001-51;4624614224;30/08/2022;2022-08-30;generico
FLAVENOS;BIOLAB SANUS FARMACÊUTICA LTDA;49.475.833/0001-06;4626433227;30/08/2022;2022-08-30;especifico
FLAGYL;SANOFI MEDLEY FARMACÊUTICA LTDA.;10.588.595/0010-92;4628096228;30/08/2022;2022-08-30;novo
CARELI;EMS S/A;57.507.378/0003-65;4628015228;30/08/2022;2022-08-30;similar
ALPHALIV;MABRA FARMACEUTICA LTDA;9545589000188;4627871228;30/08/2022;2022-08-30;fitoterapico
KELLY;EMS SIGMA PHARMA LTDA;923140000131;4628076227;30/08/2022;2022-08-30;similar
MAYSA;LEGRAND PHARMA INDÚSTRIA FARMACÊUTICA LTDA;5044984000126;4628196222;30/08/2022;2022-08-30;similar
cloridrato de betaxolol;GEOLAB INDÚSTRIA FARMACÊUTICA S/A;3485572000104;4627458223;30/08/2022;2022-08-30;generico
CARDILOL;LIBBS FARMACÊUTICA LTDA;61.230.314/0001-75;4634563223;31/08/2022;2022-08-31;similar
tibolona;GERMED FARMACEUTICA LTDA;45.992.062/0001-65;4635712222;31/08/2022;2022-08-31;generico
TYKITICIP;CIPLA BRASIL IMPORTADORA E DISTRIBUIDORA DE MEDICAMENTOS LTDA;18.268.051/0001-64;4631682221;31/08/2022;2022-08-31;similar
cloridrato de lercanidipino;LEGRAND PHARMA INDÚSTRIA FARMACÊUTICA LTDA;5044984000126;4631755229;31/08/2022;2022-08-31;generico
TILOGRAN;LEGRAND PHARMA INDÚSTRIA FARMACÊUTICA LTDA;5044984000126;4635676226;31/08/2022;2022-08-31;similar
CLORIDRATO DE LERCANIDIPINO;EMS S/A;57.507.378/0003-65;4631709227;31/08/2022;2022-08-31;generico
cloridrato de lercanidipino;MULTILAB INDUSTRIA E COMERCIO DE PRODUTOS FARMACEUTICOS LTDA;92.265.552/0009-05;4632101222;31/08/2022;2022-08-31;generico
TIBOCLIN;EMS S/A;57.507.378/0003-65;4635620221;31/08/2022;2022-08-31;similar
DIPIRONATI;NATIVITA IND. COM. LTDA.;65.271.900/0001-19;4634654229;31/08/2022;2022-08-31;similar
maleato de dexclorfeniramina;1FARMA INDUSTRIA FARMACEUTICA LTDA;48.113.906/0001-49;4633938223;31/08/2022;2022-08-31;generico
GYNPRO;EXELTIS LABORATORIO FARMACEUTICO LTDA;19.136.432/0001-52;4633184229;31/08/2022;2022-08-31;similar
BIO-MANGUINHOS GOLIMUMABE;FUNDAÇÃO OSWALDO CRUZ;33.781.055/0001-35;4631595221;31/08/2022;2022-08-31;biologico
tibolona;LEGRAND PHARMA INDÚSTRIA FARMACÊUTICA LTDA;5044984000126;4635660222;31/08/2022;2022-08-31;generico
ALBOCRESIL;COSMED INDUSTRIA DE COSMETICOS E MEDICAMENTOS S.A.;61.082.426/0002-07;4634204223;31/08/2022;2022-08-31;novo
PREVIPRESS;LEGRAND PHARMA INDÚSTRIA FARMACÊUTICA LTDA;5044984000126;4631774223;31/08/2022;2022-08-31;similar
TIBOLONA;EMS S/A;57.507.378/0003-65;4635610225;31/08/2022;2022-08-31;generico
CLINDELLA;MULTILAB INDUSTRIA E COMERCIO DE PRODUTOS FARMACEUTICOS LTDA;92.265.552/0009-05;4635783227;31/08/2022;2022-08-31;similar
NALBLI;HALEX ISTAR INDÚSTRIA FARMACÊUTICA SA;1571702000198;4633168223;31/08/2022;2022-08-31;similar
cloridrato de donepezila;PHARLAB INDÚSTRIA FARMACÊUTICA S.A.;2501297000102;4632617229;31/08/2022;2022-08-31;generico
AMOXICILINA + CLAVULANATO DE POTASSIO;EMS S/A;57.507.378/0003-65;4635874222;31/08/2022;2022-08-31;generico
succinato de metoprolol;PHARLAB INDÚSTRIA FARMACÊUTICA S.A.;2501297000102;4635603229;31/08/2022;2022-08-31;generico
POLICLAVUMOXIL;EMS S/A;57.507.378/0003-65;4635916227;31/08/2022;2022-08-31;similar
VIATINE;ORGANON FARMACÊUTICA LTDA.;45.987.013/0001-34;4640955227;01/09/2022;2022-09-01;similar
Prothromplex;TAKEDA PHARMA LTDA.;60.397.775/0001-74;4640530226;01/09/2022;2022-09-01;biologico
TRULICITY;ELI LILLY DO BRASIL LTDA;43.940.618/0001-44;4640964226;01/09/2022;2022-09-01;biologico
Ampicilina Sódica + Sulbactam Sódico;FRESENIUS KABI BRASIL LTDA;49.324.221/0001-04;4639343221;01/09/2022;2022-09-01;generico
Soro Antibotulínico AB;INSTITUTO BUTANTAN;61.821.344/0001-56;4646548224;02/09/2022;2022-09-02;biologico
REXULTI;LUNDBECK BRASIL LTDA;4522600000170;4644433225;02/09/2022;2022-09-02;novo
Soro Anti-rábico;INSTITUTO BUTANTAN;61.821.344/0001-56;4646601222;02/09/2022;2022-09-02;biologico
Divalproato de sódio;LEGRAND PHARMA INDÚSTRIA FARMACÊUTICA LTDA;5044984000126;4642934227;02/09/2022;2022-09-02;generico
Soro Antiescorpiônico;INSTITUTO BUTANTAN;61.821.344/0001-56;4646561221;02/09/2022;2022-09-02;biologico
DOCETAXEL;GLENMARK FARMACÊUTICA LTDA;44.363.661/0001-57;4642625224;02/09/2022;2022-09-02;generico
DIVALPROATO DE SODIO;RANBAXY FARMACÊUTICA LTDA;73.663.650/0001-90;4645573225;02/09/2022;2022-09-02;generico
Cedur;TEVA FARMACÊUTICA LTDA.;5333542000108;4645613227;02/09/2022;2022-09-02;novo
TRIUMEQ;GLAXOSMITHKLINE BRASIL LTDA;33.247.743/0001-10;4645042220;02/09/2022;2022-09-02;novo
SORO ANTILONÔMICO;INSTITUTO BUTANTAN;61.821.344/0001-56;4646564220;02/09/2022;2022-09-02;biologico
Replagal;TAKEDA PHARMA LTDA.;60.397.775/0001-74;4645401220;02/09/2022;2022-09-02;biologico
Divalproato de sódio;GERMED FARMACEUTICA LTDA;45.992.062/0001-65;4642899227;02/09/2022;2022-09-02;generico
PROFENID;SANOFI MEDLEY FARMACÊUTICA LTDA.;10.588.595/0010-92;4642781226;02/09/2022;2022-09-02;novo
Divalproato de Sódio;EMS S/A;57.507.378/0003-65;4642885226;02/09/2022;2022-09-02;generico
IMUNEN;CRISTÁLIA PRODUTOS QUÍMICOS FARMACÊUTICOS LTDA.;44.734.671/0001-51;4652024223;05/09/2022;2022-09-05;similar
LAXIME;Aché Laboratórios Farmacêuticos S.A;60.659.463/0029-92;4648775228;05/09/2022;2022-09-05;especifico
Beleodaq;PINT PHARMA PRODUTOS MEDICO - HOSPITALARES E FARMACEUTICOS LTDA;21.896.000/0001-91;4652051221;05/09/2022;2022-09-05;novo
ROPI;CRISTÁLIA PRODUTOS QUÍMICOS FARMACÊUTICOS LTDA.;44.734.671/0001-51;4651925227;05/09/2022;2022-09-05;similar
SOROZINC;CIFARMA CIENTÍFICA FARMACÊUTICA LTDA;17.562.075/0001-69;4649236223;05/09/2022;2022-09-05;especifico
ALIVIUM;COSMED INDUSTRIA DE COSMETICOS E MEDICAMENTOS S.A.;61.082.426/0002-07;4649218225;05/09/2022;2022-09-05;novo
IBUPROFENO;BRAINFARMA INDÚSTRIA QUÍMICA E FARMACÊUTICA S.A;5161069000110;4652436220;05/09/2022;2022-09-05;generico
aceclofenaco;EUROFARMA LABORATÓRIOS S.A.;61.190.096/0001-92;4658571226;06/09/2022;2022-09-06;generico
CLILON;Aché Laboratórios Farmacêuticos S.A;60.659.463/0029-92;4656188221;06/09/2022;2022-09-06;similar
DOCEUNO;EUROFARMA LABORATÓRIOS S.A.;61.190.096/0001-92;4655426225;06/09/2022;2022-09-06;similar
ACECLOFENACO;ZYDUS NIKKHO FARMACÊUTICA LTDA;5254971000181;4656429228;06/09/2022;2022-09-06;generico
CLORIDRATO DE SERTRALINA;Aché Laboratórios Farmacêuticos S.A;60.659.463/0029-92;4654861220;06/09/2022;2022-09-06;generico
DORIL ENXAQUECA;COSMED INDUSTRIA DE COSMETICOS E MEDICAMENTOS S.A.;61.082.426/0002-07;4654898221;06/09/2022;2022-09-06;similar
TABRECTA;NOVARTIS BIOCIENCIAS S.A;56.994.502/0001-30;4658512220;06/09/2022;2022-09-06;novo
LETROZOL;ZYDUS NIKKHO FARMACÊUTICA LTDA;5254971000181;4656125229;06/09/2022;2022-09-06;generico
DIVENA;Aché Laboratórios Farmacêuticos S.A;60.659.463/0029-92;4654930221;06/09/2022;2022-09-06;similar
CIPRIXIN DEXA;GEOLAB INDÚSTRIA FARMACÊUTICA S/A;3485572000104;4654986227;06/09/2022;2022-09-06;similar
DORICIN;EMS S/A;57.507.378/0003-65;4657717227;06/09/2022;2022-09-06;similar
PROSTAVASIN;Aché Laboratórios Farmacêuticos S.A;60.659.463/0029-92;4656185221;06/09/2022;2022-09-06;novo
HOLMES;EUROFARMA LABORATÓRIOS S.A.;61.190.096/0001-92;4659294226;06/09/2022;2022-09-06;similar
PRAZOL;SANOFI MEDLEY FARMACÊUTICA LTDA.;10.588.595/0010-92;4656324221;06/09/2022;2022-09-06;similar
DUOMO;EUROFARMA LABORATÓRIOS S.A.;61.190.096/0001-92;4658886227;06/09/2022;2022-09-06;similar
CLORIDRATO DE BUPROPIONA;EMS S/A;57.507.378/0003-65;4659690229;06/09/2022;2022-09-06;generico
BIPOLIT;HIPOLABOR FARMACEUTICA LTDA;19.570.720/0001-10;4656090221;06/09/2022;2022-09-06;similar
cloridrato de ciprofloxacino + dexametasona;GEOLAB INDÚSTRIA FARMACÊUTICA S/A;3485572000104;4655464224;06/09/2022;2022-09-06;generico
CLORIDRATO DE BUPROPIONA;GERMED FARMACEUTICA LTDA;45.992.062/0001-65;4659712222;06/09/2022;2022-09-06;generico
BUPIUM;EMS SIGMA PHARMA LTDA;923140000131;4659717224;06/09/2022;2022-09-06;similar
NOEX;EUROFARMA LABORATÓRIOS S.A.;61.190.096/0001-92;4658843226;06/09/2022;2022-09-06;similar
propionato de clobetasol;LABORATÓRIO GLOBO SA;17.115.437/0001-73;4660386228;07/09/2022;2022-09-07;generico
CLORIDRATO DE HIDROXIZINE;LABORATÓRIO GLOBO SA;17.115.437/0001-73;4660504221;07/09/2022;2022-09-07;generico
acebrofilina;LABORATÓRIO GLOBO SA;17.115.437/0001-73;4660451224;07/09/2022;2022-09-07;generico
Paracetamol;ZYDUS NIKKHO FARMACÊUTICA LTDA;5254971000181;4664698224;08/09/2022;2022-09-08;generico
Monboc;EMS S/A;57.507.378/0003-65;4666512225;08/09/2022;2022-09-08;similar
cloridrato de sertralina;ACCORD FARMACÊUTICA LTDA;64.171.697/0001-46;4664931221;08/09/2022;2022-09-08;generico
CAPTOPRIL;LABORATÓRIO GLOBO SA;17.115.437/0001-73;4664386222;08/09/2022;2022-09-08;generico
CLORIDRATO DE SERTRALINA;GEOLAB INDÚSTRIA FARMACÊUTICA S/A;3485572000104;4665929220;08/09/2022;2022-09-08;generico
IMUSSUPREX;GERMED FARMACEUTICA LTDA;45.992.062/0001-65;4665325227;08/09/2022;2022-09-08;similar
maleato de dexclorfeniramina;CIMED INDUSTRIA S.A;2814497000107;4672628221;09/09/2022;2022-09-09;generico
cloridrato de bupropiona;LEGRAND PHARMA INDÚSTRIA FARMACÊUTICA LTDA;5044984000126;4668449229;09/09/2022;2022-09-09;generico
ANEMIFER;PHARMASCIENCE INDÚSTRIA FARMACÊUTICA LTDA;25.773.037/0001-83;4671928221;09/09/2022;2022-09-09;especifico
ESALERG D12;Aché Laboratórios Farmacêuticos S.A;60.659.463/0029-92;4676398221;12/09/2022;2022-09-12;similar
ZYVALPREX;ZYDUS NIKKHO FARMACÊUTICA LTDA;5254971000181;4678237224;12/09/2022;2022-09-12;similar
cloridrato de venlafaxina;ZYDUS NIKKHO FARMACÊUTICA LTDA;5254971000181;4677951225;12/09/2022;2022-09-12;generico
LEUSTATIN;Mawdsleys Pharmaceuticals do Brasil Ltda;19.501.429/0001-90;4675135226;12/09/2022;2022-09-12;novo
IMMUNINE;TAKEDA PHARMA LTDA.;60.397.775/0001-74;4678695222;12/09/2022;2022-09-12;biologico
DIPROPIONATO DE BETAMETASONA + ÁCIDO SALICÍLICO;PRATI DONADUZZI & CIA LTDA;73.856.593/0001-66;4677887225;12/09/2022;2022-09-12;generico
cloridrato de fluoxetina;NOVARTIS BIOCIENCIAS S.A;56.994.502/0001-30;4678225226;12/09/2022;2022-09-12;generico
BELSPAN;BELFAR LTDA;18.324.343/0001-77;4678847227;12/09/2022;2022-09-12;similar
ELOXATIN;SANOFI MEDLEY FARMACÊUTICA LTDA.;10.588.595/0010-92;4675189229;12/09/2022;2022-09-12;novo
PERIDAL;COSMED INDUSTRIA DE COSMETICOS E MEDICAMENTOS S.A.;61.082.426/0002-07;4678497226;12/09/2022;2022-09-12;similar
PROPOVAN;CRISTÁLIA PRODUTOS QUÍMICOS FARMACÊUTICOS LTDA.;44.734.671/0001-51;4674997224;12/09/2022;2022-09-12;similar
alprazolam;AUROBINDO PHARMA INDÚSTRIA FARMACÊUTICA LIMITADA;4301884000175;4678302221;12/09/2022;2022-09-12;generico
ADIPEPT;Aché Laboratórios Farmacêuticos S.A;60.659.463/0029-92;4674698227;12/09/2022;2022-09-12;similar
tadalafila;CIMED INDUSTRIA S.A;2814497000107;4678733221;12/09/2022;2022-09-12;generico
CLORIDRATO DE METFORMINA;EMS S/A;57.507.378/0003-65;4685610229;13/09/2022;2022-09-13;generico
TARCEVA;PRODUTOS ROCHE QUÍMICOS E FARMACÊUTICOS S.A.;33.009.945/0001-23;4685547225;13/09/2022;2022-09-13;novo
LÂNICO;SUPERA FARMA LABORATÓRIOS S.A;43.312.503/0001-05;4681252221;13/09/2022;2022-09-13;similar
SANTROPINA;SANTISA LABORATÓRIO FARMACÊUTICO S/A;4099395000182;4685021223;13/09/2022;2022-09-13;similar
CLORIDRATO DE NAFAZOLINA+MALEATO DE FENIRAMINA;GEOLAB INDÚSTRIA FARMACÊUTICA S/A;3485572000104;4681397229;13/09/2022;2022-09-13;generico
domperidona;CIMED INDUSTRIA S.A;2814497000107;4682815229;13/09/2022;2022-09-13;generico
COMPLEXO SENNA ALMEIDA PRADO Nº 46;FARMÁCIA E LABORATÓRIO HOMEOPÁTICO ALMEIDA PRADO LTDA;60.862.208/0001-41;4681473227;13/09/2022;2022-09-13;novo
cloridrato de metilfenidato;TEVA FARMACÊUTICA LTDA.;5333542000108;4684556221;13/09/2022;2022-09-13;generico
cloridrato de metformina;GERMED FARMACEUTICA LTDA;45.992.062/0001-65;4685917227;13/09/2022;2022-09-13;generico
ZYLINOX SL;ZYDUS NIKKHO FARMACÊUTICA LTDA;5254971000181;4682927221;13/09/2022;2022-09-13;similar
FUNGISTEN;LABORATÓRIO GLOBO SA;17.115.437/0001-73;4682823221;13/09/2022;2022-09-13;similar
fosfato sódico de prednisolona;HIPOLABOR FARMACEUTICA LTDA;19.570.720/0001-10;4685101227;13/09/2022;2022-09-13;generico
DIPROGENTA;COSMED INDUSTRIA DE COSMETICOS E MEDICAMENTOS S.A.;61.082.426/0002-07;4684183220;13/09/2022;2022-09-13;novo
ROZEX;GALDERMA BRASIL LTDA;317372000146;4685122224;13/09/2022;2022-09-13;novo
DIVALPROATO DE SÓDIO;ZYDUS NIKKHO FARMACÊUTICA LTDA;5254971000181;4681051225;13/09/2022;2022-09-13;generico
OMEPRAZOL SÓDICO;EUROFARMA LABORATÓRIOS S.A.;61.190.096/0001-92;4682820222;13/09/2022;2022-09-13;generico
cloridrato de nebivolol;GERMED FARMACEUTICA LTDA;45.992.062/0001-65;4689987220;14/09/2022;2022-09-14;generico
JUGLINT;EMS S/A;57.507.378/0003-65;4689965226;14/09/2022;2022-09-14;similar
CLORIDRATO DE PIOGLITAZONA;EMS S/A;57.507.378/0003-65;4689844224;14/09/2022;2022-09-14;generico
NEBIPRE;LEGRAND PHARMA INDÚSTRIA FARMACÊUTICA LTDA;5044984000126;4690739226;14/09/2022;2022-09-14;similar
FORMYN;MULTILAB INDUSTRIA E COMERCIO DE PRODUTOS FARMACEUTICOS LTDA;92.265.552/0009-05;4689952221;14/09/2022;2022-09-14;similar
PIOTAZ;GERMED FARMACEUTICA LTDA;45.992.062/0001-65;4690555222;14/09/2022;2022-09-14;similar
RISS;EUROFARMA LABORATÓRIOS S.A.;61.190.096/0001-92;4690727228;14/09/2022;2022-09-14;similar
cloridrato de nebivolol;EMS S/A;57.507.378/0003-65;4689833222;14/09/2022;2022-09-14;generico
CLONAZEPAM;EUROFARMA LABORATÓRIOS S.A.;61.190.096/0001-92;4691023224;14/09/2022;2022-09-14;generico
cloridrato de pioglitazona;GERMED FARMACEUTICA LTDA;45.992.062/0001-65;4689990221;14/09/2022;2022-09-14;generico
CYSTEX;EMS S/A;57.507.378/0003-65;4689953228;14/09/2022;2022-09-14;similar
cloridrato de pioglitazona;LEGRAND PHARMA INDÚSTRIA FARMACÊUTICA LTDA;5044984000126;4690749221;14/09/2022;2022-09-14;generico
dicloridrato de levocetirizina;EMS S/A;57.507.378/0003-65;4690012229;14/09/2022;2022-09-14;generico
clortalidona;GERMED FARMACEUTICA LTDA;45.992.062/0001-65;4690566224;14/09/2022;2022-09-14;generico
dapagliflozina;GERMED FARMACEUTICA LTDA;45.992.062/0001-65;4690014221;14/09/2022;2022-09-14;generico
CLORTALIL;EMS SIGMA PHARMA LTDA;923140000131;4690837228;14/09/2022;2022-09-14;similar
MISSORT;EMS S/A;57.507.378/0003-65;4689780226;14/09/2022;2022-09-14;similar
dapagliflozina;EMS S/A;57.507.378/0003-65;4689997225;14/09/2022;2022-09-14;generico
NERLYNX;PINT PHARMA PRODUTOS MEDICO - HOSPITALARES E FARMACEUTICOS LTDA;21.896.000/0001-91;4692060221;14/09/2022;2022-09-14;novo
sulbactam sódico + ampicilina sódica;EUROFARMA LABORATÓRIOS S.A.;61.190.096/0001-92;4692265221;14/09/2022;2022-09-14;generico
hemitartarato de zolpidem;ZYDUS NIKKHO FARMACÊUTICA LTDA;5254971000181;4691022228;14/09/2022;2022-09-14;generico
cloridrato de cinacalcete;EMS S/A;57.507.378/0003-65;4689771227;14/09/2022;2022-09-14;generico
HERPSTAL;GERMED FARMACEUTICA LTDA;45.992.062/0001-65;4690360227;14/09/2022;2022-09-14;similar
COMPLEXO B 12;EMS S/A;57.507.378/0003-65;4689913226;14/09/2022;2022-09-14;especifico
CLORTALIDONA;EMS S/A;57.507.378/0003-65;4689867224;14/09/2022;2022-09-14;generico
cloridrato de metformina;MULTILAB INDUSTRIA E COMERCIO DE PRODUTOS FARMACEUTICOS LTDA;92.265.552/0009-05;4690361223;14/09/2022;2022-09-14;generico
FAMPYRA;BIOGEN BRASIL PRODUTOS FARMACÊUTICOS LTDA;7986222000174;4691860223;14/09/2022;2022-09-14;novo
COQUES;EUROFARMA LABORATÓRIOS S.A.;61.190.096/0001-92;4691638229;14/09/2022;2022-09-14;similar
cloridrato de venlafaxina;MULTILAB INDUSTRIA E COMERCIO DE PRODUTOS FARMACEUTICOS LTDA;92.265.552/0009-05;4690853223;14/09/2022;2022-09-14;generico
DAPAGLE;LEGRAND PHARMA INDÚSTRIA FARMACÊUTICA LTDA;5044984000126;4690043221;14/09/2022;2022-09-14;similar
cloridrato de venlafaxina;EMS S/A;57.507.378/0003-65;4690025223;14/09/2022;2022-09-14;generico
cloridrato de venlafaxina;GERMED FARMACEUTICA LTDA;45.992.062/0001-65;4690372225;14/09/2022;2022-09-14;generico
Valproato de sódio;PRATI DONADUZZI & CIA LTDA;73.856.593/0001-66;4691080228;14/09/2022;2022-09-14;generico
VENFORIN;EMS SIGMA PHARMA LTDA;923140000131;4690805229;14/09/2022;2022-09-14;similar
SAFLUTAN;MUNDIPHARMA BRASIL PRODUTOS MÉDICOS E FARMACÊUTICOS LTDA;15.127.898/0001-30;4691198229;14/09/2022;2022-09-14;novo
dapagliflozina;LEGRAND PHARMA INDÚSTRIA FARMACÊUTICA LTDA;5044984000126;4690028222;14/09/2022;2022-09-14;generico
dicloridrato de levocetirizina;GERMED FARMACEUTICA LTDA;45.992.062/0001-65;4690812225;14/09/2022;2022-09-14;generico
dicloridrato de hidroxizina;GERMED FARMACEUTICA LTDA;45.992.062/0001-65;4698276225;15/09/2022;2022-09-15;generico
dicloridrato de hidroxizina;LEGRAND PHARMA INDÚSTRIA FARMACÊUTICA LTDA;5044984000126;4698307228;15/09/2022;2022-09-15;generico
DERMOVAT;PHARLAB INDÚSTRIA FARMACÊUTICA S.A.;2501297000102;4698449227;15/09/2022;2022-09-15;similar
dicloridrato de hidroxizina;EMS S/A;57.507.378/0003-65;4698155223;15/09/2022;2022-09-15;generico
VALPI;Aché Laboratórios Farmacêuticos S.A;60.659.463/0029-92;4699187226;15/09/2022;2022-09-15;similar
VITRAKVI;BAYER S.A.;18.459.628/0001-15;4698791227;15/09/2022;2022-09-15;novo
ibuprofeno;Althaia S.A Indústria Farmacêutica;48.344.725/0007-19;4696571220;15/09/2022;2022-09-15;generico
CLORIDRATO DE HIDROXIZINA;MULTILAB INDUSTRIA E COMERCIO DE PRODUTOS FARMACEUTICOS LTDA;92.265.552/0009-05;4698327229;15/09/2022;2022-09-15;generico
Vitrakvi;BAYER S.A.;18.459.628/0001-15;4698720222;15/09/2022;2022-09-15;novo
cloridrato de paroxetina;ZYDUS NIKKHO FARMACÊUTICA LTDA;5254971000181;4697579224;15/09/2022;2022-09-15;generico
FEMINA;Aché Laboratórios Farmacêuticos S.A;60.659.463/0029-92;4699217222;15/09/2022;2022-09-15;similar
NIKI;EMS SIGMA PHARMA LTDA;923140000131;4697170229;15/09/2022;2022-09-15;similar
VEVASO;MULTILAB INDUSTRIA E COMERCIO DE PRODUTOS FARMACEUTICOS LTDA;92.265.552/0009-05;4698356229;15/09/2022;2022-09-15;especifico
Carvedilol;TORRENT DO BRASIL LTDA;33.078.528/0001-32;4699203221;15/09/2022;2022-09-15;generico
ALERGOMINE;CIMED INDUSTRIA S.A;2814497000107;4694269224;15/09/2022;2022-09-15;similar
DIOVASES;EMS S/A;57.507.378/0003-65;4698165229;15/09/2022;2022-09-15;especifico
PASSARE;EMS S/A;57.507.378/0003-65;4698214220;15/09/2022;2022-09-15;especifico
ARICILINA;BLAU FARMACÊUTICA S.A.;58.430.828/0001-60;4698516226;15/09/2022;2022-09-15;similar
DROXY;GERMED FARMACEUTICA LTDA;45.992.062/0001-65;4698255228;15/09/2022;2022-09-15;similar
Valerato de betametasona;PHARLAB INDÚSTRIA FARMACÊUTICA S.A.;2501297000102;4698542227;15/09/2022;2022-09-15;generico
SPECTOFLUX;LABORATÓRIO GLOBO SA;17.115.437/0001-73;4697354222;15/09/2022;2022-09-15;similar
loratadina;LABORATÓRIO GLOBO SA;17.115.437/0001-73;4696529223;15/09/2022;2022-09-15;generico
ULTRAPROCT LDO;MOKSHA8 BRASIL INDUSTRIA E COMERCIO DE MEDICAMENTOS LTDA;7591326000180;4699067221;15/09/2022;2022-09-15;novo
Bexsero;GLAXOSMITHKLINE BRASIL LTDA;33.247.743/0001-10;4698600227;15/09/2022;2022-09-15;biologico
LIDOSTESIM;DLA PHARMACEUTICAL LTDA;45.841.137/0001-07;4703165228;16/09/2022;2022-09-16;similar
RPHOSTEO;MJM PRODUTOS FARMACEUTICOS E DE RADIOPROTEÇÃO LTDA;4891262000144;4703679221;16/09/2022;2022-09-16;radiofarmaco
MEPIVALEM 3 % SV;DLA PHARMACEUTICAL LTDA;45.841.137/0001-07;4703224224;16/09/2022;2022-09-16;similar
BENALET;JANSSEN - CILAG FARMACÊUTICA LTDA;51.780.468/0001-87;4703327228;16/09/2022;2022-09-16;novo
ampicilina sódica + sulbactam sódico;BLAU FARMACÊUTICA S.A.;58.430.828/0001-60;4704002225;16/09/2022;2022-09-16;generico
tartarato de metoprolol;LABORATÓRIO TEUTO BRASILEIRO S/A;17.159.229/0001-76;4703572222;16/09/2022;2022-09-16;generico
CANDESARTANA CILEXETILA+HIDROCLOROTIAZIDA;LIBBS FARMACÊUTICA LTDA;61.230.314/0001-75;4703388227;16/09/2022;2022-09-16;generico
ACOG;TORRENT DO BRASIL LTDA;33.078.528/0001-32;4700695226;16/09/2022;2022-09-16;similar
TEVAOXALI;TEVA FARMACÊUTICA LTDA.;5333542000108;4702502221;16/09/2022;2022-09-16;similar
VENZER HCT;LIBBS FARMACÊUTICA LTDA;61.230.314/0001-75;4703401223;16/09/2022;2022-09-16;similar
MENELAT ODT;TORRENT DO BRASIL LTDA;33.078.528/0001-32;4704286223;16/09/2022;2022-09-16;similar
MenQuadfi;SANOFI MEDLEY FARMACÊUTICA LTDA.;10.588.595/0010-92;4709390223;19/09/2022;2022-09-19;biologico
cloridrato de amiodarona;ZYDUS NIKKHO FARMACÊUTICA LTDA;5254971000181;4710488223;19/09/2022;2022-09-19;generico
DORENE LÍQUIDO;Aché Laboratórios Farmacêuticos S.A;60.659.463/0029-92;4711108220;19/09/2022;2022-09-19;novo
cetoconazol + betametasona + sulfato de neomicina;PHARLAB INDÚSTRIA FARMACÊUTICA S.A.;2501297000102;4710343225;19/09/2022;2022-09-19;generico
FURP-HALOPERIDOL;FUNDAÇÃO PARA O REMÉDIO POPULAR - FURP;43.640.754/0001-19;4707996221;19/09/2022;2022-09-19;similar
TEORO;LIBBS FARMACÊUTICA LTDA;61.230.314/0001-75;4706857228;19/09/2022;2022-09-19;similar
KLARICID;ABBOTT LABORATÓRIOS DO BRASIL LTDA;56.998.701/0001-16;4707011225;19/09/2022;2022-09-19;novo
VALPROATO DE SODIO;LABORATÓRIO TEUTO BRASILEIRO S/A;17.159.229/0001-76;4709279225;19/09/2022;2022-09-19;generico
FURP- PIRAZINAMIDA;FUNDAÇÃO PARA O REMÉDIO POPULAR - FURP;43.640.754/0001-19;4708868227;19/09/2022;2022-09-19;similar
FURP METRONIDAZOL;FUNDAÇÃO PARA O REMÉDIO POPULAR - FURP;43.640.754/0001-19;4706970229;19/09/2022;2022-09-19;similar
ICTUS;BIOLAB SANUS FARMACÊUTICA LTDA;49.475.833/0001-06;4706486220;19/09/2022;2022-09-19;similar
CARVEDILOL;SANOFI MEDLEY FARMACÊUTICA LTDA.;10.588.595/0010-92;4710801223;19/09/2022;2022-09-19;generico
Cloridrato de Sibutramina Monoidratada;LABORATÓRIO TEUTO BRASILEIRO S/A;17.159.229/0001-76;4710268223;19/09/2022;2022-09-19;generico
Glargilin;BIOMM SA;4752991000110;4709414220;19/09/2022;2022-09-19;biologico
LFM - ISONIAZIDA;LABORATÓRIO FARMACÊUTICO DA MARINHA;394502007157;4708477228;19/09/2022;2022-09-19;similar
etodolaco;LEGRAND PHARMA INDÚSTRIA FARMACÊUTICA LTDA;5044984000126;4712755229;20/09/2022;2022-09-20;generico
XYLOPROCT;ASPEN PHARMA INDÚSTRIA FARMACÊUTICA LTDA;2433631000120;4716589226;20/09/2022;2022-09-20;novo
ETODOLACO;EMS S/A;57.507.378/0003-65;4712654228;20/09/2022;2022-09-20;generico
NINLARO;TAKEDA PHARMA LTDA.;60.397.775/0001-74;4712458224;20/09/2022;2022-09-20;novo
TODOC;LEGRAND PHARMA INDÚSTRIA FARMACÊUTICA LTDA;5044984000126;4714748220;20/09/2022;2022-09-20;generico
IPAGLIN;EMS S/A;57.507.378/0003-65;4712726229;20/09/2022;2022-09-20;similar
Digoxina;PHARLAB INDÚSTRIA FARMACÊUTICA S.A.;2501297000102;4712974222;20/09/2022;2022-09-20;generico
cloridrato de olopatadina;RANBAXY FARMACÊUTICA LTDA;73.663.650/0001-90;4713122220;20/09/2022;2022-09-20;generico
CELSENTRI;GLAXOSMITHKLINE BRASIL LTDA;33.247.743/0001-10;4722556229;21/09/2022;2022-09-21;novo
MANITOL 20%;HALEX ISTAR INDÚSTRIA FARMACÊUTICA SA;1571702000198;4721353227;21/09/2022;2022-09-21;similar
Erleada;JANSSEN - CILAG FARMACÊUTICA LTDA;51.780.468/0001-87;4721366221;21/09/2022;2022-09-21;novo
CAPTOSEN;PHARLAB INDÚSTRIA FARMACÊUTICA S.A.;2501297000102;4723114220;21/09/2022;2022-09-21;similar
BETAFERON;BAYER S.A.;18.459.628/0001-15;4720643221;21/09/2022;2022-09-21;biologico
STIVARGA;BAYER S.A.;18.459.628/0001-15;4722208221;21/09/2022;2022-09-21;novo
LORAZEPAM;GERMED FARMACEUTICA LTDA;45.992.062/0001-65;4718765226;21/09/2022;2022-09-21;generico
LORAZEPAM;EMS S/A;57.507.378/0003-65;4718717221;21/09/2022;2022-09-21;generico
lorazepam;LEGRAND PHARMA INDÚSTRIA FARMACÊUTICA LTDA;5044984000126;4718841224;21/09/2022;2022-09-21;generico
LACTULONA;DAIICHI SANKYO BRASIL FARMACÊUTICA LTDA;60.874.187/0001-84;4723128221;21/09/2022;2022-09-21;especifico
ÁRTICO;EUROFARMA LABORATÓRIOS S.A.;61.190.096/0001-92;4722129223;21/09/2022;2022-09-21;biologico
captopril;PHARLAB INDÚSTRIA FARMACÊUTICA S.A.;2501297000102;4718718228;21/09/2022;2022-09-21;generico
DIPIRONA SÓDICA;FARMACE INDÚSTRIA QUÍMICO-FARMACÊUTICA CEARENSE LTDA;6628333000146;4722379220;21/09/2022;2022-09-21;generico
esomeprazol magnésico tri-hidratado;GERMED FARMACEUTICA LTDA;45.992.062/0001-65;4728867226;22/09/2022;2022-09-22;generico
glibenclamida;MEDQUIMICA INDUSTRIA FARMACEUTICA LTDA.;17.875.154/0001-20;4724765224;22/09/2022;2022-09-22;generico
esomeprazol magnésico tri-hidratado;EMS S/A;57.507.378/0003-65;4727823225;22/09/2022;2022-09-22;generico
esomeprazol magnésico tri-hidratado;LEGRAND PHARMA INDÚSTRIA FARMACÊUTICA LTDA;5044984000126;4728688224;22/09/2022;2022-09-22;generico
DOMPGRAN;LEGRAND PHARMA INDÚSTRIA FARMACÊUTICA LTDA;5044984000126;4728648222;22/09/2022;2022-09-22;similar
MOTIRIDONA;GERMED FARMACEUTICA LTDA;45.992.062/0001-65;4728853225;22/09/2022;2022-09-22;similar
SANPRONOL;HIPOLABOR FARMACEUTICA LTDA;19.570.720/0001-10;4728095223;22/09/2022;2022-09-22;similar
EZETIMIBA;LEGRAND PHARMA INDÚSTRIA FARMACÊUTICA LTDA;5044984000126;4728778223;22/09/2022;2022-09-22;generico
EZETIMIBA;EMS S/A;57.507.378/0003-65;4727856221;22/09/2022;2022-09-22;generico
ESOMEX;EMS SIGMA PHARMA LTDA;923140000131;4728298221;22/09/2022;2022-09-22;similar
DOMPLIV;EMS S/A;57.507.378/0003-65;4727763222;22/09/2022;2022-09-22;similar
ESMOG;EMS S/A;57.507.378/0003-65;4727814226;22/09/2022;2022-09-22;similar
ESOGASTRO;EMS S/A;57.507.378/0003-65;4727780224;22/09/2022;2022-09-22;similar
MOLIDON;EMS SIGMA PHARMA LTDA;923140000131;4728283224;22/09/2022;2022-09-22;similar
ISORDIL;EMS SIGMA PHARMA LTDA;923140000131;4728243222;22/09/2022;2022-09-22;similar
SANVAPRESS;HIPOLABOR FARMACEUTICA LTDA;19.570.720/0001-10;4728233227;22/09/2022;2022-09-22;similar
CAPYLA-HAIR;EMS SIGMA PHARMA LTDA;923140000131;4728457222;22/09/2022;2022-09-22;similar
COLÍRIO NEO BRASIL;BRAINFARMA INDÚSTRIA QUÍMICA E FARMACÊUTICA S.A;5161069000110;4724949228;22/09/2022;2022-09-22;similar
GELMAX DIM;EMS S/A;57.507.378/0003-65;4727917220;22/09/2022;2022-09-22;especifico
domperidona;LEGRAND PHARMA INDÚSTRIA FARMACÊUTICA LTDA;5044984000126;4728669220;22/09/2022;2022-09-22;generico
EZET;GERMED FARMACEUTICA LTDA;45.992.062/0001-65;4728932222;22/09/2022;2022-09-22;similar
NEXPRAZIN;LEGRAND PHARMA INDÚSTRIA FARMACÊUTICA LTDA;5044984000126;4728716228;22/09/2022;2022-09-22;similar
domperidona;GERMED FARMACEUTICA LTDA;45.992.062/0001-65;4728859223;22/09/2022;2022-09-22;generico
MIOSAN;APSEN FARMACEUTICA S/A;62.462.015/0001-29;4727122227;22/09/2022;2022-09-22;novo
Fenofibrato;EMS S/A;57.507.378/0003-65;4727865220;22/09/2022;2022-09-22;generico
CORATEZ;EMS SIGMA PHARMA LTDA;923140000131;4728325229;22/09/2022;2022-09-22;similar
GELMAX;EMS S/A;57.507.378/0003-65;4727918226;22/09/2022;2022-09-22;especifico
ROHYDORM;EMS SIGMA PHARMA LTDA;923140000131;4728598225;22/09/2022;2022-09-22;novo
finasterida;LEGRAND PHARMA INDÚSTRIA FARMACÊUTICA LTDA;5044984000126;4728822222;22/09/2022;2022-09-22;generico
FINASTERIDA;EMS S/A;57.507.378/0003-65;4727907224;22/09/2022;2022-09-22;generico
azitromicina;GERMED FARMACEUTICA LTDA;45.992.062/0001-65;4727128225;22/09/2022;2022-09-22;generico
BISOLPHAR;PHARLAB INDÚSTRIA FARMACÊUTICA S.A.;2501297000102;4729535227;22/09/2022;2022-09-22;similar
DEZEMIM;LEGRAND PHARMA INDÚSTRIA FARMACÊUTICA LTDA;5044984000126;4728748227;22/09/2022;2022-09-22;similar
PENVIR;EMS SIGMA PHARMA LTDA;923140000131;4728338223;22/09/2022;2022-09-22;similar
PIEMONTE;EUROFARMA LABORATÓRIOS S.A.;61.190.096/0001-92;4726592220;22/09/2022;2022-09-22;similar
AZINOSTIL;EMS S/A;57.507.378/0003-65;4726708228;22/09/2022;2022-09-22;similar
AZI;EMS SIGMA PHARMA LTDA;923140000131;4727675226;22/09/2022;2022-09-22;similar
finasterida;GERMED FARMACEUTICA LTDA;45.992.062/0001-65;4728991229;22/09/2022;2022-09-22;generico
Fenofibrato Micronizado;GERMED FARMACEUTICA LTDA;45.992.062/0001-65;4728926222;22/09/2022;2022-09-22;generico
FENOBRATY;LEGRAND PHARMA INDÚSTRIA FARMACÊUTICA LTDA;5044984000126;4728815226;22/09/2022;2022-09-22;similar
AZITROMICINA;EMS S/A;57.507.378/0003-65;4725959227;22/09/2022;2022-09-22;generico
Fenofibrato Micronizado;LEGRAND PHARMA INDÚSTRIA FARMACÊUTICA LTDA;5044984000126;4728768228;22/09/2022;2022-09-22;generico
ROHYDORM;EMS SIGMA PHARMA LTDA;923140000131;4728524221;22/09/2022;2022-09-22;similar
VITAMINA D3;BIOLAB SANUS FARMACÊUTICA LTDA;49.475.833/0001-06;4728183220;22/09/2022;2022-09-22;especifico
domperidona;EMS S/A;57.507.378/0003-65;4727716224;22/09/2022;2022-09-22;generico
EZETIMIBA;GERMED FARMACEUTICA LTDA;45.992.062/0001-65;4728903222;22/09/2022;2022-09-22;generico
MEZOLIUM;GERMED FARMACEUTICA LTDA;45.992.062/0001-65;4729016220;22/09/2022;2022-09-22;similar
acetato de dexametasona;HIPOLABOR FARMACEUTICA LTDA;19.570.720/0001-10;4727820226;22/09/2022;2022-09-22;generico
Fenofibrato micronizado;EMS SIGMA PHARMA LTDA;923140000131;4728417221;22/09/2022;2022-09-22;generico
DEXALGEN NF;EUROFARMA LABORATÓRIOS S.A.;61.190.096/0001-92;4733890222;23/09/2022;2022-09-23;similar
sulfato de hidroxicloroquina;EUROFARMA LABORATÓRIOS S.A.;61.190.096/0001-92;4730896220;23/09/2022;2022-09-23;generico
TISSEEL;BAXTER HOSPITALAR LTDA;49.351.786/0002-61;4735183221;23/09/2022;2022-09-23;biologico
OMNIPAQUE;GE HEALTHCARE DO BRASIL COMÉRCIO E SERVIÇOS PARA EQUIPAMENTOS MEDICO - HOSPITALARES LTDA;29372000140;4734792224;23/09/2022;2022-09-23;novo
cloridrato de tiamina + cloridrato de piridoxina + cianocobalamina + fosfato dissódico de dexametasona;EUROFARMA LABORATÓRIOS S.A.;61.190.096/0001-92;4733936222;23/09/2022;2022-09-23;generico
RIVACRIST;ABBOTT LABORATÓRIOS DO BRASIL LTDA;56.998.701/0001-16;4733832222;23/09/2022;2022-09-23;similar
CEFALEXINA;LABORATÓRIO TEUTO BRASILEIRO S/A;17.159.229/0001-76;4733520221;23/09/2022;2022-09-23;generico
MONTELUCASTE DE SÓDIO;EUROFARMA LABORATÓRIOS S.A.;61.190.096/0001-92;4732869220;23/09/2022;2022-09-23;generico
CLORIDRATO DE BROMEXINA;PHARLAB INDÚSTRIA FARMACÊUTICA S.A.;2501297000102;4733895224;23/09/2022;2022-09-23;generico
BIPHOZYL;BAXTER HOSPITALAR LTDA;49.351.786/0002-61;4734930228;23/09/2022;2022-09-23;especifico
VENTAVIS;BAYER S.A.;18.459.628/0001-15;4732729223;23/09/2022;2022-09-23;novo
ÁRIA;EUROFARMA LABORATÓRIOS S.A.;61.190.096/0001-92;4731452228;23/09/2022;2022-09-23;similar
cloridrato de nafazolina;LABORATÓRIO GLOBO SA;17.115.437/0001-73;4740865220;26/09/2022;2022-09-26;generico
dipropionato de beclometasona;GLENMARK FARMACÊUTICA LTDA;44.363.661/0001-57;4739490226;26/09/2022;2022-09-26;generico
meropeném;BLAU FARMACÊUTICA S.A.;58.430.828/0001-60;4740457229;26/09/2022;2022-09-26;generico
MICONIL;PHARMASCIENCE INDÚSTRIA FARMACÊUTICA LTDA;25.773.037/0001-83;4740478226;26/09/2022;2022-09-26;similar
celecoxibe;ZYDUS NIKKHO FARMACÊUTICA LTDA;5254971000181;4740510227;26/09/2022;2022-09-26;generico
LFM - PIRAZINAMIDA;LABORATÓRIO FARMACÊUTICO DA MARINHA;394502007157;4740431220;26/09/2022;2022-09-26;similar
COXIZY;ZYDUS NIKKHO FARMACÊUTICA LTDA;5254971000181;4740996227;26/09/2022;2022-09-26;similar
MABTHERA;PRODUTOS ROCHE QUÍMICOS E FARMACÊUTICOS S.A.;33.009.945/0001-23;4742209222;26/09/2022;2022-09-26;novo
SORINAN;PHARMASCIENCE INDÚSTRIA FARMACÊUTICA LTDA;25.773.037/0001-83;4740468221;26/09/2022;2022-09-26;similar
UROHIPE;UNO HEALTHCARE COMÉRCIO DE MEDICAMENTOS LTDA.;13.109.151/0001-24;4739498227;26/09/2022;2022-09-26;biologico
Fiasp;NOVO NORDISK FARMACÊUTICA DO BRASIL LTDA;82.277.955/0001-55;4748757221;27/09/2022;2022-09-27;biologico
AZITROMICINA;LABORATÓRIO GLOBO SA;17.115.437/0001-73;4745427221;27/09/2022;2022-09-27;generico
bosentana;RANBAXY FARMACÊUTICA LTDA;73.663.650/0001-90;4745244223;27/09/2022;2022-09-27;generico
NISTATINA;PRATI DONADUZZI & CIA LTDA;73.856.593/0001-66;4742891228;27/09/2022;2022-09-27;generico
Cresemba;UNITED MEDICAL LTDA;68.949.239/0001-46;4750013226;27/09/2022;2022-09-27;novo
Fycompa;UNITED MEDICAL LTDA;68.949.239/0001-46;4750055221;27/09/2022;2022-09-27;novo
Cresemba;UNITED MEDICAL LTDA;68.949.239/0001-46;4750073229;27/09/2022;2022-09-27;novo
GUAIFENESINA;BRAINFARMA INDÚSTRIA QUÍMICA E FARMACÊUTICA S.A;5161069000110;4745186223;27/09/2022;2022-09-27;generico
Inovelon;UNITED MEDICAL LTDA;68.949.239/0001-46;4750097225;27/09/2022;2022-09-27;novo
DDAVP;LABORATÓRIOS FERRING LTDA;74.232.034/0001-48;4745388225;27/09/2022;2022-09-27;novo
ZOLPROX;LABORATÓRIO GLOBO SA;17.115.437/0001-73;4745531222;27/09/2022;2022-09-27;similar
MYDULO;GERMED FARMACEUTICA LTDA;45.992.062/0001-65;4755774225;28/09/2022;2022-09-28;similar
AMPICILINA SÓDICA + SULBACTAM SÓDICA;AUROBINDO PHARMA INDÚSTRIA FARMACÊUTICA LIMITADA;4301884000175;4754377222;28/09/2022;2022-09-28;generico
SOYNATI;PHARMASCIENCE INDÚSTRIA FARMACÊUTICA LTDA;25.773.037/0001-83;4750314226;28/09/2022;2022-09-28;fitoterapico
cetoconazol;PHARLAB INDÚSTRIA FARMACÊUTICA S.A.;2501297000102;4752738228;28/09/2022;2022-09-28;generico
ESPINHEIRA SANTA NATULAB;NATULAB LABORATÓRIO S.A;2456955000183;4754483227;28/09/2022;2022-09-28;fitoterapico
PREDNISONA;HIPOLABOR FARMACEUTICA LTDA;19.570.720/0001-10;4752743221;28/09/2022;2022-09-28;generico
CLORIDRATO DE FLUOXETINA;EUROFARMA LABORATÓRIOS S.A.;61.190.096/0001-92;4755965225;28/09/2022;2022-09-28;generico
ROCEFIN;PRODUTOS ROCHE QUÍMICOS E FARMACÊUTICOS S.A.;33.009.945/0001-23;4753987221;28/09/2022;2022-09-28;novo
PROVIRON;UNIÃO QUÍMICA FARMACÊUTICA NACIONAL S/A;60.665.981/0001-18;4754050223;28/09/2022;2022-09-28;novo
CYMBI;EMS SIGMA PHARMA LTDA;923140000131;4755667224;28/09/2022;2022-09-28;similar
desogestrel + etinilestradiol;Aché Laboratórios Farmacêuticos S.A;60.659.463/0029-92;4750786225;28/09/2022;2022-09-28;generico
MICROVLAR;UNIÃO QUÍMICA FARMACÊUTICA NACIONAL S/A;60.665.981/0001-18;4750592226;28/09/2022;2022-09-28;novo
MIRANOVA;UNIÃO QUÍMICA FARMACÊUTICA NACIONAL S/A;60.665.981/0001-18;4754325222;28/09/2022;2022-09-28;novo
CETOPROFENO;SANOFI MEDLEY FARMACÊUTICA LTDA.;10.588.595/0010-92;4755039223;28/09/2022;2022-09-28;generico
CLIMENE;UNIÃO QUÍMICA FARMACÊUTICA NACIONAL S/A;60.665.981/0001-18;4753835227;28/09/2022;2022-09-28;novo
desogestrel;EUROFARMA LABORATÓRIOS S.A.;61.190.096/0001-92;4756532225;28/09/2022;2022-09-28;generico
cloridrato de duloxetina;LEGRAND PHARMA INDÚSTRIA FARMACÊUTICA LTDA;5044984000126;4755768225;28/09/2022;2022-09-28;generico
cloridrato de duloxetina;EMS S/A;57.507.378/0003-65;4755512221;28/09/2022;2022-09-28;generico
NEULOX;EMS S/A;57.507.378/0003-65;4755609224;28/09/2022;2022-09-28;similar
TYKERB;NOVARTIS BIOCIENCIAS S.A;56.994.502/0001-30;4762932221;29/09/2022;2022-09-29;novo
STEZZA;FARMA VISION IMPORTAÇÃO E EXPORTAÇÃO DE MEDICAMENTOS LTDA;9058502000148;4761594225;29/09/2022;2022-09-29;novo
anastrozol;EUROFARMA LABORATÓRIOS S.A.;61.190.096/0001-92;4762442224;29/09/2022;2022-09-29;generico
AZITROMICINA;MEDQUIMICA INDUSTRIA FARMACEUTICA LTDA.;17.875.154/0001-20;4760269223;29/09/2022;2022-09-29;generico
TARGOCID;SANOFI MEDLEY FARMACÊUTICA LTDA.;10.588.595/0010-92;4759599223;29/09/2022;2022-09-29;novo
cloridrato de duloxetina;GERMED FARMACEUTICA LTDA;45.992.062/0001-65;4761101229;29/09/2022;2022-09-29;generico
cetoprofeno;SANOFI MEDLEY FARMACÊUTICA LTDA.;10.588.595/0010-92;4758055220;29/09/2022;2022-09-29;generico
cloridrato de duloxetina;MULTILAB INDUSTRIA E COMERCIO DE PRODUTOS FARMACEUTICOS LTDA;92.265.552/0009-05;4762232220;29/09/2022;2022-09-29;generico
cetoprofeno;SANOFI MEDLEY FARMACÊUTICA LTDA.;10.588.595/0010-92;4757966229;29/09/2022;2022-09-29;generico
DENPRYX;FARMOQUÍMICA S/A;33.349.473/0001-58;4760531220;29/09/2022;2022-09-29;similar
AZITROMED;MEDQUIMICA INDUSTRIA FARMACEUTICA LTDA.;17.875.154/0001-20;4760321225;29/09/2022;2022-09-29;similar
cloridrato de cefepima;BRAINFARMA INDÚSTRIA QUÍMICA E FARMACÊUTICA S.A;5161069000110;4759691227;29/09/2022;2022-09-29;generico
XANTINON;UNIÃO QUÍMICA FARMACÊUTICA NACIONAL S/A;60.665.981/0001-18;4759758224;29/09/2022;2022-09-29;especifico
CETOPROFENO;SANOFI MEDLEY FARMACÊUTICA LTDA.;10.588.595/0010-92;4758092222;29/09/2022;2022-09-29;generico
CLONAZEPAM;PHARLAB INDÚSTRIA FARMACÊUTICA S.A.;2501297000102;4760297227;29/09/2022;2022-09-29;generico
ATENOLOL + CLORTALIDONA;EUROFARMA LABORATÓRIOS S.A.;61.190.096/0001-92;4762676225;29/09/2022;2022-09-29;generico
PRALÍVIO;CIMED INDUSTRIA S.A;2814497000107;4760219226;29/09/2022;2022-09-29;similar
LOJUXTA®;AMRYT BRASIL COMERCIO E IMPORTACAO DE MEDICAMENTOS LTDA;14.555.259/0001-03;4761777222;29/09/2022;2022-09-29;novo
DIPIRONA SÓDICA;Aché Laboratórios Farmacêuticos S.A;60.659.463/0029-92;4757714220;29/09/2022;2022-09-29;generico
GABALLON;ZYDUS NIKKHO FARMACÊUTICA LTDA;5254971000181;4762933228;29/09/2022;2022-09-29;especifico
glibenclamida;LEGRAND PHARMA INDÚSTRIA FARMACÊUTICA LTDA;5044984000126;4767022223;30/09/2022;2022-09-30;similar
hemifumarato de quetiapina;LEGRAND PHARMA INDÚSTRIA FARMACÊUTICA LTDA;5044984000126;4766952227;30/09/2022;2022-09-30;generico
Glimepirida;EMS S/A;57.507.378/0003-65;4766907221;30/09/2022;2022-09-30;generico
metronidazol;BEKER PRODUTOS FÁRMACO HOSPITALARES LTDA;47.231.121/0001-08;4765718221;30/09/2022;2022-09-30;generico
MIORRELAX;BRAINFARMA INDÚSTRIA QUÍMICA E FARMACÊUTICA S.A;5161069000110;4765749223;30/09/2022;2022-09-30;similar
VOLTAREN;NOVARTIS BIOCIENCIAS S.A;56.994.502/0001-30;4767804221;30/09/2022;2022-09-30;novo
GENFIBROZILA;EMS S/A;57.507.378/0003-65;4766886224;30/09/2022;2022-09-30;generico
ibuprofeno;CIMED INDUSTRIA S.A;2814497000107;4763093223;30/09/2022;2022-09-30;generico
Glibenclamida;EMS S/A;57.507.378/0003-65;4766898222;30/09/2022;2022-09-30;generico
AMBISOME;UNITED MEDICAL LTDA;68.949.239/0001-46;4766619226;30/09/2022;2022-09-30;similar
CRONOBE COMPLEX;BIOLAB SANUS FARMACÊUTICA LTDA;49.475.833/0001-06;4766844220;30/09/2022;2022-09-30;especifico
VARTAZ;EUROFARMA LABORATÓRIOS S.A.;61.190.096/0001-92;4764274221;30/09/2022;2022-09-30;similar
CLAZI XR;GERMED FARMACEUTICA LTDA;45.992.062/0001-65;4767077222;30/09/2022;2022-09-30;similar
KYLEENA;BAYER S.A.;18.459.628/0001-15;4764273225;30/09/2022;2022-09-30;novo
CEFUROXIMA SÓDICA;BRAINFARMA INDÚSTRIA QUÍMICA E FARMACÊUTICA S.A;5161069000110;4766710223;30/09/2022;2022-09-30;generico
PONDERA;EUROFARMA LABORATÓRIOS S.A.;61.190.096/0001-92;4766867220;30/09/2022;2022-09-30;similar
LABCAÍNA;PHARLAB INDÚSTRIA FARMACÊUTICA S.A.;2501297000102;4767257221;30/09/2022;2022-09-30;similar
gliclazida;GERMED FARMACEUTICA LTDA;45.992.062/0001-65;4767092221;30/09/2022;2022-09-30;generico
FLORINEFE;ASPEN PHARMA INDÚSTRIA FARMACÊUTICA LTDA;2433631000120;4765552225;30/09/2022;2022-09-30;novo
hemifumarato de bisoprolol;EMS S/A;57.507.378/0003-65;4766924223;30/09/2022;2022-09-30;generico
gliclazida;EMS S/A;57.507.378/0003-65;4766902220;30/09/2022;2022-09-30;generico
valsartana;EUROFARMA LABORATÓRIOS S.A.;61.190.096/0001-92;4763956221;30/09/2022;2022-09-30;generico
DIPIMED;MEDQUIMICA INDUSTRIA FARMACEUTICA LTDA.;17.875.154/0001-20;4767801222;30/09/2022;2022-09-30;similar
DIFEBRIL;CIFARMA CIENTÍFICA FARMACÊUTICA LTDA;17.562.075/0001-69;4768060226;30/09/2022;2022-09-30;similar
CONCÁRDIO;EMS S/A;57.507.378/0003-65;4766946227;30/09/2022;2022-09-30;similar
Prexulid;CIFARMA CIENTÍFICA FARMACÊUTICA LTDA;17.562.075/0001-69;4764706229;30/09/2022;2022-09-30;similar
hemifumarato de quetiapina;EMS S/A;57.507.378/0003-65;4766940229;30/09/2022;2022-09-30;generico
BISOPRO-GRAN;LEGRAND PHARMA INDÚSTRIA FARMACÊUTICA LTDA;5044984000126;4766971221;30/09/2022;2022-09-30;similar
SULFAMETOXAZOL + TRIMETOPRIMA;EMS S/A;57.507.378/0003-65;4765805221;30/09/2022;2022-09-30;generico
acetilcisteína;EUROFARMA LABORATÓRIOS S.A.;61.190.096/0001-92;4766555228;30/09/2022;2022-09-30;generico
glibenclamida;GERMED FARMACEUTICA LTDA;45.992.062/0001-65;4767064228;30/09/2022;2022-09-30;generico
gliclazida;LEGRAND PHARMA INDÚSTRIA FARMACÊUTICA LTDA;5044984000126;4767003229;30/09/2022;2022-09-30;generico
PAXTRAT;UNIÃO QUÍMICA FARMACÊUTICA NACIONAL S/A;60.665.981/0001-18;4765479226;30/09/2022;2022-09-30;similar
hemifumarato de quetiapina;GERMED FARMACEUTICA LTDA;45.992.062/0001-65;4767158222;30/09/2022;2022-09-30;generico
DAGLI;LEGRAND PHARMA INDÚSTRIA FARMACÊUTICA LTDA;5044984000126;4767008221;30/09/2022;2022-09-30;similar
CANDESARTANA CILEXETILA+HIDROCLOROTIAZIDA;EMS S/A;57.507.378/0003-65;4772503226;03/10/2022;2022-10-03;generico
DOSS;BIOLAB SANUS FARMACÊUTICA LTDA;49.475.833/0001-06;4774506222;03/10/2022;2022-10-03;especifico
ALIVDIP;LABORATÓRIO TEUTO BRASILEIRO S/A;17.159.229/0001-76;4771732221;03/10/2022;2022-10-03;similar
DIPIRONA SODICA;LABORATÓRIO TEUTO BRASILEIRO S/A;17.159.229/0001-76;4772557229;03/10/2022;2022-10-03;generico
ALIVDIP;LABORATÓRIO TEUTO BRASILEIRO S/A;17.159.229/0001-76;4772697225;03/10/2022;2022-10-03;similar
FURP - METOCLOPRAMIDA;FUNDAÇÃO PARA O REMÉDIO POPULAR - FURP;43.640.754/0001-19;4773288221;03/10/2022;2022-10-03;similar
SEDALEX;LABORATÓRIO TEUTO BRASILEIRO S/A;17.159.229/0001-76;4771806225;03/10/2022;2022-10-03;similar
KEPPRA;UCB BIOPHARMA LTDA.;64.711.500/0001-14;4774590223;03/10/2022;2022-10-03;novo
dipirona monoidratada;HYPOFARMA - INSTITUTO DE HYPODERMIA E FARMÁCIA LTDA;17.174.657/0001-78;4772336222;03/10/2022;2022-10-03;generico
Keppra XR;UCB BIOPHARMA LTDA.;64.711.500/0001-14;4774659223;03/10/2022;2022-10-03;novo
GASTRINON;LABORATÓRIO VITALAB LTDA;56.646.953/0001-86;4774269221;03/10/2022;2022-10-03;fitoterapico
ULTIVA;ASPEN PHARMA INDÚSTRIA FARMACÊUTICA LTDA;2433631000120;4774411221;03/10/2022;2022-10-03;novo
HYNALGIN;HYPOFARMA - INSTITUTO DE HYPODERMIA E FARMÁCIA LTDA;17.174.657/0001-78;4771948224;03/10/2022;2022-10-03;similar
APRACUR DUO;COSMED INDUSTRIA DE COSMETICOS E MEDICAMENTOS S.A.;61.082.426/0002-07;4772769226;03/10/2022;2022-10-03;similar
CANDESARTANA CILEXETILA+HIDROCLOROTIAZIDA;GERMED FARMACEUTICA LTDA;45.992.062/0001-65;4772334220;03/10/2022;2022-10-03;generico
DIPIRONA;LABORATÓRIO TEUTO BRASILEIRO S/A;17.159.229/0001-76;4770294221;03/10/2022;2022-10-03;generico
PRIMOLUT-NOR;UNIÃO QUÍMICA FARMACÊUTICA NACIONAL S/A;60.665.981/0001-18;4771748225;03/10/2022;2022-10-03;novo
TACROLIMO;EMS S/A;57.507.378/0003-65;4773689226;03/10/2022;2022-10-03;generico
FURP- DIPIRONA;FUNDAÇÃO PARA O REMÉDIO POPULAR - FURP;43.640.754/0001-19;4773235225;03/10/2022;2022-10-03;similar
CUTISANOL;INSTITUTO BIOCHIMICO INDÚSTRIA FARMACÊUTICA LTDA;33.258.401/0001-03;4771821224;03/10/2022;2022-10-03;novo
dipirona;MEDQUIMICA INDUSTRIA FARMACEUTICA LTDA.;17.875.154/0001-20;4780937221;04/10/2022;2022-10-04;generico
NITROFEN;LABORATÓRIO TEUTO BRASILEIRO S/A;17.159.229/0001-76;4779071224;04/10/2022;2022-10-04;similar
montelucaste de sódio;GERMED FARMACEUTICA LTDA;45.992.062/0001-65;4776746221;04/10/2022;2022-10-04;generico
PRIMOSISTON;UNIÃO QUÍMICA FARMACÊUTICA NACIONAL S/A;60.665.981/0001-18;4780457220;04/10/2022;2022-10-04;novo
MONTELUCASTE DE SÓDIO;EMS S/A;57.507.378/0003-65;4776713225;04/10/2022;2022-10-04;generico
LFM - OFLOXACINO;LABORATÓRIO FARMACÊUTICO DA MARINHA;394502007157;4776351226;04/10/2022;2022-10-04;similar
DIPIRONA SODICA;PRATI DONADUZZI & CIA LTDA;73.856.593/0001-66;4778300220;04/10/2022;2022-10-04;generico
DIPIFARMA;FARMACE INDÚSTRIA QUÍMICO-FARMACÊUTICA CEARENSE LTDA;6628333000146;4780073227;04/10/2022;2022-10-04;similar
Cloridrato de Bromexina;LABORATÓRIO GLOBO SA;17.115.437/0001-73;4780548225;04/10/2022;2022-10-04;generico
ETOD;CRISTÁLIA PRODUTOS QUÍMICOS FARMACÊUTICOS LTDA.;44.734.671/0001-51;4776475227;04/10/2022;2022-10-04;similar
REPATHA;AMGEN BIOTECNOLOGIA DO BRASIL LTDA.;18.774.815/0001-93;4780231221;04/10/2022;2022-10-04;biologico
montelucaste de sódio;LEGRAND PHARMA INDÚSTRIA FARMACÊUTICA LTDA;5044984000126;4776789221;04/10/2022;2022-10-04;generico
ALGY GOTAS;VITAMEDIC INDUSTRIA FARMACEUTICA LTDA;30.222.814/0001-31;4779593221;04/10/2022;2022-10-04;generico
LEFLUNOMIDA;LABORATÓRIO FARMACÊUTICO DA MARINHA;394502007157;4776375222;04/10/2022;2022-10-04;generico
NITROFURANTOINA;LABORATÓRIO TEUTO BRASILEIRO S/A;17.159.229/0001-76;4779576229;04/10/2022;2022-10-04;generico
SENAN;ASPEN PHARMA INDÚSTRIA FARMACÊUTICA LTDA;2433631000120;4781231225;04/10/2022;2022-10-04;fitoterapico
LIDOCAÍNA;PHARLAB INDÚSTRIA FARMACÊUTICA S.A.;2501297000102;4779100224;04/10/2022;2022-10-04;generico
cloridrato de ciclobenzaprina;AUROBINDO PHARMA INDÚSTRIA FARMACÊUTICA LIMITADA;4301884000175;4780453224;04/10/2022;2022-10-04;generico
REFORTRIX IPV;GLAXOSMITHKLINE BRASIL LTDA;33.247.743/0001-10;4779592224;04/10/2022;2022-10-04;biologico
DIPIRONA SÓDICA;BRAINFARMA INDÚSTRIA QUÍMICA E FARMACÊUTICA S.A;5161069000110;4784806229;05/10/2022;2022-10-05;generico
DORFEBRIL;1FARMA INDUSTRIA FARMACEUTICA LTDA;48.113.906/0001-49;4785214228;05/10/2022;2022-10-05;similar
DIPRIN;GEOLAB INDÚSTRIA FARMACÊUTICA S/A;3485572000104;4783479224;05/10/2022;2022-10-05;similar
HERVIRAX;PHARLAB INDÚSTRIA FARMACÊUTICA S.A.;2501297000102;4785403225;05/10/2022;2022-10-05;similar
OLMESARTANA MEDOXOMILA + HIDROCLOROTIAZIDA;EUROFARMA LABORATÓRIOS S.A.;61.190.096/0001-92;4786146226;05/10/2022;2022-10-05;generico
LISADOR DIP;COSMED INDUSTRIA DE COSMETICOS E MEDICAMENTOS S.A.;61.082.426/0002-07;4784376224;05/10/2022;2022-10-05;similar
DIPIRONA SÓDICA;BRAINFARMA INDÚSTRIA QUÍMICA E FARMACÊUTICA S.A;5161069000110;4785129221;05/10/2022;2022-10-05;generico
LISADOR DIP;COSMED INDUSTRIA DE COSMETICOS E MEDICAMENTOS S.A.;61.082.426/0002-07;4785502223;05/10/2022;2022-10-05;similar
DIPIRONA SODICA;GEOLAB INDÚSTRIA FARMACÊUTICA S/A;3485572000104;4781956220;05/10/2022;2022-10-05;generico
ANSIRAX;LABORATÓRIO TEUTO BRASILEIRO S/A;17.159.229/0001-76;4783494223;05/10/2022;2022-10-05;similar
HOLMES H;EUROFARMA LABORATÓRIOS S.A.;61.190.096/0001-92;4786111228;05/10/2022;2022-10-05;similar
DIPIRONA SÓDICA;GEOLAB INDÚSTRIA FARMACÊUTICA S/A;3485572000104;4781830226;05/10/2022;2022-10-05;generico
PERLID;PRATI DONADUZZI & CIA LTDA;73.856.593/0001-66;4784024221;05/10/2022;2022-10-05;similar
GASTRIUM;Aché Laboratórios Farmacêuticos S.A;60.659.463/0029-92;4781615228;05/10/2022;2022-10-05;similar
ATROVERAN DIP;COSMED INDUSTRIA DE COSMETICOS E MEDICAMENTOS S.A.;61.082.426/0002-07;4784470221;05/10/2022;2022-10-05;similar
LORAZEPAM (PORT.344/98, LISTA B1);LABORATÓRIO TEUTO BRASILEIRO S/A;17.159.229/0001-76;4783074224;05/10/2022;2022-10-05;generico
NEOSALDINA DIP;COSMED INDUSTRIA DE COSMETICOS E MEDICAMENTOS S.A.;61.082.426/0002-07;4785424222;05/10/2022;2022-10-05;similar
YERVOY;BRISTOL-MYERS SQUIBB FARMACÊUTICA LTDA;56.998.982/0001-07;4781693229;05/10/2022;2022-10-05;biologico
MIRADOR;BRAINFARMA INDÚSTRIA QUÍMICA E FARMACÊUTICA S.A;5161069000110;4784881221;05/10/2022;2022-10-05;similar
GLICOSE + CLORETO DE SÓDIO;EUROFARMA LABORATÓRIOS S.A.;61.190.096/0001-92;4785536225;05/10/2022;2022-10-05;especifico
OPDIVO;BRISTOL-MYERS SQUIBB FARMACÊUTICA LTDA;56.998.982/0001-07;4781689221;05/10/2022;2022-10-05;biologico
MAGNOPYROL;COSMED INDUSTRIA DE COSMETICOS E MEDICAMENTOS S.A.;61.082.426/0002-07;4785537221;05/10/2022;2022-10-05;similar
ALDURAZYME;SANOFI MEDLEY FARMACÊUTICA LTDA.;10.588.595/0010-92;4791834224;06/10/2022;2022-10-06;biologico
hemitartarato de zolpidem;BIOLAB SANUS FARMACÊUTICA LTDA;49.475.833/0001-06;4789921221;06/10/2022;2022-10-06;generico
carvedilol;BIOLAB SANUS FARMACÊUTICA LTDA;49.475.833/0001-06;4791124227;06/10/2022;2022-10-06;generico
PRAKALMAR;ASPEN PHARMA INDÚSTRIA FARMACÊUTICA LTDA;2433631000120;4791959221;06/10/2022;2022-10-06;fitoterapico
BUTACID;VITAMEDIC INDUSTRIA FARMACEUTICA LTDA;30.222.814/0001-31;4791092228;06/10/2022;2022-10-06;similar
claritromicina;PHARLAB INDÚSTRIA FARMACÊUTICA S.A.;2501297000102;4795339228;07/10/2022;2022-10-07;generico
FLUIMUCIL;ZAMBON LABORATÓRIOS FARMACÊUTICOS LTDA.;61.100.004/0001-36;4796484221;07/10/2022;2022-10-07;novo
AZITROMICINA MONOIDRATADA;ANTIBIÓTICOS DO BRASIL LTDA;5439635000103;4796552227;07/10/2022;2022-10-07;generico
NISTATINA;EMS S/A;57.507.378/0003-65;4796663223;07/10/2022;2022-10-07;generico
dicloridrato de manidipino;PHARLAB INDÚSTRIA FARMACÊUTICA S.A.;2501297000102;4795871221;07/10/2022;2022-10-07;generico
FLOTAC;NOVARTIS BIOCIENCIAS S.A;56.994.502/0001-30;4796723226;07/10/2022;2022-10-07;novo
NISTATINA;LEGRAND PHARMA INDÚSTRIA FARMACÊUTICA LTDA;5044984000126;4797363223;07/10/2022;2022-10-07;generico
CATAFLAM;NOVARTIS BIOCIENCIAS S.A;56.994.502/0001-30;4796682228;07/10/2022;2022-10-07;novo
TRIKAFTA;VERTEX FARMACEUTICA DO BRASIL LTDA.;21.798.065/0001-02;4796871225;07/10/2022;2022-10-07;novo
NISTATINA;GERMED FARMACEUTICA LTDA;45.992.062/0001-65;4796696229;07/10/2022;2022-10-07;generico
INSTAURA;TEVA FARMACÊUTICA LTDA.;5333542000108;4796652221;07/10/2022;2022-10-07;similar
METADEX;LABORATÓRIOS OSÓRIO DE MORAES LTDA;19.791.813/0001-75;4797348224;07/10/2022;2022-10-07;similar
ELATIUM;PRATI DONADUZZI & CIA LTDA;73.856.593/0001-66;4796873228;07/10/2022;2022-10-07;similar
sugamadex sódico;TEVA FARMACÊUTICA LTDA.;5333542000108;4796425225;07/10/2022;2022-10-07;generico
LESSAV;Aché Laboratórios Farmacêuticos S.A;60.659.463/0029-92;4793690220;07/10/2022;2022-10-07;similar
docetaxel;ACCORD FARMACÊUTICA LTDA;64.171.697/0001-46;4795363226;07/10/2022;2022-10-07;generico
CANDESARTANA CILEXETILA+HIDROCLOROTIAZIDA;SANDOZ DO BRASIL INDÚSTRIA FARMACÊUTICA LTDA;61.286.647/0001-16;4796430229;07/10/2022;2022-10-07;generico
TRISENOX;TEVA FARMACÊUTICA LTDA.;5333542000108;4795536228;07/10/2022;2022-10-07;novo
latanoprosta;GERMED FARMACEUTICA LTDA;45.992.062/0001-65;4801965229;10/10/2022;2022-10-10;generico
latanoprosta;LEGRAND PHARMA INDÚSTRIA FARMACÊUTICA LTDA;5044984000126;4802027222;10/10/2022;2022-10-10;generico
latanoprosta;EMS S/A;57.507.378/0003-65;4801999221;10/10/2022;2022-10-10;generico
PREGABALINA;RANBAXY FARMACÊUTICA LTDA;73.663.650/0001-90;4799555227;10/10/2022;2022-10-10;generico
GLAMIGAN;GERMED FARMACEUTICA LTDA;45.992.062/0001-65;4804353224;10/10/2022;2022-10-10;similar
DRENATAN;GERMED FARMACEUTICA LTDA;45.992.062/0001-65;4801922228;10/10/2022;2022-10-10;similar
MICOSTALAB;MULTILAB INDUSTRIA E COMERCIO DE PRODUTOS FARMACEUTICOS LTDA;92.265.552/0009-05;4801057225;10/10/2022;2022-10-10;similar
montelucaste de sódio;RANBAXY FARMACÊUTICA LTDA;73.663.650/0001-90;4801745229;10/10/2022;2022-10-10;generico
ESTREVA;FARMA VISION IMPORTAÇÃO E EXPORTAÇÃO DE MEDICAMENTOS LTDA;9058502000148;4804069224;10/10/2022;2022-10-10;novo
carvedilol;PRATI DONADUZZI & CIA LTDA;73.856.593/0001-66;4801230229;10/10/2022;2022-10-10;generico
ciprofloxacino;BEKER PRODUTOS FÁRMACO HOSPITALARES LTDA;47.231.121/0001-08;4799496221;10/10/2022;2022-10-10;generico
MICOSTALAB;MULTILAB INDUSTRIA E COMERCIO DE PRODUTOS FARMACEUTICOS LTDA;92.265.552/0009-05;4801026222;10/10/2022;2022-10-10;similar
DULCOLAX;SANOFI MEDLEY FARMACÊUTICA LTDA.;10.588.595/0010-92;4799344226;10/10/2022;2022-10-10;novo
NOLAPROST;LEGRAND PHARMA INDÚSTRIA FARMACÊUTICA LTDA;5044984000126;4802037228;10/10/2022;2022-10-10;similar
FASENRA;ASTRAZENECA DO BRASIL LTDA;60.318.797/0001-00;4804424229;10/10/2022;2022-10-10;biologico
bimatoprosta;GERMED FARMACEUTICA LTDA;45.992.062/0001-65;4804291229;10/10/2022;2022-10-10;generico
montelucaste de sódio;RANBAXY FARMACÊUTICA LTDA;73.663.650/0001-90;4802258224;10/10/2022;2022-10-10;generico
bimatoprosta;EMS S/A;57.507.378/0003-65;4804064222;10/10/2022;2022-10-10;generico
CLORIDRATO DE AMBROXOL;LABORATÓRIO GLOBO SA;17.115.437/0001-73;4805882221;11/10/2022;2022-10-11;generico
aminofilina;LABORATÓRIO TEUTO BRASILEIRO S/A;17.159.229/0001-76;4805758228;11/10/2022;2022-10-11;generico
SUTRIPTAN;BIOLAB SANUS FARMACÊUTICA LTDA;49.475.833/0001-06;4809429229;11/10/2022;2022-10-11;similar
ALIVIOL;CIFARMA CIENTÍFICA FARMACÊUTICA LTDA;17.562.075/0001-69;4810748227;11/10/2022;2022-10-11;especifico
MALEATO DE DEXCLORFENIRAMINA + BETAMETASONA;LABORATÓRIO GLOBO SA;17.115.437/0001-73;4805870222;11/10/2022;2022-10-11;generico
AMOXICILINA;GERMED FARMACEUTICA LTDA;45.992.062/0001-65;4808506220;11/10/2022;2022-10-11;generico
amoxicilina;GERMED FARMACEUTICA LTDA;45.992.062/0001-65;4808250225;11/10/2022;2022-10-11;generico
desonida;LABORATÓRIO GLOBO SA;17.115.437/0001-73;4805811226;11/10/2022;2022-10-11;generico
MONURIL;ZAMBON LABORATÓRIOS FARMACÊUTICOS LTDA.;61.100.004/0001-36;4809464229;11/10/2022;2022-10-11;novo
acetato de dexametasona;MULTILAB INDUSTRIA E COMERCIO DE PRODUTOS FARMACEUTICOS LTDA;92.265.552/0009-05;4805883227;11/10/2022;2022-10-11;generico
AMOXICILINA;EMS S/A;57.507.378/0003-65;4808022222;11/10/2022;2022-10-11;generico
GRANULOKINE;AMGEN BIOTECNOLOGIA DO BRASIL LTDA.;18.774.815/0001-93;4809844226;11/10/2022;2022-10-11;biologico
BIO-C;UNIÃO QUÍMICA FARMACÊUTICA NACIONAL S/A;60.665.981/0001-18;4809432220;11/10/2022;2022-10-11;especifico
VELAMOX BD;EMS SIGMA PHARMA LTDA;923140000131;4808550229;11/10/2022;2022-10-11;similar
VELAMOX BD;EMS SIGMA PHARMA LTDA;923140000131;4808589222;11/10/2022;2022-10-11;similar
ASTRO;EUROFARMA LABORATÓRIOS S.A.;61.190.096/0001-92;4810590224;11/10/2022;2022-10-11;similar
AMOXICILINA;EMS S/A;57.507.378/0003-65;4808080222;11/10/2022;2022-10-11;generico
pregabalina;BRAINFARMA INDÚSTRIA QUÍMICA E FARMACÊUTICA S.A;5161069000110;4815588228;13/10/2022;2022-10-13;generico
SIKLOS;MASTERS SPECIALITY PHARMA LTDA;14.821.008/0001-23;4812727227;13/10/2022;2022-10-13;novo
fumarato de dimetila;ACCORD FARMACÊUTICA LTDA;64.171.697/0001-46;4816249222;13/10/2022;2022-10-13;generico
CLOB-X;GALDERMA BRASIL LTDA;317372000146;4816796223;13/10/2022;2022-10-13;novo
QUEVATRYL;HALEX ISTAR INDÚSTRIA FARMACÊUTICA SA;1571702000198;4815983224;13/10/2022;2022-10-13;novo
PREGABALINA;LABORATÓRIO TEUTO BRASILEIRO S/A;17.159.229/0001-76;4817027223;13/10/2022;2022-10-13;generico
BORTEZOMIBE;SUN FARMACÊUTICA DO BRASIL LTDA;5035244000123;4819190229;14/10/2022;2022-10-14;generico
NUVIGIL;TEVA FARMACÊUTICA LTDA.;5333542000108;4824322227;14/10/2022;2022-10-14;novo
VACINA ADSORVIDA DIFTERIA, TÉTANO E PERTUSSIS (ACELULAR);INSTITUTO BUTANTAN;61.821.344/0001-56;4823327225;14/10/2022;2022-10-14;biologico
VACINA BCG;UNO HEALTHCARE COMÉRCIO DE MEDICAMENTOS LTDA.;13.109.151/0001-24;4823888227;14/10/2022;2022-10-14;biologico
losartana potássica;PHARLAB INDÚSTRIA FARMACÊUTICA S.A.;2501297000102;4819477226;14/10/2022;2022-10-14;generico
MAGNESIA BISURADA;ASPEN PHARMA INDÚSTRIA FARMACÊUTICA LTDA;2433631000120;4821329221;14/10/2022;2022-10-14;especifico
ZOMI;SUN FARMACÊUTICA DO BRASIL LTDA;5035244000123;4819113224;14/10/2022;2022-10-14;similar
PHOXILIUM;BAXTER HOSPITALAR LTDA;49.351.786/0002-61;4822871223;14/10/2022;2022-10-14;especifico
CIPRO;BAYER S.A.;18.459.628/0001-15;4819474227;14/10/2022;2022-10-14;novo
CLORTALIDONA;VITAMEDIC INDUSTRIA FARMACEUTICA LTDA;30.222.814/0001-31;4828685227;17/10/2022;2022-10-17;generico
CLORDILON;VITAMEDIC INDUSTRIA FARMACEUTICA LTDA;30.222.814/0001-31;4828736221;17/10/2022;2022-10-17;similar
METRONIDAZOL;ANTIBIÓTICOS DO BRASIL LTDA;5439635000103;4828942220;17/10/2022;2022-10-17;generico
cefalexina;ANTIBIÓTICOS DO BRASIL LTDA;5439635000103;4825219225;17/10/2022;2022-10-17;generico
bosentana;ACCORD FARMACÊUTICA LTDA;64.171.697/0001-46;4827934223;17/10/2022;2022-10-17;generico
PROTOPIC;LEO PHARMA LTDA;11.424.477/0001-10;4829268221;17/10/2022;2022-10-17;novo
PEPSAMAR;BRAINFARMA INDÚSTRIA QUÍMICA E FARMACÊUTICA S.A;5161069000110;4828970223;17/10/2022;2022-10-17;especifico
AVAL;SUPERA FARMA LABORATÓRIOS S.A;43.312.503/0001-05;4825419224;17/10/2022;2022-10-17;similar
Panzyga;OCTAPHARMA BRASIL LTDA;2552927000160;4829838221;17/10/2022;2022-10-17;biologico
BUSCODUO;COSMED INDUSTRIA DE COSMETICOS E MEDICAMENTOS S.A.;61.082.426/0002-07;4827191221;17/10/2022;2022-10-17;novo
BRAVAN HCT;Aché Laboratórios Farmacêuticos S.A;60.659.463/0029-92;4829675225;17/10/2022;2022-10-17;similar
ARDRO;EUROFARMA LABORATÓRIOS S.A.;61.190.096/0001-92;4831743224;18/10/2022;2022-10-18;biologico
VALIUM;BELFAR LTDA;18.324.343/0001-77;4831367222;18/10/2022;2022-10-18;novo
ácido zoledrônico;EUROFARMA LABORATÓRIOS S.A.;61.190.096/0001-92;4831160229;18/10/2022;2022-10-18;generico
sulfato de hidroxicloroquina;EMS S/A;57.507.378/0003-65;4833954222;18/10/2022;2022-10-18;generico
ÁGUA PARA INJEÇÃO;CRISTÁLIA PRODUTOS QUÍMICOS FARMACÊUTICOS LTDA.;44.734.671/0001-51;4836476224;18/10/2022;2022-10-18;especifico
DENSIS;EUROFARMA LABORATÓRIOS S.A.;61.190.096/0001-92;4831154229;18/10/2022;2022-10-18;similar
FEIBA;TAKEDA PHARMA LTDA.;60.397.775/0001-74;4834871223;18/10/2022;2022-10-18;biologico
DEXTAMINE;CIFARMA CIENTÍFICA FARMACÊUTICA LTDA;17.562.075/0001-69;4835031229;18/10/2022;2022-10-18;similar
AZITROGRAN;LEGRAND PHARMA INDÚSTRIA FARMACÊUTICA LTDA;5044984000126;4834177220;18/10/2022;2022-10-18;similar
azitromicina;GERMED FARMACEUTICA LTDA;45.992.062/0001-65;4834159221;18/10/2022;2022-10-18;generico
LAQUIXAN;HIPOLABOR FARMACEUTICA LTDA;19.570.720/0001-10;4831627224;18/10/2022;2022-10-18;especifico
RIVAR;EUROFARMA LABORATÓRIOS S.A.;61.190.096/0001-92;4834339220;18/10/2022;2022-10-18;similar
SOLUÇÃO DE CLORETO DE POTASSIO;EQUIPLEX INDÚSTRIA FARMACÊUTICA LTDA;1784792000103;4836865221;18/10/2022;2022-10-18;especifico
Aminofilina;FARMACE INDÚSTRIA QUÍMICO-FARMACÊUTICA CEARENSE LTDA;6628333000146;4834718221;18/10/2022;2022-10-18;generico
RIVAXA;EUROFARMA LABORATÓRIOS S.A.;61.190.096/0001-92;4834452221;18/10/2022;2022-10-18;similar
AZI;EMS SIGMA PHARMA LTDA;923140000131;4834199223;18/10/2022;2022-10-18;similar
DEXTAFLAM;MABRA FARMACEUTICA LTDA;9545589000188;4835309227;18/10/2022;2022-10-18;similar
CETOCONAZOL+DIPROPIONATO DE BETAMETASONA+SULFATO DE NEOMICINA;GERMED FARMACEUTICA LTDA;45.992.062/0001-65;4833810221;18/10/2022;2022-10-18;generico
IMMUNATE;TAKEDA PHARMA LTDA.;60.397.775/0001-74;4835096223;18/10/2022;2022-10-18;biologico
NEBACTRINA;PHARLAB INDÚSTRIA FARMACÊUTICA S.A.;2501297000102;4838491221;19/10/2022;2022-10-19;similar
CLORIDRATO DE CINACALCETE;DR. REDDYS FARMACÊUTICA DO BRASIL LTDA;3978166000175;4841941223;19/10/2022;2022-10-19;generico
ACETATO DE DEXAMETASONA;GERMED FARMACEUTICA LTDA;45.992.062/0001-65;4841511229;19/10/2022;2022-10-19;generico
DEXADERMIL;LEGRAND PHARMA INDÚSTRIA FARMACÊUTICA LTDA;5044984000126;4841501223;19/10/2022;2022-10-19;similar
Avonex;BIOGEN BRASIL PRODUTOS FARMACÊUTICOS LTDA;7986222000174;4840446229;19/10/2022;2022-10-19;biologico
ACETATO DE DEXAMETASONA;EMS S/A;57.507.378/0003-65;4841491228;19/10/2022;2022-10-19;generico
Prednisona;BRAINFARMA INDÚSTRIA QUÍMICA E FARMACÊUTICA S.A;5161069000110;4842825227;19/10/2022;2022-10-19;generico
NISTATINA + ÓXIDO DE ZINCO;PHARLAB INDÚSTRIA FARMACÊUTICA S.A.;2501297000102;4842664223;19/10/2022;2022-10-19;generico
XADAGO;ZAMBON LABORATÓRIOS FARMACÊUTICOS LTDA.;61.100.004/0001-36;4838570228;19/10/2022;2022-10-19;novo
bicalutamida;BLAU FARMACÊUTICA S.A.;58.430.828/0001-60;4841892222;19/10/2022;2022-10-19;generico
cloridrato de dorzolamida;EMS S/A;57.507.378/0003-65;4843185221;19/10/2022;2022-10-19;generico
SYNAGIS;ASTRAZENECA DO BRASIL LTDA;60.318.797/0001-00;4841329226;19/10/2022;2022-10-19;biologico
ECHINACEA VITALAB;LABORATÓRIO VITALAB LTDA;56.646.953/0001-86;4840432228;19/10/2022;2022-10-19;fitoterapico
FLAVONID;BRAINFARMA INDÚSTRIA QUÍMICA E FARMACÊUTICA S.A;5161069000110;4842618221;19/10/2022;2022-10-19;especifico
AZITROMICINA;EUROFARMA LABORATÓRIOS S.A.;61.190.096/0001-92;4841567224;19/10/2022;2022-10-19;generico
CEFALEXINA;EUROFARMA LABORATÓRIOS S.A.;61.190.096/0001-92;4842918225;19/10/2022;2022-10-19;generico
OPONAP®;Camber Farmaceutica Ltda;24.633.934/0001-29;4840572224;19/10/2022;2022-10-19;similar
SULFATO DE NEOMICINA + BACITRACINA ZÍNCICA;PHARLAB INDÚSTRIA FARMACÊUTICA S.A.;2501297000102;4841395229;19/10/2022;2022-10-19;similar
OCTAGAM;OCTAPHARMA BRASIL LTDA;2552927000160;4841002227;19/10/2022;2022-10-19;biologico
PIPERAZAM;BLAU FARMACÊUTICA S.A.;58.430.828/0001-60;4841856226;19/10/2022;2022-10-19;similar
AMPICILINA SÓDICA + SULBACTAM SÓDICO;MYLAN LABORATORIOS LTDA;11.643.096/0001-22;4841818227;19/10/2022;2022-10-19;generico
maleato de enalapril;BRAINFARMA INDÚSTRIA QUÍMICA E FARMACÊUTICA S.A;5161069000110;4848113229;20/10/2022;2022-10-20;generico
HICOVAN;BLAU FARMACÊUTICA S.A.;58.430.828/0001-60;4848525225;20/10/2022;2022-10-20;similar
PAPILUP;GERMED FARMACEUTICA LTDA;45.992.062/0001-65;4846205223;20/10/2022;2022-10-20;similar
ROTATEQ;MERCK SHARP & DOHME FARMACEUTICA LTDA.;3560974000118;4847264223;20/10/2022;2022-10-20;biologico
CETOCONAZOL + DIPROPIONATO DE BETAMETASONA;EUROFARMA LABORATÓRIOS S.A.;61.190.096/0001-92;4848355222;20/10/2022;2022-10-20;generico
AMOXICILINA;BRAINFARMA INDÚSTRIA QUÍMICA E FARMACÊUTICA S.A;5161069000110;4846925226;20/10/2022;2022-10-20;generico
CETOCONAZOL + DIPROPIONATO DE BETAMETASONA;EUROFARMA LABORATÓRIOS S.A.;61.190.096/0001-92;4847907221;20/10/2022;2022-10-20;generico
COPAXONE;TEVA FARMACÊUTICA LTDA.;5333542000108;4844209221;20/10/2022;2022-10-20;novo
DIPROPIONATO DE BETAMETASONA + FOSFATO DISSÓDICO DE BETAMETASONA;BRAINFARMA INDÚSTRIA QUÍMICA E FARMACÊUTICA S.A;5161069000110;4847728220;20/10/2022;2022-10-20;generico
BESILATO DE ANLODIPINO;BRAINFARMA INDÚSTRIA QUÍMICA E FARMACÊUTICA S.A;5161069000110;4847220226;20/10/2022;2022-10-20;generico
CEFADROXILA;EUROFARMA LABORATÓRIOS S.A.;61.190.096/0001-92;4853191224;21/10/2022;2022-10-21;generico
BAVENCIO;MERCK S/A;33.069.212/0001-84;4849549225;21/10/2022;2022-10-21;biologico
CEFAZOLINA SÓDICA;FRESENIUS KABI BRASIL LTDA;49.324.221/0001-04;4854420227;21/10/2022;2022-10-21;generico
Fiprima;EUROFARMA LABORATÓRIOS S.A.;61.190.096/0001-92;4853071229;21/10/2022;2022-10-21;biologico
AEROGOLD;GLENMARK FARMACÊUTICA LTDA;44.363.661/0001-57;4853694226;21/10/2022;2022-10-21;similar
MIDAZOLAM;UNIÃO QUÍMICA FARMACÊUTICA NACIONAL S/A;60.665.981/0001-18;4849915221;21/10/2022;2022-10-21;generico
CEFTRIAXONA SÓDICA;AUROBINDO PHARMA INDÚSTRIA FARMACÊUTICA LIMITADA;4301884000175;4853740228;21/10/2022;2022-10-21;generico
D3CAPS;UNIÃO QUÍMICA FARMACÊUTICA NACIONAL S/A;60.665.981/0001-18;4853290222;21/10/2022;2022-10-21;especifico
METRONACK;LABORATÓRIOS B. BRAUN S/A;31.673.254/0001-02;4853282220;21/10/2022;2022-10-21;similar
LOSARTANA POTASSICA;BRAINFARMA INDÚSTRIA QUÍMICA E FARMACÊUTICA S.A;5161069000110;4849699227;21/10/2022;2022-10-21;generico
Farmanguinhos Isoniazida+Rifampicina;FUNDAÇÃO OSWALDO CRUZ;33.781.055/0001-35;4853130225;21/10/2022;2022-10-21;novo
GASTROL;BRAINFARMA INDÚSTRIA QUÍMICA E FARMACÊUTICA S.A;5161069000110;4849551220;21/10/2022;2022-10-21;especifico
NEO FÓLICO;BRAINFARMA INDÚSTRIA QUÍMICA E FARMACÊUTICA S.A;5161069000110;4851947224;21/10/2022;2022-10-21;especifico
TOBRAMICINA;BRAINFARMA INDÚSTRIA QUÍMICA E FARMACÊUTICA S.A;5161069000110;4851078226;21/10/2022;2022-10-21;generico
ROACUTAN;PRODUTOS ROCHE QUÍMICOS E FARMACÊUTICOS S.A.;33.009.945/0001-23;4858820220;24/10/2022;2022-10-24;novo
RIXANTIL;LEGRAND PHARMA INDÚSTRIA FARMACÊUTICA LTDA;5044984000126;4858324222;24/10/2022;2022-10-24;similar
CLORIDRATO DE ZIPRASIDONA;LABORATÓRIO FARMACÊUTICO DA MARINHA;394502007157;4858410226;24/10/2022;2022-10-24;generico
Palexis® LP;GRÜNENTHAL DO BRASIL FARMACÊUTICA LTDA.;10.555.143/0001-13;4858787222;24/10/2022;2022-10-24;novo
amoxicilina sódica + clavulanato de potássio;AUROBINDO PHARMA INDÚSTRIA FARMACÊUTICA LIMITADA;4301884000175;4858958221;24/10/2022;2022-10-24;generico
PROPESS;LABORATÓRIOS FERRING LTDA;74.232.034/0001-48;4855396222;24/10/2022;2022-10-24;similar
FAXXA;GERMED FARMACEUTICA LTDA;45.992.062/0001-65;4858305228;24/10/2022;2022-10-24;similar
AZITROMICINA;HIPOLABOR FARMACEUTICA LTDA;19.570.720/0001-10;4855949221;24/10/2022;2022-10-24;generico
FINASTERIDA;AUROBINDO PHARMA INDÚSTRIA FARMACÊUTICA LIMITADA;4301884000175;4858147223;24/10/2022;2022-10-24;generico
MYLICON;JANSSEN - CILAG FARMACÊUTICA LTDA;51.780.468/0001-87;4856030221;24/10/2022;2022-10-24;novo
XAROPE VICK;PROCTER & GAMBLE DO BRASIL LTDA;59.476.770/0001-58;4859061225;24/10/2022;2022-10-24;novo
MONTELUCASTE DE SÓDIO;Aché Laboratórios Farmacêuticos S.A;60.659.463/0029-92;4860244222;25/10/2022;2022-10-25;generico
MONTELAIR;Aché Laboratórios Farmacêuticos S.A;60.659.463/0029-92;4860186222;25/10/2022;2022-10-25;similar
Adempas®;BAYER S.A.;18.459.628/0001-15;4863077220;25/10/2022;2022-10-25;novo
HEPA-MERZ;BIOLAB SANUS FARMACÊUTICA LTDA;49.475.833/0001-06;4862079229;25/10/2022;2022-10-25;especifico
AZITROMICINA;PRATI DONADUZZI & CIA LTDA;73.856.593/0001-66;4860269225;25/10/2022;2022-10-25;generico
XIGDUO XR;ASTRAZENECA DO BRASIL LTDA;60.318.797/0001-00;4860314221;25/10/2022;2022-10-25;novo
azitromicina;SANDOZ DO BRASIL INDÚSTRIA FARMACÊUTICA LTDA;61.286.647/0001-16;4860144228;25/10/2022;2022-10-25;generico
BDEXBRAUN;LABORATÓRIOS B. BRAUN S/A;31.673.254/0001-02;4863960221;25/10/2022;2022-10-25;similar
DARTRIAL;SUPERA FARMA LABORATÓRIOS S.A;43.312.503/0001-05;4860153227;25/10/2022;2022-10-25;similar
CLARITROMICINA;EMS S/A;57.507.378/0003-65;4863633220;25/10/2022;2022-10-25;generico
fosfato sódico de prednisolona;VITAMEDIC INDUSTRIA FARMACEUTICA LTDA;30.222.814/0001-31;4862478221;25/10/2022;2022-10-25;generico
CLABAT;EMS S/A;57.507.378/0003-65;4863873221;25/10/2022;2022-10-25;similar
dipropionato de betametasona + ácido salicílico;LABORATÓRIO TEUTO BRASILEIRO S/A;17.159.229/0001-76;4869328224;26/10/2022;2022-10-26;generico
HEMOBLOCK;EMS SIGMA PHARMA LTDA;923140000131;4871458229;26/10/2022;2022-10-26;similar
METRONIDAZOL;PRATI DONADUZZI & CIA LTDA;73.856.593/0001-66;4868455222;26/10/2022;2022-10-26;generico
acetato de caspofungina;EUROFARMA LABORATÓRIOS S.A.;61.190.096/0001-92;4869207222;26/10/2022;2022-10-26;generico
EROXYM;EUROFARMA LABORATÓRIOS S.A.;61.190.096/0001-92;4869154226;26/10/2022;2022-10-26;similar
DIPROPIONATO DE BETAMETASONA + ÁCIDO SALICÍLICO;GERMED FARMACEUTICA LTDA;45.992.062/0001-65;4867954225;26/10/2022;2022-10-26;generico
BUP;EUROFARMA LABORATÓRIOS S.A.;61.190.096/0001-92;4872158229;26/10/2022;2022-10-26;similar
MONTELUCASTE DE SODIO;GEOLAB INDÚSTRIA FARMACÊUTICA S/A;3485572000104;4869739224;26/10/2022;2022-10-26;similar
DIPROPIONATO DE BETAMETASONA + ÁCIDO SALICÍLICO;EMS S/A;57.507.378/0003-65;4868021222;26/10/2022;2022-10-26;generico
PREFISS;FARMOQUÍMICA S/A;33.349.473/0001-58;4868713221;26/10/2022;2022-10-26;similar
OXALIBBS;LIBBS FARMACÊUTICA LTDA;61.230.314/0001-75;4872199227;26/10/2022;2022-10-26;similar
UNIAIR;GEOLAB INDÚSTRIA FARMACÊUTICA S/A;3485572000104;4871473228;26/10/2022;2022-10-26;similar
haloperidol;UNIÃO QUÍMICA FARMACÊUTICA NACIONAL S/A;60.665.981/0001-18;4869756226;26/10/2022;2022-10-26;generico
CRONOCOR;BIOLAB SANUS FARMACÊUTICA LTDA;49.475.833/0001-06;4872177223;26/10/2022;2022-10-26;similar
Versa;EUROFARMA LABORATÓRIOS S.A.;61.190.096/0001-92;4868099221;26/10/2022;2022-10-26;biologico
CLORIDRATO DE BUPROPIONA;EUROFARMA LABORATÓRIOS S.A.;61.190.096/0001-92;4872176227;26/10/2022;2022-10-26;generico
ÁGUA PARA INJETÁVEIS;EUROFARMA LABORATÓRIOS S.A.;61.190.096/0001-92;4869078228;26/10/2022;2022-10-26;especifico
BENZETACIL;EUROFARMA LABORATÓRIOS S.A.;61.190.096/0001-92;4868835220;26/10/2022;2022-10-26;novo
AIRES;EUROFARMA LABORATÓRIOS S.A.;61.190.096/0001-92;4868748220;26/10/2022;2022-10-26;similar
CLORIDRATO DE MINOCICLINA;RANBAXY FARMACÊUTICA LTDA;73.663.650/0001-90;4865765221;26/10/2022;2022-10-26;generico
DUOMO HP;EUROFARMA LABORATÓRIOS S.A.;61.190.096/0001-92;4868992228;26/10/2022;2022-10-26;novo
bussulfano;ACCORD FARMACÊUTICA LTDA;64.171.697/0001-46;4876783225;27/10/2022;2022-10-27;generico
MONONITRATO DE ISOSSORBIDA;ZYDUS NIKKHO FARMACÊUTICA LTDA;5254971000181;4877291229;27/10/2022;2022-10-27;generico
DICLOFENACO POTÁSSICO;SANOFI MEDLEY FARMACÊUTICA LTDA.;10.588.595/0010-92;4876526222;27/10/2022;2022-10-27;generico
H.BACTER;CIFARMA CIENTÍFICA FARMACÊUTICA LTDA;17.562.075/0001-69;4875087225;27/10/2022;2022-10-27;similar
Lenvima;UNITED MEDICAL LTDA;68.949.239/0001-46;4876387222;27/10/2022;2022-10-27;novo
TACROLIMO;FUNDAÇÃO OSWALDO CRUZ;33.781.055/0001-35;4877595228;27/10/2022;2022-10-27;generico
ROCAB;EMS S/A;57.507.378/0003-65;4876893225;27/10/2022;2022-10-27;similar
ALTAD CAPS;EUROFARMA LABORATÓRIOS S.A.;61.190.096/0001-92;4876102228;27/10/2022;2022-10-27;especifico
orlistate;BRAINFARMA INDÚSTRIA QUÍMICA E FARMACÊUTICA S.A;5161069000110;4875093225;27/10/2022;2022-10-27;generico
OHDE CAPS;EUROFARMA LABORATÓRIOS S.A.;61.190.096/0001-92;4876466220;27/10/2022;2022-10-27;especifico
GÁZIA;EUROFARMA LABORATÓRIOS S.A.;61.190.096/0001-92;4872695224;27/10/2022;2022-10-27;similar
OXITON;UNIÃO QUÍMICA FARMACÊUTICA NACIONAL S/A;60.665.981/0001-18;4872798228;27/10/2022;2022-10-27;similar
HEMIFUMARATO DE QUETIAPINA;ZYDUS NIKKHO FARMACÊUTICA LTDA;5254971000181;4877992227;27/10/2022;2022-10-27;generico
DICLOFENACO SÓDICO;SANOFI MEDLEY FARMACÊUTICA LTDA.;10.588.595/0010-92;4877536221;27/10/2022;2022-10-27;generico
hemitartarato de zolpidem;ZYDUS NIKKHO FARMACÊUTICA LTDA;5254971000181;4876935220;27/10/2022;2022-10-27;generico
FLAMADOR;LEGRAND PHARMA INDÚSTRIA FARMACÊUTICA LTDA;5044984000126;4881092227;28/10/2022;2022-10-28;similar
NEPEXTO;MYLAN LABORATORIOS LTDA;11.643.096/0001-22;4880780227;28/10/2022;2022-10-28;biologico
telmisartana + hidroclorotiazida;ACCORD FARMACÊUTICA LTDA;64.171.697/0001-46;4878879220;28/10/2022;2022-10-28;generico
metronidazol;LABORATÓRIO TEUTO BRASILEIRO S/A;17.159.229/0001-76;4879401226;28/10/2022;2022-10-28;generico
MONTELUCASTE SÓDICO;ZYDUS NIKKHO FARMACÊUTICA LTDA;5254971000181;4880809225;28/10/2022;2022-10-28;generico
EMLA;ASPEN PHARMA INDÚSTRIA FARMACÊUTICA LTDA;2433631000120;4878749229;28/10/2022;2022-10-28;novo
clonazepam;GEOLAB INDÚSTRIA FARMACÊUTICA S/A;3485572000104;4879591220;28/10/2022;2022-10-28;generico
etodolaco;ZYDUS NIKKHO FARMACÊUTICA LTDA;5254971000181;4879412228;28/10/2022;2022-10-28;generico
DICLOFENACO SÓDICO;UNIÃO QUÍMICA FARMACÊUTICA NACIONAL S/A;60.665.981/0001-18;4880712221;28/10/2022;2022-10-28;generico
Lamotrigina;ZYDUS NIKKHO FARMACÊUTICA LTDA;5254971000181;4880596221;28/10/2022;2022-10-28;generico
ATENOCLOR;VITAMEDIC INDUSTRIA FARMACEUTICA LTDA;30.222.814/0001-31;4880152226;28/10/2022;2022-10-28;similar
HELMIZOL;LABORATÓRIO TEUTO BRASILEIRO S/A;17.159.229/0001-76;4879949221;28/10/2022;2022-10-28;similar
cetoprofeno;GERMED FARMACEUTICA LTDA;45.992.062/0001-65;4880824224;28/10/2022;2022-10-28;generico
Isotretinoína;GERMED FARMACEUTICA LTDA;45.992.062/0001-65;4879444227;28/10/2022;2022-10-28;generico
CEFTFENPRO LP;GERMED FARMACEUTICA LTDA;45.992.062/0001-65;4880690228;28/10/2022;2022-10-28;similar
CETOPROFENO;EMS S/A;57.507.378/0003-65;4880974226;28/10/2022;2022-10-28;generico
ZYRTEC;GLAXOSMITHKLINE BRASIL LTDA;33.247.743/0001-10;4880872229;28/10/2022;2022-10-28;novo
OXCARB;UNIÃO QUÍMICA FARMACÊUTICA NACIONAL S/A;60.665.981/0001-18;4880729221;28/10/2022;2022-10-28;similar
RHALUNID;EMS S/A;57.507.378/0003-65;4880625221;28/10/2022;2022-10-28;similar
NEXAVAR;BAYER S.A.;18.459.628/0001-15;4878685221;28/10/2022;2022-10-28;novo
VARILRIX;GLAXOSMITHKLINE BRASIL LTDA;33.247.743/0001-10;4881019228;28/10/2022;2022-10-28;novo
FENAREN;UNIÃO QUÍMICA FARMACÊUTICA NACIONAL S/A;60.665.981/0001-18;4880649228;28/10/2022;2022-10-28;similar
cetoprofeno;EMS S/A;57.507.378/0003-65;4880486221;28/10/2022;2022-10-28;generico
cetoprofeno;LEGRAND PHARMA INDÚSTRIA FARMACÊUTICA LTDA;5044984000126;4880808229;28/10/2022;2022-10-28;generico
CALMAN;ASPEN PHARMA INDÚSTRIA FARMACÊUTICA LTDA;2433631000120;4886187226;31/10/2022;2022-10-31;fitoterapico
ETIRA;Aché Laboratórios Farmacêuticos S.A;60.659.463/0029-92;4882807220;31/10/2022;2022-10-31;novo
AILUK;GLENMARK FARMACÊUTICA LTDA;44.363.661/0001-57;4888240221;31/10/2022;2022-10-31;similar
GLIVEC;NOVARTIS BIOCIENCIAS S.A;56.994.502/0001-30;4889171223;31/10/2022;2022-10-31;novo
pregabalina;PHARLAB INDÚSTRIA FARMACÊUTICA S.A.;2501297000102;4886396224;31/10/2022;2022-10-31;generico
ESPINHEIRA SANTA HERBARIUM;HERBARIUM LABORATORIO BOTANICO LTDA;78.950.011/0001-20;4888226229;31/10/2022;2022-10-31;fitoterapico
SANTIAZEPAM;SANTISA LABORATÓRIO FARMACÊUTICO S/A;4099395000182;4888551227;31/10/2022;2022-10-31;similar
finasterida;LEGRAND PHARMA INDÚSTRIA FARMACÊUTICA LTDA;5044984000126;4894300222;01/11/2022;2022-11-01;generico
BENECTRIN;LEGRAND PHARMA INDÚSTRIA FARMACÊUTICA LTDA;5044984000126;4890320229;01/11/2022;2022-11-01;similar
TRAVAMED;GERMED FARMACEUTICA LTDA;45.992.062/0001-65;4894445221;01/11/2022;2022-11-01;similar
finasterida;GERMED FARMACEUTICA LTDA;45.992.062/0001-65;4894234220;01/11/2022;2022-11-01;generico
finasterida;MULTILAB INDUSTRIA E COMERCIO DE PRODUTOS FARMACEUTICOS LTDA;92.265.552/0009-05;4894352222;01/11/2022;2022-11-01;generico
FINASTERIDA;EMS S/A;57.507.378/0003-65;4894146223;01/11/2022;2022-11-01;generico
latanoprosta + maleato de timolol;GERMED FARMACEUTICA LTDA;45.992.062/0001-65;4900582221;03/11/2022;2022-11-03;generico
latanoprosta + maleato de timolol;LEGRAND PHARMA INDÚSTRIA FARMACÊUTICA LTDA;5044984000126;4900603228;03/11/2022;2022-11-03;generico
latanoprosta + maleato de timolol;EMS S/A;57.507.378/0003-65;4900509221;03/11/2022;2022-11-03;generico
CONCOR ANLO;MERCK S/A;33.069.212/0001-84;4900330221;03/11/2022;2022-11-03;novo
ASTRO;EUROFARMA LABORATÓRIOS S.A.;61.190.096/0001-92;4897287227;03/11/2022;2022-11-03;similar
ARISTAB;Aché Laboratórios Farmacêuticos S.A;60.659.463/0029-92;4901318225;03/11/2022;2022-11-03;similar
DERMOGRAN;LEGRAND PHARMA INDÚSTRIA FARMACÊUTICA LTDA;5044984000126;4899884222;03/11/2022;2022-11-03;similar
carvedilol;GERMED FARMACEUTICA LTDA;45.992.062/0001-65;4900865222;03/11/2022;2022-11-03;generico
CARVEGRAN;LEGRAND PHARMA INDÚSTRIA FARMACÊUTICA LTDA;5044984000126;4901760220;03/11/2022;2022-11-03;similar
DICLOFENACO COLESTIRAMINA;SANOFI MEDLEY FARMACÊUTICA LTDA.;10.588.595/0010-92;4901574221;03/11/2022;2022-11-03;generico
CARVEDILAT;EMS SIGMA PHARMA LTDA;923140000131;4901811223;03/11/2022;2022-11-03;similar
ASTRO IV;EUROFARMA LABORATÓRIOS S.A.;61.190.096/0001-92;4899576226;03/11/2022;2022-11-03;similar
BHENA;BIOLAB SANUS FARMACÊUTICA LTDA;49.475.833/0001-06;4900551228;03/11/2022;2022-11-03;similar
isotretinoína;EMS S/A;57.507.378/0003-65;4899408226;03/11/2022;2022-11-03;generico
carvedilol;LEGRAND PHARMA INDÚSTRIA FARMACÊUTICA LTDA;5044984000126;4901456229;03/11/2022;2022-11-03;generico
Tramal;GRÜNENTHAL DO BRASIL FARMACÊUTICA LTDA.;10.555.143/0001-13;4900288225;03/11/2022;2022-11-03;novo
olmesartana medoxomila;SANOFI MEDLEY FARMACÊUTICA LTDA.;10.588.595/0010-92;4901244221;03/11/2022;2022-11-03;generico
Tramal;GRÜNENTHAL DO BRASIL FARMACÊUTICA LTDA.;10.555.143/0001-13;4900323225;03/11/2022;2022-11-03;novo
FELDENE;PFIZER BRASIL LTDA;61.072.393/0001-33;4901739221;03/11/2022;2022-11-03;novo
dicloridrato de levocetirizina;GLENMARK FARMACÊUTICA LTDA;44.363.661/0001-57;4899499221;03/11/2022;2022-11-03;generico
ROTRETIN;EMS S/A;57.507.378/0003-65;4899527225;03/11/2022;2022-11-03;similar
PRISTIQ;PFIZER BRASIL LTDA;61.072.393/0001-33;4901796224;03/11/2022;2022-11-03;novo
ACNOVA;GERMED FARMACEUTICA LTDA;45.992.062/0001-65;4899601221;03/11/2022;2022-11-03;similar
azitromicina;EUROFARMA LABORATÓRIOS S.A.;61.190.096/0001-92;4897690226;03/11/2022;2022-11-03;generico
Tramal Retard;GRÜNENTHAL DO BRASIL FARMACÊUTICA LTDA.;10.555.143/0001-13;4900317225;03/11/2022;2022-11-03;novo
DEXAMETRAT;LABORATÓRIO GLOBO SA;17.115.437/0001-73;4900039225;03/11/2022;2022-11-03;similar
Tramal;GRÜNENTHAL DO BRASIL FARMACÊUTICA LTDA.;10.555.143/0001-13;4900303224;03/11/2022;2022-11-03;novo
acetato de dexametasona;LABORATÓRIO GLOBO SA;17.115.437/0001-73;4900074225;03/11/2022;2022-11-03;generico
CLORIDRATO DE CIPROFLOXACINO;SANOFI MEDLEY FARMACÊUTICA LTDA.;10.588.595/0010-92;4900880221;03/11/2022;2022-11-03;generico
LATONAN;EMS S/A;57.507.378/0003-65;4900513229;03/11/2022;2022-11-03;similar
VOLARE;Aché Laboratórios Farmacêuticos S.A;60.659.463/0029-92;4901241222;03/11/2022;2022-11-03;biologico
CARVEDILOL;EMS S/A;57.507.378/0003-65;4904632222;04/11/2022;2022-11-04;generico
UNITIDAZIN;UNIÃO QUÍMICA FARMACÊUTICA NACIONAL S/A;60.665.981/0001-18;4906323227;04/11/2022;2022-11-04;similar
CLORATADD;EMS S/A;57.507.378/0003-65;4906659225;04/11/2022;2022-11-04;similar
cloridrato de ciprofloxacino;BIOLAB SANUS FARMACÊUTICA LTDA;49.475.833/0001-06;4904661222;04/11/2022;2022-11-04;generico
IBUFLEX;LEGRAND PHARMA INDÚSTRIA FARMACÊUTICA LTDA;5044984000126;4906430228;04/11/2022;2022-11-04;similar
DIVIDOL;ZAMBON LABORATÓRIOS FARMACÊUTICOS LTDA.;61.100.004/0001-36;4905852226;04/11/2022;2022-11-04;novo
CARDBET;MULTILAB INDUSTRIA E COMERCIO DE PRODUTOS FARMACEUTICOS LTDA;92.265.552/0009-05;4905461227;04/11/2022;2022-11-04;generico
MALEATO DE ENALAPRIL;VITAMEDIC INDUSTRIA FARMACEUTICA LTDA;30.222.814/0001-31;4906225225;04/11/2022;2022-11-04;generico
BACTOMAX;CRISTÁLIA PRODUTOS QUÍMICOS FARMACÊUTICOS LTDA.;44.734.671/0001-51;4906211224;04/11/2022;2022-11-04;similar
LUMAKRAS;AMGEN BIOTECNOLOGIA DO BRASIL LTDA.;18.774.815/0001-93;4905749221;04/11/2022;2022-11-04;novo
GLICOMET;VITAMEDIC INDUSTRIA FARMACEUTICA LTDA;30.222.814/0001-31;4902982226;04/11/2022;2022-11-04;similar
LISINOPRIL;EMS S/A;57.507.378/0003-65;4906632220;04/11/2022;2022-11-04;generico
ALERGALIV;LEGRAND PHARMA INDÚSTRIA FARMACÊUTICA LTDA;5044984000126;4906825222;04/11/2022;2022-11-04;similar
Tavaflox;EMS SIGMA PHARMA LTDA;923140000131;4906744222;04/11/2022;2022-11-04;novo
COLEDUE;COSMED INDUSTRIA DE COSMETICOS E MEDICAMENTOS S.A.;61.082.426/0002-07;4906228224;04/11/2022;2022-11-04;generico
levofloxacino hemi-hidratado;LEGRAND PHARMA INDÚSTRIA FARMACÊUTICA LTDA;5044984000126;4906783228;04/11/2022;2022-11-04;generico
levofloxacino hemi-hidratado;GERMED FARMACEUTICA LTDA;45.992.062/0001-65;4906898220;04/11/2022;2022-11-04;generico
LORATADINA;EMS S/A;57.507.378/0003-65;4906708226;04/11/2022;2022-11-04;generico
piperaciclina sódica + tazobactam sódico;SANDOZ DO BRASIL INDÚSTRIA FARMACÊUTICA LTDA;61.286.647/0001-16;4902926229;04/11/2022;2022-11-04;generico
LORATADINA;GERMED FARMACEUTICA LTDA;45.992.062/0001-65;4906906222;04/11/2022;2022-11-04;generico
carvedilol;MULTILAB INDUSTRIA E COMERCIO DE PRODUTOS FARMACEUTICOS LTDA;92.265.552/0009-05;4905552222;04/11/2022;2022-11-04;generico
LORATADINA;LEGRAND PHARMA INDÚSTRIA FARMACÊUTICA LTDA;5044984000126;4906837221;04/11/2022;2022-11-04;generico
CLORATADD CAPS;EMS S/A;57.507.378/0003-65;4906726224;04/11/2022;2022-11-04;novo
cloridrato de irinotecano;BLAU FARMACÊUTICA S.A.;58.430.828/0001-60;4906432221;04/11/2022;2022-11-04;generico
HALAVEN;UNITED MEDICAL LTDA;68.949.239/0001-46;4905293227;04/11/2022;2022-11-04;novo
TAVAFLOX;EMS SIGMA PHARMA LTDA;923140000131;4906751229;04/11/2022;2022-11-04;generico
levofloxacino;EMS S/A;57.507.378/0003-65;4906573223;04/11/2022;2022-11-04;generico
DEXAMETASONA;LABORATÓRIO TEUTO BRASILEIRO S/A;17.159.229/0001-76;4910152229;07/11/2022;2022-11-07;generico
TAPAZOL;BIOLAB SANUS FARMACÊUTICA LTDA;49.475.833/0001-06;4912076228;07/11/2022;2022-11-07;novo
TRAVOFTAL;LABORATÓRIO TEUTO BRASILEIRO S/A;17.159.229/0001-76;4911213221;07/11/2022;2022-11-07;similar
TENSART;MYRALIS INDÚSTRIA FARMACÊUTICA LTDA;17.440.261/0001-25;4912628221;07/11/2022;2022-11-07;fitoterapico
omeprazol sódico;LABORATÓRIO TEUTO BRASILEIRO S/A;17.159.229/0001-76;4911186224;07/11/2022;2022-11-07;generico
dipropionato de betametasona + sulfato de gentamicina;GERMED FARMACEUTICA LTDA;45.992.062/0001-65;4911648228;07/11/2022;2022-11-07;generico
REPOFLOR;EMS S/A;57.507.378/0003-65;4911902221;07/11/2022;2022-11-07;biologico
Hemo-8r;EMPRESA BRASILEIRA DE HEMODERIVADOS E BIOTECNOLOGIA;7607851000146;4911960221;07/11/2022;2022-11-07;biologico
dipropionato de betametasona + sulfato de gentamicina;GERMED FARMACEUTICA LTDA;45.992.062/0001-65;4911686227;07/11/2022;2022-11-07;generico
IBUPROFENO;GERMED FARMACEUTICA LTDA;45.992.062/0001-65;4911003227;07/11/2022;2022-11-07;generico
Ibuprofeno;NOVA QUIMICA FARMACÊUTICA S/A;72.593.791/0001-11;4911096225;07/11/2022;2022-11-07;generico
IBUPROFENO;GERMED FARMACEUTICA LTDA;45.992.062/0001-65;4911208228;07/11/2022;2022-11-07;generico
ELIQUIS;PFIZER BRASIL LTDA;61.072.393/0001-33;4910080228;07/11/2022;2022-11-07;novo
DIPROPIONATO DE BETAMETASONA + SULFATO DE GENTAMICINA;EMS S/A;57.507.378/0003-65;4911716223;07/11/2022;2022-11-07;generico
carisoprodol + diclofenaco sódico + paracetamol + cafeína;CELLERA FARMACÊUTICA S.A.;33.173.097/0002-74;4907884222;07/11/2022;2022-11-07;generico
NIDAZOFARMA;FARMACE INDÚSTRIA QUÍMICO-FARMACÊUTICA CEARENSE LTDA;6628333000146;4911424222;07/11/2022;2022-11-07;similar
IBUPROFENO;LEGRAND PHARMA INDÚSTRIA FARMACÊUTICA LTDA;5044984000126;4917160227;08/11/2022;2022-11-08;generico
METICORTEN;ORGANON FARMACÊUTICA LTDA.;45.987.013/0001-34;4917475228;08/11/2022;2022-11-08;novo
HYZAAR;ORGANON FARMACÊUTICA LTDA.;45.987.013/0001-34;4917467225;08/11/2022;2022-11-08;novo
COZAAR;ORGANON FARMACÊUTICA LTDA.;45.987.013/0001-34;4917448221;08/11/2022;2022-11-08;novo
IBUPROFENO;LEGRAND PHARMA INDÚSTRIA FARMACÊUTICA LTDA;5044984000126;4917110220;08/11/2022;2022-11-08;generico
cloridrato de erlotinibe;INSTITUTO VITAL BRAZIL S/A;30.064.034/0001-00;4918319220;08/11/2022;2022-11-08;similar
DERMOSALIC;CELLERA FARMACÊUTICA S.A.;33.173.097/0002-74;4916955226;08/11/2022;2022-11-08;similar
PRAVASTATINA SÓDICA;SANOFI MEDLEY FARMACÊUTICA LTDA.;10.588.595/0010-92;4918313221;08/11/2022;2022-11-08;generico
dipropionato de betametasona + ácido salicílico;CELLERA FARMACÊUTICA S.A.;33.173.097/0002-74;4917341221;08/11/2022;2022-11-08;generico
MUD;EUROFARMA LABORATÓRIOS S.A.;61.190.096/0001-92;4923016221;09/11/2022;2022-11-09;similar
DICLORIDRATO DE PRAMIPEXOL;EMS S/A;57.507.378/0003-65;4919983221;09/11/2022;2022-11-09;generico
BONAR;Aché Laboratórios Farmacêuticos S.A;60.659.463/0029-92;4923754222;09/11/2022;2022-11-09;similar
CETADEX;GEOLAB INDÚSTRIA FARMACÊUTICA S/A;3485572000104;4922356223;09/11/2022;2022-11-09;similar
BUSCOPAN COMPOSTO;COSMED INDUSTRIA DE COSMETICOS E MEDICAMENTOS S.A.;61.082.426/0002-07;4923766221;09/11/2022;2022-11-09;novo
FURP-DEXAMETASONA;FUNDAÇÃO PARA O REMÉDIO POPULAR - FURP;43.640.754/0001-19;4919727224;09/11/2022;2022-11-09;similar
SOLIQUA;SANOFI MEDLEY FARMACÊUTICA LTDA.;10.588.595/0010-92;4923874228;09/11/2022;2022-11-09;biologico
OXACILIL;FRESENIUS KABI BRASIL LTDA;49.324.221/0001-04;4921771227;09/11/2022;2022-11-09;similar
CICLOSPORINA;GERMED FARMACEUTICA LTDA;45.992.062/0001-65;4922578226;09/11/2022;2022-11-09;generico
DORZAL;LEGRAND PHARMA INDÚSTRIA FARMACÊUTICA LTDA;5044984000126;4922679227;09/11/2022;2022-11-09;similar
SIGMASPORIN MICRORAL;GERMED FARMACEUTICA LTDA;45.992.062/0001-65;4922515224;09/11/2022;2022-11-09;similar
Acetato de Dexametasona;GEOLAB INDÚSTRIA FARMACÊUTICA S/A;3485572000104;4921870225;09/11/2022;2022-11-09;generico
BETES;EUROFARMA LABORATÓRIOS S.A.;61.190.096/0001-92;4922673229;09/11/2022;2022-11-09;similar
ELIFORE;PFIZER BRASIL LTDA;61.072.393/0001-33;4923425229;09/11/2022;2022-11-09;similar
SIGMASPORIN MICRORAL;GERMED FARMACEUTICA LTDA;45.992.062/0001-65;4920104227;09/11/2022;2022-11-09;similar
COVERSYL PLUS;LABORATÓRIOS SERVIER DO BRASIL LTDA;42.374.207/0001-76;4922834222;09/11/2022;2022-11-09;novo
MONTELUCASTE DE SODIO;ACCORD FARMACÊUTICA LTDA;64.171.697/0001-46;4923053224;09/11/2022;2022-11-09;generico
ACETATO DE DEXAMETASONA;UNIÃO QUÍMICA FARMACÊUTICA NACIONAL S/A;60.665.981/0001-18;4922331221;09/11/2022;2022-11-09;generico
ACERTALIX;LABORATÓRIOS SERVIER DO BRASIL LTDA;42.374.207/0001-76;4923329220;09/11/2022;2022-11-09;novo
NISTATINA;CIFARMA CIENTÍFICA FARMACÊUTICA LTDA;17.562.075/0001-69;4919687222;09/11/2022;2022-11-09;generico
ONEGRIPE;1FARMA INDUSTRIA FARMACEUTICA LTDA;48.113.906/0001-49;4923622229;09/11/2022;2022-11-09;similar
cloridrato de dorzolamida;GERMED FARMACEUTICA LTDA;45.992.062/0001-65;4922548220;09/11/2022;2022-11-09;generico
OXA;ACCORD FARMACÊUTICA LTDA;64.171.697/0001-46;4928283228;10/11/2022;2022-11-10;similar
acebrofilina;MULTILAB INDUSTRIA E COMERCIO DE PRODUTOS FARMACEUTICOS LTDA;92.265.552/0009-05;4928933222;10/11/2022;2022-11-10;generico
CETOPROFENO;EUROFARMA LABORATÓRIOS S.A.;61.190.096/0001-92;4928022220;10/11/2022;2022-11-10;generico
Simponi;JANSSEN-CILAG FARMACÊUTICA LTDA;51.780.468/0001-87;4927775224;10/11/2022;2022-11-10;biologico
finasterida;EUROFARMA LABORATÓRIOS S.A.;61.190.096/0001-92;4929827221;10/11/2022;2022-11-10;generico
claritromicina;ANTIBIÓTICOS DO BRASIL LTDA;5439635000103;4928652223;10/11/2022;2022-11-10;generico
BIO-MANGUINHOS RITUXIMABE;FUNDAÇÃO OSWALDO CRUZ;33.781.055/0001-35;4928026225;10/11/2022;2022-11-10;biologico
CETOPROFENO;EUROFARMA LABORATÓRIOS S.A.;61.190.096/0001-92;4928207220;10/11/2022;2022-11-10;generico
cloridrato de moxifloxacino;EUROFARMA LABORATÓRIOS S.A.;61.190.096/0001-92;4929934222;10/11/2022;2022-11-10;generico
CETOPROFENO;CRISTÁLIA PRODUTOS QUÍMICOS FARMACÊUTICOS LTDA.;44.734.671/0001-51;4928077229;10/11/2022;2022-11-10;generico
DALINVI;JANSSEN-CILAG FARMACÊUTICA LTDA;51.780.468/0001-87;4929536227;10/11/2022;2022-11-10;biologico
VACINA ADSORVIDA HEPATITE A (INATIVADA);INSTITUTO BUTANTAN;61.821.344/0001-56;4934074228;11/11/2022;2022-11-11;biologico
INDATRAT SR;LEGRAND PHARMA INDÚSTRIA FARMACÊUTICA LTDA;5044984000126;4931202225;11/11/2022;2022-11-11;similar
Indafix;EMS SIGMA PHARMA LTDA;923140000131;4931121225;11/11/2022;2022-11-11;similar
VACINA PAPILOMAVIRUS HUMANO 6, 11, 16 E 18 (RECOMBINANTE);INSTITUTO BUTANTAN;61.821.344/0001-56;4934014225;11/11/2022;2022-11-11;biologico
SOLIRIS;ALEXION SERVICOS E FARMACEUTICA DO BRASIL LTDA;10.284.284/0001-49;4934287221;11/11/2022;2022-11-11;biologico
indapamida;EMS S/A;57.507.378/0003-65;4930968224;11/11/2022;2022-11-11;generico
colchicina;MULTILAB INDUSTRIA E COMERCIO DE PRODUTOS FARMACEUTICOS LTDA;92.265.552/0009-05;4933658226;11/11/2022;2022-11-11;generico
ANTROFI;EUROFARMA LABORATÓRIOS S.A.;61.190.096/0001-92;4931490221;11/11/2022;2022-11-11;similar
Vasotrilix;EMS S/A;57.507.378/0003-65;4930712220;11/11/2022;2022-11-11;similar
FURP-LAMIVUDINA + ZIDOVUDINA;FUNDAÇÃO PARA O REMÉDIO POPULAR - FURP;43.640.754/0001-19;4930306221;11/11/2022;2022-11-11;similar
FLANAX XR;BAYER S.A.;18.459.628/0001-15;4930547229;11/11/2022;2022-11-11;novo
cloridrato de valganciclovir;DR. REDDYS FARMACÊUTICA DO BRASIL LTDA;3978166000175;4931416225;11/11/2022;2022-11-11;generico
SENE HERBARIUM;HERBARIUM LABORATORIO BOTANICO LTDA;78.950.011/0001-20;4930626226;11/11/2022;2022-11-11;fitoterapico
indapamida;LEGRAND PHARMA INDÚSTRIA FARMACÊUTICA LTDA;5044984000126;4930891221;11/11/2022;2022-11-11;generico
hemitartarato de zolpidem;GEOLAB INDÚSTRIA FARMACÊUTICA S/A;3485572000104;4933936226;11/11/2022;2022-11-11;generico
EUDOK;UNIÃO QUÍMICA FARMACÊUTICA NACIONAL S/A;60.665.981/0001-18;4931251226;11/11/2022;2022-11-11;similar
omeprazol;GEOLAB INDÚSTRIA FARMACÊUTICA S/A;3485572000104;4932073224;11/11/2022;2022-11-11;generico
ACEZO;CRISTÁLIA PRODUTOS QUÍMICOS FARMACÊUTICOS LTDA.;44.734.671/0001-51;4931014224;11/11/2022;2022-11-11;similar
AZENTEX;CRISTÁLIA PRODUTOS QUÍMICOS FARMACÊUTICOS LTDA.;44.734.671/0001-51;4931395228;11/11/2022;2022-11-11;similar
PARACETAMOL + FOSFATO DE CODEÍNA;GEOLAB INDÚSTRIA FARMACÊUTICA S/A;3485572000104;4933589224;11/11/2022;2022-11-11;generico
ATORVASTATINA CÁLCICA;EUROFARMA LABORATÓRIOS S.A.;61.190.096/0001-92;4931696228;11/11/2022;2022-11-11;generico
Kanuma;ALEXION SERVICOS E FARMACEUTICA DO BRASIL LTDA;10.284.284/0001-49;4934281223;11/11/2022;2022-11-11;biologico
NISOFLAN;GEOLAB INDÚSTRIA FARMACÊUTICA S/A;3485572000104;4931986226;11/11/2022;2022-11-11;similar
NUTRIFLEX PLUS;LABORATÓRIOS B. BRAUN S/A;31.673.254/0001-02;4933845221;11/11/2022;2022-11-11;especifico
IBUVIX;GEOLAB INDÚSTRIA FARMACÊUTICA S/A;3485572000104;4931818226;11/11/2022;2022-11-11;similar
COCICHIMIL;MULTILAB INDUSTRIA E COMERCIO DE PRODUTOS FARMACEUTICOS LTDA;92.265.552/0009-05;4933611220;11/11/2022;2022-11-11;similar
indapamida;GERMED FARMACEUTICA LTDA;45.992.062/0001-65;4931061222;11/11/2022;2022-11-11;generico
ZOLMICOL;GEOLAB INDÚSTRIA FARMACÊUTICA S/A;3485572000104;4940620221;15/11/2022;2022-11-15;similar
VERTIZAN;VITAMEDIC INDUSTRIA FARMACEUTICA LTDA;30.222.814/0001-31;4943600221;16/11/2022;2022-11-16;similar
MODULATRI;LEGRAND PHARMA INDÚSTRIA FARMACÊUTICA LTDA;5044984000126;4943504221;16/11/2022;2022-11-16;similar
POLAPIC;EMS S/A;57.507.378/0003-65;4943769225;16/11/2022;2022-11-16;similar
OLMEDIX HCT;EMS S/A;57.507.378/0003-65;4943671225;16/11/2022;2022-11-16;similar
POLAPIC;EMS S/A;57.507.378/0003-65;4944322224;16/11/2022;2022-11-16;similar
OLMEGRAN;LEGRAND PHARMA INDÚSTRIA FARMACÊUTICA LTDA;5044984000126;4943519229;16/11/2022;2022-11-16;similar
POEMMY;LIBBS FARMACÊUTICA LTDA;61.230.314/0001-75;4943910220;16/11/2022;2022-11-16;similar
OLMEGRAN HCT;LEGRAND PHARMA INDÚSTRIA FARMACÊUTICA LTDA;5044984000126;4943524222;16/11/2022;2022-11-16;similar
OLMY;EMS SIGMA PHARMA LTDA;923140000131;4944574223;16/11/2022;2022-11-16;similar
OLMY HCT;EMS SIGMA PHARMA LTDA;923140000131;4944597223;16/11/2022;2022-11-16;similar
NEXFLEN;LEGRAND PHARMA INDÚSTRIA FARMACÊUTICA LTDA;5044984000126;4943508227;16/11/2022;2022-11-16;similar
NAXTRI;EMS S/A;57.507.378/0003-65;4943736220;16/11/2022;2022-11-16;similar
TRIMEXIUM;EMS S/A;57.507.378/0003-65;4943697224;16/11/2022;2022-11-16;similar
ZARZIO;SANDOZ DO BRASIL INDÚSTRIA FARMACÊUTICA LTDA;61.286.647/0001-16;4943765220;16/11/2022;2022-11-16;biologico
OLMEDIX;EMS S/A;57.507.378/0003-65;4943614221;16/11/2022;2022-11-16;similar
diclofenaco sódico;PRATI DONADUZZI & CIA LTDA;73.856.593/0001-66;4944478224;16/11/2022;2022-11-16;generico
olmesartana medoxomila+hidroclorotiazida;GERMED FARMACEUTICA LTDA;45.992.062/0001-65;4943579221;16/11/2022;2022-11-16;generico
CLORIDRATO DE VENLAFAXINA (PORT. 344/98 L-C1);Aché Laboratórios Farmacêuticos S.A;60.659.463/0029-92;4941022220;16/11/2022;2022-11-16;generico
MALEATO DE DEXCLORFENIRAMINA;EMS S/A;57.507.378/0003-65;4943809227;16/11/2022;2022-11-16;generico
maleato de dexclorfeniramina;EMS S/A;57.507.378/0003-65;4943840221;16/11/2022;2022-11-16;generico
olmesartana medoxomila+hidroclorotiazida;EMS S/A;57.507.378/0003-65;4943659225;16/11/2022;2022-11-16;generico
olmesartana medoxomila+hidroclorotiazida;LEGRAND PHARMA INDÚSTRIA FARMACÊUTICA LTDA;5044984000126;4943522220;16/11/2022;2022-11-16;generico
BENEGRIP MULTI FEBRE E DOR;COSMED INDUSTRIA DE COSMETICOS E MEDICAMENTOS S.A.;61.082.426/0002-07;4944663226;16/11/2022;2022-11-16;similar
maleato de dexclorfeniramina;LEGRAND PHARMA INDÚSTRIA FARMACÊUTICA LTDA;5044984000126;4943505228;16/11/2022;2022-11-16;generico
dicloridrato de flunarizina;VITAMEDIC INDUSTRIA FARMACEUTICA LTDA;30.222.814/0001-31;4943731228;16/11/2022;2022-11-16;generico
IBUPROFENO;PRATI DONADUZZI & CIA LTDA;73.856.593/0001-66;4944603223;16/11/2022;2022-11-16;generico
CETOPROFENO;Aché Laboratórios Farmacêuticos S.A;60.659.463/0029-92;4941089227;16/11/2022;2022-11-16;generico
hidroxiureia;BLAU FARMACÊUTICA S.A.;58.430.828/0001-60;4944407220;16/11/2022;2022-11-16;generico
cetoprofeno;EUROFARMA LABORATÓRIOS S.A.;61.190.096/0001-92;4940841227;16/11/2022;2022-11-16;generico
BEXAI;EMS S/A;57.507.378/0003-65;4945017221;16/11/2022;2022-11-16;novo
BICERTO;EUROFARMA LABORATÓRIOS S.A.;61.190.096/0001-92;4940900223;16/11/2022;2022-11-16;similar
IBUPROFENO;NOVA QUIMICA FARMACÊUTICA S/A;72.593.791/0001-11;4944569220;16/11/2022;2022-11-16;generico
MALEATO DE DEXCLORFENIRAMINA;GERMED FARMACEUTICA LTDA;45.992.062/0001-65;4943541224;16/11/2022;2022-11-16;generico
maleato de dexclorfeniramina;GERMED FARMACEUTICA LTDA;45.992.062/0001-65;4943517226;16/11/2022;2022-11-16;generico
olmesartana medoxomila;EMS S/A;57.507.378/0003-65;4943631223;16/11/2022;2022-11-16;generico
BROMETO DE IPRATRÓPIO;LABORATÓRIO GLOBO SA;17.115.437/0001-73;4944560222;16/11/2022;2022-11-16;generico
METRONIDAZOL;PRATI DONADUZZI & CIA LTDA;73.856.593/0001-66;4944718225;16/11/2022;2022-11-16;generico
CLORIDRATO DE MEMANTINA;EUROFARMA LABORATÓRIOS S.A.;61.190.096/0001-92;4942575222;16/11/2022;2022-11-16;generico
maleato de dexclorfeniramina;EMS S/A;57.507.378/0003-65;4943862225;16/11/2022;2022-11-16;generico
olmesartana medoxomila;GERMED FARMACEUTICA LTDA;45.992.062/0001-65;4943562221;16/11/2022;2022-11-16;generico
PENTOXIFILINA;EMS S/A;57.507.378/0003-65;4943577229;16/11/2022;2022-11-16;generico
maleato de trimebutina;EMS S/A;57.507.378/0003-65;4943686222;16/11/2022;2022-11-16;generico
maleato de trimebutina;GERMED FARMACEUTICA LTDA;45.992.062/0001-65;4943551220;16/11/2022;2022-11-16;generico
maleato de trimebutina;LEGRAND PHARMA INDÚSTRIA FARMACÊUTICA LTDA;5044984000126;4943503225;16/11/2022;2022-11-16;generico
ALGIE;EUROFARMA LABORATÓRIOS S.A.;61.190.096/0001-92;4940834221;16/11/2022;2022-11-16;similar
olmesartana medoxomila;LEGRAND PHARMA INDÚSTRIA FARMACÊUTICA LTDA;5044984000126;4943518222;16/11/2022;2022-11-16;generico
naproxeno sódico;GERMED FARMACEUTICA LTDA;45.992.062/0001-65;4943511228;16/11/2022;2022-11-16;generico
pentoxifilina;GERMED FARMACEUTICA LTDA;45.992.062/0001-65;4943586228;16/11/2022;2022-11-16;generico
RIVNEO;BRAINFARMA INDÚSTRIA QUÍMICA E FARMACÊUTICA S.A;5161069000110;4950083228;17/11/2022;2022-11-17;similar
daptomicina;EUROFARMA LABORATÓRIOS S.A.;61.190.096/0001-92;4949948229;17/11/2022;2022-11-17;generico
LIFOS;BLAU FARMACÊUTICA S.A.;58.430.828/0001-60;4952215229;17/11/2022;2022-11-17;similar
VABAM;COSMED INDUSTRIA DE COSMETICOS E MEDICAMENTOS S.A.;61.082.426/0002-07;4949897225;17/11/2022;2022-11-17;similar
LOXONIN;DAIICHI SANKYO BRASIL FARMACÊUTICA LTDA;60.874.187/0001-84;4945780226;17/11/2022;2022-11-17;novo
CLORIDRATO DE CIPROFLOXACINO;SANDOZ DO BRASIL INDÚSTRIA FARMACÊUTICA LTDA;61.286.647/0001-16;4948950220;17/11/2022;2022-11-17;generico
ALPRAZOLAM;EUROFARMA LABORATÓRIOS S.A.;61.190.096/0001-92;4949104225;17/11/2022;2022-11-17;generico
ONCILEG-A;LEGRAND PHARMA INDÚSTRIA FARMACÊUTICA LTDA;5044984000126;4949405225;17/11/2022;2022-11-17;similar
cloridrato de dexmedetomidina;ANTIBIÓTICOS DO BRASIL LTDA;5439635000103;4949676229;17/11/2022;2022-11-17;generico
acetonida de triancinolona;EMS S/A;57.507.378/0003-65;4949894226;17/11/2022;2022-11-17;generico
IBULIV;EMS S/A;57.507.378/0003-65;4949481223;17/11/2022;2022-11-17;similar
COLIAFT;EMS S/A;57.507.378/0003-65;4949648225;17/11/2022;2022-11-17;similar
PROMPT;CRISTÁLIA PRODUTOS QUÍMICOS FARMACÊUTICOS LTDA.;44.734.671/0001-51;4952090221;17/11/2022;2022-11-17;similar
HYPOZAM;HYPOFARMA - INSTITUTO DE HYPODERMIA E FARMÁCIA LTDA;17.174.657/0001-78;4956695225;18/11/2022;2022-11-18;similar
FOLINATO DE CALCIO;EUROFARMA LABORATÓRIOS S.A.;61.190.096/0001-92;4956520221;18/11/2022;2022-11-18;generico
CLORIDRATO DE TANSULOSINA;GEOLAB INDÚSTRIA FARMACÊUTICA S/A;3485572000104;4956125224;18/11/2022;2022-11-18;generico
amoxicilina + clavulanato de potássio;UNIÃO QUÍMICA FARMACÊUTICA NACIONAL S/A;60.665.981/0001-18;4955598226;18/11/2022;2022-11-18;generico
AVODART;GLAXOSMITHKLINE BRASIL LTDA;33.247.743/0001-10;4956917228;18/11/2022;2022-11-18;novo
LERGIDRIN;LABORATÓRIO GLOBO SA;17.115.437/0001-73;4957518220;18/11/2022;2022-11-18;similar
ADEFORTE;LABORATÓRIO GROSS S. A.;33.145.194/0001-72;4956605226;18/11/2022;2022-11-18;especifico
cloridrato de donepezila;DR. REDDYS FARMACÊUTICA DO BRASIL LTDA;3978166000175;4957110221;18/11/2022;2022-11-18;generico
BUPROVIL;MULTILAB INDUSTRIA E COMERCIO DE PRODUTOS FARMACEUTICOS LTDA;92.265.552/0009-05;4956311222;18/11/2022;2022-11-18;similar
CYCLOFLUOR;Cyclopet Radiofarmacos ltda;9225881000113;4963459221;21/11/2022;2022-11-21;radiofarmaco
Acitretina;GLENMARK FARMACÊUTICA LTDA;44.363.661/0001-57;4962553224;21/11/2022;2022-11-21;generico
DIOHESP;LABORATÓRIO GLOBO SA;17.115.437/0001-73;4963210223;21/11/2022;2022-11-21;especifico
ATURGYL;COSMED INDUSTRIA DE COSMETICOS E MEDICAMENTOS S.A.;61.082.426/0002-07;4964472221;21/11/2022;2022-11-21;novo
REHIDRAZOL;LABORATÓRIO GLOBO SA;17.115.437/0001-73;4963232227;21/11/2022;2022-11-21;especifico
ATENSINA;Mawdsleys Pharmaceuticals do Brasil Ltda;19.501.429/0001-90;4962296221;21/11/2022;2022-11-21;novo
TRIPLOA;SUPERA FARMA LABORATÓRIOS S.A;43.312.503/0001-05;4962352229;21/11/2022;2022-11-21;similar
KLEV;Aché Laboratórios Farmacêuticos S.A;60.659.463/0029-92;4963282224;21/11/2022;2022-11-21;similar
TIOCONAZOL + TINIDAZOL;LABORATÓRIO GLOBO SA;17.115.437/0001-73;4963167221;21/11/2022;2022-11-21;generico
ALENDRONATO DE SODIO;Aché Laboratórios Farmacêuticos S.A;60.659.463/0029-92;4959349221;21/11/2022;2022-11-21;generico
ISON;UNIÃO QUÍMICA FARMACÊUTICA NACIONAL S/A;60.665.981/0001-18;4961449229;21/11/2022;2022-11-21;similar
HEXOMEDINE;COSMED INDUSTRIA DE COSMETICOS E MEDICAMENTOS S.A.;61.082.426/0002-07;4963926229;21/11/2022;2022-11-21;novo
GLICOSE MONOIDRATADA;EUROFARMA LABORATÓRIOS S.A.;61.190.096/0001-92;4963479222;21/11/2022;2022-11-21;especifico
PICOPREP;LABORATÓRIOS FERRING LTDA;74.232.034/0001-48;4963524228;21/11/2022;2022-11-21;novo
topiramato;VITAMEDIC INDUSTRIA FARMACEUTICA LTDA;30.222.814/0001-31;4967963226;22/11/2022;2022-11-22;generico
CARVEDILOL;Aché Laboratórios Farmacêuticos S.A;60.659.463/0029-92;4968977221;22/11/2022;2022-11-22;generico
cloridrato de ciprofloxacino;NOVARTIS BIOCIENCIAS S.A;56.994.502/0001-30;4968645228;22/11/2022;2022-11-22;generico
IPSILON;ZYDUS NIKKHO FARMACÊUTICA LTDA;5254971000181;4968944225;22/11/2022;2022-11-22;novo
ciprofibrato;LABORATÓRIO GLOBO SA;17.115.437/0001-73;4968594224;22/11/2022;2022-11-22;generico
NIENZA;Aché Laboratórios Farmacêuticos S.A;60.659.463/0029-92;4969049220;22/11/2022;2022-11-22;similar
XANTINON COMPLEX;UNIÃO QUÍMICA FARMACÊUTICA NACIONAL S/A;60.665.981/0001-18;4964775224;22/11/2022;2022-11-22;especifico
FLUCISTEIN;UNIÃO QUÍMICA FARMACÊUTICA NACIONAL S/A;60.665.981/0001-18;4964966224;22/11/2022;2022-11-22;similar
tenoxicam;BRAINFARMA INDÚSTRIA QUÍMICA E FARMACÊUTICA S.A;5161069000110;4964972224;22/11/2022;2022-11-22;generico
SOCIAN;SANOFI MEDLEY FARMACÊUTICA LTDA.;10.588.595/0010-92;4967902227;22/11/2022;2022-11-22;novo
LIPFITE;LABORATÓRIO GLOBO SA;17.115.437/0001-73;4968516223;22/11/2022;2022-11-22;similar
PROFLAM;EUROFARMA LABORATÓRIOS S.A.;61.190.096/0001-92;4969052221;22/11/2022;2022-11-22;similar
NARAMIG;GLAXOSMITHKLINE BRASIL LTDA;33.247.743/0001-10;4964567222;22/11/2022;2022-11-22;novo
Azitromicina di-hidratada;Aché Laboratórios Farmacêuticos S.A;60.659.463/0029-92;4969163227;22/11/2022;2022-11-22;generico
Empliciti;BRISTOL-MYERS SQUIBB FARMACÊUTICA LTDA;56.998.982/0001-07;4969188220;22/11/2022;2022-11-22;biologico
ZONOVATE;NOVO NORDISK FARMACÊUTICA DO BRASIL LTDA;82.277.955/0001-55;4974380222;23/11/2022;2022-11-23;biologico
COLEDUE R;COSMED INDUSTRIA DE COSMETICOS E MEDICAMENTOS S.A.;61.082.426/0002-07;4970095221;23/11/2022;2022-11-23;novo
VEKLURY®;GILEAD SCIENCES FARMACEUTICA DO BRASIL LTDA;15.670.288/0001-89;4974905228;23/11/2022;2022-11-23;novo
TIVICAY;GLAXOSMITHKLINE BRASIL LTDA;33.247.743/0001-10;4974242229;23/11/2022;2022-11-23;novo
BIOVIR;GLAXOSMITHKLINE BRASIL LTDA;33.247.743/0001-10;4974179225;23/11/2022;2022-11-23;novo
maleato de dexclorfeniramina + betametasona;CIMED INDUSTRIA S.A;2814497000107;4973977225;23/11/2022;2022-11-23;generico
EPIVIR;GLAXOSMITHKLINE BRASIL LTDA;33.247.743/0001-10;4974218221;23/11/2022;2022-11-23;novo
DACXI;BIOLAB SANUS FARMACÊUTICA LTDA;49.475.833/0001-06;4974114221;23/11/2022;2022-11-23;similar
AMOXICILINA+CLAVULANATO DE POTASSIO;PRATI DONADUZZI & CIA LTDA;73.856.593/0001-66;4977367227;24/11/2022;2022-11-24;generico
SANDIMMUN/SANDIMMUN NEORAL;NOVARTIS BIOCIENCIAS S.A;56.994.502/0001-30;4975573229;24/11/2022;2022-11-24;novo
KEFADIM;ANTIBIÓTICOS DO BRASIL LTDA;5439635000103;4975556227;24/11/2022;2022-11-24;similar
cloridrato de fluoxetina;LABORATÓRIO GLOBO SA;17.115.437/0001-73;4978599229;24/11/2022;2022-11-24;generico
Vacina sarampo, caxumba, rubéola e varicela (atenuada);FUNDAÇÃO OSWALDO CRUZ;33.781.055/0001-35;4977709225;24/11/2022;2022-11-24;biologico
CERVARIX;GLAXOSMITHKLINE BRASIL LTDA;33.247.743/0001-10;4978066221;24/11/2022;2022-11-24;biologico
PENTAXIM;SANOFI MEDLEY FARMACÊUTICA LTDA.;10.588.595/0010-92;4975648229;24/11/2022;2022-11-24;biologico
Onpattro;SPECIALTY PHARMA GOIAS LTDA;31.731.807/0001-28;4975435225;24/11/2022;2022-11-24;novo
TRANSAMIN;ZYDUS NIKKHO FARMACÊUTICA LTDA;5254971000181;4979007228;24/11/2022;2022-11-24;novo
cetoconazol + dipropionato de betametasona + sulfato de neomicina;MULTILAB INDUSTRIA E COMERCIO DE PRODUTOS FARMACEUTICOS LTDA;92.265.552/0009-05;4982513228;25/11/2022;2022-11-25;generico
soro antibotrópico-laquético;INSTITUTO BUTANTAN;61.821.344/0001-56;4983412221;25/11/2022;2022-11-25;biologico
dipirona monoidratada;MULTILAB INDUSTRIA E COMERCIO DE PRODUTOS FARMACEUTICOS LTDA;92.265.552/0009-05;4982765227;25/11/2022;2022-11-25;generico
Soro Anticrotálico;INSTITUTO BUTANTAN;61.821.344/0001-56;4983431225;25/11/2022;2022-11-25;biologico
metronidazol;MULTILAB INDUSTRIA E COMERCIO DE PRODUTOS FARMACEUTICOS LTDA;92.265.552/0009-05;4983260226;25/11/2022;2022-11-25;generico
DICLAC;SANDOZ DO BRASIL INDÚSTRIA FARMACÊUTICA LTDA;61.286.647/0001-16;4982959226;25/11/2022;2022-11-25;similar
Soro Antielapídico;INSTITUTO BUTANTAN;61.821.344/0001-56;4983466223;25/11/2022;2022-11-25;biologico
DIGESIGMA GOTAS;MULTILAB INDUSTRIA E COMERCIO DE PRODUTOS FARMACEUTICOS LTDA;92.265.552/0009-05;4982689229;25/11/2022;2022-11-25;similar
amoxicilina;MULTILAB INDUSTRIA E COMERCIO DE PRODUTOS FARMACEUTICOS LTDA;92.265.552/0009-05;4982084220;25/11/2022;2022-11-25;generico
cloridrato de fexofenadina;MULTILAB INDUSTRIA E COMERCIO DE PRODUTOS FARMACEUTICOS LTDA;92.265.552/0009-05;4982496226;25/11/2022;2022-11-25;generico
alprazolam;MULTILAB INDUSTRIA E COMERCIO DE PRODUTOS FARMACEUTICOS LTDA;92.265.552/0009-05;4982030227;25/11/2022;2022-11-25;generico
PENVIR LÁBIA;EMS SIGMA PHARMA LTDA;923140000131;4982975221;25/11/2022;2022-11-25;similar
BROMIDRATO DE GALANTAMINA;MULTILAB INDUSTRIA E COMERCIO DE PRODUTOS FARMACEUTICOS LTDA;92.265.552/0009-05;4982336229;25/11/2022;2022-11-25;generico
linezolida;DR. REDDYS FARMACÊUTICA DO BRASIL LTDA;3978166000175;4982270228;25/11/2022;2022-11-25;generico
hemifumarato de quetiapina;BRAINFARMA INDÚSTRIA QUÍMICA E FARMACÊUTICA S.A;5161069000110;4982387222;25/11/2022;2022-11-25;generico
CANDERM;LEGRAND PHARMA INDÚSTRIA FARMACÊUTICA LTDA;5044984000126;4983205225;25/11/2022;2022-11-25;similar
CLORPROMAZ;UNIÃO QUÍMICA FARMACÊUTICA NACIONAL S/A;60.665.981/0001-18;4981234228;25/11/2022;2022-11-25;similar
bissulfato de clopidogrel;MULTILAB INDUSTRIA E COMERCIO DE PRODUTOS FARMACEUTICOS LTDA;92.265.552/0009-05;4982300224;25/11/2022;2022-11-25;generico
XOLAIR;NOVARTIS BIOCIENCIAS S.A;56.994.502/0001-30;4983174222;25/11/2022;2022-11-25;biologico
Cbequim;MULTILAB INDUSTRIA E COMERCIO DE PRODUTOS FARMACEUTICOS LTDA;92.265.552/0009-05;4982403228;25/11/2022;2022-11-25;similar
CETOCONAZOL + DIPROPIONATO DE BETAMETASONA;MULTILAB INDUSTRIA E COMERCIO DE PRODUTOS FARMACEUTICOS LTDA;92.265.552/0009-05;4982504229;25/11/2022;2022-11-25;generico
succinato de desvenlafaxina monoidratado;BRAINFARMA INDÚSTRIA QUÍMICA E FARMACÊUTICA S.A;5161069000110;4979595227;25/11/2022;2022-11-25;generico
cabergolina;MULTILAB INDUSTRIA E COMERCIO DE PRODUTOS FARMACEUTICOS LTDA;92.265.552/0009-05;4982351228;25/11/2022;2022-11-25;generico
PIQRAY;NOVARTIS BIOCIENCIAS S.A;56.994.502/0001-30;4983267221;25/11/2022;2022-11-25;novo
BIMATOPROSTA;MULTILAB INDUSTRIA E COMERCIO DE PRODUTOS FARMACEUTICOS LTDA;92.265.552/0009-05;4982245223;25/11/2022;2022-11-25;generico
ácido fusídico + valerato de betametasona;MULTILAB INDUSTRIA E COMERCIO DE PRODUTOS FARMACEUTICOS LTDA;92.265.552/0009-05;4981983221;25/11/2022;2022-11-25;generico
CETOCONAZOL + DIPROPIONATO DE BETAMETASONA;MULTILAB INDUSTRIA E COMERCIO DE PRODUTOS FARMACEUTICOS LTDA;92.265.552/0009-05;4982408220;25/11/2022;2022-11-25;generico
besilato de anlodipino;MULTILAB INDUSTRIA E COMERCIO DE PRODUTOS FARMACEUTICOS LTDA;92.265.552/0009-05;4982371229;25/11/2022;2022-11-25;generico
cloridrato de ambroxol;PRATI DONADUZZI & CIA LTDA;73.856.593/0001-66;4979710221;25/11/2022;2022-11-25;generico
cloridrato de donepezila;MULTILAB INDUSTRIA E COMERCIO DE PRODUTOS FARMACEUTICOS LTDA;92.265.552/0009-05;4982481229;25/11/2022;2022-11-25;generico
dipirona monoidratada;MULTILAB INDUSTRIA E COMERCIO DE PRODUTOS FARMACEUTICOS LTDA;92.265.552/0009-05;4982695229;25/11/2022;2022-11-25;generico
CLORIDRATO DE BUPROPIONA;MULTILAB INDUSTRIA E COMERCIO DE PRODUTOS FARMACEUTICOS LTDA;92.265.552/0009-05;4982466220;25/11/2022;2022-11-25;generico
AZOPT;NOVARTIS BIOCIENCIAS S.A;56.994.502/0001-30;4984345225;27/11/2022;2022-11-27;novo
MYLVESTON;MYLAN LABORATORIOS LTDA;11.643.096/0001-22;4986590227;28/11/2022;2022-11-28;generico
CEFALEXINA MONOIDRATADA;MULTILAB INDUSTRIA E COMERCIO DE PRODUTOS FARMACEUTICOS LTDA;92.265.552/0009-05;4988249221;28/11/2022;2022-11-28;generico
CEFALEXINA MONOIDRATADA;EMS S/A;57.507.378/0003-65;4988250229;28/11/2022;2022-11-28;generico
apixabana;ACCORD FARMACÊUTICA LTDA;64.171.697/0001-46;4987562227;28/11/2022;2022-11-28;generico
Amoxicilina + clavulanato de Potássio;CELLERA FARMACÊUTICA S.A.;33.173.097/0002-74;4984842229;28/11/2022;2022-11-28;generico
TRINODAZOL;GEOLAB INDÚSTRIA FARMACÊUTICA S/A;3485572000104;4984702222;28/11/2022;2022-11-28;similar
METRONIDAZOL;BRAINFARMA INDÚSTRIA QUÍMICA E FARMACÊUTICA S.A;5161069000110;4984437227;28/11/2022;2022-11-28;generico
METRONIDAZOL;BRAINFARMA INDÚSTRIA QUÍMICA E FARMACÊUTICA S.A;5161069000110;4984452226;28/11/2022;2022-11-28;generico
NEOMETRODAZOL;BRAINFARMA INDÚSTRIA QUÍMICA E FARMACÊUTICA S.A;5161069000110;4984490225;28/11/2022;2022-11-28;similar
amoxicilina + clavulanato de potássio;CELLERA FARMACÊUTICA S.A.;33.173.097/0002-74;4984907223;28/11/2022;2022-11-28;generico
cloridrato de bendamustina;TEVA FARMACÊUTICA LTDA.;5333542000108;4988756220;28/11/2022;2022-11-28;generico
cefalexina;LEGRAND PHARMA INDÚSTRIA FARMACÊUTICA LTDA;5044984000126;4988265226;28/11/2022;2022-11-28;generico
METRONIDAZOL;GEOLAB INDÚSTRIA FARMACÊUTICA S/A;3485572000104;4984733225;28/11/2022;2022-11-28;generico
NESH FERRO;NUNESFARMA DISTRIBUIDORA DE PRODUTOS FARMACÊUTICOS LTDA;75.014.167/0001-00;4986542222;28/11/2022;2022-11-28;especifico
AZORGA;NOVARTIS BIOCIENCIAS S.A;56.994.502/0001-30;4988810224;28/11/2022;2022-11-28;novo
BENALQ;TEVA FARMACÊUTICA LTDA.;5333542000108;4988798224;28/11/2022;2022-11-28;similar
IMPERE;EMS S/A;57.507.378/0003-65;4992090222;29/11/2022;2022-11-29;similar
URGISIN;LEGRAND PHARMA INDÚSTRIA FARMACÊUTICA LTDA;5044984000126;4992137229;29/11/2022;2022-11-29;similar
OSTEOBLOCK;GERMED FARMACEUTICA LTDA;45.992.062/0001-65;4991779227;29/11/2022;2022-11-29;similar
MALEATO DE ENALAPRIL;MULTILAB INDUSTRIA E COMERCIO DE PRODUTOS FARMACEUTICOS LTDA;92.265.552/0009-05;4988963225;29/11/2022;2022-11-29;generico
RISEDROSS;EMS S/A;57.507.378/0003-65;4992108229;29/11/2022;2022-11-29;similar
RISONATO;EMS S/A;57.507.378/0003-65;4992053220;29/11/2022;2022-11-29;similar
NITRAZEPAM (PORT 344/98 LISTA B1);GERMED FARMACEUTICA LTDA;45.992.062/0001-65;4991710227;29/11/2022;2022-11-29;generico
SONEBON;EMS SIGMA PHARMA LTDA;923140000131;4991918227;29/11/2022;2022-11-29;similar
RISEDRONEL;LEGRAND PHARMA INDÚSTRIA FARMACÊUTICA LTDA;5044984000126;4992179223;29/11/2022;2022-11-29;similar
baclofeno;LABORATÓRIO TEUTO BRASILEIRO S/A;17.159.229/0001-76;4991048222;29/11/2022;2022-11-29;generico
paracetamol;MULTILAB INDUSTRIA E COMERCIO DE PRODUTOS FARMACEUTICOS LTDA;92.265.552/0009-05;4988981223;29/11/2022;2022-11-29;generico
BACLOFEN;LABORATÓRIO TEUTO BRASILEIRO S/A;17.159.229/0001-76;4989372221;29/11/2022;2022-11-29;similar
domperidona;MULTILAB INDUSTRIA E COMERCIO DE PRODUTOS FARMACEUTICOS LTDA;92.265.552/0009-05;4989005228;29/11/2022;2022-11-29;generico
apixabana;SANOFI MEDLEY FARMACÊUTICA LTDA.;10.588.595/0010-92;4990854225;29/11/2022;2022-11-29;generico
NEOCOPAN COMPOSTO;UNIÃO QUÍMICA FARMACÊUTICA NACIONAL S/A;60.665.981/0001-18;4991654220;29/11/2022;2022-11-29;similar
lansoprazol;MULTILAB INDUSTRIA E COMERCIO DE PRODUTOS FARMACEUTICOS LTDA;92.265.552/0009-05;4988961222;29/11/2022;2022-11-29;generico
LEXIN;LABORATÓRIO TEUTO BRASILEIRO S/A;17.159.229/0001-76;4989286227;29/11/2022;2022-11-29;similar
ESCILEX;EMS SIGMA PHARMA LTDA;923140000131;4992234224;29/11/2022;2022-11-29;similar
M-M-R II;MERCK SHARP & DOHME FARMACEUTICA LTDA.;3560974000118;4992152228;29/11/2022;2022-11-29;novo
ESOP;MULTILAB INDUSTRIA E COMERCIO DE PRODUTOS FARMACEUTICOS LTDA;92.265.552/0009-05;4988960226;29/11/2022;2022-11-29;similar
mirtazapina;MULTILAB INDUSTRIA E COMERCIO DE PRODUTOS FARMACEUTICOS LTDA;92.265.552/0009-05;4988968227;29/11/2022;2022-11-29;generico
fosfato sódico de prednisolona;LABORATÓRIO GLOBO SA;17.115.437/0001-73;4991024226;29/11/2022;2022-11-29;generico
NORADOP;MULTILAB INDUSTRIA E COMERCIO DE PRODUTOS FARMACEUTICOS LTDA;92.265.552/0009-05;4990899229;29/11/2022;2022-11-29;similar
succinato de solifenacina;LEGRAND PHARMA INDÚSTRIA FARMACÊUTICA LTDA;5044984000126;4992128220;29/11/2022;2022-11-29;generico
finasterida;MULTILAB INDUSTRIA E COMERCIO DE PRODUTOS FARMACEUTICOS LTDA;92.265.552/0009-05;4988844226;29/11/2022;2022-11-29;generico
PREDSIGMA;MULTILAB INDUSTRIA E COMERCIO DE PRODUTOS FARMACEUTICOS LTDA;92.265.552/0009-05;4988988228;29/11/2022;2022-11-29;similar
hemifumarato de quetiapina;GEOLAB INDÚSTRIA FARMACÊUTICA S/A;3485572000104;4992488226;29/11/2022;2022-11-29;generico
CEFALEXINA;GERMED FARMACEUTICA LTDA;45.992.062/0001-65;4991771226;29/11/2022;2022-11-29;generico
succinato de solifenacina;EMS S/A;57.507.378/0003-65;4992113222;29/11/2022;2022-11-29;generico
CARVEDILOL;ACCORD FARMACÊUTICA LTDA;64.171.697/0001-46;4992380221;29/11/2022;2022-11-29;generico
BONECAL D;EMS SIGMA PHARMA LTDA;923140000131;4991147221;29/11/2022;2022-11-29;especifico
bissulfato de clopidogrel;ACCORD FARMACÊUTICA LTDA;64.171.697/0001-46;4989397223;29/11/2022;2022-11-29;generico
succinato de solifenacina;GERMED FARMACEUTICA LTDA;45.992.062/0001-65;4991821223;29/11/2022;2022-11-29;generico
SOLLEVARE;EMS S/A;57.507.378/0003-65;4995215221;30/11/2022;2022-11-30;similar
LISTO;BIOLAB SANUS FARMACÊUTICA LTDA;49.475.833/0001-06;4996195223;30/11/2022;2022-11-30;similar
VAQTA;MERCK SHARP & DOHME FARMACEUTICA LTDA.;3560974000118;4995453229;30/11/2022;2022-11-30;novo
cloridrato de ciprofloxacino;MULTILAB INDUSTRIA E COMERCIO DE PRODUTOS FARMACEUTICOS LTDA;92.265.552/0009-05;4995925228;30/11/2022;2022-11-30;generico
cloridrato de ciprofloxacino;EMS S/A;57.507.378/0003-65;4996183225;30/11/2022;2022-11-30;generico
DEXALGEN;EUROFARMA LABORATÓRIOS S.A.;61.190.096/0001-92;4996449225;30/11/2022;2022-11-30;similar
vacina covid-19 (recombinante);JANSSEN-CILAG FARMACÊUTICA LTDA;51.780.468/0001-87;4995771221;30/11/2022;2022-11-30;biologico
VONAU;BIOLAB SANUS FARMACÊUTICA LTDA;49.475.833/0001-06;4996129221;30/11/2022;2022-11-30;novo
DELABAXI;EUROFARMA LABORATÓRIOS S.A.;61.190.096/0001-92;4995230220;30/11/2022;2022-11-30;novo
diclofenaco sodico;EMS S/A;57.507.378/0003-65;4995701222;30/11/2022;2022-11-30;generico
Mekinist;NOVARTIS BIOCIENCIAS S.A;56.994.502/0001-30;4995441221;30/11/2022;2022-11-30;novo
Amoxicilina + Clavulanato de Potássio;LEGRAND PHARMA INDÚSTRIA FARMACÊUTICA LTDA;5044984000126;4996716223;30/11/2022;2022-11-30;generico
ESC;EUROFARMA LABORATÓRIOS S.A.;61.190.096/0001-92;4995069224;30/11/2022;2022-11-30;similar
SIGMA-CLAV BD;EMS SIGMA PHARMA LTDA;923140000131;4996664223;30/11/2022;2022-11-30;similar
citrato de sildenafila;LEGRAND PHARMA INDÚSTRIA FARMACÊUTICA LTDA;5044984000126;4994966222;30/11/2022;2022-11-30;generico
amoxicilina + clavulanato de Potássio;GERMED FARMACEUTICA LTDA;45.992.062/0001-65;4996691221;30/11/2022;2022-11-30;generico
LIBTAYO;SANOFI MEDLEY FARMACÊUTICA LTDA.;10.588.595/0010-92;4996095229;30/11/2022;2022-11-30;biologico
DICLOFENACO SÓDICO;GERMED FARMACEUTICA LTDA;45.992.062/0001-65;4995281223;30/11/2022;2022-11-30;generico
citrato de sildenafila;EMS SIGMA PHARMA LTDA;923140000131;4995145222;30/11/2022;2022-11-30;generico
diclofenaco sódico;GERMED FARMACEUTICA LTDA;45.992.062/0001-65;4995183221;30/11/2022;2022-11-30;generico
DICLOFENACO SÓDICO;EMS S/A;57.507.378/0003-65;4994863229;30/11/2022;2022-11-30;generico
cloridrato de ondansetrona;BIOLAB SANUS FARMACÊUTICA LTDA;49.475.833/0001-06;4996235225;30/11/2022;2022-11-30;generico
DIUPRESS;EUROFARMA LABORATÓRIOS S.A.;61.190.096/0001-92;4996589221;30/11/2022;2022-11-30;novo
Tafinlar;NOVARTIS BIOCIENCIAS S.A;56.994.502/0001-30;4995600221;30/11/2022;2022-11-30;novo
mirtazapina;CIMED INDUSTRIA S.A;2814497000107;4994298220;30/11/2022;2022-11-30;generico
AH-ZUL;LEGRAND PHARMA INDÚSTRIA FARMACÊUTICA LTDA;5044984000126;4994835225;30/11/2022;2022-11-30;similar
cloridrato de ciprofloxacino;LEGRAND PHARMA INDÚSTRIA FARMACÊUTICA LTDA;5044984000126;4996309229;30/11/2022;2022-11-30;generico
azitromicina;CIMED INDUSTRIA S.A;2814497000107;4996597224;30/11/2022;2022-11-30;generico
OLANZAPINA;GEOLAB INDÚSTRIA FARMACÊUTICA S/A;3485572000104;4996867221;30/11/2022;2022-11-30;generico
citrato de sildenafila;EMS S/A;57.507.378/0003-65;4995087222;30/11/2022;2022-11-30;generico
DIOVAN AMLO FIX;NOVARTIS BIOCIENCIAS S.A;56.994.502/0001-30;4995696229;30/11/2022;2022-11-30;novo
CICLATRY;MULTILAB INDUSTRIA E COMERCIO DE PRODUTOS FARMACEUTICOS LTDA;92.265.552/0009-05;4996395222;30/11/2022;2022-11-30;similar
PROFLOX;EMS SIGMA PHARMA LTDA;923140000131;4995823221;30/11/2022;2022-11-30;similar
AD FURP;FUNDAÇÃO PARA O REMÉDIO POPULAR - FURP;43.640.754/0001-19;4996755229;30/11/2022;2022-11-30;especifico
CLORIDRATO DE SOTALOL;MERCK S/A;33.069.212/0001-84;4995579222;30/11/2022;2022-11-30;generico
cloridrato de ciprofloxacino;GERMED FARMACEUTICA LTDA;45.992.062/0001-65;4996021225;30/11/2022;2022-11-30;generico
SOMAFLEX AP;EMS SIGMA PHARMA LTDA;923140000131;4995252223;30/11/2022;2022-11-30;similar
Amoxicilina + Clavulanato de Potássio;EMS S/A;57.507.378/0003-65;4996564229;30/11/2022;2022-11-30;generico
citrato de sildenafila;GERMED FARMACEUTICA LTDA;45.992.062/0001-65;4995021221;30/11/2022;2022-11-30;generico
POLICLAVUMOXIL BD;EMS S/A;57.507.378/0003-65;4996624221;30/11/2022;2022-11-30;similar
azitromicina di-hidratada;LABORATÓRIO TEUTO BRASILEIRO S/A;17.159.229/0001-76;5005943226;01/12/2022;2022-12-01;generico
cetoprofeno;UNIÃO QUÍMICA FARMACÊUTICA NACIONAL S/A;60.665.981/0001-18;5000633229;01/12/2022;2022-12-01;generico
DEXAMEX;VITAMEDIC INDUSTRIA FARMACEUTICA LTDA;30.222.814/0001-31;5005002227;01/12/2022;2022-12-01;similar
CETOFENID;LABORATÓRIO TEUTO BRASILEIRO S/A;17.159.229/0001-76;5000681223;01/12/2022;2022-12-01;similar
CETOPROFENO;LABORATÓRIO TEUTO BRASILEIRO S/A;17.159.229/0001-76;5000946227;01/12/2022;2022-12-01;generico
LANVIS;ASPEN PHARMA INDÚSTRIA FARMACÊUTICA LTDA;2433631000120;4997506222;01/12/2022;2022-12-01;novo
cetoconazol+dipropionato de betametasona;LABORATÓRIO GLOBO SA;17.115.437/0001-73;5000722221;01/12/2022;2022-12-01;generico
AZITROMICINA DIIDRATADA;GEOLAB INDÚSTRIA FARMACÊUTICA S/A;3485572000104;5006003227;01/12/2022;2022-12-01;generico
CASTANHA DA INDIA GLOBO;LABORATÓRIO GLOBO SA;17.115.437/0001-73;4998358227;01/12/2022;2022-12-01;fitoterapico
Lorbrena;PFIZER BRASIL LTDA;61.072.393/0001-33;4997763225;01/12/2022;2022-12-01;novo
TEUTRAZI;LABORATÓRIO TEUTO BRASILEIRO S/A;17.159.229/0001-76;5005190228;01/12/2022;2022-12-01;similar
DEXADOR;Arese Pharma Ltda;7670111000154;5006009225;01/12/2022;2022-12-01;similar
AZITROMICINA;LABORATÓRIO TEUTO BRASILEIRO S/A;17.159.229/0001-76;5005196226;01/12/2022;2022-12-01;generico
azitromicina di-hidratada;BRAINFARMA INDÚSTRIA QUÍMICA E FARMACÊUTICA S.A;5161069000110;5006405228;01/12/2022;2022-12-01;generico
pantoprazol sódico sesqui-hidratado;EUROFARMA LABORATÓRIOS S.A.;61.190.096/0001-92;5006011220;01/12/2022;2022-12-01;generico
CIPROCILIN;LEGRAND PHARMA INDÚSTRIA FARMACÊUTICA LTDA;5044984000126;5001866227;01/12/2022;2022-12-01;similar
ANDRIODERMOL;UNIÃO QUÍMICA FARMACÊUTICA NACIONAL S/A;60.665.981/0001-18;4997938220;01/12/2022;2022-12-01;similar
captopril;GEOLAB INDÚSTRIA FARMACÊUTICA S/A;3485572000104;4997882224;01/12/2022;2022-12-01;generico
SUCRAFILM;EMS SIGMA PHARMA LTDA;923140000131;5001540224;01/12/2022;2022-12-01;similar
NEVRIX IM;Arese Pharma Ltda;7670111000154;5006547227;01/12/2022;2022-12-01;especifico
ARTRINID;UNIÃO QUÍMICA FARMACÊUTICA NACIONAL S/A;60.665.981/0001-18;4997821225;01/12/2022;2022-12-01;similar
PROSOLIN;LABORATÓRIO GLOBO SA;17.115.437/0001-73;5000672224;01/12/2022;2022-12-01;similar
tiocolchicosídeo;FRESENIUS KABI BRASIL LTDA;49.324.221/0001-04;5005821228;01/12/2022;2022-12-01;generico
ANTARA;EUROFARMA LABORATÓRIOS S.A.;61.190.096/0001-92;5010613221;02/12/2022;2022-12-02;similar
SCAFLOGIN;LABORATÓRIO GLOBO SA;17.115.437/0001-73;5007892220;02/12/2022;2022-12-02;similar
KAVIUM;ZYDUS NIKKHO FARMACÊUTICA LTDA;5254971000181;5011084221;02/12/2022;2022-12-02;similar
PELGRAZ;ACCORD FARMACÊUTICA LTDA;64.171.697/0001-46;5009986221;02/12/2022;2022-12-02;biologico
AROMASIN;PFIZER BRASIL LTDA;61.072.393/0001-33;5010120224;02/12/2022;2022-12-02;novo
SPARK;EUROFARMA LABORATÓRIOS S.A.;61.190.096/0001-92;5011143228;02/12/2022;2022-12-02;similar
BUTILBROMETO DE ESCOPOLAMINA;LABORATÓRIO TEUTO BRASILEIRO S/A;17.159.229/0001-76;5011448223;02/12/2022;2022-12-02;generico
nimesulida;LABORATÓRIO GLOBO SA;17.115.437/0001-73;5008083228;02/12/2022;2022-12-02;generico
VITAMINA D3;EUROFARMA LABORATÓRIOS S.A.;61.190.096/0001-92;5008430220;02/12/2022;2022-12-02;especifico
levetiracetam;EUROFARMA LABORATÓRIOS S.A.;61.190.096/0001-92;5011015220;02/12/2022;2022-12-02;generico
DOSTINEX;PFIZER BRASIL LTDA;61.072.393/0001-33;5011653226;02/12/2022;2022-12-02;novo
URSACOL;ZAMBON LABORATÓRIOS FARMACÊUTICOS LTDA.;61.100.004/0001-36;5010622220;02/12/2022;2022-12-02;novo
cloridrato de tansulosina;EUROFARMA LABORATÓRIOS S.A.;61.190.096/0001-92;5008306227;02/12/2022;2022-12-02;generico
BISALAX;UNIÃO QUÍMICA FARMACÊUTICA NACIONAL S/A;60.665.981/0001-18;5015803222;05/12/2022;2022-12-05;similar
DERMOTIL FUSID;GLENMARK FARMACÊUTICA LTDA;44.363.661/0001-57;5017156224;05/12/2022;2022-12-05;novo
PROFENID PROTECT;SANOFI MEDLEY FARMACÊUTICA LTDA.;10.588.595/0010-92;5015888228;05/12/2022;2022-12-05;novo
succinato de metoprolol;SANOFI MEDLEY FARMACÊUTICA LTDA.;10.588.595/0010-92;5014872221;05/12/2022;2022-12-05;generico
FURP-LAMIVUDINA;FUNDAÇÃO PARA O REMÉDIO POPULAR - FURP;43.640.754/0001-19;5015225229;05/12/2022;2022-12-05;similar
FURP - FENITOINA;FUNDAÇÃO PARA O REMÉDIO POPULAR - FURP;43.640.754/0001-19;5015921225;05/12/2022;2022-12-05;similar
Olmesartana medoxomila;ACCORD FARMACÊUTICA LTDA;64.171.697/0001-46;5015440227;05/12/2022;2022-12-05;generico
cloridrato de remifentanila;CRISTÁLIA PRODUTOS QUÍMICOS FARMACÊUTICOS LTDA.;44.734.671/0001-51;5014700225;05/12/2022;2022-12-05;generico
ADACNE CLIN;GLENMARK FARMACÊUTICA LTDA;44.363.661/0001-57;5017016228;05/12/2022;2022-12-05;novo
AVIV;COSMED INDUSTRIA DE COSMETICOS E MEDICAMENTOS S.A.;61.082.426/0002-07;5020051225;06/12/2022;2022-12-06;similar
ACECLOFENACO;MULTILAB INDUSTRIA E COMERCIO DE PRODUTOS FARMACEUTICOS LTDA;92.265.552/0009-05;5019932221;06/12/2022;2022-12-06;generico
SIMBILEX;Aché Laboratórios Farmacêuticos S.A;60.659.463/0029-92;5017975225;06/12/2022;2022-12-06;similar
BIBAG;FRESENIUS MEDICAL CARE LTDA;1440590000136;5018394226;06/12/2022;2022-12-06;especifico
KEFTRON;ANTIBIÓTICOS DO BRASIL LTDA;5439635000103;5019508225;06/12/2022;2022-12-06;similar
CANESTEN;BAYER S.A.;18.459.628/0001-15;5019676225;06/12/2022;2022-12-06;novo
ACEFLOR;MULTILAB INDUSTRIA E COMERCIO DE PRODUTOS FARMACEUTICOS LTDA;92.265.552/0009-05;5020184225;06/12/2022;2022-12-06;similar
ARARTAN;GEOLAB INDÚSTRIA FARMACÊUTICA S/A;3485572000104;5020211222;06/12/2022;2022-12-06;similar
CAPOX;GEOLAB INDÚSTRIA FARMACÊUTICA S/A;3485572000104;5020321222;06/12/2022;2022-12-06;similar
olanzapina;PHARLAB INDÚSTRIA FARMACÊUTICA S.A.;2501297000102;5020354228;06/12/2022;2022-12-06;generico
OMCILON A;ASPEN PHARMA INDÚSTRIA FARMACÊUTICA LTDA;2433631000120;5018071222;06/12/2022;2022-12-06;novo
GLICAMIN;GEOLAB INDÚSTRIA FARMACÊUTICA S/A;3485572000104;5020491225;06/12/2022;2022-12-06;similar
AMIORON;GEOLAB INDÚSTRIA FARMACÊUTICA S/A;3485572000104;5020167223;06/12/2022;2022-12-06;similar
teicoplanina;ANTIBIÓTICOS DO BRASIL LTDA;5439635000103;5019510220;06/12/2022;2022-12-06;generico
ACHEFLAN;Aché Laboratórios Farmacêuticos S.A;60.659.463/0029-92;5018240229;06/12/2022;2022-12-06;fitoterapico
LAKOS;LIBBS FARMACÊUTICA LTDA;61.230.314/0001-75;5025306221;07/12/2022;2022-12-07;similar
MYCAMINE;ASTELLAS FARMA BRASIL IMPORTAÇÃO E DISTRIBUIÇÃO DE MEDICAMENTOS LTDA.;7768134000104;5023927229;07/12/2022;2022-12-07;novo
PLURAIR;LIBBS FARMACÊUTICA LTDA;61.230.314/0001-75;5025299225;07/12/2022;2022-12-07;similar
Ibuprofeno;BRAINFARMA INDÚSTRIA QUÍMICA E FARMACÊUTICA S.A;5161069000110;5021866222;07/12/2022;2022-12-07;generico
MONALESS;MARJAN INDÚSTRIA E COMÉRCIO LTDA;60.726.692/0001-81;5023567222;07/12/2022;2022-12-07;fitoterapico
PERFENOL;UNIÃO QUÍMICA FARMACÊUTICA NACIONAL S/A;60.665.981/0001-18;5021952226;07/12/2022;2022-12-07;similar
MOLIÈRI;EUROFARMA LABORATÓRIOS S.A.;61.190.096/0001-92;5023438228;07/12/2022;2022-12-07;similar
SILIMALON;ZYDUS NIKKHO FARMACÊUTICA LTDA;5254971000181;5024041224;07/12/2022;2022-12-07;especifico
LEUKERAN;ASPEN PHARMA INDÚSTRIA FARMACÊUTICA LTDA;2433631000120;5028151229;08/12/2022;2022-12-08;novo
Xospata®;ASTELLAS FARMA BRASIL IMPORTAÇÃO E DISTRIBUIÇÃO DE MEDICAMENTOS LTDA.;7768134000104;5028425221;08/12/2022;2022-12-08;novo
VAGIFEM;BESINS HEALTHCARE BRASIL COMERCIAL E DISTRIBUIDORA DE MEDICAMENTOS LTDA;11.082.598/0001-21;5028072221;08/12/2022;2022-12-08;novo
Unizinco Comprimido;MYRALIS INDÚSTRIA FARMACÊUTICA LTDA;17.440.261/0001-25;5032816221;08/12/2022;2022-12-08;especifico
MERONEM;PFIZER BRASIL LTDA;61.072.393/0001-33;5028552223;08/12/2022;2022-12-08;novo
LORAX;PFIZER BRASIL LTDA;61.072.393/0001-33;5028051224;08/12/2022;2022-12-08;novo
ACETONIDO DE TRIANCINOLONA+SULFATO DE NEOMICINA+GRAMICIDINA+NISTATINA;EMS S/A;57.507.378/0003-65;5027604220;08/12/2022;2022-12-08;generico
acetonido de triancinolona+sulfato de neomicina+gramicidina+nistatina;EMS S/A;57.507.378/0003-65;5028539227;08/12/2022;2022-12-08;generico
DORONA CAFI;BRAINFARMA INDÚSTRIA QUÍMICA E FARMACÊUTICA S.A;5161069000110;5032726222;08/12/2022;2022-12-08;similar
BUENE;CRISTÁLIA PRODUTOS QUÍMICOS FARMACÊUTICOS LTDA.;44.734.671/0001-51;5026901221;08/12/2022;2022-12-08;similar
TEICOPLANINA;EUROFARMA LABORATÓRIOS S.A.;61.190.096/0001-92;5034218224;09/12/2022;2022-12-09;generico
ZEFORUS;UPJOHN BRASIL IMPORTADORA E DISTRIBUIDORA DE MEDICAMENTOS LTDA.;36.674.526/0001-02;5034162229;09/12/2022;2022-12-09;novo
NUBEQA;BAYER S.A.;18.459.628/0001-15;5036143221;09/12/2022;2022-12-09;novo
ESCOPEN COMPOSTO;PHARLAB INDÚSTRIA FARMACÊUTICA S.A.;2501297000102;5034126222;09/12/2022;2022-12-09;similar
vacina raiva(inativada);INSTITUTO BUTANTAN;61.821.344/0001-56;5034260221;09/12/2022;2022-12-09;biologico
Bramicar HCT;EMS SIGMA PHARMA LTDA;923140000131;5036661222;09/12/2022;2022-12-09;similar
telmisartana+hidroclorotiazida;EMS S/A;57.507.378/0003-65;5036547225;09/12/2022;2022-12-09;generico
telmisartana+hidroclorotiazida;LEGRAND PHARMA INDÚSTRIA FARMACÊUTICA LTDA;5044984000126;5037182221;09/12/2022;2022-12-09;generico
telmisartana+hidroclorotiazida;GERMED FARMACEUTICA LTDA;45.992.062/0001-65;5036866223;09/12/2022;2022-12-09;generico
VIMPAT;UCB BIOPHARMA LTDA.;64.711.500/0001-14;5037697221;09/12/2022;2022-12-09;novo
TRIAXIN;EUROFARMA LABORATÓRIOS S.A.;61.190.096/0001-92;5041354227;12/12/2022;2022-12-12;similar
levofloxacino;LABORATÓRIO GLOBO SA;17.115.437/0001-73;5040554222;12/12/2022;2022-12-12;generico
VIVAXXIA;LIBBS FARMACÊUTICA LTDA;61.230.314/0001-75;5040933223;12/12/2022;2022-12-12;biologico
piperacilina sódica + tazobactam sódico;EUROFARMA LABORATÓRIOS S.A.;61.190.096/0001-92;5041563225;12/12/2022;2022-12-12;generico
DYSPORT;BEAUFOUR IPSEN FARMACÊUTICA LTDA;7718721000180;5041484228;12/12/2022;2022-12-12;biologico
ceftriaxona dissódica hemieptaidratada;EUROFARMA LABORATÓRIOS S.A.;61.190.096/0001-92;5041056226;12/12/2022;2022-12-12;generico
RIXIMYO;SANDOZ DO BRASIL INDÚSTRIA FARMACÊUTICA LTDA;61.286.647/0001-16;5042166220;12/12/2022;2022-12-12;biologico
CLORIDRATO DE CICLOBENZAPRINA;Aché Laboratórios Farmacêuticos S.A;60.659.463/0029-92;5040479221;12/12/2022;2022-12-12;generico
DIOSMIN;Aché Laboratórios Farmacêuticos S.A;60.659.463/0029-92;5040679220;12/12/2022;2022-12-12;especifico
cloridrato de remifentanila;EUROFARMA LABORATÓRIOS S.A.;61.190.096/0001-92;5040838221;12/12/2022;2022-12-12;generico
SULPAN;COSMED INDUSTRIA DE COSMETICOS E MEDICAMENTOS S.A.;61.082.426/0002-07;5041543224;12/12/2022;2022-12-12;similar
Sarclisa;SANOFI MEDLEY FARMACÊUTICA LTDA.;10.588.595/0010-92;5040489226;12/12/2022;2022-12-12;biologico
MIRTAX;Aché Laboratórios Farmacêuticos S.A;60.659.463/0029-92;5040439229;12/12/2022;2022-12-12;similar
HIDANTAL;COSMED INDUSTRIA DE COSMETICOS E MEDICAMENTOS S.A.;61.082.426/0002-07;5040854226;12/12/2022;2022-12-12;novo
JEVTANA;SANOFI MEDLEY FARMACÊUTICA LTDA.;10.588.595/0010-92;5041777225;12/12/2022;2022-12-12;novo
DIPROSPAN;COSMED INDUSTRIA DE COSMETICOS E MEDICAMENTOS S.A.;61.082.426/0002-07;5046871220;13/12/2022;2022-12-13;novo
VI -  FERRIN;LABORATÓRIO FARMACÊUTICO ELOFAR LTDA;83.874.628/0001-43;5048071221;13/12/2022;2022-12-13;especifico
ONCILEG;LEGRAND PHARMA INDÚSTRIA FARMACÊUTICA LTDA;5044984000126;5047921221;13/12/2022;2022-12-13;similar
acetato de hidrocortisona;UNIÃO QUÍMICA FARMACÊUTICA NACIONAL S/A;60.665.981/0001-18;5048179226;13/12/2022;2022-12-13;generico
ONCILEG;LEGRAND PHARMA INDÚSTRIA FARMACÊUTICA LTDA;5044984000126;5048461223;13/12/2022;2022-12-13;similar
FENBIP;MULTILAB INDUSTRIA E COMERCIO DE PRODUTOS FARMACEUTICOS LTDA;92.265.552/0009-05;5050217229;14/12/2022;2022-12-14;similar
Tagrisso;ASTRAZENECA DO BRASIL LTDA;60.318.797/0001-00;5051020224;14/12/2022;2022-12-14;novo
Rydapt;NOVARTIS BIOCIENCIAS S.A;56.994.502/0001-30;5052018223;14/12/2022;2022-12-14;novo
INSERIS XR;APSEN FARMACEUTICA S/A;62.462.015/0001-29;5049941229;14/12/2022;2022-12-14;novo
SOLUÇÃO FISIOLÓGICA A 0,9%;CRISTÁLIA PRODUTOS QUÍMICOS FARMACÊUTICOS LTDA.;44.734.671/0001-51;5050665221;14/12/2022;2022-12-14;especifico
cloridrato de ondansetrona;SANOFI MEDLEY FARMACÊUTICA LTDA.;10.588.595/0010-92;5052389221;14/12/2022;2022-12-14;generico
PIPERACILINA SÓDICA+TAZOBACTAM SÓDICO;ANTIBIÓTICOS DO BRASIL LTDA;5439635000103;5051145221;14/12/2022;2022-12-14;generico
piperacilina sódica + tazobactam sódico;MYLAN LABORATORIOS LTDA;11.643.096/0001-22;5050977223;14/12/2022;2022-12-14;generico
OMEGAVEN;FRESENIUS KABI BRASIL LTDA;49.324.221/0001-04;5049791227;14/12/2022;2022-12-14;especifico
Ciclopirox- olamina;LABORATÓRIO GLOBO SA;17.115.437/0001-73;5049803225;14/12/2022;2022-12-14;generico
CLARITROMICINA;EMS S/A;57.507.378/0003-65;5050619220;14/12/2022;2022-12-14;generico
PREDNISONA;MULTILAB INDUSTRIA E COMERCIO DE PRODUTOS FARMACEUTICOS LTDA;92.265.552/0009-05;5050467225;14/12/2022;2022-12-14;generico
cloridrato de dexmedetomidina;UNIÃO QUÍMICA FARMACÊUTICA NACIONAL S/A;60.665.981/0001-18;5051795226;14/12/2022;2022-12-14;generico
XALATAN;UPJOHN BRASIL IMPORTADORA E DISTRIBUIDORA DE MEDICAMENTOS LTDA.;36.674.526/0001-02;5051437222;14/12/2022;2022-12-14;novo
Clabat;EMS S/A;57.507.378/0003-65;5050698227;14/12/2022;2022-12-14;similar
SONOZZZ;PROCTER & GAMBLE DO BRASIL LTDA;59.476.770/0001-58;5052574223;14/12/2022;2022-12-14;fitoterapico
PISA;EUROFARMA LABORATÓRIOS S.A.;61.190.096/0001-92;5051974228;14/12/2022;2022-12-14;similar
cloridrato de metformina;GEOLAB INDÚSTRIA FARMACÊUTICA S/A;3485572000104;5051496229;14/12/2022;2022-12-14;generico
VAST;EUROFARMA LABORATÓRIOS S.A.;61.190.096/0001-92;5052439229;14/12/2022;2022-12-14;similar
PREZISTA;JANSSEN - CILAG FARMACÊUTICA LTDA;51.780.468/0001-87;5049609224;14/12/2022;2022-12-14;novo
claritromicina;GERMED FARMACEUTICA LTDA;45.992.062/0001-65;5050830222;14/12/2022;2022-12-14;generico
Nebic;MULTILAB INDUSTRIA E COMERCIO DE PRODUTOS FARMACEUTICOS LTDA;92.265.552/0009-05;5050231221;14/12/2022;2022-12-14;similar
NISTATINA + ÓXIDO DE ZINCO;MULTILAB INDUSTRIA E COMERCIO DE PRODUTOS FARMACEUTICOS LTDA;92.265.552/0009-05;5050250226;14/12/2022;2022-12-14;generico
atenolol + clortalidona;SANDOZ DO BRASIL INDÚSTRIA FARMACÊUTICA LTDA;61.286.647/0001-16;5055289228;15/12/2022;2022-12-15;generico
ceftriaxona dissódica hemieptaidratada;EUROFARMA LABORATÓRIOS S.A.;61.190.096/0001-92;5054327223;15/12/2022;2022-12-15;generico
MAXITROL;NOVARTIS BIOCIENCIAS S.A;56.994.502/0001-30;5056224227;15/12/2022;2022-12-15;novo
alendronato de sódio;SANDOZ DO BRASIL INDÚSTRIA FARMACÊUTICA LTDA;61.286.647/0001-16;5056891223;15/12/2022;2022-12-15;generico
BENATUX;CIFARMA CIENTÍFICA FARMACÊUTICA LTDA;17.562.075/0001-69;5054388222;15/12/2022;2022-12-15;similar
FLORATE;NOVARTIS BIOCIENCIAS S.A;56.994.502/0001-30;5056177229;15/12/2022;2022-12-15;novo
ANGELIQ;BAYER S.A.;18.459.628/0001-15;5057312227;15/12/2022;2022-12-15;novo
HEMOLENTA;EUROFARMA LABORATÓRIOS S.A.;61.190.096/0001-92;5055429224;15/12/2022;2022-12-15;especifico
paracetamol;BRAINFARMA INDÚSTRIA QUÍMICA E FARMACÊUTICA S.A;5161069000110;5055956224;15/12/2022;2022-12-15;generico
PATANOL;NOVARTIS BIOCIENCIAS S.A;56.994.502/0001-30;5056699225;15/12/2022;2022-12-15;novo
cloridrato de ondansetrona;PHARLAB INDÚSTRIA FARMACÊUTICA S.A.;2501297000102;5054461221;15/12/2022;2022-12-15;generico
HEMIFUMARATO DE QUETIAPINA;EUROFARMA LABORATÓRIOS S.A.;61.190.096/0001-92;5055577223;15/12/2022;2022-12-15;generico
SKYRIZI;ABBVIE FARMACÊUTICA LTDA.;15.800.545/0001-50;5057116223;15/12/2022;2022-12-15;biologico
LIVALO;BIOLAB SANUS FARMACÊUTICA LTDA;49.475.833/0001-06;5056299227;15/12/2022;2022-12-15;novo
pitavastatina cálcica;BIOLAB SANUS FARMACÊUTICA LTDA;49.475.833/0001-06;5056416223;15/12/2022;2022-12-15;generico
SLINDA;EXELTIS LABORATORIO FARMACEUTICO LTDA;19.136.432/0001-52;5054454225;15/12/2022;2022-12-15;novo
EVRA;Gedeon Richter do Brasil Importadora, Exportadora e Distribuidora;12.134.906/0002-69;5055504226;15/12/2022;2022-12-15;novo
ADCETRIS;TAKEDA PHARMA LTDA.;60.397.775/0001-74;5055207221;15/12/2022;2022-12-15;biologico
ADYNOVATE;TAKEDA PHARMA LTDA.;60.397.775/0001-74;5056250228;15/12/2022;2022-12-15;biologico
carvedilol;ZYDUS NIKKHO FARMACÊUTICA LTDA;5254971000181;5056165221;15/12/2022;2022-12-15;generico
TOPAMAX;JANSSEN - CILAG FARMACÊUTICA LTDA;51.780.468/0001-87;5053430225;15/12/2022;2022-12-15;novo
DICLOFENACO SODICO;RANBAXY FARMACÊUTICA LTDA;73.663.650/0001-90;5055949228;15/12/2022;2022-12-15;generico
TOBRADEX;NOVARTIS BIOCIENCIAS S.A;56.994.502/0001-30;5056718220;15/12/2022;2022-12-15;novo
ADACNE;GLENMARK FARMACÊUTICA LTDA;44.363.661/0001-57;5055991224;15/12/2022;2022-12-15;similar
Jivi;BAYER S.A.;18.459.628/0001-15;5057315226;15/12/2022;2022-12-15;biologico
azitromicina di-hidratada;MANDALA BRASIL IMPORTAÇÃO E DISTRIBUIÇÃO DE PRODUTO MÉDICO HOSPITALAR LTDA;9117476000181;5058520222;16/12/2022;2022-12-16;generico
FENAFLEX - ODC;PHARLAB INDÚSTRIA FARMACÊUTICA S.A.;2501297000102;5064831226;16/12/2022;2022-12-16;similar
NEVANAC;NOVARTIS BIOCIENCIAS S.A;56.994.502/0001-30;5065080224;16/12/2022;2022-12-16;novo
DIUREMIDA;GEOLAB INDÚSTRIA FARMACÊUTICA S/A;3485572000104;5058165228;16/12/2022;2022-12-16;similar
BENEVRAN;LEGRAND PHARMA INDÚSTRIA FARMACÊUTICA LTDA;5044984000126;5064593228;16/12/2022;2022-12-16;similar
MICROPIL;EMS SIGMA PHARMA LTDA;923140000131;5058551225;16/12/2022;2022-12-16;similar
VIGAMOX;NOVARTIS BIOCIENCIAS S.A;56.994.502/0001-30;5064978227;16/12/2022;2022-12-16;novo
KOLI D3;EMS SIGMA PHARMA LTDA;923140000131;5064436220;16/12/2022;2022-12-16;especifico
MAXIDEX;NOVARTIS BIOCIENCIAS S.A;56.994.502/0001-30;5065117225;16/12/2022;2022-12-16;novo
DIPROSALIC;COSMED INDUSTRIA DE COSMETICOS E MEDICAMENTOS S.A.;61.082.426/0002-07;5058873222;16/12/2022;2022-12-16;novo
PERIVASC;EUROFARMA LABORATÓRIOS S.A.;61.190.096/0001-92;5065107220;16/12/2022;2022-12-16;especifico
SOVALDI;GILEAD SCIENCES FARMACEUTICA DO BRASIL LTDA;15.670.288/0001-89;5058515229;16/12/2022;2022-12-16;novo
PREVIANE;LEGRAND PHARMA INDÚSTRIA FARMACÊUTICA LTDA;5044984000126;5058324229;16/12/2022;2022-12-16;similar
VIDYN D3;EMS S/A;57.507.378/0003-65;5058518228;16/12/2022;2022-12-16;especifico
amoxicilina;MULTILAB INDUSTRIA E COMERCIO DE PRODUTOS FARMACEUTICOS LTDA;92.265.552/0009-05;5064642229;16/12/2022;2022-12-16;generico
VIGADEXA;NOVARTIS BIOCIENCIAS S.A;56.994.502/0001-30;5065017221;16/12/2022;2022-12-16;novo
BESILAPIN;GEOLAB INDÚSTRIA FARMACÊUTICA S/A;3485572000104;5057972227;16/12/2022;2022-12-16;similar
CILODEX;NOVARTIS BIOCIENCIAS S.A;56.994.502/0001-30;5065141223;16/12/2022;2022-12-16;similar
TOBREX;NOVARTIS BIOCIENCIAS S.A;56.994.502/0001-30;5064964226;16/12/2022;2022-12-16;novo
CERUMIN;NOVARTIS BIOCIENCIAS S.A;56.994.502/0001-30;5065049220;16/12/2022;2022-12-16;novo
MAISOL;LEGRAND PHARMA INDÚSTRIA FARMACÊUTICA LTDA;5044984000126;5058604221;16/12/2022;2022-12-16;especifico
VIDENFIL;SANDOZ DO BRASIL INDÚSTRIA FARMACÊUTICA LTDA;61.286.647/0001-16;5059104222;16/12/2022;2022-12-16;similar
CILOXAN;NOVARTIS BIOCIENCIAS S.A;56.994.502/0001-30;5065062226;16/12/2022;2022-12-16;novo
NORDETTE;PFIZER BRASIL LTDA;61.072.393/0001-33;5064085222;16/12/2022;2022-12-16;novo
DICLOFENACO SÓDICO;HYPOFARMA - INSTITUTO DE HYPODERMIA E FARMÁCIA LTDA;17.174.657/0001-78;5063868223;16/12/2022;2022-12-16;generico
LANEXAT;BIOPAS BRASIL PRODUTOS FARMACEUTICOS LTDA;31.327.287/0001-92;5063897223;16/12/2022;2022-12-16;novo
diclofenaco potássico;EMS S/A;57.507.378/0003-65;5064517220;16/12/2022;2022-12-16;generico
BETOPTIC;NOVARTIS BIOCIENCIAS S.A;56.994.502/0001-30;5065098221;16/12/2022;2022-12-16;novo
CLORIDRATO DE CIPROFLOXACINO;PRATI DONADUZZI & CIA LTDA;73.856.593/0001-66;5068199222;19/12/2022;2022-12-19;generico
itraconazol;GERMED FARMACEUTICA LTDA;45.992.062/0001-65;5068630225;19/12/2022;2022-12-19;generico
CAFIASPIRINA;BAYER S.A.;18.459.628/0001-15;5067922222;19/12/2022;2022-12-19;similar
HALOBEX;GLENMARK FARMACÊUTICA LTDA;44.363.661/0001-57;5068073229;19/12/2022;2022-12-19;novo
itraconazol;LEGRAND PHARMA INDÚSTRIA FARMACÊUTICA LTDA;5044984000126;5068423220;19/12/2022;2022-12-19;generico
Allestra;Aché Laboratórios Farmacêuticos S.A;60.659.463/0029-92;5068591220;19/12/2022;2022-12-19;similar
ASPIRINA;BAYER S.A.;18.459.628/0001-15;5068024228;19/12/2022;2022-12-19;novo
BIOFENAC;Aché Laboratórios Farmacêuticos S.A;60.659.463/0029-92;5068404225;19/12/2022;2022-12-19;similar
ITRACONAZOL;EMS S/A;57.507.378/0003-65;5068366226;19/12/2022;2022-12-19;generico
ENBREL PFS;LABORATÓRIOS PFIZER LTDA;46.070.868/0036-99;5068967220;19/12/2022;2022-12-19;biologico
DECA-DURABOLIN;ASPEN PHARMA INDÚSTRIA FARMACÊUTICA LTDA;2433631000120;5067589221;19/12/2022;2022-12-19;novo
Enbrel;LABORATÓRIOS PFIZER LTDA;46.070.868/0036-99;5068885223;19/12/2022;2022-12-19;biologico
ASPIRINA C EFERVESCENTE;BAYER S.A.;18.459.628/0001-15;5067833220;19/12/2022;2022-12-19;novo
cloridrato de moxifloxacino;HYPOFARMA - INSTITUTO DE HYPODERMIA E FARMÁCIA LTDA;17.174.657/0001-78;5066525220;19/12/2022;2022-12-19;generico
MESIGYNA;BAYER S.A.;18.459.628/0001-15;5068036226;19/12/2022;2022-12-19;novo
ITRASPOR;EMS SIGMA PHARMA LTDA;923140000131;5068464228;19/12/2022;2022-12-19;similar
ITRALEX;EMS S/A;57.507.378/0003-65;5068399221;19/12/2022;2022-12-19;similar
TRAXONOL;GEOLAB INDÚSTRIA FARMACÊUTICA S/A;3485572000104;5066797220;19/12/2022;2022-12-19;similar
itraconazol;GEOLAB INDÚSTRIA FARMACÊUTICA S/A;3485572000104;5066646221;19/12/2022;2022-12-19;generico
amoxicilina triidratada + clavulanato de potássio;Aché Laboratórios Farmacêuticos S.A;60.659.463/0029-92;5068659223;19/12/2022;2022-12-19;generico
CLORIDRATO DE CIPROFLOXACINO;AUROBINDO PHARMA INDÚSTRIA FARMACÊUTICA LIMITADA;4301884000175;5074455227;20/12/2022;2022-12-20;generico
CRONOBE COMPLEX  IM;BIOLAB SANUS FARMACÊUTICA LTDA;49.475.833/0001-06;5074018226;20/12/2022;2022-12-20;especifico
VYZULTA;BL INDÚSTRIA OTICA LTDA;27.011.022/0001-03;5073488229;20/12/2022;2022-12-20;novo
ETIRA;Aché Laboratórios Farmacêuticos S.A;60.659.463/0029-92;5071031221;20/12/2022;2022-12-20;similar
TENOXICAM;UNIÃO QUÍMICA FARMACÊUTICA NACIONAL S/A;60.665.981/0001-18;5073044223;20/12/2022;2022-12-20;generico
cloridrato de donepezila;BIOLAB SANUS FARMACÊUTICA LTDA;49.475.833/0001-06;5074199221;20/12/2022;2022-12-20;generico
RECOMBIVAX® HB;MERCK SHARP & DOHME FARMACEUTICA LTDA.;3560974000118;5071110229;20/12/2022;2022-12-20;novo
cefazolina sódica;BLAU FARMACÊUTICA S.A.;58.430.828/0001-60;5073710223;20/12/2022;2022-12-20;generico
VIVERDAL;UNIÃO QUÍMICA FARMACÊUTICA NACIONAL S/A;60.665.981/0001-18;5074189225;20/12/2022;2022-12-20;similar
piperacilina sódica + tazobactam sódico;AUROBINDO PHARMA INDÚSTRIA FARMACÊUTICA LIMITADA;4301884000175;5074129222;20/12/2022;2022-12-20;generico
Konduz;EMS S/A;57.507.378/0003-65;5071401223;20/12/2022;2022-12-20;novo
AAS;COSMED INDUSTRIA DE COSMETICOS E MEDICAMENTOS S.A.;61.082.426/0002-07;5074898226;20/12/2022;2022-12-20;similar
OLMESARTANA MEDOXOMILA+BESILATO DE ANLODIPINO;EMS S/A;57.507.378/0003-65;5073907221;20/12/2022;2022-12-20;generico
ampicilina sódica;AUROBINDO PHARMA INDÚSTRIA FARMACÊUTICA LIMITADA;4301884000175;5074340225;20/12/2022;2022-12-20;generico
acetato de dexametasona;PHARLAB INDÚSTRIA FARMACÊUTICA S.A.;2501297000102;5072390225;20/12/2022;2022-12-20;similar
CORTIDEX;PHARLAB INDÚSTRIA FARMACÊUTICA S.A.;2501297000102;5072163229;20/12/2022;2022-12-20;similar
OMEPRAZOL;SANOFI MEDLEY FARMACÊUTICA LTDA.;10.588.595/0010-92;5074341221;20/12/2022;2022-12-20;generico
PNEUMOVAX 23;MERCK SHARP & DOHME FARMACEUTICA LTDA.;3560974000118;5072962229;20/12/2022;2022-12-20;novo
PROMIM;SUPERA FARMA LABORATÓRIOS S.A;43.312.503/0001-05;5070976222;20/12/2022;2022-12-20;similar
dolutegravir sódico;FUNDAÇÃO OSWALDO CRUZ;33.781.055/0001-35;5072079228;20/12/2022;2022-12-20;generico
ENDONIDAZOL;FRESENIUS KABI BRASIL LTDA;49.324.221/0001-04;5071193221;20/12/2022;2022-12-20;similar
metronidazol;FRESENIUS KABI BRASIL LTDA;49.324.221/0001-04;5071221225;20/12/2022;2022-12-20;generico
citrato de sildenafila;LABORATÓRIO TEUTO BRASILEIRO S/A;17.159.229/0001-76;5076338228;21/12/2022;2022-12-21;generico
PIEMONTE;EUROFARMA LABORATÓRIOS S.A.;61.190.096/0001-92;5077344221;21/12/2022;2022-12-21;similar
CIPROFLOXATRIN;LABORATÓRIO GLOBO SA;17.115.437/0001-73;5076219229;21/12/2022;2022-12-21;similar
cloridrato de ondansetrona;Althaia S.A Indústria Farmacêutica;48.344.725/0007-19;5077334226;21/12/2022;2022-12-21;generico
JOFIX;Arese Pharma Ltda;7670111000154;5077827222;21/12/2022;2022-12-21;similar
LÂNICO;SUPERA FARMA LABORATÓRIOS S.A;43.312.503/0001-05;5075503225;21/12/2022;2022-12-21;similar
montelucaste de sódio;EUROFARMA LABORATÓRIOS S.A.;61.190.096/0001-92;5077660221;21/12/2022;2022-12-21;generico
Spectrila;Laboratórios Bagó do Brasil S/A;4748181000947;5077394229;21/12/2022;2022-12-21;biologico
topiramato;ACCORD FARMACÊUTICA LTDA;64.171.697/0001-46;5076450222;21/12/2022;2022-12-21;generico
Esbriet;PRODUTOS ROCHE QUÍMICOS E FARMACÊUTICOS S.A.;33.009.945/0001-23;5076371225;21/12/2022;2022-12-21;novo
DORALGINA;BRAINFARMA INDÚSTRIA QUÍMICA E FARMACÊUTICA S.A;5161069000110;5077419221;21/12/2022;2022-12-21;similar
LISOMUC;LABORATÓRIO FARMACÊUTICO ELOFAR LTDA;83.874.628/0001-43;5077065225;21/12/2022;2022-12-21;similar
CLORIDRATO DE CIPROFLOXACINO;LABORATÓRIO GLOBO SA;17.115.437/0001-73;5076205228;21/12/2022;2022-12-21;generico
FLOMICIN;BRAINFARMA INDÚSTRIA QUÍMICA E FARMACÊUTICA S.A;5161069000110;5077024227;21/12/2022;2022-12-21;biologico
ARASID;ACCORD FARMACÊUTICA LTDA;64.171.697/0001-46;5076533225;21/12/2022;2022-12-21;similar
VIASIL;LABORATÓRIO TEUTO BRASILEIRO S/A;17.159.229/0001-76;5076580223;21/12/2022;2022-12-21;similar
DICLOFENACO COLESTIRAMINA;GERMED FARMACEUTICA LTDA;45.992.062/0001-65;5087956220;22/12/2022;2022-12-22;generico
DICLOFENACO COLESTIRAMINA;EMS S/A;57.507.378/0003-65;5087855229;22/12/2022;2022-12-22;generico
DENGVAXIA;SANOFI MEDLEY FARMACÊUTICA LTDA.;10.588.595/0010-92;5087796222;22/12/2022;2022-12-22;biologico
AZITROMICINA;PHARMASCIENCE INDÚSTRIA FARMACÊUTICA LTDA;25.773.037/0001-83;5081066222;22/12/2022;2022-12-22;generico
CEFALIV;Aché Laboratórios Farmacêuticos S.A;60.659.463/0029-92;5086699223;22/12/2022;2022-12-22;novo
ATOSSION;LABORATÓRIO FARMACÊUTICO ELOFAR LTDA;83.874.628/0001-43;5081175226;22/12/2022;2022-12-22;similar
DRYLTAC;LEGRAND PHARMA INDÚSTRIA FARMACÊUTICA LTDA;5044984000126;5088018223;22/12/2022;2022-12-22;similar
DIPIRONA + CAFEÍNA;BRAINFARMA INDÚSTRIA QUÍMICA E FARMACÊUTICA S.A;5161069000110;5086572223;22/12/2022;2022-12-22;generico
Diclofenaco Sódico;FRESENIUS KABI BRASIL LTDA;49.324.221/0001-04;5081131229;22/12/2022;2022-12-22;generico
KNORTEX;MULTILAB INDUSTRIA E COMERCIO DE PRODUTOS FARMACEUTICOS LTDA;92.265.552/0009-05;5086938228;22/12/2022;2022-12-22;similar
FENITOÍNA SÓDICA;LABORATÓRIO TEUTO BRASILEIRO S/A;17.159.229/0001-76;5081062227;22/12/2022;2022-12-22;generico
Numeta Neo;BAXTER HOSPITALAR LTDA;49.351.786/0002-61;5088431228;22/12/2022;2022-12-22;especifico
ADORLAN;GRÜNENTHAL DO BRASIL FARMACÊUTICA LTDA.;10.555.143/0001-13;5081214221;22/12/2022;2022-12-22;novo
COMPLEXO B;EMS S/A;57.507.378/0003-65;5086999227;22/12/2022;2022-12-22;especifico
HYPOCINA COMPOSTA;HYPOFARMA - INSTITUTO DE HYPODERMIA E FARMÁCIA LTDA;17.174.657/0001-78;5090853223;23/12/2022;2022-12-23;similar
CLORIDRATO DE TRAMADOL;EMS S/A;57.507.378/0003-65;5091658220;23/12/2022;2022-12-23;generico
ATENOLOL;VITAMEDIC INDUSTRIA FARMACEUTICA LTDA;30.222.814/0001-31;5091117229;23/12/2022;2022-12-23;generico
NIMSY;MABRA FARMACEUTICA LTDA;9545589000188;5092472227;23/12/2022;2022-12-23;similar
CLORIDRATO DE TRAMADOL (PORT 344/98 LISTA A2);LEGRAND PHARMA INDÚSTRIA FARMACÊUTICA LTDA;5044984000126;5091727221;23/12/2022;2022-12-23;generico
DECADRON INJETÁVEL;Aché Laboratórios Farmacêuticos S.A;60.659.463/0029-92;5091616225;23/12/2022;2022-12-23;similar
CLORIDRATO DE TRAMADOL (PORT 344/98 LISTA A2);GERMED FARMACEUTICA LTDA;45.992.062/0001-65;5091709223;23/12/2022;2022-12-23;generico
GEROVITAL;EMS S/A;57.507.378/0003-65;5092384221;23/12/2022;2022-12-23;especifico
AMPLOSPEC;INSTITUTO BIOCHIMICO INDÚSTRIA FARMACÊUTICA LTDA;33.258.401/0001-03;5096292223;26/12/2022;2022-12-26;similar
tadalafila;Aché Laboratórios Farmacêuticos S.A;60.659.463/0029-92;5094075225;26/12/2022;2022-12-26;generico
ACLAF;LABORATÓRIO FARMACÊUTICO ELOFAR LTDA;83.874.628/0001-43;5096680223;26/12/2022;2022-12-26;similar
levonorgestrel;CIFARMA CIENTÍFICA FARMACÊUTICA LTDA;17.562.075/0001-69;5096426220;26/12/2022;2022-12-26;generico
CyPcino;CIFARMA CIENTÍFICA FARMACÊUTICA LTDA;17.562.075/0001-69;5096587223;26/12/2022;2022-12-26;similar
ácido tranexâmico;FRESENIUS KABI BRASIL LTDA;49.324.221/0001-04;5094030221;26/12/2022;2022-12-26;generico
NITRATO DE ISOCONAZOL;LABORATÓRIO GLOBO SA;17.115.437/0001-73;5096288226;26/12/2022;2022-12-26;generico
ceftriaxona dissódica;LABORATÓRIO TEUTO BRASILEIRO S/A;17.159.229/0001-76;5095830221;26/12/2022;2022-12-26;generico
FURP - DICLOFENACO;FUNDAÇÃO PARA O REMÉDIO POPULAR - FURP;43.640.754/0001-19;5100245221;27/12/2022;2022-12-27;similar
DICLOFENACO SÓDICO;LABORATÓRIO TEUTO BRASILEIRO S/A;17.159.229/0001-76;5099467229;27/12/2022;2022-12-27;generico
FURP-GLIBENCLAMIDA;FUNDAÇÃO PARA O REMÉDIO POPULAR - FURP;43.640.754/0001-19;5100387220;27/12/2022;2022-12-27;similar
ZYAD;Aché Laboratórios Farmacêuticos S.A;60.659.463/0029-92;5100046228;27/12/2022;2022-12-27;similar
gefitinibe;NATCOFARMA DO BRASIL LTDA;8157293000127;5104744221;28/12/2022;2022-12-28;generico
KOPLAN;FRESENIUS KABI BRASIL LTDA;49.324.221/0001-04;5103155222;28/12/2022;2022-12-28;similar
AZICIN;CRISTÁLIA PRODUTOS QUÍMICOS FARMACÊUTICOS LTDA.;44.734.671/0001-51;5103268221;28/12/2022;2022-12-28;similar
ADDERA D3;COSMED INDUSTRIA DE COSMETICOS E MEDICAMENTOS S.A.;61.082.426/0002-07;5101820229;28/12/2022;2022-12-28;especifico
VELLANA;CRISTÁLIA PRODUTOS QUÍMICOS FARMACÊUTICOS LTDA.;44.734.671/0001-51;5103658224;28/12/2022;2022-12-28;similar
azitrimicina di-hidratada;CRISTÁLIA PRODUTOS QUÍMICOS FARMACÊUTICOS LTDA.;44.734.671/0001-51;5103260221;28/12/2022;2022-12-28;generico
fosfato de oseltamivir;NATCOFARMA DO BRASIL LTDA;8157293000127;5104792226;28/12/2022;2022-12-28;generico
CISTEIL;GEOLAB INDÚSTRIA FARMACÊUTICA S/A;3485572000104;5108515227;29/12/2022;2022-12-29;similar
CLORIDRATO DE CIPROFLOXACINO;Aché Laboratórios Farmacêuticos S.A;60.659.463/0029-92;5105507223;29/12/2022;2022-12-29;generico
SODIX;GEOLAB INDÚSTRIA FARMACÊUTICA S/A;3485572000104;5108260229;29/12/2022;2022-12-29;similar
NEOTAREN;BRAINFARMA INDÚSTRIA QUÍMICA E FARMACÊUTICA S.A;5161069000110;5107312225;29/12/2022;2022-12-29;similar
AMPICILAB;MULTILAB INDUSTRIA E COMERCIO DE PRODUTOS FARMACEUTICOS LTDA;92.265.552/0009-05;5108192223;29/12/2022;2022-12-29;similar
diclofenaco sódico;BRAINFARMA INDÚSTRIA QUÍMICA E FARMACÊUTICA S.A;5161069000110;5107220223;29/12/2022;2022-12-29;generico
DIAZEPAM NQ;EMS SIGMA PHARMA LTDA;923140000131;5105638221;29/12/2022;2022-12-29;similar
AMPICILINA;MULTILAB INDUSTRIA E COMERCIO DE PRODUTOS FARMACEUTICOS LTDA;92.265.552/0009-05;5108252226;29/12/2022;2022-12-29;generico
URCIP;Aché Laboratórios Farmacêuticos S.A;60.659.463/0029-92;5105520220;29/12/2022;2022-12-29;generico
diclofenaco sódico;GEOLAB INDÚSTRIA FARMACÊUTICA S/A;3485572000104;5108058225;29/12/2022;2022-12-29;generico
Cloridrato de fexofenadina;LABORATÓRIO TEUTO BRASILEIRO S/A;17.159.229/0001-76;5109169225;30/12/2022;2022-12-30;generico
TEUCEF;LABORATÓRIO TEUTO BRASILEIRO S/A;17.159.229/0001-76;5109339228;30/12/2022;2022-12-30;similar
CLORIDRATO DE MOXIFLOXACINO;EUROFARMA LABORATÓRIOS S.A.;61.190.096/0001-92;5110998221;30/12/2022;2022-12-30;generico
cloridrato de moxifloxacino;GEOLAB INDÚSTRIA FARMACÊUTICA S/A;3485572000104;5111698221;30/12/2022;2022-12-30;generico
LEUX;CRISTÁLIA PRODUTOS QUÍMICOS FARMACÊUTICOS LTDA.;44.734.671/0001-51;5111781226;30/12/2022;2022-12-30;similar
DEXASON;LABORATÓRIO TEUTO BRASILEIRO S/A;17.159.229/0001-76;5109274223;30/12/2022;2022-12-30;similar
CLORIDRATO DE CIPROFLOXACINO;GEOLAB INDÚSTRIA FARMACÊUTICA S/A;3485572000104;5111875221;30/12/2022;2022-12-30;generico
NITRATO DE FENTICONAZOL;EUROFARMA LABORATÓRIOS S.A.;61.190.096/0001-92;5109361223;30/12/2022;2022-12-30;generico
HEPTAR;EUROFARMA LABORATÓRIOS S.A.;61.190.096/0001-92;5110901228;30/12/2022;2022-12-30;novo
CIPRIX;GEOLAB INDÚSTRIA FARMACÊUTICA S/A;3485572000104;5111909222;30/12/2022;2022-12-30;similar
OMEPRAZOL;LABORATÓRIO GLOBO SA;17.115.437/0001-73;5109313229;30/12/2022;2022-12-30;generico
PROPIONATO DE CLOBETASOL;LABORATÓRIO TEUTO BRASILEIRO S/A;17.159.229/0001-76;5109332223;30/12/2022;2022-12-30;generico
ALBEL;GEOLAB INDÚSTRIA FARMACÊUTICA S/A;3485572000104;5109253226;30/12/2022;2022-12-30;similar
DIAZEPAM;LEGRAND PHARMA INDÚSTRIA FARMACÊUTICA LTDA;5044984000126;5111035222;30/12/2022;2022-12-30;generico
TYG;UNIÃO QUÍMICA FARMACÊUTICA NACIONAL S/A;60.665.981/0001-18;5116042235;02/01/2023;2023-01-02;similar
KINOF;FARMARIN INDUSTRIA E COMERCIO LTDA;58.635.830/0001-75;5113224235;02/01/2023;2023-01-02;similar
PERGO;EUROFARMA LABORATÓRIOS S.A.;61.190.096/0001-92;5114651234;02/01/2023;2023-01-02;similar
LISON;CIFARMA CIENTÍFICA FARMACÊUTICA LTDA;17.562.075/0001-69;30236;02/01/2023;2023-01-02;fitoterapico
levetiracetam;AUROBINDO PHARMA INDÚSTRIA FARMACÊUTICA LIMITADA;4301884000175;5112926236;02/01/2023;2023-01-02;generico
butilbrometo de escopolamina + dipirona sódica;FARMACE INDÚSTRIA QUÍMICO-FARMACÊUTICA CEARENSE LTDA;6628333000146;5112683236;02/01/2023;2023-01-02;generico
amoxicilina + clavulanato de potássio;LABORATÓRIO TEUTO BRASILEIRO S/A;17.159.229/0001-76;5114316231;02/01/2023;2023-01-02;generico
ERBITUX;MERCK S/A;33.069.212/0001-84;5114322231;02/01/2023;2023-01-02;biologico
VALERATO DE BETAMETASONA;BRAINFARMA INDÚSTRIA QUÍMICA E FARMACÊUTICA S.A;5161069000110;1179233;02/01/2023;2023-01-02;generico
IZONAX;PHARLAB INDÚSTRIA FARMACÊUTICA S.A.;2501297000102;5297231;03/01/2023;2023-01-03;similar
CLORIDRATO DE DOXICICLINA;LABORATÓRIO TEUTO BRASILEIRO S/A;17.159.229/0001-76;4532236;03/01/2023;2023-01-03;generico
MARACUGINA PI;COSMED INDUSTRIA DE COSMETICOS E MEDICAMENTOS S.A.;61.082.426/0002-07;3500009191;03/01/2023;2023-01-03;fitoterapico
CLORIDRATO DE CIPROFLOXACINO;EUROFARMA LABORATÓRIOS S.A.;61.190.096/0001-92;2320231;03/01/2023;2023-01-03;generico
TARTARATO DE METOPROLOL;Aché Laboratórios Farmacêuticos S.A;60.659.463/0029-92;5172233;03/01/2023;2023-01-03;generico
LITANE;MYRALIS INDÚSTRIA FARMACÊUTICA LTDA;17.440.261/0001-25;1861281214;03/01/2023;2023-01-03;fitoterapico
CLORDOX;LABORATÓRIO TEUTO BRASILEIRO S/A;17.159.229/0001-76;4520238;03/01/2023;2023-01-03;similar
VENOLISE;MYRALIS INDÚSTRIA FARMACÊUTICA LTDA;17.440.261/0001-25;1862546211;03/01/2023;2023-01-03;fitoterapico
KRONEL;INFAN INDUSTRIA QUIMICA FARMACEUTICA NACIONAL S/A;8939548000103;833916173;03/01/2023;2023-01-03;fitoterapico
HIZOFITO;INFAN INDUSTRIA QUIMICA FARMACEUTICA NACIONAL S/A;8939548000103;133351178;03/01/2023;2023-01-03;fitoterapico
CEFADROXILA;EUROFARMA LABORATÓRIOS S.A.;61.190.096/0001-92;5055237;03/01/2023;2023-01-03;generico
MYOZYME;SANOFI MEDLEY FARMACÊUTICA LTDA.;10.588.595/0010-92;2511231;03/01/2023;2023-01-03;biologico
ZICLAGUE;INFAN INDUSTRIA QUIMICA FARMACEUTICA NACIONAL S/A;8939548000103;2609732160;03/01/2023;2023-01-03;fitoterapico
HEBLAX;INFAN INDUSTRIA QUIMICA FARMACEUTICA NACIONAL S/A;8939548000103;2594927166;03/01/2023;2023-01-03;fitoterapico
APAXY;GEOLAB INDÚSTRIA FARMACÊUTICA S/A;3485572000104;1061242204;03/01/2023;2023-01-03;fitoterapico
VALESSONE;NATULAB LABORATÓRIO S.A;2456955000183;1284697160;03/01/2023;2023-01-03;fitoterapico
BROMELIN;INFAN INDUSTRIA QUIMICA FARMACEUTICA NACIONAL S/A;8939548000103;2594748166;03/01/2023;2023-01-03;fitoterapico
GAMAX;INFAN INDUSTRIA QUIMICA FARMACEUTICA NACIONAL S/A;8939548000103;2594870169;03/01/2023;2023-01-03;fitoterapico
SANPROST;INFAN INDUSTRIA QUIMICA FARMACEUTICA NACIONAL S/A;8939548000103;133359173;03/01/2023;2023-01-03;fitoterapico
PLANTOLAXY;NATULAB LABORATÓRIO S.A;2456955000183;1284583163;03/01/2023;2023-01-03;fitoterapico
FORITUS;EUROFARMA LABORATÓRIOS S.A.;61.190.096/0001-92;2522233;03/01/2023;2023-01-03;similar
RADIOGLIC;COMISSAO NACIONAL DE ENERGIA NUCLEAR;402552000126;672761171;03/01/2023;2023-01-03;radiofarmaco
CLORIDRATO DE CIPROFLOXACINO;ZYDUS NIKKHO FARMACÊUTICA LTDA;5254971000181;4316231;03/01/2023;2023-01-03;generico
DIAZEPAM;UNIÃO QUÍMICA FARMACÊUTICA NACIONAL S/A;60.665.981/0001-18;8050236;04/01/2023;2023-01-04;generico
AMGEVITA;AMGEN BIOTECNOLOGIA DO BRASIL LTDA.;18.774.815/0001-93;9592237;04/01/2023;2023-01-04;biologico
diclofenaco sódico;MULTILAB INDUSTRIA E COMERCIO DE PRODUTOS FARMACEUTICOS LTDA;92.265.552/0009-05;7593236;04/01/2023;2023-01-04;generico
MELOCOX;EUROFARMA LABORATÓRIOS S.A.;61.190.096/0001-92;9126236;04/01/2023;2023-01-04;similar
DICLOFENACO;LABORATÓRIO TEUTO BRASILEIRO S/A;17.159.229/0001-76;8422231;04/01/2023;2023-01-04;generico
INTELENCE;JANSSEN - CILAG FARMACÊUTICA LTDA;51.780.468/0001-87;6305237;04/01/2023;2023-01-04;novo
anastrozol;BLAU FARMACÊUTICA S.A.;58.430.828/0001-60;8072230;04/01/2023;2023-01-04;generico
LUNAH;CRISTÁLIA PRODUTOS QUÍMICOS FARMACÊUTICOS LTDA.;44.734.671/0001-51;9208232;04/01/2023;2023-01-04;especifico
FENAFLAN;LABORATÓRIO TEUTO BRASILEIRO S/A;17.159.229/0001-76;8409234;04/01/2023;2023-01-04;similar
isotretinoína;MULTILAB INDUSTRIA E COMERCIO DE PRODUTOS FARMACEUTICOS LTDA;92.265.552/0009-05;7658231;04/01/2023;2023-01-04;generico
nimesulida;MULTILAB INDUSTRIA E COMERCIO DE PRODUTOS FARMACEUTICOS LTDA;92.265.552/0009-05;7685238;04/01/2023;2023-01-04;generico
UNI-DIAZEPAX;UNIÃO QUÍMICA FARMACÊUTICA NACIONAL S/A;60.665.981/0001-18;8003238;04/01/2023;2023-01-04;similar
CLORIDRATO DE MOXIFLOXACINO;MULTILAB INDUSTRIA E COMERCIO DE PRODUTOS FARMACEUTICOS LTDA;92.265.552/0009-05;7605234;04/01/2023;2023-01-04;generico
Meloxicam;EUROFARMA LABORATÓRIOS S.A.;61.190.096/0001-92;8934231;04/01/2023;2023-01-04;generico
glibenclamida;MULTILAB INDUSTRIA E COMERCIO DE PRODUTOS FARMACEUTICOS LTDA;92.265.552/0009-05;7626231;04/01/2023;2023-01-04;generico
MEROMAX;EUROFARMA LABORATÓRIOS S.A.;61.190.096/0001-92;9327231;04/01/2023;2023-01-04;novo
ZENTEL;GLAXOSMITHKLINE BRASIL LTDA;33.247.743/0001-10;10454233;05/01/2023;2023-01-05;novo
CABOMETYX;BEAUFOUR IPSEN FARMACÊUTICA LTDA;7718721000180;13685236;05/01/2023;2023-01-05;novo
cloridrato de trazodona;SANOFI MEDLEY FARMACÊUTICA LTDA.;10.588.595/0010-92;13475231;05/01/2023;2023-01-05;generico
PITAVASTATINA CALCICA;EUROFARMA LABORATÓRIOS S.A.;61.190.096/0001-92;13921231;05/01/2023;2023-01-05;generico
MAISOL;LEGRAND PHARMA INDÚSTRIA FARMACÊUTICA LTDA;5044984000126;10401237;05/01/2023;2023-01-05;especifico
norfloxacino;MULTILAB INDUSTRIA E COMERCIO DE PRODUTOS FARMACEUTICOS LTDA;92.265.552/0009-05;14172232;06/01/2023;2023-01-06;generico
TOPIRAMATO;SANDOZ DO BRASIL INDÚSTRIA FARMACÊUTICA LTDA;61.286.647/0001-16;14256231;06/01/2023;2023-01-06;generico
orlistate;MULTILAB INDUSTRIA E COMERCIO DE PRODUTOS FARMACEUTICOS LTDA;92.265.552/0009-05;14245230;06/01/2023;2023-01-06;generico
CRESTOR;ASTRAZENECA DO BRASIL LTDA;60.318.797/0001-00;14602237;06/01/2023;2023-01-06;novo
ORLIBESI;MULTILAB INDUSTRIA E COMERCIO DE PRODUTOS FARMACEUTICOS LTDA;92.265.552/0009-05;14244233;06/01/2023;2023-01-06;similar
ZOXYLAB;MULTILAB INDUSTRIA E COMERCIO DE PRODUTOS FARMACEUTICOS LTDA;92.265.552/0009-05;14252236;06/01/2023;2023-01-06;similar
tacrolimo;MULTILAB INDUSTRIA E COMERCIO DE PRODUTOS FARMACEUTICOS LTDA;92.265.552/0009-05;14262231;06/01/2023;2023-01-06;generico
EMIBAZET;MULTILAB INDUSTRIA E COMERCIO DE PRODUTOS FARMACEUTICOS LTDA;92.265.552/0009-05;14253232;06/01/2023;2023-01-06;similar
valsartana + besilato de anlodipino;MULTILAB INDUSTRIA E COMERCIO DE PRODUTOS FARMACEUTICOS LTDA;92.265.552/0009-05;14263238;06/01/2023;2023-01-06;generico
MESILATO DE IMATINIBE;FUNDAÇÃO OSWALDO CRUZ;33.781.055/0001-35;20769237;09/01/2023;2023-01-09;generico
RAPAMUNE;PFIZER BRASIL LTDA;61.072.393/0001-33;21906238;09/01/2023;2023-01-09;novo
Alprazolam;LABORATÓRIO TEUTO BRASILEIRO S/A;17.159.229/0001-76;18789234;09/01/2023;2023-01-09;generico
DOXOPEG;ADIUM S.A.;55.980.684/0001-27;22399232;09/01/2023;2023-01-09;similar
EGURINEL;ADIUM S.A.;55.980.684/0001-27;22130233;09/01/2023;2023-01-09;similar
levetiracetam;ADIUM S.A.;55.980.684/0001-27;22405232;09/01/2023;2023-01-09;generico
LACOTEM;ADIUM S.A.;55.980.684/0001-27;22510231;09/01/2023;2023-01-09;similar
FURP-DIAZEPAM;FUNDAÇÃO PARA O REMÉDIO POPULAR - FURP;43.640.754/0001-19;18913237;09/01/2023;2023-01-09;similar
STILNOX;SANOFI MEDLEY FARMACÊUTICA LTDA.;10.588.595/0010-92;22096230;09/01/2023;2023-01-09;novo
Lacosamida;ADIUM S.A.;55.980.684/0001-27;22534237;09/01/2023;2023-01-09;generico
DUTAM;ADIUM S.A.;55.980.684/0001-27;21966231;09/01/2023;2023-01-09;similar
ILUDRAL;ADIUM S.A.;55.980.684/0001-27;22411232;09/01/2023;2023-01-09;similar
BRUKINSA;ADIUM S.A.;55.980.684/0001-27;22338233;09/01/2023;2023-01-09;novo
DUTASTERIDA + CLORIDRATO DE TANSULOSINA;ADIUM S.A.;55.980.684/0001-27;21567239;09/01/2023;2023-01-09;generico
CABERTRIX;ADIUM S.A.;55.980.684/0001-27;20853238;09/01/2023;2023-01-09;similar
CITRATO DE SILDENAFILA;EUROFARMA LABORATÓRIOS S.A.;61.190.096/0001-92;18843239;09/01/2023;2023-01-09;generico
ILUDRAL;ADIUM S.A.;55.980.684/0001-27;22418237;09/01/2023;2023-01-09;similar
nistatina + óxido de zinco;BRAINFARMA INDÚSTRIA QUÍMICA E FARMACÊUTICA S.A;5161069000110;19513232;09/01/2023;2023-01-09;generico
levetiracetam;ADIUM S.A.;55.980.684/0001-27;22401237;09/01/2023;2023-01-09;generico
DORMONID;FARMOQUÍMICA S/A;33.349.473/0001-58;21896232;09/01/2023;2023-01-09;novo
CIPROFAR;LABORATÓRIO FARMACÊUTICO ELOFAR LTDA;83.874.628/0001-43;25741233;10/01/2023;2023-01-10;similar
IBUPRIL;LABORATÓRIO TEUTO BRASILEIRO S/A;17.159.229/0001-76;25143239;10/01/2023;2023-01-10;similar
BACFAR;LABORATÓRIO FARMACÊUTICO ELOFAR LTDA;83.874.628/0001-43;26237237;10/01/2023;2023-01-10;similar
ELOTIN;LABORATÓRIO FARMACÊUTICO ELOFAR LTDA;83.874.628/0001-43;26090236;10/01/2023;2023-01-10;similar
ISOTRETINOÍNA;RANBAXY FARMACÊUTICA LTDA;73.663.650/0001-90;23236230;10/01/2023;2023-01-10;generico
LEVOFLOXACINO;LABORATÓRIO TEUTO BRASILEIRO S/A;17.159.229/0001-76;23621231;10/01/2023;2023-01-10;generico
XENPOZYME;SANOFI MEDLEY FARMACÊUTICA LTDA.;10.588.595/0010-92;26725231;10/01/2023;2023-01-10;biologico
ibuprofeno;LABORATÓRIO TEUTO BRASILEIRO S/A;17.159.229/0001-76;25246232;10/01/2023;2023-01-10;generico
promestrieno;EUROFARMA LABORATÓRIOS S.A.;61.190.096/0001-92;27588238;10/01/2023;2023-01-10;generico
NISUFAR;LABORATÓRIO FARMACÊUTICO ELOFAR LTDA;83.874.628/0001-43;25775235;10/01/2023;2023-01-10;similar
MATIZ;EUROFARMA LABORATÓRIOS S.A.;61.190.096/0001-92;26636239;10/01/2023;2023-01-10;similar
Uplizna;HORIZON THERAPEUTICS BRASIL LTDA.;41.590.794/0001-78;31280234;11/01/2023;2023-01-11;biologico
cloridrato de tramadol;UNIÃO QUÍMICA FARMACÊUTICA NACIONAL S/A;60.665.981/0001-18;31250238;11/01/2023;2023-01-11;generico
piperacilina sódica + tazobactam sódico;FRESENIUS KABI BRASIL LTDA;49.324.221/0001-04;27869237;11/01/2023;2023-01-11;generico
REFORTRIX;GLAXOSMITHKLINE BRASIL LTDA;33.247.743/0001-10;30773237;11/01/2023;2023-01-11;novo
TEUCIPROX;LABORATÓRIO TEUTO BRASILEIRO S/A;17.159.229/0001-76;27786234;11/01/2023;2023-01-11;similar
ceftriaxona dissódica hemieptaidratada;ANTIBIÓTICOS DO BRASIL LTDA;5439635000103;29560233;11/01/2023;2023-01-11;generico
STRIVERDI RESPIMAT;BOEHRINGER INGELHEIM DO BRASIL QUÍMICA E FARMACÊUTICA LTDA.;60.831.658/0001-77;30995230;11/01/2023;2023-01-11;novo
GENOTROPIN;PFIZER BRASIL LTDA;61.072.393/0001-33;30774233;11/01/2023;2023-01-11;biologico
CLORIDRATO DE PROPRANOLOL;UNIÃO QUÍMICA FARMACÊUTICA NACIONAL S/A;60.665.981/0001-18;30693233;11/01/2023;2023-01-11;generico
apixabana;ZYDUS NIKKHO FARMACÊUTICA LTDA;5254971000181;28041232;11/01/2023;2023-01-11;generico
FONT D;UNIÃO QUÍMICA FARMACÊUTICA NACIONAL S/A;60.665.981/0001-18;29976235;11/01/2023;2023-01-11;especifico
GLIOCORT;FRESENIUS KABI BRASIL LTDA;49.324.221/0001-04;30064236;11/01/2023;2023-01-11;similar
VITAMINA D3;UNIÃO QUÍMICA FARMACÊUTICA NACIONAL S/A;60.665.981/0001-18;30029236;11/01/2023;2023-01-11;especifico
SPRAVATO;JANSSEN - CILAG FARMACÊUTICA LTDA;51.780.468/0001-87;29661234;11/01/2023;2023-01-11;novo
UNIFLU;UNIÃO QUÍMICA FARMACÊUTICA NACIONAL S/A;60.665.981/0001-18;28007239;11/01/2023;2023-01-11;similar
HARTERYA;ZYDUS NIKKHO FARMACÊUTICA LTDA;5254971000181;30524237;11/01/2023;2023-01-11;similar
cloridrato de paroxetina;CIMED INDUSTRIA S.A;2814497000107;29933234;11/01/2023;2023-01-11;generico
cloridrato de ciprofloxacino;LABORATÓRIO TEUTO BRASILEIRO S/A;17.159.229/0001-76;27705234;11/01/2023;2023-01-11;generico
BIO - VAGIN;ADIUM S.A.;55.980.684/0001-27;35763230;12/01/2023;2023-01-12;similar
BELARA;GRÜNENTHAL DO BRASIL FARMACÊUTICA LTDA.;10.555.143/0001-13;35752238;12/01/2023;2023-01-12;novo
BIQUIZ;SUPERA FARMA LABORATÓRIOS S.A;43.312.503/0001-05;34936238;12/01/2023;2023-01-12;similar
MICARDIS ANLO;BOEHRINGER INGELHEIM DO BRASIL QUÍMICA E FARMACÊUTICA LTDA.;60.831.658/0001-77;35670231;12/01/2023;2023-01-12;novo
linezolida;EUROFARMA LABORATÓRIOS S.A.;61.190.096/0001-92;32797231;12/01/2023;2023-01-12;generico
FAR-MANGUINHOS-LAMIVUDINA+ZIDOVUDINA;FUNDAÇÃO OSWALDO CRUZ;33.781.055/0001-35;34957235;12/01/2023;2023-01-12;similar
BROMIDRATO DE DARIFENACINA;ADIUM S.A.;55.980.684/0001-27;34393234;12/01/2023;2023-01-12;generico
cloridrato de fluoxetina;SANOFI MEDLEY FARMACÊUTICA LTDA.;10.588.595/0010-92;34751238;12/01/2023;2023-01-12;generico
FLODIN DUO;ADIUM S.A.;55.980.684/0001-27;35594233;12/01/2023;2023-01-12;similar
olmesartana medoxomila;EUROFARMA LABORATÓRIOS S.A.;61.190.096/0001-92;34991239;12/01/2023;2023-01-12;generico
CARDIOXANE;ADIUM S.A.;55.980.684/0001-27;35481234;12/01/2023;2023-01-12;novo
TROL;SUPERA FARMA LABORATÓRIOS S.A;43.312.503/0001-05;34949232;12/01/2023;2023-01-12;similar
belarina;GRÜNENTHAL DO BRASIL FARMACÊUTICA LTDA.;10.555.143/0001-13;35707232;12/01/2023;2023-01-12;novo
PREBICTAL;ADIUM S.A.;55.980.684/0001-27;35314231;12/01/2023;2023-01-12;novo
COMPAZ;CRISTÁLIA PRODUTOS QUÍMICOS FARMACÊUTICOS LTDA.;44.734.671/0001-51;35179236;12/01/2023;2023-01-12;similar
Perjeta;PRODUTOS ROCHE QUÍMICOS E FARMACÊUTICOS S.A.;33.009.945/0001-23;35411236;12/01/2023;2023-01-12;biologico
CIPROFLOXACINO;BRAINFARMA INDÚSTRIA QUÍMICA E FARMACÊUTICA S.A;5161069000110;32734239;12/01/2023;2023-01-12;generico
Prebictal;ADIUM S.A.;55.980.684/0001-27;35157232;12/01/2023;2023-01-12;novo
CONFILIFY;SANDOZ DO BRASIL INDÚSTRIA FARMACÊUTICA LTDA;61.286.647/0001-16;36434230;12/01/2023;2023-01-12;similar
LIPIODOL UF;GUERBET PRODUTOS RADIOLÓGICOS LTDA;42.180.406/0001-43;39609235;13/01/2023;2023-01-13;similar
CLORIDRATO DE TRAMADOL;GERMED FARMACEUTICA LTDA;45.992.062/0001-65;39439232;13/01/2023;2023-01-13;generico
NALDECON MULTI;RECKITT BENCKISER (BRASIL) LTDA;59.557.124/0001-15;40669238;13/01/2023;2023-01-13;similar
PYRIDIUM;ADIUM S.A.;55.980.684/0001-27;40296237;13/01/2023;2023-01-13;novo
NUROMOL;RECKITT BENCKISER (BRASIL) LTDA;59.557.124/0001-15;40704238;13/01/2023;2023-01-13;novo
NALDECON NOITE;RECKITT BENCKISER (BRASIL) LTDA;59.557.124/0001-15;40634230;13/01/2023;2023-01-13;novo
topiramato;UNIÃO QUÍMICA FARMACÊUTICA NACIONAL S/A;60.665.981/0001-18;38745232;13/01/2023;2023-01-13;generico
NALDECON PACK;RECKITT BENCKISER (BRASIL) LTDA;59.557.124/0001-15;40636232;13/01/2023;2023-01-13;novo
BUPROLIVIUM;KLEY HERTZ FARMACEUTICA S.A;92.695.691/0001-03;38998238;13/01/2023;2023-01-13;similar
INVEGA;JANSSEN - CILAG FARMACÊUTICA LTDA;51.780.468/0001-87;37136232;13/01/2023;2023-01-13;novo
OSTEOTEC;ADIUM S.A.;55.980.684/0001-27;37072234;13/01/2023;2023-01-13;similar
MITRUL;ADIUM S.A.;55.980.684/0001-27;36918237;13/01/2023;2023-01-13;novo
PARATRAM;ADIUM S.A.;55.980.684/0001-27;36971235;13/01/2023;2023-01-13;novo
NALDECON DIA;RECKITT BENCKISER (BRASIL) LTDA;59.557.124/0001-15;40586235;13/01/2023;2023-01-13;novo
BACTERACIN;LABORATÓRIO TEUTO BRASILEIRO S/A;17.159.229/0001-76;39957233;13/01/2023;2023-01-13;similar
cloridrato de pioglitazona;MULTILAB INDUSTRIA E COMERCIO DE PRODUTOS FARMACEUTICOS LTDA;92.265.552/0009-05;45908231;16/01/2023;2023-01-16;generico
SPIRIVA RESPIMAT;BOEHRINGER INGELHEIM DO BRASIL QUÍMICA E FARMACÊUTICA LTDA.;60.831.658/0001-77;44031238;16/01/2023;2023-01-16;novo
FLIXOTIDE;GLAXOSMITHKLINE BRASIL LTDA;33.247.743/0001-10;45235236;16/01/2023;2023-01-16;novo
ASPIRINA PREVENT;BAYER S.A.;18.459.628/0001-15;43386237;16/01/2023;2023-01-16;novo
pantoprazol sódico sesqui-hidratado;MULTILAB INDUSTRIA E COMERCIO DE PRODUTOS FARMACEUTICOS LTDA;92.265.552/0009-05;46092234;16/01/2023;2023-01-16;generico
diazepam;BRAINFARMA INDÚSTRIA QUÍMICA E FARMACÊUTICA S.A;5161069000110;43282237;16/01/2023;2023-01-16;generico
TEPMETKO;MERCK S/A;33.069.212/0001-84;45183236;16/01/2023;2023-01-16;novo
FUCSIA FEM;MULTILAB INDUSTRIA E COMERCIO DE PRODUTOS FARMACEUTICOS LTDA;92.265.552/0009-05;45927235;16/01/2023;2023-01-16;similar
meloxicam;BRAINFARMA INDÚSTRIA QUÍMICA E FARMACÊUTICA S.A;5161069000110;45041237;16/01/2023;2023-01-16;generico
latanoprosta;MULTILAB INDUSTRIA E COMERCIO DE PRODUTOS FARMACEUTICOS LTDA;92.265.552/0009-05;45983232;16/01/2023;2023-01-16;generico
TRIANCIL;APSEN FARMACEUTICA S/A;62.462.015/0001-29;45647232;16/01/2023;2023-01-16;novo
GOLTRITE;MULTILAB INDUSTRIA E COMERCIO DE PRODUTOS FARMACEUTICOS LTDA;92.265.552/0009-05;45937231;16/01/2023;2023-01-16;similar
levofloxacino;MULTILAB INDUSTRIA E COMERCIO DE PRODUTOS FARMACEUTICOS LTDA;92.265.552/0009-05;46042237;16/01/2023;2023-01-16;generico
VASIFIL;MULTILAB INDUSTRIA E COMERCIO DE PRODUTOS FARMACEUTICOS LTDA;92.265.552/0009-05;46131230;16/01/2023;2023-01-16;similar
paracetamol;LABORATÓRIO TEUTO BRASILEIRO S/A;17.159.229/0001-76;46510231;16/01/2023;2023-01-16;generico
IGVENA;KEDRION BRASIL DISTRIBUIDORA DE PRODUTOS HOSPITALARES LTDA;9284952000159;46711236;16/01/2023;2023-01-16;biologico
LERCAN;MULTILAB INDUSTRIA E COMERCIO DE PRODUTOS FARMACEUTICOS LTDA;92.265.552/0009-05;45972231;16/01/2023;2023-01-16;similar
Niflag;MULTILAB INDUSTRIA E COMERCIO DE PRODUTOS FARMACEUTICOS LTDA;92.265.552/0009-05;46043233;16/01/2023;2023-01-16;similar
CARBOCISTEINA;MULTILAB INDUSTRIA E COMERCIO DE PRODUTOS FARMACEUTICOS LTDA;92.265.552/0009-05;45886237;16/01/2023;2023-01-16;generico
INIBINA;APSEN FARMACEUTICA S/A;62.462.015/0001-29;45268231;16/01/2023;2023-01-16;similar
Nimesulida;LABORATÓRIO TEUTO BRASILEIRO S/A;17.159.229/0001-76;45643237;16/01/2023;2023-01-16;generico
propionato de clobetasol;MULTILAB INDUSTRIA E COMERCIO DE PRODUTOS FARMACEUTICOS LTDA;92.265.552/0009-05;46100237;16/01/2023;2023-01-16;generico
CREON;ABBOTT LABORATÓRIOS DO BRASIL LTDA;56.998.701/0001-16;51028239;17/01/2023;2023-01-17;biologico
OSTEOFORM;EMS SIGMA PHARMA LTDA;923140000131;50125231;17/01/2023;2023-01-17;similar
olmesartana medoxomila+besilato de anlodipino;GERMED FARMACEUTICA LTDA;45.992.062/0001-65;50488236;17/01/2023;2023-01-17;generico
cloridrato de fingolimode;FARMA VISION IMPORTAÇÃO E EXPORTAÇÃO DE MEDICAMENTOS LTDA;9058502000148;50369237;17/01/2023;2023-01-17;generico
cloridrato de ciclobenzaprina;MULTILAB INDUSTRIA E COMERCIO DE PRODUTOS FARMACEUTICOS LTDA;92.265.552/0009-05;49715232;17/01/2023;2023-01-17;generico
BONAGRAN;LEGRAND PHARMA INDÚSTRIA FARMACÊUTICA LTDA;5044984000126;50247239;17/01/2023;2023-01-17;similar
ALENDRONATO DE SÓDIO;GERMED FARMACEUTICA LTDA;45.992.062/0001-65;50029231;17/01/2023;2023-01-17;generico
ALENDRONATO DE SÓDIO;MULTILAB INDUSTRIA E COMERCIO DE PRODUTOS FARMACEUTICOS LTDA;92.265.552/0009-05;49965239;17/01/2023;2023-01-17;generico
CINATREX;CIFARMA CIENTÍFICA FARMACÊUTICA LTDA;17.562.075/0001-69;49722239;17/01/2023;2023-01-17;similar
SPECDERA;LABORATÓRIO GLOBO SA;17.115.437/0001-73;50665235;17/01/2023;2023-01-17;fitoterapico
ALENDRONATO DE SÓDIO;EMS S/A;57.507.378/0003-65;50186230;17/01/2023;2023-01-17;generico
ALENDRONATO DE SÓDIO;LEGRAND PHARMA INDÚSTRIA FARMACÊUTICA LTDA;5044984000126;49916238;17/01/2023;2023-01-17;generico
celecoxibe;RANBAXY FARMACÊUTICA LTDA;73.663.650/0001-90;50264231;17/01/2023;2023-01-17;generico
CEFTRIONA;FRESENIUS KABI BRASIL LTDA;49.324.221/0001-04;56220235;18/01/2023;2023-01-18;similar
FENAZIC;ADIUM S.A.;55.980.684/0001-27;56631235;18/01/2023;2023-01-18;similar
ATORVASTATINA CÁLCICA;LABORATÓRIO TEUTO BRASILEIRO S/A;17.159.229/0001-76;54903238;18/01/2023;2023-01-18;generico
AZITROMICINA;PHARLAB INDÚSTRIA FARMACÊUTICA S.A.;2501297000102;55973230;18/01/2023;2023-01-18;generico
cloridrato de donepezila;INSTITUTO BIOCHIMICO INDÚSTRIA FARMACÊUTICA LTDA;33.258.401/0001-03;55900232;18/01/2023;2023-01-18;generico
CLORIDRATO DE TRAMADOL;HALEX ISTAR INDÚSTRIA FARMACÊUTICA SA;1571702000198;56520239;18/01/2023;2023-01-18;generico
OLMY ANLO;EMS SIGMA PHARMA LTDA;923140000131;55710239;18/01/2023;2023-01-18;similar
XELJANZ;PFIZER BRASIL LTDA;61.072.393/0001-33;52497232;18/01/2023;2023-01-18;novo
CIPROFLONAX;PHARLAB INDÚSTRIA FARMACÊUTICA S.A.;2501297000102;56524234;18/01/2023;2023-01-18;similar
TAKHZYRO;TAKEDA PHARMA LTDA.;60.397.775/0001-74;52584232;18/01/2023;2023-01-18;biologico
AZITROPHAR;PHARLAB INDÚSTRIA FARMACÊUTICA S.A.;2501297000102;56164238;18/01/2023;2023-01-18;similar
cloridrato de ciprofloxacino;PHARLAB INDÚSTRIA FARMACÊUTICA S.A.;2501297000102;56591233;18/01/2023;2023-01-18;generico
OSELFLU;NATCOFARMA DO BRASIL LTDA;8157293000127;56040237;18/01/2023;2023-01-18;similar
PRALUENT;SANOFI MEDLEY FARMACÊUTICA LTDA.;10.588.595/0010-92;55272231;18/01/2023;2023-01-18;biologico
Torgena;PFIZER BRASIL LTDA;61.072.393/0001-33;54996236;18/01/2023;2023-01-18;novo
HYPOFLOX;HYPOFARMA - INSTITUTO DE HYPODERMIA E FARMÁCIA LTDA;17.174.657/0001-78;59904232;19/01/2023;2023-01-19;similar
MALEATO DE TIMOLOL;NOVARTIS BIOCIENCIAS S.A;56.994.502/0001-30;61425231;19/01/2023;2023-01-19;generico
NICORETTE;JANSSEN - CILAG FARMACÊUTICA LTDA;51.780.468/0001-87;60666234;19/01/2023;2023-01-19;novo
ESALERG;Aché Laboratórios Farmacêuticos S.A;60.659.463/0029-92;59457236;19/01/2023;2023-01-19;similar
AMBROL;BRASTERAPICA INDUSTRIA FARMACEUTICA LTDA;46.179.008/0001-68;60787236;19/01/2023;2023-01-19;similar
CAMPTOSAR;PFIZER BRASIL LTDA;61.072.393/0001-33;60602236;19/01/2023;2023-01-19;novo
GLAUTIMOL;NOVARTIS BIOCIENCIAS S.A;56.994.502/0001-30;60205237;19/01/2023;2023-01-19;similar
XALKORI;PFIZER BRASIL LTDA;61.072.393/0001-33;60984236;19/01/2023;2023-01-19;novo
INLYTA;PFIZER BRASIL LTDA;61.072.393/0001-33;60359234;19/01/2023;2023-01-19;novo
BUSCOPAN;COSMED INDUSTRIA DE COSMETICOS E MEDICAMENTOS S.A.;61.082.426/0002-07;57548234;19/01/2023;2023-01-19;novo
DESLORATADINA;Aché Laboratórios Farmacêuticos S.A;60.659.463/0029-92;59526238;19/01/2023;2023-01-19;generico
FDG;VILLAS BOAS RADIOFÁRMACOS BRASIL S/A;8944601000164;60384239;19/01/2023;2023-01-19;radiofarmaco
DIAZEPAM;PHARLAB INDÚSTRIA FARMACÊUTICA S.A.;2501297000102;59563231;19/01/2023;2023-01-19;generico
TARTARATO DE BRIMONIDINA;NOVARTIS BIOCIENCIAS S.A;56.994.502/0001-30;60409231;19/01/2023;2023-01-19;generico
Besponsa;PFIZER BRASIL LTDA;61.072.393/0001-33;64809234;20/01/2023;2023-01-20;biologico
Novoseven;NOVO NORDISK FARMACÊUTICA DO BRASIL LTDA;82.277.955/0001-55;63063239;20/01/2023;2023-01-20;novo
EXHER;NATCOFARMA DO BRASIL LTDA;8157293000127;65374231;20/01/2023;2023-01-20;similar
TRAMADON;CRISTÁLIA PRODUTOS QUÍMICOS FARMACÊUTICOS LTDA.;44.734.671/0001-51;64930238;20/01/2023;2023-01-20;similar
NIMENRIX;LABORATÓRIOS PFIZER LTDA;46.070.868/0036-99;64814238;20/01/2023;2023-01-20;biologico
BORTECIP;CIPLA BRASIL IMPORTADORA E DISTRIBUIDORA DE MEDICAMENTOS LTDA;18.268.051/0001-64;63109239;20/01/2023;2023-01-20;similar
Cetoconazol-Micronizado;BRASTERAPICA INDUSTRIA FARMACEUTICA LTDA;46.179.008/0001-68;64784231;20/01/2023;2023-01-20;generico
ORFADIN;INNOVATIVE MEDICINES BRASIL SP DISTRIBUICAO DE MEDICAMENTOS LTDA;21.810.980/0001-68;62798235;20/01/2023;2023-01-20;novo
ciprofibrato;GEOLAB INDÚSTRIA FARMACÊUTICA S/A;3485572000104;62206231;20/01/2023;2023-01-20;generico
CLORIDRATO DE CIPROFLOXACINO;BRASTERAPICA INDUSTRIA FARMACEUTICA LTDA;46.179.008/0001-68;64771237;20/01/2023;2023-01-20;generico
HYSTIN;GEOLAB INDÚSTRIA FARMACÊUTICA S/A;3485572000104;65196236;20/01/2023;2023-01-20;similar
MICOFENOLATO DE MOFETILA;EMS S/A;57.507.378/0003-65;62364235;20/01/2023;2023-01-20;generico
POLTAX;GEOLAB INDÚSTRIA FARMACÊUTICA S/A;3485572000104;62391232;20/01/2023;2023-01-20;similar
ALPHABRIN;GEOLAB INDÚSTRIA FARMACÊUTICA S/A;3485572000104;64920232;20/01/2023;2023-01-20;similar
BOTULIFT;LABORATÓRIO QUÍMICO FARMACÊUTICO BERGAMO LTDA;61.282.661/0001-41;65874234;21/01/2023;2023-01-21;biologico
Oxypynal;ADIUM S.A.;55.980.684/0001-27;69614237;23/01/2023;2023-01-23;similar
GRIPALCÊ;BRASTERAPICA INDUSTRIA FARMACEUTICA LTDA;46.179.008/0001-68;66693233;23/01/2023;2023-01-23;similar
TRANQUIL;LABORATÓRIO GLOBO SA;17.115.437/0001-73;66619238;23/01/2023;2023-01-23;fitoterapico
LIBERFEM;ADIUM S.A.;55.980.684/0001-27;68999232;23/01/2023;2023-01-23;similar
SALICETIL;BRASTERAPICA INDUSTRIA FARMACEUTICA LTDA;46.179.008/0001-68;67983235;23/01/2023;2023-01-23;similar
perindopril erbumina + indapamida;EMS S/A;57.507.378/0003-65;69927235;23/01/2023;2023-01-23;generico
DESAIRON;EMS S/A;57.507.378/0003-65;69296235;23/01/2023;2023-01-23;similar
SECTIL;BRASTERAPICA INDUSTRIA FARMACEUTICA LTDA;46.179.008/0001-68;67996230;23/01/2023;2023-01-23;similar
CIPROBIOT;SANDOZ DO BRASIL INDÚSTRIA FARMACÊUTICA LTDA;61.286.647/0001-16;68646232;23/01/2023;2023-01-23;similar
SINVASTACOR;SANDOZ DO BRASIL INDÚSTRIA FARMACÊUTICA LTDA;61.286.647/0001-16;68640234;23/01/2023;2023-01-23;similar
cloridrato de oxicodona;ADIUM S.A.;55.980.684/0001-27;69520232;23/01/2023;2023-01-23;generico
CONAZOL;BRASTERAPICA INDUSTRIA FARMACEUTICA LTDA;46.179.008/0001-68;66702232;23/01/2023;2023-01-23;similar
GRIPALCÊ UNO;BRASTERAPICA INDUSTRIA FARMACEUTICA LTDA;46.179.008/0001-68;66834236;23/01/2023;2023-01-23;similar
TRIPLIXAM;LABORATÓRIOS SERVIER DO BRASIL LTDA;42.374.207/0001-76;69815232;23/01/2023;2023-01-23;novo
TYFLEN;BRASTERAPICA INDUSTRIA FARMACEUTICA LTDA;46.179.008/0001-68;68097239;23/01/2023;2023-01-23;similar
Acetato de clormadinona + etinilestradiol;ADIUM S.A.;55.980.684/0001-27;68748230;23/01/2023;2023-01-23;generico
MICARDIS HCT;BOEHRINGER INGELHEIM DO BRASIL QUÍMICA E FARMACÊUTICA LTDA.;60.831.658/0001-77;69700231;23/01/2023;2023-01-23;novo
paracetamol;BRASTERAPICA INDUSTRIA FARMACEUTICA LTDA;46.179.008/0001-68;68062231;23/01/2023;2023-01-23;similar
DPHAR;PHARLAB INDÚSTRIA FARMACÊUTICA S.A.;2501297000102;69928231;23/01/2023;2023-01-23;especifico
VORICONAZOL;CRISTÁLIA PRODUTOS QUÍMICOS FARMACÊUTICOS LTDA.;44.734.671/0001-51;66814235;23/01/2023;2023-01-23;generico
ESTOMAZIL;COSMED INDUSTRIA DE COSMETICOS E MEDICAMENTOS S.A.;61.082.426/0002-07;69661235;23/01/2023;2023-01-23;especifico
MYDRIACYL;NOVARTIS BIOCIENCIAS S.A;56.994.502/0001-30;73914231;24/01/2023;2023-01-24;novo
WOSULIN N;GERAIS, COMÉRCIO E IMPORTAÇÃO DE MATERIAIS E EQUIPAMENTOS MEDICOS LTDA;4491780000170;73104230;24/01/2023;2023-01-24;biologico
CLARIL;NOVARTIS BIOCIENCIAS S.A;56.994.502/0001-30;74701231;24/01/2023;2023-01-24;novo
WOSULIN R;GERAIS, COMÉRCIO E IMPORTAÇÃO DE MATERIAIS E EQUIPAMENTOS MEDICOS LTDA;4491780000170;73043231;24/01/2023;2023-01-24;biologico
Everolimo;NATCOFARMA DO BRASIL LTDA;8157293000127;75070235;24/01/2023;2023-01-24;generico
DALACIN C;PFIZER BRASIL LTDA;61.072.393/0001-33;73677230;24/01/2023;2023-01-24;novo
TYGACIL;PFIZER BRASIL LTDA;61.072.393/0001-33;72772239;24/01/2023;2023-01-24;novo
Tegsedi;PTC FARMACEUTICA DO BRASIL LTDA.;25.210.463/0001-09;73358231;24/01/2023;2023-01-24;novo
BUCLINA;COSMED INDUSTRIA DE COSMETICOS E MEDICAMENTOS S.A.;61.082.426/0002-07;74664239;24/01/2023;2023-01-24;novo
CLAROFT;NOVARTIS BIOCIENCIAS S.A;56.994.502/0001-30;74822233;24/01/2023;2023-01-24;novo
TRAYENTA DUO;BOEHRINGER INGELHEIM DO BRASIL QUÍMICA E FARMACÊUTICA LTDA.;60.831.658/0001-77;73945234;24/01/2023;2023-01-24;novo
TAZOCIN;PFIZER BRASIL LTDA;61.072.393/0001-33;72524235;24/01/2023;2023-01-24;novo
SULFATO DE VINCRISTINA;LABORATÓRIO QUÍMICO FARMACÊUTICO BERGAMO LTDA;61.282.661/0001-41;70934231;24/01/2023;2023-01-24;generico
AIXA;SANOFI MEDLEY FARMACÊUTICA LTDA.;10.588.595/0010-92;71130233;24/01/2023;2023-01-24;similar
AMVUTTRA;SPECIALTY PHARMA GOIAS LTDA;31.731.807/0001-28;70903239;24/01/2023;2023-01-24;novo
ANESTALCON;NOVARTIS BIOCIENCIAS S.A;56.994.502/0001-30;72395231;24/01/2023;2023-01-24;similar
DUAL;Aché Laboratórios Farmacêuticos S.A;60.659.463/0029-92;79575234;25/01/2023;2023-01-25;similar
aripiprazol;PRATI DONADUZZI & CIA LTDA;73.856.593/0001-66;79101232;25/01/2023;2023-01-25;generico
HARIP;PRATI DONADUZZI & CIA LTDA;73.856.593/0001-66;79130232;25/01/2023;2023-01-25;similar
Vastarel caps LP;LABORATÓRIOS SERVIER DO BRASIL LTDA;42.374.207/0001-76;78500231;25/01/2023;2023-01-25;novo
VERTIZINE D;Aché Laboratórios Farmacêuticos S.A;60.659.463/0029-92;75703238;25/01/2023;2023-01-25;similar
acetato de hidrocortisona;LABORATÓRIO TEUTO BRASILEIRO S/A;17.159.229/0001-76;76014231;25/01/2023;2023-01-25;generico
VEAC;EUROFARMA LABORATÓRIOS S.A.;61.190.096/0001-92;78633231;25/01/2023;2023-01-25;similar
TADALAFILA;MULTILAB INDUSTRIA E COMERCIO DE PRODUTOS FARMACEUTICOS LTDA;92.265.552/0009-05;77888235;25/01/2023;2023-01-25;generico
tobramicina;MULTILAB INDUSTRIA E COMERCIO DE PRODUTOS FARMACEUTICOS LTDA;92.265.552/0009-05;77928237;25/01/2023;2023-01-25;generico
Propionato de clobetasol;MULTILAB INDUSTRIA E COMERCIO DE PRODUTOS FARMACEUTICOS LTDA;92.265.552/0009-05;77819233;25/01/2023;2023-01-25;generico
dacarbazina;LABORATÓRIO QUÍMICO FARMACÊUTICO BERGAMO LTDA;61.282.661/0001-41;78224233;25/01/2023;2023-01-25;generico
valerato de betametasona + sulfato de gentamicina + tolnaftato + clioquinol;MULTILAB INDUSTRIA E COMERCIO DE PRODUTOS FARMACEUTICOS LTDA;92.265.552/0009-05;77945239;25/01/2023;2023-01-25;generico
DIGEPLUS;Aché Laboratórios Farmacêuticos S.A;60.659.463/0029-92;79510230;25/01/2023;2023-01-25;novo
meloxicam;MULTILAB INDUSTRIA E COMERCIO DE PRODUTOS FARMACEUTICOS LTDA;92.265.552/0009-05;76122239;25/01/2023;2023-01-25;generico
FUCSIA MINUS;MULTILAB INDUSTRIA E COMERCIO DE PRODUTOS FARMACEUTICOS LTDA;92.265.552/0009-05;76084230;25/01/2023;2023-01-25;similar
omeprazol;MULTILAB INDUSTRIA E COMERCIO DE PRODUTOS FARMACEUTICOS LTDA;92.265.552/0009-05;76135233;25/01/2023;2023-01-25;generico
CLORIDRATO DE DULOXETINA;Aché Laboratórios Farmacêuticos S.A;60.659.463/0029-92;75707233;25/01/2023;2023-01-25;generico
acebrofilina;EUROFARMA LABORATÓRIOS S.A.;61.190.096/0001-92;79269231;25/01/2023;2023-01-25;generico
FORTEO;ELI LILLY DO BRASIL LTDA;43.940.618/0001-44;82343233;26/01/2023;2023-01-26;biologico
IOMERON;Bracco Imaging do Brasil Importação e Distribuição de Medicamentos Ltda;10.742.412/0004-01;82904235;26/01/2023;2023-01-26;novo
ARTROSIL;Aché Laboratórios Farmacêuticos S.A;60.659.463/0029-92;80430236;26/01/2023;2023-01-26;novo
BECLONATO;BRAINFARMA INDÚSTRIA QUÍMICA E FARMACÊUTICA S.A;5161069000110;82896232;26/01/2023;2023-01-26;similar
acetato de clormadinona + etinilestradiol;EMS S/A;57.507.378/0003-65;82823235;26/01/2023;2023-01-26;generico
NAPROX;LABORATÓRIO TEUTO BRASILEIRO S/A;17.159.229/0001-76;81913231;26/01/2023;2023-01-26;similar
ASMOFEN;LABORATÓRIO TEUTO BRASILEIRO S/A;17.159.229/0001-76;80466231;26/01/2023;2023-01-26;similar
FERID;UNIÃO QUÍMICA FARMACÊUTICA NACIONAL S/A;60.665.981/0001-18;83232231;26/01/2023;2023-01-26;similar
LYNOZ;CRISTÁLIA PRODUTOS QUÍMICOS FARMACÊUTICOS LTDA.;44.734.671/0001-51;81445237;26/01/2023;2023-01-26;similar
BEDOZE;EUROFARMA LABORATÓRIOS S.A.;61.190.096/0001-92;81295235;26/01/2023;2023-01-26;especifico
succinato de desvenlafaxina;LABORATÓRIO TEUTO BRASILEIRO S/A;17.159.229/0001-76;80437231;26/01/2023;2023-01-26;generico
ACETATO DE CLORMADINONA + ETINILESTRADIOL;LEGRAND PHARMA INDÚSTRIA FARMACÊUTICA LTDA;5044984000126;87284235;27/01/2023;2023-01-27;generico
ONCILEG CORT;LEGRAND PHARMA INDÚSTRIA FARMACÊUTICA LTDA;5044984000126;86253239;27/01/2023;2023-01-27;similar
MECLIN JET;APSEN FARMACEUTICA S/A;62.462.015/0001-29;83723234;27/01/2023;2023-01-27;novo
OFEV;BOEHRINGER INGELHEIM DO BRASIL QUÍMICA E FARMACÊUTICA LTDA.;60.831.658/0001-77;87564238;27/01/2023;2023-01-27;novo
TOBRACORT;UNIÃO QUÍMICA FARMACÊUTICA NACIONAL S/A;60.665.981/0001-18;87549239;27/01/2023;2023-01-27;similar
MAXINOM;UNIÃO QUÍMICA FARMACÊUTICA NACIONAL S/A;60.665.981/0001-18;87537231;27/01/2023;2023-01-27;similar
WILLENTINE;Mawdsleys Pharmaceuticals do Brasil Ltda;19.501.429/0001-90;88122239;27/01/2023;2023-01-27;novo
maleato de timolol;BRAINFARMA INDÚSTRIA QUÍMICA E FARMACÊUTICA S.A;5161069000110;86177231;27/01/2023;2023-01-27;generico
GIOTRIF;BOEHRINGER INGELHEIM DO BRASIL QUÍMICA E FARMACÊUTICA LTDA.;60.831.658/0001-77;87505231;27/01/2023;2023-01-27;novo
VFEND;PFIZER BRASIL LTDA;61.072.393/0001-33;86185233;27/01/2023;2023-01-27;novo
RUBIDOX;LABORATÓRIO QUÍMICO FARMACÊUTICO BERGAMO LTDA;61.282.661/0001-41;84283238;27/01/2023;2023-01-27;similar
PENETRO;MEGALABS FARMACEUTICA S.A.;33.026.055/0001-20;94116237;30/01/2023;2023-01-30;similar
CIPRAMIL;LUNDBECK BRASIL LTDA;4522600000170;88544231;30/01/2023;2023-01-30;similar
LOSARTANA POTÁSSICA;Aché Laboratórios Farmacêuticos S.A;60.659.463/0029-92;89408233;30/01/2023;2023-01-30;generico
MICARDIS;BOEHRINGER INGELHEIM DO BRASIL QUÍMICA E FARMACÊUTICA LTDA.;60.831.658/0001-77;93687231;30/01/2023;2023-01-30;novo
DELLER;Aché Laboratórios Farmacêuticos S.A;60.659.463/0029-92;89035232;30/01/2023;2023-01-30;similar
LUR;Aché Laboratórios Farmacêuticos S.A;60.659.463/0029-92;92918239;30/01/2023;2023-01-30;similar
DESVENTAG;Aché Laboratórios Farmacêuticos S.A;60.659.463/0029-92;89057236;30/01/2023;2023-01-30;similar
DROXAINE;MEGALABS FARMACEUTICA S.A.;33.026.055/0001-20;94014230;30/01/2023;2023-01-30;novo
mesilato de imatinibe;LABORATORIO QUIMICO FARMACEUTICO DA AERONAUTICA;394429009914;91869234;30/01/2023;2023-01-30;generico
Ibuprofeno;LABORATÓRIO GLOBO SA;17.115.437/0001-73;92167233;30/01/2023;2023-01-30;generico
GOTAS BINELLI;MEGALABS FARMACEUTICA S.A.;33.026.055/0001-20;94017239;30/01/2023;2023-01-30;similar
Trimbow;CHIESI FARMACÊUTICA LTDA;61.363.032/0001-46;89163231;30/01/2023;2023-01-30;novo
MALVONA;MEGALABS FARMACEUTICA S.A.;33.026.055/0001-20;94110239;30/01/2023;2023-01-30;novo
MALVATRICIN;MEGALABS FARMACEUTICA S.A.;33.026.055/0001-20;93887230;30/01/2023;2023-01-30;novo
PRALÍVIO;CIMED INDUSTRIA S.A;2814497000107;92969232;30/01/2023;2023-01-30;similar
BESEROL;MEGALABS FARMACEUTICA S.A.;33.026.055/0001-20;94115231;30/01/2023;2023-01-30;similar
TRAUM;Aché Laboratórios Farmacêuticos S.A;60.659.463/0029-92;89179234;30/01/2023;2023-01-30;similar
SUCCINATO DE DESVENLAFAXINA MONOIDRATADO;Aché Laboratórios Farmacêuticos S.A;60.659.463/0029-92;89137230;30/01/2023;2023-01-30;generico
etoricoxibe;ZYDUS NIKKHO FARMACÊUTICA LTDA;5254971000181;95267239;31/01/2023;2023-01-31;generico
EFFIENT;DAIICHI SANKYO BRASIL FARMACÊUTICA LTDA;60.874.187/0001-84;98412230;31/01/2023;2023-01-31;novo
ELIGARD;ADIUM S.A.;55.980.684/0001-27;98796232;31/01/2023;2023-01-31;novo
Brenzys;Samsung Bioepis br Pharmaceutical ltda.;24.563.776/0001-88;97965235;31/01/2023;2023-01-31;biologico
BILYT;BIOLAB SANUS FARMACÊUTICA LTDA;49.475.833/0001-06;97793230;31/01/2023;2023-01-31;similar
OXOTRON;Aché Laboratórios Farmacêuticos S.A;60.659.463/0029-92;98528238;31/01/2023;2023-01-31;similar
Remsima;CELLTRION HEALTHCARE DISTRIBUICAO DE PRODUTOS FARMACEUTICOS DOS BRASIL LTDA;5452889000161;94210233;31/01/2023;2023-01-31;biologico
NISTATINA;CRISTÁLIA PRODUTOS QUÍMICOS FARMACÊUTICOS LTDA.;44.734.671/0001-51;95241230;31/01/2023;2023-01-31;generico
CLORIDRATO DE TRAMADOL (PORT 344/98 - LISTA A2);LABORATÓRIO TEUTO BRASILEIRO S/A;17.159.229/0001-76;98443232;31/01/2023;2023-01-31;generico
cloridrato de tansulosina;ZYDUS NIKKHO FARMACÊUTICA LTDA;5254971000181;97833231;31/01/2023;2023-01-31;generico
carbonato de lítio;BIOLAB SANUS FARMACÊUTICA LTDA;49.475.833/0001-06;97557234;31/01/2023;2023-01-31;generico
TOPIRAMATO;ZYDUS NIKKHO FARMACÊUTICA LTDA;5254971000181;97837237;31/01/2023;2023-01-31;generico
PLENANCE;LIBBS FARMACÊUTICA LTDA;61.230.314/0001-75;97955230;31/01/2023;2023-01-31;similar
cloridrato de trazodona;MULTILAB INDUSTRIA E COMERCIO DE PRODUTOS FARMACEUTICOS LTDA;92.265.552/0009-05;99718235;01/02/2023;2023-02-01;generico
cloridrato de ciprofloxacino monoidratado + dexametasona;LEGRAND PHARMA INDÚSTRIA FARMACÊUTICA LTDA;5044984000126;100934234;01/02/2023;2023-02-01;generico
cloridrato de ciprofloxacino monoidratado + dexametasona;GERMED FARMACEUTICA LTDA;45.992.062/0001-65;100920233;01/02/2023;2023-02-01;generico
cloridrato de ciprofloxacino monoidratado + dexametasona;EMS S/A;57.507.378/0003-65;100889239;01/02/2023;2023-02-01;generico
cloridrato de tramadol;PRATI DONADUZZI & CIA LTDA;73.856.593/0001-66;101261233;01/02/2023;2023-02-01;generico
cloridrato de tramadol;MULTILAB INDUSTRIA E COMERCIO DE PRODUTOS FARMACEUTICOS LTDA;92.265.552/0009-05;100481230;01/02/2023;2023-02-01;generico
cloridrato de dorzolamida;MULTILAB INDUSTRIA E COMERCIO DE PRODUTOS FARMACEUTICOS LTDA;92.265.552/0009-05;100463231;01/02/2023;2023-02-01;generico
ACECLOFENACO;GERMED FARMACEUTICA LTDA;45.992.062/0001-65;101268238;01/02/2023;2023-02-01;generico
DERIVA MICRO;GLENMARK FARMACÊUTICA LTDA;44.363.661/0001-57;100266231;01/02/2023;2023-02-01;novo
valerato de betametasona + sulfato de gentamicina + clioquinol + tolnaftato;MULTILAB INDUSTRIA E COMERCIO DE PRODUTOS FARMACEUTICOS LTDA;92.265.552/0009-05;100736238;01/02/2023;2023-02-01;generico
FUSOR;Aché Laboratórios Farmacêuticos S.A;60.659.463/0029-92;100825231;01/02/2023;2023-02-01;similar
VOXZOGO;BIOMARIN BRASIL FARMACÊUTICA LTDA;8002360000134;101861231;01/02/2023;2023-02-01;biologico
VSIQQ;SANDOZ DO BRASIL INDÚSTRIA FARMACÊUTICA LTDA;61.286.647/0001-16;102119236;01/02/2023;2023-02-01;biologico
captopril;MULTILAB INDUSTRIA E COMERCIO DE PRODUTOS FARMACEUTICOS LTDA;92.265.552/0009-05;100421237;01/02/2023;2023-02-01;generico
DEXAFLOTEN;EMS S/A;57.507.378/0003-65;100923232;01/02/2023;2023-02-01;similar
aciclovir;MULTILAB INDUSTRIA E COMERCIO DE PRODUTOS FARMACEUTICOS LTDA;92.265.552/0009-05;100748236;01/02/2023;2023-02-01;generico
PROFLOX D;EMS SIGMA PHARMA LTDA;923140000131;100931235;01/02/2023;2023-02-01;similar
HEDD;FARMOQUÍMICA S/A;33.349.473/0001-58;101071230;01/02/2023;2023-02-01;similar
CLORIDRATO DE VALACICLOVIR;RANBAXY FARMACÊUTICA LTDA;73.663.650/0001-90;101343230;01/02/2023;2023-02-01;generico
cloridrato de lidocaína;INSTITUTO BIOCHIMICO INDÚSTRIA FARMACÊUTICA LTDA;33.258.401/0001-03;99961237;01/02/2023;2023-02-01;generico
TRAZOSTAB;LEGRAND PHARMA INDÚSTRIA FARMACÊUTICA LTDA;5044984000126;99708230;01/02/2023;2023-02-01;similar
cloridrato de ciprofloxacino;MULTILAB INDUSTRIA E COMERCIO DE PRODUTOS FARMACEUTICOS LTDA;92.265.552/0009-05;100445233;01/02/2023;2023-02-01;generico
Cloridrato de trazodona;EMS S/A;57.507.378/0003-65;99760231;01/02/2023;2023-02-01;generico
BIANCORT;GERMED FARMACEUTICA LTDA;45.992.062/0001-65;100971237;01/02/2023;2023-02-01;similar
CLORIDRATO DE TRAZODONA;GERMED FARMACEUTICA LTDA;45.992.062/0001-65;99758237;01/02/2023;2023-02-01;generico
ESTRIONIL;HIPOLABOR FARMACEUTICA LTDA;19.570.720/0001-10;99684233;01/02/2023;2023-02-01;similar
CLORIDRATRO DE TRAZODONA;LEGRAND PHARMA INDÚSTRIA FARMACÊUTICA LTDA;5044984000126;99713233;01/02/2023;2023-02-01;generico
Fulphila;MYLAN LABORATORIOS LTDA;11.643.096/0001-22;101632231;01/02/2023;2023-02-01;biologico
MELAGRIÃO;LABORATORIO CATARINENSE LTDA;84.684.620/0001-87;100810233;01/02/2023;2023-02-01;fitoterapico
CELESTAMINE;COSMED INDUSTRIA DE COSMETICOS E MEDICAMENTOS S.A.;61.082.426/0002-07;101707231;01/02/2023;2023-02-01;novo
ARTELAC;BL INDÚSTRIA OTICA LTDA;27.011.022/0001-03;102261237;01/02/2023;2023-02-01;especifico
CLORIDRATO DE TRAMADOL (PORT. 344/98, L-A2);LABORATÓRIO TEUTO BRASILEIRO S/A;17.159.229/0001-76;103373233;02/02/2023;2023-02-02;generico
DORFENOL;VITAMEDIC INDUSTRIA FARMACEUTICA LTDA;30.222.814/0001-31;110891236;02/02/2023;2023-02-02;similar
PANTOMIX;Aché Laboratórios Farmacêuticos S.A;60.659.463/0029-92;110607236;02/02/2023;2023-02-02;similar
MENSYVA;Aché Laboratórios Farmacêuticos S.A;60.659.463/0029-92;110765231;02/02/2023;2023-02-02;similar
aripiprazol;NOVARTIS BIOCIENCIAS S.A;56.994.502/0001-30;111004233;02/02/2023;2023-02-02;generico
OFLOX;ALLERGAN PRODUTOS FARMACÊUTICOS LTDA;43.426.626/0001-77;103111239;02/02/2023;2023-02-02;novo
AILUK;GLENMARK FARMACÊUTICA LTDA;44.363.661/0001-57;110553233;02/02/2023;2023-02-02;similar
apixabana;NATCOFARMA DO BRASIL LTDA;8157293000127;110608232;02/02/2023;2023-02-02;generico
ORTOSAMIN;MULTILAB INDUSTRIA E COMERCIO DE PRODUTOS FARMACEUTICOS LTDA;92.265.552/0009-05;112736238;03/02/2023;2023-02-03;similar
ROSUCOR;TORRENT DO BRASIL LTDA;33.078.528/0001-32;115609237;03/02/2023;2023-02-03;similar
SULFATO DE VINCRISTINA;ACCORD FARMACÊUTICA LTDA;64.171.697/0001-46;116212233;03/02/2023;2023-02-03;generico
ANORO ELLIPTA;GLAXOSMITHKLINE BRASIL LTDA;33.247.743/0001-10;112547231;03/02/2023;2023-02-03;novo
ROSUVASTATINA CÁLCICA;TORRENT DO BRASIL LTDA;33.078.528/0001-32;115575235;03/02/2023;2023-02-03;generico
XILFYA;PFIZER BRASIL LTDA;61.072.393/0001-33;112901239;03/02/2023;2023-02-03;biologico
MYLOTARG;PFIZER BRASIL LTDA;61.072.393/0001-33;112891233;03/02/2023;2023-02-03;biologico
PRAXBIND;BOEHRINGER INGELHEIM DO BRASIL QUÍMICA E FARMACÊUTICA LTDA.;60.831.658/0001-77;115883231;03/02/2023;2023-02-03;biologico
ATROVENT;BOEHRINGER INGELHEIM DO BRASIL QUÍMICA E FARMACÊUTICA LTDA.;60.831.658/0001-77;115122231;03/02/2023;2023-02-03;novo
HIOSPAN COMPOSTO;LABORATÓRIO TEUTO BRASILEIRO S/A;17.159.229/0001-76;112733239;03/02/2023;2023-02-03;similar
besilato de cisatracúrio;ACCORD FARMACÊUTICA LTDA;64.171.697/0001-46;116209232;03/02/2023;2023-02-03;generico
Ibrance;PFIZER BRASIL LTDA;61.072.393/0001-33;112827233;03/02/2023;2023-02-03;novo
Blugrip Pelargonium;BRAINFARMA INDÚSTRIA QUÍMICA E FARMACÊUTICA S.A;5161069000110;115671234;03/02/2023;2023-02-03;fitoterapico
DABAZ;ACCORD FARMACÊUTICA LTDA;64.171.697/0001-46;116234237;03/02/2023;2023-02-03;similar
ATTENZE;EUROFARMA LABORATÓRIOS S.A.;61.190.096/0001-92;113058233;03/02/2023;2023-02-03;similar
BEROTEC;BOEHRINGER INGELHEIM DO BRASIL QUÍMICA E FARMACÊUTICA LTDA.;60.831.658/0001-77;117638234;06/02/2023;2023-02-06;novo
Travoptic;GEOLAB INDÚSTRIA FARMACÊUTICA S/A;3485572000104;120853230;06/02/2023;2023-02-06;similar
DICLORIDRATO DE BETAISTINA;Aché Laboratórios Farmacêuticos S.A;60.659.463/0029-92;120886235;06/02/2023;2023-02-06;generico
ENAVO ODT;EMS S/A;57.507.378/0003-65;120354233;06/02/2023;2023-02-06;similar
HILUROPT;GEOLAB INDÚSTRIA FARMACÊUTICA S/A;3485572000104;120733234;06/02/2023;2023-02-06;especifico
ESALERG GOTAS;Aché Laboratórios Farmacêuticos S.A;60.659.463/0029-92;120990237;06/02/2023;2023-02-06;novo
CLOTRIMAZOL;EMS S/A;57.507.378/0003-65;120874237;06/02/2023;2023-02-06;generico
OPTILAR;GEOLAB INDÚSTRIA FARMACÊUTICA S/A;3485572000104;120781239;06/02/2023;2023-02-06;similar
NASONEX®;ORGANON FARMACÊUTICA LTDA.;45.987.013/0001-34;119090236;06/02/2023;2023-02-06;novo
cloridrato de metilfenidato;EUROFARMA LABORATÓRIOS S.A.;61.190.096/0001-92;120032236;06/02/2023;2023-02-06;generico
BIMAGAN;GEOLAB INDÚSTRIA FARMACÊUTICA S/A;3485572000104;120745232;06/02/2023;2023-02-06;similar
ARIPIPRAZOL;ZYDUS NIKKHO FARMACÊUTICA LTDA;5254971000181;120541238;06/02/2023;2023-02-06;generico
VISOPTIC;GEOLAB INDÚSTRIA FARMACÊUTICA S/A;3485572000104;120879239;06/02/2023;2023-02-06;similar
BETADINE;Aché Laboratórios Farmacêuticos S.A;60.659.463/0029-92;120732238;06/02/2023;2023-02-06;similar
NAUDAN ODT;EMS S/A;57.507.378/0003-65;120402238;06/02/2023;2023-02-06;similar
VASLIP;BIOLAB SANUS FARMACÊUTICA LTDA;49.475.833/0001-06;120403234;06/02/2023;2023-02-06;similar
ZOBILAR;GEOLAB INDÚSTRIA FARMACÊUTICA S/A;3485572000104;121046231;06/02/2023;2023-02-06;similar
DURATESTON;ASPEN PHARMA INDÚSTRIA FARMACÊUTICA LTDA;2433631000120;117463230;06/02/2023;2023-02-06;novo
DESALEX D12;ORGANON FARMACÊUTICA LTDA.;45.987.013/0001-34;119056232;06/02/2023;2023-02-06;novo
FIBRINASE COM CLORANFENICOL;CRISTÁLIA PRODUTOS QUÍMICOS FARMACÊUTICOS LTDA.;44.734.671/0001-51;120011239;06/02/2023;2023-02-06;novo
ARISTAB;Aché Laboratórios Farmacêuticos S.A;60.659.463/0029-92;120805235;06/02/2023;2023-02-06;novo
MEDATO;EUROFARMA LABORATÓRIOS S.A.;61.190.096/0001-92;117461237;06/02/2023;2023-02-06;similar
LISADOR CÓLICA;COSMED INDUSTRIA DE COSMETICOS E MEDICAMENTOS S.A.;61.082.426/0002-07;126385238;07/02/2023;2023-02-07;similar
TRAMALIV;LABORATÓRIO TEUTO BRASILEIRO S/A;17.159.229/0001-76;126589232;07/02/2023;2023-02-07;similar
Clotrimazol;GERMED FARMACEUTICA LTDA;45.992.062/0001-65;126359237;07/02/2023;2023-02-07;generico
MIRADOR CÓLICA;BRAINFARMA INDÚSTRIA QUÍMICA E FARMACÊUTICA S.A;5161069000110;125808232;07/02/2023;2023-02-07;similar
cloridrato de metilfenidato;Althaia S.A Indústria Farmacêutica;48.344.725/0007-19;127012231;07/02/2023;2023-02-07;generico
PROVERA;PFIZER BRASIL LTDA;61.072.393/0001-33;128351233;07/02/2023;2023-02-07;novo
cloridrato de trazodona;Althaia S.A Indústria Farmacêutica;48.344.725/0007-19;126911231;07/02/2023;2023-02-07;generico
PADCEV;ADIUM S.A.;55.980.684/0001-27;127424237;07/02/2023;2023-02-07;biologico
VENCLEXTA;ABBVIE FARMACÊUTICA LTDA.;15.800.545/0001-50;122403231;07/02/2023;2023-02-07;novo
DERMOBENE;LEGRAND PHARMA INDÚSTRIA FARMACÊUTICA LTDA;5044984000126;126538239;07/02/2023;2023-02-07;similar
ACETILCISTEINA;BRAINFARMA INDÚSTRIA QUÍMICA E FARMACÊUTICA S.A;5161069000110;124490239;07/02/2023;2023-02-07;generico
DIVA;EXELTIS LABORATORIO FARMACEUTICO LTDA;19.136.432/0001-52;125975236;07/02/2023;2023-02-07;similar
CRESLIP;Althaia S.A Indústria Farmacêutica;48.344.725/0007-19;127054235;07/02/2023;2023-02-07;similar
LUFTAFEM;RECKITT BENCKISER (BRASIL) LTDA;59.557.124/0001-15;126497231;07/02/2023;2023-02-07;similar
rosuvastatina cálcica;Althaia S.A Indústria Farmacêutica;48.344.725/0007-19;127060235;07/02/2023;2023-02-07;generico
NITES;ORGANON FARMACÊUTICA LTDA.;45.987.013/0001-34;127965238;07/02/2023;2023-02-07;similar
MALEATO DE TRIMEBUTINA;Althaia S.A Indústria Farmacêutica;48.344.725/0007-19;126967237;07/02/2023;2023-02-07;generico
DIVA 20;EXELTIS LABORATORIO FARMACEUTICO LTDA;19.136.432/0001-52;126037230;07/02/2023;2023-02-07;similar
DORSPAN;EMS S/A;57.507.378/0003-65;130715239;08/02/2023;2023-02-08;similar
INFLUVAC TETRA;ABBOTT LABORATÓRIOS DO BRASIL LTDA;56.998.701/0001-16;132560232;08/02/2023;2023-02-08;biologico
esomeprazol magnésico tri-hidratado;MULTILAB INDUSTRIA E COMERCIO DE PRODUTOS FARMACEUTICOS LTDA;92.265.552/0009-05;132661233;08/02/2023;2023-02-08;generico
COMIRNATY;PFIZER BRASIL LTDA;61.072.393/0001-33;130979236;08/02/2023;2023-02-08;biologico
ANTIBREX;GERMED FARMACEUTICA LTDA;45.992.062/0001-65;129331236;08/02/2023;2023-02-08;similar
ALDACTONE;PFIZER BRASIL LTDA;61.072.393/0001-33;131861239;08/02/2023;2023-02-08;novo
PROAZITAX;EUROFARMA LABORATÓRIOS S.A.;61.190.096/0001-92;128925230;08/02/2023;2023-02-08;similar
drospirenona + etinilestradiol;MULTILAB INDUSTRIA E COMERCIO DE PRODUTOS FARMACEUTICOS LTDA;92.265.552/0009-05;132646234;08/02/2023;2023-02-08;generico
AMATO;EUROFARMA LABORATÓRIOS S.A.;61.190.096/0001-92;130852236;08/02/2023;2023-02-08;similar
OLMETECANLO;PFIZER BRASIL LTDA;61.072.393/0001-33;131118234;08/02/2023;2023-02-08;similar
tibolona;MULTILAB INDUSTRIA E COMERCIO DE PRODUTOS FARMACEUTICOS LTDA;92.265.552/0009-05;132749238;08/02/2023;2023-02-08;generico
tobramicina;EMS S/A;57.507.378/0003-65;128998237;08/02/2023;2023-02-08;generico
tobramicina;LEGRAND PHARMA INDÚSTRIA FARMACÊUTICA LTDA;5044984000126;130972231;08/02/2023;2023-02-08;generico
TOPIRAMATO;EUROFARMA LABORATÓRIOS S.A.;61.190.096/0001-92;130974234;08/02/2023;2023-02-08;generico
BRAFTOVI;PFIZER BRASIL LTDA;61.072.393/0001-33;129184233;08/02/2023;2023-02-08;novo
TEGRETOL;NOVARTIS BIOCIENCIAS S.A;56.994.502/0001-30;131791231;08/02/2023;2023-02-08;novo
BROMETO DE  N-BUTIL ESCOPOLAMINA + DIPIRONA SODICA;EMS S/A;57.507.378/0003-65;129787230;08/02/2023;2023-02-08;generico
TOBRALOX;EMS S/A;57.507.378/0003-65;129142239;08/02/2023;2023-02-08;similar
DEX;CRISTÁLIA PRODUTOS QUÍMICOS FARMACÊUTICOS LTDA.;44.734.671/0001-51;132759233;08/02/2023;2023-02-08;similar
hemifumarato de quetiapina;MULTILAB INDUSTRIA E COMERCIO DE PRODUTOS FARMACEUTICOS LTDA;92.265.552/0009-05;132682231;08/02/2023;2023-02-08;generico
TOBRALÍRIO;EMS SIGMA PHARMA LTDA;923140000131;131355236;08/02/2023;2023-02-08;similar
TOBRACULAR;LEGRAND PHARMA INDÚSTRIA FARMACÊUTICA LTDA;5044984000126;131191233;08/02/2023;2023-02-08;similar
olanzapina;MULTILAB INDUSTRIA E COMERCIO DE PRODUTOS FARMACEUTICOS LTDA;92.265.552/0009-05;132723239;08/02/2023;2023-02-08;generico
cloridrato de dexmedetomidina;CRISTÁLIA PRODUTOS QUÍMICOS FARMACÊUTICOS LTDA.;44.734.671/0001-51;132746239;08/02/2023;2023-02-08;generico
cloridrato de diltiazem;MULTILAB INDUSTRIA E COMERCIO DE PRODUTOS FARMACEUTICOS LTDA;92.265.552/0009-05;132624231;08/02/2023;2023-02-08;generico
atorvastatina cálcica;MULTILAB INDUSTRIA E COMERCIO DE PRODUTOS FARMACEUTICOS LTDA;92.265.552/0009-05;132574233;08/02/2023;2023-02-08;generico
sofosbuvir;EMS S/A;57.507.378/0003-65;132769239;08/02/2023;2023-02-08;generico
MEKTOVI;PFIZER BRASIL LTDA;61.072.393/0001-33;131536231;08/02/2023;2023-02-08;novo
tobramicina;GERMED FARMACEUTICA LTDA;45.992.062/0001-65;129251232;08/02/2023;2023-02-08;generico
azitromicina di-hidratada;MULTILAB INDUSTRIA E COMERCIO DE PRODUTOS FARMACEUTICOS LTDA;92.265.552/0009-05;132611236;08/02/2023;2023-02-08;generico
CABAZITAXEL;EUROFARMA LABORATÓRIOS S.A.;61.190.096/0001-92;128988231;08/02/2023;2023-02-08;generico
Vyndaqel;PFIZER BRASIL LTDA;61.072.393/0001-33;132142236;08/02/2023;2023-02-08;novo
FUNOK;MULTILAB INDUSTRIA E COMERCIO DE PRODUTOS FARMACEUTICOS LTDA;92.265.552/0009-05;132671239;08/02/2023;2023-02-08;similar
TRAZIMERA;PFIZER BRASIL LTDA;61.072.393/0001-33;131424238;08/02/2023;2023-02-08;biologico
CLORIDRATO DE BUPIVACAÍNA + GLICOSE;HIPOLABOR FARMACEUTICA LTDA;19.570.720/0001-10;131184237;08/02/2023;2023-02-08;generico
TOPIRAMATO;LABORATÓRIO TEUTO BRASILEIRO S/A;17.159.229/0001-76;128887231;08/02/2023;2023-02-08;generico
paracetamol + fosfato de codeína;MULTILAB INDUSTRIA E COMERCIO DE PRODUTOS FARMACEUTICOS LTDA;92.265.552/0009-05;132731231;08/02/2023;2023-02-08;generico
Strensiq;ALEXION SERVICOS E FARMACEUTICA DO BRASIL LTDA;10.284.284/0001-49;138166234;09/02/2023;2023-02-09;biologico
ZETSIM;ORGANON FARMACÊUTICA LTDA.;45.987.013/0001-34;137387237;09/02/2023;2023-02-09;novo
OLMETEC;PFIZER BRASIL LTDA;61.072.393/0001-33;134450230;09/02/2023;2023-02-09;novo
amoxicilina triidratada;MULTILAB INDUSTRIA E COMERCIO DE PRODUTOS FARMACEUTICOS LTDA;92.265.552/0009-05;136705235;09/02/2023;2023-02-09;generico
Cloridrato de Propranolol;SANOFI MEDLEY FARMACÊUTICA LTDA.;10.588.595/0010-92;138018235;09/02/2023;2023-02-09;generico
DASTENE;Aché Laboratórios Farmacêuticos S.A;60.659.463/0029-92;136045235;09/02/2023;2023-02-09;similar
METALYSE;BOEHRINGER INGELHEIM DO BRASIL QUÍMICA E FARMACÊUTICA LTDA.;60.831.658/0001-77;136986234;09/02/2023;2023-02-09;novo
fosfato dissódico de dexametasona;FARMACE INDÚSTRIA QUÍMICO-FARMACÊUTICA CEARENSE LTDA;6628333000146;137599234;09/02/2023;2023-02-09;generico
dutasterida;Aché Laboratórios Farmacêuticos S.A;60.659.463/0029-92;135994233;09/02/2023;2023-02-09;generico
AMOX-EMS;EMS S/A;57.507.378/0003-65;137419236;09/02/2023;2023-02-09;similar
TRELEGY;GLAXOSMITHKLINE BRASIL LTDA;33.247.743/0001-10;137465238;09/02/2023;2023-02-09;novo
ACTILYSE;BOEHRINGER INGELHEIM DO BRASIL QUÍMICA E FARMACÊUTICA LTDA.;60.831.658/0001-77;136861237;09/02/2023;2023-02-09;novo
POLIMOXIL;LEGRAND PHARMA INDÚSTRIA FARMACÊUTICA LTDA;5044984000126;136577237;09/02/2023;2023-02-09;similar
AMOXICILINA;GERMED FARMACEUTICA LTDA;45.992.062/0001-65;136639232;09/02/2023;2023-02-09;generico
VYTORIN;ORGANON FARMACÊUTICA LTDA.;45.987.013/0001-34;137595239;09/02/2023;2023-02-09;novo
aciclovir;BRAINFARMA INDÚSTRIA QUÍMICA E FARMACÊUTICA S.A;5161069000110;141127236;10/02/2023;2023-02-10;generico
TRAYENTA;BOEHRINGER INGELHEIM DO BRASIL QUÍMICA E FARMACÊUTICA LTDA.;60.831.658/0001-77;141611235;10/02/2023;2023-02-10;novo
GENRYZON;PFIZER BRASIL LTDA;61.072.393/0001-33;141272236;10/02/2023;2023-02-10;biologico
VELAMOX;EMS SIGMA PHARMA LTDA;923140000131;142123234;10/02/2023;2023-02-10;similar
IBUGLOBO;LABORATÓRIO GLOBO SA;17.115.437/0001-73;141643234;10/02/2023;2023-02-10;similar
TEVAGRASTIM;TEVA FARMACÊUTICA LTDA.;5333542000108;141203234;10/02/2023;2023-02-10;biologico
ZINFORO;PFIZER BRASIL LTDA;61.072.393/0001-33;139043233;10/02/2023;2023-02-10;novo
DIGLIXX;LABORATÓRIO GLOBO SA;17.115.437/0001-73;141993235;10/02/2023;2023-02-10;similar
VARICELL;FARMOQUÍMICA S/A;33.349.473/0001-58;141878231;10/02/2023;2023-02-10;fitoterapico
JARDIANCE;BOEHRINGER INGELHEIM DO BRASIL QUÍMICA E FARMACÊUTICA LTDA.;60.831.658/0001-77;141443235;10/02/2023;2023-02-10;novo
CLOZAPINA;CRISTÁLIA PRODUTOS QUÍMICOS FARMACÊUTICOS LTDA.;44.734.671/0001-51;141764236;10/02/2023;2023-02-10;generico
dolutegravir sódico;BLANVER FARMOQUIMICA E FARMACÊUTICA S.A.;53.359.824/0001-19;141257237;10/02/2023;2023-02-10;generico
LONQUEX;TEVA FARMACÊUTICA LTDA.;5333542000108;141070234;10/02/2023;2023-02-10;biologico
GARGABEM;1FARMA INDUSTRIA FARMACEUTICA LTDA;48.113.906/0001-49;143442236;11/02/2023;2023-02-11;similar
VAXIGRIP TETRA;SANOFI MEDLEY FARMACÊUTICA LTDA.;10.588.595/0010-92;148411231;13/02/2023;2023-02-13;biologico
PROQUAD;MERCK SHARP & DOHME FARMACEUTICA LTDA.;3560974000118;145198235;13/02/2023;2023-02-13;biologico
NAPRIX D;LIBBS FARMACÊUTICA LTDA;61.230.314/0001-75;147574234;13/02/2023;2023-02-13;novo
Pravastatina Sódica;ACCORD FARMACÊUTICA LTDA;64.171.697/0001-46;148017231;13/02/2023;2023-02-13;generico
MEFLAGIN;MULTILAB INDUSTRIA E COMERCIO DE PRODUTOS FARMACEUTICOS LTDA;92.265.552/0009-05;144803232;13/02/2023;2023-02-13;similar
NOCICLIN;EMS S/A;57.507.378/0003-65;148549233;13/02/2023;2023-02-13;similar
Spidufen;ZAMBON LABORATÓRIOS FARMACÊUTICOS LTDA.;61.100.004/0001-36;149693231;14/02/2023;2023-02-14;novo
DOVATO;GLAXOSMITHKLINE BRASIL LTDA;33.247.743/0001-10;152758232;14/02/2023;2023-02-14;novo
MELOXICAM;EUROFARMA LABORATÓRIOS S.A.;61.190.096/0001-92;151843236;14/02/2023;2023-02-14;generico
AIPRI;COSMED INDUSTRIA DE COSMETICOS E MEDICAMENTOS S.A.;61.082.426/0002-07;152884238;14/02/2023;2023-02-14;generico
BOSULIF;PFIZER BRASIL LTDA;61.072.393/0001-33;153399236;14/02/2023;2023-02-14;novo
montelucaste de sódio;BRAINFARMA INDÚSTRIA QUÍMICA E FARMACÊUTICA S.A;5161069000110;152458239;14/02/2023;2023-02-14;generico
hemitartarato de zolpidem;BRAINFARMA INDÚSTRIA QUÍMICA E FARMACÊUTICA S.A;5161069000110;150031238;14/02/2023;2023-02-14;generico
PICBAM;COSMED INDUSTRIA DE COSMETICOS E MEDICAMENTOS S.A.;61.082.426/0002-07;153612231;14/02/2023;2023-02-14;similar
cloridrato de tansulosina;BRAINFARMA INDÚSTRIA QUÍMICA E FARMACÊUTICA S.A;5161069000110;151666237;14/02/2023;2023-02-14;generico
cloridrato de ciprofloxacino;CIMED INDUSTRIA S.A;2814497000107;153055235;14/02/2023;2023-02-14;generico
EBASTEL;EUROFARMA LABORATÓRIOS S.A.;61.190.096/0001-92;154287237;14/02/2023;2023-02-14;novo
hemitartarato de zolpidem;BRAINFARMA INDÚSTRIA QUÍMICA E FARMACÊUTICA S.A;5161069000110;153206233;14/02/2023;2023-02-14;generico
LUNE SL;COSMED INDUSTRIA DE COSMETICOS E MEDICAMENTOS S.A.;61.082.426/0002-07;152185232;14/02/2023;2023-02-14;similar
BIO-MANGUINHOS ETANERCEPTE;FUNDAÇÃO OSWALDO CRUZ;33.781.055/0001-35;150078234;14/02/2023;2023-02-14;biologico
LUNE;COSMED INDUSTRIA DE COSMETICOS E MEDICAMENTOS S.A.;61.082.426/0002-07;152873236;14/02/2023;2023-02-14;similar
BRAVAN DUO;Aché Laboratórios Farmacêuticos S.A;60.659.463/0029-92;151982236;14/02/2023;2023-02-14;similar
ARIPIPRAZOL;BRAINFARMA INDÚSTRIA QUÍMICA E FARMACÊUTICA S.A;5161069000110;153240237;14/02/2023;2023-02-14;generico
SEKI;ZAMBON LABORATÓRIOS FARMACÊUTICOS LTDA.;61.100.004/0001-36;152815236;14/02/2023;2023-02-14;similar
Cloridrato de donepezila;BRAINFARMA INDÚSTRIA QUÍMICA E FARMACÊUTICA S.A;5161069000110;150127235;14/02/2023;2023-02-14;generico
MELOCOX;EUROFARMA LABORATÓRIOS S.A.;61.190.096/0001-92;152221239;14/02/2023;2023-02-14;similar
BELPELE;FARMOQUÍMICA S/A;33.349.473/0001-58;149881231;14/02/2023;2023-02-14;similar
apixabana;BRAINFARMA INDÚSTRIA QUÍMICA E FARMACÊUTICA S.A;5161069000110;150013230;14/02/2023;2023-02-14;generico
citalopram;BRAINFARMA INDÚSTRIA QUÍMICA E FARMACÊUTICA S.A;5161069000110;150066236;14/02/2023;2023-02-14;generico
cloridrato de paroxetina;BRAINFARMA INDÚSTRIA QUÍMICA E FARMACÊUTICA S.A;5161069000110;152541233;14/02/2023;2023-02-14;generico
DICLORIDRATO DE BETAISTINA;Aché Laboratórios Farmacêuticos S.A;60.659.463/0029-92;151659231;14/02/2023;2023-02-14;generico
PARZO;Aché Laboratórios Farmacêuticos S.A;60.659.463/0029-92;153327235;14/02/2023;2023-02-14;similar
FOSFATO DISSODICO DE DEXAMETASONA;LABORATÓRIO TEUTO BRASILEIRO S/A;17.159.229/0001-76;151731233;14/02/2023;2023-02-14;generico
MALEATO DE DEXCLORFENIRAMINA;LABORATÓRIO TEUTO BRASILEIRO S/A;17.159.229/0001-76;152021230;14/02/2023;2023-02-14;generico
APRAZ;COSMED INDUSTRIA DE COSMETICOS E MEDICAMENTOS S.A.;61.082.426/0002-07;151869235;14/02/2023;2023-02-14;similar
BONVIVA;Laboratórios Bagó do Brasil S/A;4748181000947;159786231;15/02/2023;2023-02-15;novo
MUPHORAN;LABORATÓRIOS SERVIER DO BRASIL LTDA;42.374.207/0001-76;158934237;15/02/2023;2023-02-15;novo
CEFAZIMA;INSTITUTO BIOCHIMICO INDÚSTRIA FARMACÊUTICA LTDA;33.258.401/0001-03;159009235;15/02/2023;2023-02-15;similar
Ozempic;NOVO NORDISK FARMACÊUTICA DO BRASIL LTDA;82.277.955/0001-55;158774230;15/02/2023;2023-02-15;biologico
cloridrato de paroxetina;GEOLAB INDÚSTRIA FARMACÊUTICA S/A;3485572000104;155530232;15/02/2023;2023-02-15;generico
TORVILIP;MULTILAB INDUSTRIA E COMERCIO DE PRODUTOS FARMACEUTICOS LTDA;92.265.552/0009-05;157251233;15/02/2023;2023-02-15;similar
ECALTA;PFIZER BRASIL LTDA;61.072.393/0001-33;157431231;15/02/2023;2023-02-15;novo
DERIVA C MICRO;GLENMARK FARMACÊUTICA LTDA;44.363.661/0001-57;155448234;15/02/2023;2023-02-15;novo
acetato de ciproterona;LABORATÓRIO QUÍMICO FARMACÊUTICO BERGAMO LTDA;61.282.661/0001-41;158748239;15/02/2023;2023-02-15;generico
SOMALIUM;Aché Laboratórios Farmacêuticos S.A;60.659.463/0029-92;158362233;15/02/2023;2023-02-15;similar
ANCORON;LIBBS FARMACÊUTICA LTDA;61.230.314/0001-75;158832230;15/02/2023;2023-02-15;similar
ANDRUM;Aché Laboratórios Farmacêuticos S.A;60.659.463/0029-92;161944230;16/02/2023;2023-02-16;similar
ACERTANLO;LABORATÓRIOS SERVIER DO BRASIL LTDA;42.374.207/0001-76;163477230;16/02/2023;2023-02-16;novo
VANISTO;GLAXOSMITHKLINE BRASIL LTDA;33.247.743/0001-10;160265231;16/02/2023;2023-02-16;novo
ÉGIDE;LIBBS FARMACÊUTICA LTDA;61.230.314/0001-75;162579233;16/02/2023;2023-02-16;similar
citrato de fentanila;LABORATÓRIO TEUTO BRASILEIRO S/A;17.159.229/0001-76;162051239;16/02/2023;2023-02-16;generico
CLORIDRATO DE TETRACICLINA;MEDQUIMICA INDUSTRIA FARMACEUTICA LTDA.;17.875.154/0001-20;164481231;16/02/2023;2023-02-16;generico
bromoprida;LABORATÓRIO GLOBO SA;17.115.437/0001-73;163326231;16/02/2023;2023-02-16;generico
ENANTATO DE NORETISTERONA + VALERATO DE ESTRADIOL;EUROFARMA LABORATÓRIOS S.A.;61.190.096/0001-92;162994231;16/02/2023;2023-02-16;generico
DEPRASIL;DR. REDDYS FARMACÊUTICA DO BRASIL LTDA;3978166000175;162783230;16/02/2023;2023-02-16;similar
SYNTOCINON;MYLAN LABORATORIOS LTDA;11.643.096/0001-22;162139233;16/02/2023;2023-02-16;novo
ACIDO ACETILSALICILICO;EMS S/A;57.507.378/0003-65;164389237;16/02/2023;2023-02-16;generico
NEOSALDINA;COSMED INDUSTRIA DE COSMETICOS E MEDICAMENTOS S.A.;61.082.426/0002-07;163914231;16/02/2023;2023-02-16;similar
lacosamida;TORRENT DO BRASIL LTDA;33.078.528/0001-32;162558236;16/02/2023;2023-02-16;generico
Pyloripac Retrat;SANOFI MEDLEY FARMACÊUTICA LTDA.;10.588.595/0010-92;168820234;17/02/2023;2023-02-17;novo
DORZAL MT;LEGRAND PHARMA INDÚSTRIA FARMACÊUTICA LTDA;5044984000126;170212238;17/02/2023;2023-02-17;similar
ULTRACET;JANSSEN - CILAG FARMACÊUTICA LTDA;51.780.468/0001-87;166381233;17/02/2023;2023-02-17;novo
cloridrato de dorzolamida+maleato de timolol;EMS S/A;57.507.378/0003-65;170134237;17/02/2023;2023-02-17;generico
PROSOY;FARMOQUÍMICA S/A;33.349.473/0001-58;169106233;17/02/2023;2023-02-17;novo
dolutegravir sódico;LABORATORIO FARMACEUTICO DO ESTADO DE PERNAMBUCO GOVERNADOR MIGUEL ARRAES S/A - LAFEPE;10.877.926/0001-13;168909235;17/02/2023;2023-02-17;generico
cloridrato de dorzolamida + maleato de timolol;MULTILAB INDUSTRIA E COMERCIO DE PRODUTOS FARMACEUTICOS LTDA;92.265.552/0009-05;170452239;17/02/2023;2023-02-17;generico
CALCORT;SANOFI MEDLEY FARMACÊUTICA LTDA.;10.588.595/0010-92;169586235;17/02/2023;2023-02-17;novo
NEURONTIN;UPJOHN BRASIL IMPORTADORA E DISTRIBUIDORA DE MEDICAMENTOS LTDA.;36.674.526/0001-02;168372231;17/02/2023;2023-02-17;novo
NISTATINA;LABORATÓRIO TEUTO BRASILEIRO S/A;17.159.229/0001-76;166401234;17/02/2023;2023-02-17;generico
cloridrato de dorzolamida+maleato de timolol;LEGRAND PHARMA INDÚSTRIA FARMACÊUTICA LTDA;5044984000126;170329232;17/02/2023;2023-02-17;generico
FOSAMAX D;ORGANON FARMACÊUTICA LTDA.;45.987.013/0001-34;166468231;17/02/2023;2023-02-17;novo
ALYVIAZES;AIRELA INDÚSTRIA FARMACÊUTICA LTDA.;1858973000129;175813230;22/02/2023;2023-02-22;similar
NATURETTI;BRAINFARMA INDÚSTRIA QUÍMICA E FARMACÊUTICA S.A;5161069000110;176371231;22/02/2023;2023-02-22;fitoterapico
VORICONAZOL;ACCORD FARMACÊUTICA LTDA;64.171.697/0001-46;177260238;22/02/2023;2023-02-22;generico
cloridrato de fluoxetina;PRATI DONADUZZI & CIA LTDA;73.856.593/0001-66;175657238;22/02/2023;2023-02-22;generico
BIALUDEX;LEGRAND PHARMA INDÚSTRIA FARMACÊUTICA LTDA;5044984000126;176007237;22/02/2023;2023-02-22;similar
cloridrato de dorzolamida+maleato de timolol;GERMED FARMACEUTICA LTDA;45.992.062/0001-65;175829233;22/02/2023;2023-02-22;generico
cloridrato de propranolol;LABORATÓRIOS OSÓRIO DE MORAES LTDA;19.791.813/0001-75;177015233;22/02/2023;2023-02-22;generico
PROPRANOLOM;LABORATÓRIOS OSÓRIO DE MORAES LTDA;19.791.813/0001-75;177067233;22/02/2023;2023-02-22;similar
NEVRIX;Arese Pharma Ltda;7670111000154;175858233;22/02/2023;2023-02-22;especifico
HEDERA HERBARIUM;LABORATORIO CATARINENSE LTDA;84.684.620/0001-87;180712233;23/02/2023;2023-02-23;fitoterapico
FLEBODIA;LABORATÓRIO GROSS S. A.;33.145.194/0001-72;180742230;23/02/2023;2023-02-23;especifico
CEFTAZIDON;BLAU FARMACÊUTICA S.A.;58.430.828/0001-60;182576230;23/02/2023;2023-02-23;similar
VORICONAZOL;CRISTÁLIA PRODUTOS QUÍMICOS FARMACÊUTICOS LTDA.;44.734.671/0001-51;178679232;23/02/2023;2023-02-23;generico
cloridrato de propafenona;Althaia S.A Indústria Farmacêutica;48.344.725/0007-19;181982234;23/02/2023;2023-02-23;generico
vildagliptina;PHARLAB INDÚSTRIA FARMACÊUTICA S.A.;2501297000102;186994231;24/02/2023;2023-02-24;generico
WELLBUTRIN;GLAXOSMITHKLINE BRASIL LTDA;33.247.743/0001-10;183878230;24/02/2023;2023-02-24;novo
DICLOFARMA;FARMACE INDÚSTRIA QUÍMICO-FARMACÊUTICA CEARENSE LTDA;6628333000146;187227233;24/02/2023;2023-02-24;similar
ALCYTAM;TORRENT DO BRASIL LTDA;33.078.528/0001-32;187317232;24/02/2023;2023-02-24;similar
bromidrato de citalopram;TORRENT DO BRASIL LTDA;33.078.528/0001-32;187379238;24/02/2023;2023-02-24;generico
CLORIDRATO DE SERTRALINA;CIMED INDUSTRIA S.A;2814497000107;187868239;24/02/2023;2023-02-24;generico
FluQuadri;SANOFI MEDLEY FARMACÊUTICA LTDA.;10.588.595/0010-92;186526237;24/02/2023;2023-02-24;biologico
carvedilol;CIMED INDUSTRIA S.A;2814497000107;187772231;24/02/2023;2023-02-24;generico
EMEND INJETÁVEL;MERCK SHARP & DOHME FARMACEUTICA LTDA.;3560974000118;186833237;24/02/2023;2023-02-24;novo
Efluelda;SANOFI MEDLEY FARMACÊUTICA LTDA.;10.588.595/0010-92;186653239;24/02/2023;2023-02-24;biologico
MESACOL;TAKEDA PHARMA LTDA.;60.397.775/0001-74;193946238;27/02/2023;2023-02-27;similar
LUR GOTAS;Aché Laboratórios Farmacêuticos S.A;60.659.463/0029-92;192316231;27/02/2023;2023-02-27;similar
HIPERTONIC 5%;OPHTHALMOS LTDA;61.129.409/0001-05;194578232;27/02/2023;2023-02-27;especifico
OPHTCOL;OPHTHALMOS LTDA;61.129.409/0001-05;194592235;27/02/2023;2023-02-27;similar
deferasirox;INSTITUTO VITAL BRAZIL S/A;30.064.034/0001-00;193888238;27/02/2023;2023-02-27;generico
MESACOL;TAKEDA PHARMA LTDA.;60.397.775/0001-74;193917238;27/02/2023;2023-02-27;novo
OPTHAAC 40;OPHTHALMOS LTDA;61.129.409/0001-05;194575233;27/02/2023;2023-02-27;novo
NEOSULIDA;BRAINFARMA INDÚSTRIA QUÍMICA E FARMACÊUTICA S.A;5161069000110;193197235;27/02/2023;2023-02-27;similar
DUPHALAC;ABBOTT LABORATÓRIOS DO BRASIL LTDA;56.998.701/0001-16;200847236;28/02/2023;2023-02-28;especifico
MELHORAL;COSMED INDUSTRIA DE COSMETICOS E MEDICAMENTOS S.A.;61.082.426/0002-07;198904231;28/02/2023;2023-02-28;similar
ONDAVON;BRAINFARMA INDÚSTRIA QUÍMICA E FARMACÊUTICA S.A;5161069000110;199813230;28/02/2023;2023-02-28;similar
GLIFAGE XR;MERCK S/A;33.069.212/0001-84;194900231;28/02/2023;2023-02-28;novo
PROGRAF;ASTELLAS FARMA BRASIL IMPORTAÇÃO E DISTRIBUIÇÃO DE MEDICAMENTOS LTDA.;7768134000104;200241231;28/02/2023;2023-02-28;novo
XAROPE BENETOSSE;COSMED INDUSTRIA DE COSMETICOS E MEDICAMENTOS S.A.;61.082.426/0002-07;197469230;28/02/2023;2023-02-28;fitoterapico
VENAFLON;LABORATÓRIO TEUTO BRASILEIRO S/A;17.159.229/0001-76;197296238;28/02/2023;2023-02-28;especifico
Omnitrope;SANDOZ DO BRASIL INDÚSTRIA FARMACÊUTICA LTDA;61.286.647/0001-16;197184235;28/02/2023;2023-02-28;biologico
SONIC;EUROFARMA LABORATÓRIOS S.A.;61.190.096/0001-92;198781237;28/02/2023;2023-02-28;similar
PERLUMES;LEGRAND PHARMA INDÚSTRIA FARMACÊUTICA LTDA;5044984000126;195526236;28/02/2023;2023-02-28;similar
LITOCIT;APSEN FARMACEUTICA S/A;62.462.015/0001-29;195028236;28/02/2023;2023-02-28;especifico
TRIPLENEX;ALLERGAN PRODUTOS FARMACÊUTICOS LTDA;43.426.626/0001-77;199484236;28/02/2023;2023-02-28;novo
STILL;ALLERGAN PRODUTOS FARMACÊUTICOS LTDA;43.426.626/0001-77;198915233;28/02/2023;2023-02-28;novo
COMBIGAN;ALLERGAN PRODUTOS FARMACÊUTICOS LTDA;43.426.626/0001-77;198735235;28/02/2023;2023-02-28;novo
CONDROFLEX;ADIUM S.A.;55.980.684/0001-27;200012231;28/02/2023;2023-02-28;novo
PURAN T4;SANOFI MEDLEY FARMACÊUTICA LTDA.;10.588.595/0010-92;199007233;28/02/2023;2023-02-28;novo
cloridrato de ondansetrona;BRAINFARMA INDÚSTRIA QUÍMICA E FARMACÊUTICA S.A;5161069000110;199020230;28/02/2023;2023-02-28;generico
SULFATO DE AMICACINA;LABORATÓRIO TEUTO BRASILEIRO S/A;17.159.229/0001-76;197123236;28/02/2023;2023-02-28;generico
cloridrato de lidocaína monoidratado;HYPOFARMA - INSTITUTO DE HYPODERMIA E FARMÁCIA LTDA;17.174.657/0001-78;194893235;28/02/2023;2023-02-28;generico
Trodelvy;GILEAD SCIENCES FARMACEUTICA DO BRASIL LTDA;15.670.288/0001-89;197962238;28/02/2023;2023-02-28;biologico
CITALOPRAM (Port. 344/98, L-C1);SANOFI MEDLEY FARMACÊUTICA LTDA.;10.588.595/0010-92;197137237;28/02/2023;2023-02-28;generico
BUSCOPAN PEDIÁTRICO;COSMED INDUSTRIA DE COSMETICOS E MEDICAMENTOS S.A.;61.082.426/0002-07;197678238;28/02/2023;2023-02-28;similar
DUROGESIC;JANSSEN - CILAG FARMACÊUTICA LTDA;51.780.468/0001-87;206322232;01/03/2023;2023-03-01;novo
NEOPLEXUS;KLEY HERTZ FARMACEUTICA S.A;92.695.691/0001-03;203710231;01/03/2023;2023-03-01;especifico
CABAZITAXEL;DR. REDDYS FARMACÊUTICA DO BRASIL LTDA;3978166000175;203592239;01/03/2023;2023-03-01;generico
meropenem;BRAINFARMA INDÚSTRIA QUÍMICA E FARMACÊUTICA S.A;5161069000110;202155234;01/03/2023;2023-03-01;generico
dipirona monoidratada;SANOFI MEDLEY FARMACÊUTICA LTDA.;10.588.595/0010-92;205276237;01/03/2023;2023-03-01;generico
REKOVELLE;LABORATÓRIOS FERRING LTDA;74.232.034/0001-48;205065236;01/03/2023;2023-03-01;biologico
CLARILIB;BLAU FARMACÊUTICA S.A.;58.430.828/0001-60;201953234;01/03/2023;2023-03-01;similar
CABAZRED;DR. REDDYS FARMACÊUTICA DO BRASIL LTDA;3978166000175;203673239;01/03/2023;2023-03-01;similar
HEPARINOX;CRISTÁLIA PRODUTOS QUÍMICOS FARMACÊUTICOS LTDA.;44.734.671/0001-51;203420233;01/03/2023;2023-03-01;biologico
TENOXICAM;EUROFARMA LABORATÓRIOS S.A.;61.190.096/0001-92;204788234;01/03/2023;2023-03-01;generico
CLORIDRATO DE PROPRANOLOL;LABORATÓRIO TEUTO BRASILEIRO S/A;17.159.229/0001-76;205461239;01/03/2023;2023-03-01;generico
DOXICLIN;PHARLAB INDÚSTRIA FARMACÊUTICA S.A.;2501297000102;210507233;02/03/2023;2023-03-02;similar
CABERGOLINA;PRATI DONADUZZI & CIA LTDA;73.856.593/0001-66;209898232;02/03/2023;2023-03-02;generico
PROBENXIL;CIMED INDUSTRIA S.A;2814497000107;211279234;02/03/2023;2023-03-02;similar
SUTENT;PFIZER BRASIL LTDA;61.072.393/0001-33;211276235;02/03/2023;2023-03-02;novo
ampicilina sódica + sulbactam sódica;ANTIBIÓTICOS DO BRASIL LTDA;5439635000103;209331232;02/03/2023;2023-03-02;generico
hiclato de doxiciclina;PHARLAB INDÚSTRIA FARMACÊUTICA S.A.;2501297000102;210769238;02/03/2023;2023-03-02;generico
GLICEFOR;GEOLAB INDÚSTRIA FARMACÊUTICA S/A;3485572000104;209328231;02/03/2023;2023-03-02;similar
ZERBAXA;MERCK SHARP & DOHME FARMACEUTICA LTDA.;3560974000118;212942239;03/03/2023;2023-03-03;novo
CANCIDAS;MERCK SHARP & DOHME FARMACEUTICA LTDA.;3560974000118;215983238;03/03/2023;2023-03-03;novo
DARVYR;CRISTÁLIA PRODUTOS QUÍMICOS FARMACÊUTICOS LTDA.;44.734.671/0001-51;214944239;03/03/2023;2023-03-03;similar
DEPO-PROVERA;PFIZER BRASIL LTDA;61.072.393/0001-33;212757237;03/03/2023;2023-03-03;novo
PETAMIG;HERBARIUM LABORATORIO BOTANICO LTDA;78.950.011/0001-20;215068238;03/03/2023;2023-03-03;fitoterapico
ERANZ;PFIZER BRASIL LTDA;61.072.393/0001-33;213034239;03/03/2023;2023-03-03;novo
cloridrato de fluoxetina;GERMED FARMACEUTICA LTDA;45.992.062/0001-65;217299237;03/03/2023;2023-03-03;generico
TIVICAY PD;GLAXOSMITHKLINE BRASIL LTDA;33.247.743/0001-10;212699237;03/03/2023;2023-03-03;novo
cloridrato de fluoxetina;LEGRAND PHARMA INDÚSTRIA FARMACÊUTICA LTDA;5044984000126;217397239;03/03/2023;2023-03-03;generico
ARCOXIA;ORGANON FARMACÊUTICA LTDA.;45.987.013/0001-34;215432231;03/03/2023;2023-03-03;novo
SORINE H;Aché Laboratórios Farmacêuticos S.A;60.659.463/0029-92;212684230;03/03/2023;2023-03-03;novo
TRESIBA;NOVO NORDISK FARMACÊUTICA DO BRASIL LTDA;82.277.955/0001-55;215533232;03/03/2023;2023-03-03;biologico
GEFIB;Camber Farmaceutica Ltda;24.633.934/0001-29;216632234;03/03/2023;2023-03-03;similar
NOXAFIL;MERCK SHARP & DOHME FARMACEUTICA LTDA.;3560974000118;215390237;03/03/2023;2023-03-03;novo
Erelzi;SANDOZ DO BRASIL INDÚSTRIA FARMACÊUTICA LTDA;61.286.647/0001-16;214841235;03/03/2023;2023-03-03;biologico
ALCACHOFRA  HERBARIUM;HERBARIUM LABORATORIO BOTANICO LTDA;78.950.011/0001-20;215288238;03/03/2023;2023-03-03;fitoterapico
fosfato dissódico de dexametasona;EUROFARMA LABORATÓRIOS S.A.;61.190.096/0001-92;222058234;06/03/2023;2023-03-06;generico
NUCALA;GLAXOSMITHKLINE BRASIL LTDA;33.247.743/0001-10;220844232;06/03/2023;2023-03-06;biologico
cloridrato de metilfenidato;EMS S/A;57.507.378/0003-65;220460230;06/03/2023;2023-03-06;generico
CERNE-12;BAXTER HOSPITALAR LTDA;49.351.786/0002-61;221630236;06/03/2023;2023-03-06;especifico
Topiramato;Aché Laboratórios Farmacêuticos S.A;60.659.463/0029-92;218812230;06/03/2023;2023-03-06;generico
cloridrato de metilfenidato;LEGRAND PHARMA INDÚSTRIA FARMACÊUTICA LTDA;5044984000126;220522235;06/03/2023;2023-03-06;generico
MOXICRIS;CRISTÁLIA PRODUTOS QUÍMICOS FARMACÊUTICOS LTDA.;44.734.671/0001-51;221825231;06/03/2023;2023-03-06;similar
sugamadex sódico;Camber Farmaceutica Ltda;24.633.934/0001-29;221734236;06/03/2023;2023-03-06;generico
LYRICA;UPJOHN BRASIL IMPORTADORA E DISTRIBUIDORA DE MEDICAMENTOS LTDA.;36.674.526/0001-02;221911235;06/03/2023;2023-03-06;novo
OLIMEL;BAXTER HOSPITALAR LTDA;49.351.786/0002-61;221641238;06/03/2023;2023-03-06;especifico
fendizoato de cloperastina;EMS S/A;57.507.378/0003-65;221749233;06/03/2023;2023-03-06;generico
LISODREN;MOKSHA8 BRASIL INDUSTRIA E COMERCIO DE MEDICAMENTOS LTDA;7591326000180;220684235;06/03/2023;2023-03-06;novo
CETOCONAZOL;CIMED INDUSTRIA S.A;2814497000107;220748233;06/03/2023;2023-03-06;generico
EXELON;UNITED MEDICAL LTDA;68.949.239/0001-46;221965238;06/03/2023;2023-03-06;novo
VIDMAX;Aché Laboratórios Farmacêuticos S.A;60.659.463/0029-92;218887230;06/03/2023;2023-03-06;similar
brometo de ipratrópio;GERMED FARMACEUTICA LTDA;45.992.062/0001-65;228640237;07/03/2023;2023-03-07;generico
IPRAVENT;EMS SIGMA PHARMA LTDA;923140000131;228280231;07/03/2023;2023-03-07;similar
HERCEPTIN;PRODUTOS ROCHE QUÍMICOS E FARMACÊUTICOS S.A.;33.009.945/0001-23;229296238;07/03/2023;2023-03-07;novo
brometo de ipratrópio;MULTILAB INDUSTRIA E COMERCIO DE PRODUTOS FARMACEUTICOS LTDA;92.265.552/0009-05;228831237;07/03/2023;2023-03-07;generico
JEMPERLI;GLAXOSMITHKLINE BRASIL LTDA;33.247.743/0001-10;227347234;07/03/2023;2023-03-07;biologico
PRECEDEX;PFIZER BRASIL LTDA;61.072.393/0001-33;228523231;07/03/2023;2023-03-07;novo
brometo de ipratrópio;LEGRAND PHARMA INDÚSTRIA FARMACÊUTICA LTDA;5044984000126;228688230;07/03/2023;2023-03-07;generico
RUVA;EUROFARMA LABORATÓRIOS S.A.;61.190.096/0001-92;226264238;07/03/2023;2023-03-07;similar
brometo de ipratróprio;EMS S/A;57.507.378/0003-65;228416230;07/03/2023;2023-03-07;generico
ZOLTEC;PFIZER BRASIL LTDA;61.072.393/0001-33;224639234;07/03/2023;2023-03-07;novo
CELESTONE SOLUSPAN;COSMED INDUSTRIA DE COSMETICOS E MEDICAMENTOS S.A.;61.082.426/0002-07;224268236;07/03/2023;2023-03-07;novo
HIFLOXAN;HALEX ISTAR INDÚSTRIA FARMACÊUTICA SA;1571702000198;226786234;07/03/2023;2023-03-07;similar
MEROPENÉM;EUROFARMA LABORATÓRIOS S.A.;61.190.096/0001-92;227962231;07/03/2023;2023-03-07;generico
AS-MED;MEDQUIMICA INDUSTRIA FARMACEUTICA LTDA.;17.875.154/0001-20;226253236;07/03/2023;2023-03-07;similar
diclofenaco potássico;CIMED INDUSTRIA S.A;2814497000107;224495232;07/03/2023;2023-03-07;generico
EFRINALIN;BLAU FARMACÊUTICA S.A.;58.430.828/0001-60;228279232;07/03/2023;2023-03-07;similar
bromidrato de citalopram;BIOLAB SANUS FARMACÊUTICA LTDA;49.475.833/0001-06;224323237;07/03/2023;2023-03-07;generico
METRONIDAZOL;HALEX ISTAR INDÚSTRIA FARMACÊUTICA SA;1571702000198;226806235;07/03/2023;2023-03-07;generico
CLOPE;EMS S/A;57.507.378/0003-65;228232236;07/03/2023;2023-03-07;generico
rosuvastatina cálcica;EUROFARMA LABORATÓRIOS S.A.;61.190.096/0001-92;227239237;07/03/2023;2023-03-07;generico
WILATE;OCTAPHARMA BRASIL LTDA;2552927000160;232636231;08/03/2023;2023-03-08;biologico
OXLUMO;SPECIALTY PHARMA GOIAS LTDA;31.731.807/0001-28;234271230;08/03/2023;2023-03-08;novo
OCTALBIN;OCTAPHARMA BRASIL LTDA;2552927000160;233645233;08/03/2023;2023-03-08;novo
lamivudina + dolutegravir sódico;FUNDAÇÃO OSWALDO CRUZ;33.781.055/0001-35;232828237;08/03/2023;2023-03-08;generico
cloridrato de clorpromazina;HYPOFARMA - INSTITUTO DE HYPODERMIA E FARMÁCIA LTDA;17.174.657/0001-78;230513239;08/03/2023;2023-03-08;generico
rosuvastatina cálcica;PHARLAB INDÚSTRIA FARMACÊUTICA S.A.;2501297000102;232745234;08/03/2023;2023-03-08;generico
EPAREMA;COSMED INDUSTRIA DE COSMETICOS E MEDICAMENTOS S.A.;61.082.426/0002-07;232873232;08/03/2023;2023-03-08;fitoterapico
NESH ZINCO;NUNESFARMA DISTRIBUIDORA DE PRODUTOS FARMACÊUTICOS LTDA;75.014.167/0001-00;233640231;08/03/2023;2023-03-08;especifico
citrato de sildenafila;LABORATÓRIO FARMACÊUTICO DA MARINHA;394502007157;233386238;08/03/2023;2023-03-08;generico
VIT PANTENOL;VITAMEDIC INDUSTRIA FARMACEUTICA LTDA;30.222.814/0001-31;233625232;08/03/2023;2023-03-08;especifico
bissulfato de clopidogrel;GERMED FARMACEUTICA LTDA;45.992.062/0001-65;232414238;08/03/2023;2023-03-08;generico
telmisartana;Althaia S.A Indústria Farmacêutica;48.344.725/0007-19;239712234;09/03/2023;2023-03-09;generico
CETONAT;NATIVITA IND. COM. LTDA.;65.271.900/0001-19;237002230;09/03/2023;2023-03-09;similar
PLENANCE EZE;LIBBS FARMACÊUTICA LTDA;61.230.314/0001-75;235844233;09/03/2023;2023-03-09;novo
CAPTOPRIL;LABORATÓRIO TEUTO BRASILEIRO S/A;17.159.229/0001-76;239526236;09/03/2023;2023-03-09;generico
GESTINOL;LIBBS FARMACÊUTICA LTDA;61.230.314/0001-75;236012231;09/03/2023;2023-03-09;novo
ANIDULAFUNGINA;PFIZER BRASIL LTDA;61.072.393/0001-33;237474239;09/03/2023;2023-03-09;generico
ESC ODT;EUROFARMA LABORATÓRIOS S.A.;61.190.096/0001-92;238061230;09/03/2023;2023-03-09;novo
VITAMINA D3;UNIÃO QUÍMICA FARMACÊUTICA NACIONAL S/A;60.665.981/0001-18;243456239;10/03/2023;2023-03-10;especifico
acetato de clormadinona + etinilestradiol;Althaia S.A Indústria Farmacêutica;48.344.725/0007-19;240990234;10/03/2023;2023-03-10;generico
SPIOLTO;BOEHRINGER INGELHEIM DO BRASIL QUÍMICA E FARMACÊUTICA LTDA.;60.831.658/0001-77;241416230;10/03/2023;2023-03-10;novo
PERMESE;EUROFARMA LABORATÓRIOS S.A.;61.190.096/0001-92;243592230;10/03/2023;2023-03-10;similar
GENCIX;LABORATÓRIO QUÍMICO FARMACÊUTICO BERGAMO LTDA;61.282.661/0001-41;243907231;10/03/2023;2023-03-10;similar
PLEXEDEN;LABORATÓRIO QUÍMICO FARMACÊUTICO BERGAMO LTDA;61.282.661/0001-41;243849231;10/03/2023;2023-03-10;similar
BETATRINTA;EUROFARMA LABORATÓRIOS S.A.;61.190.096/0001-92;243542232;10/03/2023;2023-03-10;similar
AVASTIN;PRODUTOS ROCHE QUÍMICOS E FARMACÊUTICOS S.A.;33.009.945/0001-23;244514232;10/03/2023;2023-03-10;biologico
DIPROPIONATO DE BETAMETASONA + FOSFATO DISSÓDICO DE BETAMETASONA;EUROFARMA LABORATÓRIOS S.A.;61.190.096/0001-92;243566239;10/03/2023;2023-03-10;generico
voriconazol;INSTITUTO BIOCHIMICO INDÚSTRIA FARMACÊUTICA LTDA;33.258.401/0001-03;241133238;10/03/2023;2023-03-10;generico
INVOKANA;JANSSEN - CILAG FARMACÊUTICA LTDA;51.780.468/0001-87;247663239;13/03/2023;2023-03-13;novo
cloridrato de dexmedetomidina;EUGIA PHARMA INDUSTRIA FARMACEUTICA LTDA;44.639.493/0001-80;250993236;13/03/2023;2023-03-13;generico
acetato de desmopressina;LABORATÓRIO QUÍMICO FARMACÊUTICO BERGAMO LTDA;61.282.661/0001-41;250431238;13/03/2023;2023-03-13;generico
NESH CÁLCIO;NUNESFARMA DISTRIBUIDORA DE PRODUTOS FARMACÊUTICOS LTDA;75.014.167/0001-00;250462231;13/03/2023;2023-03-13;especifico
KOPREXX;Aché Laboratórios Farmacêuticos S.A;60.659.463/0029-92;249162237;13/03/2023;2023-03-13;similar
Lixiana®;DAIICHI SANKYO BRASIL FARMACÊUTICA LTDA;60.874.187/0001-84;247222232;13/03/2023;2023-03-13;novo
CLORIDRATO DE BUPIVACAÍNA;HYPOFARMA - INSTITUTO DE HYPODERMIA E FARMÁCIA LTDA;17.174.657/0001-78;250504235;13/03/2023;2023-03-13;generico
SUZOPA;DR. REDDYS FARMACÊUTICA DO BRASIL LTDA;3978166000175;249588234;13/03/2023;2023-03-13;similar
HADLIMA;Samsung Bioepis br Pharmaceutical ltda.;24.563.776/0001-88;247521230;13/03/2023;2023-03-13;biologico
GLIMEPIRIDA;EUROFARMA LABORATÓRIOS S.A.;61.190.096/0001-92;256357234;14/03/2023;2023-03-14;generico
FORASEQ;NOVARTIS BIOCIENCIAS S.A;56.994.502/0001-30;256713235;14/03/2023;2023-03-14;novo
RECONTER ODT;LIBBS FARMACÊUTICA LTDA;61.230.314/0001-75;252887239;14/03/2023;2023-03-14;novo
AAS PROTECT;COSMED INDUSTRIA DE COSMETICOS E MEDICAMENTOS S.A.;61.082.426/0002-07;252792238;14/03/2023;2023-03-14;similar
CAMZYOS;BRISTOL - MYERS SQUIBB FARMACÊUTICA LTDA;56.998.982/0001-07;255092237;14/03/2023;2023-03-14;novo
ACECLOFENACO;VITAMEDIC INDUSTRIA FARMACEUTICA LTDA;30.222.814/0001-31;255404239;14/03/2023;2023-03-14;generico
PERJETA HER;PRODUTOS ROCHE QUÍMICOS E FARMACÊUTICOS S.A.;33.009.945/0001-23;252376234;14/03/2023;2023-03-14;biologico
FLANDY;VITAMEDIC INDUSTRIA FARMACEUTICA LTDA;30.222.814/0001-31;255654235;14/03/2023;2023-03-14;generico
cloridrato de trazodona;BRAINFARMA INDÚSTRIA QUÍMICA E FARMACÊUTICA S.A;5161069000110;254595235;14/03/2023;2023-03-14;generico
CITALOPRAM;ZYDUS NIKKHO FARMACÊUTICA LTDA;5254971000181;261036238;15/03/2023;2023-03-15;generico
besilato de atracúrio;EUGIA PHARMA INDUSTRIA FARMACEUTICA LTDA;44.639.493/0001-80;261156233;15/03/2023;2023-03-15;generico
SEV;INSTITUTO BIOCHIMICO INDÚSTRIA FARMACÊUTICA LTDA;33.258.401/0001-03;261561235;15/03/2023;2023-03-15;similar
IVECTE;VITAMEDIC INDUSTRIA FARMACEUTICA LTDA;30.222.814/0001-31;260835234;15/03/2023;2023-03-15;similar
PRIVYMTRA;MERCK SHARP & DOHME FARMACEUTICA LTDA.;3560974000118;258373237;15/03/2023;2023-03-15;novo
GESTODENO+ETINILESTRADIOL;CIFARMA CIENTÍFICA FARMACÊUTICA LTDA;17.562.075/0001-69;261193236;15/03/2023;2023-03-15;generico
levonorgestrel + etinilestradiol;CIFARMA CIENTÍFICA FARMACÊUTICA LTDA;17.562.075/0001-69;261350234;15/03/2023;2023-03-15;generico
PASSIFLORINE PI;MR LABORATÓRIOS FARMACÊUTICOS LTDA;23.668.196/0001-92;260907235;15/03/2023;2023-03-15;fitoterapico
AMORA;EUROFARMA LABORATÓRIOS S.A.;61.190.096/0001-92;261035231;15/03/2023;2023-03-15;similar
DPREV;MYRALIS INDÚSTRIA FARMACÊUTICA LTDA;17.440.261/0001-25;258203234;15/03/2023;2023-03-15;especifico
VACINA INFLUENZA TRIVALENTE ( FRAGMENTADA E INATIVADA );INSTITUTO BUTANTAN;61.821.344/0001-56;260912239;15/03/2023;2023-03-15;novo
acetato de clormadinona + etinilestradiol;EUROFARMA LABORATÓRIOS S.A.;61.190.096/0001-92;260019232;15/03/2023;2023-03-15;generico
ZANIDIP;APSEN FARMACEUTICA S/A;62.462.015/0001-29;265048231;16/03/2023;2023-03-16;novo
BEXTRA IM/IV;PFIZER BRASIL LTDA;61.072.393/0001-33;266401236;16/03/2023;2023-03-16;novo
GELOL;COSMED INDUSTRIA DE COSMETICOS E MEDICAMENTOS S.A.;61.082.426/0002-07;265183235;16/03/2023;2023-03-16;especifico
Signifor LP;RECORDATI RARE DISEASES COMÉRCIO DE MEDICAMENTOS LTDA  - ME;53.056.057/0001-79;266590233;16/03/2023;2023-03-16;novo
TEMODAL;MERCK SHARP & DOHME FARMACEUTICA LTDA.;3560974000118;264335236;16/03/2023;2023-03-16;novo
CAPTOPRIL;BRASTERAPICA INDUSTRIA FARMACEUTICA LTDA;46.179.008/0001-68;264993233;16/03/2023;2023-03-16;generico
ROX;EUROFARMA LABORATÓRIOS S.A.;61.190.096/0001-92;271174234;17/03/2023;2023-03-17;similar
SINVASMAX;LABORATÓRIO GLOBO SA;17.115.437/0001-73;272292231;17/03/2023;2023-03-17;similar
ZELBORAF;PRODUTOS ROCHE QUÍMICOS E FARMACÊUTICOS S.A.;33.009.945/0001-23;272132233;17/03/2023;2023-03-17;novo
SIMLIP;LABORATÓRIO GLOBO SA;17.115.437/0001-73;272387231;17/03/2023;2023-03-17;similar
Sirturo;JANSSEN - CILAG FARMACÊUTICA LTDA;51.780.468/0001-87;270485236;17/03/2023;2023-03-17;novo
ACICLOVIR;LABORATÓRIO TEUTO BRASILEIRO S/A;17.159.229/0001-76;270987231;17/03/2023;2023-03-17;generico
FLUCISTEIN;UNIÃO QUÍMICA FARMACÊUTICA NACIONAL S/A;60.665.981/0001-18;270800239;17/03/2023;2023-03-17;similar
CLORIDRATO DE PROPAFENONA;EUROFARMA LABORATÓRIOS S.A.;61.190.096/0001-92;268768234;17/03/2023;2023-03-17;generico
NEO DECAPEPTYL;Aché Laboratórios Farmacêuticos S.A;60.659.463/0029-92;277027233;20/03/2023;2023-03-20;novo
APROZIDE;SANOFI MEDLEY FARMACÊUTICA LTDA.;10.588.595/0010-92;277911231;20/03/2023;2023-03-20;novo
PYLORIPAC;SANOFI MEDLEY FARMACÊUTICA LTDA.;10.588.595/0010-92;276426231;20/03/2023;2023-03-20;novo
REGIOCIT;BAXTER HOSPITALAR LTDA;49.351.786/0002-61;277063230;20/03/2023;2023-03-20;especifico
DEPO-MEDROL;PFIZER BRASIL LTDA;61.072.393/0001-33;277615232;20/03/2023;2023-03-20;novo
SOMATULINE AUTOGEL;BEAUFOUR IPSEN FARMACÊUTICA LTDA;7718721000180;277817234;20/03/2023;2023-03-20;novo
CAVERJECT;PFIZER BRASIL LTDA;61.072.393/0001-33;277342236;20/03/2023;2023-03-20;novo
SINOT CLAV;EUROFARMA LABORATÓRIOS S.A.;61.190.096/0001-92;281940231;21/03/2023;2023-03-21;similar
dipirona;CIMED INDUSTRIA S.A;2814497000107;283914238;21/03/2023;2023-03-21;generico
MELIK;Aché Laboratórios Farmacêuticos S.A;60.659.463/0029-92;281588236;21/03/2023;2023-03-21;similar
CISAUNI;UNIÃO QUÍMICA FARMACÊUTICA NACIONAL S/A;60.665.981/0001-18;280128231;21/03/2023;2023-03-21;similar
BRINEURA;BIOMARIN BRASIL FARMACÊUTICA LTDA;8002360000134;279990235;21/03/2023;2023-03-21;biologico
CLORANA;SANOFI MEDLEY FARMACÊUTICA LTDA.;10.588.595/0010-92;280184239;21/03/2023;2023-03-21;novo
ROSULIB;SANDOZ DO BRASIL INDÚSTRIA FARMACÊUTICA LTDA;61.286.647/0001-16;279780231;21/03/2023;2023-03-21;similar
AKYNZEO;UNITED MEDICAL LTDA;68.949.239/0001-46;283983230;21/03/2023;2023-03-21;novo
GASTROGEL;MEDQUIMICA INDUSTRIA FARMACEUTICA LTDA.;17.875.154/0001-20;282315233;21/03/2023;2023-03-21;especifico
Upelior;RECORDATI RARE DISEASES COMÉRCIO DE MEDICAMENTOS LTDA  - ME;53.056.057/0001-79;284009237;21/03/2023;2023-03-21;novo
Targin;MUNDIPHARMA BRASIL PRODUTOS MÉDICOS E FARMACÊUTICOS LTDA;15.127.898/0001-30;279986238;21/03/2023;2023-03-21;novo
UNI HALOPER;UNIÃO QUÍMICA FARMACÊUTICA NACIONAL S/A;60.665.981/0001-18;280120231;21/03/2023;2023-03-21;similar
amoxicilina sódica + clavulanato de potássio;EUROFARMA LABORATÓRIOS S.A.;61.190.096/0001-92;280154232;21/03/2023;2023-03-21;generico
Trumenba;PFIZER BRASIL LTDA;61.072.393/0001-33;280076231;21/03/2023;2023-03-21;biologico
ROSUVASTATINA CALCICA;AUROBINDO PHARMA INDÚSTRIA FARMACÊUTICA LIMITADA;4301884000175;283158239;21/03/2023;2023-03-21;generico
ATAK CLAV;EUROFARMA LABORATÓRIOS S.A.;61.190.096/0001-92;281784230;21/03/2023;2023-03-21;similar
FOSFATO DISSODICO DE DEXAMETASONA;HYPOFARMA - INSTITUTO DE HYPODERMIA E FARMÁCIA LTDA;17.174.657/0001-78;283430231;21/03/2023;2023-03-21;generico
ROSUVASTATINA CALCICA;SANDOZ DO BRASIL INDÚSTRIA FARMACÊUTICA LTDA;61.286.647/0001-16;279704232;21/03/2023;2023-03-21;generico
UNIDEXA;UNIÃO QUÍMICA FARMACÊUTICA NACIONAL S/A;60.665.981/0001-18;280213239;21/03/2023;2023-03-21;similar
aciclovir;INSTITUTO BIOCHIMICO INDÚSTRIA FARMACÊUTICA LTDA;33.258.401/0001-03;287582230;22/03/2023;2023-03-22;generico
bissulfato de clopidogrel;DR. REDDYS FARMACÊUTICA DO BRASIL LTDA;3978166000175;288746236;22/03/2023;2023-03-22;generico
ARIPIPRAZOL;SANDOZ DO BRASIL INDÚSTRIA FARMACÊUTICA LTDA;61.286.647/0001-16;289588235;22/03/2023;2023-03-22;generico
GLYPRESSIN;LABORATÓRIOS FERRING LTDA;74.232.034/0001-48;289659230;22/03/2023;2023-03-22;novo
CLAXAM;SANDOZ DO BRASIL INDÚSTRIA FARMACÊUTICA LTDA;61.286.647/0001-16;288830237;22/03/2023;2023-03-22;similar
GLICOCER;UNIÃO BRASILEIRA DE EDUCAÇÃO E ASSISTÊNCIA;88.630.413/0001-09;288405234;22/03/2023;2023-03-22;radiofarmaco
DROALFA;Aché Laboratórios Farmacêuticos S.A;60.659.463/0029-92;285766236;22/03/2023;2023-03-22;similar
olanzapina;INSTITUTO BIOCHIMICO INDÚSTRIA FARMACÊUTICA LTDA;33.258.401/0001-03;287336239;22/03/2023;2023-03-22;generico
Amoxicilina + Clavulanato de Potássio;SANDOZ DO BRASIL INDÚSTRIA FARMACÊUTICA LTDA;61.286.647/0001-16;289087236;22/03/2023;2023-03-22;generico
CUBICIN;MERCK SHARP & DOHME FARMACEUTICA LTDA.;3560974000118;288237234;22/03/2023;2023-03-22;novo
TILESTAL;MYRALIS INDÚSTRIA FARMACÊUTICA LTDA;17.440.261/0001-25;287700232;22/03/2023;2023-03-22;similar
bromidrato de citalopram;PRATI DONADUZZI & CIA LTDA;73.856.593/0001-66;294013237;23/03/2023;2023-03-23;generico
MELYSSE;Aché Laboratórios Farmacêuticos S.A;60.659.463/0029-92;294591231;23/03/2023;2023-03-23;similar
ZITROMAX;PFIZER BRASIL LTDA;61.072.393/0001-33;292551231;23/03/2023;2023-03-23;novo
DEGEN;BIOLAB SANUS FARMACÊUTICA LTDA;49.475.833/0001-06;291048234;23/03/2023;2023-03-23;especifico
haloperidol;FRESENIUS KABI BRASIL LTDA;49.324.221/0001-04;293021236;23/03/2023;2023-03-23;generico
rosuvastatina cálcica;NOVARTIS BIOCIENCIAS S.A;56.994.502/0001-30;293686238;23/03/2023;2023-03-23;generico
amoxicilina tri-hidratada + clavulanato de potássio;NOVARTIS BIOCIENCIAS S.A;56.994.502/0001-30;293065233;23/03/2023;2023-03-23;generico
CITALOPRAM;EUROFARMA LABORATÓRIOS S.A.;61.190.096/0001-92;295556234;24/03/2023;2023-03-24;generico
Hylo-Comod;FBM INDÚSTRIA FARMACÊUTICA LTDA;2060549000105;298955237;24/03/2023;2023-03-24;especifico
HYLO-GEL;FBM INDÚSTRIA FARMACÊUTICA LTDA;2060549000105;298961237;24/03/2023;2023-03-24;especifico
VALCYTE;BIOPAS BRASIL PRODUTOS FARMACEUTICOS LTDA;31.327.287/0001-92;299503232;24/03/2023;2023-03-24;novo
CITTÀ;EUROFARMA LABORATÓRIOS S.A.;61.190.096/0001-92;295918233;24/03/2023;2023-03-24;similar
VIBRAMICINA;PFIZER BRASIL LTDA;61.072.393/0001-33;299079236;24/03/2023;2023-03-24;novo
PENTASA;LABORATÓRIOS FERRING LTDA;74.232.034/0001-48;299262235;24/03/2023;2023-03-24;novo
VPRIV;TAKEDA PHARMA LTDA.;60.397.775/0001-74;298530236;24/03/2023;2023-03-24;biologico
cloridrato de memantina;EMS S/A;57.507.378/0003-65;297948237;24/03/2023;2023-03-24;generico
BIO-MANGUINHOS ADALIMUMABE;FUNDAÇÃO OSWALDO CRUZ;33.781.055/0001-35;299501230;24/03/2023;2023-03-24;biologico
cetoconazol;LABORATÓRIO TEUTO BRASILEIRO S/A;17.159.229/0001-76;299239233;24/03/2023;2023-03-24;generico
CETOCORT-N;LABORATÓRIO TEUTO BRASILEIRO S/A;17.159.229/0001-76;299131238;24/03/2023;2023-03-24;similar
BENEFIX;PFIZER BRASIL LTDA;61.072.393/0001-33;297876236;24/03/2023;2023-03-24;biologico
linezolida;HYPOFARMA - INSTITUTO DE HYPODERMIA E FARMÁCIA LTDA;17.174.657/0001-78;298119234;24/03/2023;2023-03-24;generico
cloridrato de fluoxetina;SANDOZ DO BRASIL INDÚSTRIA FARMACÊUTICA LTDA;61.286.647/0001-16;304355232;27/03/2023;2023-03-27;generico
CLORIDRATO DE SOTALOL;BRAINFARMA INDÚSTRIA QUÍMICA E FARMACÊUTICA S.A;5161069000110;304885231;27/03/2023;2023-03-27;generico
CATAFLAMPRO;PF Consumer Healthcare Brazil Importadora e Distribuidora de Medicamentos Ltda;30.872.270/0001-53;304613231;27/03/2023;2023-03-27;novo
SOLUCAO DE MANITOL EQUIPLEX;EQUIPLEX INDÚSTRIA FARMACÊUTICA LTDA;1784792000103;305231235;27/03/2023;2023-03-27;especifico
AGUA PARA INJEÇÃO;EQUIPLEX INDÚSTRIA FARMACÊUTICA LTDA;1784792000103;304986232;27/03/2023;2023-03-27;especifico
TRADINOL;HIPOLABOR FARMACEUTICA LTDA;19.570.720/0001-10;303664231;27/03/2023;2023-03-27;similar
VEAC;EUROFARMA LABORATÓRIOS S.A.;61.190.096/0001-92;301496234;27/03/2023;2023-03-27;similar
cetoconazol+ dipropionato de betametasona;LABORATÓRIO TEUTO BRASILEIRO S/A;17.159.229/0001-76;304747238;27/03/2023;2023-03-27;generico
HYPOCAÍNA;HYPOFARMA - INSTITUTO DE HYPODERMIA E FARMÁCIA LTDA;17.174.657/0001-78;301465231;27/03/2023;2023-03-27;similar
TAXOTERE;SANOFI MEDLEY FARMACÊUTICA LTDA.;10.588.595/0010-92;303779233;27/03/2023;2023-03-27;novo
AMINOFILINA;HIPOLABOR FARMACEUTICA LTDA;19.570.720/0001-10;305094238;27/03/2023;2023-03-27;generico
CONCERTA;JANSSEN - CILAG FARMACÊUTICA LTDA;51.780.468/0001-87;306607239;28/03/2023;2023-03-28;novo
LINADIB DUO;EMS S/A;57.507.378/0003-65;309664233;28/03/2023;2023-03-28;similar
DUOSOL COM POTÁSSIO;LABORATÓRIOS B. BRAUN S/A;31.673.254/0001-02;308975235;28/03/2023;2023-03-28;especifico
ZODEL;SANOFI MEDLEY FARMACÊUTICA LTDA.;10.588.595/0010-92;308685237;28/03/2023;2023-03-28;similar
DICLOFENACO DE DIETILAMÔMIO;BRAINFARMA INDÚSTRIA QUÍMICA E FARMACÊUTICA S.A;5161069000110;306994232;28/03/2023;2023-03-28;generico
LUCENTIS;NOVARTIS BIOCIENCIAS S.A;56.994.502/0001-30;310762235;28/03/2023;2023-03-28;biologico
EBATZ;LIBBS FARMACÊUTICA LTDA;61.230.314/0001-75;309232236;28/03/2023;2023-03-28;similar
TUNTÁ;EUROFARMA LABORATÓRIOS S.A.;61.190.096/0001-92;306796236;28/03/2023;2023-03-28;similar
succinato de desvenlafaxina monoidratado;SANOFI MEDLEY FARMACÊUTICA LTDA.;10.588.595/0010-92;308650239;28/03/2023;2023-03-28;generico
TECFIDERA;BIOGEN BRASIL PRODUTOS FARMACÊUTICOS LTDA;7986222000174;310884233;28/03/2023;2023-03-28;novo
ELPENZO;MERCK S/A;33.069.212/0001-84;309480230;28/03/2023;2023-03-28;similar
ISOFARMA-SOLUÇÃO DE CLORETO DE SODIO;HALEX ISTAR INDÚSTRIA FARMACÊUTICA SA;1571702000198;310909236;28/03/2023;2023-03-28;especifico
OCREVUS;PRODUTOS ROCHE QUÍMICOS E FARMACÊUTICOS S.A.;33.009.945/0001-23;306871238;28/03/2023;2023-03-28;biologico
DUOSOL SEM POTÁSSIO;LABORATÓRIOS B. BRAUN S/A;31.673.254/0001-02;309065232;28/03/2023;2023-03-28;especifico
NARATANO;MULTILAB INDUSTRIA E COMERCIO DE PRODUTOS FARMACEUTICOS LTDA;92.265.552/0009-05;309041236;28/03/2023;2023-03-28;similar
XELODA;BIOPAS BRASIL PRODUTOS FARMACEUTICOS LTDA;31.327.287/0001-92;308684231;28/03/2023;2023-03-28;novo
CLORIDRATO DE CLOBUTINOL + SUCCINATO DE DOXILAMINA;UNIÃO QUÍMICA FARMACÊUTICA NACIONAL S/A;60.665.981/0001-18;312498233;29/03/2023;2023-03-29;generico
KOKSARA;LABORATÓRIO QUÍMICO FARMACÊUTICO BERGAMO LTDA;61.282.661/0001-41;316216232;29/03/2023;2023-03-29;similar
cloridrato de memantina;MULTILAB INDUSTRIA E COMERCIO DE PRODUTOS FARMACEUTICOS LTDA;92.265.552/0009-05;314401237;29/03/2023;2023-03-29;generico
SYNTHROID;ABBOTT LABORATÓRIOS DO BRASIL LTDA;56.998.701/0001-16;316292231;29/03/2023;2023-03-29;novo
fosfato sódico de prednisolona;CIMED INDUSTRIA S.A;2814497000107;314509232;29/03/2023;2023-03-29;generico
RINVOQ;ABBVIE FARMACÊUTICA LTDA.;15.800.545/0001-50;317151231;29/03/2023;2023-03-29;novo
SULFAMETOXAZOL + TRIMETOPRIMA;LABORATÓRIO TEUTO BRASILEIRO S/A;17.159.229/0001-76;315267232;29/03/2023;2023-03-29;generico
FACOBA®;LEGRAND PHARMA INDÚSTRIA FARMACÊUTICA LTDA;5044984000126;316058238;29/03/2023;2023-03-29;similar
EZOPEN;LABORATÓRIO TEUTO BRASILEIRO S/A;17.159.229/0001-76;317985230;30/03/2023;2023-03-30;similar
OLMETEC HCT;PFIZER BRASIL LTDA;61.072.393/0001-33;317781235;30/03/2023;2023-03-30;similar
Cinryze;TAKEDA PHARMA LTDA.;60.397.775/0001-74;320467236;30/03/2023;2023-03-30;biologico
MYFORTIC;NOVARTIS BIOCIENCIAS S.A;56.994.502/0001-30;322036232;30/03/2023;2023-03-30;novo
TALZENNA;PFIZER BRASIL LTDA;61.072.393/0001-33;317757237;30/03/2023;2023-03-30;novo
hemitartarato de zolpidem;AUROBINDO PHARMA INDÚSTRIA FARMACÊUTICA LIMITADA;4301884000175;321802233;30/03/2023;2023-03-30;generico
GINKOMED;CIMED INDUSTRIA S.A;2814497000107;321090233;30/03/2023;2023-03-30;fitoterapico
Lynparza comprimidos;ASTRAZENECA DO BRASIL LTDA;60.318.797/0001-00;321335236;30/03/2023;2023-03-30;novo
SOMAVERT;PFIZER BRASIL LTDA;61.072.393/0001-33;317763237;30/03/2023;2023-03-30;biologico
NESTA;Aché Laboratórios Farmacêuticos S.A;60.659.463/0029-92;317824236;30/03/2023;2023-03-30;similar
HETORI;ORGANON FARMACÊUTICA LTDA.;45.987.013/0001-34;320784231;30/03/2023;2023-03-30;similar
ZIAGENAVIR;GLAXOSMITHKLINE BRASIL LTDA;33.247.743/0001-10;318168235;30/03/2023;2023-03-30;novo
IBANDRONATO DE SÓDIO;BIOLAB SANUS FARMACÊUTICA LTDA;49.475.833/0001-06;321657233;30/03/2023;2023-03-30;generico
CYMEVIR;HALEX ISTAR INDÚSTRIA FARMACÊUTICA SA;1571702000198;322009235;30/03/2023;2023-03-30;similar
TYSABRI;BIOGEN BRASIL PRODUTOS FARMACÊUTICOS LTDA;7986222000174;326319239;31/03/2023;2023-03-31;biologico
ESPASMOPAN COMPOSTO;UNIÃO QUÍMICA FARMACÊUTICA NACIONAL S/A;60.665.981/0001-18;326506233;31/03/2023;2023-03-31;similar
PONSTAN;PFIZER BRASIL LTDA;61.072.393/0001-33;323231233;31/03/2023;2023-03-31;novo
LINOFEME;CIFARMA CIENTÍFICA FARMACÊUTICA LTDA;17.562.075/0001-69;327453231;31/03/2023;2023-03-31;similar
NOVALGINA;SANOFI MEDLEY FARMACÊUTICA LTDA.;10.588.595/0010-92;323066232;31/03/2023;2023-03-31;novo
CARBAMAZEPINA;HIPOLABOR FARMACEUTICA LTDA;19.570.720/0001-10;328232238;31/03/2023;2023-03-31;generico
COLPOTROFINE;FARMA VISION IMPORTAÇÃO E EXPORTAÇÃO DE MEDICAMENTOS LTDA;9058502000148;325458235;31/03/2023;2023-03-31;novo
GANFORT;ALLERGAN PRODUTOS FARMACÊUTICOS LTDA;43.426.626/0001-77;326505237;31/03/2023;2023-03-31;novo
ONDSET INJ;UNIÃO QUÍMICA FARMACÊUTICA NACIONAL S/A;60.665.981/0001-18;327845236;31/03/2023;2023-03-31;similar
telmisartana + hidroclorotiazida;TORRENT DO BRASIL LTDA;33.078.528/0001-32;326918230;31/03/2023;2023-03-31;generico
pregabalina;SANOFI MEDLEY FARMACÊUTICA LTDA.;10.588.595/0010-92;332842231;03/04/2023;2023-04-03;generico
CLINDOXYL;GLAXOSMITHKLINE BRASIL LTDA;33.247.743/0001-10;332462234;03/04/2023;2023-04-03;novo
CITAFORIN;LEGRAND PHARMA INDÚSTRIA FARMACÊUTICA LTDA;5044984000126;333490231;03/04/2023;2023-04-03;similar
cloridrato de fingolimode;UNIVERSIDADE FEDERAL DO RIO GRANDE DO NORTE;24.365.710/0001-83;332127231;03/04/2023;2023-04-03;generico
NOVOSORO H;LABORATÓRIO GLOBO SA;17.115.437/0001-73;334059232;03/04/2023;2023-04-03;especifico
Actemra;PRODUTOS ROCHE QUÍMICOS E FARMACÊUTICOS S.A.;33.009.945/0001-23;332024237;03/04/2023;2023-04-03;biologico
SOLUCAO FISIOLOGICA DE CLORETO DE SODIO EQUIPLEX;EQUIPLEX INDÚSTRIA FARMACÊUTICA LTDA;1784792000103;333228235;03/04/2023;2023-04-03;especifico
hemitartarato de zolpidem;LEGRAND PHARMA INDÚSTRIA FARMACÊUTICA LTDA;5044984000126;333686233;03/04/2023;2023-04-03;generico
CLOTRIMAZOL;LABORATÓRIO GLOBO SA;17.115.437/0001-73;333841239;03/04/2023;2023-04-03;generico
ANDROGEL;BESINS HEALTHCARE BRASIL COMERCIAL E DISTRIBUIDORA DE MEDICAMENTOS LTDA;11.082.598/0001-21;334361231;03/04/2023;2023-04-03;novo
PROLEPTOL;SANOFI MEDLEY FARMACÊUTICA LTDA.;10.588.595/0010-92;332773230;03/04/2023;2023-04-03;similar
BROMIDRATO DE CITALOPRAM;GERMED FARMACEUTICA LTDA;45.992.062/0001-65;332641236;03/04/2023;2023-04-03;generico
hemitartarato de zolpidem;MULTILAB INDUSTRIA E COMERCIO DE PRODUTOS FARMACEUTICOS LTDA;92.265.552/0009-05;333768230;03/04/2023;2023-04-03;generico
hemitartarato de zolpidem;GERMED FARMACEUTICA LTDA;45.992.062/0001-65;333672232;03/04/2023;2023-04-03;generico
SPIDUFEN LIMÃO COLA;ZAMBON LABORATÓRIOS FARMACÊUTICOS LTDA.;61.100.004/0001-36;333326237;03/04/2023;2023-04-03;similar
HEMITARTARATO DE ZOLPIDEM;EMS S/A;57.507.378/0003-65;333541235;03/04/2023;2023-04-03;generico
FLUCONAZOL;SANOFI MEDLEY FARMACÊUTICA LTDA.;10.588.595/0010-92;333205235;03/04/2023;2023-04-03;generico
bromidrato de citalopram;MULTILAB INDUSTRIA E COMERCIO DE PRODUTOS FARMACEUTICOS LTDA;92.265.552/0009-05;333524233;03/04/2023;2023-04-03;generico
JANUVIA;MERCK SHARP & DOHME FARMACEUTICA LTDA.;3560974000118;330241231;03/04/2023;2023-04-03;novo
INSOPIDEM;EMS SIGMA PHARMA LTDA;923140000131;333603231;03/04/2023;2023-04-03;similar
BROMIDRATO DE CITALOPRAM;EMS S/A;57.507.378/0003-65;332573231;03/04/2023;2023-04-03;generico
Gabapentina;BIOLAB SANUS FARMACÊUTICA LTDA;49.475.833/0001-06;333954238;03/04/2023;2023-04-03;generico
BROMIDRATO DE CITALOPRAM;LEGRAND PHARMA INDÚSTRIA FARMACÊUTICA LTDA;5044984000126;332786234;03/04/2023;2023-04-03;generico
HIZOLP;EMS S/A;57.507.378/0003-65;333587235;03/04/2023;2023-04-03;similar
OESTROGEL;BESINS HEALTHCARE BRASIL COMERCIAL E DISTRIBUIDORA DE MEDICAMENTOS LTDA;11.082.598/0001-21;337847231;04/04/2023;2023-04-04;novo
VENLAXIN XR;EUROFARMA LABORATÓRIOS S.A.;61.190.096/0001-92;336029233;04/04/2023;2023-04-04;similar
CLORIDRATO DE VENLAFAXINA;EUROFARMA LABORATÓRIOS S.A.;61.190.096/0001-92;336838239;04/04/2023;2023-04-04;generico
UTROGESTAN;BESINS HEALTHCARE BRASIL COMERCIAL E DISTRIBUIDORA DE MEDICAMENTOS LTDA;11.082.598/0001-21;338063234;04/04/2023;2023-04-04;novo
CHAMPIX;PFIZER BRASIL LTDA;61.072.393/0001-33;338678239;04/04/2023;2023-04-04;novo
NAPROXENO;LABORATÓRIO TEUTO BRASILEIRO S/A;17.159.229/0001-76;337021236;04/04/2023;2023-04-04;generico
rosuvastatina cálcica;GERMED FARMACEUTICA LTDA;45.992.062/0001-65;343268230;05/04/2023;2023-04-05;generico
TREZOR;Aché Laboratórios Farmacêuticos S.A;60.659.463/0029-92;343598230;05/04/2023;2023-04-05;similar
RUNNER;Aché Laboratórios Farmacêuticos S.A;60.659.463/0029-92;343810239;05/04/2023;2023-04-05;similar
rosuvastatina cálcica;EMS S/A;57.507.378/0003-65;343214237;05/04/2023;2023-04-05;generico
MESALAZINA;EMS S/A;57.507.378/0003-65;343945231;05/04/2023;2023-04-05;generico
albendazol;Aché Laboratórios Farmacêuticos S.A;60.659.463/0029-92;343853230;05/04/2023;2023-04-05;generico
RUSOVAS;EMS SIGMA PHARMA LTDA;923140000131;343092239;05/04/2023;2023-04-05;similar
EVRYSDI;PRODUTOS ROCHE QUÍMICOS E FARMACÊUTICOS S.A.;33.009.945/0001-23;340704233;05/04/2023;2023-04-05;novo
DONAREN;APSEN FARMACEUTICA S/A;62.462.015/0001-29;342445235;05/04/2023;2023-04-05;similar
Soolantra;GALDERMA BRASIL LTDA;317372000146;344463231;05/04/2023;2023-04-05;novo
ROSUVAST;EMS S/A;57.507.378/0003-65;343321238;05/04/2023;2023-04-05;similar
ROSUSTATIN;MULTILAB INDUSTRIA E COMERCIO DE PRODUTOS FARMACEUTICOS LTDA;92.265.552/0009-05;343151235;05/04/2023;2023-04-05;similar
ANADOR;SANOFI MEDLEY FARMACÊUTICA LTDA.;10.588.595/0010-92;340719231;05/04/2023;2023-04-05;similar
DEPAKOTE;ABBOTT LABORATÓRIOS DO BRASIL LTDA;56.998.701/0001-16;345083237;05/04/2023;2023-04-05;novo
ROSA®;FARMOQUÍMICA S/A;33.349.473/0001-58;343731231;05/04/2023;2023-04-05;similar
RUVASCOR;LEGRAND PHARMA INDÚSTRIA FARMACÊUTICA LTDA;5044984000126;344491234;05/04/2023;2023-04-05;similar
PARASIN;Aché Laboratórios Farmacêuticos S.A;60.659.463/0029-92;343754231;05/04/2023;2023-04-05;similar
rosuvastatina cálcica;LEGRAND PHARMA INDÚSTRIA FARMACÊUTICA LTDA;5044984000126;344398234;05/04/2023;2023-04-05;generico
REVECTINA;ABBOTT LABORATÓRIOS DO BRASIL LTDA;56.998.701/0001-16;344101231;05/04/2023;2023-04-05;novo
EMPAK;BIOLAB SANUS FARMACÊUTICA LTDA;49.475.833/0001-06;345244231;05/04/2023;2023-04-05;generico
DONAREN RETARD;APSEN FARMACEUTICA S/A;62.462.015/0001-29;342457233;05/04/2023;2023-04-05;novo
rosuvastatina cálcica;MULTILAB INDUSTRIA E COMERCIO DE PRODUTOS FARMACEUTICOS LTDA;92.265.552/0009-05;343294231;05/04/2023;2023-04-05;generico
SANCOL;Aché Laboratórios Farmacêuticos S.A;60.659.463/0029-92;343830230;05/04/2023;2023-04-05;similar
Idacio;FRESENIUS KABI BRASIL LTDA;49.324.221/0001-04;345299230;05/04/2023;2023-04-05;biologico
ciclosporina;SANDOZ DO BRASIL INDÚSTRIA FARMACÊUTICA LTDA;61.286.647/0001-16;344005232;05/04/2023;2023-04-05;generico
Zedora;LIBBS FARMACÊUTICA LTDA;61.230.314/0001-75;344333230;05/04/2023;2023-04-05;biologico
ROSUVASTATINA CALCICA;Aché Laboratórios Farmacêuticos S.A;60.659.463/0029-92;343895234;05/04/2023;2023-04-05;generico
FIDEGERP;TAKEDA PHARMA LTDA.;60.397.775/0001-74;348117230;06/04/2023;2023-04-06;biologico
ZOLOFT;MYLAN LABORATORIOS LTDA;11.643.096/0001-22;347915230;06/04/2023;2023-04-06;novo
rosuvastatina cálcica;BRAINFARMA INDÚSTRIA QUÍMICA E FARMACÊUTICA S.A;5161069000110;349430233;06/04/2023;2023-04-06;generico
HIOARISTON;BLAU FARMACÊUTICA S.A.;58.430.828/0001-60;348315236;06/04/2023;2023-04-06;similar
hemitartarato de zolpidem;LABORATÓRIO TEUTO BRASILEIRO S/A;17.159.229/0001-76;348886233;06/04/2023;2023-04-06;generico
rosuvastatina calcica;UNIÃO QUÍMICA FARMACÊUTICA NACIONAL S/A;60.665.981/0001-18;348394233;06/04/2023;2023-04-06;generico
KIENDRA;NOVARTIS BIOCIENCIAS S.A;56.994.502/0001-30;349782237;06/04/2023;2023-04-06;novo
AZITROMICINA DIIDRATADA;SANOFI MEDLEY FARMACÊUTICA LTDA.;10.588.595/0010-92;348072236;06/04/2023;2023-04-06;generico
BRYST;LABORATÓRIO QUÍMICO FARMACÊUTICO BERGAMO LTDA;61.282.661/0001-41;349592233;06/04/2023;2023-04-06;similar
MESALAZINA;LEGRAND PHARMA INDÚSTRIA FARMACÊUTICA LTDA;5044984000126;349276234;06/04/2023;2023-04-06;generico
SOLUÇÃO RINGER SIMPLES EQUIPLEX;EQUIPLEX INDÚSTRIA FARMACÊUTICA LTDA;1784792000103;350012237;06/04/2023;2023-04-06;especifico
SOLUÇÃO RINGER COM LACTATO;EQUIPLEX INDÚSTRIA FARMACÊUTICA LTDA;1784792000103;350067236;06/04/2023;2023-04-06;especifico
VAXZEVRIA;ASTRAZENECA DO BRASIL LTDA;60.318.797/0001-00;347326234;06/04/2023;2023-04-06;biologico
SPORANOX;JANSSEN - CILAG FARMACÊUTICA LTDA;51.780.468/0001-87;345809238;06/04/2023;2023-04-06;novo
GALVUS MET;NOVARTIS BIOCIENCIAS S.A;56.994.502/0001-30;349482233;06/04/2023;2023-04-06;novo
ROSUVASTATINA CALCICA;RANBAXY FARMACÊUTICA LTDA;73.663.650/0001-90;347910238;06/04/2023;2023-04-06;generico
TECVAYLI;JANSSEN-CILAG FARMACÊUTICA LTDA;51.780.468/0001-87;347342230;06/04/2023;2023-04-06;biologico
CITALOPRAM;RANBAXY FARMACÊUTICA LTDA;73.663.650/0001-90;348765231;06/04/2023;2023-04-06;generico
MESALAZINA;GERMED FARMACEUTICA LTDA;45.992.062/0001-65;349139237;06/04/2023;2023-04-06;generico
CHRON-ASA 5;EMS SIGMA PHARMA LTDA;923140000131;349290237;06/04/2023;2023-04-06;similar
ESPASMOPAN COMPOSTO;UNIÃO QUÍMICA FARMACÊUTICA NACIONAL S/A;60.665.981/0001-18;347374239;06/04/2023;2023-04-06;similar
SANDOSTATIN;NOVARTIS BIOCIENCIAS S.A;56.994.502/0001-30;349991235;06/04/2023;2023-04-06;novo
rosuvastatina calcica;BRAINFARMA INDÚSTRIA QUÍMICA E FARMACÊUTICA S.A;5161069000110;349089230;06/04/2023;2023-04-06;generico
MECOBE;MYRALIS INDÚSTRIA FARMACÊUTICA LTDA;17.440.261/0001-25;345850238;06/04/2023;2023-04-06;especifico
rosuvastatina calcica;GEOLAB INDÚSTRIA FARMACÊUTICA S/A;3485572000104;349375232;06/04/2023;2023-04-06;generico
Nuwiq;OCTAPHARMA BRASIL LTDA;2552927000160;348349238;06/04/2023;2023-04-06;biologico
HEVELAIR;BRASTERAPICA INDUSTRIA FARMACEUTICA LTDA;46.179.008/0001-68;356060233;10/04/2023;2023-04-10;fitoterapico
lisinopril;INSTITUTO BIOCHIMICO INDÚSTRIA FARMACÊUTICA LTDA;33.258.401/0001-03;356325237;10/04/2023;2023-04-10;generico
CIMEGRIPE DIA;CIMED INDUSTRIA S.A;2814497000107;355547236;10/04/2023;2023-04-10;similar
DICLORIDRATO DE PRAMIPEXOL;EUROFARMA LABORATÓRIOS S.A.;61.190.096/0001-92;357031237;10/04/2023;2023-04-10;generico
KEYTRUDA;MERCK SHARP & DOHME FARMACEUTICA LTDA.;3560974000118;356363236;10/04/2023;2023-04-10;biologico
Acetato de Dexametasona;LABORATÓRIO TEUTO BRASILEIRO S/A;17.159.229/0001-76;355508231;10/04/2023;2023-04-10;generico
amoxicilina + clavulanato de potássio;LABORATÓRIO TEUTO BRASILEIRO S/A;17.159.229/0001-76;354972235;10/04/2023;2023-04-10;generico
EXELRING;EXELTIS LABORATORIO FARMACEUTICO LTDA;19.136.432/0001-52;357390237;10/04/2023;2023-04-10;similar
GABAPENTINA;AUROBINDO PHARMA INDÚSTRIA FARMACÊUTICA LIMITADA;4301884000175;357300238;10/04/2023;2023-04-10;generico
CONTRAVE;MERCK S/A;33.069.212/0001-84;356439232;10/04/2023;2023-04-10;novo
CITALOR;MYLAN LABORATORIOS LTDA;11.643.096/0001-22;356240231;10/04/2023;2023-04-10;novo
SOLUCAO DE GLICOSE;EQUIPLEX INDÚSTRIA FARMACÊUTICA LTDA;1784792000103;355665239;10/04/2023;2023-04-10;especifico
DEPAKENE;ABBOTT LABORATÓRIOS DO BRASIL LTDA;56.998.701/0001-16;355228238;10/04/2023;2023-04-10;novo
IRRITRATIL;Althaia S.A Indústria Farmacêutica;48.344.725/0007-19;356580237;10/04/2023;2023-04-10;similar
VERUTEX;LEO PHARMA LTDA;11.424.477/0001-10;356367231;10/04/2023;2023-04-10;novo
BROMOPRIDA;PRATI DONADUZZI & CIA LTDA;73.856.593/0001-66;362490236;11/04/2023;2023-04-11;generico
cloridrato de dexmedetomidina;PFIZER BRASIL LTDA;61.072.393/0001-33;358423236;11/04/2023;2023-04-11;generico
Cetoconazol + dipropionato de betametasona + sulfato de neomicina;LABORATÓRIO TEUTO BRASILEIRO S/A;17.159.229/0001-76;358551234;11/04/2023;2023-04-11;generico
DURATOCIN;LABORATÓRIOS FERRING LTDA;74.232.034/0001-48;362512230;11/04/2023;2023-04-11;novo
Tecentriq;PRODUTOS ROCHE QUÍMICOS E FARMACÊUTICOS S.A.;33.009.945/0001-23;368344231;12/04/2023;2023-04-12;biologico
cloridrato de tramadol + paracetamol;GERMED FARMACEUTICA LTDA;45.992.062/0001-65;366579231;12/04/2023;2023-04-12;generico
ZYPRED;ALLERGAN PRODUTOS FARMACÊUTICOS LTDA;43.426.626/0001-77;366129236;12/04/2023;2023-04-12;novo
Spinraza;BIOGEN BRASIL PRODUTOS FARMACÊUTICOS LTDA;7986222000174;365722235;12/04/2023;2023-04-12;novo
CLARISCAN;GE HEALTHCARE DO BRASIL COMÉRCIO E SERVIÇOS PARA EQUIPAMENTOS MEDICO - HOSPITALARES LTDA;29372000140;366783238;12/04/2023;2023-04-12;novo
DOXICICLINA;SANDOZ DO BRASIL INDÚSTRIA FARMACÊUTICA LTDA;61.286.647/0001-16;367153238;12/04/2023;2023-04-12;generico
DAEM;EUROFARMA LABORATÓRIOS S.A.;61.190.096/0001-92;366221230;12/04/2023;2023-04-12;similar
Xilbrilada;PFIZER BRASIL LTDA;61.072.393/0001-33;363919236;12/04/2023;2023-04-12;biologico
RAPIFEN;ANTIBIÓTICOS DO BRASIL LTDA;5439635000103;367426234;12/04/2023;2023-04-12;novo
cloridrato de tramadol + paracetamol;EMS S/A;57.507.378/0003-65;366583239;12/04/2023;2023-04-12;generico
VACINA COVID-19 (RECOMBINANTE);FUNDAÇÃO OSWALDO CRUZ;33.781.055/0001-35;368070239;12/04/2023;2023-04-12;biologico
NISTATINA + ÓXIDO DE ZINCO;SANOFI MEDLEY FARMACÊUTICA LTDA.;10.588.595/0010-92;367844231;12/04/2023;2023-04-12;generico
RUXIENCE;PFIZER BRASIL LTDA;61.072.393/0001-33;363819231;12/04/2023;2023-04-12;biologico
Cherry;FARMOQUÍMICA S/A;33.349.473/0001-58;368078230;12/04/2023;2023-04-12;similar
VEQUILE;SANDOZ DO BRASIL INDÚSTRIA FARMACÊUTICA LTDA;61.286.647/0001-16;365591238;12/04/2023;2023-04-12;similar
BENEGRIP MULTI NOITE;COSMED INDUSTRIA DE COSMETICOS E MEDICAMENTOS S.A.;61.082.426/0002-07;369090233;13/04/2023;2023-04-13;similar
voriconazol;PFIZER BRASIL LTDA;61.072.393/0001-33;372014232;13/04/2023;2023-04-13;generico
BENEGRIP MULTI DIA;COSMED INDUSTRIA DE COSMETICOS E MEDICAMENTOS S.A.;61.082.426/0002-07;370961234;13/04/2023;2023-04-13;similar
HEDERA CATARINENSE;LABORATORIO CATARINENSE LTDA;84.684.620/0001-87;373949235;13/04/2023;2023-04-13;fitoterapico
NEONAZOL;NATIVITA IND. COM. LTDA.;65.271.900/0001-19;370950232;13/04/2023;2023-04-13;similar
NEOLEFRIN DIA;BRAINFARMA INDÚSTRIA QUÍMICA E FARMACÊUTICA S.A;5161069000110;371189233;13/04/2023;2023-04-13;similar
STANGLIT;LIBBS FARMACÊUTICA LTDA;61.230.314/0001-75;369282230;13/04/2023;2023-04-13;similar
SANY D;Aché Laboratórios Farmacêuticos S.A;60.659.463/0029-92;370981235;13/04/2023;2023-04-13;especifico
NEOLEFRIN;BRAINFARMA INDÚSTRIA QUÍMICA E FARMACÊUTICA S.A;5161069000110;371702232;13/04/2023;2023-04-13;similar
mesilato de imatinibe;ZYDUS NIKKHO FARMACÊUTICA LTDA;5254971000181;372534236;13/04/2023;2023-04-13;generico
FLUVIRAL NOITE;COSMED INDUSTRIA DE COSMETICOS E MEDICAMENTOS S.A.;61.082.426/0002-07;369108230;13/04/2023;2023-04-13;similar
Dozemast;MARJAN INDÚSTRIA E COMÉRCIO LTDA;60.726.692/0001-81;372511236;13/04/2023;2023-04-13;especifico
FLUVIRAL DIA;COSMED INDUSTRIA DE COSMETICOS E MEDICAMENTOS S.A.;61.082.426/0002-07;371013232;13/04/2023;2023-04-13;similar
ZYVOX;PFIZER BRASIL LTDA;61.072.393/0001-33;376759232;14/04/2023;2023-04-14;novo
NAROPIN;ASPEN PHARMA INDÚSTRIA FARMACÊUTICA LTDA;2433631000120;376859237;14/04/2023;2023-04-14;novo
EFEXOR;MYLAN LABORATORIOS LTDA;11.643.096/0001-22;377972231;14/04/2023;2023-04-14;novo
SPECTOLAB BALSAMICO;MULTILAB INDUSTRIA E COMERCIO DE PRODUTOS FARMACEUTICOS LTDA;92.265.552/0009-05;378799231;14/04/2023;2023-04-14;similar
LEXAPRO;LUNDBECK BRASIL LTDA;4522600000170;373980230;14/04/2023;2023-04-14;novo
PROCIMAX;LIBBS FARMACÊUTICA LTDA;61.230.314/0001-75;377706230;14/04/2023;2023-04-14;similar
AJOVY;TEVA FARMACÊUTICA LTDA.;5333542000108;377646237;14/04/2023;2023-04-14;biologico
BUPROVIL;MULTILAB INDUSTRIA E COMERCIO DE PRODUTOS FARMACEUTICOS LTDA;92.265.552/0009-05;378334239;14/04/2023;2023-04-14;similar
NAUSEDRON;CRISTÁLIA PRODUTOS QUÍMICOS FARMACÊUTICOS LTDA.;44.734.671/0001-51;376245239;14/04/2023;2023-04-14;similar
ciprofibrato;BRAINFARMA INDÚSTRIA QUÍMICA E FARMACÊUTICA S.A;5161069000110;376895233;14/04/2023;2023-04-14;generico
GLUCAGEN;NOVO NORDISK FARMACÊUTICA DO BRASIL LTDA;82.277.955/0001-55;377134236;14/04/2023;2023-04-14;similar
bromidrato de citalopram;AUROBINDO PHARMA INDÚSTRIA FARMACÊUTICA LIMITADA;4301884000175;376612231;14/04/2023;2023-04-14;generico
FARMANGUINHOS PRIMAQUINA;FUNDAÇÃO OSWALDO CRUZ;33.781.055/0001-35;378479237;14/04/2023;2023-04-14;novo
CITARABINA;ACCORD FARMACÊUTICA LTDA;64.171.697/0001-46;377132233;14/04/2023;2023-04-14;generico
SONRIDOR CAF;PF Consumer Healthcare Brazil Importadora e Distribuidora de Medicamentos Ltda;30.872.270/0001-53;376761237;14/04/2023;2023-04-14;novo
MULTIGRIP;MULTILAB INDUSTRIA E COMERCIO DE PRODUTOS FARMACEUTICOS LTDA;92.265.552/0009-05;385065230;17/04/2023;2023-04-17;similar
DORMIUM;UNIÃO QUÍMICA FARMACÊUTICA NACIONAL S/A;60.665.981/0001-18;382504232;17/04/2023;2023-04-17;similar
FOSTAIR;CHIESI FARMACÊUTICA LTDA;61.363.032/0001-46;384865232;17/04/2023;2023-04-17;novo
ANGINO RUB;EUROFARMA LABORATÓRIOS S.A.;61.190.096/0001-92;384962238;17/04/2023;2023-04-17;similar
CEFALIUM ONE;Aché Laboratórios Farmacêuticos S.A;60.659.463/0029-92;383169232;17/04/2023;2023-04-17;similar
ESC;EUROFARMA LABORATÓRIOS S.A.;61.190.096/0001-92;384671233;17/04/2023;2023-04-17;similar
TELMISARTANA;EMS S/A;57.507.378/0003-65;383214238;17/04/2023;2023-04-17;generico
cloridrato de donepezila;AUROBINDO PHARMA INDÚSTRIA FARMACÊUTICA LIMITADA;4301884000175;384077234;17/04/2023;2023-04-17;generico
hidroclorotiazida;SANOFI MEDLEY FARMACÊUTICA LTDA.;10.588.595/0010-92;383631238;17/04/2023;2023-04-17;generico
ZINNAT;SANDOZ DO BRASIL INDÚSTRIA FARMACÊUTICA LTDA;61.286.647/0001-16;384856233;17/04/2023;2023-04-17;novo
pregabalina;AUROBINDO PHARMA INDÚSTRIA FARMACÊUTICA LIMITADA;4301884000175;382653238;17/04/2023;2023-04-17;generico
LAMICTAL;GLAXOSMITHKLINE BRASIL LTDA;33.247.743/0001-10;383605237;17/04/2023;2023-04-17;novo
BRAMICAR;EMS SIGMA PHARMA LTDA;923140000131;383152232;17/04/2023;2023-04-17;similar
OXCENE;Aché Laboratórios Farmacêuticos S.A;60.659.463/0029-92;389837237;18/04/2023;2023-04-18;similar
VENOXIDE;Aché Laboratórios Farmacêuticos S.A;60.659.463/0029-92;389899232;18/04/2023;2023-04-18;especifico
HYQVIA;TAKEDA PHARMA LTDA.;60.397.775/0001-74;388128232;18/04/2023;2023-04-18;biologico
cloridrato de sertralina;AUROBINDO PHARMA INDÚSTRIA FARMACÊUTICA LIMITADA;4301884000175;388263237;18/04/2023;2023-04-18;generico
TYLEX;CELLERA FARMACÊUTICA S.A.;33.173.097/0002-74;389856231;18/04/2023;2023-04-18;novo
VALDOXAN;LABORATÓRIOS SERVIER DO BRASIL LTDA;42.374.207/0001-76;388299231;18/04/2023;2023-04-18;novo
ANDROCORTIL;LABORATÓRIO TEUTO BRASILEIRO S/A;17.159.229/0001-76;388165235;18/04/2023;2023-04-18;similar
Prednisolona;EUROFARMA LABORATÓRIOS S.A.;61.190.096/0001-92;388915234;18/04/2023;2023-04-18;generico
omeprazol sódico;BLAU FARMACÊUTICA S.A.;58.430.828/0001-60;389384232;18/04/2023;2023-04-18;generico
JARDIANCE DUO;BOEHRINGER INGELHEIM DO BRASIL QUÍMICA E FARMACÊUTICA LTDA.;60.831.658/0001-77;389886238;18/04/2023;2023-04-18;novo
BLEU PATENTE V;GUERBET PRODUTOS RADIOLÓGICOS LTDA;42.180.406/0001-43;389520233;18/04/2023;2023-04-18;similar
DOTAREM;GUERBET PRODUTOS RADIOLÓGICOS LTDA;42.180.406/0001-43;388821230;18/04/2023;2023-04-18;similar
COLTRAX;SANOFI MEDLEY FARMACÊUTICA LTDA.;10.588.595/0010-92;395767237;19/04/2023;2023-04-19;novo
JOGGER;Aché Laboratórios Farmacêuticos S.A;60.659.463/0029-92;393615235;19/04/2023;2023-04-19;biologico
gabapentina;CIMED INDUSTRIA S.A;2814497000107;393700232;19/04/2023;2023-04-19;generico
daptomicina;ACCORD FARMACÊUTICA LTDA;64.171.697/0001-46;391794230;19/04/2023;2023-04-19;generico
Latuda®;DAIICHI SANKYO BRASIL FARMACÊUTICA LTDA;60.874.187/0001-84;395039231;19/04/2023;2023-04-19;novo
ONDSET SOLUÇÃO ORAL;UNIÃO QUÍMICA FARMACÊUTICA NACIONAL S/A;60.665.981/0001-18;395853231;19/04/2023;2023-04-19;novo
DISPETIC;Aché Laboratórios Farmacêuticos S.A;60.659.463/0029-92;391955233;19/04/2023;2023-04-19;similar
VENVANSE;TAKEDA PHARMA LTDA.;60.397.775/0001-74;395542235;19/04/2023;2023-04-19;novo
VITALIA XR;Aché Laboratórios Farmacêuticos S.A;60.659.463/0029-92;395383234;19/04/2023;2023-04-19;similar
COLTRAX INJ;SANOFI MEDLEY FARMACÊUTICA LTDA.;10.588.595/0010-92;395252237;19/04/2023;2023-04-19;novo
CORTICORTEN;BRAINFARMA INDÚSTRIA QUÍMICA E FARMACÊUTICA S.A;5161069000110;395115230;19/04/2023;2023-04-19;similar
DEOCIL;DIFFUCAP - CHEMOBRÁS QUÍMICA E FARMACÊUTICA LTDA;42.457.796/0001-56;394962231;19/04/2023;2023-04-19;similar
Imbruvica;JANSSEN - CILAG FARMACÊUTICA LTDA;51.780.468/0001-87;395276233;19/04/2023;2023-04-19;novo
IMBRUVICA;JANSSEN - CILAG FARMACÊUTICA LTDA;51.780.468/0001-87;394667239;19/04/2023;2023-04-19;novo
GIVLAARI;SPECIALTY PHARMA GOIAS LTDA;31.731.807/0001-28;397809239;20/04/2023;2023-04-20;novo
AXETIL CEFUROXIMA;RANBAXY FARMACÊUTICA LTDA;73.663.650/0001-90;400382237;20/04/2023;2023-04-20;generico
AXETILCEFUROXIMA;BRAINFARMA INDÚSTRIA QUÍMICA E FARMACÊUTICA S.A;5161069000110;397289235;20/04/2023;2023-04-20;generico
clonazepam;INSTITUTO BIOCHIMICO INDÚSTRIA FARMACÊUTICA LTDA;33.258.401/0001-03;399356231;20/04/2023;2023-04-20;generico
AMOXIL;GLAXOSMITHKLINE BRASIL LTDA;33.247.743/0001-10;398469237;20/04/2023;2023-04-20;novo
ERYSIDORON-1;WELEDA DO BRASIL LABORATÓRIO E FARMÁCIA LTDA;56.992.217/0001-80;397162235;20/04/2023;2023-04-20;dinamizado
valsartana;LABORATÓRIO TEUTO BRASILEIRO S/A;17.159.229/0001-76;397848234;20/04/2023;2023-04-20;generico
imatinibe;INSTITUTO BIOCHIMICO INDÚSTRIA FARMACÊUTICA LTDA;33.258.401/0001-03;396572235;20/04/2023;2023-04-20;generico
TENOXICAM;CRISTÁLIA PRODUTOS QUÍMICOS FARMACÊUTICOS LTDA.;44.734.671/0001-51;397184239;20/04/2023;2023-04-20;generico
PREDNISOLONA;EMS S/A;57.507.378/0003-65;399719237;20/04/2023;2023-04-20;generico
WAYLIVRA;PTC FARMACEUTICA DO BRASIL LTDA.;25.210.463/0001-09;397532237;20/04/2023;2023-04-20;novo
ARNICA WELEDA;WELEDA DO BRASIL LABORATÓRIO E FARMÁCIA LTDA;56.992.217/0001-80;400111233;20/04/2023;2023-04-20;dinamizado
CETOFENID;LABORATÓRIO TEUTO BRASILEIRO S/A;17.159.229/0001-76;397835230;20/04/2023;2023-04-20;similar
omeprazol;LABORATÓRIO TEUTO BRASILEIRO S/A;17.159.229/0001-76;397934238;20/04/2023;2023-04-20;generico
rosuvastatina calcica;LABORATÓRIO TEUTO BRASILEIRO S/A;17.159.229/0001-76;397921233;20/04/2023;2023-04-20;generico
MEFEX;Aché Laboratórios Farmacêuticos S.A;60.659.463/0029-92;396571239;20/04/2023;2023-04-20;similar
TOTTI SL;Aché Laboratórios Farmacêuticos S.A;60.659.463/0029-92;397085231;20/04/2023;2023-04-20;similar
teuvart;LABORATÓRIO TEUTO BRASILEIRO S/A;17.159.229/0001-76;397895232;20/04/2023;2023-04-20;generico
LISINOPRIL;LABORATÓRIO TEUTO BRASILEIRO S/A;17.159.229/0001-76;404559239;24/04/2023;2023-04-24;generico
DOJOLVI;ULTRAGENYX BRASIL FARMACEUTICA LTDA;27.724.245/0001-18;403890233;24/04/2023;2023-04-24;novo
SINVATROX;LEGRAND PHARMA INDÚSTRIA FARMACÊUTICA LTDA;5044984000126;406039232;24/04/2023;2023-04-24;similar
AXETILCEFUROXIMA;RANBAXY FARMACÊUTICA LTDA;73.663.650/0001-90;404328237;24/04/2023;2023-04-24;generico
ADVIL;PF Consumer Healthcare Brazil Importadora e Distribuidora de Medicamentos Ltda;30.872.270/0001-53;407145231;24/04/2023;2023-04-24;similar
GLYA;CRISTÁLIA PRODUTOS QUÍMICOS FARMACÊUTICOS LTDA.;44.734.671/0001-51;403810230;24/04/2023;2023-04-24;similar
CARBAMAZEPINA;EMS S/A;57.507.378/0003-65;403739233;24/04/2023;2023-04-24;generico
ULTOMIRIS;ALEXION SERVICOS E FARMACEUTICA DO BRASIL LTDA;10.284.284/0001-49;405221231;24/04/2023;2023-04-24;biologico
Advil 12h;PF Consumer Healthcare Brazil Importadora e Distribuidora de Medicamentos Ltda;30.872.270/0001-53;406384231;24/04/2023;2023-04-24;novo
carbamazepina;GERMED FARMACEUTICA LTDA;45.992.062/0001-65;403771234;24/04/2023;2023-04-24;generico
CEBRALAT;LIBBS FARMACÊUTICA LTDA;61.230.314/0001-75;403470234;24/04/2023;2023-04-24;novo
LIPISTATINA;MULTILAB INDUSTRIA E COMERCIO DE PRODUTOS FARMACEUTICOS LTDA;92.265.552/0009-05;404456235;24/04/2023;2023-04-24;similar
ENHERTU;DAIICHI SANKYO BRASIL FARMACÊUTICA LTDA;60.874.187/0001-84;405377231;24/04/2023;2023-04-24;biologico
GLINAPE;LEGRAND PHARMA INDÚSTRIA FARMACÊUTICA LTDA;5044984000126;411091239;25/04/2023;2023-04-25;similar
GLUNAC;GERMED FARMACEUTICA LTDA;45.992.062/0001-65;409880230;25/04/2023;2023-04-25;similar
pregabalina;Althaia S.A Indústria Farmacêutica;48.344.725/0007-19;410526231;25/04/2023;2023-04-25;generico
HEMITARTARATO DE NOREPINEFRINA;HIPOLABOR FARMACEUTICA LTDA;19.570.720/0001-10;407680233;25/04/2023;2023-04-25;generico
Eylia;BAYER S.A.;18.459.628/0001-15;410496235;25/04/2023;2023-04-25;biologico
ADENON;WELEDA DO BRASIL LABORATÓRIO E FARMÁCIA LTDA;56.992.217/0001-80;409072231;25/04/2023;2023-04-25;dinamizado
succinato de metoprolol;DR. REDDYS FARMACÊUTICA DO BRASIL LTDA;3978166000175;412328232;25/04/2023;2023-04-25;generico
IBAN;EUROFARMA LABORATÓRIOS S.A.;61.190.096/0001-92;410647233;25/04/2023;2023-04-25;similar
LINADIB;EMS S/A;57.507.378/0003-65;408374233;25/04/2023;2023-04-25;similar
RINIDON;WELEDA DO BRASIL LABORATÓRIO E FARMÁCIA LTDA;56.992.217/0001-80;407682236;25/04/2023;2023-04-25;dinamizado
linagliptina;GERMED FARMACEUTICA LTDA;45.992.062/0001-65;408611235;25/04/2023;2023-04-25;generico
linagliptina;LEGRAND PHARMA INDÚSTRIA FARMACÊUTICA LTDA;5044984000126;411001230;25/04/2023;2023-04-25;generico
hidroclorotiazida;CIMED INDUSTRIA S.A;2814497000107;413258238;25/04/2023;2023-04-25;generico
ibandronato de sódio;EUROFARMA LABORATÓRIOS S.A.;61.190.096/0001-92;411341235;25/04/2023;2023-04-25;generico
linagliptina;EMS S/A;57.507.378/0003-65;408328231;25/04/2023;2023-04-25;generico
ALENDRONATO DE SODIO;LABORATÓRIO TEUTO BRASILEIRO S/A;17.159.229/0001-76;410039233;25/04/2023;2023-04-25;generico
ADVIPRO;PF Consumer Healthcare Brazil Importadora e Distribuidora de Medicamentos Ltda;30.872.270/0001-53;419111239;26/04/2023;2023-04-26;similar
maleato de dexclorfeniramina;CIMED INDUSTRIA S.A;2814497000107;417548231;26/04/2023;2023-04-26;generico
SINOT;EUROFARMA LABORATÓRIOS S.A.;61.190.096/0001-92;418656231;26/04/2023;2023-04-26;similar
EXPECTRAT;CAZI QUIMICA FARMACEUTICA INDUSTRIA E COMERCIO LTDA;44.010.437/0001-81;417567235;26/04/2023;2023-04-26;fitoterapico
MYALEPT;AMRYT BRASIL COMERCIO E IMPORTACAO DE MEDICAMENTOS LTDA;14.555.259/0001-03;416835236;26/04/2023;2023-04-26;biologico
LOSEC;BIOPAS BRASIL PRODUTOS FARMACEUTICOS LTDA;31.327.287/0001-92;418182230;26/04/2023;2023-04-26;novo
SINOT;EUROFARMA LABORATÓRIOS S.A.;61.190.096/0001-92;418608237;26/04/2023;2023-04-26;similar
GARDASIL;MERCK SHARP & DOHME FARMACEUTICA LTDA.;3560974000118;418477230;26/04/2023;2023-04-26;biologico
EMSEXPECTOR;EMS S/A;57.507.378/0003-65;417101236;26/04/2023;2023-04-26;similar
DEXILANT;TAKEDA PHARMA LTDA.;60.397.775/0001-74;418853231;26/04/2023;2023-04-26;novo
lamotrigina;BIOLAB SANUS FARMACÊUTICA LTDA;49.475.833/0001-06;418208239;26/04/2023;2023-04-26;generico
SELOZOK;ASTRAZENECA DO BRASIL LTDA;60.318.797/0001-00;417157231;26/04/2023;2023-04-26;novo
COSENTYX;NOVARTIS BIOCIENCIAS S.A;56.994.502/0001-30;417645236;26/04/2023;2023-04-26;biologico
ALLEGRA;SANOFI MEDLEY FARMACÊUTICA LTDA.;10.588.595/0010-92;414354231;26/04/2023;2023-04-26;novo
Saphnelo;ASTRAZENECA DO BRASIL LTDA;60.318.797/0001-00;414243234;26/04/2023;2023-04-26;biologico
mupirocina;INSTITUTO BIOCHIMICO INDÚSTRIA FARMACÊUTICA LTDA;33.258.401/0001-03;418056234;26/04/2023;2023-04-26;generico
EXPECTAMIN;LEGRAND PHARMA INDÚSTRIA FARMACÊUTICA LTDA;5044984000126;416901239;26/04/2023;2023-04-26;similar
fosaprepitanto dimeglumina;DR. REDDYS FARMACÊUTICA DO BRASIL LTDA;3978166000175;417791232;26/04/2023;2023-04-26;generico
maleato de dexclorfeniramina + sulfato de pseudoefedrina + guaifenesina;EMS S/A;57.507.378/0003-65;416779239;26/04/2023;2023-04-26;generico
CITALOPRAM;Aché Laboratórios Farmacêuticos S.A;60.659.463/0029-92;425482235;27/04/2023;2023-04-27;generico
PARACETAMOL;BRAINFARMA INDÚSTRIA QUÍMICA E FARMACÊUTICA S.A;5161069000110;425259234;27/04/2023;2023-04-27;generico
loratadina;UNIÃO QUÍMICA FARMACÊUTICA NACIONAL S/A;60.665.981/0001-18;423910230;27/04/2023;2023-04-27;generico
COLCHIS;APSEN FARMACEUTICA S/A;62.462.015/0001-29;420593233;27/04/2023;2023-04-27;similar
PYRIT - ZINNOBER;WELEDA DO BRASIL LABORATÓRIO E FARMÁCIA LTDA;56.992.217/0001-80;423759230;27/04/2023;2023-04-27;dinamizado
LOREDON;TORRENT DO BRASIL LTDA;33.078.528/0001-32;425291235;27/04/2023;2023-04-27;similar
COLCHIS;APSEN FARMACEUTICA S/A;62.462.015/0001-29;420652230;27/04/2023;2023-04-27;novo
BOTOX;ALLERGAN PRODUTOS FARMACÊUTICOS LTDA;43.426.626/0001-77;425400239;27/04/2023;2023-04-27;novo
Artane;APSEN FARMACEUTICA S/A;62.462.015/0001-29;420674233;27/04/2023;2023-04-27;novo
Micend;LABORATÓRIO QUÍMICO FARMACÊUTICO BERGAMO LTDA;61.282.661/0001-41;424712237;27/04/2023;2023-04-27;similar
dipropionato de betametasona + sulfato de gentamicina;EUROFARMA LABORATÓRIOS S.A.;61.190.096/0001-92;425355233;27/04/2023;2023-04-27;generico
MAXAPRAN;Aché Laboratórios Farmacêuticos S.A;60.659.463/0029-92;425422232;27/04/2023;2023-04-27;similar
succinato de metoprolol;BIOLAB SANUS FARMACÊUTICA LTDA;49.475.833/0001-06;422972231;27/04/2023;2023-04-27;generico
ALERGOMINE;CIMED INDUSTRIA S.A;2814497000107;423028235;27/04/2023;2023-04-27;similar
cloridrato de sertralina;ZYDUS NIKKHO FARMACÊUTICA LTDA;5254971000181;424637235;27/04/2023;2023-04-27;generico
Pradaxa;BOEHRINGER INGELHEIM DO BRASIL QUÍMICA E FARMACÊUTICA LTDA.;60.831.658/0001-77;424241234;27/04/2023;2023-04-27;novo
RETEMIC;APSEN FARMACEUTICA S/A;62.462.015/0001-29;420739238;27/04/2023;2023-04-27;novo
NIMEGON;MERCK SHARP & DOHME FARMACEUTICA LTDA.;3560974000118;422987239;27/04/2023;2023-04-27;similar
CLORIDRATO DE TRAZODONA;TORRENT DO BRASIL LTDA;33.078.528/0001-32;425490238;27/04/2023;2023-04-27;generico
cloridrato de trazodona;ZYDUS NIKKHO FARMACÊUTICA LTDA;5254971000181;423590235;27/04/2023;2023-04-27;generico
Kisqali;NOVARTIS BIOCIENCIAS S.A;56.994.502/0001-30;427265231;28/04/2023;2023-04-28;novo
cloridrato de tramadol + paracetamol;EUROFARMA LABORATÓRIOS S.A.;61.190.096/0001-92;429726236;28/04/2023;2023-04-28;generico
MECLIN;APSEN FARMACEUTICA S/A;62.462.015/0001-29;427457238;28/04/2023;2023-04-28;novo
cloridrato de sertralina;LABORATÓRIO TEUTO BRASILEIRO S/A;17.159.229/0001-76;430599234;28/04/2023;2023-04-28;generico
LABIRIN;APSEN FARMACEUTICA S/A;62.462.015/0001-29;429156235;28/04/2023;2023-04-28;novo
ATRACE;EUROFARMA LABORATÓRIOS S.A.;61.190.096/0001-92;430132239;28/04/2023;2023-04-28;similar
NEXVIAZYME;SANOFI MEDLEY FARMACÊUTICA LTDA.;10.588.595/0010-92;431727236;28/04/2023;2023-04-28;biologico
Archeus;LOTUSFARMA PRODUTOS FARMACÊUTICOS LTDA;974578000149;329289194;28/04/2023;2023-04-28;dinamizado
BENICAR;DAIICHI SANKYO BRASIL FARMACÊUTICA LTDA;60.874.187/0001-84;429201231;28/04/2023;2023-04-28;novo
GONAPEPTYL DAILY;LABORATÓRIOS FERRING LTDA;74.232.034/0001-48;432969233;28/04/2023;2023-04-28;novo
LABIRIN;APSEN FARMACEUTICA S/A;62.462.015/0001-29;427584230;28/04/2023;2023-04-28;similar
Rozerem;TAKEDA PHARMA LTDA.;60.397.775/0001-74;429631235;28/04/2023;2023-04-28;novo
OXYCONTIN;MUNDIPHARMA BRASIL PRODUTOS MÉDICOS E FARMACÊUTICOS LTDA;15.127.898/0001-30;430140231;28/04/2023;2023-04-28;novo
RITALINA;NOVARTIS BIOCIENCIAS S.A;56.994.502/0001-30;431708231;28/04/2023;2023-04-28;novo
linezolida;FARMACE INDÚSTRIA QUÍMICO-FARMACÊUTICA CEARENSE LTDA;6628333000146;426823231;28/04/2023;2023-04-28;generico
BICERTO IV;EUROFARMA LABORATÓRIOS S.A.;61.190.096/0001-92;430056231;28/04/2023;2023-04-28;novo
SENGECIL;CRISTÁLIA PRODUTOS QUÍMICOS FARMACÊUTICOS LTDA.;44.734.671/0001-51;427170231;28/04/2023;2023-04-28;similar
ENEK;LABORATÓRIO QUÍMICO FARMACÊUTICO BERGAMO LTDA;61.282.661/0001-41;429919239;28/04/2023;2023-04-28;similar
KYPROLIS;AMGEN BIOTECNOLOGIA DO BRASIL LTDA.;18.774.815/0001-93;431064237;28/04/2023;2023-04-28;novo
Gésico Duo;EUROFARMA LABORATÓRIOS S.A.;61.190.096/0001-92;430036230;28/04/2023;2023-04-28;similar
MAGNAZIA;1FARMA INDUSTRIA FARMACEUTICA LTDA;48.113.906/0001-49;430555237;28/04/2023;2023-04-28;especifico
EMBO;BIOLAB SANUS FARMACÊUTICA LTDA;49.475.833/0001-06;429983239;28/04/2023;2023-04-28;similar
HORMOTROP;LABORATÓRIO QUÍMICO FARMACÊUTICO BERGAMO LTDA;61.282.661/0001-41;431407231;28/04/2023;2023-04-28;similar
Aciclovir TESTE;EMPRESA DE TESTE LTDA. (VS01);11.111.111/0001-91;1920763218;28/04/2023;2023-04-28;generico
Euflexxa;LABORATÓRIOS FERRING LTDA;74.232.034/0001-48;429966237;28/04/2023;2023-04-28;biologico
MOTIX;FARMOQUÍMICA S/A;33.349.473/0001-58;4178104200;28/04/2023;2023-04-28;dinamizado
Insit®;APSEN FARMACEUTICA S/A;62.462.015/0001-29;427587239;28/04/2023;2023-04-28;similar
cabazitaxel;ACCORD FARMACÊUTICA LTDA;64.171.697/0001-46;437357236;02/05/2023;2023-05-02;generico
PREVIGRIP;WELEDA DO BRASIL LABORATÓRIO E FARMÁCIA LTDA;56.992.217/0001-80;438076231;02/05/2023;2023-05-02;dinamizado
BROMOPRIDA;HIPOLABOR FARMACEUTICA LTDA;19.570.720/0001-10;439045231;02/05/2023;2023-05-02;generico
AFRAT;CRISTÁLIA PRODUTOS QUÍMICOS FARMACÊUTICOS LTDA.;44.734.671/0001-51;435436236;02/05/2023;2023-05-02;similar
meropenem;EUGIA PHARMA INDUSTRIA FARMACEUTICA LTDA;44.639.493/0001-80;437231232;02/05/2023;2023-05-02;generico
ATIVB;BIOLAB SANUS FARMACÊUTICA LTDA;49.475.833/0001-06;437354237;02/05/2023;2023-05-02;especifico
Lemtrada;SANOFI MEDLEY FARMACÊUTICA LTDA.;10.588.595/0010-92;437889238;02/05/2023;2023-05-02;biologico
DON;EUROFARMA LABORATÓRIOS S.A.;61.190.096/0001-92;435526235;02/05/2023;2023-05-02;similar
SONRIDOR;PF Consumer Healthcare Brazil Importadora e Distribuidora de Medicamentos Ltda;30.872.270/0001-53;438882237;02/05/2023;2023-05-02;novo
ONICIT;MERCK SHARP & DOHME FARMACEUTICA LTDA.;3560974000118;439293235;02/05/2023;2023-05-02;novo
Cloridrato de Sertralina;SANOFI MEDLEY FARMACÊUTICA LTDA.;10.588.595/0010-92;440999235;03/05/2023;2023-05-03;generico
TOPIRAMATO;EMS S/A;57.507.378/0003-65;441282237;03/05/2023;2023-05-03;generico
TOPIRAMATO;GERMED FARMACEUTICA LTDA;45.992.062/0001-65;441265235;03/05/2023;2023-05-03;generico
topiramato;LEGRAND PHARMA INDÚSTRIA FARMACÊUTICA LTDA;5044984000126;441316239;03/05/2023;2023-05-03;generico
bromidrato de citalopram;LABORATÓRIO TEUTO BRASILEIRO S/A;17.159.229/0001-76;441586236;03/05/2023;2023-05-03;generico
HENETIX;GUERBET PRODUTOS RADIOLÓGICOS LTDA;42.180.406/0001-43;443416231;03/05/2023;2023-05-03;similar
INSPRA;UPJOHN BRASIL IMPORTADORA E DISTRIBUIDORA DE MEDICAMENTOS LTDA.;36.674.526/0001-02;442400233;03/05/2023;2023-05-03;novo
BRYOPHYLLUM ARGENTO CULTUM;WELEDA DO BRASIL LABORATÓRIO E FARMÁCIA LTDA;56.992.217/0001-80;441547231;03/05/2023;2023-05-03;dinamizado
SINUDORON;WELEDA DO BRASIL LABORATÓRIO E FARMÁCIA LTDA;56.992.217/0001-80;440958237;03/05/2023;2023-05-03;dinamizado
DIELOFT;SANOFI MEDLEY FARMACÊUTICA LTDA.;10.588.595/0010-92;440804230;03/05/2023;2023-05-03;similar
DIVALCON;ABBOTT LABORATÓRIOS DO BRASIL LTDA;56.998.701/0001-16;441214231;03/05/2023;2023-05-03;similar
FORXIGA;ASTRAZENECA DO BRASIL LTDA;60.318.797/0001-00;440554233;03/05/2023;2023-05-03;novo
UNIANORA;UNIÃO QUÍMICA FARMACÊUTICA NACIONAL S/A;60.665.981/0001-18;442734239;03/05/2023;2023-05-03;similar
ATORVASTATINA CALCICA;SANOFI MEDLEY FARMACÊUTICA LTDA.;10.588.595/0010-92;441169236;03/05/2023;2023-05-03;generico
MIELOCADE;LABORATÓRIO QUÍMICO FARMACÊUTICO BERGAMO LTDA;61.282.661/0001-41;441960235;03/05/2023;2023-05-03;similar
OPTIRAY;GUERBET IMAGEM DO BRASIL LTDA;30.153.811/0001-93;442952236;03/05/2023;2023-05-03;novo
alprazolam;EUROFARMA LABORATÓRIOS S.A.;61.190.096/0001-92;442769237;03/05/2023;2023-05-03;generico
divalproato de sódio;ABBOTT LABORATÓRIOS DO BRASIL LTDA;56.998.701/0001-16;441252231;03/05/2023;2023-05-03;generico
cloridrato de bupropiona;EUROFARMA LABORATÓRIOS S.A.;61.190.096/0001-92;441655238;03/05/2023;2023-05-03;generico
BIO-MANGUINHOS TRASTUZUMABE;FUNDAÇÃO OSWALDO CRUZ;33.781.055/0001-35;443876231;04/05/2023;2023-05-04;biologico
CLANISTIL;BRAINFARMA INDÚSTRIA QUÍMICA E FARMACÊUTICA S.A;5161069000110;444257233;04/05/2023;2023-05-04;similar
LISADOR;COSMED INDUSTRIA DE COSMETICOS E MEDICAMENTOS S.A.;61.082.426/0002-07;443998230;04/05/2023;2023-05-04;similar
Dupixent;SANOFI MEDLEY FARMACÊUTICA LTDA.;10.588.595/0010-92;449255239;04/05/2023;2023-05-04;biologico
EDISTRIDE;ASTRAZENECA DO BRASIL LTDA;60.318.797/0001-00;443970238;04/05/2023;2023-05-04;similar
cloridrato de ambroxol;INSTITUTO BIOCHIMICO INDÚSTRIA FARMACÊUTICA LTDA;33.258.401/0001-03;444454233;04/05/2023;2023-05-04;generico
EPILENIL;BIOLAB SANUS FARMACÊUTICA LTDA;49.475.833/0001-06;445756233;04/05/2023;2023-05-04;similar
MICOZEN;LABORATÓRIO TEUTO BRASILEIRO S/A;17.159.229/0001-76;443940231;04/05/2023;2023-05-04;similar
besilato de anlodipino;INSTITUTO BIOCHIMICO INDÚSTRIA FARMACÊUTICA LTDA;33.258.401/0001-03;445629231;04/05/2023;2023-05-04;generico
PRED;ALLERGAN PRODUTOS FARMACÊUTICOS LTDA;43.426.626/0001-77;449109232;04/05/2023;2023-05-04;novo
cloridrato de sertralina;TORRENT DO BRASIL LTDA;33.078.528/0001-32;445596236;04/05/2023;2023-05-04;generico
topiramato;MULTILAB INDUSTRIA E COMERCIO DE PRODUTOS FARMACEUTICOS LTDA;92.265.552/0009-05;445045230;04/05/2023;2023-05-04;generico
Qarziba;GLOBAL REGULATORY PARTNERS BRASIL LTDA;29.190.430/0001-03;444385231;04/05/2023;2023-05-04;biologico
PLAQUINOL;SANOFI MEDLEY FARMACÊUTICA LTDA.;10.588.595/0010-92;445047232;04/05/2023;2023-05-04;novo
STRESSDORON;WELEDA DO BRASIL LABORATÓRIO E FARMÁCIA LTDA;56.992.217/0001-80;445600233;04/05/2023;2023-05-04;dinamizado
lamotrigina;Althaia S.A Indústria Farmacêutica;48.344.725/0007-19;443929238;04/05/2023;2023-05-04;generico
EUTHYROX;MERCK S/A;33.069.212/0001-84;449417239;04/05/2023;2023-05-04;novo
CORTITOP;MULTILAB INDUSTRIA E COMERCIO DE PRODUTOS FARMACEUTICOS LTDA;92.265.552/0009-05;444035231;04/05/2023;2023-05-04;similar
ANCORON;LIBBS FARMACÊUTICA LTDA;61.230.314/0001-75;444112235;04/05/2023;2023-05-04;novo
ácido valpróico;BIOLAB SANUS FARMACÊUTICA LTDA;49.475.833/0001-06;445662239;04/05/2023;2023-05-04;generico
ALKERAN;ASPEN PHARMA INDÚSTRIA FARMACÊUTICA LTDA;2433631000120;451485238;05/05/2023;2023-05-05;novo
acetato de terlipressina;VOLPHARMA DISTRIBUIDORA DE PRODUTOS HOSPITALARES E FARMACÊUTICOS LTDA;14.665.928/0001-08;451751230;05/05/2023;2023-05-05;generico
SELETIV;EUROFARMA LABORATÓRIOS S.A.;61.190.096/0001-92;454118236;05/05/2023;2023-05-05;similar
cloridrato de ambroxol;GERMED FARMACEUTICA LTDA;45.992.062/0001-65;449790231;05/05/2023;2023-05-05;generico
LIMBITROL;MEDQUIMICA INDUSTRIA FARMACEUTICA LTDA.;17.875.154/0001-20;451932234;05/05/2023;2023-05-05;similar
CLORIDRATO DE AMBROXOL;EMS S/A;57.507.378/0003-65;449642232;05/05/2023;2023-05-05;generico
CUPRIMINE;MEDQUIMICA INDUSTRIA FARMACEUTICA LTDA.;17.875.154/0001-20;454855231;05/05/2023;2023-05-05;novo
TEBONIN;HERBARIUM LABORATORIO BOTANICO LTDA;78.950.011/0001-20;451392230;05/05/2023;2023-05-05;fitoterapico
TERGLY;VOLPHARMA DISTRIBUIDORA DE PRODUTOS HOSPITALARES E FARMACÊUTICOS LTDA;14.665.928/0001-08;451767233;05/05/2023;2023-05-05;similar
DENYL;CRISTÁLIA PRODUTOS QUÍMICOS FARMACÊUTICOS LTDA.;44.734.671/0001-51;454590237;05/05/2023;2023-05-05;similar
BACROCIN;MEDQUIMICA INDUSTRIA FARMACEUTICA LTDA.;17.875.154/0001-20;451782232;05/05/2023;2023-05-05;similar
ATROVERAN DIP;COSMED INDUSTRIA DE COSMETICOS E MEDICAMENTOS S.A.;61.082.426/0002-07;455225231;05/05/2023;2023-05-05;similar
SOLAQUIN;MEDQUIMICA INDUSTRIA FARMACEUTICA LTDA.;17.875.154/0001-20;454973233;05/05/2023;2023-05-05;similar
OXIPELLE;MEDQUIMICA INDUSTRIA FARMACEUTICA LTDA.;17.875.154/0001-20;454900236;05/05/2023;2023-05-05;similar
PRENI;EUROFARMA LABORATÓRIOS S.A.;61.190.096/0001-92;454808232;05/05/2023;2023-05-05;similar
EXPECTUSS;EMS S/A;57.507.378/0003-65;449646238;05/05/2023;2023-05-05;similar
DALMADORM;MEDQUIMICA INDUSTRIA FARMACEUTICA LTDA.;17.875.154/0001-20;451806239;05/05/2023;2023-05-05;similar
captopril;INSTITUTO BIOCHIMICO INDÚSTRIA FARMACÊUTICA LTDA;33.258.401/0001-03;451490231;05/05/2023;2023-05-05;generico
AGUD;BIOLAB SANUS FARMACÊUTICA LTDA;49.475.833/0001-06;451878230;05/05/2023;2023-05-05;generico
Zolgensma;NOVARTIS BIOCIENCIAS S.A;56.994.502/0001-30;456008233;05/05/2023;2023-05-05;prod_tp
FIGATIL;LABORATORIO CATARINENSE LTDA;84.684.620/0001-87;4289140220;08/05/2023;2023-05-08;fitoterapico
cloridrato de sertralina;LABORATÓRIO GLOBO SA;17.115.437/0001-73;461815231;08/05/2023;2023-05-08;generico
GLYXAMBI;BOEHRINGER INGELHEIM DO BRASIL QUÍMICA E FARMACÊUTICA LTDA.;60.831.658/0001-77;461811235;08/05/2023;2023-05-08;novo
ESPRAN;TORRENT DO BRASIL LTDA;33.078.528/0001-32;460966235;08/05/2023;2023-05-08;similar
rosuvastatina calcica;CIMED INDUSTRIA S.A;2814497000107;457306238;08/05/2023;2023-05-08;generico
paracetamol + fosfato de codeína;BIOLAB SANUS FARMACÊUTICA LTDA;49.475.833/0001-06;461937239;08/05/2023;2023-05-08;generico
AMLODIL;VITAMEDIC INDUSTRIA FARMACEUTICA LTDA;30.222.814/0001-31;461065231;08/05/2023;2023-05-08;similar
AXETILCEFUROXIMA;AUROBINDO PHARMA INDÚSTRIA FARMACÊUTICA LIMITADA;4301884000175;459452231;08/05/2023;2023-05-08;generico
BOTULIM;BLAU FARMACÊUTICA S.A.;58.430.828/0001-60;460257234;08/05/2023;2023-05-08;biologico
NEOPIRIDIN;BRAINFARMA INDÚSTRIA QUÍMICA E FARMACÊUTICA S.A;5161069000110;461460238;08/05/2023;2023-05-08;similar
INFLUDORON WELEDA;WELEDA DO BRASIL LABORATÓRIO E FARMÁCIA LTDA;56.992.217/0001-80;457774231;08/05/2023;2023-05-08;dinamizado
FORLUT;BIOLAB SANUS FARMACÊUTICA LTDA;49.475.833/0001-06;459442236;08/05/2023;2023-05-08;similar
CELEBRA;MYLAN LABORATORIOS LTDA;11.643.096/0001-22;461320231;08/05/2023;2023-05-08;novo
ácido ursodesoxicólico;RANBAXY FARMACÊUTICA LTDA;73.663.650/0001-90;461832232;08/05/2023;2023-05-08;generico
linezolida;ANTIBIÓTICOS DO BRASIL LTDA;5439635000103;466642237;09/05/2023;2023-05-09;generico
OSTEOBAN;Aché Laboratórios Farmacêuticos S.A;60.659.463/0029-92;463371232;09/05/2023;2023-05-09;similar
IMPLANON;ORGANON FARMACÊUTICA LTDA.;45.987.013/0001-34;466819234;09/05/2023;2023-05-09;novo
sulfato de neomicina +  bacitracina zíncica;LABORATÓRIO TEUTO BRASILEIRO S/A;17.159.229/0001-76;467311234;09/05/2023;2023-05-09;generico
PREGABALINA;EUROFARMA LABORATÓRIOS S.A.;61.190.096/0001-92;463361237;09/05/2023;2023-05-09;generico
LUTAB;DAIICHI SANKYO BRASIL FARMACÊUTICA LTDA;60.874.187/0001-84;465579230;09/05/2023;2023-05-09;similar
IBANDRONATO DE SODIO;Aché Laboratórios Farmacêuticos S.A;60.659.463/0029-92;463344235;09/05/2023;2023-05-09;generico
NEBIDO;GRÜNENTHAL DO BRASIL FARMACÊUTICA LTDA.;10.555.143/0001-13;467421234;09/05/2023;2023-05-09;novo
GABAPENTINA;Aché Laboratórios Farmacêuticos S.A;60.659.463/0029-92;467252238;09/05/2023;2023-05-09;generico
MYRAFER;MYRALIS INDÚSTRIA FARMACÊUTICA LTDA;17.440.261/0001-25;466544235;09/05/2023;2023-05-09;especifico
SINTEZYS;BIOLAB SANUS FARMACÊUTICA LTDA;49.475.833/0001-06;467042233;09/05/2023;2023-05-09;similar
AMALFI;EUROFARMA LABORATÓRIOS S.A.;61.190.096/0001-92;463138236;09/05/2023;2023-05-09;similar
SINVATROX EZE;LEGRAND PHARMA INDÚSTRIA FARMACÊUTICA LTDA;5044984000126;467351236;09/05/2023;2023-05-09;similar
EFURIX;MEDQUIMICA INDUSTRIA FARMACEUTICA LTDA.;17.875.154/0001-20;466010231;09/05/2023;2023-05-09;similar
FLOGORAL;Aché Laboratórios Farmacêuticos S.A;60.659.463/0029-92;466900236;09/05/2023;2023-05-09;novo
NEOVLAR;UNIÃO QUÍMICA FARMACÊUTICA NACIONAL S/A;60.665.981/0001-18;465180230;09/05/2023;2023-05-09;novo
EFICENTUS;SANOFI MEDLEY FARMACÊUTICA LTDA.;10.588.595/0010-92;466456239;09/05/2023;2023-05-09;similar
SONRISAL;PF Consumer Healthcare Brazil Importadora e Distribuidora de Medicamentos Ltda;30.872.270/0001-53;466085231;09/05/2023;2023-05-09;similar
INFLUDO;WELEDA DO BRASIL LABORATÓRIO E FARMÁCIA LTDA;56.992.217/0001-80;465140238;09/05/2023;2023-05-09;dinamizado
MOBALE;EUROFARMA LABORATÓRIOS S.A.;61.190.096/0001-92;463596234;09/05/2023;2023-05-09;similar
FLIXONASE;PF Consumer Healthcare Brazil Importadora e Distribuidora de Medicamentos Ltda;30.872.270/0001-53;466355238;09/05/2023;2023-05-09;novo
TRIQUILAR;UNIÃO QUÍMICA FARMACÊUTICA NACIONAL S/A;60.665.981/0001-18;465342230;09/05/2023;2023-05-09;novo
FEMIANE;UNIÃO QUÍMICA FARMACÊUTICA NACIONAL S/A;60.665.981/0001-18;465270239;09/05/2023;2023-05-09;novo
isotretinoína;EUROFARMA LABORATÓRIOS S.A.;61.190.096/0001-92;463243234;09/05/2023;2023-05-09;generico
VENSATE LP;CRISTÁLIA PRODUTOS QUÍMICOS FARMACÊUTICOS LTDA.;44.734.671/0001-51;465710239;09/05/2023;2023-05-09;similar
EZETIMIBA+SINVASTATINA;GERMED FARMACEUTICA LTDA;45.992.062/0001-65;467296235;09/05/2023;2023-05-09;generico
EZETIMIBA+SINVASTATINA;LEGRAND PHARMA INDÚSTRIA FARMACÊUTICA LTDA;5044984000126;467155232;09/05/2023;2023-05-09;generico
EZETIMIBA+SINVASTATINA;EMS S/A;57.507.378/0003-65;467275238;09/05/2023;2023-05-09;generico
cloridrato de duloxetina;EUROFARMA LABORATÓRIOS S.A.;61.190.096/0001-92;465234232;09/05/2023;2023-05-09;generico
LIMIAR;EUROFARMA LABORATÓRIOS S.A.;61.190.096/0001-92;463417232;09/05/2023;2023-05-09;similar
EUTYMIA XL;GERMED FARMACEUTICA LTDA;45.992.062/0001-65;470666234;10/05/2023;2023-05-10;similar
UNIPRAZOL;UNIÃO QUÍMICA FARMACÊUTICA NACIONAL S/A;60.665.981/0001-18;468583238;10/05/2023;2023-05-10;similar
GABAPENTINA;LABORATÓRIO TEUTO BRASILEIRO S/A;17.159.229/0001-76;471941239;10/05/2023;2023-05-10;generico
GARDASIL 9;MERCK SHARP & DOHME FARMACEUTICA LTDA.;3560974000118;473390230;10/05/2023;2023-05-10;biologico
BUPIUM XL;EMS SIGMA PHARMA LTDA;923140000131;470718234;10/05/2023;2023-05-10;similar
PREBICTAL;ADIUM S.A.;55.980.684/0001-27;473608235;10/05/2023;2023-05-10;similar
ANDHORA;ZYDUS NIKKHO FARMACÊUTICA LTDA;5254971000181;470668237;10/05/2023;2023-05-10;similar
SYMBICORT TURBUHALER;ASTRAZENECA DO BRASIL LTDA;60.318.797/0001-00;470940239;10/05/2023;2023-05-10;novo
NEUROCONTROL;LABORATÓRIO TEUTO BRASILEIRO S/A;17.159.229/0001-76;472040235;10/05/2023;2023-05-10;similar
IMFINZI;ASTRAZENECA DO BRASIL LTDA;60.318.797/0001-00;468465235;10/05/2023;2023-05-10;biologico
cloridrato de bupropiona;EMS S/A;57.507.378/0003-65;470575239;10/05/2023;2023-05-10;generico
GULSHEN;SUN FARMACÊUTICA DO BRASIL LTDA;5035244000123;470719231;10/05/2023;2023-05-10;similar
CABLIVI;SANOFI MEDLEY FARMACÊUTICA LTDA.;10.588.595/0010-92;478168233;11/05/2023;2023-05-11;biologico
Dramavit B6;BRAINFARMA INDÚSTRIA QUÍMICA E FARMACÊUTICA S.A;5161069000110;478794231;11/05/2023;2023-05-11;similar
ALENTHUS XR;SANOFI MEDLEY FARMACÊUTICA LTDA.;10.588.595/0010-92;478113234;11/05/2023;2023-05-11;similar
temozolomida;EUROFARMA LABORATÓRIOS S.A.;61.190.096/0001-92;474700232;11/05/2023;2023-05-11;generico
CLORIDRATO DE VENLAFAXINA;SANOFI MEDLEY FARMACÊUTICA LTDA.;10.588.595/0010-92;478081235;11/05/2023;2023-05-11;generico
hidroclorotiazida;PRATI DONADUZZI & CIA LTDA;73.856.593/0001-66;475042239;11/05/2023;2023-05-11;generico
CLAVULIN;GLAXOSMITHKLINE BRASIL LTDA;33.247.743/0001-10;478835230;11/05/2023;2023-05-11;novo
XALACOM;UPJOHN BRASIL IMPORTADORA E DISTRIBUIDORA DE MEDICAMENTOS LTDA.;36.674.526/0001-02;476950236;11/05/2023;2023-05-11;novo
Cloridrato de Tramadol;BRAINFARMA INDÚSTRIA QUÍMICA E FARMACÊUTICA S.A;5161069000110;477865232;11/05/2023;2023-05-11;generico
VECASTEN;MARJAN INDÚSTRIA E COMÉRCIO LTDA;60.726.692/0001-81;476782236;11/05/2023;2023-05-11;fitoterapico
NIMESULIDA;BRAINFARMA INDÚSTRIA QUÍMICA E FARMACÊUTICA S.A;5161069000110;479020230;11/05/2023;2023-05-11;generico
Tobramicina;INSTITUTO BIOCHIMICO INDÚSTRIA FARMACÊUTICA LTDA;33.258.401/0001-03;477025234;11/05/2023;2023-05-11;generico
GEODON;UPJOHN BRASIL IMPORTADORA E DISTRIBUIDORA DE MEDICAMENTOS LTDA.;36.674.526/0001-02;476925231;11/05/2023;2023-05-11;novo
CARDURAN;UPJOHN BRASIL IMPORTADORA E DISTRIBUIDORA DE MEDICAMENTOS LTDA.;36.674.526/0001-02;476829232;11/05/2023;2023-05-11;novo
CRISCY;CRISTÁLIA PRODUTOS QUÍMICOS FARMACÊUTICOS LTDA.;44.734.671/0001-51;477855237;11/05/2023;2023-05-11;biologico
DAISAN;DAIICHI SANKYO BRASIL FARMACÊUTICA LTDA;60.874.187/0001-84;474658236;11/05/2023;2023-05-11;similar
MUSCULARE;EUROFARMA LABORATÓRIOS S.A.;61.190.096/0001-92;483989231;12/05/2023;2023-05-12;similar
fluconazol;BEKER PRODUTOS FÁRMACO HOSPITALARES LTDA;47.231.121/0001-08;482915234;12/05/2023;2023-05-12;generico
cloridrato de tramadol;BRAINFARMA INDÚSTRIA QUÍMICA E FARMACÊUTICA S.A;5161069000110;480538239;12/05/2023;2023-05-12;generico
BUP XL;EUROFARMA LABORATÓRIOS S.A.;61.190.096/0001-92;480235236;12/05/2023;2023-05-12;similar
ibandronato de sódio monoidratado;LEGRAND PHARMA INDÚSTRIA FARMACÊUTICA LTDA;5044984000126;484239236;12/05/2023;2023-05-12;generico
IBANUNO;SUPERA FARMA LABORATÓRIOS S.A;43.312.503/0001-05;482577231;12/05/2023;2023-05-12;similar
IBANESS;EMS S/A;57.507.378/0003-65;484168231;12/05/2023;2023-05-12;similar
IBAND;LEGRAND PHARMA INDÚSTRIA FARMACÊUTICA LTDA;5044984000126;484290231;12/05/2023;2023-05-12;similar
LAMOTRIGINA;SANOFI MEDLEY FARMACÊUTICA LTDA.;10.588.595/0010-92;483234231;12/05/2023;2023-05-12;generico
FÁGICO;EUROFARMA LABORATÓRIOS S.A.;61.190.096/0001-92;483821233;12/05/2023;2023-05-12;similar
ibandronato de sódio monoidratado;GERMED FARMACEUTICA LTDA;45.992.062/0001-65;484214233;12/05/2023;2023-05-12;generico
AMOXICILINA;SANOFI MEDLEY FARMACÊUTICA LTDA.;10.588.595/0010-92;483768235;12/05/2023;2023-05-12;generico
ibandronato de sódio monoidratado;EMS S/A;57.507.378/0003-65;484147234;12/05/2023;2023-05-12;generico
NORDITROPIN;NOVO NORDISK FARMACÊUTICA DO BRASIL LTDA;82.277.955/0001-55;480632235;12/05/2023;2023-05-12;biologico
OSBANT;MULTILAB INDUSTRIA E COMERCIO DE PRODUTOS FARMACEUTICOS LTDA;92.265.552/0009-05;484296230;12/05/2023;2023-05-12;similar
mesilato de doxazosina;EUROFARMA LABORATÓRIOS S.A.;61.190.096/0001-92;483902233;12/05/2023;2023-05-12;generico
FLUARIX TETRA;GLAXOSMITHKLINE BRASIL LTDA;33.247.743/0001-10;491150237;15/05/2023;2023-05-15;biologico
CETOCORT;LABORATÓRIO TEUTO BRASILEIRO S/A;17.159.229/0001-76;490392237;15/05/2023;2023-05-15;similar
finasterida;CIMED INDUSTRIA S.A;2814497000107;489331238;15/05/2023;2023-05-15;generico
CANDICORT;Aché Laboratórios Farmacêuticos S.A;60.659.463/0029-92;486418235;15/05/2023;2023-05-15;similar
bromoprida;FRESENIUS KABI BRASIL LTDA;49.324.221/0001-04;491124236;15/05/2023;2023-05-15;generico
pregabalina;CIMED INDUSTRIA S.A;2814497000107;489712231;15/05/2023;2023-05-15;generico
COLPISTATIN;Aché Laboratórios Farmacêuticos S.A;60.659.463/0029-92;486319237;15/05/2023;2023-05-15;similar
sulfametoxazol+trimetoprima;VITAMEDIC INDUSTRIA FARMACEUTICA LTDA;30.222.814/0001-31;486607232;15/05/2023;2023-05-15;generico
CARBAMAZEPINA;LABORATÓRIO TEUTO BRASILEIRO S/A;17.159.229/0001-76;490879233;15/05/2023;2023-05-15;generico
cloridrato de terbinafina;PRATI DONADUZZI & CIA LTDA;73.856.593/0001-66;491413238;15/05/2023;2023-05-15;generico
GABAPENTINA;SANDOZ DO BRASIL INDÚSTRIA FARMACÊUTICA LTDA;61.286.647/0001-16;486547230;15/05/2023;2023-05-15;generico
HUMIRA;ABBVIE FARMACÊUTICA LTDA.;15.800.545/0001-50;491810237;15/05/2023;2023-05-15;biologico
OLEPTAL;TORRENT DO BRASIL LTDA;33.078.528/0001-32;488367239;15/05/2023;2023-05-15;similar
ÁPICE;SUPERA FARMA LABORATÓRIOS S.A;43.312.503/0001-05;486905233;15/05/2023;2023-05-15;similar
esilato de nintedanibe;SUN FARMACÊUTICA DO BRASIL LTDA;5035244000123;491235232;15/05/2023;2023-05-15;generico
TROL PAR;SUPERA FARMA LABORATÓRIOS S.A;43.312.503/0001-05;486347231;15/05/2023;2023-05-15;similar
ALPES XL;SUPERA FARMA LABORATÓRIOS S.A;43.312.503/0001-05;489091237;15/05/2023;2023-05-15;similar
SOLUÇÃO GLICOFISIOLÓGICA EQUIPLEX;EQUIPLEX INDÚSTRIA FARMACÊUTICA LTDA;1784792000103;491452233;15/05/2023;2023-05-15;especifico
NIDHI;SUN FARMACÊUTICA DO BRASIL LTDA;5035244000123;491220235;15/05/2023;2023-05-15;similar
succinato de desvenlafaxina;TORRENT DO BRASIL LTDA;33.078.528/0001-32;488567238;15/05/2023;2023-05-15;generico
cilostazol;EMS S/A;57.507.378/0003-65;496818236;16/05/2023;2023-05-16;generico
CIFLOGEX;CIMED INDUSTRIA S.A;2814497000107;495978230;16/05/2023;2023-05-16;similar
CLORIDRATO DE NORTRIPTILINA (PORTARIA 344/98 - LISTA C1);EUROFARMA LABORATÓRIOS S.A.;61.190.096/0001-92;494590238;16/05/2023;2023-05-16;generico
AMOXICILINA;EMS S/A;57.507.378/0003-65;494798238;16/05/2023;2023-05-16;generico
DEFLAIMMUN;EMS SIGMA PHARMA LTDA;923140000131;496589237;16/05/2023;2023-05-16;similar
GAPEM;PRATI DONADUZZI & CIA LTDA;73.856.593/0001-66;493082239;16/05/2023;2023-05-16;similar
LORATADINA;PRATI DONADUZZI & CIA LTDA;73.856.593/0001-66;496344234;16/05/2023;2023-05-16;generico
SUMAX;LIBBS FARMACÊUTICA LTDA;61.230.314/0001-75;497200236;16/05/2023;2023-05-16;similar
UNI-CARBAMAZ;UNIÃO QUÍMICA FARMACÊUTICA NACIONAL S/A;60.665.981/0001-18;495171239;16/05/2023;2023-05-16;similar
GABAPENTINA;PRATI DONADUZZI & CIA LTDA;73.856.593/0001-66;492686238;16/05/2023;2023-05-16;generico
DEFLAZACORTE;MULTILAB INDUSTRIA E COMERCIO DE PRODUTOS FARMACEUTICOS LTDA;92.265.552/0009-05;496454234;16/05/2023;2023-05-16;generico
DEFLAZACORTE;EMS S/A;57.507.378/0003-65;496336231;16/05/2023;2023-05-16;generico
SIFROL;BOEHRINGER INGELHEIM DO BRASIL QUÍMICA E FARMACÊUTICA LTDA.;60.831.658/0001-77;501167234;17/05/2023;2023-05-17;similar
SENEBEN;AIRELA INDÚSTRIA FARMACÊUTICA LTDA.;1858973000129;500195234;17/05/2023;2023-05-17;fitoterapico
ADDAVEN;FRESENIUS KABI BRASIL LTDA;49.324.221/0001-04;500245231;17/05/2023;2023-05-17;especifico
NEULASTIM;AMGEN BIOTECNOLOGIA DO BRASIL LTDA.;18.774.815/0001-93;500576238;17/05/2023;2023-05-17;biologico
cloridrato de fluoxetina;CIMED INDUSTRIA S.A;2814497000107;501419233;17/05/2023;2023-05-17;generico
CPHD GENIUS DS;FRESENIUS MEDICAL CARE LTDA;1440590000136;501831231;17/05/2023;2023-05-17;especifico
tartarato de brimonidina;LABORATÓRIO TEUTO BRASILEIRO S/A;17.159.229/0001-76;501171231;17/05/2023;2023-05-17;generico
lansoprazol + claritromicina + amoxicilina;LABORATÓRIO TEUTO BRASILEIRO S/A;17.159.229/0001-76;501004238;17/05/2023;2023-05-17;generico
SUCCINATO DE METOPROLOL;ASTRAZENECA DO BRASIL LTDA;60.318.797/0001-00;501613234;17/05/2023;2023-05-17;generico
ADACEL;SANOFI MEDLEY FARMACÊUTICA LTDA.;10.588.595/0010-92;500257230;17/05/2023;2023-05-17;biologico
PEGTIMA;BIONOVIS S.A. - COMPANHIA BRASILEIRA DE BIOTECNOLOGIA FARMACEUTICA;12.320.079/0001-17;500766231;17/05/2023;2023-05-17;biologico
POLARAX;UNITHER INDUSTRIA FARMACEUTICA LTDA.;4656253000179;500017239;17/05/2023;2023-05-17;similar
CPHD GENIUS;FRESENIUS MEDICAL CARE LTDA;1440590000136;501902236;17/05/2023;2023-05-17;especifico
Gabapentina;EMS S/A;57.507.378/0003-65;506201236;18/05/2023;2023-05-18;generico
gabapentina;GERMED FARMACEUTICA LTDA;45.992.062/0001-65;506274233;18/05/2023;2023-05-18;generico
Loratadina;UNITHER INDUSTRIA FARMACEUTICA LTDA.;4656253000179;506505235;18/05/2023;2023-05-18;generico
GABANEURIN;EMS SIGMA PHARMA LTDA;923140000131;506779238;18/05/2023;2023-05-18;similar
GABANEURIN;EMS SIGMA PHARMA LTDA;923140000131;506795233;18/05/2023;2023-05-18;similar
CLEXANE;SANOFI MEDLEY FARMACÊUTICA LTDA.;10.588.595/0010-92;505772230;18/05/2023;2023-05-18;biologico
DEFITELIO;ADIUM S.A.;55.980.684/0001-27;506595234;18/05/2023;2023-05-18;biologico
GABAPENTINA;EMS S/A;57.507.378/0003-65;506208231;18/05/2023;2023-05-18;generico
olanzapina;UNIVERSIDADE FEDERAL DO RIO GRANDE DO NORTE;24.365.710/0001-83;505349230;18/05/2023;2023-05-18;generico
LACTOSAN;SANTISA LABORATÓRIO FARMACÊUTICO S/A;4099395000182;506195236;18/05/2023;2023-05-18;especifico
VEROTINA;LIBBS FARMACÊUTICA LTDA;61.230.314/0001-75;505599236;18/05/2023;2023-05-18;similar
GABAPENTINA;LEGRAND PHARMA INDÚSTRIA FARMACÊUTICA LTDA;5044984000126;506808238;18/05/2023;2023-05-18;generico
cloridrato de betaxolol;INSTITUTO BIOCHIMICO INDÚSTRIA FARMACÊUTICA LTDA;33.258.401/0001-03;505822237;18/05/2023;2023-05-18;generico
BESILATO DE ANLODIPINO;VITAMEDIC INDUSTRIA FARMACEUTICA LTDA;30.222.814/0001-31;504912232;18/05/2023;2023-05-18;generico
lamotrigina;TORRENT DO BRASIL LTDA;33.078.528/0001-32;506405231;18/05/2023;2023-05-18;generico
ONTRUZANT;Samsung Bioepis br Pharmaceutical ltda.;24.563.776/0001-88;509586236;19/05/2023;2023-05-19;biologico
DEXMINE;CIMED INDUSTRIA S.A;2814497000107;509637230;19/05/2023;2023-05-19;similar
Cloridrato de tramadol + paracetamol;BRAINFARMA INDÚSTRIA QUÍMICA E FARMACÊUTICA S.A;5161069000110;510184235;19/05/2023;2023-05-19;generico
JUNEVE;TAKEDA PHARMA LTDA.;60.397.775/0001-74;509593232;19/05/2023;2023-05-19;similar
hemitartarato de rivastigmina;EMS S/A;57.507.378/0003-65;510343236;19/05/2023;2023-05-19;generico
CONTRACEP;GERMED FARMACEUTICA LTDA;45.992.062/0001-65;511203233;19/05/2023;2023-05-19;similar
FARMANGUINHOS OSELTAMIVIR;FUNDAÇÃO OSWALDO CRUZ;33.781.055/0001-35;511347235;19/05/2023;2023-05-19;similar
permetrina;BELFAR LTDA;18.324.343/0001-77;508266238;19/05/2023;2023-05-19;generico
FAR MANGUINHOS-DIAZEPAM;FUNDAÇÃO OSWALDO CRUZ;33.781.055/0001-35;511276231;19/05/2023;2023-05-19;similar
rosuvastatina calcica;ACCORD FARMACÊUTICA LTDA;64.171.697/0001-46;511283237;19/05/2023;2023-05-19;generico
LAMOTRIGINA;TORRENT DO BRASIL LTDA;33.078.528/0001-32;507761235;19/05/2023;2023-05-19;generico
cloridrato de sertralina;PRATI DONADUZZI & CIA LTDA;73.856.593/0001-66;507943236;19/05/2023;2023-05-19;generico
MARAVILHA CURATIVA DO DR. HUMPHERYS;PINUS INDUSTRIA QUIMICA E FARMACEUTICA LTDA;28.938.645/0001-99;511353235;19/05/2023;2023-05-19;fitoterapico
paracetamol + carisoprodol + diclofenaco sódico + cafeína;UNIÃO QUÍMICA FARMACÊUTICA NACIONAL S/A;60.665.981/0001-18;511509235;19/05/2023;2023-05-19;generico
STILGRIP;KLEY HERTZ FARMACEUTICA S.A;92.695.691/0001-03;509023231;19/05/2023;2023-05-19;similar
LAMITOR CD;TORRENT DO BRASIL LTDA;33.078.528/0001-32;507768230;19/05/2023;2023-05-19;similar
EUTHYROX;MERCK S/A;33.069.212/0001-84;511812230;19/05/2023;2023-05-19;similar
PIOSAN;BELFAR LTDA;18.324.343/0001-77;507938232;19/05/2023;2023-05-19;similar
VASTIGMA;EMS SIGMA PHARMA LTDA;923140000131;510397239;19/05/2023;2023-05-19;similar
EGROTIB®;DR. REDDYS FARMACÊUTICA DO BRASIL LTDA;3978166000175;516815237;22/05/2023;2023-05-22;similar
ATENOLOL;BRAINFARMA INDÚSTRIA QUÍMICA E FARMACÊUTICA S.A;5161069000110;513457232;22/05/2023;2023-05-22;generico
cetoconazol + dipropionato de betametasona + sulfato de neomicina;Aché Laboratórios Farmacêuticos S.A;60.659.463/0029-92;513502238;22/05/2023;2023-05-22;generico
ITRACONAZOL;EUROFARMA LABORATÓRIOS S.A.;61.190.096/0001-92;513450238;22/05/2023;2023-05-22;generico
VARIVAX;MERCK SHARP & DOHME FARMACEUTICA LTDA.;3560974000118;516115235;22/05/2023;2023-05-22;biologico
FLUCOVIL;MEDQUIMICA INDUSTRIA FARMACEUTICA LTDA.;17.875.154/0001-20;518427234;22/05/2023;2023-05-22;similar
KYNTHEUM;LEO PHARMA LTDA;11.424.477/0001-10;513972234;22/05/2023;2023-05-22;biologico
MAGNEN B6;MARJAN INDÚSTRIA E COMÉRCIO LTDA;60.726.692/0001-81;516798235;22/05/2023;2023-05-22;especifico
SIBUS;EUROFARMA LABORATÓRIOS S.A.;61.190.096/0001-92;513481231;22/05/2023;2023-05-22;similar
cloridrato de dexmedetomidina;EUROFARMA LABORATÓRIOS S.A.;61.190.096/0001-92;513452231;22/05/2023;2023-05-22;generico
CLORIDRATO DE FINGOLIMODE;EMS S/A;57.507.378/0003-65;516539230;22/05/2023;2023-05-22;generico
DICLOFENACO RESINATO;LABORATÓRIO TEUTO BRASILEIRO S/A;17.159.229/0001-76;518405231;22/05/2023;2023-05-22;generico
ACETILCISTEINA;EUROFARMA LABORATÓRIOS S.A.;61.190.096/0001-92;515609234;22/05/2023;2023-05-22;generico
cloridrato de sibutramina monoidratado;EUROFARMA LABORATÓRIOS S.A.;61.190.096/0001-92;513477233;22/05/2023;2023-05-22;generico
PASALIX;MARJAN INDÚSTRIA E COMÉRCIO LTDA;60.726.692/0001-81;523021232;23/05/2023;2023-05-23;fitoterapico
mesalazina;RANBAXY FARMACÊUTICA LTDA;73.663.650/0001-90;523353235;23/05/2023;2023-05-23;generico
KIGEFO;DR. REDDYS FARMACÊUTICA DO BRASIL LTDA;3978166000175;522929231;23/05/2023;2023-05-23;similar
APLAUSE;MARJAN INDÚSTRIA E COMÉRCIO LTDA;60.726.692/0001-81;523128231;23/05/2023;2023-05-23;fitoterapico
FLEXSPORT;CRISTÁLIA PRODUTOS QUÍMICOS FARMACÊUTICOS LTDA.;44.734.671/0001-51;523196237;23/05/2023;2023-05-23;generico
vildagliptina;NATCOFARMA DO BRASIL LTDA;8157293000127;524358231;23/05/2023;2023-05-23;generico
FUROSEMIDA;BRAINFARMA INDÚSTRIA QUÍMICA E FARMACÊUTICA S.A;5161069000110;523558236;23/05/2023;2023-05-23;generico
PEGNEUCYTE;LABORATÓRIO TEUTO BRASILEIRO S/A;17.159.229/0001-76;519914236;23/05/2023;2023-05-23;biologico
cloridrato de tramadol + paracetamol;ZYDUS NIKKHO FARMACÊUTICA LTDA;5254971000181;527936235;24/05/2023;2023-05-24;generico
PRONAZOL;DIFFUCAP - CHEMOBRÁS QUÍMICA E FARMACÊUTICA LTDA;42.457.796/0001-56;526081236;24/05/2023;2023-05-24;similar
Cetofenid;LABORATÓRIO TEUTO BRASILEIRO S/A;17.159.229/0001-76;528385232;24/05/2023;2023-05-24;similar
mesalazina;ZYDUS NIKKHO FARMACÊUTICA LTDA;5254971000181;528290231;24/05/2023;2023-05-24;generico
BERIATE P;CSL BEHRING COMÉRCIO DE PRODUTOS FARMACÊUTICOS LTDA;62.969.589/0001-98;525874232;24/05/2023;2023-05-24;similar
fosaprepitanto dimeglumina;ACCORD FARMACÊUTICA LTDA;64.171.697/0001-46;528183231;24/05/2023;2023-05-24;generico
cloridrato de sertralina;RANBAXY FARMACÊUTICA LTDA;73.663.650/0001-90;535065230;25/05/2023;2023-05-25;generico
ARPEJO;EMS S/A;57.507.378/0003-65;533407231;25/05/2023;2023-05-25;similar
DIANEAL PD-2;BAXTER HOSPITALAR LTDA;49.351.786/0002-61;535889232;25/05/2023;2023-05-25;especifico
aripiprazol;EMS S/A;57.507.378/0003-65;533178231;25/05/2023;2023-05-25;generico
aripiprazol;MULTILAB INDUSTRIA E COMERCIO DE PRODUTOS FARMACEUTICOS LTDA;92.265.552/0009-05;533507235;25/05/2023;2023-05-25;generico
MESALAZINA;BRAINFARMA INDÚSTRIA QUÍMICA E FARMACÊUTICA S.A;5161069000110;534341233;25/05/2023;2023-05-25;generico
etoricoxibe;GERMED FARMACEUTICA LTDA;45.992.062/0001-65;533194237;25/05/2023;2023-05-25;generico
MONOFER;PFIZER BRASIL LTDA;61.072.393/0001-33;535962231;25/05/2023;2023-05-25;especifico
cloridrato de bupropiona;GEOLAB INDÚSTRIA FARMACÊUTICA S/A;3485572000104;534661238;25/05/2023;2023-05-25;generico
fosfato de sitagliptina;RANBAXY FARMACÊUTICA LTDA;73.663.650/0001-90;534997236;25/05/2023;2023-05-25;generico
etoricoxibe;EMS S/A;57.507.378/0003-65;533157234;25/05/2023;2023-05-25;generico
cloridrato de terbinafina;LABORATÓRIO TEUTO BRASILEIRO S/A;17.159.229/0001-76;537672231;26/05/2023;2023-05-26;generico
ZOMYLE;MYLAN LABORATORIOS LTDA;11.643.096/0001-22;536451231;26/05/2023;2023-05-26;similar
GABAPENTINA;GERMED FARMACEUTICA LTDA;45.992.062/0001-65;538598239;26/05/2023;2023-05-26;generico
NEBACIDERME;MULTILAB INDUSTRIA E COMERCIO DE PRODUTOS FARMACEUTICOS LTDA;92.265.552/0009-05;539874230;26/05/2023;2023-05-26;similar
pregabalina;MEDQUIMICA INDUSTRIA FARMACEUTICA LTDA.;17.875.154/0001-20;539750239;26/05/2023;2023-05-26;generico
pregabalina;TORRENT DO BRASIL LTDA;33.078.528/0001-32;540113239;26/05/2023;2023-05-26;generico
hemifumarato de bisoprolol;GERMED FARMACEUTICA LTDA;45.992.062/0001-65;539741230;26/05/2023;2023-05-26;generico
CLORIDRATO DE LIDOCAÍNA;HIPOLABOR FARMACEUTICA LTDA;19.570.720/0001-10;540353230;26/05/2023;2023-05-26;generico
CLORIDRATO DE NARATRIPTANA;EMS S/A;57.507.378/0003-65;539643238;26/05/2023;2023-05-26;generico
AEROFRIN;PHARMASCIENCE INDÚSTRIA FARMACÊUTICA LTDA;25.773.037/0001-83;537897232;26/05/2023;2023-05-26;similar
gabapentina;GERMED FARMACEUTICA LTDA;45.992.062/0001-65;538378239;26/05/2023;2023-05-26;generico
MESALAZINA;BRAINFARMA INDÚSTRIA QUÍMICA E FARMACÊUTICA S.A;5161069000110;544719239;29/05/2023;2023-05-29;generico
pregabalina;MULTILAB INDUSTRIA E COMERCIO DE PRODUTOS FARMACEUTICOS LTDA;92.265.552/0009-05;544592239;29/05/2023;2023-05-29;generico
pregabalina;LEGRAND PHARMA INDÚSTRIA FARMACÊUTICA LTDA;5044984000126;544571231;29/05/2023;2023-05-29;generico
DUODEX;GEOLAB INDÚSTRIA FARMACÊUTICA S/A;3485572000104;545014239;29/05/2023;2023-05-29;similar
HEMITARTARATO DE RIVASTIGMINA;Aché Laboratórios Farmacêuticos S.A;60.659.463/0029-92;545273234;29/05/2023;2023-05-29;generico
ibuprofeno;GEOLAB INDÚSTRIA FARMACÊUTICA S/A;3485572000104;543429237;29/05/2023;2023-05-29;generico
KONDUZ;EMS S/A;57.507.378/0003-65;544511239;29/05/2023;2023-05-29;similar
pregabalina;EMS S/A;57.507.378/0003-65;544428234;29/05/2023;2023-05-29;generico
LIDBACT;UNIÃO QUÍMICA FARMACÊUTICA NACIONAL S/A;60.665.981/0001-18;543813231;29/05/2023;2023-05-29;similar
LOZEPREL;MULTILAB INDUSTRIA E COMERCIO DE PRODUTOS FARMACEUTICOS LTDA;92.265.552/0009-05;544090233;29/05/2023;2023-05-29;similar
pregabalina;GERMED FARMACEUTICA LTDA;45.992.062/0001-65;544523237;29/05/2023;2023-05-29;generico
NEVRALGEX;CIMED INDUSTRIA S.A;2814497000107;543162231;29/05/2023;2023-05-29;similar
PREGALPHA;TORRENT DO BRASIL LTDA;33.078.528/0001-32;543011232;29/05/2023;2023-05-29;similar
FLUCOL;BELFAR LTDA;18.324.343/0001-77;544188233;29/05/2023;2023-05-29;similar
LAMOTRIGINA;EUROFARMA LABORATÓRIOS S.A.;61.190.096/0001-92;543446239;29/05/2023;2023-05-29;generico
tioconazol + tinidazol;BRAINFARMA INDÚSTRIA QUÍMICA E FARMACÊUTICA S.A;5161069000110;543249239;29/05/2023;2023-05-29;generico
SERENATA;TORRENT DO BRASIL LTDA;33.078.528/0001-32;543014231;29/05/2023;2023-05-29;similar
levotiroxina sódica;MERCK S/A;33.069.212/0001-84;543326233;29/05/2023;2023-05-29;generico
BENZOTOP;DFL INDÚSTRIA E COMÉRCIO S/A;33.112.665/0001-46;551286237;30/05/2023;2023-05-30;similar
Vivencia Patch;Aché Laboratórios Farmacêuticos S.A;60.659.463/0029-92;550157239;30/05/2023;2023-05-30;similar
tartarato de brimonidina + maleato de timolol;UNIÃO QUÍMICA FARMACÊUTICA NACIONAL S/A;60.665.981/0001-18;550108238;30/05/2023;2023-05-30;generico
PREGABALINA;Aché Laboratórios Farmacêuticos S.A;60.659.463/0029-92;546925235;30/05/2023;2023-05-30;generico
sulfato de hidroxicloroquina;SANOFI MEDLEY FARMACÊUTICA LTDA.;10.588.595/0010-92;550147233;30/05/2023;2023-05-30;generico
sulfato de hidroxicloroquina;BRAINFARMA INDÚSTRIA QUÍMICA E FARMACÊUTICA S.A;5161069000110;549304231;30/05/2023;2023-05-30;generico
rosuvastatina cálcica;SANOFI MEDLEY FARMACÊUTICA LTDA.;10.588.595/0010-92;550057234;30/05/2023;2023-05-30;generico
DIGESTINA;UNIÃO QUÍMICA FARMACÊUTICA NACIONAL S/A;60.665.981/0001-18;551836237;30/05/2023;2023-05-30;similar
Dorene;Aché Laboratórios Farmacêuticos S.A;60.659.463/0029-92;546833233;30/05/2023;2023-05-30;similar
TOLREST;Aché Laboratórios Farmacêuticos S.A;60.659.463/0029-92;550010238;30/05/2023;2023-05-30;similar
ALBENDAZOL 40 MG/ML SUSPENSÃO ORAL;LABORATÓRIO TEUTO BRASILEIRO S/A;17.159.229/0001-76;548219231;30/05/2023;2023-05-30;generico
BRITENS;UNIÃO QUÍMICA FARMACÊUTICA NACIONAL S/A;60.665.981/0001-18;550077235;30/05/2023;2023-05-30;similar
ESCENA;CRISTÁLIA PRODUTOS QUÍMICOS FARMACÊUTICOS LTDA.;44.734.671/0001-51;546637230;30/05/2023;2023-05-30;similar
CLORIDRATO DE DORZOLAMIDA + MALEATO DE TIMOLOL;LABORATÓRIO TEUTO BRASILEIRO S/A;17.159.229/0001-76;552993239;31/05/2023;2023-05-31;generico
CLORIDRATO DE SERTRALINA;EUROFARMA LABORATÓRIOS S.A.;61.190.096/0001-92;554852233;31/05/2023;2023-05-31;generico
ASSERT;EUROFARMA LABORATÓRIOS S.A.;61.190.096/0001-92;555411231;31/05/2023;2023-05-31;similar
ECOXE;COSMED INDUSTRIA DE COSMETICOS E MEDICAMENTOS S.A.;61.082.426/0002-07;562505237;01/06/2023;2023-06-01;similar
TEROCOXI;CRISTÁLIA PRODUTOS QUÍMICOS FARMACÊUTICOS LTDA.;44.734.671/0001-51;562207236;01/06/2023;2023-06-01;similar
ADREN;HIPOLABOR FARMACEUTICA LTDA;19.570.720/0001-10;563151234;01/06/2023;2023-06-01;similar
ZOLIBBS;LIBBS FARMACÊUTICA LTDA;61.230.314/0001-75;567426238;02/06/2023;2023-06-02;similar
