Medicamento;Empresa;CNPJ;Expediente;Data de Publicação;Categoria
LACRILAX;COSMED INDUSTRIA DE COSMETICOS E MEDICAMENTOS S.A.;61.082.426/0002-07;4666509216;26/11/2021;TODAS
GENFIBROZILA;EMS S/A;57.507.378/0003-65;1734513241;19/12/2024;TODAS
SUCCINATO SODICO DE HIDROCORTISONA;BLAU FARMACÊUTICA S.A.;58.430.828/0001-60;0996020233;19/09/2023;TODAS
OXALATO DE ESCITALOPRAM;LABORATÓRIO TEUTO BRASILEIRO S/A;17.159.229/0001-76;0648697258;14/05/2025;TODAS
FENOSUPREX;GERMED FARMACEUTICA LTDA;45.992.062/0001-65;0834938251;25/06/2025;TODAS
VIDMAX;ACHÉ LABORATÓRIOS FARMACÊUTICOS S.A;60.659.463/0029-92;0218887230;06/03/2023;TODAS
LFM ZIPRASIDONA;LABORATÓRIO FARMACÊUTICO DA MARINHA;00.394.502/0071-57;2548887162;01/12/2016;TODAS
LEXAPRASS;LABORATÓRIO TEUTO BRASILEIRO S/A;17.159.229/0001-76;0711172234;11/07/2023;TODAS
NEVANAC;NOVARTIS BIOCIENCIAS S.A;56.994.502/0001-30;0805015256;16/06/2025;TODAS
HIDROCLOROTIAZIDA;MEDQUIMICA INDUSTRIA FARMACEUTICA LTDA.;17.875.154/0001-20;0128625252;29/01/2025;TODAS
GINKOTAB;BRAINFARMA INDÚSTRIA QUÍMICA E FARMACÊUTICA S.A;05.161.069/0001-10;0134324186;21/02/2018;TODAS
ARISTOPRAMIDA;BLAU FARMACÊUTICA S.A.;58.430.828/0001-60;3192087190;19/11/2019;TODAS
acetilcisteína;UNIÃO QUÍMICA FARMACÊUTICA NACIONAL S/A;60.665.981/0001-18;0307359247;13/03/2024;TODAS
TRAVATAN;NOVARTIS BIOCIENCIAS S.A;56.994.502/0001-30;0484444247;17/04/2024;TODAS
FILINAR G;EUROFARMA LABORATÓRIOS S.A.;61.190.096/0001-92;0781083257;10/06/2025;TODAS
OXALATO DE ESCITALOPRAM;GEOLAB INDÚSTRIA FARMACÊUTICA S/A;03.485.572/0001-04;0720526230;13/07/2023;TODAS
TENOXICAM;GEOLAB INDÚSTRIA FARMACÊUTICA S/A;03.485.572/0001-04;0684978253;21/05/2025;TODAS
CLORIDRATO DE METOCLOPRAMIDA;CIMED INDUSTRIA S.A;02.814.497/0001-07;2477480227;20/04/2022;TODAS
FUNED DONEPEZILA;FUNDAÇÃO EZEQUIEL DIAS - FUNED;17.503.475/0001-01;2445168161;01/11/2016;TODAS
ANDROGEL;Besins Healthcare Brasil Comercial e Distribuidora de Medicamentos Ltda;11.082.598/0003-93;1006700251;05/08/2025;TODAS
FURP-GLIBENCLAMIDA;FUNDAÇÃO PARA O REMÉDIO POPULAR - FURP;43.640.754/0001-19;0349163251;14/03/2025;TODAS
sulfametoxazol+trimetoprima;VITAMEDIC INDUSTRIA FARMACEUTICA LTDA;30.222.814/0001-31;1318284244;25/09/2024;TODAS
hemifumarato de quetiapina;LABORATÓRIO TEUTO BRASILEIRO S/A;17.159.229/0001-76;1001230256;04/08/2025;TODAS
OLANZAPINA;AUROBINDO PHARMA INDÚSTRIA FARMACÊUTICA LIMITADA;04.301.884/0001-75;2499163195;15/10/2019;TODAS
maleato de dexclorfeniramina;BRAINFARMA INDÚSTRIA QUÍMICA E FARMACÊUTICA S.A;05.161.069/0001-10;0133860189;21/02/2018;TODAS
CANDESARTANA CILEXETILA;EMS S/A;57.507.378/0003-65;0618384251;07/05/2025;TODAS
NOTUSS TSS;ACHÉ LABORATÓRIOS FARMACÊUTICOS S.A;60.659.463/0029-92;0405477252;25/03/2025;TODAS
DONILA DUO;ACHÉ LABORATÓRIOS FARMACÊUTICOS S.A;60.659.463/0029-92;0247154229;19/01/2022;TODAS
ONICORYL;GERMED FARMACEUTICA LTDA;45.992.062/0001-65;0240233255;20/02/2025;TODAS
CIS;CRISTÁLIA PRODUTOS QUÍMICOS FARMACÊUTICOS LTDA.;44.734.671/0001-51;0960748229;09/03/2022;TODAS
ESALERG;ACHÉ LABORATÓRIOS FARMACÊUTICOS S.A;60.659.463/0029-92;1016501251;07/08/2025;TODAS
PERMETRINA;PRATI DONADUZZI & CIA LTDA;73.856.593/0001-66;0514965258;15/04/2025;TODAS
VIKATRON;BLAU FARMACÊUTICA S.A.;58.430.828/0001-60;0925095186;24/09/2018;TODAS
DICLOFENACO SÓDICO;BLAU FARMACÊUTICA S.A.;58.430.828/0001-60;4395147224;07/07/2022;TODAS
PLENANCE;LIBBS FARMACÊUTICA LTDA;61.230.314/0001-75;1170716253;02/09/2025;TODAS
MESILATO DE IMATINIBE;FUNDAÇÃO OSWALDO CRUZ;33.781.055/0001-35;0195922255;12/02/2025;TODAS
TIOCOLCHICOSÍDEO;BLAU FARMACÊUTICA S.A.;58.430.828/0001-60;0156591251;04/02/2025;TODAS
VESOMNI;ASTELLAS FARMA BRASIL IMPORTAÇÃO E DISTRIBUIÇÃO DE MEDICAMENTOS LTDA.;07.768.134/0001-04;0900984236;25/08/2023;TODAS
ARISCORTEN;BLAU FARMACÊUTICA S.A.;58.430.828/0001-60;1201884233;01/11/2023;TODAS
METAXON;BLAU FARMACÊUTICA S.A.;58.430.828/0001-60;1024414248;26/07/2024;TODAS
VANCOSON;BLAU FARMACÊUTICA S.A.;58.430.828/0001-60;0473141256;07/04/2025;TODAS
ESTRADIOL+ACETATO DE NORETISTERONA;EMS S/A;57.507.378/0003-65;1271248165;16/02/2016;TODAS
MICOFENOLATO DE SÓDIO;EMS S/A;57.507.378/0003-65;0834591251;25/06/2025;TODAS
GENGIMIN;FARMOQUÍMICA S/A;33.349.473/0001-58;0102514241;26/01/2024;TODAS
OESTROGEL;Besins Healthcare Brasil Comercial e Distribuidora de Medicamentos Ltda;11.082.598/0003-93;1149793252;27/08/2025;TODAS
OPRAZON;BLAU FARMACÊUTICA S.A.;58.430.828/0001-60;1076470238;09/10/2023;TODAS
CLORIDRATO DE ZIPRASIDONA;LABORATÓRIO FARMACÊUTICO DA MARINHA;00.394.502/0071-57;1523451246;05/11/2024;TODAS
RINGER;HALEX ISTAR INDÚSTRIA FARMACÊUTICA SA;01.571.702/0001-98;2493003202;29/07/2020;TODAS
ATORVASTATINA CÁLCICA;BRAINFARMA INDÚSTRIA QUÍMICA E FARMACÊUTICA S.A;05.161.069/0001-10;1058061181;05/11/2018;TODAS
candesartana cilexetila + hidroclorotiazida;GERMED FARMACEUTICA LTDA;45.992.062/0001-65;0792537254;12/06/2025;TODAS
LANSOPRAZOL;GERMED FARMACEUTICA LTDA;45.992.062/0001-65;1736111248;19/12/2024;TODAS
DUOMO HP;EUROFARMA LABORATÓRIOS S.A.;61.190.096/0001-92;0942077253;21/07/2025;TODAS
ALENDRONATO DE SÓDIO;BRAINFARMA INDÚSTRIA QUÍMICA E FARMACÊUTICA S.A;05.161.069/0001-10;1372370234;04/12/2023;TODAS
CEFARISTON;BLAU FARMACÊUTICA S.A.;58.430.828/0001-60;3191265196;19/11/2019;TODAS
TISSEEL;BAXTER HOSPITALAR LTDA;49.351.786/0002-61;1230775242;06/09/2024;TODAS
CLORIDRATO DE HIDROXIZINA;PHARLAB INDÚSTRIA FARMACÊUTICA S.A.;02.501.297/0001-02;0793945259;12/06/2025;TODAS
TIVICAY;GLAXOSMITHKLINE BRASIL LTDA;33.247.743/0001-10;0452108250;02/04/2025;TODAS
FURP-DIAZEPAM;FUNDAÇÃO PARA O REMÉDIO POPULAR - FURP;43.640.754/0001-19;0018913237;09/01/2023;TODAS
HERZUMA;CELLTRION HEALTHCARE DISTRIBUICAO DE PRODUTOS FARMACEUTICOS DOS BRASIL LTDA;05.452.889/0001-61;1605933244;25/11/2024;TODAS
LONQUEX;TEVA FARMACÊUTICA LTDA.;05.333.542/0001-08;0127572252;29/01/2025;TODAS
TEICOSTON;BLAU FARMACÊUTICA S.A.;58.430.828/0001-60;0431266247;05/04/2024;TODAS
HOLMES H;EUROFARMA LABORATÓRIOS S.A.;61.190.096/0001-92;0910294259;11/07/2025;TODAS
CLORIDRATO DE MEMANTINA;LABORATÓRIO TEUTO BRASILEIRO S/A;17.159.229/0001-76;0662349253;16/05/2025;TODAS
OLMECOR;TORRENT DO BRASIL LTDA;33.078.528/0001-32;1086391250;15/08/2025;TODAS
OMEPRAZOL;BRAINFARMA INDÚSTRIA QUÍMICA E FARMACÊUTICA S.A;05.161.069/0001-10;1389479242;09/10/2024;TODAS
LAMEZ;ACCORD FARMACÊUTICA LTDA;64.171.697/0001-46;0090754195;30/01/2019;TODAS
MEPICAIN 3%;CRISTÁLIA PRODUTOS QUÍMICOS FARMACÊUTICOS LTDA.;44.734.671/0001-51;0753364255;04/06/2025;TODAS
Simponi;JANSSEN-CILAG FARMACÊUTICA LTDA;51.780.468/0001-87;0869069250;02/07/2025;TODAS
LIPIDIL;ABBOTT LABORATÓRIOS DO BRASIL LTDA;56.998.701/0001-16;0035244259;10/01/2025;TODAS
CELECOXIBE;LABORATÓRIO TEUTO BRASILEIRO S/A;17.159.229/0001-76;0516716255;15/04/2025;TODAS
PREDNISONA;VITAMEDIC INDUSTRIA FARMACEUTICA LTDA;30.222.814/0001-31;0247854194;19/03/2019;TODAS
TAMIRAM;EUROFARMA LABORATÓRIOS S.A.;61.190.096/0001-92;0329167251;11/03/2025;TODAS
LEFLUNOMIDA;LABORATÓRIO FARMACÊUTICO DA MARINHA;00.394.502/0071-57;0792547250;12/06/2025;TODAS
CARBAMAZEPINA;HIPOLABOR FARMACEUTICA LTDA;19.570.720/0001-10;0372658154;29/04/2015;TODAS
ESPINHEIRA SANTA NATULAB;NATULAB LABORATORIO S.A;02.456.955/0001-83;4754483227;28/09/2022;TODAS
BENEROC;BAYER S.A.;18.459.628/0001-15;1176855247;27/08/2024;TODAS
ADDERA D3;COSMED INDUSTRIA DE COSMETICOS E MEDICAMENTOS S.A.;61.082.426/0002-07;5101820229;28/12/2022;TODAS
PREGABALINA;LABORATÓRIO TEUTO BRASILEIRO S/A;17.159.229/0001-76;0593191251;02/05/2025;TODAS
GINKGO VITAL;PRATI DONADUZZI & CIA LTDA;73.856.593/0001-66;2910801202;28/08/2020;TODAS
NEUROCONTROL;LABORATÓRIO TEUTO BRASILEIRO S/A;17.159.229/0001-76;1456840231;21/12/2023;TODAS
TRIMEB;EUROFARMA LABORATÓRIOS S.A.;61.190.096/0001-92;0579145239;06/06/2023;TODAS
DOPABANE;BLAU FARMACÊUTICA S.A.;58.430.828/0001-60;1174188251;03/09/2025;TODAS
AMLODIL;VITAMEDIC INDUSTRIA FARMACEUTICA LTDA;30.222.814/0001-31;1445559242;21/10/2024;TODAS
maleato de trimebutina;Althaia S.A Indústria Farmacêutica;48.344.725/0007-19;0231099258;18/02/2025;TODAS
CEFTAZIDON;BLAU FARMACÊUTICA S.A.;58.430.828/0001-60;0182576230;23/02/2023;TODAS
CLORIDRATO DE ZIPRASIDONA;EMS S/A;57.507.378/0003-65;0640599257;12/05/2025;TODAS
ácido tranexâmico;BLAU FARMACÊUTICA S.A.;58.430.828/0001-60;0741926245;04/06/2024;TODAS
ADIPEPT;ACHÉ LABORATÓRIOS FARMACÊUTICOS S.A;60.659.463/0029-92;1020349255;08/08/2025;TODAS
MYCOSODIUM;EMS S/A;57.507.378/0003-65;0834740257;25/06/2025;TODAS
BROMOPRIDA;HIPOLABOR FARMACEUTICA LTDA;19.570.720/0001-10;4270122208;03/12/2020;TODAS
CLORIDRATO DE SERTRALINA;BRAINFARMA INDÚSTRIA QUÍMICA E FARMACÊUTICA S.A;05.161.069/0001-10;2324905196;03/10/2019;TODAS
PENKARON;BLAU FARMACÊUTICA S.A.;58.430.828/0001-60;0147188171;27/01/2017;TODAS
OXALATO DE ESCITALOPRAM;GEOLAB INDÚSTRIA FARMACÊUTICA S/A;03.485.572/0001-04;0720454239;13/07/2023;TODAS
PARACETAMOL + FOSFATO DE CODEÍNA;GEOLAB INDÚSTRIA FARMACÊUTICA S/A;03.485.572/0001-04;1429703245;17/10/2024;TODAS
risperidona;PRATI DONADUZZI & CIA LTDA;73.856.593/0001-66;0379046253;20/03/2025;TODAS
GABAPENTINA;AUROBINDO PHARMA INDÚSTRIA FARMACÊUTICA LIMITADA;04.301.884/0001-75;0482548258;08/04/2025;TODAS
TIMONEO;BRAINFARMA INDÚSTRIA QUÍMICA E FARMACÊUTICA S.A;05.161.069/0001-10;0732400156;18/08/2015;TODAS
ACECLO-GRAN;LEGRAND PHARMA INDÚSTRIA FARMACÊUTICA LTDA;05.044.984/0001-26;1387942239;06/12/2023;TODAS
CILINON;BLAU FARMACÊUTICA S.A.;58.430.828/0001-60;2371162191;07/10/2019;TODAS
ARIFENICOL;BLAU FARMACÊUTICA S.A.;58.430.828/0001-60;0593758172;11/04/2017;TODAS
BROMETO DE PINAVERIO;LABORATÓRIO TEUTO BRASILEIRO S/A;17.159.229/0001-76;2437053212;23/06/2021;TODAS
IRBESARTANA+ HIDROCLOROTIAZIDA;EUROFARMA LABORATÓRIOS S.A.;61.190.096/0001-92;0940143259;21/07/2025;TODAS
PELLETRAT;LABORATÓRIO FARMACÊUTICO ELOFAR LTDA;83.874.628/0001-43;1623004213;28/04/2021;TODAS
CLORIDRATO DE NAFAZOLINA+MALEATO DE FENIRAMINA;GEOLAB INDÚSTRIA FARMACÊUTICA S/A;03.485.572/0001-04;4681397229;13/09/2022;TODAS
VIMIZIM;BIOMARIN BRASIL FARMACÊUTICA LTDA;08.002.360/0001-34;0834326256;25/06/2025;TODAS
TREBYXAN;LABORATÓRIO QUÍMICO FARMACÊUTICO BERGAMO LTDA;61.282.661/0001-41;0247634255;21/02/2025;TODAS
VELIJA;LIBBS FARMACÊUTICA LTDA;61.230.314/0001-75;0840427255;26/06/2025;TODAS
GINNA;EUROFARMA LABORATÓRIOS S.A.;61.190.096/0001-92;0949771236;06/09/2023;TODAS
CLOTRIMAZOL;VITAMEDIC INDUSTRIA FARMACEUTICA LTDA;30.222.814/0001-31;2504945163;18/11/2016;TODAS
ALCACHOFRA NATULAB;NATULAB LABORATORIO S.A;02.456.955/0001-83;0228491223;18/01/2022;TODAS
SANDOGLOBULINA;CSL BEHRING COMÉRCIO DE PRODUTOS FARMACÊUTICOS LTDA;62.969.589/0001-98;1313313246;24/09/2024;TODAS
Amoxicilina;CIMED INDUSTRIA S.A;02.814.497/0001-07;1118916255;19/08/2025;TODAS
COLCHICINA;GEOLAB INDÚSTRIA FARMACÊUTICA S/A;03.485.572/0001-04;1771493241;30/12/2024;TODAS
EPAPHYTO;NATULAB LABORATORIO S.A;02.456.955/0001-83;1479932221;01/04/2022;TODAS
LIVTÓS;VIDORA FARMACÊUTICA LTDA;92.762.277/0001-70;2333131217;16/06/2021;TODAS
EXFORGE HCT;NOVARTIS BIOCIENCIAS S.A;56.994.502/0001-30;1149756241;21/08/2024;TODAS
AGUA PARA INJETAVEIS;BLAU FARMACÊUTICA S.A.;58.430.828/0001-60;0882163181;10/09/2018;TODAS
CANDESARTANA CILEXETILA;GERMED FARMACEUTICA LTDA;45.992.062/0001-65;0601698258;05/05/2025;TODAS
CLORIDRATO DE TOPOTECANA;ACCORD FARMACÊUTICA LTDA;64.171.697/0001-46;0626783211;16/02/2021;TODAS
VITARISTON C;BLAU FARMACÊUTICA S.A.;58.430.828/0001-60;2563993165;06/12/2016;TODAS
CLINDARIX;BLAU FARMACÊUTICA S.A.;58.430.828/0001-60;2075317199;29/08/2019;TODAS
SUCCITRAT;BLAU FARMACÊUTICA S.A.;58.430.828/0001-60;0487895240;17/04/2024;TODAS
ATROPION;BLAU FARMACÊUTICA S.A.;58.430.828/0001-60;0473746196;28/05/2019;TODAS
ESALERG GOTAS;ACHÉ LABORATÓRIOS FARMACÊUTICOS S.A;60.659.463/0029-92;0455680256;03/04/2025;TODAS
LINATRON;BLAU FARMACÊUTICA S.A.;58.430.828/0001-60;0667264207;05/03/2020;TODAS
TECFIDERA;BIOGEN BRASIL PRODUTOS FARMACÊUTICOS LTDA;07.986.222/0001-74;0829935258;24/06/2025;TODAS
CLAFORDIL;BLAU FARMACÊUTICA S.A.;58.430.828/0001-60;0011497254;06/01/2025;TODAS
DOBUTARISTON;BLAU FARMACÊUTICA S.A.;58.430.828/0001-60;2031401169;05/07/2016;TODAS
MIRTAZAPINA;SANDOZ DO BRASIL INDÚSTRIA FARMACÊUTICA LTDA;61.286.647/0001-16;0433970251;31/03/2025;TODAS
LABREA;CRISTÁLIA PRODUTOS QUÍMICOS FARMACÊUTICOS LTDA.;44.734.671/0001-51;0441420257;01/04/2025;TODAS
NEO FRESH;BRAINFARMA INDÚSTRIA QUÍMICA E FARMACÊUTICA S.A;05.161.069/0001-10;0802898254;16/06/2025;TODAS
EXPECTOVIC;AIRELA INDÚSTRIA FARMACÊUTICA LTDA.;01.858.973/0001-29;1424051223;28/03/2022;TODAS
DROSPIRENONA + ETINILESTRADIOL;Althaia S.A Indústria Farmacêutica;48.344.725/0007-19;1486841244;29/10/2024;TODAS
CLORIDRATO DE TRAMADOL;HALEX ISTAR INDÚSTRIA FARMACÊUTICA SA;01.571.702/0001-98;1750890241;23/12/2024;TODAS
SILIMALON;ZYDUS NIKKHO FARMACÊUTICA LTDA;05.254.971/0001-81;0764694251;06/06/2025;TODAS
NACTALI;LIBBS FARMACÊUTICA LTDA;61.230.314/0001-75;0297546252;05/03/2025;TODAS
Loratadina;CIMED INDUSTRIA S.A;02.814.497/0001-07;0229047254;18/02/2025;TODAS
BROMETO DE PINAVÉRIO;GERMED FARMACEUTICA LTDA;45.992.062/0001-65;0772884251;09/06/2025;TODAS
KEPPRA;UCB BIOPHARMA LTDA.;64.711.500/0001-14;1077125259;14/08/2025;TODAS
ESC;EUROFARMA LABORATÓRIOS S.A.;61.190.096/0001-92;0128409240;01/02/2024;TODAS
RIBOMUSTIN;JANSSEN-CILAG FARMACÊUTICA LTDA;51.780.468/0001-87;4339773221;24/06/2022;TODAS
citrato de fentanila;LABORATÓRIO TEUTO BRASILEIRO S/A;17.159.229/0001-76;0162051239;16/02/2023;TODAS
ALOXIDIL;THERASKIN FARMACEUTICA LTDA.;61.517.397/0001-88;1753757240;23/12/2024;TODAS
XTANDI;ASTELLAS FARMA BRASIL IMPORTAÇÃO E DISTRIBUIÇÃO DE MEDICAMENTOS LTDA.;07.768.134/0001-04;1148051252;27/08/2025;TODAS
CLORIDRATO DE AMBROXOL;BRAINFARMA INDÚSTRIA QUÍMICA E FARMACÊUTICA S.A;05.161.069/0001-10;0711241236;11/07/2023;TODAS
CLORIDRATO DE LINCOMICINA;BRAINFARMA INDÚSTRIA QUÍMICA E FARMACÊUTICA S.A;05.161.069/0001-10;0336602182;27/04/2018;TODAS
Léptico;EUROFARMA LABORATÓRIOS S.A.;61.190.096/0001-92;1667098161;04/05/2016;TODAS
OSTEOTRAT;ACHÉ LABORATÓRIOS FARMACÊUTICOS S.A;60.659.463/0029-92;4447810212;10/11/2021;TODAS
TARTARATO DE BRIMONIDINA;BRAINFARMA INDÚSTRIA QUÍMICA E FARMACÊUTICA S.A;05.161.069/0001-10;0813949254;18/06/2025;TODAS
PEPSOGEL;LEGRAND PHARMA INDÚSTRIA FARMACÊUTICA LTDA;05.044.984/0001-26;1546858245;11/11/2024;TODAS
BAC-SULFITRIN;BRAINFARMA INDÚSTRIA QUÍMICA E FARMACÊUTICA S.A;05.161.069/0001-10;0185383254;10/02/2025;TODAS
NITROFURANTOINA;LABORATÓRIO TEUTO BRASILEIRO S/A;17.159.229/0001-76;0615095259;07/05/2025;TODAS
SOL-CART B;LABORATORIOS B. BRAUN S/A;31.673.254/0001-02;0114355240;30/01/2024;TODAS
ESOMEPRAZOL SODICO;SUN FARMACÊUTICA DO BRASIL LTDA;05.035.244/0001-23;0311180221;24/01/2022;TODAS
IPSILON;ZYDUS NIKKHO FARMACÊUTICA LTDA;05.254.971/0001-81;0468177248;12/04/2024;TODAS
Perjeta;PRODUTOS ROCHE QUÍMICOS E FARMACÊUTICOS S.A.;33.009.945/0001-23;0530902249;23/04/2024;TODAS
BROMAZEPAM (PORTARIA 344/98 - LISTA B1);BRAINFARMA INDÚSTRIA QUÍMICA E FARMACÊUTICA S.A;05.161.069/0001-10;1158963254;29/08/2025;TODAS
ZITRONEO;BRAINFARMA INDÚSTRIA QUÍMICA E FARMACÊUTICA S.A;05.161.069/0001-10;4360282222;29/06/2022;TODAS
STANGLIT;LIBBS FARMACÊUTICA LTDA;61.230.314/0001-75;0794359256;12/06/2025;TODAS
VISIPAQUE;GE HEALTHCARE DO BRASIL COMÉRCIO E SERVIÇOS PARA EQUIPAMENTOS MEDICO-HOSPITALARES LTDA;00.029.372/0001-40;1569307245;14/11/2024;TODAS
FURP-HIDROCLOROTIAZIDA;FUNDAÇÃO PARA O REMÉDIO POPULAR - FURP;43.640.754/0001-19;0284693251;28/02/2025;TODAS
TRANSAMIN;ZYDUS NIKKHO FARMACÊUTICA LTDA;05.254.971/0001-81;1277973237;17/11/2023;TODAS
LANVIS;ASPEN PHARMA INDÚSTRIA FARMACÊUTICA LTDA;02.433.631/0001-20;0243329253;20/02/2025;TODAS
GINKOBA;ZYDUS NIKKHO FARMACÊUTICA LTDA;05.254.971/0001-81;0808302256;17/06/2025;TODAS
cloridrato de propranolol;LABORATÓRIOS OSÓRIO DE MORAES LTDA;19.791.813/0001-75;0905790251;10/07/2025;TODAS
MASSAGEOL;BRAINFARMA INDÚSTRIA QUÍMICA E FARMACÊUTICA S.A;05.161.069/0001-10;0558290213;11/02/2021;TODAS
MESALAZINA;BRAINFARMA INDÚSTRIA QUÍMICA E FARMACÊUTICA S.A;05.161.069/0001-10;0976146240;17/07/2024;TODAS
ZEEL-ARTRO;HEEL DO BRASIL BIOMÉDICA LTDA;05.994.539/0001-27;1187422231;30/10/2023;TODAS
UTROGESTAN;Besins Healthcare Brasil Comercial e Distribuidora de Medicamentos Ltda;11.082.598/0003-93;0906640253;10/07/2025;TODAS
CILODEX;NOVARTIS BIOCIENCIAS S.A;56.994.502/0001-30;0603177255;05/05/2025;TODAS
DOCLAXIN;BLAU FARMACÊUTICA S.A.;58.430.828/0001-60;3943865201;10/11/2020;TODAS
TOPOTACX;ACCORD FARMACÊUTICA LTDA;64.171.697/0001-46;0870373216;05/03/2021;TODAS
BROMUC;BLAU FARMACÊUTICA S.A.;58.430.828/0001-60;1418029246;16/10/2024;TODAS
ZICLAGUE;INFAN INDUSTRIA QUIMICA FARMACEUTICA NACIONAL S/A;08.939.548/0001-03;2609732160;03/01/2023;TODAS
LUR GOTAS;ACHÉ LABORATÓRIOS FARMACÊUTICOS S.A;60.659.463/0029-92;0192316231;27/02/2023;TODAS
diclofenaco dietilamônio;CIMED INDUSTRIA S.A;02.814.497/0001-07;0228529255;18/02/2025;TODAS
TACROZ;GLENMARK FARMACÊUTICA LTDA;44.363.661/0001-57;5017143220;05/12/2022;TODAS
CILOXAN;NOVARTIS BIOCIENCIAS S.A;56.994.502/0001-30;0602439256;05/05/2025;TODAS
OXANON;BLAU FARMACÊUTICA S.A.;58.430.828/0001-60;1079797246;07/08/2024;TODAS
SONOVUE;Bracco Imaging do Brasil Importação e Distribuição de Medicamentos Ltda;10.742.412/0004-01;0844569259;27/06/2025;TODAS
ANIDULAFUNGINA;PFIZER BRASIL LTDA;61.072.393/0001-33;0884257240;28/06/2024;TODAS
CLORIDRATO DE DOBUTAMINA;LABORATÓRIO TEUTO BRASILEIRO S/A;17.159.229/0001-76;2724946219;13/07/2021;TODAS
ERGOMETRIN;UNIÃO QUÍMICA FARMACÊUTICA NACIONAL S/A;60.665.981/0001-18;0719961220;25/02/2022;TODAS
VÊNULA;BIOLAB SANUS FARMACÊUTICA LTDA;49.475.833/0001-06;1058218255;13/08/2025;TODAS
GANCICLOTRAT;UNIÃO QUÍMICA FARMACÊUTICA NACIONAL S/A;60.665.981/0001-18;0274930226;21/01/2022;TODAS
DRAMAVIT B6;BRAINFARMA INDÚSTRIA QUÍMICA E FARMACÊUTICA S.A;05.161.069/0001-10;0387281258;21/03/2025;TODAS
ACETATO DE CIPROTERONA+ETINILESTRADIOL;BRAINFARMA INDÚSTRIA QUÍMICA E FARMACÊUTICA S.A;05.161.069/0001-10;3581241218;10/09/2021;TODAS
JARDIANCE;BOEHRINGER INGELHEIM DO BRASIL QUÍMICA E FARMACÊUTICA LTDA.;60.831.658/0001-77;0194250253;11/02/2025;TODAS
Prebictal;ADIUM S.A.;55.980.684/0001-27;0553122240;26/04/2024;TODAS
STRIVERDI RESPIMAT;BOEHRINGER INGELHEIM DO BRASIL QUÍMICA E FARMACÊUTICA LTDA.;60.831.658/0001-77;0059618256;15/01/2025;TODAS
CLORIDRATO DE VANCOMICINA;BLAU FARMACÊUTICA S.A.;58.430.828/0001-60;0205226248;21/02/2024;TODAS
GLICONATO DE CALCIO;BLAU FARMACÊUTICA S.A.;58.430.828/0001-60;0484386190;30/05/2019;TODAS
CEFOXITINA SÓDICA;BLAU FARMACÊUTICA S.A.;58.430.828/0001-60;0476058171;24/03/2017;TODAS
meropeném;INSTITUTO BIOCHIMICO INDÚSTRIA FARMACÊUTICA LTDA;33.258.401/0001-03;0322265258;10/03/2025;TODAS
SENEFLORA;KLEY HERTZ FARMACEUTICA S.A;92.695.691/0001-03;0362538219;28/01/2021;TODAS
BIMAGAN;GEOLAB INDÚSTRIA FARMACÊUTICA S/A;03.485.572/0001-04;1197331247;30/08/2024;TODAS
TOBRADEX;NOVARTIS BIOCIENCIAS S.A;56.994.502/0001-30;1200054253;10/09/2025;TODAS
ALIVPRESS;CIMED INDUSTRIA S.A;02.814.497/0001-07;1968513191;12/08/2019;TODAS
LERGIDRIN;LABORATÓRIO GLOBO SA;17.115.437/0001-73;0793447259;12/06/2025;TODAS
CLIFEMIN;HERBARIUM LABORATORIO BOTANICO LTDA;78.950.011/0001-20;2871714215;23/07/2021;TODAS
TRAVOPROSTA;GEOLAB INDÚSTRIA FARMACÊUTICA S/A;03.485.572/0001-04;0776814231;26/07/2023;TODAS
bromidrato de citalopram;LABORATÓRIO TEUTO BRASILEIRO S/A;17.159.229/0001-76;0680489258;21/05/2025;TODAS
PEMTRYX;ACCORD FARMACÊUTICA LTDA;64.171.697/0001-46;0971946216;12/03/2021;TODAS
cloridrato de memantina;UNICHEM FARMACÊUTICA DO BRASIL LTDA;05.399.786/0001-85;0672406250;19/05/2025;TODAS
Benegrip Multi;COSMED INDUSTRIA DE COSMETICOS E MEDICAMENTOS S.A.;61.082.426/0002-07;0986450235;18/09/2023;TODAS
celecoxibe;EMS S/A;57.507.378/0003-65;0309796253;07/03/2025;TODAS
AZOPT;NOVARTIS BIOCIENCIAS S.A;56.994.502/0001-30;1638252246;29/11/2024;TODAS
DORIL ENXAQUECA;COSMED INDUSTRIA DE COSMETICOS E MEDICAMENTOS S.A.;61.082.426/0002-07;4654898221;06/09/2022;TODAS
AZORGA;NOVARTIS BIOCIENCIAS S.A;56.994.502/0001-30;0640491251;12/05/2025;TODAS
MARACUJÁ HERBARIUM;HERBARIUM LABORATORIO BOTANICO LTDA;78.950.011/0001-20;1187244252;08/09/2025;TODAS
GLIBENCLAMIDA;GEOLAB INDÚSTRIA FARMACÊUTICA S/A;03.485.572/0001-04;0362824258;18/03/2025;TODAS
MONTELUCASTE DE SODIO;LABORATÓRIO TEUTO BRASILEIRO S/A;17.159.229/0001-76;0221196251;17/02/2025;TODAS
NAPRIX D;LIBBS FARMACÊUTICA LTDA;61.230.314/0001-75;0665689250;16/05/2025;TODAS
Bortezomibe;ACCORD FARMACÊUTICA LTDA;64.171.697/0001-46;2468164211;25/06/2021;TODAS
bimatoprosta;GEOLAB INDÚSTRIA FARMACÊUTICA S/A;03.485.572/0001-04;0777935236;26/07/2023;TODAS
TOPERMA;GRÜNENTHAL DO BRASIL FARMACÊUTICA LTDA.;10.555.143/0001-13;0547670257;23/04/2025;TODAS
LOSARTANA POTÁSSICA;SANDOZ DO BRASIL INDÚSTRIA FARMACÊUTICA LTDA;61.286.647/0001-16;0578827255;29/04/2025;TODAS
TRULICITY;ELI LILLY DO BRASIL LTDA;43.940.618/0001-44;0814519253;18/06/2025;TODAS
CITRATO DE SILDENAFILA;GEOLAB INDÚSTRIA FARMACÊUTICA S/A;03.485.572/0001-04;1045862180;31/10/2018;TODAS
DORSANOL;MULTILAB INDUSTRIA E COMERCIO DE PRODUTOS FARMACEUTICOS LTDA;92.265.552/0009-05;1338907206;30/04/2020;TODAS
CITALOPRAM;ACHÉ LABORATÓRIOS FARMACÊUTICOS S.A;60.659.463/0029-92;1119635250;19/08/2025;TODAS
OXYCONTIN;MUNDIPHARMA BRASIL PRODUTOS MÉDICOS E FARMACÊUTICOS LTDA;15.127.898/0001-30;0963891235;12/09/2023;TODAS
atenolol;CIMED INDUSTRIA S.A;02.814.497/0001-07;0977500205;01/04/2020;TODAS
SURVANTA;ABBVIE FARMACÊUTICA LTDA.;15.800.545/0001-50;3978792203;12/11/2020;TODAS
CABERGOLINA;FUNDAÇÃO BAIANA DE PESQ. CIENTIFICA E DESENV. TECNOLOGICO, FORNECIMENTO E DISTRIBUIÇÃO DE MEDICAMENTOS-BAHIAFARMA;13.078.518/0001-90;0839526218;03/03/2021;TODAS
INSULIV R;EMS S/A;57.507.378/0003-65;1471059215;17/04/2021;TODAS
FLYARE;CIFARMA CIENTÍFICA FARMACÊUTICA LTDA;17.562.075/0001-69;0843926252;27/06/2025;TODAS
CARDOMARIN;NATULAB LABORATORIO S.A;02.456.955/0001-83;1516105249;04/11/2024;TODAS
SECNIDAZOL;BRASTERAPICA PHARMACEUTICA LTDA.;46.179.008/0001-68;0556917251;25/04/2025;TODAS
COGNITUS;HERBARIUM LABORATORIO BOTANICO LTDA;78.950.011/0001-20;0155228251;04/02/2025;TODAS
PROSTATAL;HERBARIUM LABORATORIO BOTANICO LTDA;78.950.011/0001-20;2878190211;23/07/2021;TODAS
COCICHIMIL;MULTILAB INDUSTRIA E COMERCIO DE PRODUTOS FARMACEUTICOS LTDA;92.265.552/0009-05;1593658249;21/11/2024;TODAS
SECTIL;BRASTERAPICA PHARMACEUTICA LTDA.;46.179.008/0001-68;0556922255;25/04/2025;TODAS
cloridrato de irinotecano;FRESENIUS KABI BRASIL LTDA;49.324.221/0001-04;1067472258;14/08/2025;TODAS
SPECTOFLUX;LABORATÓRIO GLOBO SA;17.115.437/0001-73;0825966256;23/06/2025;TODAS
KADCYLA;PRODUTOS ROCHE QUÍMICOS E FARMACÊUTICOS S.A.;33.009.945/0001-23;0824768256;23/06/2025;TODAS
TEUPANTOL;LABORATÓRIO TEUTO BRASILEIRO S/A;17.159.229/0001-76;1113608211;23/03/2021;TODAS
TIBOLONA;BRAINFARMA INDÚSTRIA QUÍMICA E FARMACÊUTICA S.A;05.161.069/0001-10;1730342248;18/12/2024;TODAS
ácido zoledrônico;SUN FARMACÊUTICA DO BRASIL LTDA;05.035.244/0001-23;0445388251;01/04/2025;TODAS
Remsima;CELLTRION HEALTHCARE DISTRIBUICAO DE PRODUTOS FARMACEUTICOS DOS BRASIL LTDA;05.452.889/0001-61;1020205253;08/08/2025;TODAS
SECDAZOL;VITAMEDIC INDUSTRIA FARMACEUTICA LTDA;30.222.814/0001-31;0349390258;14/03/2025;TODAS
PURINETHOL;ASPEN PHARMA INDÚSTRIA FARMACÊUTICA LTDA;02.433.631/0001-20;0355278251;17/03/2025;TODAS
DIPIRONA SÓDICA;BRAINFARMA INDÚSTRIA QUÍMICA E FARMACÊUTICA S.A;05.161.069/0001-10;0529567253;17/04/2025;TODAS
NEOCOFLAN;BRAINFARMA INDÚSTRIA QUÍMICA E FARMACÊUTICA S.A;05.161.069/0001-10;0928625249;08/07/2024;TODAS
HEMITARTARATO DE RIVASTIGMINA;INSTITUTO VITAL BRAZIL S/A;30.064.034/0001-00;1021325252;08/08/2025;TODAS
GABALLON;ZYDUS NIKKHO FARMACÊUTICA LTDA;05.254.971/0001-81;0768699258;06/06/2025;TODAS
NIKI;EMS SIGMA PHARMA LTDA;00.923.140/0001-31;0766428257;06/06/2025;TODAS
GASTROL;BRAINFARMA INDÚSTRIA QUÍMICA E FARMACÊUTICA S.A;05.161.069/0001-10;0549735232;30/05/2023;TODAS
Dorene;ACHÉ LABORATÓRIOS FARMACÊUTICOS S.A;60.659.463/0029-92;0303966246;12/03/2024;TODAS
SENARETI;BRAINFARMA INDÚSTRIA QUÍMICA E FARMACÊUTICA S.A;05.161.069/0001-10;2755526211;15/07/2021;TODAS
PARNATE;GLAXOSMITHKLINE BRASIL LTDA;33.247.743/0001-10;0793476259;12/06/2025;TODAS
MESILATO DE IMATINIBE;CRISTÁLIA PRODUTOS QUÍMICOS FARMACÊUTICOS LTDA.;44.734.671/0001-51;0601076257;05/05/2025;TODAS
INTHOS;FARMOQUÍMICA S/A;33.349.473/0001-58;1371800235;04/12/2023;TODAS
HISTAMIN;BRAINFARMA INDÚSTRIA QUÍMICA E FARMACÊUTICA S.A;05.161.069/0001-10;3448079219;01/09/2021;TODAS
SUMAXPRO;LIBBS FARMACÊUTICA LTDA;61.230.314/0001-75;1161307257;29/08/2025;TODAS
FLUTAMIDA;BLAU FARMACÊUTICA S.A.;58.430.828/0001-60;0211706248;22/02/2024;TODAS
GLIADEL;EISAI LABORATÓRIOS LTDA;08.416.362/0001-70;0701666212;22/02/2021;TODAS
DICLOFENACO RESINATO;CIMED INDUSTRIA S.A;02.814.497/0001-07;2667237226;03/05/2022;TODAS
CODYLEX;GEOLAB INDÚSTRIA FARMACÊUTICA S/A;03.485.572/0001-04;1143327182;04/12/2018;TODAS
LORSACOR;SANDOZ DO BRASIL INDÚSTRIA FARMACÊUTICA LTDA;61.286.647/0001-16;0509960251;14/04/2025;TODAS
cloridrato de fluoxetina;AUROBINDO PHARMA INDÚSTRIA FARMACÊUTICA LIMITADA;04.301.884/0001-75;4244297204;01/12/2020;TODAS
CIPIDE;ACHÉ LABORATÓRIOS FARMACÊUTICOS S.A;60.659.463/0029-92;1025598253;11/08/2025;TODAS
BACTRONEO;BRAINFARMA INDÚSTRIA QUÍMICA E FARMACÊUTICA S.A;05.161.069/0001-10;3963606202;11/11/2020;TODAS
FLEBOGAMMA;GRIFOLS BRASIL LTDA;02.513.899/0001-71;0192583255;11/02/2025;TODAS
FORTEVIT;AIRELA INDÚSTRIA FARMACÊUTICA LTDA.;01.858.973/0001-29;3867813206;04/11/2020;TODAS
VAST;EUROFARMA LABORATÓRIOS S.A.;61.190.096/0001-92;0712680250;27/05/2025;TODAS
ARISTAB;ACHÉ LABORATÓRIOS FARMACÊUTICOS S.A;60.659.463/0029-92;0073031241;19/01/2024;TODAS
MYRBETRIC;ASTELLAS FARMA BRASIL IMPORTAÇÃO E DISTRIBUIÇÃO DE MEDICAMENTOS LTDA.;07.768.134/0001-04;1639778241;29/11/2024;TODAS
BENECTRIN;LEGRAND PHARMA INDÚSTRIA FARMACÊUTICA LTDA;05.044.984/0001-26;1054223246;01/08/2024;TODAS
amoxicilina + clavulanato de potássio;SANDOZ DO BRASIL INDÚSTRIA FARMACÊUTICA LTDA;61.286.647/0001-16;0187966249;19/02/2024;TODAS
PROGRAF;ASTELLAS FARMA BRASIL IMPORTAÇÃO E DISTRIBUIÇÃO DE MEDICAMENTOS LTDA.;07.768.134/0001-04;0943824257;21/07/2025;TODAS
DIGEDRAT;COSMED INDUSTRIA DE COSMETICOS E MEDICAMENTOS S.A.;61.082.426/0002-07;1595429213;26/04/2021;TODAS
SUMAX;LIBBS FARMACÊUTICA LTDA;61.230.314/0001-75;1161158251;29/08/2025;TODAS
LEFLUNOMIDA;CRISTÁLIA PRODUTOS QUÍMICOS FARMACÊUTICOS LTDA.;44.734.671/0001-51;1656911248;04/12/2024;TODAS
FINALOP;LIBBS FARMACÊUTICA LTDA;61.230.314/0001-75;0966606256;24/07/2025;TODAS
SEEBRI;NOVARTIS BIOCIENCIAS S.A;56.994.502/0001-30;0725317256;28/05/2025;TODAS
LEFLUNOMIDA;EMS S/A;57.507.378/0003-65;1363523228;24/03/2022;TODAS
levofloxacino;CIMED INDUSTRIA S.A;02.814.497/0001-07;0808738259;17/06/2025;TODAS
GLIBENCLAMIDA;BRAINFARMA INDÚSTRIA QUÍMICA E FARMACÊUTICA S.A;05.161.069/0001-10;2285678223;12/04/2022;TODAS
ORALSEPT;LABORATÓRIO FARMACÊUTICO ELOFAR LTDA;83.874.628/0001-43;1511848217;20/04/2021;TODAS
diclofenaco sódico;BRAINFARMA INDÚSTRIA QUÍMICA E FARMACÊUTICA S.A;05.161.069/0001-10;5107220223;29/12/2022;TODAS
GABAPENTINA;PRATI DONADUZZI & CIA LTDA;73.856.593/0001-66;1042936251;12/08/2025;TODAS
olanzapina;EUROFARMA LABORATÓRIOS S.A.;61.190.096/0001-92;0128840242;01/02/2024;TODAS
HECLIVIR;BRAINFARMA INDÚSTRIA QUÍMICA E FARMACÊUTICA S.A;05.161.069/0001-10;0557393199;25/06/2019;TODAS
dicloridrato de pramipexol;FUNDAÇÃO OSWALDO CRUZ;33.781.055/0001-35;0271868252;26/02/2025;TODAS
OMNISCAN;GE HEALTHCARE DO BRASIL COMÉRCIO E SERVIÇOS PARA EQUIPAMENTOS MEDICO-HOSPITALARES LTDA;00.029.372/0001-40;0759464243;06/06/2024;TODAS
mirtazapina;LABORATÓRIO GLOBO SA;17.115.437/0001-73;1101740230;16/10/2023;TODAS
VACINA POLIOMIELITE 1, 2 E 3 (INATIVADA);FUNDAÇÃO OSWALDO CRUZ;33.781.055/0001-35;1017684251;07/08/2025;TODAS
RELVAR ELLIPTA;GLAXOSMITHKLINE BRASIL LTDA;33.247.743/0001-10;0611144255;06/05/2025;TODAS
CEFALOTINA SÓDICA;BLAU FARMACÊUTICA S.A.;58.430.828/0001-60;3189643190;19/11/2019;TODAS
ETINILESTRADIOL+DESOGESTREL;SANDOZ DO BRASIL INDÚSTRIA FARMACÊUTICA LTDA;61.286.647/0001-16;2716095221;12/05/2022;TODAS
ÉSIO;EUROFARMA LABORATÓRIOS S.A.;61.190.096/0001-92;2046506218;27/05/2021;TODAS
DUPLIVIR;BLANVER FARMOQUIMICA E FARMACEUTICA S.A.;53.359.824/0001-19;3816021212;27/09/2021;TODAS
EUCAPROL;APIS FLORA INDUSTRIAL E COMERCIAL LTDA;49.345.358/0001-45;4288215226;13/06/2022;TODAS
TELMISARTANA;EMS S/A;57.507.378/0003-65;0383214238;17/04/2023;TODAS
RINGER COM LACTATO;HALEX ISTAR INDÚSTRIA FARMACÊUTICA SA;01.571.702/0001-98;2493014208;29/07/2020;TODAS
VALERIANE;ZYDUS NIKKHO FARMACÊUTICA LTDA;05.254.971/0001-81;0615277250;07/05/2025;TODAS
TELMISARTANA;RANBAXY FARMACÊUTICA LTDA;73.663.650/0001-90;0129818216;11/01/2021;TODAS
DOBU;LABORATÓRIO TEUTO BRASILEIRO S/A;17.159.229/0001-76;2725060214;13/07/2021;TODAS
LATANOPROSTA + MALEATO DE TIMOLOL;GEOLAB INDÚSTRIA FARMACÊUTICA S/A;03.485.572/0001-04;0665022255;16/05/2025;TODAS
cloridrato de loperamida;SANDOZ DO BRASIL INDÚSTRIA FARMACÊUTICA LTDA;61.286.647/0001-16;0732143250;29/05/2025;TODAS
MEMORALL;LABORATÓRIO TEUTO BRASILEIRO S/A;17.159.229/0001-76;1187795224;18/03/2022;TODAS
ARICILINA;BLAU FARMACÊUTICA S.A.;58.430.828/0001-60;4698516226;15/09/2022;TODAS
ATRED;LIBBS FARMACÊUTICA LTDA;61.230.314/0001-75;0857086251;30/06/2025;TODAS
maleato de bronfeniramina + cloridrato de fenilefrina;BRAINFARMA INDÚSTRIA QUÍMICA E FARMACÊUTICA S.A;05.161.069/0001-10;0550566252;24/04/2025;TODAS
ARPYNFLAN;NATULAB LABORATORIO S.A;02.456.955/0001-83;4246398225;02/06/2022;TODAS
LANSOPRAZOL;LEGRAND PHARMA INDÚSTRIA FARMACÊUTICA LTDA;05.044.984/0001-26;1183656254;05/09/2025;TODAS
fosfato sódico de prednisolona;HIPOLABOR FARMACEUTICA LTDA;19.570.720/0001-10;4685101227;13/09/2022;TODAS
NILPERIDOL;CRISTÁLIA PRODUTOS QUÍMICOS FARMACÊUTICOS LTDA.;44.734.671/0001-51;2535181215;30/06/2021;TODAS
esomeprazol magnésico;RANBAXY FARMACÊUTICA LTDA;73.663.650/0001-90;1173592253;03/09/2025;TODAS
BRONCATAR;CAZI QUIMICA FARMACEUTICA INDUSTRIA E COMERCIO LTDA;44.010.437/0001-81;3898345201;06/11/2020;TODAS
SANILIN;KLEY HERTZ FARMACEUTICA S.A;92.695.691/0001-03;4345840210;03/11/2021;TODAS
CLAROFT;NOVARTIS BIOCIENCIAS S.A;56.994.502/0001-30;0074822233;24/01/2023;TODAS
ERIVEDGE;PRODUTOS ROCHE QUÍMICOS E FARMACÊUTICOS S.A.;33.009.945/0001-23;0761212256;05/06/2025;TODAS
SULFATO DE ATAZANAVIR;FUNDAÇÃO OSWALDO CRUZ;33.781.055/0001-35;0934880255;18/07/2025;TODAS
ANESFENT;LABORATÓRIO TEUTO BRASILEIRO S/A;17.159.229/0001-76;4344889215;03/11/2021;TODAS
ALFAESTRADIOL;LABORATÓRIO QUÍMICO FARMACÊUTICO BERGAMO LTDA;61.282.661/0001-41;2999379202;04/09/2020;TODAS
METRONIDAZOL;JP INDUSTRIA FARMACEUTICA S/A;55.972.087/0001-50;0801412251;16/06/2025;TODAS
SOFTALM;COSMED INDUSTRIA DE COSMETICOS E MEDICAMENTOS S.A.;61.082.426/0002-07;1995441207;23/06/2020;TODAS
SULFATO DE EFEDRINA;HIPOLABOR FARMACEUTICA LTDA;19.570.720/0001-10;1200974239;01/11/2023;TODAS
RENOPRIL;BELFAR LTDA;18.324.343/0001-77;0969812256;25/07/2025;TODAS
hemitartarato de zolpidem;BRAINFARMA INDÚSTRIA QUÍMICA E FARMACÊUTICA S.A;05.161.069/0001-10;1041057253;12/08/2025;TODAS
OTOCIRIAX;FARMOQUÍMICA S/A;33.349.473/0001-58;1349328243;01/10/2024;TODAS
MOFILEN;INSTITUTO BIOCHIMICO INDÚSTRIA FARMACÊUTICA LTDA;33.258.401/0001-03;0866239251;02/07/2025;TODAS
DESOGESTREL;SANDOZ DO BRASIL INDÚSTRIA FARMACÊUTICA LTDA;61.286.647/0001-16;2713908221;12/05/2022;TODAS
BLUMEL HEDERA;BRAINFARMA INDÚSTRIA QUÍMICA E FARMACÊUTICA S.A;05.161.069/0001-10;0396596258;24/03/2025;TODAS
ZOLPROX;LABORATÓRIO GLOBO SA;17.115.437/0001-73;0826414257;23/06/2025;TODAS
VALESSONE;NATULAB LABORATORIO S.A;02.456.955/0001-83;1173726233;26/10/2023;TODAS
FAZOLON;BLAU FARMACÊUTICA S.A.;58.430.828/0001-60;1257141236;14/11/2023;TODAS
CLORIDRATO DE CIPROFLOXACINO;BRASTERAPICA PHARMACEUTICA LTDA.;46.179.008/0001-68;0064771237;20/01/2023;TODAS
CLORIDRATO DE GENCITABINA;BLAU FARMACÊUTICA S.A.;58.430.828/0001-60;0867913258;02/07/2025;TODAS
FOSFATO DISSODICO DE DEXAMETASONA;LABORATÓRIO TEUTO BRASILEIRO S/A;17.159.229/0001-76;0963327241;15/07/2024;TODAS
CLORIDRATO DE HIDROXIZINA;MEDQUIMICA INDUSTRIA FARMACEUTICA LTDA.;17.875.154/0001-20;0232520224;18/01/2022;TODAS
LUGANO;EUROFARMA LABORATÓRIOS S.A.;61.190.096/0001-92;4251138210;27/10/2021;TODAS
sulfato de neomicina + bacitracina zíncica;BRAINFARMA INDÚSTRIA QUÍMICA E FARMACÊUTICA S.A;05.161.069/0001-10;0063978253;16/01/2025;TODAS
EFRINALIN;BLAU FARMACÊUTICA S.A.;58.430.828/0001-60;1150692251;27/08/2025;TODAS
AMIXAL;LABORATORIOS B. BRAUN S/A;31.673.254/0001-02;0116602244;30/01/2024;TODAS
LOXAM;BRAINFARMA INDÚSTRIA QUÍMICA E FARMACÊUTICA S.A;05.161.069/0001-10;1175133256;03/09/2025;TODAS
NOVALGINA;OPELLA HEALTHCARE BRAZIL LTDA;38.391.432/0001-43;0073370258;17/01/2025;TODAS
hemitartarato de zolpidem;EMS S/A;57.507.378/0003-65;0032810253;09/01/2025;TODAS
cloridrato de hidroxizina;BRAINFARMA INDÚSTRIA QUÍMICA E FARMACÊUTICA S.A;05.161.069/0001-10;1064635213;19/03/2021;TODAS
SULFAMETOXAZOL + TRIMETOPRIMA;EMS S/A;57.507.378/0003-65;1054407240;01/08/2024;TODAS
NEOTAREN;BRAINFARMA INDÚSTRIA QUÍMICA E FARMACÊUTICA S.A;05.161.069/0001-10;0274292254;26/02/2025;TODAS
FURP-DONEPEZILA;FUNDAÇÃO PARA O REMÉDIO POPULAR - FURP;43.640.754/0001-19;1037879211;17/03/2021;TODAS
CLORIDRATO DE DONEPEZILA;CRISTÁLIA PRODUTOS QUÍMICOS FARMACÊUTICOS LTDA.;44.734.671/0001-51;0573261237;05/06/2023;TODAS
DRENATAN;GERMED FARMACEUTICA LTDA;45.992.062/0001-65;0600218252;05/05/2025;TODAS
NEOPIRIDIN;BRAINFARMA INDÚSTRIA QUÍMICA E FARMACÊUTICA S.A;05.161.069/0001-10;1289821241;19/09/2024;TODAS
maleato de dexclorfeniramina + sulfato de pseudoefedrina + guaifenesina;EMS S/A;57.507.378/0003-65;1152882252;28/08/2025;TODAS
FORTEO;ELI LILLY DO BRASIL LTDA;43.940.618/0001-44;0788537253;11/06/2025;TODAS
HEBLAX;INFAN INDUSTRIA QUIMICA FARMACEUTICA NACIONAL S/A;08.939.548/0001-03;2594927166;03/01/2023;TODAS
MOTORE;ACHÉ LABORATÓRIOS FARMACÊUTICOS S.A;60.659.463/0029-92;1176947249;27/08/2024;TODAS
PERMEAR;MARJAN INDÚSTRIA E COMÉRCIO LTDA;60.726.692/0001-81;4601700221;24/08/2022;TODAS
FURP - SULFADIAZINA;FUNDAÇÃO PARA O REMÉDIO POPULAR - FURP;43.640.754/0001-19;1152120247;22/08/2024;TODAS
NEOPRAZOL;BRAINFARMA INDÚSTRIA QUÍMICA E FARMACÊUTICA S.A;05.161.069/0001-10;1289965242;19/09/2024;TODAS
CLONAZEPAM (PORT. 344/98 – LISTA B1);PRATI DONADUZZI & CIA LTDA;73.856.593/0001-66;4609728207;28/12/2020;TODAS
MICLOX;MULTILAB INDUSTRIA E COMERCIO DE PRODUTOS FARMACEUTICOS LTDA;92.265.552/0009-05;0359652247;22/03/2024;TODAS
DICLORIDRATO DE PRAMIPEXOL;EMS S/A;57.507.378/0003-65;1013302249;24/07/2024;TODAS
ACEBROFILINA;BRAINFARMA INDÚSTRIA QUÍMICA E FARMACÊUTICA S.A;05.161.069/0001-10;0793024251;12/06/2025;TODAS
oxalato de escitalopram;SANDOZ DO BRASIL INDÚSTRIA FARMACÊUTICA LTDA;61.286.647/0001-16;0543166236;29/05/2023;TODAS
PERJETA HER;PRODUTOS ROCHE QUÍMICOS E FARMACÊUTICOS S.A.;33.009.945/0001-23;0532139241;23/04/2024;TODAS
MULTILER;LABORATÓRIO TEUTO BRASILEIRO S/A;17.159.229/0001-76;0968757227;09/03/2022;TODAS
REMICADE;JANSSEN-CILAG FARMACÊUTICA LTDA;51.780.468/0001-87;0792507258;12/06/2025;TODAS
DICLOFENACO SÓDICO;HALEX ISTAR INDÚSTRIA FARMACÊUTICA SA;01.571.702/0001-98;2202350190;18/09/2019;TODAS
RABEPRAZOL SODICO;SANDOZ DO BRASIL INDÚSTRIA FARMACÊUTICA LTDA;61.286.647/0001-16;1255299212;01/04/2021;TODAS
ÁCIDO ASCÓRBICO HYPOFARMA;HYPOFARMA - INSTITUTO DE HYPODERMIA E FARMÁCIA LTDA;17.174.657/0001-78;0869537217;05/03/2021;TODAS
ALCACHOFRA MULTILAB;MULTILAB INDUSTRIA E COMERCIO DE PRODUTOS FARMACEUTICOS LTDA;92.265.552/0009-05;0325008193;11/04/2019;TODAS
TRESIBA;NOVO NORDISK FARMACÊUTICA DO BRASIL LTDA;82.277.955/0001-55;0547070250;23/04/2025;TODAS
ELIGARD;ADIUM S.A.;55.980.684/0001-27;0420439251;27/03/2025;TODAS
XALANOFT;GEOLAB INDÚSTRIA FARMACÊUTICA S/A;03.485.572/0001-04;0662430255;16/05/2025;TODAS
SOFTDERM;LABORATÓRIO FARMACÊUTICO ELOFAR LTDA;83.874.628/0001-43;2361533219;18/06/2021;TODAS
ADCETRIS;TAKEDA PHARMA LTDA.;60.397.775/0001-74;1318145244;25/09/2024;TODAS
XALOFTAL;GEOLAB INDÚSTRIA FARMACÊUTICA S/A;03.485.572/0001-04;0679304258;20/05/2025;TODAS
ANCORON;LIBBS FARMACÊUTICA LTDA;61.230.314/0001-75;0260695254;24/02/2025;TODAS
PATZ SL;EMS SIGMA PHARMA LTDA;00.923.140/0001-31;0052724255;14/01/2025;TODAS
FLOSSOTEC;UNIÃO QUÍMICA FARMACÊUTICA NACIONAL S/A;60.665.981/0001-18;0773430211;26/02/2021;TODAS
CREON;ABBOTT LABORATÓRIOS DO BRASIL LTDA;56.998.701/0001-16;0368323251;19/03/2025;TODAS
BENEGRIP;COSMED INDUSTRIA DE COSMETICOS E MEDICAMENTOS S.A.;61.082.426/0002-07;0531309258;17/04/2025;TODAS
FLOXAMOX;MULTILAB INDUSTRIA E COMERCIO DE PRODUTOS FARMACEUTICOS LTDA;92.265.552/0009-05;2105596173;11/10/2017;TODAS
TACROLIMO;LAB INDL FTCO ALAGOAS SA - LIFAL;12.343.158/0001-43;0981799149;31/10/2014;TODAS
ZIDER;LIBBS FARMACÊUTICA LTDA;61.230.314/0001-75;1368442242;04/10/2024;TODAS
CLORIDRATO DE TANSULOSINA;GEOLAB INDÚSTRIA FARMACÊUTICA S/A;03.485.572/0001-04;1159320250;29/08/2025;TODAS
TOPIRAMATO;ZYDUS NIKKHO FARMACÊUTICA LTDA;05.254.971/0001-81;0329940252;11/03/2025;TODAS
NISOFLAN;GEOLAB INDÚSTRIA FARMACÊUTICA S/A;03.485.572/0001-04;4931986226;11/11/2022;TODAS
DEXTAMINE;CIFARMA CIENTÍFICA FARMACÊUTICA LTDA;17.562.075/0001-69;0661694259;16/05/2025;TODAS
BERIPLEX P/N;CSL BEHRING COMÉRCIO DE PRODUTOS FARMACÊUTICOS LTDA;62.969.589/0001-98;4177386201;26/11/2020;TODAS
FEMOSTON;ABBOTT LABORATÓRIOS DO BRASIL LTDA;56.998.701/0001-16;0235571253;19/02/2025;TODAS
ORLISTATE;EMS S/A;57.507.378/0003-65;1011185253;06/08/2025;TODAS
diclofenaco sódico;GERMED FARMACEUTICA LTDA;45.992.062/0001-65;0579186253;29/04/2025;TODAS
PREDNISOLONA;EMS S/A;57.507.378/0003-65;0662061250;16/05/2025;TODAS
DUPHASTON;ABBOTT LABORATÓRIOS DO BRASIL LTDA;56.998.701/0001-16;0779101251;10/06/2025;TODAS
BETASERC;ABBOTT LABORATÓRIOS DO BRASIL LTDA;56.998.701/0001-16;0655192255;15/05/2025;TODAS
ARASID;ACCORD FARMACÊUTICA LTDA;64.171.697/0001-46;5076533225;21/12/2022;TODAS
XAROPE VICK;PROCTER & GAMBLE DO BRASIL LTDA.;59.476.770/0001-58;4859061225;24/10/2022;TODAS
CARBOCISTEÍNA;CIMED INDUSTRIA S.A;02.814.497/0001-07;1081155189;13/11/2018;TODAS
BALSAMO BENGUE;EMS S/A;57.507.378/0003-65;0971478252;25/07/2025;TODAS
VIBRAL;ABBOTT LABORATÓRIOS DO BRASIL LTDA;56.998.701/0001-16;4347420218;03/11/2021;TODAS
AMPICILINA SÓDICA + SULBACTAM SÓDICO;VIATRIS FARMACEUTICA DO BRASIL LTDA;11.643.096/0001-22;0147898251;03/02/2025;TODAS
COBAVITAL;ABBOTT LABORATÓRIOS DO BRASIL LTDA;56.998.701/0001-16;1339850249;30/09/2024;TODAS
CETROTIDE;MERCK S/A;33.069.212/0001-84;1951165215;20/05/2021;TODAS
TEMODAL;MERCK SHARP & DOHME FARMACEUTICA LTDA.;03.560.974/0001-18;0781227241;11/06/2024;TODAS
IBUVIX;GEOLAB INDÚSTRIA FARMACÊUTICA S/A;03.485.572/0001-04;1564844242;13/11/2024;TODAS
TASULIL;GEOLAB INDÚSTRIA FARMACÊUTICA S/A;03.485.572/0001-04;0051838231;17/01/2023;TODAS
piperacilina sódica + tazobactam sódico;VIATRIS FARMACEUTICA DO BRASIL LTDA;11.643.096/0001-22;1084032244;08/08/2024;TODAS
RUBROMICIN;PRATI DONADUZZI & CIA LTDA;73.856.593/0001-66;1409658217;13/04/2021;TODAS
NOXAFIL;MERCK SHARP & DOHME FARMACEUTICA LTDA.;03.560.974/0001-18;0360694250;18/03/2025;TODAS
GAMA ANTI-HEPATITE B GRIFOLS;GRIFOLS BRASIL LTDA;02.513.899/0001-71;0192621254;11/02/2025;TODAS
COMBODART;GLAXOSMITHKLINE BRASIL LTDA;33.247.743/0001-10;0935048251;18/07/2025;TODAS
TOPIRAMATO;LABORATÓRIO TEUTO BRASILEIRO S/A;17.159.229/0001-76;1503151247;31/10/2024;TODAS
DERMOTIL FUSID;GLENMARK FARMACÊUTICA LTDA;44.363.661/0001-57;1624515240;27/11/2024;TODAS
L-ENEMA;NATULAB LABORATORIO S.A;02.456.955/0001-83;1027183150;25/11/2015;TODAS
FUMARATO DE TENOFOVIR DESOPROXILA;LABORATORIO FARMACEUTICO DO ESTADO DE PERNAMBUCO GOVERNADOR MIGUEL ARRAES S/A - LAFEPE;10.877.926/0001-13;0911663258;11/07/2025;TODAS
HIRUDOID;DAIICHI SANKYO BRASIL FARMACÊUTICA LTDA;60.874.187/0001-84;0747915245;04/06/2024;TODAS
ALLEXOFEDRIN D;EMS S/A;57.507.378/0003-65;1117686256;19/08/2025;TODAS
SECNIHEXAL;SANDOZ DO BRASIL INDÚSTRIA FARMACÊUTICA LTDA;61.286.647/0001-16;2809907218;19/07/2021;TODAS
LEVOTAC;CRISTÁLIA PRODUTOS QUÍMICOS FARMACÊUTICOS LTDA.;44.734.671/0001-51;0361744251;18/03/2025;TODAS
SOMALGIN CARDIO;EMS SIGMA PHARMA LTDA;00.923.140/0001-31;2732478229;17/05/2022;TODAS
Eylia;BAYER S.A.;18.459.628/0001-15;0907956254;11/07/2025;TODAS
TACROLIMO;FUNDAÇÃO OSWALDO CRUZ;33.781.055/0001-35;0909259241;03/07/2024;TODAS
ZYTIGA;JANSSEN-CILAG FARMACÊUTICA LTDA;51.780.468/0001-87;1211641244;03/09/2024;TODAS
PRIMOVIST;BAYER S.A.;18.459.628/0001-15;1304364241;23/09/2024;TODAS
SUSTRATE;FARMOQUÍMICA S/A;33.349.473/0001-58;0840200251;26/06/2025;TODAS
POLAREN;CIFARMA CIENTÍFICA FARMACÊUTICA LTDA;17.562.075/0001-69;0922126241;05/07/2024;TODAS
HEDRA EXPEC;LEGRAND PHARMA INDÚSTRIA FARMACÊUTICA LTDA;05.044.984/0001-26;0200816250;12/02/2025;TODAS
ALLURENE;BAYER S.A.;18.459.628/0001-15;3431895212;31/08/2021;TODAS
ENANTATO DE NORETISTERONA + VALERATO DE ESTRADIOL;EUROFARMA LABORATÓRIOS S.A.;61.190.096/0001-92;0162994231;16/02/2023;TODAS
ALENTHUS XR;SANOFI MEDLEY FARMACÊUTICA LTDA.;10.588.595/0010-92;1219040240;04/09/2024;TODAS
SELOZOK FIX;ASTRAZENECA DO BRASIL LTDA;60.318.797/0001-00;1181559251;05/09/2025;TODAS
TENOXIL;MEDQUIMICA INDUSTRIA FARMACEUTICA LTDA.;17.875.154/0001-20;0679350250;20/05/2025;TODAS
LASTACAFT;ALLERGAN PRODUTOS FARMACÊUTICOS LTDA;43.426.626/0001-77;0564493236;02/06/2023;TODAS
BERIATE P;CSL BEHRING COMÉRCIO DE PRODUTOS FARMACÊUTICOS LTDA;62.969.589/0001-98;0525874232;24/05/2023;TODAS
cloridrato de ambroxol;CIMED INDUSTRIA S.A;02.814.497/0001-07;1137454253;25/08/2025;TODAS
Avonex;BIOGEN BRASIL PRODUTOS FARMACÊUTICOS LTDA;07.986.222/0001-74;0787326259;11/06/2025;TODAS
XAROPE DE GUACO NATULAB;NATULAB LABORATORIO S.A;02.456.955/0001-83;1368331246;04/10/2024;TODAS
CLORIDRATO DE TETRACICLINA;LABORATÓRIO TEUTO BRASILEIRO S/A;17.159.229/0001-76;0106337254;24/01/2025;TODAS
Ibuprofeno;GEOLAB INDÚSTRIA FARMACÊUTICA S/A;03.485.572/0001-04;0324749180;25/04/2018;TODAS
ZELBORAF;PRODUTOS ROCHE QUÍMICOS E FARMACÊUTICOS S.A.;33.009.945/0001-23;0809907259;17/06/2025;TODAS
Ácido Fusídico;BRAINFARMA INDÚSTRIA QUÍMICA E FARMACÊUTICA S.A;05.161.069/0001-10;0522522181;29/06/2018;TODAS
IVERNEO;BRAINFARMA INDÚSTRIA QUÍMICA E FARMACÊUTICA S.A;05.161.069/0001-10;0657455237;27/06/2023;TODAS
Cloridrato de Tramadol;BRAINFARMA INDÚSTRIA QUÍMICA E FARMACÊUTICA S.A;05.161.069/0001-10;0011854251;06/01/2025;TODAS
BABYNEO;BRAINFARMA INDÚSTRIA QUÍMICA E FARMACÊUTICA S.A;05.161.069/0001-10;3652529219;15/09/2021;TODAS
ALPHANINE;GRIFOLS BRASIL LTDA;02.513.899/0001-71;0193106256;11/02/2025;TODAS
OMNIPAQUE;GE HEALTHCARE DO BRASIL COMÉRCIO E SERVIÇOS PARA EQUIPAMENTOS MEDICO-HOSPITALARES LTDA;00.029.372/0001-40;0334067251;12/03/2025;TODAS
Dermovagin;LABORATÓRIO TEUTO BRASILEIRO S/A;17.159.229/0001-76;0780264131;16/09/2013;TODAS
tenoxicam;BRAINFARMA INDÚSTRIA QUÍMICA E FARMACÊUTICA S.A;05.161.069/0001-10;0774565250;09/06/2025;TODAS
NIMESULIDA;BRAINFARMA INDÚSTRIA QUÍMICA E FARMACÊUTICA S.A;05.161.069/0001-10;1380979234;05/12/2023;TODAS
INSONOX;LABORATÓRIO TEUTO BRASILEIRO S/A;17.159.229/0001-76;0149719248;07/02/2024;TODAS
diazepam;BRAINFARMA INDÚSTRIA QUÍMICA E FARMACÊUTICA S.A;05.161.069/0001-10;0043282237;16/01/2023;TODAS
cloridrato de ciprofloxacino;LABORATÓRIO TEUTO BRASILEIRO S/A;17.159.229/0001-76;0027705234;11/01/2023;TODAS
CIPROFLOXACINO;BRAINFARMA INDÚSTRIA QUÍMICA E FARMACÊUTICA S.A;05.161.069/0001-10;0377852252;20/03/2025;TODAS
LEVONORGESTREL;BRAINFARMA INDÚSTRIA QUÍMICA E FARMACÊUTICA S.A;05.161.069/0001-10;1169539254;02/09/2025;TODAS
RISPERIDONA;ACCORD FARMACÊUTICA LTDA;64.171.697/0001-46;0612995259;07/05/2025;TODAS
piroxicam;BRAINFARMA INDÚSTRIA QUÍMICA E FARMACÊUTICA S.A;05.161.069/0001-10;4298263223;15/06/2022;TODAS
DUSPATALIN;ABBOTT LABORATÓRIOS DO BRASIL LTDA;56.998.701/0001-16;0244523258;20/02/2025;TODAS
RESFRILIV;GEOLAB INDÚSTRIA FARMACÊUTICA S/A;03.485.572/0001-04;0835236251;25/06/2025;TODAS
PRESSAT;BIOLAB SANUS FARMACÊUTICA LTDA;49.475.833/0001-06;1435455240;18/10/2024;TODAS
HAEMATE P;CSL BEHRING COMÉRCIO DE PRODUTOS FARMACÊUTICOS LTDA;62.969.589/0001-98;1175390259;03/09/2025;TODAS
HALOPERIDOL;PRATI DONADUZZI & CIA LTDA;73.856.593/0001-66;0648235150;23/07/2015;TODAS
EFFIENT;DAIICHI SANKYO BRASIL FARMACÊUTICA LTDA;60.874.187/0001-84;0538952253;22/04/2025;TODAS
NEODIA;BRAINFARMA INDÚSTRIA QUÍMICA E FARMACÊUTICA S.A;05.161.069/0001-10;1169625258;02/09/2025;TODAS
RENALAPRIL;BRAINFARMA INDÚSTRIA QUÍMICA E FARMACÊUTICA S.A;05.161.069/0001-10;0417575238;26/04/2023;TODAS
GAMMAR;ZYDUS NIKKHO FARMACÊUTICA LTDA;05.254.971/0001-81;4431425225;15/07/2022;TODAS
Naproxeno sódico;BRAINFARMA INDÚSTRIA QUÍMICA E FARMACÊUTICA S.A;05.161.069/0001-10;1351593242;02/10/2024;TODAS
TILUGEN;BRAINFARMA INDÚSTRIA QUÍMICA E FARMACÊUTICA S.A;05.161.069/0001-10;1343264218;08/04/2021;TODAS
VALERATO DE BETAMETASONA;BRAINFARMA INDÚSTRIA QUÍMICA E FARMACÊUTICA S.A;05.161.069/0001-10;0306504251;06/03/2025;TODAS
KABIVEN;FRESENIUS KABI BRASIL LTDA;49.324.221/0001-04;1558258212;23/04/2021;TODAS
TOBRAMICINA;BRAINFARMA INDÚSTRIA QUÍMICA E FARMACÊUTICA S.A;05.161.069/0001-10;1074343255;14/08/2025;TODAS
VALPROATO DE SODIO;PRATI DONADUZZI & CIA LTDA;73.856.593/0001-66;0228722250;18/02/2025;TODAS
NEOSORO;BRAINFARMA INDÚSTRIA QUÍMICA E FARMACÊUTICA S.A;05.161.069/0001-10;0494447257;10/04/2025;TODAS
MALEATO DE DEXCLORFENIRAMINA;BRAINFARMA INDÚSTRIA QUÍMICA E FARMACÊUTICA S.A;05.161.069/0001-10;0347855253;14/03/2025;TODAS
NEOPANTOL;BRAINFARMA INDÚSTRIA QUÍMICA E FARMACÊUTICA S.A;05.161.069/0001-10;2161245175;31/10/2017;TODAS
DEXILANT;TAKEDA PHARMA LTDA.;60.397.775/0001-74;0824370252;23/06/2025;TODAS
captopril;BRAINFARMA INDÚSTRIA QUÍMICA E FARMACÊUTICA S.A;05.161.069/0001-10;3366662212;26/08/2021;TODAS
tioconazol + tinidazol;BRAINFARMA INDÚSTRIA QUÍMICA E FARMACÊUTICA S.A;05.161.069/0001-10;0543249239;29/05/2023;TODAS
VITAMINA B1 NEO QUÍMICA;BRAINFARMA INDÚSTRIA QUÍMICA E FARMACÊUTICA S.A;05.161.069/0001-10;0908141211;08/03/2021;TODAS
CARBAMAZEPINA;BRAINFARMA INDÚSTRIA QUÍMICA E FARMACÊUTICA S.A;05.161.069/0001-10;0075019181;30/01/2018;TODAS
Maleato de dexclorfeniramina + Betametasona;BRAINFARMA INDÚSTRIA QUÍMICA E FARMACÊUTICA S.A;05.161.069/0001-10;1362127221;24/03/2022;TODAS
nistatina + óxido de zinco;BRAINFARMA INDÚSTRIA QUÍMICA E FARMACÊUTICA S.A;05.161.069/0001-10;0019513232;09/01/2023;TODAS
DERMODEX;TAKEDA PHARMA LTDA.;60.397.775/0001-74;0243861222;19/01/2022;TODAS
BESILATO DE ANLODIPINO;BRAINFARMA INDÚSTRIA QUÍMICA E FARMACÊUTICA S.A;05.161.069/0001-10;1477835245;28/10/2024;TODAS
NIMESULIDA;BRAINFARMA INDÚSTRIA QUÍMICA E FARMACÊUTICA S.A;05.161.069/0001-10;0479020230;11/05/2023;TODAS
meloxicam;BRAINFARMA INDÚSTRIA QUÍMICA E FARMACÊUTICA S.A;05.161.069/0001-10;0975041240;17/07/2024;TODAS
NISUFAR;LABORATÓRIO FARMACÊUTICO ELOFAR LTDA;83.874.628/0001-43;0025775235;10/01/2023;TODAS
cefalexina;BRAINFARMA INDÚSTRIA QUÍMICA E FARMACÊUTICA S.A;05.161.069/0001-10;0761724257;05/06/2025;TODAS
PNEUMUCIL;LABORATÓRIO TEUTO BRASILEIRO S/A;17.159.229/0001-76;1668498227;08/04/2022;TODAS
DICLOFENACO DE DIETILAMÔMIO;BRAINFARMA INDÚSTRIA QUÍMICA E FARMACÊUTICA S.A;05.161.069/0001-10;0644155230;23/06/2023;TODAS
BROMIFEN;BRAINFARMA INDÚSTRIA QUÍMICA E FARMACÊUTICA S.A;05.161.069/0001-10;0410111191;08/05/2019;TODAS
EACA BALSÂMICO;ZYDUS NIKKHO FARMACÊUTICA LTDA;05.254.971/0001-81;0503996147;26/06/2014;TODAS
VERTIGIUM;BRAINFARMA INDÚSTRIA QUÍMICA E FARMACÊUTICA S.A;05.161.069/0001-10;1130580245;19/08/2024;TODAS
NEOTOSS;BRAINFARMA INDÚSTRIA QUÍMICA E FARMACÊUTICA S.A;05.161.069/0001-10;0503259225;10/02/2022;TODAS
ALERGIDEX;BRAINFARMA INDÚSTRIA QUÍMICA E FARMACÊUTICA S.A;05.161.069/0001-10;0490337252;09/04/2025;TODAS
CLORETO DE MAGNÉSIO HEMAFARMA;HEMAFARMA COM E IND FARMACEUTICA LTDA;30.332.829/0001-52;1580689168;19/04/2016;TODAS
ESOMEPRAZOL MAGNÉSIO TRIIDRATADO;ASTRAZENECA DO BRASIL LTDA;60.318.797/0001-00;0789057255;11/06/2025;TODAS
VALERATO DE BETAMETASONA;BRAINFARMA INDÚSTRIA QUÍMICA E FARMACÊUTICA S.A;05.161.069/0001-10;1044742232;02/10/2023;TODAS
STOMALIV;GEOLAB INDÚSTRIA FARMACÊUTICA S/A;03.485.572/0001-04;0141966254;31/01/2025;TODAS
REVECTINA;ABBOTT LABORATÓRIOS DO BRASIL LTDA;56.998.701/0001-16;0344101231;05/04/2023;TODAS
CORTICORTEN;BRAINFARMA INDÚSTRIA QUÍMICA E FARMACÊUTICA S.A;05.161.069/0001-10;0953698254;22/07/2025;TODAS
cloridrato de amitriptilina;BRAINFARMA INDÚSTRIA QUÍMICA E FARMACÊUTICA S.A;05.161.069/0001-10;1543041248;08/11/2024;TODAS
ciprofibrato;BRAINFARMA INDÚSTRIA QUÍMICA E FARMACÊUTICA S.A;05.161.069/0001-10;1728573246;18/12/2024;TODAS
Fiprima;EUROFARMA LABORATÓRIOS S.A.;61.190.096/0001-92;0403374251;25/03/2025;TODAS
JAVLOR;LABORATÓRIOS PIERRE FABRE DO BRASIL LTDA;33.051.491/0001-59;1005230215;15/03/2021;TODAS
Gama anti-D Grifols;GRIFOLS BRASIL LTDA;02.513.899/0001-71;0128750251;29/01/2025;TODAS
COBAPETIT;CIFARMA CIENTÍFICA FARMACÊUTICA LTDA;17.562.075/0001-69;0764839250;06/06/2025;TODAS
PLESONAX;BRAINFARMA INDÚSTRIA QUÍMICA E FARMACÊUTICA S.A;05.161.069/0001-10;1194452256;09/09/2025;TODAS
GAMA ANTI-TETANO GRIFOLS;GRIFOLS BRASIL LTDA;02.513.899/0001-71;0192639251;11/02/2025;TODAS
NEOMETRODAZOL;BRAINFARMA INDÚSTRIA QUÍMICA E FARMACÊUTICA S.A;05.161.069/0001-10;0833473255;25/06/2025;TODAS
BRONQTRAT;NATULAB LABORATORIO S.A;02.456.955/0001-83;1290308241;19/09/2024;TODAS
NEO FEDIPINA;BRAINFARMA INDÚSTRIA QUÍMICA E FARMACÊUTICA S.A;05.161.069/0001-10;0865625247;25/06/2024;TODAS
TILOXINEO;BRAINFARMA INDÚSTRIA QUÍMICA E FARMACÊUTICA S.A;05.161.069/0001-10;3298301198;29/11/2019;TODAS
CLORIDRATO DE PROPRANOLOL;BRAINFARMA INDÚSTRIA QUÍMICA E FARMACÊUTICA S.A;05.161.069/0001-10;1388853248;09/10/2024;TODAS
LOSARTANA POTASSICA;BRAINFARMA INDÚSTRIA QUÍMICA E FARMACÊUTICA S.A;05.161.069/0001-10;0367888254;19/03/2025;TODAS
CETONEO;BRAINFARMA INDÚSTRIA QUÍMICA E FARMACÊUTICA S.A;05.161.069/0001-10;2321280172;27/12/2017;TODAS
MESALAZINA;BRAINFARMA INDÚSTRIA QUÍMICA E FARMACÊUTICA S.A;05.161.069/0001-10;0405685254;25/03/2025;TODAS
CALAMYN;BRAINFARMA INDÚSTRIA QUÍMICA E FARMACÊUTICA S.A;05.161.069/0001-10;2250114172;30/11/2017;TODAS
HEMOLENTA;EUROFARMA LABORATÓRIOS S.A.;61.190.096/0001-92;0285280244;08/03/2024;TODAS
TIBOLONA;EMS S/A;57.507.378/0003-65;4635610225;31/08/2022;TODAS
METRONIDAZOL;BRAINFARMA INDÚSTRIA QUÍMICA E FARMACÊUTICA S.A;05.161.069/0001-10;0833238256;25/06/2025;TODAS
TARGUS;Laboratórios Bagó do Brasil S/A;04.748.181/0009-47;1312223235;23/11/2023;TODAS
AMOXICILINA;BRAINFARMA INDÚSTRIA QUÍMICA E FARMACÊUTICA S.A;05.161.069/0001-10;1182646255;05/09/2025;TODAS
AMOXICILINA;BRAINFARMA INDÚSTRIA QUÍMICA E FARMACÊUTICA S.A;05.161.069/0001-10;1182681255;05/09/2025;TODAS
cloridrato de tramadol;BRAINFARMA INDÚSTRIA QUÍMICA E FARMACÊUTICA S.A;05.161.069/0001-10;1200050231;01/11/2023;TODAS
BICALUTAMIDA;EUROFARMA LABORATÓRIOS S.A.;61.190.096/0001-92;4522495226;08/08/2022;TODAS
PROPIONATO DE CLOBETASOL;BRAINFARMA INDÚSTRIA QUÍMICA E FARMACÊUTICA S.A;05.161.069/0001-10;0280563256;27/02/2025;TODAS
UROTROBEL;BELFAR LTDA;18.324.343/0001-77;0038215250;10/01/2025;TODAS
FUROATO DE MOMETASONA;BRAINFARMA INDÚSTRIA QUÍMICA E FARMACÊUTICA S.A;05.161.069/0001-10;0398202257;24/03/2025;TODAS
FOSFATO DE POTÁSSIO;FARMACE INDÚSTRIA QUÍMICO-FARMACÊUTICA CEARENSE LTDA;06.628.333/0001-46;0215813243;23/02/2024;TODAS
IBUFRAN;BRAINFARMA INDÚSTRIA QUÍMICA E FARMACÊUTICA S.A;05.161.069/0001-10;1620354241;27/11/2024;TODAS
FLAVONID;BRAINFARMA INDÚSTRIA QUÍMICA E FARMACÊUTICA S.A;05.161.069/0001-10;1286692245;18/09/2024;TODAS
CLANISTIL;BRAINFARMA INDÚSTRIA QUÍMICA E FARMACÊUTICA S.A;05.161.069/0001-10;0444257233;04/05/2023;TODAS
PEMETREXEDE;GLENMARK FARMACÊUTICA LTDA;44.363.661/0001-57;0866431250;02/07/2025;TODAS
CITRATO DE SILDENAFILA;BRAINFARMA INDÚSTRIA QUÍMICA E FARMACÊUTICA S.A;05.161.069/0001-10;0656224240;16/05/2024;TODAS
MAGNOSTASE;BRAINFARMA INDÚSTRIA QUÍMICA E FARMACÊUTICA S.A;05.161.069/0001-10;0378789252;20/03/2025;TODAS
propionato de clobetasol;BRAINFARMA INDÚSTRIA QUÍMICA E FARMACÊUTICA S.A;05.161.069/0001-10;0281598258;27/02/2025;TODAS
PEMEGLENN;GLENMARK FARMACÊUTICA LTDA;44.363.661/0001-57;0868170259;02/07/2025;TODAS
NEOLEFRIN;BRAINFARMA INDÚSTRIA QUÍMICA E FARMACÊUTICA S.A;05.161.069/0001-10;0371702232;13/04/2023;TODAS
KOLLANGEL TABS;NATULAB LABORATORIO S.A;02.456.955/0001-83;1026101150;25/11/2015;TODAS
IBUPROFENO;BRAINFARMA INDÚSTRIA QUÍMICA E FARMACÊUTICA S.A;05.161.069/0001-10;4652436220;05/09/2022;TODAS
PRED-GRAN;LEGRAND PHARMA INDÚSTRIA FARMACÊUTICA LTDA;05.044.984/0001-26;0645729256;13/05/2025;TODAS
NEO FÓLICO;BRAINFARMA INDÚSTRIA QUÍMICA E FARMACÊUTICA S.A;05.161.069/0001-10;4851947224;21/10/2022;TODAS
dropropizina;BRAINFARMA INDÚSTRIA QUÍMICA E FARMACÊUTICA S.A;05.161.069/0001-10;0985195180;10/10/2018;TODAS
TORSILAX;BRAINFARMA INDÚSTRIA QUÍMICA E FARMACÊUTICA S.A;05.161.069/0001-10;0663086248;17/05/2024;TODAS
LUVOX;ABBOTT LABORATÓRIOS DO BRASIL LTDA;56.998.701/0001-16;0131232258;30/01/2025;TODAS
OSTEOBAN;ACHÉ LABORATÓRIOS FARMACÊUTICOS S.A;60.659.463/0029-92;0463371232;09/05/2023;TODAS
BROMETO DE IPRATRÓPIO;BRAINFARMA INDÚSTRIA QUÍMICA E FARMACÊUTICA S.A;05.161.069/0001-10;0621997251;08/05/2025;TODAS
LIDOGEL;BRAINFARMA INDÚSTRIA QUÍMICA E FARMACÊUTICA S.A;05.161.069/0001-10;0528417258;17/04/2025;TODAS
INVOKANA;JANSSEN-CILAG FARMACÊUTICA LTDA;51.780.468/0001-87;0134832256;30/01/2025;TODAS
OCUTIL;GEOLAB INDÚSTRIA FARMACÊUTICA S/A;03.485.572/0001-04;4619163228;29/08/2022;TODAS
OXALATO DE ESCITALOPRAM;EMS S/A;57.507.378/0003-65;0265157251;25/02/2025;TODAS
MESILATO DE IMATINIBE;EMS S/A;57.507.378/0003-65;0114731250;27/01/2025;TODAS
LIBERAFLUX;ACHÉ LABORATÓRIOS FARMACÊUTICOS S.A;60.659.463/0029-92;1712925245;16/12/2024;TODAS
ESOGASTRO;EMS S/A;57.507.378/0003-65;0643588256;13/05/2025;TODAS
VENIZ XR;SUN FARMACÊUTICA DO BRASIL LTDA;05.035.244/0001-23;3781530213;24/09/2021;TODAS
PANTOCAL;EUROFARMA LABORATÓRIOS S.A.;61.190.096/0001-92;1066362254;14/08/2025;TODAS
MESILATO DE IMATINIBE;INSTITUTO VITAL BRAZIL S/A;30.064.034/0001-00;0178879258;07/02/2025;TODAS
APIGUACO;APIS FLORA INDUSTRIAL E COMERCIAL LTDA;49.345.358/0001-45;1278637222;21/03/2022;TODAS
LISOMUC;LABORATÓRIO FARMACÊUTICO ELOFAR LTDA;83.874.628/0001-43;0806176253;17/06/2025;TODAS
FURP - METOCLOPRAMIDA;FUNDAÇÃO PARA O REMÉDIO POPULAR - FURP;43.640.754/0001-19;0154155250;04/02/2025;TODAS
VALYANNE;GEOLAB INDÚSTRIA FARMACÊUTICA S/A;03.485.572/0001-04;1123167257;20/08/2025;TODAS
SOFTEZ;LABORATÓRIO FARMACÊUTICO ELOFAR LTDA;83.874.628/0001-43;2502651212;28/06/2021;TODAS
AZITROMICINA;EUROFARMA LABORATÓRIOS S.A.;61.190.096/0001-92;0961047259;23/07/2025;TODAS
SPASCUPREEL;HEEL DO BRASIL BIOMÉDICA LTDA;05.994.539/0001-27;4370719224;01/07/2022;TODAS
LUFTAGASTRO;RECKITT BENCKISER (BRASIL) LTDA;59.557.124/0001-15;0417575246;03/04/2024;TODAS
tartarato de brimonidina+maleato de timolol;BRAINFARMA INDÚSTRIA QUÍMICA E FARMACÊUTICA S.A;05.161.069/0001-10;0184673241;16/02/2024;TODAS
REFORGAN;ZYDUS NIKKHO FARMACÊUTICA LTDA;05.254.971/0001-81;4314637226;20/06/2022;TODAS
FURP - PROPRANOLOL;FUNDAÇÃO PARA O REMÉDIO POPULAR - FURP;43.640.754/0001-19;1596598218;26/04/2021;TODAS
MALEATO DE DEXCLORFENIRAMINA;BRAINFARMA INDÚSTRIA QUÍMICA E FARMACÊUTICA S.A;05.161.069/0001-10;1163329231;25/10/2023;TODAS
GAZYVA;PRODUTOS ROCHE QUÍMICOS E FARMACÊUTICOS S.A.;33.009.945/0001-23;0574151257;29/04/2025;TODAS
Hemo-8r;EMPRESA BRASILEIRA DE HEMODERIVADOS E BIOTECNOLOGIA;07.607.851/0001-46;0877014256;03/07/2025;TODAS
cloridrato de duloxetina;EMS S/A;57.507.378/0003-65;0986059251;30/07/2025;TODAS
FUMARATO DE CETOTIFENO;PRATI DONADUZZI & CIA LTDA;73.856.593/0001-66;1554692216;23/04/2021;TODAS
QUETIBUX;GEOLAB INDÚSTRIA FARMACÊUTICA S/A;03.485.572/0001-04;0984048186;10/10/2018;TODAS
NEOSSOLVAN;BRAINFARMA INDÚSTRIA QUÍMICA E FARMACÊUTICA S.A;05.161.069/0001-10;3943784201;10/11/2020;TODAS
GENCIX;LABORATÓRIO QUÍMICO FARMACÊUTICO BERGAMO LTDA;61.282.661/0001-41;0867358254;02/07/2025;TODAS
GABAPENTINA;LABORATÓRIO TEUTO BRASILEIRO S/A;17.159.229/0001-76;1456455231;21/12/2023;TODAS
EKSON;ACHÉ LABORATÓRIOS FARMACÊUTICOS S.A;60.659.463/0029-92;1148595252;27/08/2025;TODAS
DORENE TABS;ACHÉ LABORATÓRIOS FARMACÊUTICOS S.A;60.659.463/0029-92;0447023241;09/04/2024;TODAS
OLANZAPINA;LABORATORIO FARMACEUTICO DO ESTADO DE PERNAMBUCO GOVERNADOR MIGUEL ARRAES S/A - LAFEPE;10.877.926/0001-13;0911271252;11/07/2025;TODAS
LIPOXEN;BRAINFARMA INDÚSTRIA QUÍMICA E FARMACÊUTICA S.A;05.161.069/0001-10;0528013254;17/04/2025;TODAS
METRONIDAZOL;BRAINFARMA INDÚSTRIA QUÍMICA E FARMACÊUTICA S.A;05.161.069/0001-10;0833303252;25/06/2025;TODAS
ENABLEX;ASPEN PHARMA INDÚSTRIA FARMACÊUTICA LTDA;02.433.631/0001-20;4482078221;01/08/2022;TODAS
MAGNOSTON;BLAU FARMACÊUTICA S.A.;58.430.828/0001-60;1786226174;23/08/2017;TODAS
PEMETREXEDE DISSODICO;ACCORD FARMACÊUTICA LTDA;64.171.697/0001-46;0952382211;11/03/2021;TODAS
COSARTAN ALP;GERMED FARMACEUTICA LTDA;45.992.062/0001-65;1525122240;05/11/2024;TODAS
IRRITRATIL;Althaia S.A Indústria Farmacêutica;48.344.725/0007-19;0244191255;20/02/2025;TODAS
HIOARISTON;BLAU FARMACÊUTICA S.A.;58.430.828/0001-60;0348315236;06/04/2023;TODAS
BRINTELLIX;LUNDBECK BRASIL LTDA;04.522.600/0001-70;0713244241;28/05/2024;TODAS
TRIAXTON;BLAU FARMACÊUTICA S.A.;58.430.828/0001-60;0066919240;18/01/2024;TODAS
DELTA - IFAL;IFAL INDUSTRIA E COMERCIO DE PRODUTOS FARMAC LTDA;00.376.959/0001-26;0553302173;06/04/2017;TODAS
VALSARTANA;BRAINFARMA INDÚSTRIA QUÍMICA E FARMACÊUTICA S.A;05.161.069/0001-10;0937292249;09/07/2024;TODAS
GUAIFENESINA;BRAINFARMA INDÚSTRIA QUÍMICA E FARMACÊUTICA S.A;05.161.069/0001-10;4745186223;27/09/2022;TODAS
LATANOPROSTA;GEOLAB INDÚSTRIA FARMACÊUTICA S/A;03.485.572/0001-04;0679274251;20/05/2025;TODAS
BUTACID;VITAMEDIC INDUSTRIA FARMACEUTICA LTDA;30.222.814/0001-31;4791092228;06/10/2022;TODAS
CLORIDRATO DE DONEPEZILA;FUNDAÇÃO EZEQUIEL DIAS - FUNED;17.503.475/0001-01;2445207166;01/11/2016;TODAS
CARBOCIN;CIMED INDUSTRIA S.A;02.814.497/0001-07;0330418193;12/04/2019;TODAS
ESCIP;GEOLAB INDÚSTRIA FARMACÊUTICA S/A;03.485.572/0001-04;0944941188;28/09/2018;TODAS
RISPERAC;ACCORD FARMACÊUTICA LTDA;64.171.697/0001-46;1429562218;14/04/2021;TODAS
VIMPAT;UCB BIOPHARMA LTDA.;64.711.500/0001-14;1171481241;26/08/2024;TODAS
NEUPRO;UCB BIOPHARMA LTDA.;64.711.500/0001-14;1049851242;31/07/2024;TODAS
ANESTALCON;NOVARTIS BIOCIENCIAS S.A;56.994.502/0001-30;0072395231;24/01/2023;TODAS
ACIDO ZOLEDRONICO;ANTIBIÓTICOS DO BRASIL LTDA;05.439.635/0001-03;1001528255;04/08/2025;TODAS
VARTAZ;EUROFARMA LABORATÓRIOS S.A.;61.190.096/0001-92;1039848257;12/08/2025;TODAS
LIVEPAX;ACHÉ LABORATÓRIOS FARMACÊUTICOS S.A;60.659.463/0029-92;0774524251;09/06/2025;TODAS
hemifumarato de quetiapina;GEOLAB INDÚSTRIA FARMACÊUTICA S/A;03.485.572/0001-04;1081576235;10/10/2023;TODAS
CORTIFAR;LABORATÓRIO FARMACÊUTICO ELOFAR LTDA;83.874.628/0001-43;2620517222;28/04/2022;TODAS
MALEATO DE DEXCLORFENIRAMINA;FUNDAÇÃO EZEQUIEL DIAS - FUNED;17.503.475/0001-01;3812802210;27/09/2021;TODAS
cloridrato de dorzolamida;EMS S/A;57.507.378/0003-65;4843185221;19/10/2022;TODAS
DEXPROTENOL;PRATI DONADUZZI & CIA LTDA;73.856.593/0001-66;1087719259;15/08/2025;TODAS
KEFLEX;Laboratórios Bagó do Brasil S/A;04.748.181/0009-47;1129430251;21/08/2025;TODAS
Betogenta;GEOLAB INDÚSTRIA FARMACÊUTICA S/A;03.485.572/0001-04;1312247240;24/09/2024;TODAS
cloridrato de ciprofloxacino + dexametasona;GEOLAB INDÚSTRIA FARMACÊUTICA S/A;03.485.572/0001-04;4655464224;06/09/2022;TODAS
CLORIDRATO DE DORZOLAMIDA + MALEATO DE TIMOLOL;LABORATÓRIO TEUTO BRASILEIRO S/A;17.159.229/0001-76;1177398257;04/09/2025;TODAS
clonazepam;HIPOLABOR FARMACEUTICA LTDA;19.570.720/0001-10;4270933204;03/12/2020;TODAS
MEBENDAZOL;BELFAR LTDA;18.324.343/0001-77;0681380241;22/05/2024;TODAS
VOLIBRIS;GLAXOSMITHKLINE BRASIL LTDA;33.247.743/0001-10;1144972256;26/08/2025;TODAS
Glimepirida;EMS S/A;57.507.378/0003-65;4766907221;30/09/2022;TODAS
CLORIDRATO DE CIPROFLOXACINO;GEOLAB INDÚSTRIA FARMACÊUTICA S/A;03.485.572/0001-04;0378123254;20/03/2025;TODAS
CICLOPIROX OLAMINA;EMS S/A;57.507.378/0003-65;1023234254;08/08/2025;TODAS
cloridrato de loperamida;LABORATÓRIO GLOBO SA;17.115.437/0001-73;0577940252;29/04/2025;TODAS
CARBONATO DE LÍTIO;HIPOLABOR FARMACEUTICA LTDA;19.570.720/0001-10;1409528243;14/10/2024;TODAS
cloridrato de paroxetina;AUROBINDO PHARMA INDÚSTRIA FARMACÊUTICA LIMITADA;04.301.884/0001-75;0127993258;29/01/2025;TODAS
CLOTRIMAZOL;PRATI DONADUZZI & CIA LTDA;73.856.593/0001-66;1161760148;30/12/2014;TODAS
oxcarbazepina;RANBAXY FARMACÊUTICA LTDA;73.663.650/0001-90;0729933253;29/05/2025;TODAS
HIDROQUINONA+ TRETINOINA + FLUOCINOLONA ACETONIDA;EMS S/A;57.507.378/0003-65;0079934251;20/01/2025;TODAS
LORATADINA;LABORATÓRIO TEUTO BRASILEIRO S/A;17.159.229/0001-76;2842228219;21/07/2021;TODAS
risperidona;RANBAXY FARMACÊUTICA LTDA;73.663.650/0001-90;1937236211;19/05/2021;TODAS
sulfato de terbutalina;HIPOLABOR FARMACEUTICA LTDA;19.570.720/0001-10;1466061243;24/10/2024;TODAS
SOLUÇÃO GLICOFISIOLÓGICA BEKER;BEKER PRODUTOS FÁRMACO HOSPITALARES LTDA;47.231.121/0001-08;1218613219;30/03/2021;TODAS
RAZAPINA;SANDOZ DO BRASIL INDÚSTRIA FARMACÊUTICA LTDA;61.286.647/0001-16;0833844253;25/06/2025;TODAS
cloridrato de dorzolamida+maleato de timolol;EMS S/A;57.507.378/0003-65;1188116258;08/09/2025;TODAS
MEBENDAZOL;GEOLAB INDÚSTRIA FARMACÊUTICA S/A;03.485.572/0001-04;0764537186;03/08/2018;TODAS
PROSTAFLUX;LABORATÓRIO TEUTO BRASILEIRO S/A;17.159.229/0001-76;2298416214;14/06/2021;TODAS
ALPRAZOLAM;ZYDUS NIKKHO FARMACÊUTICA LTDA;05.254.971/0001-81;1556397219;23/04/2021;TODAS
FÁGICO;EUROFARMA LABORATÓRIOS S.A.;61.190.096/0001-92;0483821233;12/05/2023;TODAS
AFINITOR;NOVARTIS BIOCIENCIAS S.A;56.994.502/0001-30;0806626241;17/06/2024;TODAS
HELMILAB;NATULAB LABORATORIO S.A;02.456.955/0001-83;1481662228;01/04/2022;TODAS
CLORIDRATO DE BUPIVACAÍNA + GLICOSE;HIPOLABOR FARMACEUTICA LTDA;19.570.720/0001-10;1502732246;31/10/2024;TODAS
FLANAX;BAYER S.A.;18.459.628/0001-15;0881452246;27/06/2024;TODAS
CLORIDRATO DE EPIRRUBICINA;ACCORD FARMACÊUTICA LTDA;64.171.697/0001-46;0365621217;28/01/2021;TODAS
CALCIOVITAL B12;NATULAB LABORATORIO S.A;02.456.955/0001-83;0930532157;22/10/2015;TODAS
SEAKALM;NATULAB LABORATORIO S.A;02.456.955/0001-83;1275554245;17/09/2024;TODAS
ESPRAN;TORRENT DO BRASIL LTDA;33.078.528/0001-32;0460966235;08/05/2023;TODAS
Xarelto;BAYER S.A.;18.459.628/0001-15;0543013251;23/04/2025;TODAS
ADINOS;ACHÉ LABORATÓRIOS FARMACÊUTICOS S.A;60.659.463/0029-92;0328950254;11/03/2025;TODAS
AD FURP;FUNDAÇÃO PARA O REMÉDIO POPULAR - FURP;43.640.754/0001-19;4996755229;30/11/2022;TODAS
YAZ;BAYER S.A.;18.459.628/0001-15;1408967243;14/10/2024;TODAS
VANNAIR;ASTRAZENECA DO BRASIL LTDA;60.318.797/0001-00;1013395255;06/08/2025;TODAS
BRYOPHYLLUM ARGENTO CULTUM;WELEDA DO BRASIL LABORATÓRIO E FARMÁCIA LTDA;56.992.217/0001-80;1187099252;08/09/2025;TODAS
Cloridrato de ciprofloxacino;LEGRAND PHARMA INDÚSTRIA FARMACÊUTICA LTDA;05.044.984/0001-26;0300511209;30/01/2020;TODAS
Vidaza;UNITED MEDICAL LTDA;68.949.239/0001-46;1740318242;20/12/2024;TODAS
mesilato de desferroxamina;CRISTÁLIA PRODUTOS QUÍMICOS FARMACÊUTICOS LTDA.;44.734.671/0001-51;0808588189;16/08/2018;TODAS
Leg;EUROFARMA LABORATÓRIOS S.A.;61.190.096/0001-92;0986189251;30/07/2025;TODAS
LYMPHOMYOSOT;HEEL DO BRASIL BIOMÉDICA LTDA;05.994.539/0001-27;4370592224;01/07/2022;TODAS
Fenofibrato micronizado;EMS SIGMA PHARMA LTDA;00.923.140/0001-31;0242483259;20/02/2025;TODAS
CARBOTRAT;NATIVITA IND. COM. LTDA.;65.271.900/0001-19;0833267256;25/06/2025;TODAS
bromidrato de citalopram;TORRENT DO BRASIL LTDA;33.078.528/0001-32;0066766249;18/01/2024;TODAS
VICTOZA;NOVO NORDISK FARMACÊUTICA DO BRASIL LTDA;82.277.955/0001-55;1726425240;18/12/2024;TODAS
ALERGOMINE;CIMED INDUSTRIA S.A;02.814.497/0001-07;0962189251;23/07/2025;TODAS
FOSTAIR;CHIESI FARMACÊUTICA LTDA;61.363.032/0001-46;0013809253;06/01/2025;TODAS
VASTIGMA;EMS SIGMA PHARMA LTDA;00.923.140/0001-31;1007570253;05/08/2025;TODAS
ALDOMET;ASPEN PHARMA INDÚSTRIA FARMACÊUTICA LTDA;02.433.631/0001-20;0172494257;07/02/2025;TODAS
PERGOVERIS;MERCK S/A;33.069.212/0001-84;1355069238;30/11/2023;TODAS
VARIVAX;NATULAB LABORATORIO S.A;02.456.955/0001-83;6269797217;13/12/2021;TODAS
METAMUCIL;PROCTER & GAMBLE DO BRASIL LTDA.;59.476.770/0001-58;3076556215;06/08/2021;TODAS
WEZENLA;AMGEN BIOTECNOLOGIA DO BRASIL LTDA.;18.774.815/0001-93;0857583255;30/06/2025;TODAS
Cetofenid;LABORATÓRIO TEUTO BRASILEIRO S/A;17.159.229/0001-76;0747880255;03/06/2025;TODAS
diazepam;SANTISA LABORATÓRIO FARMACÊUTICO S/A;04.099.395/0001-82;1159383251;29/08/2025;TODAS
CLOZAPINA;CRISTÁLIA PRODUTOS QUÍMICOS FARMACÊUTICOS LTDA.;44.734.671/0001-51;0688130259;22/05/2025;TODAS
QUETIPIN;CRISTÁLIA PRODUTOS QUÍMICOS FARMACÊUTICOS LTDA.;44.734.671/0001-51;0940308258;21/07/2025;TODAS
FEXXOLYV;LABORATÓRIO TEUTO BRASILEIRO S/A;17.159.229/0001-76;0787386251;11/06/2025;TODAS
DOBEVEN;APSEN FARMACEUTICA S/A;62.462.015/0001-29;0891632247;01/07/2024;TODAS
HEMITARTARATO DE RIVASTIGMINA;LABORATÓRIO QUÍMICO FARMACÊUTICO BERGAMO LTDA;61.282.661/0001-41;0937249181;27/09/2018;TODAS
XAFAC;APSEN FARMACEUTICA S/A;62.462.015/0001-29;0692635254;23/05/2025;TODAS
ivermectina;BRAINFARMA INDÚSTRIA QUÍMICA E FARMACÊUTICA S.A;05.161.069/0001-10;0373113251;19/03/2025;TODAS
GESTODENO + ETINILESTRADIOL;SANDOZ DO BRASIL INDÚSTRIA FARMACÊUTICA LTDA;61.286.647/0001-16;0341202240;19/03/2024;TODAS
VIDENFIL;SANDOZ DO BRASIL INDÚSTRIA FARMACÊUTICA LTDA;61.286.647/0001-16;0732242258;29/05/2025;TODAS
oxalato de escitalopram;RANBAXY FARMACÊUTICA LTDA;73.663.650/0001-90;1304234240;23/09/2024;TODAS
CETOFENID;LABORATÓRIO TEUTO BRASILEIRO S/A;17.159.229/0001-76;0800918240;14/06/2024;TODAS
hemifumarato de quetiapina;EMS S/A;57.507.378/0003-65;1004207255;04/08/2025;TODAS
NITROFEN;LABORATÓRIO TEUTO BRASILEIRO S/A;17.159.229/0001-76;0749868252;03/06/2025;TODAS
PEDIALYTE 45 ZINCO;ABBOTT LABORATÓRIOS DO BRASIL LTDA;56.998.701/0001-16;0799132191;24/07/2019;TODAS
ácido zoledrônico;EUROFARMA LABORATÓRIOS S.A.;61.190.096/0001-92;0434044245;05/04/2024;TODAS
OSTEOTEC;ADIUM S.A.;55.980.684/0001-27;0745491251;02/06/2025;TODAS
LISON;CIFARMA CIENTÍFICA FARMACÊUTICA LTDA;17.562.075/0001-69;0855752254;30/06/2025;TODAS
ROSUCOR;TORRENT DO BRASIL LTDA;33.078.528/0001-32;1174851252;03/09/2025;TODAS
TRIFAMOX;Laboratórios Bagó do Brasil S/A;04.748.181/0009-47;1773075241;30/12/2024;TODAS
HEMIFUMARATO DE QUETIAPINA;SANDOZ DO BRASIL INDÚSTRIA FARMACÊUTICA LTDA;61.286.647/0001-16;3314362218;23/08/2021;TODAS
ACECLOFENACO;VITAMEDIC INDUSTRIA FARMACEUTICA LTDA;30.222.814/0001-31;0468374248;12/04/2024;TODAS
ibuprofeno;LABORATÓRIO TEUTO BRASILEIRO S/A;17.159.229/0001-76;1733673245;19/12/2024;TODAS
olmesartana medoxomila+hidroclorotiazida;MULTILAB INDUSTRIA E COMERCIO DE PRODUTOS FARMACEUTICOS LTDA;92.265.552/0009-05;0919582257;15/07/2025;TODAS
MODIK;GERMED FARMACEUTICA LTDA;45.992.062/0001-65;1671245245;06/12/2024;TODAS
NATULAXE;NATULAB LABORATORIO S.A;02.456.955/0001-83;1479830224;01/04/2022;TODAS
desloratadina;SANDOZ DO BRASIL INDÚSTRIA FARMACÊUTICA LTDA;61.286.647/0001-16;0145714214;12/01/2021;TODAS
bromoprida;GERMED FARMACEUTICA LTDA;45.992.062/0001-65;0418671249;03/04/2024;TODAS
hemitartarato de rivastigmina;INSTITUTO BIOCHIMICO INDÚSTRIA FARMACÊUTICA LTDA;33.258.401/0001-03;1056033258;13/08/2025;TODAS
PREZISTA;JANSSEN-CILAG FARMACÊUTICA LTDA;51.780.468/0001-87;0334053251;12/03/2025;TODAS
ZYPRED;ALLERGAN PRODUTOS FARMACÊUTICOS LTDA;43.426.626/0001-77;0537639233;26/05/2023;TODAS
ACERTIL;LABORATÓRIOS SERVIER DO BRASIL LTDA;42.374.207/0001-76;0773436251;09/06/2025;TODAS
citrato de sildenafila;SANDOZ DO BRASIL INDÚSTRIA FARMACÊUTICA LTDA;61.286.647/0001-16;0829567259;24/06/2025;TODAS
CLORIDRATO DE TERBINAFINA;LABORATÓRIO TEUTO BRASILEIRO S/A;17.159.229/0001-76;0348431199;17/04/2019;TODAS
OMNIC OCAS;ASTELLAS FARMA BRASIL IMPORTAÇÃO E DISTRIBUIÇÃO DE MEDICAMENTOS LTDA.;07.768.134/0001-04;0129032255;29/01/2025;TODAS
MONTELAIR;ACHÉ LABORATÓRIOS FARMACÊUTICOS S.A;60.659.463/0029-92;0611327252;06/05/2025;TODAS
METRONIDAZOL;HYPOFARMA - INSTITUTO DE HYPODERMIA E FARMÁCIA LTDA;17.174.657/0001-78;1347213215;08/04/2021;TODAS
PREDOPTIC;GEOLAB INDÚSTRIA FARMACÊUTICA S/A;03.485.572/0001-04;1136337253;23/08/2025;TODAS
CLORIDRATO DE BROMEXINA;GEOLAB INDÚSTRIA FARMACÊUTICA S/A;03.485.572/0001-04;0775074189;06/08/2018;TODAS
TIOCONAZOL;MULTILAB INDUSTRIA E COMERCIO DE PRODUTOS FARMACEUTICOS LTDA;92.265.552/0009-05;0002514143;03/01/2014;TODAS
TACROLIMO;EMS S/A;57.507.378/0003-65;0908776241;03/07/2024;TODAS
NIMESULIDA;VITAMEDIC INDUSTRIA FARMACEUTICA LTDA;30.222.814/0001-31;0762659254;05/06/2025;TODAS
LORATADINA;BRAINFARMA INDÚSTRIA QUÍMICA E FARMACÊUTICA S.A;05.161.069/0001-10;0257608257;24/02/2025;TODAS
AFOLIC;NATULAB LABORATORIO S.A;02.456.955/0001-83;0533269253;19/04/2025;TODAS
PERITOSTERIL;FRESENIUS MEDICAL CARE LTDA;01.440.590/0001-36;1381503233;05/12/2023;TODAS
HIDRALYTE;NATULAB LABORATORIO S.A;02.456.955/0001-83;1025296157;25/11/2015;TODAS
TACROLIL;EMS S/A;57.507.378/0003-65;1016213255;07/08/2025;TODAS
COMPLE B;NATULAB LABORATORIO S.A;02.456.955/0001-83;1339378221;23/03/2022;TODAS
CLORIDRATO DE PIOGLITAZONA;EMS S/A;57.507.378/0003-65;1189112256;08/09/2025;TODAS
CLOZAPINA;LABORATORIO FARMACEUTICO DO ESTADO DE PERNAMBUCO GOVERNADOR MIGUEL ARRAES S/A - LAFEPE;10.877.926/0001-13;0858649250;30/06/2025;TODAS
CRISAPINA;CRISTÁLIA PRODUTOS QUÍMICOS FARMACÊUTICOS LTDA.;44.734.671/0001-51;0271299258;26/02/2025;TODAS
Alburex 20;CSL BEHRING COMÉRCIO DE PRODUTOS FARMACÊUTICOS LTDA;62.969.589/0001-98;0185792251;10/02/2025;TODAS
DEJAVÚ;EUROFARMA LABORATÓRIOS S.A.;61.190.096/0001-92;1422771211;14/04/2021;TODAS
COLÍRIO NEO BRASIL;BRAINFARMA INDÚSTRIA QUÍMICA E FARMACÊUTICA S.A;05.161.069/0001-10;1165867257;01/09/2025;TODAS
DUCODIL;CIMED INDUSTRIA S.A;02.814.497/0001-07;0609578251;06/05/2025;TODAS
DEPANTEX;NATIVITA IND. COM. LTDA.;65.271.900/0001-19;0493174222;09/02/2022;TODAS
ATENORESE;SANDOZ DO BRASIL INDÚSTRIA FARMACÊUTICA LTDA;61.286.647/0001-16;0259488149;07/04/2014;TODAS
AMICORED;VASCONCELOS INDUSTRIA FARMACEUTICA E COMERCIO LTDA;05.155.425/0001-93;0921296240;05/07/2024;TODAS
ATORLESS;GERMED FARMACEUTICA LTDA;45.992.062/0001-65;0920984258;15/07/2025;TODAS
INDOCID;ASPEN PHARMA INDÚSTRIA FARMACÊUTICA LTDA;02.433.631/0001-20;0140142258;31/01/2025;TODAS
TARFIC;LIBBS FARMACÊUTICA LTDA;61.230.314/0001-75;0862502250;01/07/2025;TODAS
NEVRALPRO;CIMED INDUSTRIA S.A;02.814.497/0001-07;1414289235;12/12/2023;TODAS
NEUGRAST;ACCORD FARMACÊUTICA LTDA;64.171.697/0001-46;1442535211;15/04/2021;TODAS
IRESSA;ASTRAZENECA DO BRASIL LTDA;60.318.797/0001-00;0529252252;17/04/2025;TODAS
ÉGIDE;LIBBS FARMACÊUTICA LTDA;61.230.314/0001-75;0387573259;21/03/2025;TODAS
ARARTAN;GEOLAB INDÚSTRIA FARMACÊUTICA S/A;03.485.572/0001-04;0963046250;23/07/2025;TODAS
DIANE 35;BAYER S.A.;18.459.628/0001-15;0627392237;20/06/2023;TODAS
SMOFKABIVEN LIVRE DE ELETRÓLITOS;FRESENIUS KABI BRASIL LTDA;49.324.221/0001-04;0875241189;06/09/2018;TODAS
FLUORURACILA;ACCORD FARMACÊUTICA LTDA;64.171.697/0001-46;1431073212;14/04/2021;TODAS
ARLIVRY;NATULAB LABORATORIO S.A;02.456.955/0001-83;4809567214;06/12/2021;TODAS
carbocisteína;NATIVITA IND. COM. LTDA.;65.271.900/0001-19;0724826220;25/02/2022;TODAS
olanzapina;EMS S/A;57.507.378/0003-65;0059382252;15/01/2025;TODAS
SOROLIV HIPERTÔNICO;LABORATÓRIO TEUTO BRASILEIRO S/A;17.159.229/0001-76;1134569161;05/01/2016;TODAS
LAMOTRIGINA;LABORATÓRIO TEUTO BRASILEIRO S/A;17.159.229/0001-76;0645233251;13/05/2025;TODAS
TAMARINE;COSMED INDUSTRIA DE COSMETICOS E MEDICAMENTOS S.A.;61.082.426/0002-07;4295188221;14/06/2022;TODAS
CLORIDRATO DE HIDROXIZINE;LABORATÓRIO GLOBO SA;17.115.437/0001-73;0813371252;18/06/2025;TODAS
FLUOCINOLONA ACETONIDA + SULFATO DE POLIMIXINA B + SULFATO DE NEOMICINA + CLORIDRATO DE LIDOCAINA;GEOLAB INDÚSTRIA FARMACÊUTICA S/A;03.485.572/0001-04;0501509180;22/06/2018;TODAS
CELSENTRI;GLAXOSMITHKLINE BRASIL LTDA;33.247.743/0001-10;0608006254;06/05/2025;TODAS
XAROPE DE GUACO BELFAR;BELFAR LTDA;18.324.343/0001-77;1476156239;27/12/2023;TODAS
cloridrato de naratriptana;EMS S/A;57.507.378/0003-65;1169531253;02/09/2025;TODAS
VALSARTANA;EMS S/A;57.507.378/0003-65;1174004258;03/09/2025;TODAS
SIL-HP;APSEN FARMACEUTICA S/A;62.462.015/0001-29;1158595255;29/08/2025;TODAS
ivermectina;VITAMEDIC INDUSTRIA FARMACEUTICA LTDA;30.222.814/0001-31;0230400256;18/02/2025;TODAS
EXPECTRAT;CAZI QUIMICA FARMACEUTICA INDUSTRIA E COMERCIO LTDA;44.010.437/0001-81;0417567235;26/04/2023;TODAS
vildagliptina + cloridrato de metformina;Althaia S.A Indústria Farmacêutica;48.344.725/0007-19;1015012256;07/08/2025;TODAS
IMURAN;ASPEN PHARMA INDÚSTRIA FARMACÊUTICA LTDA;02.433.631/0001-20;0550719253;24/04/2025;TODAS
irbesartana;RANBAXY FARMACÊUTICA LTDA;73.663.650/0001-90;0764377212;26/02/2021;TODAS
CETOFENID;LABORATÓRIO TEUTO BRASILEIRO S/A;17.159.229/0001-76;0800847245;14/06/2024;TODAS
DROTIZIN;GEOLAB INDÚSTRIA FARMACÊUTICA S/A;03.485.572/0001-04;1709892242;13/12/2024;TODAS
IUMI;LIBBS FARMACÊUTICA LTDA;61.230.314/0001-75;0659427257;15/05/2025;TODAS
VITACID ACNE;THERASKIN FARMACEUTICA LTDA.;61.517.397/0001-88;1679620240;09/12/2024;TODAS
PROVIVE;UNIÃO QUÍMICA FARMACÊUTICA NACIONAL S/A;60.665.981/0001-18;1181854253;05/09/2025;TODAS
CETOPROFENO;LABORATÓRIO TEUTO BRASILEIRO S/A;17.159.229/0001-76;0800790243;14/06/2024;TODAS
DESLORATADINA;PRATI DONADUZZI & CIA LTDA;73.856.593/0001-66;1132505259;22/08/2025;TODAS
HEMOPROCT;BELFAR LTDA;18.324.343/0001-77;0966589254;24/07/2025;TODAS
PEYONA;CHIESI FARMACÊUTICA LTDA;61.363.032/0001-46;0840841256;26/06/2025;TODAS
CLORIDRATO DE PAROXETINA;LEGRAND PHARMA INDÚSTRIA FARMACÊUTICA LTDA;05.044.984/0001-26;0300228252;05/03/2025;TODAS
CLORIDRATO DE PAROXETINA;EMS S/A;57.507.378/0003-65;0301012253;05/03/2025;TODAS
MAGNEVISTAN;BAYER S.A.;18.459.628/0001-15;0141268255;31/01/2025;TODAS
VONAU;BIOLAB SANUS FARMACÊUTICA LTDA;49.475.833/0001-06;1495571246;30/10/2024;TODAS
ALLEXOFEDRIN;EMS S/A;57.507.378/0003-65;1651752249;03/12/2024;TODAS
NERVOCALM;HOMEOPATIA WALDEMIRO PEREIRA LABORATORIO INDUSTRIAL FARMACEUTICO LTDA;76.440.528/0001-43;0310581222;24/01/2022;TODAS
OTOSYLASE;GEOLAB INDÚSTRIA FARMACÊUTICA S/A;03.485.572/0001-04;0519096187;28/06/2018;TODAS
SEVONESS;BAXTER HOSPITALAR LTDA;49.351.786/0002-61;0658992252;15/05/2025;TODAS
LATISSE;ALLERGAN PRODUTOS FARMACÊUTICOS LTDA;43.426.626/0001-77;2765202214;16/07/2021;TODAS
SEVCLOT;CRISTÁLIA PRODUTOS QUÍMICOS FARMACÊUTICOS LTDA.;44.734.671/0001-51;1754745208;03/06/2020;TODAS
PROPIONATO DE CLOBETASOL;PRATI DONADUZZI & CIA LTDA;73.856.593/0001-66;1437935249;18/10/2024;TODAS
LONIUM;APSEN FARMACEUTICA S/A;62.462.015/0001-29;0345619251;14/03/2025;TODAS
SENNALAX;CAZI QUIMICA FARMACEUTICA INDUSTRIA E COMERCIO LTDA;44.010.437/0001-81;4127713209;23/11/2020;TODAS
ENTARKIN;EMS SIGMA PHARMA LTDA;00.923.140/0001-31;2711674223;11/05/2022;TODAS
domperidona;EMS S/A;57.507.378/0003-65;1056416254;13/08/2025;TODAS
YASMIN;BAYER S.A.;18.459.628/0001-15;1559172240;12/11/2024;TODAS
Cloridrato de dopamina;HIPOLABOR FARMACEUTICA LTDA;19.570.720/0001-10;1563909243;13/11/2024;TODAS
FLUSAN;EUROFARMA LABORATÓRIOS S.A.;61.190.096/0001-92;2714753221;12/05/2022;TODAS
CLORIDRATO DE PAROXETINA;GERMED FARMACEUTICA LTDA;45.992.062/0001-65;0299912256;05/03/2025;TODAS
SOLUÇÃO DE RINGER COM LACTATO DE SÓDIO;BEKER PRODUTOS FÁRMACO HOSPITALARES LTDA;47.231.121/0001-08;1218713215;30/03/2021;TODAS
cloridrato de sertralina;RANBAXY FARMACÊUTICA LTDA;73.663.650/0001-90;0556008251;25/04/2025;TODAS
DERIVA MICRO;GLENMARK FARMACÊUTICA LTDA;44.363.661/0001-57;1635483247;29/11/2024;TODAS
TRIANCINOLONA DE ACETONIDA;EUROFARMA LABORATÓRIOS S.A.;61.190.096/0001-92;0035768231;12/01/2023;TODAS
BOLDO BELFAR;BELFAR LTDA;18.324.343/0001-77;1590036247;20/11/2024;TODAS
cloridrato de donepezila;SANDOZ DO BRASIL INDÚSTRIA FARMACÊUTICA LTDA;61.286.647/0001-16;1253491219;01/04/2021;TODAS
IMUNEN;CRISTÁLIA PRODUTOS QUÍMICOS FARMACÊUTICOS LTDA.;44.734.671/0001-51;0528390252;17/04/2025;TODAS
MALEATO DE DEXCLORFENIRAMINA;LABORATÓRIO TEUTO BRASILEIRO S/A;17.159.229/0001-76;0138613249;05/02/2024;TODAS
GLICERINA 12%;HALEX ISTAR INDÚSTRIA FARMACÊUTICA SA;01.571.702/0001-98;0311022192;05/04/2019;TODAS
BRONFILIL;MABRA FARMACEUTICA LTDA;09.545.589/0001-88;1494687214;19/04/2021;TODAS
Lixiana®;DAIICHI SANKYO BRASIL FARMACÊUTICA LTDA;60.874.187/0001-84;0719306248;29/05/2024;TODAS
ULTRAVIST;BAYER S.A.;18.459.628/0001-15;0577458230;06/06/2023;TODAS
dicloridrato de hidroxizina;EMS S/A;57.507.378/0003-65;0479929254;08/04/2025;TODAS
ZYLINOX;ZYDUS NIKKHO FARMACÊUTICA LTDA;05.254.971/0001-81;0158009240;08/02/2024;TODAS
SONRISAL;PF Consumer Healthcare Brazil Importadora e Distribuidora de Medicamentos Ltda;30.872.270/0001-53;0307331253;06/03/2025;TODAS
INICOX DP;FARMOQUÍMICA S/A;33.349.473/0001-58;1387911236;06/12/2023;TODAS
ONBRIZE;NOVARTIS BIOCIENCIAS S.A;56.994.502/0001-30;1047953242;31/07/2024;TODAS
IOPAMIRON;Bracco Imaging do Brasil Importação e Distribuição de Medicamentos Ltda;10.742.412/0004-01;0845332252;27/06/2025;TODAS
FUMARATO DE TENOFOVIR DESOPROXILA;CRISTÁLIA PRODUTOS QUÍMICOS FARMACÊUTICOS LTDA.;44.734.671/0001-51;0766510255;06/06/2025;TODAS
FLEBON;FARMOQUÍMICA S/A;33.349.473/0001-58;0656082241;16/05/2024;TODAS
MOLIÈRI;EUROFARMA LABORATÓRIOS S.A.;61.190.096/0001-92;0027020258;08/01/2025;TODAS
NIULIVA;GRIFOLS BRASIL LTDA;02.513.899/0001-71;0192788256;11/02/2025;TODAS
TROPINAL;EMS SIGMA PHARMA LTDA;00.923.140/0001-31;0570277256;28/04/2025;TODAS
CANDERM;LEGRAND PHARMA INDÚSTRIA FARMACÊUTICA LTDA;05.044.984/0001-26;0793795257;12/06/2025;TODAS
Brometo de pinavério;EMS S/A;57.507.378/0003-65;0772738254;09/06/2025;TODAS
EPOCLER;COSMED INDUSTRIA DE COSMETICOS E MEDICAMENTOS S.A.;61.082.426/0002-07;0571680259;28/04/2025;TODAS
cetoprofeno;LABORATÓRIO TEUTO BRASILEIRO S/A;17.159.229/0001-76;4394769221;07/07/2022;TODAS
BRILINTA;ASTRAZENECA DO BRASIL LTDA;60.318.797/0001-00;1202922252;10/09/2025;TODAS
AZITROMICINA DIIDRATADA;GEOLAB INDÚSTRIA FARMACÊUTICA S/A;03.485.572/0001-04;1297867246;20/09/2024;TODAS
triancinolona acetonida;LEGRAND PHARMA INDÚSTRIA FARMACÊUTICA LTDA;05.044.984/0001-26;4952103226;17/11/2022;TODAS
Omnitrope;SANDOZ DO BRASIL INDÚSTRIA FARMACÊUTICA LTDA;61.286.647/0001-16;0121766250;28/01/2025;TODAS
FLAGIMAX;BELFAR LTDA;18.324.343/0001-77;0859817253;01/07/2025;TODAS
UROCTRIN;LEGRAND PHARMA INDÚSTRIA FARMACÊUTICA LTDA;05.044.984/0001-26;0061886151;22/01/2015;TODAS
CLORIDRATO DE DOXICICLINA;LEGRAND PHARMA INDÚSTRIA FARMACÊUTICA LTDA;05.044.984/0001-26;1208439251;11/09/2025;TODAS
SUCRAFILM;EMS SIGMA PHARMA LTDA;00.923.140/0001-31;0391677241;28/03/2024;TODAS
VENTAVIS;BAYER S.A.;18.459.628/0001-15;4732729223;23/09/2022;TODAS
mesalazina;LEGRAND PHARMA INDÚSTRIA FARMACÊUTICA LTDA;05.044.984/0001-26;0933061251;18/07/2025;TODAS
YANG 30;Althaia S.A Indústria Farmacêutica;48.344.725/0007-19;2259380172;05/12/2017;TODAS
AGIIXPEC;PHARLAB INDÚSTRIA FARMACÊUTICA S.A.;02.501.297/0001-02;4729535227;22/09/2022;TODAS
DONILA;ACHÉ LABORATÓRIOS FARMACÊUTICOS S.A;60.659.463/0029-92;0692655255;23/05/2025;TODAS
TECTA;TAKEDA PHARMA LTDA.;60.397.775/0001-74;1667850245;05/12/2024;TODAS
TIMOSOPT;BRAINFARMA INDÚSTRIA QUÍMICA E FARMACÊUTICA S.A;05.161.069/0001-10;2083647193;30/08/2019;TODAS
MALÚ;EMS SIGMA PHARMA LTDA;00.923.140/0001-31;4539979221;11/08/2022;TODAS
TREZOR;ACHÉ LABORATÓRIOS FARMACÊUTICOS S.A;60.659.463/0029-92;1008198251;05/08/2025;TODAS
INVEGA;JANSSEN-CILAG FARMACÊUTICA LTDA;51.780.468/0001-87;1214613241;03/09/2024;TODAS
NEUTROFER;EMS SIGMA PHARMA LTDA;00.923.140/0001-31;1555019212;23/04/2021;TODAS
BRAVAN;ACHÉ LABORATÓRIOS FARMACÊUTICOS S.A;60.659.463/0029-92;0974828254;28/07/2025;TODAS
MAXIVIEW;GEOLAB INDÚSTRIA FARMACÊUTICA S/A;03.485.572/0001-04;1184300259;05/09/2025;TODAS
INALADOR VICK;PROCTER & GAMBLE DO BRASIL LTDA.;59.476.770/0001-58;0192447254;11/02/2025;TODAS
SULFATO DE SALBUTAMOL;UNITHER INDUSTRIA FARMACEUTICA LTDA.;04.656.253/0001-79;0926666136;04/11/2013;TODAS
PAXIL CR;GLAXOSMITHKLINE BRASIL LTDA;33.247.743/0001-10;0793275253;12/06/2025;TODAS
BROMIDRATO DE CITALOPRAM;LEGRAND PHARMA INDÚSTRIA FARMACÊUTICA LTDA;05.044.984/0001-26;0332786234;03/04/2023;TODAS
ESTOMAZIL PASTILHAS;COSMED INDUSTRIA DE COSMETICOS E MEDICAMENTOS S.A.;61.082.426/0002-07;0356714181;04/05/2018;TODAS
DIVALPROATO DE SÓDIO;ZYDUS NIKKHO FARMACÊUTICA LTDA;05.254.971/0001-81;0190679255;11/02/2025;TODAS
lorazepam;LEGRAND PHARMA INDÚSTRIA FARMACÊUTICA LTDA;05.044.984/0001-26;1133974244;19/08/2024;TODAS
STABIL;ACHÉ LABORATÓRIOS FARMACÊUTICOS S.A;60.659.463/0029-92;0200825259;12/02/2025;TODAS
INDUX;EMS SIGMA PHARMA LTDA;00.923.140/0001-31;0149313250;03/02/2025;TODAS
LANZOPRAZOL + CLARITROMICINA + AMOXICILINA;PRATI DONADUZZI & CIA LTDA;73.856.593/0001-66;0100880173;19/01/2017;TODAS
AZITROMICINA;PRATI DONADUZZI & CIA LTDA;73.856.593/0001-66;1065158246;05/08/2024;TODAS
CLENIL COMPOSITUM HFA;CHIESI FARMACÊUTICA LTDA;61.363.032/0001-46;1607904241;25/11/2024;TODAS
HUMECTOL D;COSMED INDUSTRIA DE COSMETICOS E MEDICAMENTOS S.A.;61.082.426/0002-07;1185632255;06/09/2025;TODAS
TRAYENTA;BOEHRINGER INGELHEIM DO BRASIL QUÍMICA E FARMACÊUTICA LTDA.;60.831.658/0001-77;0647164256;13/05/2025;TODAS
MAGNOPYROL;COSMED INDUSTRIA DE COSMETICOS E MEDICAMENTOS S.A.;61.082.426/0002-07;0529456257;17/04/2025;TODAS
DROXY;GERMED FARMACEUTICA LTDA;45.992.062/0001-65;0857929259;30/06/2025;TODAS
CLORIDRATO DE MOXIFLOXACINO;GERMED FARMACEUTICA LTDA;45.992.062/0001-65;0362514259;18/03/2025;TODAS
RECONTER;LIBBS FARMACÊUTICA LTDA;61.230.314/0001-75;0438661257;31/03/2025;TODAS
OMEPRAZOL;LABORATÓRIO GLOBO SA;17.115.437/0001-73;0834242257;25/06/2025;TODAS
ALERGALIV;LEGRAND PHARMA INDÚSTRIA FARMACÊUTICA LTDA;05.044.984/0001-26;0037449257;10/01/2025;TODAS
TORAGESIC;EMS SIGMA PHARMA LTDA;00.923.140/0001-31;0876792255;03/07/2025;TODAS
cloridrato de fluoxetina;LEGRAND PHARMA INDÚSTRIA FARMACÊUTICA LTDA;05.044.984/0001-26;4333278228;23/06/2022;TODAS
cloridrato de tramadol;LEGRAND PHARMA INDÚSTRIA FARMACÊUTICA LTDA;05.044.984/0001-26;1731100248;18/12/2024;TODAS
PROPIONATO DE CLOBETASOL;MULTILAB INDUSTRIA E COMERCIO DE PRODUTOS FARMACEUTICOS LTDA;92.265.552/0009-05;1903582169;10/06/2016;TODAS
LYLLAS;SANDOZ DO BRASIL INDÚSTRIA FARMACÊUTICA LTDA;61.286.647/0001-16;2937623212;28/07/2021;TODAS
ROHYDORM;EMS SIGMA PHARMA LTDA;00.923.140/0001-31;0839438257;26/06/2025;TODAS
Tioconazol + tinidazol;LEGRAND PHARMA INDÚSTRIA FARMACÊUTICA LTDA;05.044.984/0001-26;2677287226;05/05/2022;TODAS
PRESSOFLUX;MEDQUIMICA INDUSTRIA FARMACEUTICA LTDA.;17.875.154/0001-20;1316574217;06/04/2021;TODAS
fumarato de tenofovir desoproxila;BLANVER FARMOQUIMICA E FARMACEUTICA S.A.;53.359.824/0001-19;3630651216;14/09/2021;TODAS
STREPSILS;RECKITT BENCKISER (BRASIL) LTDA;59.557.124/0001-15;0279662254;27/02/2025;TODAS
DEPOSTERON;EMS SIGMA PHARMA LTDA;00.923.140/0001-31;1362408213;09/04/2021;TODAS
FLUOCINOLONA ACETONIDA + SULFATO DE POLIMIXINA B + SULFATO DE NEOMICINA + CLORIDRATO DE LIDOCAÍNA;LEGRAND PHARMA INDÚSTRIA FARMACÊUTICA LTDA;05.044.984/0001-26;1398509214;12/04/2021;TODAS
NEUTOSS;BELFAR LTDA;18.324.343/0001-77;0044700253;13/01/2025;TODAS
PROHANCE;Bracco Imaging do Brasil Importação e Distribuição de Medicamentos Ltda;10.742.412/0004-01;0845072251;27/06/2025;TODAS
DORIL;COSMED INDUSTRIA DE COSMETICOS E MEDICAMENTOS S.A.;61.082.426/0002-07;0062727249;17/01/2024;TODAS
FARLAC;COSMED INDUSTRIA DE COSMETICOS E MEDICAMENTOS S.A.;61.082.426/0002-07;0955804187;02/10/2018;TODAS
AGRASTAT;ASPEN PHARMA INDÚSTRIA FARMACÊUTICA LTDA;02.433.631/0001-20;0318288249;14/03/2024;TODAS
MESILATO DE IMATINIBE;EUROFARMA LABORATÓRIOS S.A.;61.190.096/0001-92;4262572226;07/06/2022;TODAS
BETAFERON;BAYER S.A.;18.459.628/0001-15;4720643221;21/09/2022;TODAS
ONCILEG-A;LEGRAND PHARMA INDÚSTRIA FARMACÊUTICA LTDA;05.044.984/0001-26;0053250257;14/01/2025;TODAS
BONECAL D;EMS SIGMA PHARMA LTDA;00.923.140/0001-31;1622335244;27/11/2024;TODAS
GELOL;COSMED INDUSTRIA DE COSMETICOS E MEDICAMENTOS S.A.;61.082.426/0002-07;0265183235;16/03/2023;TODAS
VICK VAPORUB;PROCTER & GAMBLE DO BRASIL LTDA.;59.476.770/0001-58;0880948256;04/07/2025;TODAS
MELHORAL;COSMED INDUSTRIA DE COSMETICOS E MEDICAMENTOS S.A.;61.082.426/0002-07;0198904231;28/02/2023;TODAS
HALOBEX;GLENMARK FARMACÊUTICA LTDA;44.363.661/0001-57;0711628246;28/05/2024;TODAS
CETOCONAZOL + DIPROPIONATO DE BETAMETASONA + SULFATO DE NEOMICINA;BELFAR LTDA;18.324.343/0001-77;0048450251;14/01/2025;TODAS
cloridrato de betaxolol;GEOLAB INDÚSTRIA FARMACÊUTICA S/A;03.485.572/0001-04;4627458223;30/08/2022;TODAS
OLIMEL;BAXTER HOSPITALAR LTDA;49.351.786/0002-61;0137237251;30/01/2025;TODAS
Glicolive;ACHÉ LABORATÓRIOS FARMACÊUTICOS S.A;60.659.463/0029-92;4223365208;30/11/2020;TODAS
GILENYA;NOVARTIS BIOCIENCIAS S.A;56.994.502/0001-30;1206412241;02/09/2024;TODAS
ÁGUA PARA INJETÁVEIS;EUROFARMA LABORATÓRIOS S.A.;61.190.096/0001-92;4869078228;26/10/2022;TODAS
SULFAMETOXAZOL + TRIMETOPRIMA;VITAMEDIC INDUSTRIA FARMACEUTICA LTDA;30.222.814/0001-31;1207038245;03/09/2024;TODAS
VALSARTANA+HIDROCLOROTIAZIDA;EMS S/A;57.507.378/0003-65;1737336243;19/12/2024;TODAS
ARFLEX RETARD;DIFFUCAP - CHEMOBRÁS QUÍMICA E FARMACÊUTICA LTDA;42.457.796/0001-56;1729740243;18/12/2024;TODAS
ATORVASTATINA CÁLCICA;LABORATÓRIO TEUTO BRASILEIRO S/A;17.159.229/0001-76;0893088251;08/07/2025;TODAS
NISTATINA + ÓXIDO DE ZINCO;LABORATÓRIO TEUTO BRASILEIRO S/A;17.159.229/0001-76;0809880253;17/06/2025;TODAS
IOMERON;Bracco Imaging do Brasil Importação e Distribuição de Medicamentos Ltda;10.742.412/0004-01;0844706256;27/06/2025;TODAS
CLORIDRATO DE RANITIDINA;NATIVITA IND. COM. LTDA.;65.271.900/0001-19;2163527197;13/09/2019;TODAS
ACECLOFENACO;GERMED FARMACEUTICA LTDA;45.992.062/0001-65;1387968238;06/12/2023;TODAS
DILABRONCO;LABORATÓRIO TEUTO BRASILEIRO S/A;17.159.229/0001-76;4562129221;17/08/2022;TODAS
DUPHALAC;ABBOTT LABORATÓRIOS DO BRASIL LTDA;56.998.701/0001-16;0200847236;28/02/2023;TODAS
hemitartarato de zolpidem;LABORATÓRIO TEUTO BRASILEIRO S/A;17.159.229/0001-76;1449948243;22/10/2024;TODAS
VIASIL;LABORATÓRIO TEUTO BRASILEIRO S/A;17.159.229/0001-76;5076580223;21/12/2022;TODAS
QUETROS;ACHÉ LABORATÓRIOS FARMACÊUTICOS S.A;60.659.463/0029-92;1006672257;05/08/2025;TODAS
EPILEPTIL;LABORATÓRIO TEUTO BRASILEIRO S/A;17.159.229/0001-76;2858919216;22/07/2021;TODAS
CLOPIN;ACHÉ LABORATÓRIOS FARMACÊUTICOS S.A;60.659.463/0029-92;0188168257;11/02/2025;TODAS
VERUTEX B;LEO PHARMA LTDA;11.424.477/0001-10;0295524243;11/03/2024;TODAS
ESPASLIT DUO;GEOLAB INDÚSTRIA FARMACÊUTICA S/A;03.485.572/0001-04;0156699207;16/01/2020;TODAS
CLORETO DE SÓDIO 0,9%;EUROFARMA LABORATÓRIOS S.A.;61.190.096/0001-92;0548935220;15/02/2022;TODAS
OLMESARTANA MEDOXOMILA;TORRENT DO BRASIL LTDA;33.078.528/0001-32;0921049251;15/07/2025;TODAS
GLICOSE MONOIDRATADA;EUROFARMA LABORATÓRIOS S.A.;61.190.096/0001-92;4963479222;21/11/2022;TODAS
FAULDCARBO;LIBBS FARMACÊUTICA LTDA;61.230.314/0001-75;0891330241;01/07/2024;TODAS
DROSPIRENONA+ETINILESTRADIOL;Althaia S.A Indústria Farmacêutica;48.344.725/0007-19;1637223242;29/11/2024;TODAS
TEKZOR;GERMED FARMACEUTICA LTDA;45.992.062/0001-65;0763842257;05/06/2025;TODAS
FARMANGUINHOS - ISONIAZIDA;FUNDAÇÃO OSWALDO CRUZ;33.781.055/0001-35;0845873253;27/06/2025;TODAS
A SAÚDE DA MULHER;EMS S/A;57.507.378/0003-65;0138333254;31/01/2025;TODAS
LIFALTACROLIMUS;LAB INDL FTCO ALAGOAS SA - LIFAL;12.343.158/0001-43;0981825141;31/10/2014;TODAS
NISTATINA;PRATI DONADUZZI & CIA LTDA;73.856.593/0001-66;1244855243;10/09/2024;TODAS
SOLUÇÃO FISIOLÓGICA DE RINGER COM LACTATO;EUROFARMA LABORATÓRIOS S.A.;61.190.096/0001-92;0918275237;29/08/2023;TODAS
LIPTHAL;LABORATÓRIO TEUTO BRASILEIRO S/A;17.159.229/0001-76;0585675236;08/06/2023;TODAS
MAXSULID;COSMED INDUSTRIA DE COSMETICOS E MEDICAMENTOS S.A.;61.082.426/0002-07;1537517244;07/11/2024;TODAS
TRANQUINAL;Laboratórios Bagó do Brasil S/A;04.748.181/0009-47;1557765243;12/11/2024;TODAS
CLORIDRATO DE HIDROXIZINA;NATIVITA IND. COM. LTDA.;65.271.900/0001-19;0492671222;09/02/2022;TODAS
ECHINACEA VITALAB;LABORATÓRIO VITALAB LTDA;56.646.953/0001-86;4840432228;19/10/2022;TODAS
SULFATO DE SALBUTAMOL;PRATI DONADUZZI & CIA LTDA;73.856.593/0001-66;1553889213;23/04/2021;TODAS
ROSUVASTATINA CALCICA;SANDOZ DO BRASIL INDÚSTRIA FARMACÊUTICA LTDA;61.286.647/0001-16;0849188245;21/06/2024;TODAS
DAIVONEX;LEO PHARMA LTDA;11.424.477/0001-10;0936162252;18/07/2025;TODAS
Cloridrato de pioglitazona;TORRENT DO BRASIL LTDA;33.078.528/0001-32;3977041209;12/11/2020;TODAS
PREBICTAL;ADIUM S.A.;55.980.684/0001-27;0553614240;26/04/2024;TODAS
CARVEDILOL;ACCORD FARMACÊUTICA LTDA;64.171.697/0001-46;4992380221;29/11/2022;TODAS
ZEMAIRA;CSL BEHRING COMÉRCIO DE PRODUTOS FARMACÊUTICOS LTDA;62.969.589/0001-98;4158645200;25/11/2020;TODAS
IBULIV;EMS S/A;57.507.378/0003-65;1472912241;25/10/2024;TODAS
CAFILISADOR;COSMED INDUSTRIA DE COSMETICOS E MEDICAMENTOS S.A.;61.082.426/0002-07;1484752228;01/04/2022;TODAS
citrato de sildenafila;LABORATÓRIO TEUTO BRASILEIRO S/A;17.159.229/0001-76;1262948240;13/09/2024;TODAS
VERUTEX;LEO PHARMA LTDA;11.424.477/0001-10;0287864243;08/03/2024;TODAS
DICLOFAN GEL;THEODORO F SOBRAL & CIA LTDA;06.597.801/0001-62;0855122187;31/08/2018;TODAS
MALEATO DE DEXCLORFENIRAMINA;UNITHER INDUSTRIA FARMACEUTICA LTDA.;04.656.253/0001-79;0806467149;26/09/2014;TODAS
YERVOY;BRISTOL-MYERS SQUIBB FARMACÊUTICA LTDA;56.998.982/0001-07;1073612252;14/08/2025;TODAS
BROMEXPEC;GEOLAB INDÚSTRIA FARMACÊUTICA S/A;03.485.572/0001-04;0519311187;28/06/2018;TODAS
SULFADIAZINA DE PRATA;NATIVITA IND. COM. LTDA.;65.271.900/0001-19;4573155210;18/11/2021;TODAS
POMADERME;LEGRAND PHARMA INDÚSTRIA FARMACÊUTICA LTDA;05.044.984/0001-26;1529274216;21/04/2021;TODAS
GLICOSE + CLORETO DE SÓDIO;EUROFARMA LABORATÓRIOS S.A.;61.190.096/0001-92;4785536225;05/10/2022;TODAS
ETOMIDATO;BLAU FARMACÊUTICA S.A.;58.430.828/0001-60;1695136241;11/12/2024;TODAS
BISMU-JET;LEGRAND PHARMA INDÚSTRIA FARMACÊUTICA LTDA;05.044.984/0001-26;0139281240;05/02/2024;TODAS
DAIVOBET;LEO PHARMA LTDA;11.424.477/0001-10;0930024257;17/07/2025;TODAS
METRONIDAZOL;PRATI DONADUZZI & CIA LTDA;73.856.593/0001-66;0833469258;25/06/2025;TODAS
ZILEPAM;GEOLAB INDÚSTRIA FARMACÊUTICA S/A;03.485.572/0001-04;4940663221;15/11/2022;TODAS
CLORETO DE SÓDIO SOLUÇÃO FISIOLÓGICA PARA IRRIGAÇÃO - BAXTER;BAXTER HOSPITALAR LTDA;49.351.786/0002-61;1084013240;08/08/2024;TODAS
IBUPROMED;MEDQUIMICA INDUSTRIA FARMACEUTICA LTDA.;17.875.154/0001-20;1412738215;13/04/2021;TODAS
PICOPREP;LABORATÓRIOS FERRING LTDA;74.232.034/0001-48;1193243246;29/08/2024;TODAS
CRINONE;MERCK S/A;33.069.212/0001-84;2004131214;24/05/2021;TODAS
NOVANLO;BIOLAB SANUS FARMACÊUTICA LTDA;49.475.833/0001-06;2733018221;17/05/2022;TODAS
MICARDIS;BOEHRINGER INGELHEIM DO BRASIL QUÍMICA E FARMACÊUTICA LTDA.;60.831.658/0001-77;1729408249;18/12/2024;TODAS
FUNED PREDNISONA;FUNDAÇÃO EZEQUIEL DIAS - FUNED;17.503.475/0001-01;0069230191;23/01/2019;TODAS
dexametasona + sulfato de neomicina + sulfato de polimixina B;GEOLAB INDÚSTRIA FARMACÊUTICA S/A;03.485.572/0001-04;1015820255;07/08/2025;TODAS
AXONIUM;ACHÉ LABORATÓRIOS FARMACÊUTICOS S.A;60.659.463/0029-92;0954552253;22/07/2025;TODAS
ENGOV;COSMED INDUSTRIA DE COSMETICOS E MEDICAMENTOS S.A.;61.082.426/0002-07;1155777255;28/08/2025;TODAS
BENLYSTA;GLAXOSMITHKLINE BRASIL LTDA;33.247.743/0001-10;0935336257;18/07/2025;TODAS
BUTILBROMETO DE ESCOPOLAMINA;HIPOLABOR FARMACEUTICA LTDA;19.570.720/0001-10;4257531201;02/12/2020;TODAS
DEFLAIMMUN;EMS SIGMA PHARMA LTDA;00.923.140/0001-31;1652782249;03/12/2024;TODAS
AXETILCEFUROXIMA;AUROBINDO PHARMA INDÚSTRIA FARMACÊUTICA LIMITADA;04.301.884/0001-75;0489106251;09/04/2025;TODAS
RILUZOL;SUN FARMACÊUTICA DO BRASIL LTDA;05.035.244/0001-23;0131718181;20/02/2018;TODAS
REVANGE;ACHÉ LABORATÓRIOS FARMACÊUTICOS S.A;60.659.463/0029-92;0982603258;29/07/2025;TODAS
CONCOR HCT;MERCK S/A;33.069.212/0001-84;1133497250;22/08/2025;TODAS
PRESSEL;LEGRAND PHARMA INDÚSTRIA FARMACÊUTICA LTDA;05.044.984/0001-26;0988203251;30/07/2025;TODAS
PREDNISOLONA;LEGRAND PHARMA INDÚSTRIA FARMACÊUTICA LTDA;05.044.984/0001-26;0660161257;15/05/2025;TODAS
PENVIR;EMS SIGMA PHARMA LTDA;00.923.140/0001-31;0379416255;20/03/2025;TODAS
albendazol;LEGRAND PHARMA INDÚSTRIA FARMACÊUTICA LTDA;05.044.984/0001-26;1398660211;12/04/2021;TODAS
PANTASUN;SUN FARMACÊUTICA DO BRASIL LTDA;05.035.244/0001-23;0809042258;17/06/2025;TODAS
CLORIDRATO DE MOXIFLOXACINO;EMS S/A;57.507.378/0003-65;0362457255;18/03/2025;TODAS
PLANTALYVE;GEOLAB INDÚSTRIA FARMACÊUTICA S/A;03.485.572/0001-04;0516776181;28/06/2018;TODAS
Acetilcisteína;LABORATÓRIO TEUTO BRASILEIRO S/A;17.159.229/0001-76;1660489229;08/04/2022;TODAS
NEOTIAPIM;SANDOZ DO BRASIL INDÚSTRIA FARMACÊUTICA LTDA;61.286.647/0001-16;3314834217;23/08/2021;TODAS
PREVIANE;LEGRAND PHARMA INDÚSTRIA FARMACÊUTICA LTDA;05.044.984/0001-26;0401501248;01/04/2024;TODAS
NEBLOCK;TORRENT DO BRASIL LTDA;33.078.528/0001-32;4222095222;27/05/2022;TODAS
maleato de dexclorfeniramina;LEGRAND PHARMA INDÚSTRIA FARMACÊUTICA LTDA;05.044.984/0001-26;4943505228;16/11/2022;TODAS
NATUS GERIN;LEGRAND PHARMA INDÚSTRIA FARMACÊUTICA LTDA;05.044.984/0001-26;1529364215;21/04/2021;TODAS
ESPASMO FLATOL;LEGRAND PHARMA INDÚSTRIA FARMACÊUTICA LTDA;05.044.984/0001-26;2703369212;12/07/2021;TODAS
NEOTRICIN;LEGRAND PHARMA INDÚSTRIA FARMACÊUTICA LTDA;05.044.984/0001-26;0370076257;19/03/2025;TODAS
ZYLORIC;ASPEN PHARMA INDÚSTRIA FARMACÊUTICA LTDA;02.433.631/0001-20;0122313259;28/01/2025;TODAS
HIPODERTRAT;LABORATÓRIO TEUTO BRASILEIRO S/A;17.159.229/0001-76;2843726212;21/07/2021;TODAS
DIAZEPAM;LEGRAND PHARMA INDÚSTRIA FARMACÊUTICA LTDA;05.044.984/0001-26;1017668256;07/08/2025;TODAS
DROSPIRENONA+ETINILESTRADIOL;EMS S/A;57.507.378/0003-65;0933950233;01/09/2023;TODAS
clonazepam;LABORATÓRIO TEUTO BRASILEIRO S/A;17.159.229/0001-76;0726347256;28/05/2025;TODAS
GELO-BIO;UNIÃO QUÍMICA FARMACÊUTICA NACIONAL S/A;60.665.981/0001-18;0996879251;01/08/2025;TODAS
PARALGEN;LEGRAND PHARMA INDÚSTRIA FARMACÊUTICA LTDA;05.044.984/0001-26;1681011247;09/12/2024;TODAS
HEIMER;EUROFARMA LABORATÓRIOS S.A.;61.190.096/0001-92;4415222226;12/07/2022;TODAS
METADEX;LABORATÓRIOS OSÓRIO DE MORAES LTDA;19.791.813/0001-75;1476489246;28/10/2024;TODAS
olanzapina;ZYDUS NIKKHO FARMACÊUTICA LTDA;05.254.971/0001-81;1556668214;23/04/2021;TODAS
MICROPIL;EMS SIGMA PHARMA LTDA;00.923.140/0001-31;0401485242;01/04/2024;TODAS
DORILEN;LEGRAND PHARMA INDÚSTRIA FARMACÊUTICA LTDA;05.044.984/0001-26;4289549225;13/06/2022;TODAS
BETADINE;ACHÉ LABORATÓRIOS FARMACÊUTICOS S.A;60.659.463/0029-92;0266947255;25/02/2025;TODAS
DRYLTAC;LEGRAND PHARMA INDÚSTRIA FARMACÊUTICA LTDA;05.044.984/0001-26;1088991254;15/08/2025;TODAS
PENVIR LÁBIA;EMS SIGMA PHARMA LTDA;00.923.140/0001-31;4982975221;25/11/2022;TODAS
dacarbazina;LABORATÓRIO QUÍMICO FARMACÊUTICO BERGAMO LTDA;61.282.661/0001-41;0078224233;25/01/2023;TODAS
VIT PANTENOL;VITAMEDIC INDUSTRIA FARMACEUTICA LTDA;30.222.814/0001-31;0233625232;08/03/2023;TODAS
ALPHANATE;GRIFOLS BRASIL LTDA;02.513.899/0001-71;0192906259;11/02/2025;TODAS
BERINERT;CSL BEHRING COMÉRCIO DE PRODUTOS FARMACÊUTICOS LTDA;62.969.589/0001-98;0306793253;06/03/2025;TODAS
EXPEC;LEGRAND PHARMA INDÚSTRIA FARMACÊUTICA LTDA;05.044.984/0001-26;1412849233;12/12/2023;TODAS
APRACUR;COSMED INDUSTRIA DE COSMETICOS E MEDICAMENTOS S.A.;61.082.426/0002-07;0991472182;11/10/2018;TODAS
paracetamol+cafeína;LEGRAND PHARMA INDÚSTRIA FARMACÊUTICA LTDA;05.044.984/0001-26;1573437221;07/04/2022;TODAS
DIAZEPAM NQ;EMS SIGMA PHARMA LTDA;00.923.140/0001-31;1018061258;07/08/2025;TODAS
PROFLOX;EMS SIGMA PHARMA LTDA;00.923.140/0001-31;0368058255;19/03/2025;TODAS
VESICARE;ASTELLAS FARMA BRASIL IMPORTAÇÃO E DISTRIBUIÇÃO DE MEDICAMENTOS LTDA.;07.768.134/0001-04;0128937254;29/01/2025;TODAS
DEXADERMIL;LEGRAND PHARMA INDÚSTRIA FARMACÊUTICA LTDA;05.044.984/0001-26;4841501223;19/10/2022;TODAS
DERMOBENE;LEGRAND PHARMA INDÚSTRIA FARMACÊUTICA LTDA;05.044.984/0001-26;0977016251;28/07/2025;TODAS
IBUFLEX;LEGRAND PHARMA INDÚSTRIA FARMACÊUTICA LTDA;05.044.984/0001-26;1331453241;27/09/2024;TODAS
PARACETAMOL;LEGRAND PHARMA INDÚSTRIA FARMACÊUTICA LTDA;05.044.984/0001-26;0645541249;15/05/2024;TODAS
FASLODEX;ASTRAZENECA DO BRASIL LTDA;60.318.797/0001-00;0666106258;16/05/2025;TODAS
OCTRIDE;SUN FARMACÊUTICA DO BRASIL LTDA;05.035.244/0001-23;1123937257;20/08/2025;TODAS
MICARDIS ANLO;BOEHRINGER INGELHEIM DO BRASIL QUÍMICA E FARMACÊUTICA LTDA.;60.831.658/0001-77;1729994245;18/12/2024;TODAS
LACTO PURGA;COSMED INDUSTRIA DE COSMETICOS E MEDICAMENTOS S.A.;61.082.426/0002-07;0233175229;18/01/2022;TODAS
RINVOQ;ABBVIE FARMACÊUTICA LTDA.;15.800.545/0001-50;0559859252;25/04/2025;TODAS
trometamol cetorolaco;LEGRAND PHARMA INDÚSTRIA FARMACÊUTICA LTDA;05.044.984/0001-26;0617860254;07/05/2025;TODAS
CLORIDRATO DE NEBIVOLOL;TORRENT DO BRASIL LTDA;33.078.528/0001-32;2707006220;11/05/2022;TODAS
PERFENOL;UNIÃO QUÍMICA FARMACÊUTICA NACIONAL S/A;60.665.981/0001-18;0381315258;20/03/2025;TODAS
CICATENOL;EMS S/A;57.507.378/0003-65;1527185214;21/04/2021;TODAS
ZITROBIOL;GEOLAB INDÚSTRIA FARMACÊUTICA S/A;03.485.572/0001-04;0689571159;04/08/2015;TODAS
CLO;EMS SIGMA PHARMA LTDA;00.923.140/0001-31;0418821259;27/03/2025;TODAS
NEUTROFER FÓLICO;EMS SIGMA PHARMA LTDA;00.923.140/0001-31;1554913215;23/04/2021;TODAS
Acebrofilina;LABORATÓRIO TEUTO BRASILEIRO S/A;17.159.229/0001-76;0792243251;12/06/2025;TODAS
HEMOBLOCK;EMS SIGMA PHARMA LTDA;00.923.140/0001-31;4871458229;26/10/2022;TODAS
tinidazol + nitrato de miconazol;LABORATÓRIO TEUTO BRASILEIRO S/A;17.159.229/0001-76;1127198254;21/08/2025;TODAS
UNIGYN;EMS SIGMA PHARMA LTDA;00.923.140/0001-31;0277430259;27/02/2025;TODAS
CELERG;LEGRAND PHARMA INDÚSTRIA FARMACÊUTICA LTDA;05.044.984/0001-26;0232299226;18/01/2022;TODAS
NAXOTEC;UNIÃO QUÍMICA FARMACÊUTICA NACIONAL S/A;60.665.981/0001-18;1476952248;28/10/2024;TODAS
LARINGEX;CAZI QUIMICA FARMACEUTICA INDUSTRIA E COMERCIO LTDA;44.010.437/0001-81;0464628212;04/02/2021;TODAS
pioglit;TORRENT DO BRASIL LTDA;33.078.528/0001-32;3976526201;12/11/2020;TODAS
DESONIDA;LEGRAND PHARMA INDÚSTRIA FARMACÊUTICA LTDA;05.044.984/0001-26;3777870218;24/09/2021;TODAS
MALEATO DE ENALAPRIL;LEGRAND PHARMA INDÚSTRIA FARMACÊUTICA LTDA;05.044.984/0001-26;0988262258;30/07/2025;TODAS
SANPROST;INFAN INDUSTRIA QUIMICA FARMACEUTICA NACIONAL S/A;08.939.548/0001-03;0133359173;03/01/2023;TODAS
VACINA PNEUMOCÓCICA 10-VALENTE (CONJUGADA);FUNDAÇÃO OSWALDO CRUZ;33.781.055/0001-35;4562832223;17/08/2022;TODAS
COLÍRIO GEOLAB;GEOLAB INDÚSTRIA FARMACÊUTICA S/A;03.485.572/0001-04;4620847224;29/08/2022;TODAS
LIPANON;COSMED INDUSTRIA DE COSMETICOS E MEDICAMENTOS S.A.;61.082.426/0002-07;1598336216;26/04/2021;TODAS
ZOLIBBS;LIBBS FARMACÊUTICA LTDA;61.230.314/0001-75;0467570248;12/04/2024;TODAS
repaglinida;EMS S/A;57.507.378/0003-65;1347690214;08/04/2021;TODAS
NERVAMIN;PRATI DONADUZZI & CIA LTDA;73.856.593/0001-66;0644848251;13/05/2025;TODAS
rosuvastatina cálcica;EMS S/A;57.507.378/0003-65;1172894256;03/09/2025;TODAS
Xylestesin com norepinefrina;CRISTÁLIA PRODUTOS QUÍMICOS FARMACÊUTICOS LTDA.;44.734.671/0001-51;0925242218;09/03/2021;TODAS
HIDROCORTE;LEGRAND PHARMA INDÚSTRIA FARMACÊUTICA LTDA;05.044.984/0001-26;1398329216;12/04/2021;TODAS
SPECTOLAB BALSAMICO;MULTILAB INDUSTRIA E COMERCIO DE PRODUTOS FARMACEUTICOS LTDA;92.265.552/0009-05;0378799231;14/04/2023;TODAS
SONEBON;EMS SIGMA PHARMA LTDA;00.923.140/0001-31;4991918227;29/11/2022;TODAS
CANDIGRAN;LEGRAND PHARMA INDÚSTRIA FARMACÊUTICA LTDA;05.044.984/0001-26;3819099212;27/09/2021;TODAS
TENOXICAM;EMS S/A;57.507.378/0003-65;0709801254;26/05/2025;TODAS
losartana potássica;GEOLAB INDÚSTRIA FARMACÊUTICA S/A;03.485.572/0001-04;0963049259;23/07/2025;TODAS
FUMARATO DE TENOFOVIR DESOPROXILA;FUNDAÇÃO EZEQUIEL DIAS - FUNED;17.503.475/0001-01;2303261228;12/04/2022;TODAS
LISADOR;COSMED INDUSTRIA DE COSMETICOS E MEDICAMENTOS S.A.;61.082.426/0002-07;0443998230;04/05/2023;TODAS
COLÍRIO LEGRAND;LEGRAND PHARMA INDÚSTRIA FARMACÊUTICA LTDA;05.044.984/0001-26;0627164234;20/06/2023;TODAS
GABAPENTINA;LEGRAND PHARMA INDÚSTRIA FARMACÊUTICA LTDA;05.044.984/0001-26;1063354234;05/10/2023;TODAS
tinidazol + Nitrato de miconazol;COSMED INDUSTRIA DE COSMETICOS E MEDICAMENTOS S.A.;61.082.426/0002-07;1287690238;20/11/2023;TODAS
PROZEN;LABORATÓRIO TEUTO BRASILEIRO S/A;17.159.229/0001-76;1404986235;11/12/2023;TODAS
NEUREXAN;HEEL DO BRASIL BIOMÉDICA LTDA;05.994.539/0001-27;4370686229;01/07/2022;TODAS
PREDNISOLONA;GERMED FARMACEUTICA LTDA;45.992.062/0001-65;0660216256;15/05/2025;TODAS
mesilato de doxazosina;LABORATÓRIO TEUTO BRASILEIRO S/A;17.159.229/0001-76;1001203259;04/08/2025;TODAS
ERBITUX;MERCK S/A;33.069.212/0001-84;0258185252;24/02/2025;TODAS
BAXTER GLICOSE;BAXTER HOSPITALAR LTDA;49.351.786/0002-61;1251175244;11/09/2024;TODAS
BAXTER SOLUÇÃO DE RINGER COM LACTATO;BAXTER HOSPITALAR LTDA;49.351.786/0002-61;3876897211;01/10/2021;TODAS
ibuprofeno;MEDQUIMICA INDUSTRIA FARMACEUTICA LTDA.;17.875.154/0001-20;0768071259;06/06/2025;TODAS
DESTADIN;EMS S/A;57.507.378/0003-65;1006253254;05/08/2025;TODAS
METRONIDAZOL;CIMED INDUSTRIA S.A;02.814.497/0001-07;0525298189;02/07/2018;TODAS
PACLITAXEL;BLAU FARMACÊUTICA S.A.;58.430.828/0001-60;1068241241;06/08/2024;TODAS
cefadroxila;LABORATÓRIO TEUTO BRASILEIRO S/A;17.159.229/0001-76;0844752258;27/06/2025;TODAS
cloridrato de ticlopidina;LABORATÓRIO TEUTO BRASILEIRO S/A;17.159.229/0001-76;8109131212;18/12/2021;TODAS
OPTHAAC 40;OPHTHALMOS LTDA;61.129.409/0001-05;0144756242;06/02/2024;TODAS
COLUJET;CIMED INDUSTRIA S.A;02.814.497/0001-07;2564720226;27/04/2022;TODAS
RHOPHYLAC;CSL BEHRING COMÉRCIO DE PRODUTOS FARMACÊUTICOS LTDA;62.969.589/0001-98;1163685241;23/08/2024;TODAS
CICLOPIROX OLAMINA;GERMED FARMACEUTICA LTDA;45.992.062/0001-65;1023269252;08/08/2025;TODAS
SUAVICID;LEGRAND PHARMA INDÚSTRIA FARMACÊUTICA LTDA;05.044.984/0001-26;1021581259;08/08/2025;TODAS
Fenofibrato Micronizado;LEGRAND PHARMA INDÚSTRIA FARMACÊUTICA LTDA;05.044.984/0001-26;0774576251;09/06/2025;TODAS
ertapeném sódico;EUGIA PHARMA INDUSTRIA FARMACEUTICA LTDA;44.639.493/0001-80;1471355241;25/10/2024;TODAS
Fenofibrato Micronizado;GERMED FARMACEUTICA LTDA;45.992.062/0001-65;0242203256;20/02/2025;TODAS
DABAZ;ACCORD FARMACÊUTICA LTDA;64.171.697/0001-46;0116234237;03/02/2023;TODAS
mesilato de lenvatinibe;SUN FARMACÊUTICA DO BRASIL LTDA;05.035.244/0001-23;1543005241;08/11/2024;TODAS
TILENATI;NATIVITA IND. COM. LTDA.;65.271.900/0001-19;0261819182;05/04/2018;TODAS
CEFANAXIL;LABORATÓRIO TEUTO BRASILEIRO S/A;17.159.229/0001-76;0404197196;07/05/2019;TODAS
SULFATO DE VINCRISTINA;ACCORD FARMACÊUTICA LTDA;64.171.697/0001-46;0116212233;03/02/2023;TODAS
AZITROMICINA;PHARMASCIENCE INDUSTRIA FARMACEUTICA S.A;25.773.037/0001-83;5081066222;22/12/2022;TODAS
FOSFATO DE POTÁSSIO;VASCONCELOS INDUSTRIA FARMACEUTICA E COMERCIO LTDA;05.155.425/0001-93;1216293236;06/11/2023;TODAS
bicalutamida;ACCORD FARMACÊUTICA LTDA;64.171.697/0001-46;1432027214;14/04/2021;TODAS
CALNATE;EUROFARMA LABORATÓRIOS S.A.;61.190.096/0001-92;0210046244;22/02/2024;TODAS
estolato de eritromicina;PRATI DONADUZZI & CIA LTDA;73.856.593/0001-66;0352930144;08/05/2014;TODAS
sulfato de neomicina + bacitracina zíncica;HIPOLABOR FARMACEUTICA LTDA;19.570.720/0001-10;3964196201;11/11/2020;TODAS
OCITOCINA;BLAU FARMACÊUTICA S.A.;58.430.828/0001-60;3364447191;05/12/2019;TODAS
SANTIAZEPAM;SANTISA LABORATÓRIO FARMACÊUTICO S/A;04.099.395/0001-82;4888551227;31/10/2022;TODAS
BRIDION;MERCK SHARP & DOHME FARMACEUTICA LTDA.;03.560.974/0001-18;1325102245;26/09/2024;TODAS
Soro Antitetânico;INSTITUTO BUTANTAN;61.821.344/0001-56;0990689247;19/07/2024;TODAS
candesartana cilexetila;SANDOZ DO BRASIL INDÚSTRIA FARMACÊUTICA LTDA;61.286.647/0001-16;0972926259;25/07/2025;TODAS
Soro Antibotrópico;INSTITUTO BUTANTAN;61.821.344/0001-56;0953674240;12/07/2024;TODAS
Soro Anti-rábico;INSTITUTO BUTANTAN;61.821.344/0001-56;0989732240;19/07/2024;TODAS
BEXETON;GEOLAB INDÚSTRIA FARMACÊUTICA S/A;03.485.572/0001-04;0902375253;09/07/2025;TODAS
DERMONASE;LABORATÓRIO GLOBO SA;17.115.437/0001-73;0778034259;10/06/2025;TODAS
Indafix;EMS SIGMA PHARMA LTDA;00.923.140/0001-31;0466342241;12/04/2024;TODAS
BERBERIS-HOMACCORD;HEEL DO BRASIL BIOMÉDICA LTDA;05.994.539/0001-27;4370054222;01/07/2022;TODAS
GLICOSE 75%;HALEX ISTAR INDÚSTRIA FARMACÊUTICA SA;01.571.702/0001-98;0223623191;13/03/2019;TODAS
NIMESULIDA;CIMED INDUSTRIA S.A;02.814.497/0001-07;1127989183;29/11/2018;TODAS
DOMPERIX;EUROFARMA LABORATÓRIOS S.A.;61.190.096/0001-92;0715026224;25/02/2022;TODAS
Soro Anticrotálico;INSTITUTO BUTANTAN;61.821.344/0001-56;0920696244;05/07/2024;TODAS
GADOVIST;BAYER S.A.;18.459.628/0001-15;1476798249;28/10/2024;TODAS
bromoprida;LEGRAND PHARMA INDÚSTRIA FARMACÊUTICA LTDA;05.044.984/0001-26;0418401241;03/04/2024;TODAS
Paracetamol;NATIVITA IND. COM. LTDA.;65.271.900/0001-19;2295088195;30/09/2019;TODAS
cloridrato de tramadol (PORT. 344/98 - LISTA A2);HIPOLABOR FARMACEUTICA LTDA;19.570.720/0001-10;1542331242;08/11/2024;TODAS
DIGESIGMA;EMS SIGMA PHARMA LTDA;00.923.140/0001-31;0418932247;03/04/2024;TODAS
nitrato de fenticonazol;EMS S/A;57.507.378/0003-65;3764862211;23/09/2021;TODAS
lansoprazol + claritromicina + amoxicilina;LABORATÓRIO TEUTO BRASILEIRO S/A;17.159.229/0001-76;0655311254;15/05/2025;TODAS
GLALFITAL;LABORATÓRIO TEUTO BRASILEIRO S/A;17.159.229/0001-76;1177465256;04/09/2025;TODAS
SIILIF;TAKEDA PHARMA LTDA.;60.397.775/0001-74;0415177251;26/03/2025;TODAS
TREXACONT;LEGRAND PHARMA INDÚSTRIA FARMACÊUTICA LTDA;05.044.984/0001-26;4435350220;16/07/2022;TODAS
EPÉZ;TORRENT DO BRASIL LTDA;33.078.528/0001-32;0516007254;15/04/2025;TODAS
NORFLOXACINO;PHARMASCIENCE INDUSTRIA FARMACEUTICA S.A;25.773.037/0001-83;0274843226;21/01/2022;TODAS
Tranquinal SLG;Laboratórios Bagó do Brasil S/A;04.748.181/0009-47;1370119232;04/12/2023;TODAS
acetato de dexametasona;CIMED INDUSTRIA S.A;02.814.497/0001-07;0243417182;29/03/2018;TODAS
CLORIDRATO DE VALACICLOVIR;RANBAXY FARMACÊUTICA LTDA;73.663.650/0001-90;0757951252;04/06/2025;TODAS
QLAIRA;BAYER S.A.;18.459.628/0001-15;3778846213;24/09/2021;TODAS
CARVEDILOL;EMS S/A;57.507.378/0003-65;4904632222;04/11/2022;TODAS
pantoprazol sódico;EMS S/A;57.507.378/0003-65;0282735259;27/02/2025;TODAS
CETONAT;NATIVITA IND. COM. LTDA.;65.271.900/0001-19;0237002230;09/03/2023;TODAS
MICOPLEX;CAZI QUIMICA FARMACEUTICA INDUSTRIA E COMERCIO LTDA;44.010.437/0001-81;4129399201;23/11/2020;TODAS
COSENTYX;NOVARTIS BIOCIENCIAS S.A;56.994.502/0001-30;0019173253;07/01/2025;TODAS
RISONATO;EMS S/A;57.507.378/0003-65;4992053220;29/11/2022;TODAS
RITMONEURAN RTM;KLEY HERTZ FARMACEUTICA S.A;92.695.691/0001-03;1391585232;07/12/2023;TODAS
Carvedilol;TORRENT DO BRASIL LTDA;33.078.528/0001-32;4699203221;15/09/2022;TODAS
PIPERACILINA SÓDICA+TAZOBACTAM SÓDICO;ANTIBIÓTICOS DO BRASIL LTDA;05.439.635/0001-03;1079436243;07/08/2024;TODAS
PLAQ;EUROFARMA LABORATÓRIOS S.A.;61.190.096/0001-92;0175345252;07/02/2025;TODAS
XEFO;BIOLAB SANUS FARMACÊUTICA LTDA;49.475.833/0001-06;1512630217;20/04/2021;TODAS
ANASTROLIBBS;LIBBS FARMACÊUTICA LTDA;61.230.314/0001-75;1360123245;03/10/2024;TODAS
ampicilina sódica + sulbactam sódica;ANTIBIÓTICOS DO BRASIL LTDA;05.439.635/0001-03;0209331232;02/03/2023;TODAS
ADINOS GEN;ACHÉ LABORATÓRIOS FARMACÊUTICOS S.A;60.659.463/0029-92;0329042254;11/03/2025;TODAS
ETODOLACO;EMS S/A;57.507.378/0003-65;0788218255;11/06/2025;TODAS
SINVASTATINA;SANDOZ DO BRASIL INDÚSTRIA FARMACÊUTICA LTDA;61.286.647/0001-16;0103272259;23/01/2025;TODAS
travoprosta;EMS S/A;57.507.378/0003-65;1023043254;08/08/2025;TODAS
fenitoína sódica;HIPOLABOR FARMACEUTICA LTDA;19.570.720/0001-10;1457009242;23/10/2024;TODAS
propionato de clobetasol;LABORATÓRIO GLOBO SA;17.115.437/0001-73;0502897252;11/04/2025;TODAS
SORO ANTIDIFTERICO;INSTITUTO BUTANTAN;61.821.344/0001-56;0894476246;01/07/2024;TODAS
NORFLOXACINO;LABORATÓRIO GLOBO SA;17.115.437/0001-73;0585013250;30/04/2025;TODAS
Vasotrilix;EMS S/A;57.507.378/0003-65;0465738249;12/04/2024;TODAS
SOLUÇÃO GLICOFISIOLÓGICA;BAXTER HOSPITALAR LTDA;49.351.786/0002-61;3863407211;30/09/2021;TODAS
SORO ANTILONÔMICO;INSTITUTO BUTANTAN;61.821.344/0001-56;0117806251;28/01/2025;TODAS
soro antibotrópico-laquético;INSTITUTO BUTANTAN;61.821.344/0001-56;1088856241;09/08/2024;TODAS
NEVRALGEX;CIMED INDUSTRIA S.A;02.814.497/0001-07;0524697256;16/04/2025;TODAS
EPIDUO;GALDERMA BRASIL LTDA;00.317.372/0001-46;1682244245;09/12/2024;TODAS
ATEROGREL;BIOLAB SANUS FARMACÊUTICA LTDA;49.475.833/0001-06;1558486211;23/04/2021;TODAS
Soro Antiescorpiônico;INSTITUTO BUTANTAN;61.821.344/0001-56;1091674248;09/08/2024;TODAS
soro antiaracnídico (Loxosceles, Phoneutria e Tityus);INSTITUTO BUTANTAN;61.821.344/0001-56;1025231244;26/07/2024;TODAS
aero-ifal;IFAL INDUSTRIA E COMERCIO DE PRODUTOS FARMAC LTDA;00.376.959/0001-26;3511525194;19/12/2019;TODAS
cloridrato de donepezila;TORRENT DO BRASIL LTDA;33.078.528/0001-32;0516034251;15/04/2025;TODAS
Cloridrato de Sibutramina Monoidratada;LABORATÓRIO TEUTO BRASILEIRO S/A;17.159.229/0001-76;4710268223;19/09/2022;TODAS
AMPICILAB;MULTILAB INDUSTRIA E COMERCIO DE PRODUTOS FARMACEUTICOS LTDA;92.265.552/0009-05;0986888257;30/07/2025;TODAS
PREGALPHA;TORRENT DO BRASIL LTDA;33.078.528/0001-32;1272295249;16/09/2024;TODAS
ácido tranexâmico;EMS S/A;57.507.378/0003-65;0896449254;08/07/2025;TODAS
Soro Antielapídico;INSTITUTO BUTANTAN;61.821.344/0001-56;0990151247;19/07/2024;TODAS
Dipropionato de Betametasona + Sulfato de Gentamicina;GEOLAB INDÚSTRIA FARMACÊUTICA S/A;03.485.572/0001-04;0488364181;18/06/2018;TODAS
IBUPROFENO;PRATI DONADUZZI & CIA LTDA;73.856.593/0001-66;0180671158;27/02/2015;TODAS
OXALATO DE ESCITALOPRAM;TORRENT DO BRASIL LTDA;33.078.528/0001-32;0461494230;08/05/2023;TODAS
BUPROLIVIUM;KLEY HERTZ FARMACEUTICA S.A;92.695.691/0001-03;0142604259;31/01/2025;TODAS
FARMANGUINHOS OSELTAMIVIR;FUNDAÇÃO OSWALDO CRUZ;33.781.055/0001-35;0662012259;16/05/2025;TODAS
levofloxacino;ZYDUS NIKKHO FARMACÊUTICA LTDA;05.254.971/0001-81;0768786258;06/06/2025;TODAS
CLORIDRATO DE METFORMINA;CIMED INDUSTRIA S.A;02.814.497/0001-07;1176311186;13/12/2018;TODAS
lamotrigina;TORRENT DO BRASIL LTDA;33.078.528/0001-32;1189850257;08/09/2025;TODAS
Soro Antibotulínico AB;INSTITUTO BUTANTAN;61.821.344/0001-56;0849738245;21/06/2024;TODAS
CABERTRIX;ADIUM S.A.;55.980.684/0001-27;1375936247;07/10/2024;TODAS
PROMENSIL;FARMOQUÍMICA S/A;33.349.473/0001-58;0965154246;16/07/2024;TODAS
Soro Antibotrópico-crotálico;INSTITUTO BUTANTAN;61.821.344/0001-56;1025375246;26/07/2024;TODAS
RESFENOL THERMUS;KLEY HERTZ FARMACEUTICA S.A;92.695.691/0001-03;1716787216;04/05/2021;TODAS
BROMETO DE PINAVÉRIO;LEGRAND PHARMA INDÚSTRIA FARMACÊUTICA LTDA;05.044.984/0001-26;0772664251;09/06/2025;TODAS
FENOBRATY;LEGRAND PHARMA INDÚSTRIA FARMACÊUTICA LTDA;05.044.984/0001-26;0244430250;20/02/2025;TODAS
BIOHEPATON;PHARMASCIENCE INDUSTRIA FARMACEUTICA S.A;25.773.037/0001-83;0220328251;17/02/2025;TODAS
Bromoprida;EMS S/A;57.507.378/0003-65;0418669244;03/04/2024;TODAS
ADENOSINA;HIPOLABOR FARMACEUTICA LTDA;19.570.720/0001-10;1448035244;22/10/2024;TODAS
MANITOL BAXTER;BAXTER HOSPITALAR LTDA;49.351.786/0002-61;4659430219;25/11/2021;TODAS
SS WHITE 100;S S WHITE ARTIGOS DENTARIOS S/A;68.567.650/0001-57;1296509249;20/09/2024;TODAS
SOSSEG;CIMED INDUSTRIA S.A;02.814.497/0001-07;0455353255;03/04/2025;TODAS
CAPTOPRIL;BRASTERAPICA PHARMACEUTICA LTDA.;46.179.008/0001-68;0264993233;16/03/2023;TODAS
CETOCONAZOL;NATIVITA IND. COM. LTDA.;65.271.900/0001-19;0724669221;25/02/2022;TODAS
EMS-PRED;EMS S/A;57.507.378/0003-65;0645292257;13/05/2025;TODAS
VISOPTIC;GEOLAB INDÚSTRIA FARMACÊUTICA S/A;03.485.572/0001-04;1134998252;22/08/2025;TODAS
PIEMONTE;EUROFARMA LABORATÓRIOS S.A.;61.190.096/0001-92;4726592220;22/09/2022;TODAS
SALONPAS PAIN RELIEF PATCH;HISAMITSU FARMACÊUTICA DO BRASIL LTDA;49.383.250/0001-47;0604315236;14/06/2023;TODAS
DICLORIDRATO DE HIDROXIZINA;GEOLAB INDÚSTRIA FARMACÊUTICA S/A;03.485.572/0001-04;4223512226;28/05/2022;TODAS
CLORIDRATO DE SEVELAMER;FUNDAÇÃO OSWALDO CRUZ;33.781.055/0001-35;1277604231;17/11/2023;TODAS
PEDIALYTE MAX;ABBOTT LABORATÓRIOS DO BRASIL LTDA;56.998.701/0001-16;0620828234;19/06/2023;TODAS
HEMIFUMARATO DE QUETIAPINA;CRISTÁLIA PRODUTOS QUÍMICOS FARMACÊUTICOS LTDA.;44.734.671/0001-51;0940214253;21/07/2025;TODAS
ELREXFIO;PFIZER BRASIL LTDA;61.072.393/0001-33;1179997255;04/09/2025;TODAS
cloridrato de fexofenadina;UNICHEM FARMACÊUTICA DO BRASIL LTDA;05.399.786/0001-85;0638977258;12/05/2025;TODAS
BACIGEN;CAZI QUIMICA FARMACEUTICA INDUSTRIA E COMERCIO LTDA;44.010.437/0001-81;4132227204;23/11/2020;TODAS
ZYLCAS;ZYDUS NIKKHO FARMACÊUTICA LTDA;05.254.971/0001-81;0464596220;07/02/2022;TODAS
Alprazolam;LABORATÓRIO TEUTO BRASILEIRO S/A;17.159.229/0001-76;0813425255;18/06/2025;TODAS
SOLLEVARE;EMS S/A;57.507.378/0003-65;1443851248;21/10/2024;TODAS
TOBRAMICINA;GEOLAB INDÚSTRIA FARMACÊUTICA S/A;03.485.572/0001-04;1010143255;06/08/2025;TODAS
ACETATO DE PREDNISOLONA;GEOLAB INDÚSTRIA FARMACÊUTICA S/A;03.485.572/0001-04;1136320253;23/08/2025;TODAS
OLANZAPINA;CRISTÁLIA PRODUTOS QUÍMICOS FARMACÊUTICOS LTDA.;44.734.671/0001-51;0505129181;25/06/2018;TODAS
cloridrato de bupropiona;EMS S/A;57.507.378/0003-65;0857711253;30/06/2025;TODAS
ÁCIDO TRANEXÂMICO;HIPOLABOR FARMACEUTICA LTDA;19.570.720/0001-10;1445524244;21/10/2024;TODAS
CLORIDRATO DE NALOXONA;HIPOLABOR FARMACEUTICA LTDA;19.570.720/0001-10;1567333249;14/11/2024;TODAS
ARNICA GEL;HERBARIUM LABORATORIO BOTANICO LTDA;78.950.011/0001-20;3113528216;09/08/2021;TODAS
Isotretinoína;GERMED FARMACEUTICA LTDA;45.992.062/0001-65;0997352256;01/08/2025;TODAS
amoxicilina + clavulanato de potássio;EUROFARMA LABORATÓRIOS S.A.;61.190.096/0001-92;0996623256;01/08/2025;TODAS
ACECLOFENACO;EMS S/A;57.507.378/0003-65;0961268255;23/07/2025;TODAS
PLAVOM;CIMED INDUSTRIA S.A;02.814.497/0001-07;1815065209;08/06/2020;TODAS
EUTHYROX;MERCK S/A;33.069.212/0001-84;1133203256;22/08/2025;TODAS
FLUCONID;VITAMEDIC INDUSTRIA FARMACEUTICA LTDA;30.222.814/0001-31;0420316256;27/03/2025;TODAS
dicloridrato de betaistina;RANBAXY FARMACÊUTICA LTDA;73.663.650/0001-90;5204052216;10/12/2021;TODAS
MONTELUCASTE SÓDICO;ZYDUS NIKKHO FARMACÊUTICA LTDA;05.254.971/0001-81;1154881253;28/08/2025;TODAS
PINAZAN;CRISTÁLIA PRODUTOS QUÍMICOS FARMACÊUTICOS LTDA.;44.734.671/0001-51;0683855255;21/05/2025;TODAS
CLORIDRATO DE PROPRANOLOL;CIMED INDUSTRIA S.A;02.814.497/0001-07;3932153203;09/11/2020;TODAS
maleato de dexclorfeniramina;CIMED INDUSTRIA S.A;02.814.497/0001-07;0415107253;26/03/2025;TODAS
PRISTIQ;PFIZER BRASIL LTDA;61.072.393/0001-33;0760797242;06/06/2024;TODAS
SYNFLORIX;GLAXOSMITHKLINE BRASIL LTDA;33.247.743/0001-10;4535192227;10/08/2022;TODAS
Ciclopirox- olamina;LABORATÓRIO GLOBO SA;17.115.437/0001-73;0839954255;26/06/2025;TODAS
Pradaxa;BOEHRINGER INGELHEIM DO BRASIL QUÍMICA E FARMACÊUTICA LTDA.;60.831.658/0001-77;1773671243;30/12/2024;TODAS
AMINOFILINA;HIPOLABOR FARMACEUTICA LTDA;19.570.720/0001-10;1665822244;05/12/2024;TODAS
CIPRIXIN DEXA;GEOLAB INDÚSTRIA FARMACÊUTICA S/A;03.485.572/0001-04;4654986227;06/09/2022;TODAS
FDC BETACAROTENO 15 MG;BIOWELL AMERICA LTDA;40.809.626/0001-68;0437944146;03/06/2014;TODAS
cloridrato de ciprofloxacino;CIMED INDUSTRIA S.A;02.814.497/0001-07;0367628252;19/03/2025;TODAS
AMLOVASC;SANDOZ DO BRASIL INDÚSTRIA FARMACÊUTICA LTDA;61.286.647/0001-16;0667550259;16/05/2025;TODAS
diclofenaco sódico;PRATI DONADUZZI & CIA LTDA;73.856.593/0001-66;4944478224;16/11/2022;TODAS
MITEXAN;BAXTER HOSPITALAR LTDA;49.351.786/0002-61;1451236247;22/10/2024;TODAS
GENUXAL;BAXTER HOSPITALAR LTDA;49.351.786/0002-61;0532981251;18/04/2025;TODAS
BRONQUITOSS;LEGRAND PHARMA INDÚSTRIA FARMACÊUTICA LTDA;05.044.984/0001-26;3420068212;30/08/2021;TODAS
NOLIPO;LABORATÓRIO TEUTO BRASILEIRO S/A;17.159.229/0001-76;2656945216;08/07/2021;TODAS
CETIRTEC;LABORATÓRIO TEUTO BRASILEIRO S/A;17.159.229/0001-76;1933204211;19/05/2021;TODAS
FOLONIN;GEOLAB INDÚSTRIA FARMACÊUTICA S/A;03.485.572/0001-04;0277268257;27/02/2025;TODAS
TASIGNA;NOVARTIS BIOCIENCIAS S.A;56.994.502/0001-30;1542594243;08/11/2024;TODAS
TROMIZIR;BELFAR LTDA;18.324.343/0001-77;1733402241;19/12/2024;TODAS
TROMETAMOL CETOROLACO;GEOLAB INDÚSTRIA FARMACÊUTICA S/A;03.485.572/0001-04;1184223254;05/09/2025;TODAS
desonida;LABORATÓRIO GLOBO SA;17.115.437/0001-73;0732476259;29/05/2025;TODAS
IPRAVENT;EMS SIGMA PHARMA LTDA;00.923.140/0001-31;0478148259;07/04/2025;TODAS
FLUCONAZOL;RANBAXY FARMACÊUTICA LTDA;73.663.650/0001-90;0092465172;18/01/2017;TODAS
PROPILRACIL;BIOLAB SANUS FARMACÊUTICA LTDA;49.475.833/0001-06;1493416217;19/04/2021;TODAS
SULFATO DE ZINCO;VASCONCELOS INDUSTRIA FARMACEUTICA E COMERCIO LTDA;05.155.425/0001-93;0921393245;05/07/2024;TODAS
MUCOBRONQ;NATULAB LABORATORIO S.A;02.456.955/0001-83;1431189215;14/04/2021;TODAS
ALPHABRIN;GEOLAB INDÚSTRIA FARMACÊUTICA S/A;03.485.572/0001-04;1097679250;16/08/2025;TODAS
Ventia;PANAMERICAN MEDICAL SUPPLY SUPRIMENTOS MÉDICOS LTDA;01.329.816/0001-26;2168488190;13/09/2019;TODAS
DUOSOL SEM POTÁSSIO;LABORATORIOS B. BRAUN S/A;31.673.254/0001-02;0443230242;09/04/2024;TODAS
ACETONIDA DE TRIANCINOLONA;GEOLAB INDÚSTRIA FARMACÊUTICA S/A;03.485.572/0001-04;0519508180;28/06/2018;TODAS
RITOP;ZYDUS NIKKHO FARMACÊUTICA LTDA;05.254.971/0001-81;1573235215;24/04/2021;TODAS
Bromidrato de Fenoterol;HIPOLABOR FARMACEUTICA LTDA;19.570.720/0001-10;4257340208;02/12/2020;TODAS
IBUPROFENO;GERMED FARMACEUTICA LTDA;45.992.062/0001-65;1471726240;25/10/2024;TODAS
NOVOSORO NF;LABORATÓRIO GLOBO SA;17.115.437/0001-73;0489192254;09/04/2025;TODAS
SULFATO DE MAGNÉSIO HEPTAHIDRATADO;VASCONCELOS INDUSTRIA FARMACEUTICA E COMERCIO LTDA;05.155.425/0001-93;1222377241;05/09/2024;TODAS
Stelara;JANSSEN-CILAG FARMACÊUTICA LTDA;51.780.468/0001-87;1205643257;11/09/2025;TODAS
hemitartarato de norepinefrina;HYPOFARMA - INSTITUTO DE HYPODERMIA E FARMÁCIA LTDA;17.174.657/0001-78;1612406246;26/11/2024;TODAS
brometo de ipratrópio;HIPOLABOR FARMACEUTICA LTDA;19.570.720/0001-10;4256902208;02/12/2020;TODAS
cloridrato de clorpromazina;HYPOFARMA - INSTITUTO DE HYPODERMIA E FARMÁCIA LTDA;17.174.657/0001-78;0230513239;08/03/2023;TODAS
RINIDON;WELEDA DO BRASIL LABORATÓRIO E FARMÁCIA LTDA;56.992.217/0001-80;1188296256;08/09/2025;TODAS
DRENOGRIP;BELFAR LTDA;18.324.343/0001-77;0769388256;06/06/2025;TODAS
ENEMAPLEX;FRESENIUS KABI BRASIL LTDA;49.324.221/0001-04;0288115132;16/04/2013;TODAS
MESNA;BLAU FARMACÊUTICA S.A.;58.430.828/0001-60;0313829250;07/03/2025;TODAS
sulfato de morfina;HIPOLABOR FARMACEUTICA LTDA;19.570.720/0001-10;1458312241;23/10/2024;TODAS
ATENOPRESS;SANDOZ DO BRASIL INDÚSTRIA FARMACÊUTICA LTDA;61.286.647/0001-16;0040578259;10/01/2025;TODAS
HISOCEL;FRESENIUS KABI BRASIL LTDA;49.324.221/0001-04;0288501138;16/04/2013;TODAS
Actemra;PRODUTOS ROCHE QUÍMICOS E FARMACÊUTICOS S.A.;33.009.945/0001-23;0740593251;02/06/2025;TODAS
DINILL;ALLERGAN PRODUTOS FARMACÊUTICOS LTDA;43.426.626/0001-77;2018537215;25/05/2021;TODAS
GLICEROL ENEMA 12%;HYPOFARMA - INSTITUTO DE HYPODERMIA E FARMÁCIA LTDA;17.174.657/0001-78;1607144211;27/04/2021;TODAS
MANITOL FARMACE;FARMACE INDÚSTRIA QUÍMICO-FARMACÊUTICA CEARENSE LTDA;06.628.333/0001-46;0216065241;23/02/2024;TODAS
isotretinoína;COLBRÁS INDÚSTRIA E COMÉRCIO LTDA;00.413.925/0001-64;0981249256;29/07/2025;TODAS
NOVOFER PED;ACHÉ LABORATÓRIOS FARMACÊUTICOS S.A;60.659.463/0029-92;2304082163;20/09/2016;TODAS
LORAZEPAM;EMS S/A;57.507.378/0003-65;1133930247;19/08/2024;TODAS
FLUXTAR;DIFFUCAP - CHEMOBRÁS QUÍMICA E FARMACÊUTICA LTDA;42.457.796/0001-56;1730279244;18/12/2024;TODAS
ZEEL COMP N;HEEL DO BRASIL BIOMÉDICA LTDA;05.994.539/0001-27;4371117228;01/07/2022;TODAS
IBUPROFENO;GERMED FARMACEUTICA LTDA;45.992.062/0001-65;1471970248;25/10/2024;TODAS
CLORETO DE MAGNÉSIO IFAL;IFAL INDUSTRIA E COMERCIO DE PRODUTOS FARMAC LTDA;00.376.959/0001-26;0996054146;05/11/2014;TODAS
COLPATRIN;LABORATÓRIO TEUTO BRASILEIRO S/A;17.159.229/0001-76;0552389251;24/04/2025;TODAS
HIPERTONIC 5%;OPHTHALMOS LTDA;61.129.409/0001-05;0194578232;27/02/2023;TODAS
INTELENCE;JANSSEN-CILAG FARMACÊUTICA LTDA;51.780.468/0001-87;1312620242;24/09/2024;TODAS
sulfato de neomicina + bacitracina zíncica;LABORATÓRIO TEUTO BRASILEIRO S/A;17.159.229/0001-76;0730572251;29/05/2025;TODAS
VOLULYTE;FRESENIUS KABI BRASIL LTDA;49.324.221/0001-04;0288610133;16/04/2013;TODAS
bissulfato de clopidogrel;RANBAXY FARMACÊUTICA LTDA;73.663.650/0001-90;0200744259;12/02/2025;TODAS
HOLOXANE;BAXTER HOSPITALAR LTDA;49.351.786/0002-61;0970813244;16/07/2024;TODAS
Desoskin;EMS SIGMA PHARMA LTDA;00.923.140/0001-31;3778071211;24/09/2021;TODAS
ISTARHES;HALEX ISTAR INDÚSTRIA FARMACÊUTICA SA;01.571.702/0001-98;4195928201;27/11/2020;TODAS
brometo de ipratrópio;GERMED FARMACEUTICA LTDA;45.992.062/0001-65;0478165251;07/04/2025;TODAS
ampicilina;PRATI DONADUZZI & CIA LTDA;73.856.593/0001-66;2369166192;07/10/2019;TODAS
AMOXICILINA;UNIÃO QUÍMICA FARMACÊUTICA NACIONAL S/A;60.665.981/0001-18;0878715258;04/07/2025;TODAS
TIEPEM;INSTITUTO BIOCHIMICO INDÚSTRIA FARMACÊUTICA LTDA;33.258.401/0001-03;0861398254;01/07/2025;TODAS
BROMETO DE IPRATRÓPIO;LABORATÓRIO GLOBO SA;17.115.437/0001-73;0459950258;03/04/2025;TODAS
ENDONIDAZOL;FRESENIUS KABI BRASIL LTDA;49.324.221/0001-04;5071193221;20/12/2022;TODAS
AEROTRAT;CAZI QUIMICA FARMACEUTICA INDUSTRIA E COMERCIO LTDA;44.010.437/0001-81;4131970202;23/11/2020;TODAS
AVAMYS;GLAXOSMITHKLINE BRASIL LTDA;33.247.743/0001-10;0609772252;06/05/2025;TODAS
BOTULIFT;LABORATÓRIO QUÍMICO FARMACÊUTICO BERGAMO LTDA;61.282.661/0001-41;0133484254;30/01/2025;TODAS
BETAMETASONA;PRATI DONADUZZI & CIA LTDA;73.856.593/0001-66;4642084203;30/12/2020;TODAS
cetoconazol+dipropionato de betametasona;LABORATÓRIO GLOBO SA;17.115.437/0001-73;5000722221;01/12/2022;TODAS
WELLBUTRIN;GLAXOSMITHKLINE BRASIL LTDA;33.247.743/0001-10;0713117257;27/05/2025;TODAS
BRAMITOB;CHIESI FARMACÊUTICA LTDA;61.363.032/0001-46;0045201251;13/01/2025;TODAS
amoxicilina + clavulanato de potássio;RANBAXY FARMACÊUTICA LTDA;73.663.650/0001-90;0551023186;11/07/2018;TODAS
FUMARATO DE BISOPROLOL+ HIDROCLOROTIAZIDA;UNICHEM FARMACÊUTICA DO BRASIL LTDA;05.399.786/0001-85;0780042255;10/06/2025;TODAS
ÁGUA PARA IRRIGAÇÃO;FRESENIUS KABI BRASIL LTDA;49.324.221/0001-04;0287844135;16/04/2013;TODAS
PRÉ-FOLIC;LABORATÓRIO FARMACÊUTICO ELOFAR LTDA;83.874.628/0001-43;0548648255;23/04/2025;TODAS
INTESTIN;LABORATÓRIO GLOBO SA;17.115.437/0001-73;0577108255;29/04/2025;TODAS
ANSIODORON;WELEDA DO BRASIL LABORATÓRIO E FARMÁCIA LTDA;56.992.217/0001-80;1179002253;04/09/2025;TODAS
FENILEFRIN;CRISTÁLIA PRODUTOS QUÍMICOS FARMACÊUTICOS LTDA.;44.734.671/0001-51;0856107219;04/03/2021;TODAS
ÁGUA PARA INJEÇÃO;JP INDUSTRIA FARMACEUTICA S/A;55.972.087/0001-50;0801177251;16/06/2025;TODAS
DICLOAIR;LEGRAND PHARMA INDÚSTRIA FARMACÊUTICA LTDA;05.044.984/0001-26;0793039258;12/06/2025;TODAS
SOLUÇÃO PARA DIÁLISE PERITONIAL COM GLICOSE;BEKER PRODUTOS FÁRMACO HOSPITALARES LTDA;47.231.121/0001-08;1430357214;14/04/2021;TODAS
INFLUDO;WELEDA DO BRASIL LABORATÓRIO E FARMÁCIA LTDA;56.992.217/0001-80;1187190250;08/09/2025;TODAS
cloridrato de hidroxizina;GERMED FARMACEUTICA LTDA;45.992.062/0001-65;1182600247;28/08/2024;TODAS
LANSOPRAZOL;PRATI DONADUZZI & CIA LTDA;73.856.593/0001-66;4588839217;19/11/2021;TODAS
ALOIS;APSEN FARMACEUTICA S/A;62.462.015/0001-29;0843899255;27/06/2025;TODAS
BIOFLADEX;EMS S/A;57.507.378/0003-65;1021257257;08/08/2025;TODAS
SPIRIVA RESPIMAT;BOEHRINGER INGELHEIM DO BRASIL QUÍMICA E FARMACÊUTICA LTDA.;60.831.658/0001-77;0070995257;17/01/2025;TODAS
ACETATO DE SÓDIO;VASCONCELOS INDUSTRIA FARMACEUTICA E COMERCIO LTDA;05.155.425/0001-93;1230030239;08/11/2023;TODAS
BETINA;EUROFARMA LABORATÓRIOS S.A.;61.190.096/0001-92;8506715211;27/12/2021;TODAS
DACOGEN;JANSSEN-CILAG FARMACÊUTICA LTDA;51.780.468/0001-87;1680232240;09/12/2024;TODAS
AZITROMICINA;CIFARMA CIENTÍFICA FARMACÊUTICA LTDA;17.562.075/0001-69;2104566166;21/07/2016;TODAS
EXTRANEAL;BAXTER HOSPITALAR LTDA;49.351.786/0002-61;1029440255;11/08/2025;TODAS
REFORTRIX IPV;GLAXOSMITHKLINE BRASIL LTDA;33.247.743/0001-10;1031554246;29/07/2024;TODAS
EFAVIRENZ;FUNDAÇÃO OSWALDO CRUZ;33.781.055/0001-35;1463408212;16/04/2021;TODAS
FARMAFLAN;PHARLAB INDÚSTRIA FARMACÊUTICA S.A.;02.501.297/0001-02;0815386257;18/06/2025;TODAS
TESTE PUBLICACAO;EMPRESA DE TESTE LTDA. (VS01);33.683.202/0001-34;0297832146;17/04/2014;TODAS
VITAUM;GEOLAB INDÚSTRIA FARMACÊUTICA S/A;03.485.572/0001-04;0603790259;05/05/2025;TODAS
Euflexxa;LABORATÓRIOS FERRING LTDA;74.232.034/0001-48;1471837246;25/10/2024;TODAS
MIOFIBRAX;LEGRAND PHARMA INDÚSTRIA FARMACÊUTICA LTDA;05.044.984/0001-26;1744066248;20/12/2024;TODAS
Gabapentina;EMS S/A;57.507.378/0003-65;0025821253;08/01/2025;TODAS
MUPIROX;EMS S/A;57.507.378/0003-65;1411178211;13/04/2021;TODAS
Fenofibrato;EMS S/A;57.507.378/0003-65;0241963257;20/02/2025;TODAS
VACINA ROTAVÍRUS HUMANO G1P[8] (ATENUADA);FUNDAÇÃO OSWALDO CRUZ;33.781.055/0001-35;0690184255;22/05/2025;TODAS
ESTOLATO DE ERITROMICINA;PRATI DONADUZZI & CIA LTDA;73.856.593/0001-66;0468234143;12/06/2014;TODAS
acebrofilina;CIMED INDUSTRIA S.A;02.814.497/0001-07;0774478250;09/06/2025;TODAS
MELOXICAM;LABORATÓRIO TEUTO BRASILEIRO S/A;17.159.229/0001-76;0731184254;29/05/2025;TODAS
GLICOSE + CLORETO DE SÓDIO FARMACE;FARMACE INDÚSTRIA QUÍMICO-FARMACÊUTICA CEARENSE LTDA;06.628.333/0001-46;0215787242;23/02/2024;TODAS
Meritor;ACHÉ LABORATÓRIOS FARMACÊUTICOS S.A;60.659.463/0029-92;0328539252;11/03/2025;TODAS
MESIGYNA;BAYER S.A.;18.459.628/0001-15;0644164255;13/05/2025;TODAS
CICLOPIROX OLAMINA;LEGRAND PHARMA INDÚSTRIA FARMACÊUTICA LTDA;05.044.984/0001-26;1023279258;08/08/2025;TODAS
Dipropionato de Betametasona + Sulfato de Gentamicina;GEOLAB INDÚSTRIA FARMACÊUTICA S/A;03.485.572/0001-04;1586598244;19/11/2024;TODAS
LUCENTIS;NOVARTIS BIOCIENCIAS S.A;56.994.502/0001-30;1157978258;29/08/2025;TODAS
BRECILA;ACCORD FARMACÊUTICA LTDA;64.171.697/0001-46;1395951214;12/04/2021;TODAS
claquinona;GERMED FARMACEUTICA LTDA;45.992.062/0001-65;1374042213;10/04/2021;TODAS
TENOXICAM;CRISTÁLIA PRODUTOS QUÍMICOS FARMACÊUTICOS LTDA.;44.734.671/0001-51;0397184239;20/04/2023;TODAS
bimatoprosta;EMS S/A;57.507.378/0003-65;0810387255;17/06/2025;TODAS
azitromicina;LABORATÓRIO GLOBO SA;17.115.437/0001-73;0868867241;26/06/2024;TODAS
NISTATINA + OXIDO DE ZINCO;LABORATÓRIO GLOBO SA;17.115.437/0001-73;0779183258;10/06/2025;TODAS
losartana potássica;PRATI DONADUZZI & CIA LTDA;73.856.593/0001-66;0961153253;23/07/2025;TODAS
VACINA ADSORVIDA MENINGOCÓCICA C (CONJUGADA);FUNDAÇÃO EZEQUIEL DIAS - FUNED;17.503.475/0001-01;0861444230;16/08/2023;TODAS
topiramato;ACCORD FARMACÊUTICA LTDA;64.171.697/0001-46;0186743254;10/02/2025;TODAS
MALEATO DE ENALAPRIL + HIDROCLOROTIAZIDA;EMS S/A;57.507.378/0003-65;0114744254;27/01/2025;TODAS
HYCIMET;HYPOFARMA - INSTITUTO DE HYPODERMIA E FARMÁCIA LTDA;17.174.657/0001-78;0850215213;04/03/2021;TODAS
CLORIDRATO DE TIAMINA;HIPOLABOR FARMACEUTICA LTDA;19.570.720/0001-10;1396572244;10/10/2024;TODAS
HORMOSKIN;GERMED FARMACEUTICA LTDA;45.992.062/0001-65;0429704241;04/04/2024;TODAS
MALEATO DE ENALAPRIL + HIDROCLOROTIAZIDA;EMS S/A;57.507.378/0003-65;2675665223;05/05/2022;TODAS
ALENDRONATO DE SÓDIO;LEGRAND PHARMA INDÚSTRIA FARMACÊUTICA LTDA;05.044.984/0001-26;1016486251;07/08/2025;TODAS
cloridrato de ondansetrona;HALEX ISTAR INDÚSTRIA FARMACÊUTICA SA;01.571.702/0001-98;0391402242;28/03/2024;TODAS
Ilaris;NOVARTIS BIOCIENCIAS S.A;56.994.502/0001-30;1163291251;01/09/2025;TODAS
ZOLDAC;ZYDUS NIKKHO FARMACÊUTICA LTDA;05.254.971/0001-81;1556373211;23/04/2021;TODAS
ROSUVASTATINA CÁLCICA;TORRENT DO BRASIL LTDA;33.078.528/0001-32;1174846259;03/09/2025;TODAS
cloridrato de ambroxol;NATIVITA IND. COM. LTDA.;65.271.900/0001-19;0493333223;09/02/2022;TODAS
FLUORURACILA;LABORATÓRIO QUÍMICO FARMACÊUTICO BERGAMO LTDA;61.282.661/0001-41;0382427186;14/05/2018;TODAS
sulfato de glicosamina;EMS SIGMA PHARMA LTDA;00.923.140/0001-31;0778136230;26/07/2023;TODAS
dipirona;MEDQUIMICA INDUSTRIA FARMACEUTICA LTDA.;17.875.154/0001-20;4780937221;04/10/2022;TODAS
TARTARATO DE BRIMONIDINA;GEOLAB INDÚSTRIA FARMACÊUTICA S/A;03.485.572/0001-04;0992687250;31/07/2025;TODAS
DERIVA C MICRO;GLENMARK FARMACÊUTICA LTDA;44.363.661/0001-57;1627433244;28/11/2024;TODAS
CLORDOX;LABORATÓRIO TEUTO BRASILEIRO S/A;17.159.229/0001-76;0004520238;03/01/2023;TODAS
CLORIDRATO DE DOXICICLINA;EMS S/A;57.507.378/0003-65;1208403257;11/09/2025;TODAS
CINATREX;CIFARMA CIENTÍFICA FARMACÊUTICA LTDA;17.562.075/0001-69;0832743259;25/06/2025;TODAS
FUNGITRIN;VITAMEDIC INDUSTRIA FARMACEUTICA LTDA;30.222.814/0001-31;2079088201;29/06/2020;TODAS
ARTICAINE;DFL INDÚSTRIA E COMÉRCIO S/A;33.112.665/0001-46;1157377246;22/08/2024;TODAS
BAMIFIX;CHIESI FARMACÊUTICA LTDA;61.363.032/0001-46;1478299240;28/10/2024;TODAS
RUBIDOX;LABORATÓRIO QUÍMICO FARMACÊUTICO BERGAMO LTDA;61.282.661/0001-41;0878889248;27/06/2024;TODAS
NUBAIN;CRISTÁLIA PRODUTOS QUÍMICOS FARMACÊUTICOS LTDA.;44.734.671/0001-51;0923236212;09/03/2021;TODAS
REVIA;CRISTÁLIA PRODUTOS QUÍMICOS FARMACÊUTICOS LTDA.;44.734.671/0001-51;0474516253;07/04/2025;TODAS
NEURIVIT;CAZI QUIMICA FARMACEUTICA INDUSTRIA E COMERCIO LTDA;44.010.437/0001-81;4131377201;23/11/2020;TODAS
CLORIDRATO DE BETAXOLOL;CRISTÁLIA PRODUTOS QUÍMICOS FARMACÊUTICOS LTDA.;44.734.671/0001-51;0473744150;28/05/2015;TODAS
BREVIBLOC;CRISTÁLIA PRODUTOS QUÍMICOS FARMACÊUTICOS LTDA.;44.734.671/0001-51;0536024251;22/04/2025;TODAS
FURP - ETAMBUTOL;FUNDAÇÃO PARA O REMÉDIO POPULAR - FURP;43.640.754/0001-19;0737770252;30/05/2025;TODAS
RETEMIC;APSEN FARMACEUTICA S/A;62.462.015/0001-29;0841937257;27/06/2025;TODAS
BUPSTESIC;UNIÃO QUÍMICA FARMACÊUTICA NACIONAL S/A;60.665.981/0001-18;1475700237;27/12/2023;TODAS
cloridrato de fluoxetina;EMS S/A;57.507.378/0003-65;0260295256;24/02/2025;TODAS
HYPOVERIN;HYPOFARMA - INSTITUTO DE HYPODERMIA E FARMÁCIA LTDA;17.174.657/0001-78;0462964217;04/02/2021;TODAS
CEBRILIN;LIBBS FARMACÊUTICA LTDA;61.230.314/0001-75;1683764242;10/12/2024;TODAS
PONDERA;EUROFARMA LABORATÓRIOS S.A.;61.190.096/0001-92;0638428254;12/05/2025;TODAS
TRAMADON;CRISTÁLIA PRODUTOS QUÍMICOS FARMACÊUTICOS LTDA.;44.734.671/0001-51;1760242241;26/12/2024;TODAS
TRAMALIV;LABORATÓRIO TEUTO BRASILEIRO S/A;17.159.229/0001-76;0000937258;02/01/2025;TODAS
NEOCAINA PESADA;CRISTÁLIA PRODUTOS QUÍMICOS FARMACÊUTICOS LTDA.;44.734.671/0001-51;4556411220;16/08/2022;TODAS
FLUFENAN;CRISTÁLIA PRODUTOS QUÍMICOS FARMACÊUTICOS LTDA.;44.734.671/0001-51;0568283252;28/04/2025;TODAS
PAXTRAT;UNIÃO QUÍMICA FARMACÊUTICA NACIONAL S/A;60.665.981/0001-18;0684568250;21/05/2025;TODAS
MIOSAN;APSEN FARMACEUTICA S/A;62.462.015/0001-29;0077835255;20/01/2025;TODAS
cimetidina;LABORATÓRIO TEUTO BRASILEIRO S/A;17.159.229/0001-76;4417714223;13/07/2022;TODAS
PETIVIT BC;BRASTERAPICA PHARMACEUTICA LTDA.;46.179.008/0001-68;1645480241;02/12/2024;TODAS
cloridrato de fluoxetina;SANDOZ DO BRASIL INDÚSTRIA FARMACÊUTICA LTDA;61.286.647/0001-16;0304355232;27/03/2023;TODAS
cloridrato de fluoxetina;RANBAXY FARMACÊUTICA LTDA;73.663.650/0001-90;0239323219;19/01/2021;TODAS
NEURI - B6;CAZI QUIMICA FARMACEUTICA INDUSTRIA E COMERCIO LTDA;44.010.437/0001-81;4131269204;23/11/2020;TODAS
NAUSILON B6;CIFARMA CIENTÍFICA FARMACÊUTICA LTDA;17.562.075/0001-69;0383394252;21/03/2025;TODAS
PRILONEST;DFL INDÚSTRIA E COMÉRCIO S/A;33.112.665/0001-46;1221487248;04/09/2024;TODAS
PROFERGAN;LABORATÓRIO TEUTO BRASILEIRO S/A;17.159.229/0001-76;0195863259;12/02/2025;TODAS
PROPRANOLOM;LABORATÓRIOS OSÓRIO DE MORAES LTDA;19.791.813/0001-75;0905832256;10/07/2025;TODAS
SORINAN;PHARMASCIENCE INDUSTRIA FARMACEUTICA S.A;25.773.037/0001-83;0025404245;09/01/2024;TODAS
QUINOFLOX;BIOLAB SANUS FARMACÊUTICA LTDA;49.475.833/0001-06;0069696250;17/01/2025;TODAS
YOMAX;APSEN FARMACEUTICA S/A;62.462.015/0001-29;1203321244;02/09/2024;TODAS
NERALGYN;CIFARMA CIENTÍFICA FARMACÊUTICA LTDA;17.562.075/0001-69;0821875256;23/06/2025;TODAS
INIBINA;APSEN FARMACEUTICA S/A;62.462.015/0001-29;0424455251;28/03/2025;TODAS
NOVABUPI;CRISTÁLIA PRODUTOS QUÍMICOS FARMACÊUTICOS LTDA.;44.734.671/0001-51;0908200210;08/03/2021;TODAS
cloridrato de lidocaína;HYPOFARMA - INSTITUTO DE HYPODERMIA E FARMÁCIA LTDA;17.174.657/0001-78;0901280232;25/08/2023;TODAS
PRANOLAL;CAZI QUIMICA FARMACEUTICA INDUSTRIA E COMERCIO LTDA;44.010.437/0001-81;4195320207;27/11/2020;TODAS
POLYDRAT;PHARMASCIENCE INDUSTRIA FARMACEUTICA S.A;25.773.037/0001-83;0682750141;19/08/2014;TODAS
CIPROFAR;LABORATÓRIO FARMACÊUTICO ELOFAR LTDA;83.874.628/0001-43;0367778254;19/03/2025;TODAS
ALPHACAINE;DFL INDÚSTRIA E COMÉRCIO S/A;33.112.665/0001-46;1165449242;24/08/2024;TODAS
HYPOCAÍNA;HYPOFARMA - INSTITUTO DE HYPODERMIA E FARMÁCIA LTDA;17.174.657/0001-78;0301465231;27/03/2023;TODAS
ANTIMAIS SÉPTICO;KLEY HERTZ FARMACEUTICA S.A;92.695.691/0001-03;3281243215;20/08/2021;TODAS
cloridrato de lidocaína;CRISTÁLIA PRODUTOS QUÍMICOS FARMACÊUTICOS LTDA.;44.734.671/0001-51;1219793219;30/03/2021;TODAS
FIGATIL;LABORATORIO CATARINENSE LTDA;84.684.620/0001-87;4289140220;08/05/2023;TODAS
NESH ZINCO;NUNESFARMA PRODUTOS FARMACÊUTICOS LTDA;75.014.167/0001-00;0233640231;08/03/2023;TODAS
FANCLOMAX;BLAU FARMACÊUTICA S.A.;58.430.828/0001-60;0815944250;18/06/2025;TODAS
FOLINATO DE CALCIO;EUROFARMA LABORATÓRIOS S.A.;61.190.096/0001-92;4956520221;18/11/2022;TODAS
GINKOCAPS;KLEY HERTZ FARMACEUTICA S.A;92.695.691/0001-03;0758156214;25/02/2021;TODAS
GINKGO CATARINENSE;LABORATORIO CATARINENSE LTDA;84.684.620/0001-87;0781084253;10/06/2025;TODAS
GELMAX;EMS S/A;57.507.378/0003-65;1058446258;13/08/2025;TODAS
HUMALOG;ELI LILLY DO BRASIL LTDA;43.940.618/0001-44;4579062221;19/08/2022;TODAS
NOVORAPID;NOVO NORDISK FARMACÊUTICA DO BRASIL LTDA;82.277.955/0001-55;0677564252;20/05/2025;TODAS
HUMULIN N;ELI LILLY DO BRASIL LTDA;43.940.618/0001-44;4278885229;09/06/2022;TODAS
ITRALEX;EMS S/A;57.507.378/0003-65;1227303246;05/09/2024;TODAS
HYLINC;HYPOFARMA - INSTITUTO DE HYPODERMIA E FARMÁCIA LTDA;17.174.657/0001-78;2003083215;24/05/2021;TODAS
Novolin N;NOVO NORDISK FARMACÊUTICA DO BRASIL LTDA;82.277.955/0001-55;0623985241;10/05/2024;TODAS
SPORANOX;JANSSEN-CILAG FARMACÊUTICA LTDA;51.780.468/0001-87;0765675242;07/06/2024;TODAS
EXTRALERG;LABORATORIO DE EXTRATOS ALERGENICOS LTDA;28.614.626/0001-07;1313172243;24/09/2024;TODAS
STRESSDORON;WELEDA DO BRASIL LABORATÓRIO E FARMÁCIA LTDA;56.992.217/0001-80;1193257255;09/09/2025;TODAS
DEOCIL;DIFFUCAP - CHEMOBRÁS QUÍMICA E FARMACÊUTICA LTDA;42.457.796/0001-56;1730003249;18/12/2024;TODAS
AMINOVEN;FRESENIUS KABI BRASIL LTDA;49.324.221/0001-04;1562689210;23/04/2021;TODAS
SIMECO PLUS;EUROFARMA LABORATÓRIOS S.A.;61.190.096/0001-92;0662515251;16/05/2025;TODAS
FLUITOSS;LABORATÓRIO TEUTO BRASILEIRO S/A;17.159.229/0001-76;2860502211;22/07/2021;TODAS
CARBOCISTEÍNA;EMS S/A;57.507.378/0003-65;1555952211;23/04/2021;TODAS
CAPTOPRIL;PRATI DONADUZZI & CIA LTDA;73.856.593/0001-66;0759508232;21/07/2023;TODAS
BORTYZ;ACCORD FARMACÊUTICA LTDA;64.171.697/0001-46;2468178211;25/06/2021;TODAS
OMEPRAMIX;ACHÉ LABORATÓRIOS FARMACÊUTICOS S.A;60.659.463/0029-92;3448189219;01/09/2021;TODAS
HENETIX;GUERBET PRODUTOS RADIOLÓGICOS LTDA;42.180.406/0001-43;0912251255;11/07/2025;TODAS
LORATADINA;EMS S/A;57.507.378/0003-65;4906708226;04/11/2022;TODAS
LORADINE;LABORATÓRIO TEUTO BRASILEIRO S/A;17.159.229/0001-76;2842130219;21/07/2021;TODAS
LORASLIV;VITAMEDIC INDUSTRIA FARMACEUTICA LTDA;30.222.814/0001-31;1402421249;11/10/2024;TODAS
HISTADIN;UNIÃO QUÍMICA FARMACÊUTICA NACIONAL S/A;60.665.981/0001-18;0547953241;25/04/2024;TODAS
FARMANGUINHOS -LAMIVUDINA;FUNDAÇÃO OSWALDO CRUZ;33.781.055/0001-35;1379941237;05/12/2023;TODAS
FURP-LAMIVUDINA;FUNDAÇÃO PARA O REMÉDIO POPULAR - FURP;43.640.754/0001-19;1116041235;18/10/2023;TODAS
GLIMEPIL;FARMOQUÍMICA S/A;33.349.473/0001-58;1379367239;05/12/2023;TODAS
LAMI;CRISTÁLIA PRODUTOS QUÍMICOS FARMACÊUTICOS LTDA.;44.734.671/0001-51;0801294258;16/06/2025;TODAS
FAR-MANGUINHOS-LAMIVUDINA+ZIDOVUDINA;FUNDAÇÃO OSWALDO CRUZ;33.781.055/0001-35;0618400249;09/05/2024;TODAS
FURP-LAMIVUDINA + ZIDOVUDINA;FUNDAÇÃO PARA O REMÉDIO POPULAR - FURP;43.640.754/0001-19;1116089238;18/10/2023;TODAS
GLUCAGEN;NOVO NORDISK FARMACÊUTICA DO BRASIL LTDA;82.277.955/0001-55;0660940256;15/05/2025;TODAS
GASTROFTAL;PHARMASCIENCE INDUSTRIA FARMACEUTICA S.A;25.773.037/0001-83;1185466240;28/08/2024;TODAS
HEBRIN;UNIÃO QUÍMICA FARMACÊUTICA NACIONAL S/A;60.665.981/0001-18;2036390217;26/05/2021;TODAS
SABOFEN;GEYER MEDICAMENTOS S.A.;92.670.801/0001-82;1219197213;30/03/2021;TODAS
NEURAL;CRISTÁLIA PRODUTOS QUÍMICOS FARMACÊUTICOS LTDA.;44.734.671/0001-51;0519526252;16/04/2025;TODAS
XAROPE 44 E;PROCTER & GAMBLE DO BRASIL LTDA.;59.476.770/0001-58;4175999201;26/11/2020;TODAS
HYPERATIV;BIONATUS LABORATÓRIO BOTÂNICO LTDA;68.032.192/0001-51;0068350187;29/01/2018;TODAS
FEMARA;NOVARTIS BIOCIENCIAS S.A;56.994.502/0001-30;1250926246;11/09/2024;TODAS
FURP-HALOPERIDOL;FUNDAÇÃO PARA O REMÉDIO POPULAR - FURP;43.640.754/0001-19;1412129231;12/12/2023;TODAS
ALGY-FLANDERIL;VITAMEDIC INDUSTRIA FARMACEUTICA LTDA;30.222.814/0001-31;0966855256;24/07/2025;TODAS
PROLOPA;PRODUTOS ROCHE QUÍMICOS E FARMACÊUTICOS S.A.;33.009.945/0001-23;1205879251;11/09/2025;TODAS
PARARTRIN;CAZI QUIMICA FARMACEUTICA INDUSTRIA E COMERCIO LTDA;44.010.437/0001-81;4189937207;27/11/2020;TODAS
brometo de ipratrópio;LEGRAND PHARMA INDÚSTRIA FARMACÊUTICA LTDA;05.044.984/0001-26;0478075251;07/04/2025;TODAS
ANTUX;ACHÉ LABORATÓRIOS FARMACÊUTICOS S.A;60.659.463/0029-92;2757130218;15/07/2021;TODAS
TAMIRAM;EUROFARMA LABORATÓRIOS S.A.;61.190.096/0001-92;0861915259;01/07/2025;TODAS
LEVOXIN;APSEN FARMACEUTICA S/A;62.462.015/0001-29;0395806259;24/03/2025;TODAS
LEVAQUIN;JANSSEN-CILAG FARMACÊUTICA LTDA;51.780.468/0001-87;0372045251;19/03/2025;TODAS
TRIANCIL;APSEN FARMACEUTICA S/A;62.462.015/0001-29;1683552245;10/12/2024;TODAS
OTO - XILODASE;APSEN FARMACEUTICA S/A;62.462.015/0001-29;0843958251;27/06/2025;TODAS
IMICIL;UNIÃO QUÍMICA FARMACÊUTICA NACIONAL S/A;60.665.981/0001-18;1689263229;08/04/2022;TODAS
NOCICLIN;EMS S/A;57.507.378/0003-65;1062821246;05/08/2024;TODAS
HEPTAR;EUROFARMA LABORATÓRIOS S.A.;61.190.096/0001-92;0806811251;17/06/2025;TODAS
ISOFORINE;CRISTÁLIA PRODUTOS QUÍMICOS FARMACÊUTICOS LTDA.;44.734.671/0001-51;0661797252;16/05/2025;TODAS
LEVEL;BIOLAB SANUS FARMACÊUTICA LTDA;49.475.833/0001-06;0752042254;03/06/2025;TODAS
DIURIX;LABORATÓRIO TEUTO BRASILEIRO S/A;17.159.229/0001-76;0839176252;26/06/2025;TODAS
DIUREZIN;CAZI QUIMICA FARMACEUTICA INDUSTRIA E COMERCIO LTDA;44.010.437/0001-81;4195094201;27/11/2020;TODAS
IMUNOGLOBULIN;BLAU FARMACÊUTICA S.A.;58.430.828/0001-60;1165265231;25/10/2023;TODAS
CEFALIV;ACHÉ LABORATÓRIOS FARMACÊUTICOS S.A;60.659.463/0029-92;0405430256;25/03/2025;TODAS
MESILATO DE DOXAZOSINA;SANDOZ DO BRASIL INDÚSTRIA FARMACÊUTICA LTDA;61.286.647/0001-16;0709808259;26/05/2025;TODAS
COLPISTAR;FARMOQUÍMICA S/A;33.349.473/0001-58;0816826141;01/10/2014;TODAS
NIMESULIX;LABORATÓRIO TEUTO BRASILEIRO S/A;17.159.229/0001-76;3250667208;23/09/2020;TODAS
UNOPROST;APSEN FARMACEUTICA S/A;62.462.015/0001-29;0756258251;04/06/2025;TODAS
DORMIRE;CRISTÁLIA PRODUTOS QUÍMICOS FARMACÊUTICOS LTDA.;44.734.671/0001-51;0883855232;22/08/2023;TODAS
DORMIUM;UNIÃO QUÍMICA FARMACÊUTICA NACIONAL S/A;60.665.981/0001-18;1204607249;02/09/2024;TODAS
VASOPRIL PLUS;BIOLAB SANUS FARMACÊUTICA LTDA;49.475.833/0001-06;1002688256;04/08/2025;TODAS
MALEATO DE ENALAPRIL;EMS S/A;57.507.378/0003-65;0987087258;30/07/2025;TODAS
SEPURIN;LABORATÓRIO GROSS S. A.;33.145.194/0001-72;1639107240;29/11/2024;TODAS
HOMATROPIN;CAZI QUIMICA FARMACEUTICA INDUSTRIA E COMERCIO LTDA;44.010.437/0001-81;4381407207;11/12/2020;TODAS
METOCLOSANTISA;SANTISA LABORATÓRIO FARMACÊUTICO S/A;04.099.395/0001-82;1160015252;29/08/2025;TODAS
MONOCORDIL;LABORATÓRIOS BALDACCI LTDA;61.150.447/0001-31;1774024241;30/12/2024;TODAS
CORONAR;BIOLAB SANUS FARMACÊUTICA LTDA;49.475.833/0001-06;1012985253;06/08/2025;TODAS
NISTATINA;EMS S/A;57.507.378/0003-65;0269471251;26/02/2025;TODAS
MALEATO DE TIMOLOL;CRISTÁLIA PRODUTOS QUÍMICOS FARMACÊUTICOS LTDA.;44.734.671/0001-51;0821282151;15/09/2015;TODAS
ORGANONEURO CEREBRAL;LABORATÓRIO GROSS S. A.;33.145.194/0001-72;0503595250;11/04/2025;TODAS
LORATADINA;RANBAXY FARMACÊUTICA LTDA;73.663.650/0001-90;1349212245;01/10/2024;TODAS
FURP - METILDOPA;FUNDAÇÃO PARA O REMÉDIO POPULAR - FURP;43.640.754/0001-19;1245676237;10/11/2023;TODAS
MEBENDAZOL;CRISTÁLIA PRODUTOS QUÍMICOS FARMACÊUTICOS LTDA.;44.734.671/0001-51;0505287174;29/03/2017;TODAS
ARTELAC;BL INDÚSTRIA OTICA LTDA;27.011.022/0001-03;0102261237;01/02/2023;TODAS
UNIMEDROL;UNIÃO QUÍMICA FARMACÊUTICA NACIONAL S/A;60.665.981/0001-18;0900620251;09/07/2025;TODAS
MUPIROCINA;CRISTÁLIA PRODUTOS QUÍMICOS FARMACÊUTICOS LTDA.;44.734.671/0001-51;0473067251;07/04/2025;TODAS
DERMOBAN;CAZI QUIMICA FARMACEUTICA INDUSTRIA E COMERCIO LTDA;44.010.437/0001-81;3862469209;04/11/2020;TODAS
DIPEPTIVEN;FRESENIUS KABI BRASIL LTDA;49.324.221/0001-04;1244097233;10/11/2023;TODAS
FLUIMUCIL;ZAMBON LABORATÓRIOS FARMACÊUTICOS LTDA.;61.100.004/0001-36;1048650243;31/07/2024;TODAS
BELMIRAX;BELFAR LTDA;18.324.343/0001-77;0670736244;20/05/2024;TODAS
PLAGEX;LABORATÓRIO TEUTO BRASILEIRO S/A;17.159.229/0001-76;2876249219;23/07/2021;TODAS
ARADOIS;BIOLAB SANUS FARMACÊUTICA LTDA;49.475.833/0001-06;1189285258;08/09/2025;TODAS
NOVOSIL;HIPOLABOR FARMACEUTICA LTDA;19.570.720/0001-10;1672310245;06/12/2024;TODAS
NARCAN;CRISTÁLIA PRODUTOS QUÍMICOS FARMACÊUTICOS LTDA.;44.734.671/0001-51;0913542253;14/07/2025;TODAS
LOXONIN;DAIICHI SANKYO BRASIL FARMACÊUTICA LTDA;60.874.187/0001-84;0645797251;13/05/2025;TODAS
METREXATO;BLAU FARMACÊUTICA S.A.;58.430.828/0001-60;0065345258;16/01/2025;TODAS
DECONGEX PLUS;ACHÉ LABORATÓRIOS FARMACÊUTICOS S.A;60.659.463/0029-92;1728182247;18/12/2024;TODAS
POLARYN;LABORATÓRIO TEUTO BRASILEIRO S/A;17.159.229/0001-76;0749969253;03/06/2025;TODAS
BIOFLAC;CRISTÁLIA PRODUTOS QUÍMICOS FARMACÊUTICOS LTDA.;44.734.671/0001-51;0661892255;16/05/2025;TODAS
TEUTOMICIN;LABORATÓRIO TEUTO BRASILEIRO S/A;17.159.229/0001-76;1731526213;05/05/2021;TODAS
BACINANTRAT;LABORATÓRIO GLOBO SA;17.115.437/0001-73;0774486252;09/06/2025;TODAS
BACTODERM;KLEY HERTZ FARMACEUTICA S.A;92.695.691/0001-03;3991999204;13/11/2020;TODAS
FARMANGUINHOS - NEVIRAPINA;FUNDAÇÃO OSWALDO CRUZ;33.781.055/0001-35;1006914251;05/08/2025;TODAS
RENITEC;ORGANON FARMACÊUTICA LTDA.;45.987.013/0001-34;0589118251;01/05/2025;TODAS
FLAGIMAX;BELFAR LTDA;18.324.343/0001-77;0857032259;30/06/2025;TODAS
METRONACK;LABORATORIOS B. BRAUN S/A;31.673.254/0001-02;1410708233;12/12/2023;TODAS
HELMIZOL;LABORATÓRIO TEUTO BRASILEIRO S/A;17.159.229/0001-76;0809046253;17/06/2025;TODAS
NEVIRAX;FUNDAÇÃO EZEQUIEL DIAS - FUNED;17.503.475/0001-01;0108101192;05/02/2019;TODAS
MALEATO DE DEXCLORFENIRAMINA;LABORATÓRIO TEUTO BRASILEIRO S/A;17.159.229/0001-76;0152021230;14/02/2023;TODAS
MALEATO DE DEXCLORFENIRAMINA + BETAMETASONA;CRISTÁLIA PRODUTOS QUÍMICOS FARMACÊUTICOS LTDA.;44.734.671/0001-51;2101088169;20/07/2016;TODAS
CELESTRAT;UNIÃO QUÍMICA FARMACÊUTICA NACIONAL S/A;60.665.981/0001-18;0221980253;17/02/2025;TODAS
Winter AP;DIFFUCAP - CHEMOBRÁS QUÍMICA E FARMACÊUTICA LTDA;42.457.796/0001-56;1736896245;19/12/2024;TODAS
NEO CEBETIL COMPLEXO;UNIÃO QUÍMICA FARMACÊUTICA NACIONAL S/A;60.665.981/0001-18;0217315224;17/01/2022;TODAS
cloridrato de nafazolina;LABORATÓRIO GLOBO SA;17.115.437/0001-73;0489063250;09/04/2025;TODAS
MESACOL;TAKEDA PHARMA LTDA.;60.397.775/0001-74;0585629251;30/04/2025;TODAS
PENTASA;LABORATÓRIOS FERRING LTDA;74.232.034/0001-48;0046760253;13/01/2025;TODAS
DESFERAL;NOVARTIS BIOCIENCIAS S.A;56.994.502/0001-30;1331735211;07/04/2021;TODAS
STRESSAN;LABORATÓRIO TEUTO BRASILEIRO S/A;17.159.229/0001-76;0427840142;30/05/2014;TODAS
PANTOPAZ;SANDOZ DO BRASIL INDÚSTRIA FARMACÊUTICA LTDA;61.286.647/0001-16;4560486221;16/08/2022;TODAS
FLOXINA;CAZI QUIMICA FARMACEUTICA INDUSTRIA E COMERCIO LTDA;44.010.437/0001-81;4129405200;23/11/2020;TODAS
OFLOX;ALLERGAN PRODUTOS FARMACÊUTICOS LTDA;43.426.626/0001-77;0103111239;02/02/2023;TODAS
ZIPROL;LABORATÓRIOS BALDACCI LTDA;61.150.447/0001-31;0934924252;18/07/2025;TODAS
BÁLSAMO BRANCO;LABORATORIO CATARINENSE LTDA;84.684.620/0001-87;0782980252;10/06/2025;TODAS
PEPTOVIT;VITAMEDIC INDUSTRIA FARMACEUTICA LTDA;30.222.814/0001-31;0576928181;19/07/2018;TODAS
PIOLETAL;CELLERA FARMACÊUTICA S.A.;33.173.097/0002-74;1148703241;21/08/2024;TODAS
FAR-MANGUINHOS PRAZIQUANTEL;FUNDAÇÃO OSWALDO CRUZ;33.781.055/0001-35;1197063251;09/09/2025;TODAS
EMSGRIP;EMS S/A;57.507.378/0003-65;4561001221;16/08/2022;TODAS
NISTATINA;CRISTÁLIA PRODUTOS QUÍMICOS FARMACÊUTICOS LTDA.;44.734.671/0001-51;0095241230;31/01/2023;TODAS
UNIPRAZOL;UNIÃO QUÍMICA FARMACÊUTICA NACIONAL S/A;60.665.981/0001-18;0829090258;24/06/2025;TODAS
GASTRIUM;ACHÉ LABORATÓRIOS FARMACÊUTICOS S.A;60.659.463/0029-92;0939492253;21/07/2025;TODAS
ALBISTIN;CAZI QUIMICA FARMACEUTICA INDUSTRIA E COMERCIO LTDA;44.010.437/0001-81;1928220216;19/05/2021;TODAS
TAZOCIN;PFIZER BRASIL LTDA;61.072.393/0001-33;0973809248;17/07/2024;TODAS
NITRATO DE ISOCONAZOL;CRISTÁLIA PRODUTOS QUÍMICOS FARMACÊUTICOS LTDA.;44.734.671/0001-51;0025749184;11/01/2018;TODAS
NITRATO DE MICONAZOL;LABORATÓRIO TEUTO BRASILEIRO S/A;17.159.229/0001-76;0469542189;12/06/2018;TODAS
FUNED PARACETAMOL;FUNDAÇÃO EZEQUIEL DIAS - FUNED;17.503.475/0001-01;1832096171;29/08/2017;TODAS
NISTATINA;LABORATÓRIO TEUTO BRASILEIRO S/A;17.159.229/0001-76;0559611251;25/04/2025;TODAS
COLPADAK;BELFAR LTDA;18.324.343/0001-77;1863683217;14/05/2021;TODAS
TAMIFLU;PRODUTOS ROCHE QUÍMICOS E FARMACÊUTICOS S.A.;33.009.945/0001-23;0154100251;04/02/2025;TODAS
CICLADOL;CHIESI FARMACÊUTICA LTDA;61.363.032/0001-46;1449087221;30/03/2022;TODAS
piroxicam;EMS S/A;57.507.378/0003-65;1079995242;07/08/2024;TODAS
CALTREN;LIBBS FARMACÊUTICA LTDA;61.230.314/0001-75;0328592251;11/03/2025;TODAS
NUTRIFLEX PLUS;LABORATORIOS B. BRAUN S/A;31.673.254/0001-02;0967625254;24/07/2025;TODAS
PROCTYL;TAKEDA PHARMA LTDA.;60.397.775/0001-74;0345693256;14/03/2025;TODAS
NITROPRUS;CRISTÁLIA PRODUTOS QUÍMICOS FARMACÊUTICOS LTDA.;44.734.671/0001-51;1316014211;06/04/2021;TODAS
STILGRIP;KLEY HERTZ FARMACEUTICA S.A;92.695.691/0001-03;0925570231;31/08/2023;TODAS
TRILAX;SANDOZ DO BRASIL INDÚSTRIA FARMACÊUTICA LTDA;61.286.647/0001-16;0826889255;23/06/2025;TODAS
CAZIDERM;CAZI QUIMICA FARMACEUTICA INDUSTRIA E COMERCIO LTDA;44.010.437/0001-81;4190168201;27/11/2020;TODAS
GRIPEOL;CIFARMA CIENTÍFICA FARMACÊUTICA LTDA;17.562.075/0001-69;1636980244;29/11/2024;TODAS
NORESTIN;BIOLAB SANUS FARMACÊUTICA LTDA;49.475.833/0001-06;0710037252;26/05/2025;TODAS
ANDROFLOXIN;LABORATÓRIO TEUTO BRASILEIRO S/A;17.159.229/0001-76;0707413211;22/02/2021;TODAS
NORXACIN;LABORATÓRIO GLOBO SA;17.115.437/0001-73;0588309257;01/05/2025;TODAS
FLOXIMED;MEDQUIMICA INDUSTRIA FARMACEUTICA LTDA.;17.875.154/0001-20;1011632210;15/03/2021;TODAS
FAR-MANGUINHOS VITAMINA A;FUNDAÇÃO OSWALDO CRUZ;33.781.055/0001-35;0940470250;21/07/2025;TODAS
FRUTOVITAM;CRISTÁLIA PRODUTOS QUÍMICOS FARMACÊUTICOS LTDA.;44.734.671/0001-51;1019436213;16/03/2021;TODAS
SEVOCRIS;CRISTÁLIA PRODUTOS QUÍMICOS FARMACÊUTICOS LTDA.;44.734.671/0001-51;0967217216;12/03/2021;TODAS
AZULFIN;APSEN FARMACEUTICA S/A;62.462.015/0001-29;0975428250;28/07/2025;TODAS
FURP-SULFATO FERROSO;FUNDAÇÃO PARA O REMÉDIO POPULAR - FURP;43.640.754/0001-19;0961345225;09/03/2022;TODAS
CLINFAR;MERCK S/A;33.069.212/0001-84;0071546251;17/01/2025;TODAS
SINVASCOR;LABORATÓRIOS BALDACCI LTDA;61.150.447/0001-31;0921061251;15/07/2025;TODAS
SILGLÓS;UNIÃO QUÍMICA FARMACÊUTICA NACIONAL S/A;60.665.981/0001-18;2735022218;14/07/2021;TODAS
SULFATO DE AMICACINA;LABORATÓRIO TEUTO BRASILEIRO S/A;17.159.229/0001-76;0197123236;28/02/2023;TODAS
RIBAVIRIN;BLAU FARMACÊUTICA S.A.;58.430.828/0001-60;0091753192;30/01/2019;TODAS
VASLIP;BIOLAB SANUS FARMACÊUTICA LTDA;49.475.833/0001-06;0153680253;04/02/2025;TODAS
SANTROPINA;SANTISA LABORATÓRIO FARMACÊUTICO S/A;04.099.395/0001-82;4685021223;13/09/2022;TODAS
HYTROPIN;HYPOFARMA - INSTITUTO DE HYPODERMIA E FARMÁCIA LTDA;17.174.657/0001-78;0807417218;01/03/2021;TODAS
FUNED - TALIDOMIDA;FUNDAÇÃO EZEQUIEL DIAS - FUNED;17.503.475/0001-01;1277403236;17/11/2023;TODAS
VIVERDAL;UNIÃO QUÍMICA FARMACÊUTICA NACIONAL S/A;60.665.981/0001-18;0071441255;17/01/2025;TODAS
SINVASTATINA;RANBAXY FARMACÊUTICA LTDA;73.663.650/0001-90;4116063215;18/10/2021;TODAS
OMEPRAZOL;HIPOLABOR FARMACEUTICA LTDA;19.570.720/0001-10;1439626243;19/10/2024;TODAS
ALPHAGAN;ALLERGAN PRODUTOS FARMACÊUTICOS LTDA;43.426.626/0001-77;0544634233;29/05/2023;TODAS
RILUZOL;EMS S/A;57.507.378/0003-65;1382226218;11/04/2021;TODAS
CLOPIPLAX;GERMED FARMACEUTICA LTDA;45.992.062/0001-65;0347363253;14/03/2025;TODAS
PRIMENE;BAXTER HOSPITALAR LTDA;49.351.786/0002-61;3361428211;26/08/2021;TODAS
SOLUCÃO DE MANITOL 20%;LABORATORIOS B. BRAUN S/A;31.673.254/0001-02;1404775234;11/12/2023;TODAS
SOLUÇÃO DE RINGER COM LACTATO;LABORATORIOS B. BRAUN S/A;31.673.254/0001-02;1405018232;11/12/2023;TODAS
EFEDRIN;CRISTÁLIA PRODUTOS QUÍMICOS FARMACÊUTICOS LTDA.;44.734.671/0001-51;0854702215;04/03/2021;TODAS
UNIFEDRINE;UNIÃO QUÍMICA FARMACÊUTICA NACIONAL S/A;60.665.981/0001-18;2701538220;10/05/2022;TODAS
NOCTIDEN;BIOLAB SANUS FARMACÊUTICA LTDA;49.475.833/0001-06;1176124242;27/08/2024;TODAS
TEICONIN;INSTITUTO BIOCHIMICO INDÚSTRIA FARMACÊUTICA LTDA;33.258.401/0001-03;0864465254;02/07/2025;TODAS
BACTOMAX;CRISTÁLIA PRODUTOS QUÍMICOS FARMACÊUTICOS LTDA.;44.734.671/0001-51;0097499242;25/01/2024;TODAS
MABTHERA;PRODUTOS ROCHE QUÍMICOS E FARMACÊUTICOS S.A.;33.009.945/0001-23;0825117259;23/06/2025;TODAS
FURP-ESTREPTOMICINA;FUNDAÇÃO PARA O REMÉDIO POPULAR - FURP;43.640.754/0001-19;0726314251;28/05/2025;TODAS
HYTAMICINA;HYPOFARMA - INSTITUTO DE HYPODERMIA E FARMÁCIA LTDA;17.174.657/0001-78;0717883230;12/07/2023;TODAS
PRIMID;APSEN FARMACEUTICA S/A;62.462.015/0001-29;0901433241;02/07/2024;TODAS
GLICOSE HYPOFARMA;HYPOFARMA - INSTITUTO DE HYPODERMIA E FARMÁCIA LTDA;17.174.657/0001-78;1919252215;18/05/2021;TODAS
THERAPSOR;THERASKIN FARMACEUTICA LTDA.;61.517.397/0001-88;0510362257;14/04/2025;TODAS
PROFOLEN;BLAU FARMACÊUTICA S.A.;58.430.828/0001-60;1179020251;04/09/2025;TODAS
HORMOTROP;LABORATÓRIO QUÍMICO FARMACÊUTICO BERGAMO LTDA;61.282.661/0001-41;0362026246;22/03/2024;TODAS
HYPOMAGNE;HYPOFARMA - INSTITUTO DE HYPODERMIA E FARMÁCIA LTDA;17.174.657/0001-78;1490659217;19/04/2021;TODAS
FLORENT;CIFARMA CIENTÍFICA FARMACÊUTICA LTDA;17.562.075/0001-69;1230954244;06/09/2024;TODAS
REPOFLOR;EMS S/A;57.507.378/0003-65;0489928251;09/04/2025;TODAS
BLEU PATENTE V;GUERBET PRODUTOS RADIOLÓGICOS LTDA;42.180.406/0001-43;0389520233;18/04/2023;TODAS
BAXTER SORBITOL;BAXTER HOSPITALAR LTDA;49.351.786/0002-61;1226137245;05/09/2024;TODAS
DIMORF;CRISTÁLIA PRODUTOS QUÍMICOS FARMACÊUTICOS LTDA.;44.734.671/0001-51;1208337254;11/09/2025;TODAS
PROPOVAN;CRISTÁLIA PRODUTOS QUÍMICOS FARMACÊUTICOS LTDA.;44.734.671/0001-51;1194036252;09/09/2025;TODAS
AERODINI;LABORATÓRIO TEUTO BRASILEIRO S/A;17.159.229/0001-76;0981123252;29/07/2025;TODAS
POMICINA;BELFAR LTDA;18.324.343/0001-77;0143104250;31/01/2025;TODAS
NEOMICON;CIFARMA CIENTÍFICA FARMACÊUTICA LTDA;17.562.075/0001-69;0826431259;23/06/2025;TODAS
SOLUPREN;LABORATÓRIO QUÍMICO FARMACÊUTICO BERGAMO LTDA;61.282.661/0001-41;1084456182;13/11/2018;TODAS
FANHDI;GRIFOLS BRASIL LTDA;02.513.899/0001-71;0192199251;11/02/2025;TODAS
HERVIRAX;PHARLAB INDÚSTRIA FARMACÊUTICA S.A.;02.501.297/0001-02;0732583250;29/05/2025;TODAS
IQUEGO - RANITIDINA;INDÚSTRIA QUÍMICA DO ESTADO DE GOIÁS S/A - IQUEGO;01.541.283/0001-41;1221749162;01/02/2016;TODAS
dipirona monoidratada + butilbrometo de escopolamina;HIPOLABOR FARMACEUTICA LTDA;19.570.720/0001-10;4514332224;05/08/2022;TODAS
FARMACE -AGUA PARA INJEÇÃO;FARMACE INDÚSTRIA QUÍMICO-FARMACÊUTICA CEARENSE LTDA;06.628.333/0001-46;0216881242;23/02/2024;TODAS
DIFFERIN;GALDERMA BRASIL LTDA;00.317.372/0001-46;1682282244;09/12/2024;TODAS
EPATIVAN;CIMED INDUSTRIA S.A;02.814.497/0001-07;3973481201;12/11/2020;TODAS
CETOMED;CIMED INDUSTRIA S.A;02.814.497/0001-07;0870213206;23/03/2020;TODAS
CLOTRIMAZOL;LABORATÓRIO FARMACÊUTICO DA MARINHA;00.394.502/0071-57;0421794152;13/05/2015;TODAS
FUROSEMIDA;HALEX ISTAR INDÚSTRIA FARMACÊUTICA SA;01.571.702/0001-98;0375648193;26/04/2019;TODAS
ALBUMINA HUMANA GRIFOLS;GRIFOLS BRASIL LTDA;02.513.899/0001-71;0192223259;11/02/2025;TODAS
LFM-DAPSONA;LABORATÓRIO FARMACÊUTICO DA MARINHA;00.394.502/0071-57;0422039151;13/05/2015;TODAS
LOCERYL;GALDERMA BRASIL LTDA;00.317.372/0001-46;0134949251;30/01/2025;TODAS
AMOXIMED;CIMED INDUSTRIA S.A;02.814.497/0001-07;3962584202;11/11/2020;TODAS
FENAFLEX - ODC;PHARLAB INDÚSTRIA FARMACÊUTICA S.A.;02.501.297/0001-02;0797932259;13/06/2025;TODAS
DICLOFARMA;FARMACE INDÚSTRIA QUÍMICO-FARMACÊUTICA CEARENSE LTDA;06.628.333/0001-46;0214773248;23/02/2024;TODAS
IQUEGO-AMOXICILINA;INDÚSTRIA QUÍMICA DO ESTADO DE GOIÁS S/A - IQUEGO;01.541.283/0001-41;2223956171;22/11/2017;TODAS
IQUEGO- HIDROCLOROTIAZIDA;INDÚSTRIA QUÍMICA DO ESTADO DE GOIÁS S/A - IQUEGO;01.541.283/0001-41;0287191172;21/02/2017;TODAS
SOLUÇÃO DE CLORETO DE POTASSIO;EQUIPLEX INDÚSTRIA FARMACÊUTICA LTDA;01.784.792/0001-03;0214433251;14/02/2025;TODAS
SOLUÇÃO DE CLORETO DE POTÁSSIO;FARMACE INDÚSTRIA QUÍMICO-FARMACÊUTICA CEARENSE LTDA;06.628.333/0001-46;0215764242;23/02/2024;TODAS
ORGANONEURO ÓPTICO;LABORATÓRIO GROSS S. A.;33.145.194/0001-72;0953408153;29/10/2015;TODAS
AZITROPHAR;PHARLAB INDÚSTRIA FARMACÊUTICA S.A.;02.501.297/0001-02;0024587257;08/01/2025;TODAS
CLORIDRATO DE AZELASTINA;EMS S/A;57.507.378/0003-65;1348480210;08/04/2021;TODAS
ELPRAZOL;PHARLAB INDÚSTRIA FARMACÊUTICA S.A.;02.501.297/0001-02;4287233212;29/10/2021;TODAS
OMEPRAMED;CIMED INDUSTRIA S.A;02.814.497/0001-07;4158012205;25/11/2020;TODAS
ATROFARMA;FARMACE INDÚSTRIA QUÍMICO-FARMACÊUTICA CEARENSE LTDA;06.628.333/0001-46;0214058247;23/02/2024;TODAS
CLORIDRATO DE DOXICICLINA;RANBAXY FARMACÊUTICA LTDA;73.663.650/0001-90;1077470170;01/06/2017;TODAS
CLORIDRATO DE MINOCICLINA;RANBAXY FARMACÊUTICA LTDA;73.663.650/0001-90;0899632246;02/07/2024;TODAS
NEOCETHEO;THEODORO F SOBRAL & CIA LTDA;06.597.801/0001-62;0853709187;30/08/2018;TODAS
DICLOFENACO RESINATO;LABORATÓRIO TEUTO BRASILEIRO S/A;17.159.229/0001-76;0681709251;21/05/2025;TODAS
FLUCONAZOL;LABORATÓRIO TEUTO BRASILEIRO S/A;17.159.229/0001-76;0007531257;03/01/2025;TODAS
FOSFATO DISSODICO DE DEXAMETASONA;HYPOFARMA - INSTITUTO DE HYPODERMIA E FARMÁCIA LTDA;17.174.657/0001-78;1021550248;26/07/2024;TODAS
haloperidol;UNIÃO QUÍMICA FARMACÊUTICA NACIONAL S/A;60.665.981/0001-18;0289243254;28/02/2025;TODAS
LEVOFLOXACINO;RANBAXY FARMACÊUTICA LTDA;73.663.650/0001-90;0964138146;27/10/2014;TODAS
IQUEGO - PARACETAMOL;INDÚSTRIA QUÍMICA DO ESTADO DE GOIÁS S/A - IQUEGO;01.541.283/0001-41;0883301150;05/10/2015;TODAS
MEBENDAZOL;GREENPHARMA QUÍMICA E FARMACÊUTICA LTDA;33.408.105/0001-33;1497980212;19/04/2021;TODAS
NISTATINA;GREENPHARMA QUÍMICA E FARMACÊUTICA LTDA;33.408.105/0001-33;1499004211;19/04/2021;TODAS
NITRATO DE ISOCONAZOL;CRISTÁLIA PRODUTOS QUÍMICOS FARMACÊUTICOS LTDA.;44.734.671/0001-51;2158626178;30/10/2017;TODAS
NITRATO DE MICONAZOL;CRISTÁLIA PRODUTOS QUÍMICOS FARMACÊUTICOS LTDA.;44.734.671/0001-51;2110092166;22/07/2016;TODAS
PIOLIXINA;IFAL INDUSTRIA E COMERCIO DE PRODUTOS FARMAC LTDA;00.376.959/0001-26;0048509158;19/01/2015;TODAS
omeprazol;LABORATÓRIO TEUTO BRASILEIRO S/A;17.159.229/0001-76;0838320252;26/06/2025;TODAS
NUTRAPLUS;GALDERMA BRASIL LTDA;00.317.372/0001-46;4266275226;07/06/2022;TODAS
DERMOVAT;PHARLAB INDÚSTRIA FARMACÊUTICA S.A.;02.501.297/0001-02;0176537252;07/02/2025;TODAS
TETRALYSAL;GALDERMA BRASIL LTDA;00.317.372/0001-46;0551074256;24/04/2025;TODAS
LAQFA PIRAZINAMIDA;LABORATORIO QUIMICO FARMACEUTICO DA AERONAUTICA;00.394.429/0099-14;0528100188;03/07/2018;TODAS
FARMOXICAM;PHARLAB INDÚSTRIA FARMACÊUTICA S.A.;02.501.297/0001-02;0693899255;23/05/2025;TODAS
CLOB-X;GALDERMA BRASIL LTDA;00.317.372/0001-46;0128673257;29/01/2025;TODAS
alendronato de sódio;SANDOZ DO BRASIL INDÚSTRIA FARMACÊUTICA LTDA;61.286.647/0001-16;5056891223;15/12/2022;TODAS
IQUEGO - PROPANOLOL;INDÚSTRIA QUÍMICA DO ESTADO DE GOIÁS S/A - IQUEGO;01.541.283/0001-41;2301741164;20/09/2016;TODAS
DORMEC;IMEC - INDÚSTRIA DE MEDICAMENTOS CUSTÓDIA LTDA;08.055.634/0001-53;0965645258;24/07/2025;TODAS
ESPECTROPRIMA;PRATI DONADUZZI & CIA LTDA;73.856.593/0001-66;1014709188;19/10/2018;TODAS
LFM-MEFLOQUINA;LABORATÓRIO FARMACÊUTICO DA MARINHA;00.394.502/0071-57;0427679155;15/05/2015;TODAS
ARTRITEC;PHARLAB INDÚSTRIA FARMACÊUTICA S.A.;02.501.297/0001-02;1022051253;08/08/2025;TODAS
DIOVAN;NOVARTIS BIOCIENCIAS S.A;56.994.502/0001-30;1189113252;08/09/2025;TODAS
ABCLER ABNAT;AIRELA INDÚSTRIA FARMACÊUTICA LTDA.;01.858.973/0001-29;3864680203;04/11/2020;TODAS
FLORAX;INFAN INDUSTRIA QUIMICA FARMACEUTICA NACIONAL S/A;08.939.548/0001-03;0496240191;04/06/2019;TODAS
GINOFLORAX;INFAN INDUSTRIA QUIMICA FARMACEUTICA NACIONAL S/A;08.939.548/0001-03;2594979169;13/12/2016;TODAS
acebrofilina;EUROFARMA LABORATÓRIOS S.A.;61.190.096/0001-92;0781734258;10/06/2025;TODAS
ACETILCISTEINA;EUROFARMA LABORATÓRIOS S.A.;61.190.096/0001-92;0826459242;18/06/2024;TODAS
CLORIDRATO DE CIPROFLOXACINO;SANDOZ DO BRASIL INDÚSTRIA FARMACÊUTICA LTDA;61.286.647/0001-16;0727751255;29/05/2025;TODAS
KRONEL;INFAN INDUSTRIA QUIMICA FARMACEUTICA NACIONAL S/A;08.939.548/0001-03;0685737233;04/07/2023;TODAS
GLICERINA 12%;FARMACE INDÚSTRIA QUÍMICO-FARMACÊUTICA CEARENSE LTDA;06.628.333/0001-46;0216976243;23/02/2024;TODAS
SOLUCAO DE GLICERINA;EQUIPLEX INDÚSTRIA FARMACÊUTICA LTDA;01.784.792/0001-03;0769032257;06/06/2025;TODAS
ROZEX;GALDERMA BRASIL LTDA;00.317.372/0001-46;0141387254;31/01/2025;TODAS
SOLUCAO FISIOLOGICA DE CLORETO DE SODIO EQUIPLEX;EQUIPLEX INDÚSTRIA FARMACÊUTICA LTDA;01.784.792/0001-03;0826954251;23/06/2025;TODAS
AMOXICILINA + CLAVULANATO DE POTASSIO;EMS S/A;57.507.378/0003-65;1117402258;19/08/2025;TODAS
ATENOLOL;SANDOZ DO BRASIL INDÚSTRIA FARMACÊUTICA LTDA;61.286.647/0001-16;0732090253;29/05/2025;TODAS
METROFARMA;FARMACE INDÚSTRIA QUÍMICO-FARMACÊUTICA CEARENSE LTDA;06.628.333/0001-46;0214833241;23/02/2024;TODAS
LFM - MONONITRATO DE ISOSSORBIDA;LABORATÓRIO FARMACÊUTICO DA MARINHA;00.394.502/0071-57;0428058150;15/05/2015;TODAS
FARMACE-GLICOSE;FARMACE INDÚSTRIA QUÍMICO-FARMACÊUTICA CEARENSE LTDA;06.628.333/0001-46;0216738245;23/02/2024;TODAS
NEBACTRINA;PHARLAB INDÚSTRIA FARMACÊUTICA S.A.;02.501.297/0001-02;0794144250;12/06/2025;TODAS
CIMELIDE;CIMED INDUSTRIA S.A;02.814.497/0001-07;0759659257;05/06/2025;TODAS
SULFAZINA;THEODORO F SOBRAL & CIA LTDA;06.597.801/0001-62;0866095186;04/09/2018;TODAS
CEFACLOR;EMS S/A;57.507.378/0003-65;1597799214;26/04/2021;TODAS
CETOCONAZOL;CRISTÁLIA PRODUTOS QUÍMICOS FARMACÊUTICOS LTDA.;44.734.671/0001-51;2093408164;18/07/2016;TODAS
CETOCONAZOL + DIPROPIONATO DE BETAMETASONA;EUROFARMA LABORATÓRIOS S.A.;61.190.096/0001-92;0796613231;31/07/2023;TODAS
cetoconazol + dipropionato de betametasona;EUROFARMA LABORATÓRIOS S.A.;61.190.096/0001-92;0796544239;31/07/2023;TODAS
MESNA;EUROFARMA LABORATÓRIOS S.A.;61.190.096/0001-92;3630834213;14/09/2021;TODAS
AMOXICILINA;EUROFARMA LABORATÓRIOS S.A.;61.190.096/0001-92;2784985229;18/05/2022;TODAS
CLORIDRATO DE AMBROXOL;CRISTÁLIA PRODUTOS QUÍMICOS FARMACÊUTICOS LTDA.;44.734.671/0001-51;2332985168;28/09/2016;TODAS
MIDAZOLAM;UNIÃO QUÍMICA FARMACÊUTICA NACIONAL S/A;60.665.981/0001-18;4849915221;21/10/2022;TODAS
LEXAPRO;LUNDBECK BRASIL LTDA;04.522.600/0001-70;1667228242;05/12/2024;TODAS
VERTIX;ACHÉ LABORATÓRIOS FARMACÊUTICOS S.A;60.659.463/0029-92;0197910254;12/02/2025;TODAS
DIPIRALGIN;IFAL INDUSTRIA E COMERCIO DE PRODUTOS FARMAC LTDA;00.376.959/0001-26;2210381163;23/08/2016;TODAS
MAXALGINA;NATULAB LABORATORIO S.A;02.456.955/0001-83;1409907244;14/10/2024;TODAS
ATOSSION;LABORATÓRIO FARMACÊUTICO ELOFAR LTDA;83.874.628/0001-43;5081175226;22/12/2022;TODAS
NOCTAL;ABBOTT LABORATÓRIOS DO BRASIL LTDA;56.998.701/0001-16;4632481211;23/11/2021;TODAS
GYNAZOLE-1;EMS SIGMA PHARMA LTDA;00.923.140/0001-31;1165714256;01/09/2025;TODAS
SANDOSTATIN;NOVARTIS BIOCIENCIAS S.A;56.994.502/0001-30;0755372255;04/06/2025;TODAS
CEBRALAT;LIBBS FARMACÊUTICA LTDA;61.230.314/0001-75;0380063255;20/03/2025;TODAS
APLAUSE;MARJAN INDÚSTRIA E COMÉRCIO LTDA;60.726.692/0001-81;0631418253;09/05/2025;TODAS
DENYL;CRISTÁLIA PRODUTOS QUÍMICOS FARMACÊUTICOS LTDA.;44.734.671/0001-51;0615573258;07/05/2025;TODAS
OXCARB;UNIÃO QUÍMICA FARMACÊUTICA NACIONAL S/A;60.665.981/0001-18;0640567258;12/05/2025;TODAS
REIDRAMAX;CAZI QUIMICA FARMACEUTICA INDUSTRIA E COMERCIO LTDA;44.010.437/0001-81;0410199135;23/05/2013;TODAS
KATRIZAN;VITAMEDIC INDUSTRIA FARMACEUTICA LTDA;30.222.814/0001-31;0722565241;29/05/2024;TODAS
BACINA;BELFAR LTDA;18.324.343/0001-77;1502733242;31/10/2024;TODAS
EVISTA;ELI LILLY DO BRASIL LTDA;43.940.618/0001-44;0652753256;14/05/2025;TODAS
NAPRIX;LIBBS FARMACÊUTICA LTDA;61.230.314/0001-75;0670333255;19/05/2025;TODAS
QUEIMALIVE;CIFARMA CIENTÍFICA FARMACÊUTICA LTDA;17.562.075/0001-69;0648463257;14/05/2025;TODAS
BEDFORDPOLY - B;OPEM REPRESENTAÇÃO IMPORTADORA EXPORTADORA E DISTRIBUIDORA LTDA;38.909.503/0001-57;0822768213;02/03/2021;TODAS
VI - FERRIN;LABORATÓRIO FARMACÊUTICO ELOFAR LTDA;83.874.628/0001-43;5048071221;13/12/2022;TODAS
ALIVIOL;CIFARMA CIENTÍFICA FARMACÊUTICA LTDA;17.562.075/0001-69;0736907254;30/05/2025;TODAS
GELLAT;VITAMEDIC INDUSTRIA FARMACEUTICA LTDA;30.222.814/0001-31;3107442191;11/11/2019;TODAS
SULFAMETOXAZOL + TRIMETOPRIMA;LABORATÓRIO TEUTO BRASILEIRO S/A;17.159.229/0001-76;1198792248;30/08/2024;TODAS
SECNIMAX;LABORATÓRIO GLOBO SA;17.115.437/0001-73;0990877256;31/07/2025;TODAS
TERBUTIL;UNIÃO QUÍMICA FARMACÊUTICA NACIONAL S/A;60.665.981/0001-18;0347176224;27/01/2022;TODAS
TOBRAMICINA;CRISTÁLIA PRODUTOS QUÍMICOS FARMACÊUTICOS LTDA.;44.734.671/0001-51;2517222161;23/11/2016;TODAS
THIOPENTAX;CRISTÁLIA PRODUTOS QUÍMICOS FARMACÊUTICOS LTDA.;44.734.671/0001-51;0908316212;08/03/2021;TODAS
VIDISIC GEL;BL INDÚSTRIA OTICA LTDA;27.011.022/0001-03;4227497204;30/11/2020;TODAS
TOPAMAX;JANSSEN-CILAG FARMACÊUTICA LTDA;51.780.468/0001-87;1708704248;13/12/2024;TODAS
NORFLOXACINO;SANDOZ DO BRASIL INDÚSTRIA FARMACÊUTICA LTDA;61.286.647/0001-16;0465688250;04/04/2025;TODAS
ACETILCISTEÍNA;GEOLAB INDÚSTRIA FARMACÊUTICA S/A;03.485.572/0001-04;2298740224;12/04/2022;TODAS
LIPOVENOS MCT;FRESENIUS KABI BRASIL LTDA;49.324.221/0001-04;0722941234;13/07/2023;TODAS
KAVIT;CRISTÁLIA PRODUTOS QUÍMICOS FARMACÊUTICOS LTDA.;44.734.671/0001-51;0974023216;12/03/2021;TODAS
TEIPLAN;UNIÃO QUÍMICA FARMACÊUTICA NACIONAL S/A;60.665.981/0001-18;1013360257;06/08/2025;TODAS
MICARDIS HCT;BOEHRINGER INGELHEIM DO BRASIL QUÍMICA E FARMACÊUTICA LTDA.;60.831.658/0001-77;0882116258;04/07/2025;TODAS
METALYSE;BOEHRINGER INGELHEIM DO BRASIL QUÍMICA E FARMACÊUTICA LTDA.;60.831.658/0001-77;1744922241;20/12/2024;TODAS
GLIFAGE XR;MERCK S/A;33.069.212/0001-84;0991276256;31/07/2025;TODAS
CEFADROXILA;AUROBINDO PHARMA INDÚSTRIA FARMACÊUTICA LIMITADA;04.301.884/0001-75;1258608171;22/06/2017;TODAS
TEFLAN;UNIÃO QUÍMICA FARMACÊUTICA NACIONAL S/A;60.665.981/0001-18;0448625253;02/04/2025;TODAS
Infanrix Penta;GLAXOSMITHKLINE BRASIL LTDA;33.247.743/0001-10;1085958230;11/10/2023;TODAS
REFORTRIX;GLAXOSMITHKLINE BRASIL LTDA;33.247.743/0001-10;1116156237;18/10/2023;TODAS
vacina febre amarela (atenuada);FUNDAÇÃO OSWALDO CRUZ;33.781.055/0001-35;0157545245;08/02/2024;TODAS
HAVRIX;GLAXOSMITHKLINE BRASIL LTDA;33.247.743/0001-10;0881313246;27/06/2024;TODAS
TWINRIX;GLAXOSMITHKLINE BRASIL LTDA;33.247.743/0001-10;1039696244;30/07/2024;TODAS
Priorix;GLAXOSMITHKLINE BRASIL LTDA;33.247.743/0001-10;1112414258;18/08/2025;TODAS
VARILRIX;GLAXOSMITHKLINE BRASIL LTDA;33.247.743/0001-10;0881139254;04/07/2025;TODAS
INFANRIX HEXA;GLAXOSMITHKLINE BRASIL LTDA;33.247.743/0001-10;0881161250;04/07/2025;TODAS
FAR-MANGUINHOS ZIDOVUDINA;FUNDAÇÃO OSWALDO CRUZ;33.781.055/0001-35;1497540218;19/04/2021;TODAS
Poliderms;UNIÃO QUÍMICA FARMACÊUTICA NACIONAL S/A;60.665.981/0001-18;2534850211;30/06/2021;TODAS
TETRADERM;LABORATÓRIO TEUTO BRASILEIRO S/A;17.159.229/0001-76;2875319213;23/07/2021;TODAS
BENEVAT;LABORATÓRIO TEUTO BRASILEIRO S/A;17.159.229/0001-76;2772900215;16/07/2021;TODAS
TINIDAZOL + NITRATO DE MICONAZOL;CRISTÁLIA PRODUTOS QUÍMICOS FARMACÊUTICOS LTDA.;44.734.671/0001-51;1667968167;04/05/2016;TODAS
SEDALIVE;VITAMEDIC INDUSTRIA FARMACEUTICA LTDA;30.222.814/0001-31;0298152181;17/04/2018;TODAS
LIBIAM;LIBBS FARMACÊUTICA LTDA;61.230.314/0001-75;0793787254;12/06/2025;TODAS
REDUCLIM;FARMOQUÍMICA S/A;33.349.473/0001-58;1193244251;09/09/2025;TODAS
CEBION GLICOSE;MERCK S/A;33.069.212/0001-84;0934774147;17/10/2014;TODAS
EPILENIL;BIOLAB SANUS FARMACÊUTICA LTDA;49.475.833/0001-06;1697844243;12/12/2024;TODAS
VANCOTRAT;UNIÃO QUÍMICA FARMACÊUTICA NACIONAL S/A;60.665.981/0001-18;0136349242;05/02/2024;TODAS
ÁGUA ESTÉRIL PARA INJETÁVEIS BEKER;BEKER PRODUTOS FÁRMACO HOSPITALARES LTDA;47.231.121/0001-08;1213160211;30/03/2021;TODAS
Tionazen;CAZI QUIMICA FARMACEUTICA INDUSTRIA E COMERCIO LTDA;44.010.437/0001-81;1526184211;21/04/2021;TODAS
GYNOMAX;FARMOQUÍMICA S/A;33.349.473/0001-58;0369062248;25/03/2024;TODAS
EXODUS;ACHÉ LABORATÓRIOS FARMACÊUTICOS S.A;60.659.463/0029-92;0972496246;17/07/2024;TODAS
NEBILET;BIOLAB SANUS FARMACÊUTICA LTDA;49.475.833/0001-06;0753810239;20/07/2023;TODAS
GLIMEPIRIDA;CIMED INDUSTRIA S.A;02.814.497/0001-07;0447832247;09/04/2024;TODAS
maleato de dexclorfeniramina + betametasona;EMS S/A;57.507.378/0003-65;0229802222;18/01/2022;TODAS
cloridrato de ambroxol;NATIVITA IND. COM. LTDA.;65.271.900/0001-19;0493233229;09/02/2022;TODAS
OPTI-BAR;ALKO DO BRASIL INDUSTRIA E COMERCIO LTDA;32.137.424/0001-99;0042961159;16/01/2015;TODAS
CLORATADD;EMS S/A;57.507.378/0003-65;0037045253;10/01/2025;TODAS
HYPOSIL;HYPOFARMA - INSTITUTO DE HYPODERMIA E FARMÁCIA LTDA;17.174.657/0001-78;2003384212;24/05/2021;TODAS
BUPSTESIC COM VASO;UNIÃO QUÍMICA FARMACÊUTICA NACIONAL S/A;60.665.981/0001-18;2523301211;29/06/2021;TODAS
HALO DECANOATO;CRISTÁLIA PRODUTOS QUÍMICOS FARMACÊUTICOS LTDA.;44.734.671/0001-51;1311717234;23/11/2023;TODAS
PLASMA LYTE;BAXTER HOSPITALAR LTDA;49.351.786/0002-61;0275929248;06/03/2024;TODAS
COLÍRIO TEUTO;LABORATÓRIO TEUTO BRASILEIRO S/A;17.159.229/0001-76;0160776252;05/02/2025;TODAS
PERCOF;EUROFARMA LABORATÓRIOS S.A.;61.190.096/0001-92;0994714254;31/07/2025;TODAS
AFTINE;CIFARMA CIENTÍFICA FARMACÊUTICA LTDA;17.562.075/0001-69;0446026255;01/04/2025;TODAS
MELAGRIÃO;LABORATORIO CATARINENSE LTDA;84.684.620/0001-87;0100810233;01/02/2023;TODAS
BERITIN BC;VITAMEDIC INDUSTRIA FARMACEUTICA LTDA;30.222.814/0001-31;0333419198;12/04/2019;TODAS
METRONIFLEX;BAXTER HOSPITALAR LTDA;49.351.786/0002-61;0345358252;14/03/2025;TODAS
ARCOXIA;ORGANON FARMACÊUTICA LTDA.;45.987.013/0001-34;0773493255;09/06/2025;TODAS
CLOPAM;CRISTÁLIA PRODUTOS QUÍMICOS FARMACÊUTICOS LTDA.;44.734.671/0001-51;0792949251;12/06/2025;TODAS
TAKIL;MARJAN INDÚSTRIA E COMÉRCIO LTDA;60.726.692/0001-81;0849693241;21/06/2024;TODAS
CLORIDRATO DE DOXORRUBICINA;EUROFARMA LABORATÓRIOS S.A.;61.190.096/0001-92;2709604221;11/05/2022;TODAS
PYRIT - ZINNOBER;WELEDA DO BRASIL LABORATÓRIO E FARMÁCIA LTDA;56.992.217/0001-80;1187835251;08/09/2025;TODAS
TEVAMETHO;TEVA FARMACÊUTICA LTDA.;05.333.542/0001-08;0190335220;15/01/2022;TODAS
RIBAVIRINA;FUNDAÇÃO OSWALDO CRUZ;33.781.055/0001-35;1497118216;19/04/2021;TODAS
BROMAZEPAM;UNIÃO QUÍMICA FARMACÊUTICA NACIONAL S/A;60.665.981/0001-18;2506978216;28/06/2021;TODAS
HIOSPAN COMPOSTO;LABORATÓRIO TEUTO BRASILEIRO S/A;17.159.229/0001-76;0112733239;03/02/2023;TODAS
FUNED METILDOPA;FUNDAÇÃO EZEQUIEL DIAS - FUNED;17.503.475/0001-01;1904963163;10/06/2016;TODAS
HERCEPTIN;PRODUTOS ROCHE QUÍMICOS E FARMACÊUTICOS S.A.;33.009.945/0001-23;0229296238;07/03/2023;TODAS
DORGEX;GREENPHARMA QUÍMICA E FARMACÊUTICA LTDA;33.408.105/0001-33;1501551213;19/04/2021;TODAS
METFORMED;CIMED INDUSTRIA S.A;02.814.497/0001-07;1968435195;12/08/2019;TODAS
SINVASTAMED;CIMED INDUSTRIA S.A;02.814.497/0001-07;4163358200;25/11/2020;TODAS
AVICIS;GALDERMA BRASIL LTDA;00.317.372/0001-46;4320583221;21/06/2022;TODAS
ACETAZONA;THEODORO F SOBRAL & CIA LTDA;06.597.801/0001-62;0854205188;30/08/2018;TODAS
ABERALGINA;AIRELA INDÚSTRIA FARMACÊUTICA LTDA.;01.858.973/0001-29;0825302242;18/06/2024;TODAS
DIPIRONA SODICA;INDÚSTRIA QUÍMICA DO ESTADO DE GOIÁS S/A - IQUEGO;01.541.283/0001-41;0258290182;04/04/2018;TODAS
DIPIFARMA;FARMACE INDÚSTRIA QUÍMICO-FARMACÊUTICA CEARENSE LTDA;06.628.333/0001-46;0317244256;08/03/2025;TODAS
FARMACE - RINGER;FARMACE INDÚSTRIA QUÍMICO-FARMACÊUTICA CEARENSE LTDA;06.628.333/0001-46;0215970241;23/02/2024;TODAS
DOXICLIN;PHARLAB INDÚSTRIA FARMACÊUTICA S.A.;02.501.297/0001-02;0863558259;01/07/2025;TODAS
ALGEXIN COMPOSTO;CIMED INDUSTRIA S.A;02.814.497/0001-07;0489296158;02/06/2015;TODAS
ESCOPEN COMPOSTO;PHARLAB INDÚSTRIA FARMACÊUTICA S.A.;02.501.297/0001-02;0797310258;13/06/2025;TODAS
OSTRIOL;ASPEN PHARMA INDÚSTRIA FARMACÊUTICA LTDA;02.433.631/0001-20;0597904243;06/05/2024;TODAS
LAQFA CAPTOPRIL;LABORATORIO QUIMICO FARMACEUTICO DA AERONAUTICA;00.394.429/0099-14;1152179181;06/12/2018;TODAS
LFM-BROMEXINA 0,08%;LABORATÓRIO FARMACÊUTICO DA MARINHA;00.394.502/0071-57;1534405213;22/04/2021;TODAS
Captomed;CIMED INDUSTRIA S.A;02.814.497/0001-07;2103164199;03/09/2019;TODAS
CIPROFLONAX;PHARLAB INDÚSTRIA FARMACÊUTICA S.A.;02.501.297/0001-02;0617432252;07/05/2025;TODAS
LAQFA-ISONIAZIDA;LABORATORIO QUIMICO FARMACEUTICO DA AERONAUTICA;00.394.429/0099-14;1009578181;18/10/2018;TODAS
LFM - ISONIAZIDA;LABORATÓRIO FARMACÊUTICO DA MARINHA;00.394.502/0071-57;0857196251;30/06/2025;TODAS
IQUEGO-LAMIVUDINA;INDÚSTRIA QUÍMICA DO ESTADO DE GOIÁS S/A - IQUEGO;01.541.283/0001-41;0936719155;23/10/2015;TODAS
OCTANINE F;OCTAPHARMA BRASIL LTDA;02.552.927/0001-60;0909637245;03/07/2024;TODAS
CLORIDRATO DE RANITIDINA;HYPOFARMA - INSTITUTO DE HYPODERMIA E FARMÁCIA LTDA;17.174.657/0001-78;1934865217;19/05/2021;TODAS
B.BRAUN SOLUÇÃO DE RINGER Nº3;LABORATORIOS B. BRAUN S/A;31.673.254/0001-02;1404844236;11/12/2023;TODAS
CLONIDIN;CRISTÁLIA PRODUTOS QUÍMICOS FARMACÊUTICOS LTDA.;44.734.671/0001-51;0905128217;08/03/2021;TODAS
LONGACTIL;CRISTÁLIA PRODUTOS QUÍMICOS FARMACÊUTICOS LTDA.;44.734.671/0001-51;0857514253;30/06/2025;TODAS
ALFAST;CRISTÁLIA PRODUTOS QUÍMICOS FARMACÊUTICOS LTDA.;44.734.671/0001-51;0648516237;26/06/2023;TODAS
AMBROL;BRASTERAPICA PHARMACEUTICA LTDA.;46.179.008/0001-68;0556059255;25/04/2025;TODAS
CLORIDRATO DE AMBROXOL;EMS S/A;57.507.378/0003-65;0128626259;29/01/2025;TODAS
MUCOXOLAN;LABORATÓRIO TEUTO BRASILEIRO S/A;17.159.229/0001-76;1083766236;11/10/2023;TODAS
CLORPROMAZ;UNIÃO QUÍMICA FARMACÊUTICA NACIONAL S/A;60.665.981/0001-18;1549997246;11/11/2024;TODAS
ENDCOFF;EMS S/A;57.507.378/0003-65;1060203235;05/10/2023;TODAS
DIFENIDRIN;CRISTÁLIA PRODUTOS QUÍMICOS FARMACÊUTICOS LTDA.;44.734.671/0001-51;0941202216;10/03/2021;TODAS
DIASEC;SANDOZ DO BRASIL INDÚSTRIA FARMACÊUTICA LTDA;61.286.647/0001-16;0732101255;29/05/2025;TODAS
KAOSEC;PHARMASCIENCE INDUSTRIA FARMACEUTICA S.A;25.773.037/0001-83;1730459242;18/12/2024;TODAS
CLORIDRATO DE SOTALOL;SANDOZ DO BRASIL INDÚSTRIA FARMACÊUTICA LTDA;61.286.647/0001-16;0786179252;11/06/2025;TODAS
BENATUX;CIFARMA CIENTÍFICA FARMACÊUTICA LTDA;17.562.075/0001-69;0655196251;15/05/2025;TODAS
MANIVASC;CHIESI FARMACÊUTICA LTDA;61.363.032/0001-46;1471847241;25/10/2024;TODAS
MEPIVALEM 3 % SV;DLA PHARMACEUTICAL LTDA;45.841.137/0001-07;0334716250;12/03/2025;TODAS
MEPIADRE;DFL INDÚSTRIA E COMÉRCIO S/A;33.112.665/0001-46;1158176244;22/08/2024;TODAS
MYTEDOM;CRISTÁLIA PRODUTOS QUÍMICOS FARMACÊUTICOS LTDA.;44.734.671/0001-51;0905516219;08/03/2021;TODAS
cloridrato de metformina;MERCK S/A;33.069.212/0001-84;0764932250;06/06/2025;TODAS
cloridrato de sertralina;EUROFARMA LABORATÓRIOS S.A.;61.190.096/0001-92;0838289258;26/06/2025;TODAS
GLICOMET;VITAMEDIC INDUSTRIA FARMACEUTICA LTDA;30.222.814/0001-31;1174768258;03/09/2025;TODAS
GLUCOVANCE;MERCK S/A;33.069.212/0001-84;0923205250;16/07/2025;TODAS
CLORIDRATO DE SOTALOL;MERCK S/A;33.069.212/0001-84;4995579222;30/11/2022;TODAS
BRONXOL;CIFARMA CIENTÍFICA FARMACÊUTICA LTDA;17.562.075/0001-69;0805239251;16/06/2025;TODAS
CLORIDRATO DE AMBROXOL;PRATI DONADUZZI & CIA LTDA;73.856.593/0001-66;1637700245;29/11/2024;TODAS
CLORIDRATO DE AMBROXOL;LABORATÓRIO TEUTO BRASILEIRO S/A;17.159.229/0001-76;0814242251;18/06/2025;TODAS
ANCLORIC;VITAMEDIC INDUSTRIA FARMACEUTICA LTDA;30.222.814/0001-31;1510510215;20/04/2021;TODAS
ANCORON;LIBBS FARMACÊUTICA LTDA;61.230.314/0001-75;0627184251;09/05/2025;TODAS
DOBTAN;UNIÃO QUÍMICA FARMACÊUTICA NACIONAL S/A;60.665.981/0001-18;3878395209;05/11/2020;TODAS
TAMSULON;ADIUM S.A.;55.980.684/0001-27;0244803242;29/02/2024;TODAS
PARVULAN;LABORATORIO DE EXTRATOS ALERGENICOS LTDA;28.614.626/0001-07;1299201245;20/09/2024;TODAS
CLOMAZOL;CIFARMA CIENTÍFICA FARMACÊUTICA LTDA;17.562.075/0001-69;0085092258;21/01/2025;TODAS
ALCACHOFRAX;LABORATORIO CATARINENSE LTDA;84.684.620/0001-87;1197413235;01/11/2023;TODAS
FENAFLAN;LABORATÓRIO TEUTO BRASILEIRO S/A;17.159.229/0001-76;0809446251;17/06/2025;TODAS
CLOFEN K;1FARMA INDUSTRIA FARMACEUTICA LTDA;48.113.906/0001-49;3949205202;10/11/2020;TODAS
CLENIL;CHIESI FARMACÊUTICA LTDA;61.363.032/0001-46;0877132259;03/07/2025;TODAS
CLENIL COMPOSITUM A;CHIESI FARMACÊUTICA LTDA;61.363.032/0001-46;0023786256;08/01/2025;TODAS
HYPLEX B;HYPOFARMA - INSTITUTO DE HYPODERMIA E FARMÁCIA LTDA;17.174.657/0001-78;1039189214;17/03/2021;TODAS
DICLOFENACO POTASSICO;RANBAXY FARMACÊUTICA LTDA;73.663.650/0001-90;0096380141;07/02/2014;TODAS
DUOFLAM;CRISTÁLIA PRODUTOS QUÍMICOS FARMACÊUTICOS LTDA.;44.734.671/0001-51;1457820242;23/10/2024;TODAS
BETAPROSPAN;UNIÃO QUÍMICA FARMACÊUTICA NACIONAL S/A;60.665.981/0001-18;0706304250;26/05/2025;TODAS
NORELBIN;EUROFARMA LABORATÓRIOS S.A.;61.190.096/0001-92;1524392227;04/04/2022;TODAS
DEPAKOTE;ABBOTT LABORATÓRIOS DO BRASIL LTDA;56.998.701/0001-16;1591373247;21/11/2024;TODAS
DACARB;EUROFARMA LABORATÓRIOS S.A.;61.190.096/0001-92;1422246221;28/03/2022;TODAS
ÁGUA PARA INJEÇÃO HYPOFARMA;HYPOFARMA - INSTITUTO DE HYPODERMIA E FARMÁCIA LTDA;17.174.657/0001-78;1425347231;14/12/2023;TODAS
DANTROLEN;CRISTÁLIA PRODUTOS QUÍMICOS FARMACÊUTICOS LTDA.;44.734.671/0001-51;0905936219;08/03/2021;TODAS
DECAN HALOPER;UNIÃO QUÍMICA FARMACÊUTICA NACIONAL S/A;60.665.981/0001-18;0152024247;07/02/2024;TODAS
FLAMATRAT;VITAMEDIC INDUSTRIA FARMACEUTICA LTDA;30.222.814/0001-31;4217995211;25/10/2021;TODAS
DOPACRIS;CRISTÁLIA PRODUTOS QUÍMICOS FARMACÊUTICOS LTDA.;44.734.671/0001-51;0779068254;10/06/2025;TODAS
PULMOZYME;PRODUTOS ROCHE QUÍMICOS E FARMACÊUTICOS S.A.;33.009.945/0001-23;0825677254;23/06/2025;TODAS
DOXICICLINA;SANDOZ DO BRASIL INDÚSTRIA FARMACÊUTICA LTDA;61.286.647/0001-16;0711112258;26/05/2025;TODAS
CLOFEN S;1FARMA INDUSTRIA FARMACEUTICA LTDA;48.113.906/0001-49;1948442199;08/08/2019;TODAS
BELFAREN;BELFAR LTDA;18.324.343/0001-77;0439227259;31/03/2025;TODAS
SELOZOK;ASTRAZENECA DO BRASIL LTDA;60.318.797/0001-00;0499173252;11/04/2025;TODAS
FLEXTOSS;LABORATÓRIO TEUTO BRASILEIRO S/A;17.159.229/0001-76;0409164224;01/02/2022;TODAS
DELTAPIL;BELFAR LTDA;18.324.343/0001-77;0438707257;31/03/2025;TODAS
DONAREN;APSEN FARMACEUTICA S/A;62.462.015/0001-29;0056285256;15/01/2025;TODAS
DELTALAB;MULTILAB INDUSTRIA E COMERCIO DE PRODUTOS FARMACEUTICOS LTDA;92.265.552/0009-05;0558872255;25/04/2025;TODAS
MINIAN;LIBBS FARMACÊUTICA LTDA;61.230.314/0001-75;0824932251;23/06/2025;TODAS
FURP - DICLOFENACO;FUNDAÇÃO PARA O REMÉDIO POPULAR - FURP;43.640.754/0001-19;5100245221;27/12/2022;TODAS
VENAFLON;LABORATÓRIO TEUTO BRASILEIRO S/A;17.159.229/0001-76;0250763257;21/02/2025;TODAS
FLAVENOS;BIOLAB SANUS FARMACÊUTICA LTDA;49.475.833/0001-06;1018389253;07/08/2025;TODAS
FIBRINASE COM CLORANFENICOL;CRISTÁLIA PRODUTOS QUÍMICOS FARMACÊUTICOS LTDA.;44.734.671/0001-51;0476738253;07/04/2025;TODAS
DEXAMETASONA;EMS S/A;57.507.378/0003-65;0844126250;27/06/2025;TODAS
DEXAMETASONA;CRISTÁLIA PRODUTOS QUÍMICOS FARMACÊUTICOS LTDA.;44.734.671/0001-51;0939499171;19/05/2017;TODAS
HYNALGIN;HYPOFARMA - INSTITUTO DE HYPODERMIA E FARMÁCIA LTDA;17.174.657/0001-78;1012999254;06/08/2025;TODAS
DORALEX;VITAMEDIC INDUSTRIA FARMACEUTICA LTDA;30.222.814/0001-31;0353895253;17/03/2025;TODAS
DEXASON;LABORATÓRIO TEUTO BRASILEIRO S/A;17.159.229/0001-76;0899323251;09/07/2025;TODAS
UNIDEXA;UNIÃO QUÍMICA FARMACÊUTICA NACIONAL S/A;60.665.981/0001-18;0280213239;21/03/2023;TODAS
VERTIZAN;VITAMEDIC INDUSTRIA FARMACEUTICA LTDA;30.222.814/0001-31;4943600221;16/11/2022;TODAS
VERTIZINE D;ACHÉ LABORATÓRIOS FARMACÊUTICOS S.A;60.659.463/0029-92;1445381231;19/12/2023;TODAS
DIFEBRIL;CIFARMA CIENTÍFICA FARMACÊUTICA LTDA;17.562.075/0001-69;1185351248;28/08/2024;TODAS
DORFEBRIL;1FARMA INDUSTRIA FARMACEUTICA LTDA;48.113.906/0001-49;4785214228;05/10/2022;TODAS
DEXADEN;CIFARMA CIENTÍFICA FARMACÊUTICA LTDA;17.562.075/0001-69;0736874259;30/05/2025;TODAS
DEXAVISON;LABORATÓRIO TEUTO BRASILEIRO S/A;17.159.229/0001-76;0747594252;03/06/2025;TODAS
DORILESS;CIFARMA CIENTÍFICA FARMACÊUTICA LTDA;17.562.075/0001-69;0855680253;30/06/2025;TODAS
dipirona monoidratada;EMS S/A;57.507.378/0003-65;0443787255;01/04/2025;TODAS
CLOTRIMAZOL;EMS S/A;57.507.378/0003-65;0120874237;06/02/2023;TODAS
CLOTREN;LABORATÓRIO TEUTO BRASILEIRO S/A;17.159.229/0001-76;0764457214;26/02/2021;TODAS
FUNGISTEN;LABORATÓRIO GLOBO SA;17.115.437/0001-73;0788072251;11/06/2025;TODAS
DERMOTRIZOL;BELFAR LTDA;18.324.343/0001-77;1196258244;30/08/2024;TODAS
RELAPAX;CAZI QUIMICA FARMACEUTICA INDUSTRIA E COMERCIO LTDA;44.010.437/0001-81;0415272254;26/03/2025;TODAS
GLYGRAN;LEGRAND PHARMA INDÚSTRIA FARMACÊUTICA LTDA;05.044.984/0001-26;4077373212;15/10/2021;TODAS
DIPIRONA SODICA;PRATI DONADUZZI & CIA LTDA;73.856.593/0001-66;0156688151;20/02/2015;TODAS
FLOTAC;NOVARTIS BIOCIENCIAS S.A;56.994.502/0001-30;0963311255;23/07/2025;TODAS
DORFLAN;CAZI QUIMICA FARMACEUTICA INDUSTRIA E COMERCIO LTDA;44.010.437/0001-81;1534403217;22/04/2021;TODAS
TENADREN;EMS SIGMA PHARMA LTDA;00.923.140/0001-31;0576462250;29/04/2025;TODAS
COXYM;GREENPHARMA QUÍMICA E FARMACÊUTICA LTDA;33.408.105/0001-33;1496596218;19/04/2021;TODAS
DICLOFENACO DIETILAMONIO;LABORATÓRIO TEUTO BRASILEIRO S/A;17.159.229/0001-76;0811643255;18/06/2025;TODAS
CATAFLEXYM;CIFARMA CIENTÍFICA FARMACÊUTICA LTDA;17.562.075/0001-69;0583843255;30/04/2025;TODAS
diclofenaco potássico;EMS S/A;57.507.378/0003-65;0772871256;09/06/2025;TODAS
CALCIOFAR;BELFAR LTDA;18.324.343/0001-77;0000775157;02/01/2015;TODAS
GLIBENECK;1FARMA INDUSTRIA FARMACEUTICA LTDA;48.113.906/0001-49;3446968201;07/10/2020;TODAS
GLICONIL;MEDQUIMICA INDUSTRIA FARMACEUTICA LTDA.;17.875.154/0001-20;0872560218;05/03/2021;TODAS
SVUDIN;CRISTÁLIA PRODUTOS QUÍMICOS FARMACÊUTICOS LTDA.;44.734.671/0001-51;0074694181;30/01/2018;TODAS
LIPIODOL UF;GUERBET PRODUTOS RADIOLÓGICOS LTDA;42.180.406/0001-43;0039609235;13/01/2023;TODAS
HYCLIN;HYPOFARMA - INSTITUTO DE HYPODERMIA E FARMÁCIA LTDA;17.174.657/0001-78;0566117223;16/02/2022;TODAS
CODEIN;CRISTÁLIA PRODUTOS QUÍMICOS FARMACÊUTICOS LTDA.;44.734.671/0001-51;1693854244;11/12/2024;TODAS
DANTALIN;CAZI QUIMICA FARMACEUTICA INDUSTRIA E COMERCIO LTDA;44.010.437/0001-81;4287512209;04/12/2020;TODAS
FUNED - FENITOÍNA;FUNDAÇÃO EZEQUIEL DIAS - FUNED;17.503.475/0001-01;1904769160;10/06/2016;TODAS
CARBITAL;LABORATÓRIO TEUTO BRASILEIRO S/A;17.159.229/0001-76;0608255254;06/05/2025;TODAS
PERINDOPRIL ERBUMINA;RANBAXY FARMACÊUTICA LTDA;73.663.650/0001-90;4613742204;28/12/2020;TODAS
MONURIL;ZAMBON LABORATÓRIOS FARMACÊUTICOS LTDA.;61.100.004/0001-36;1285494245;18/09/2024;TODAS
BAXTER GLICINA;BAXTER HOSPITALAR LTDA;49.351.786/0002-61;3686036215;17/09/2021;TODAS
DIAMICRON;LABORATÓRIOS SERVIER DO BRASIL LTDA;42.374.207/0001-76;1666349241;05/12/2024;TODAS
SUPREMA;BIOLAB SANUS FARMACÊUTICA LTDA;49.475.833/0001-06;1446766216;15/04/2021;TODAS
CUROSURF;CHIESI FARMACÊUTICA LTDA;61.363.032/0001-46;0806390255;17/06/2025;TODAS
SOLUÇÃO DE GLICOSE B. BRAUN;LABORATORIOS B. BRAUN S/A;31.673.254/0001-02;1408360233;11/12/2023;TODAS
INFLUDORON WELEDA;WELEDA DO BRASIL LABORATÓRIO E FARMÁCIA LTDA;56.992.217/0001-80;1187400254;08/09/2025;TODAS
GLICOSE BEKER;BEKER PRODUTOS FÁRMACO HOSPITALARES LTDA;47.231.121/0001-08;1215520219;30/03/2021;TODAS
ASMANON;CAZI QUIMICA FARMACEUTICA INDUSTRIA E COMERCIO LTDA;44.010.437/0001-81;4129266209;23/11/2020;TODAS
ECOS;UNIÃO QUÍMICA FARMACÊUTICA NACIONAL S/A;60.665.981/0001-18;1025084241;26/07/2024;TODAS
EBASTEL;EUROFARMA LABORATÓRIOS S.A.;61.190.096/0001-92;0154287237;14/02/2023;TODAS
PROHAIR;UNIÃO QUÍMICA FARMACÊUTICA NACIONAL S/A;60.665.981/0001-18;3773885211;24/09/2021;TODAS
SYMBICORT TURBUHALER;ASTRAZENECA DO BRASIL LTDA;60.318.797/0001-00;1007441259;05/08/2025;TODAS
FUROSANTISA;SANTISA LABORATÓRIO FARMACÊUTICO S/A;04.099.395/0001-82;1548892246;11/11/2024;TODAS
FUROSEMIDA;LABORATÓRIO TEUTO BRASILEIRO S/A;17.159.229/0001-76;1644234246;02/12/2024;TODAS
LOTEPROL;BL INDÚSTRIA OTICA LTDA;27.011.022/0001-03;4226944200;30/11/2020;TODAS
FUROSEMIDA;HYPOFARMA - INSTITUTO DE HYPODERMIA E FARMÁCIA LTDA;17.174.657/0001-78;1655401246;04/12/2024;TODAS
FLUFENAN DEPOT;CRISTÁLIA PRODUTOS QUÍMICOS FARMACÊUTICOS LTDA.;44.734.671/0001-51;0908155211;08/03/2021;TODAS
ENFLURAN;CRISTÁLIA PRODUTOS QUÍMICOS FARMACÊUTICOS LTDA.;44.734.671/0001-51;2210571169;23/08/2016;TODAS
GESTINOL;LIBBS FARMACÊUTICA LTDA;61.230.314/0001-75;0630360251;09/05/2025;TODAS
FARMANGUINHOS - ETIONAMIDA;FUNDAÇÃO OSWALDO CRUZ;33.781.055/0001-35;1464771211;16/04/2021;TODAS
FLANCOX;APSEN FARMACEUTICA S/A;62.462.015/0001-29;0736271252;30/05/2025;TODAS
ETOMIDATO;CRISTÁLIA PRODUTOS QUÍMICOS FARMACÊUTICOS LTDA.;44.734.671/0001-51;0957033211;11/03/2021;TODAS
PRONAZOL;DIFFUCAP - CHEMOBRÁS QUÍMICA E FARMACÊUTICA LTDA;42.457.796/0001-56;0619305240;09/05/2024;TODAS
HIDRION;LABORATÓRIO GROSS S. A.;33.145.194/0001-72;1681298244;09/12/2024;TODAS
EPÓSIDO;BLAU FARMACÊUTICA S.A.;58.430.828/0001-60;0302395245;12/03/2024;TODAS
ETOXIN;APSEN FARMACEUTICA S/A;62.462.015/0001-29;0841922250;27/06/2025;TODAS
FLUCOVIL;MEDQUIMICA INDUSTRIA FARMACEUTICA LTDA.;17.875.154/0001-20;0012727253;06/01/2025;TODAS
TRIAZOL;BIOLAB SANUS FARMACÊUTICA LTDA;49.475.833/0001-06;0766924254;06/06/2025;TODAS
GANVIRAX;BLAU FARMACÊUTICA S.A.;58.430.828/0001-60;0373003242;26/03/2024;TODAS
ERITROMAX;BLAU FARMACÊUTICA S.A.;58.430.828/0001-60;0743432231;18/07/2023;TODAS
EXTRATO DE CÉLULAS TÍMICAS;LABORATORIO DE EXTRATOS ALERGENICOS LTDA;28.614.626/0001-07;1297362241;20/09/2024;TODAS
DRENISON;BIOLAB SANUS FARMACÊUTICA LTDA;49.475.833/0001-06;1189122251;08/09/2025;TODAS
GELAFUNDIN;LABORATORIOS B. BRAUN S/A;31.673.254/0001-02;0102326240;26/01/2024;TODAS
GENTAMISAN;SANTISA LABORATÓRIO FARMACÊUTICO S/A;04.099.395/0001-82;2803400219;19/07/2021;TODAS
DRENISON N;BIOLAB SANUS FARMACÊUTICA LTDA;49.475.833/0001-06;1493169219;19/04/2021;TODAS
FLUMAZIL;CRISTÁLIA PRODUTOS QUÍMICOS FARMACÊUTICOS LTDA.;44.734.671/0001-51;1070310247;06/08/2024;TODAS
FLUOXETIN;CRISTÁLIA PRODUTOS QUÍMICOS FARMACÊUTICOS LTDA.;44.734.671/0001-51;2796659224;18/05/2022;TODAS
DIMINUT;LIBBS FARMACÊUTICA LTDA;61.230.314/0001-75;0676340253;20/05/2025;TODAS
TÂMISA;EUROFARMA LABORATÓRIOS S.A.;61.190.096/0001-92;1015052258;07/08/2025;TODAS
TANTIN;BIOLAB SANUS FARMACÊUTICA LTDA;49.475.833/0001-06;1296960242;20/09/2024;TODAS
HEMATOM;BIOLAB SANUS FARMACÊUTICA LTDA;49.475.833/0001-06;1413288215;13/04/2021;TODAS
NEXIUM;ASTRAZENECA DO BRASIL LTDA;60.318.797/0001-00;0788938258;11/06/2025;TODAS
CATUAMA;LABORATORIO CATARINENSE LTDA;84.684.620/0001-87;2658637225;02/05/2022;TODAS
AGUA PARA INJEÇÃO;EQUIPLEX INDÚSTRIA FARMACÊUTICA LTDA;01.784.792/0001-03;1202760252;10/09/2025;TODAS
ALICURA;LABORATORIO CATARINENSE LTDA;84.684.620/0001-87;0359456227;28/01/2022;TODAS
ACIDO ACETILSALICILICO;EMS S/A;57.507.378/0003-65;0797784250;13/06/2025;TODAS
VALERATO DE BETAMETASONA+SULFATO DE GENTAMICINA+TOLNAFTATO+CLIOQUINOL;CIMED INDUSTRIA S.A;02.814.497/0001-07;0802905149;25/09/2014;TODAS
PARASIN;ACHÉ LABORATÓRIOS FARMACÊUTICOS S.A;60.659.463/0029-92;0303749245;12/03/2024;TODAS
BRONDILAT;ACHÉ LABORATÓRIOS FARMACÊUTICOS S.A;60.659.463/0029-92;0343882256;13/03/2025;TODAS
BENZOL;GREENPHARMA QUÍMICA E FARMACÊUTICA LTDA;33.408.105/0001-33;1495158214;19/04/2021;TODAS
ALBENDAZOL;PRATI DONADUZZI & CIA LTDA;73.856.593/0001-66;1710456248;13/12/2024;TODAS
ALBENDAZOL 40 MG/ML SUSPENSÃO ORAL;LABORATÓRIO TEUTO BRASILEIRO S/A;17.159.229/0001-76;0420494251;27/03/2025;TODAS
BERIBUMIN;CSL BEHRING COMÉRCIO DE PRODUTOS FARMACÊUTICOS LTDA;62.969.589/0001-98;0556609255;25/04/2025;TODAS
ALBUMAX;BLAU FARMACÊUTICA S.A.;58.430.828/0001-60;0790637251;12/06/2025;TODAS
TRACTOCILE;LABORATÓRIOS FERRING LTDA;74.232.034/0001-48;1193163242;29/08/2024;TODAS
BETA-LONG;UNIÃO QUÍMICA FARMACÊUTICA NACIONAL S/A;60.665.981/0001-18;0555304256;24/04/2025;TODAS
FURP-DEXAMETASONA;FUNDAÇÃO PARA O REMÉDIO POPULAR - FURP;43.640.754/0001-19;4919727224;09/11/2022;TODAS
ALENDIL;FARMOQUÍMICA S/A;33.349.473/0001-58;1379313236;05/12/2023;TODAS
CONTRACEP;GERMED FARMACEUTICA LTDA;45.992.062/0001-65;1085063259;15/08/2025;TODAS
FEMIGESTROL;LABORATÓRIO QUÍMICO FARMACÊUTICO BERGAMO LTDA;61.282.661/0001-41;0662010248;17/05/2024;TODAS
CEVITA;LABORATÓRIO TEUTO BRASILEIRO S/A;17.159.229/0001-76;1430049214;14/04/2021;TODAS
alopurinol;SANDOZ DO BRASIL INDÚSTRIA FARMACÊUTICA LTDA;61.286.647/0001-16;0687668255;22/05/2025;TODAS
PROPARK;UNIÃO QUÍMICA FARMACÊUTICA NACIONAL S/A;60.665.981/0001-18;2639620215;07/07/2021;TODAS
PLAKETAR;BIOLAB SANUS FARMACÊUTICA LTDA;49.475.833/0001-06;1359605215;09/04/2021;TODAS
UNI-CARBAMAZ;UNIÃO QUÍMICA FARMACÊUTICA NACIONAL S/A;60.665.981/0001-18;0258897252;24/02/2025;TODAS
KEFALOMAX;INSTITUTO BIOCHIMICO INDÚSTRIA FARMACÊUTICA LTDA;33.258.401/0001-03;0867205253;02/07/2025;TODAS
CEZOLIN;INSTITUTO BIOCHIMICO INDÚSTRIA FARMACÊUTICA LTDA;33.258.401/0001-03;0849086256;28/06/2025;TODAS
KEFOZIL;INSTITUTO BIOCHIMICO INDÚSTRIA FARMACÊUTICA LTDA;33.258.401/0001-03;0868359254;02/07/2025;TODAS
ETNA;LABORATÓRIO GROSS S. A.;33.145.194/0001-72;0214716252;14/02/2025;TODAS
acetilcisteína;EUROFARMA LABORATÓRIOS S.A.;61.190.096/0001-92;1554847213;23/04/2021;TODAS
FOLINAC;HIPOLABOR FARMACEUTICA LTDA;19.570.720/0001-10;0994936257;31/07/2025;TODAS
ACFOL;CAZI QUIMICA FARMACEUTICA INDUSTRIA E COMERCIO LTDA;44.010.437/0001-81;1441099247;21/10/2024;TODAS
HYALUDERMIN;TRB PHARMA INDÚSTRIA QUÍMICA E FARMACÊUTICA LTDA;61.455.192/0001-15;0824867212;02/03/2021;TODAS
COLCHIS;APSEN FARMACEUTICA S/A;62.462.015/0001-29;1204881243;02/09/2024;TODAS
UNI-DIAZEPAX;UNIÃO QUÍMICA FARMACÊUTICA NACIONAL S/A;60.665.981/0001-18;0753494256;04/06/2025;TODAS
HERPESIL;SANDOZ DO BRASIL INDÚSTRIA FARMACÊUTICA LTDA;61.286.647/0001-16;1954062211;20/05/2021;TODAS
VITACID;THERASKIN FARMACEUTICA LTDA.;61.517.397/0001-88;0941899250;21/07/2025;TODAS
ACICLOVIR;MERCK S/A;33.069.212/0001-84;0142223255;31/01/2025;TODAS
Antivirax;EMS S/A;57.507.378/0003-65;0568896254;28/04/2025;TODAS
KETOSTERIL;FRESENIUS KABI BRASIL LTDA;49.324.221/0001-04;1558368216;23/04/2021;TODAS
ACICLOVIR;CRISTÁLIA PRODUTOS QUÍMICOS FARMACÊUTICOS LTDA.;44.734.671/0001-51;0777307182;07/08/2018;TODAS
EZOPEN;LABORATÓRIO TEUTO BRASILEIRO S/A;17.159.229/0001-76;0659050251;15/05/2025;TODAS
UNI-VIR;UNIÃO QUÍMICA FARMACÊUTICA NACIONAL S/A;60.665.981/0001-18;2533948225;26/04/2022;TODAS
BELPELE;FARMOQUÍMICA S/A;33.349.473/0001-58;0430301251;28/03/2025;TODAS
ADREN;HIPOLABOR FARMACEUTICA LTDA;19.570.720/0001-10;1448133246;22/10/2024;TODAS
ACIVIRAX;CIFARMA CIENTÍFICA FARMACÊUTICA LTDA;17.562.075/0001-69;0107638258;24/01/2025;TODAS
ÁGUA ESTÉRIL BAXTER;BAXTER HOSPITALAR LTDA;49.351.786/0002-61;3672296210;16/09/2021;TODAS
ÁGUA PARA INJEÇÃO B. BRAUN;LABORATORIOS B. BRAUN S/A;31.673.254/0001-02;1403567239;10/12/2023;TODAS
BENICAR;DAIICHI SANKYO BRASIL FARMACÊUTICA LTDA;60.874.187/0001-84;0531070255;17/04/2025;TODAS
RISPERDAL;JANSSEN-CILAG FARMACÊUTICA LTDA;51.780.468/0001-87;1743593244;20/12/2024;TODAS
ACICLOVIR;RANBAXY FARMACÊUTICA LTDA;73.663.650/0001-90;0271397250;26/02/2025;TODAS
AMOXICILINA;EUROFARMA LABORATÓRIOS S.A.;61.190.096/0001-92;1134988257;22/08/2025;TODAS
AMOXICILINA;EUROFARMA LABORATÓRIOS S.A.;61.190.096/0001-92;1140300253;25/08/2025;TODAS
SALICETIL;BRASTERAPICA PHARMACEUTICA LTDA.;46.179.008/0001-68;0784348251;11/06/2025;TODAS
albendazol;EMS S/A;57.507.378/0003-65;1208205251;11/09/2025;TODAS
AMOXICILINA;EMS S/A;57.507.378/0003-65;0977031250;28/07/2025;TODAS
FUNED - CARBAMAZEPINA;FUNDAÇÃO EZEQUIEL DIAS - FUNED;17.503.475/0001-01;0237227194;18/03/2019;TODAS
TEGREZIN;CAZI QUIMICA FARMACEUTICA INDUSTRIA E COMERCIO LTDA;44.010.437/0001-81;0939985250;21/07/2025;TODAS
COARTEM;NOVARTIS BIOCIENCIAS S.A;56.994.502/0001-30;0280220131;12/04/2013;TODAS
ANFORICIN B;CRISTÁLIA PRODUTOS QUÍMICOS FARMACÊUTICOS LTDA.;44.734.671/0001-51;2534062212;30/06/2021;TODAS
AMBISOME;UNITED MEDICAL LTDA;68.949.239/0001-46;0677555245;21/05/2024;TODAS
BROMOPRIDA;EMS S/A;57.507.378/0003-65;0414885244;03/04/2024;TODAS
DIGESTIL;LABORATÓRIO TEUTO BRASILEIRO S/A;17.159.229/0001-76;1396706241;10/10/2024;TODAS
CARBOCISTEINA;PRATI DONADUZZI & CIA LTDA;73.856.593/0001-66;0584703252;30/04/2025;TODAS
MIFLONIDE;NOVARTIS BIOCIENCIAS S.A;56.994.502/0001-30;4366330229;30/06/2022;TODAS
ATEPRESS;LABORATÓRIO TEUTO BRASILEIRO S/A;17.159.229/0001-76;3843595216;29/09/2021;TODAS
BENZOTOP;DFL INDÚSTRIA E COMÉRCIO S/A;33.112.665/0001-46;0037331248;11/01/2024;TODAS
PULMICORT;ASTRAZENECA DO BRASIL LTDA;60.318.797/0001-00;1021222259;08/08/2025;TODAS
ABLOK;BIOLAB SANUS FARMACÊUTICA LTDA;49.475.833/0001-06;0451959256;02/04/2025;TODAS
ATENOCLOR;VITAMEDIC INDUSTRIA FARMACEUTICA LTDA;30.222.814/0001-31;0911023259;11/07/2025;TODAS
HYPOCINA COMPOSTA;HYPOFARMA - INSTITUTO DE HYPODERMIA E FARMÁCIA LTDA;17.174.657/0001-78;5090853223;23/12/2022;TODAS
COLIPAN;GREENPHARMA QUÍMICA E FARMACÊUTICA LTDA;33.408.105/0001-33;1497975216;19/04/2021;TODAS
MIONEVRIX;ACHÉ LABORATÓRIOS FARMACÊUTICOS S.A;60.659.463/0029-92;3737173214;21/09/2021;TODAS
CARDILOL;LIBBS FARMACÊUTICA LTDA;61.230.314/0001-75;4634563223;31/08/2022;TODAS
NEMODINE;DIFFUCAP - CHEMOBRÁS QUÍMICA E FARMACÊUTICA LTDA;42.457.796/0001-56;0328859155;15/04/2015;TODAS
ATROPINA;ALLERGAN PRODUTOS FARMACÊUTICOS LTDA;43.426.626/0001-77;0574244239;05/06/2023;TODAS
PRESS PLUS;BIOLAB SANUS FARMACÊUTICA LTDA;49.475.833/0001-06;1360954218;09/04/2021;TODAS
NOVAMOX;ACHÉ LABORATÓRIOS FARMACÊUTICOS S.A;60.659.463/0029-92;0294649247;11/03/2024;TODAS
AMOXICILINA;EMS S/A;57.507.378/0003-65;0966353251;24/07/2025;TODAS
AXETILCEFUROXIMA;RANBAXY FARMACÊUTICA LTDA;73.663.650/0001-90;0984070249;18/07/2024;TODAS
FURP-AZATIOPRINA;FUNDAÇÃO PARA O REMÉDIO POPULAR - FURP;43.640.754/0001-19;0835750230;09/08/2023;TODAS
VITERGAN ZINCO;MARJAN INDÚSTRIA E COMÉRCIO LTDA;60.726.692/0001-81;0856824259;30/06/2025;TODAS
OLANZAPINA;BRAINFARMA INDÚSTRIA QUÍMICA E FARMACÊUTICA S.A;05.161.069/0001-10;1187731242;29/08/2024;TODAS
CASODEX;ASTRAZENECA DO BRASIL LTDA;60.318.797/0001-00;1201550254;10/09/2025;TODAS
ampicilina;EUROFARMA LABORATÓRIOS S.A.;61.190.096/0001-92;2446455221;18/04/2022;TODAS
LUMIGAN;ALLERGAN PRODUTOS FARMACÊUTICOS LTDA;43.426.626/0001-77;0544445236;29/05/2023;TODAS
BISALAX;UNIÃO QUÍMICA FARMACÊUTICA NACIONAL S/A;60.665.981/0001-18;0743428251;02/06/2025;TODAS
HYPONOR;HYPOFARMA - INSTITUTO DE HYPODERMIA E FARMÁCIA LTDA;17.174.657/0001-78;1612458246;26/11/2024;TODAS
NORADREM;HIPOLABOR FARMACEUTICA LTDA;19.570.720/0001-10;0895797232;24/08/2023;TODAS
BROMAZEPAM;EMS S/A;57.507.378/0003-65;0976853256;28/07/2025;TODAS
CAPTOCORD;LABORATÓRIO GLOBO SA;17.115.437/0001-73;0972935240;17/07/2024;TODAS
CAPTOMIDO;BELFAR LTDA;18.324.343/0001-77;1330975243;27/09/2024;TODAS
AZITROMED;MEDQUIMICA INDUSTRIA FARMACEUTICA LTDA.;17.875.154/0001-20;1287079245;18/09/2024;TODAS
BROMETO DE IPRATROPIO;UNIÃO QUÍMICA FARMACÊUTICA NACIONAL S/A;60.665.981/0001-18;1183284250;05/09/2025;TODAS
BUTILBROMETO DE ESCOPOLAMINA;LABORATÓRIO TEUTO BRASILEIRO S/A;17.159.229/0001-76;5011448223;02/12/2022;TODAS
FURP-CAPTOPRIL;FUNDAÇÃO PARA O REMÉDIO POPULAR - FURP;43.640.754/0001-19;1596229216;26/04/2021;TODAS
SINUDORON;WELEDA DO BRASIL LABORATÓRIO E FARMÁCIA LTDA;56.992.217/0001-80;1206128259;11/09/2025;TODAS
BACLOFEN;LABORATÓRIO TEUTO BRASILEIRO S/A;17.159.229/0001-76;0531079252;17/04/2025;TODAS
ADENON;WELEDA DO BRASIL LABORATÓRIO E FARMÁCIA LTDA;56.992.217/0001-80;1177381257;04/09/2025;TODAS
PANCURON;CRISTÁLIA PRODUTOS QUÍMICOS FARMACÊUTICOS LTDA.;44.734.671/0001-51;0788763245;12/06/2024;TODAS
AMPICILINA SÓDICA;LABORATÓRIO TEUTO BRASILEIRO S/A;17.159.229/0001-76;0645338257;13/05/2025;TODAS
ARIMIDEX;ASTRAZENECA DO BRASIL LTDA;60.318.797/0001-00;1208196251;11/09/2025;TODAS
SIMULECT;NOVARTIS BIOCIENCIAS S.A;56.994.502/0001-30;0755285255;04/06/2025;TODAS
CEFALEXINA;RANBAXY FARMACÊUTICA LTDA;73.663.650/0001-90;1073454136;20/12/2013;TODAS
CETOCONAZOL;CRISTÁLIA PRODUTOS QUÍMICOS FARMACÊUTICOS LTDA.;44.734.671/0001-51;2093384163;18/07/2016;TODAS
OPHTCOL;OPHTHALMOS LTDA;61.129.409/0001-05;1046563246;31/07/2024;TODAS
CEFABEN;CAZI QUIMICA FARMACEUTICA INDUSTRIA E COMERCIO LTDA;44.010.437/0001-81;4195231206;27/11/2020;TODAS
FURP-CEFALEXINA;FUNDAÇÃO PARA O REMÉDIO POPULAR - FURP;43.640.754/0001-19;1556431212;23/04/2021;TODAS
C-PLATIN;BLAU FARMACÊUTICA S.A.;58.430.828/0001-60;1020546247;25/07/2024;TODAS
cefalotina sódica;LABORATÓRIO TEUTO BRASILEIRO S/A;17.159.229/0001-76;2808263210;19/07/2021;TODAS
CETOCORT;LABORATÓRIO TEUTO BRASILEIRO S/A;17.159.229/0001-76;0928547230;31/08/2023;TODAS
FUNGICORT;CIFARMA CIENTÍFICA FARMACÊUTICA LTDA;17.562.075/0001-69;0392384256;24/03/2025;TODAS
EMSCORT;EMS S/A;57.507.378/0003-65;4376074217;05/11/2021;TODAS
NOVACORT;ACHÉ LABORATÓRIOS FARMACÊUTICOS S.A;60.659.463/0029-92;0866372253;02/07/2025;TODAS
CANDICORT;ACHÉ LABORATÓRIOS FARMACÊUTICOS S.A;60.659.463/0029-92;0866328254;02/07/2025;TODAS
CETOPROFENO;CRISTÁLIA PRODUTOS QUÍMICOS FARMACÊUTICOS LTDA.;44.734.671/0001-51;0624294242;10/05/2024;TODAS
CLOCEF;LABORATÓRIO TEUTO BRASILEIRO S/A;17.159.229/0001-76;2724421213;13/07/2021;TODAS
CETOPROFENO;EUROFARMA LABORATÓRIOS S.A.;61.190.096/0001-92;1456534238;21/12/2023;TODAS
trometamol cetorolaco;CRISTÁLIA PRODUTOS QUÍMICOS FARMACÊUTICOS LTDA.;44.734.671/0001-51;0662162251;16/05/2025;TODAS
CLORETO DE SÓDIO - BAXTER;BAXTER HOSPITALAR LTDA;49.351.786/0002-61;1083381245;08/08/2024;TODAS
ASMOFEN;LABORATÓRIO TEUTO BRASILEIRO S/A;17.159.229/0001-76;0809572257;17/06/2025;TODAS
DIVELOL;LABORATÓRIOS BALDACCI LTDA;61.150.447/0001-31;0845501259;27/06/2025;TODAS
ICTUS;BIOLAB SANUS FARMACÊUTICA LTDA;49.475.833/0001-06;4706486220;19/09/2022;TODAS
MICOLAMINA;THERASKIN FARMACEUTICA LTDA.;61.517.397/0001-88;1120403243;15/08/2024;TODAS
LITOCIT;APSEN FARMACEUTICA S/A;62.462.015/0001-29;1650678240;03/12/2024;TODAS
SIGMASPORIN MICRORAL;GERMED FARMACEUTICA LTDA;45.992.062/0001-65;0797347241;13/06/2024;TODAS
FASTFEN;CRISTÁLIA PRODUTOS QUÍMICOS FARMACÊUTICOS LTDA.;44.734.671/0001-51;0757723211;25/02/2021;TODAS
CITRATO DE TAMOXIFENO;SANDOZ DO BRASIL INDÚSTRIA FARMACÊUTICA LTDA;61.286.647/0001-16;0966892259;24/07/2025;TODAS
CICLOSPORINA;GERMED FARMACEUTICA LTDA;45.992.062/0001-65;0796160244;13/06/2024;TODAS
TAXOFEN;BLAU FARMACÊUTICA S.A.;58.430.828/0001-60;0258670258;24/02/2025;TODAS
LACTASOL;JP INDUSTRIA FARMACEUTICA S/A;55.972.087/0001-50;4479315204;18/12/2020;TODAS
KLARICID;ABBOTT LABORATÓRIOS DO BRASIL LTDA;56.998.701/0001-16;0927669251;17/07/2025;TODAS
cefadroxila;EUROFARMA LABORATÓRIOS S.A.;61.190.096/0001-92;0005055237;03/01/2023;TODAS
AMPLOSPEC;INSTITUTO BIOCHIMICO INDÚSTRIA FARMACÊUTICA LTDA;33.258.401/0001-03;1196473251;09/09/2025;TODAS
ROCEFIN;PRODUTOS ROCHE QUÍMICOS E FARMACÊUTICOS S.A.;33.009.945/0001-23;0829888250;24/06/2025;TODAS
CEFALEXINA;EUROFARMA LABORATÓRIOS S.A.;61.190.096/0001-92;4842918225;19/10/2022;TODAS
TEUCEF;LABORATÓRIO TEUTO BRASILEIRO S/A;17.159.229/0001-76;1152672258;28/08/2025;TODAS
STUGERON;JANSSEN-CILAG FARMACÊUTICA LTDA;51.780.468/0001-87;0725271230;13/07/2023;TODAS
HYTOS PLUS;UNIÃO QUÍMICA FARMACÊUTICA NACIONAL S/A;60.665.981/0001-18;0331041251;11/03/2025;TODAS
CEFADROXILA;EMS S/A;57.507.378/0003-65;0347878253;14/03/2025;TODAS
ceftriaxona dissódica hemieptaidratada;EUROFARMA LABORATÓRIOS S.A.;61.190.096/0001-92;1173362258;03/09/2025;TODAS
LIPLESS;BIOLAB SANUS FARMACÊUTICA LTDA;49.475.833/0001-06;0032183259;09/01/2025;TODAS
CIPROBIOT;SANDOZ DO BRASIL INDÚSTRIA FARMACÊUTICA LTDA;61.286.647/0001-16;0830498257;24/06/2025;TODAS
CLORIDRATO DE TERBINAFINA;EMS S/A;57.507.378/0003-65;1190100258;08/09/2025;TODAS
FUNTYL;CRISTÁLIA PRODUTOS QUÍMICOS FARMACÊUTICOS LTDA.;44.734.671/0001-51;0365422258;18/03/2025;TODAS
MICOSIL;LABORATÓRIO TEUTO BRASILEIRO S/A;17.159.229/0001-76;0348434193;17/04/2019;TODAS
AMYTRIL;CRISTÁLIA PRODUTOS QUÍMICOS FARMACÊUTICOS LTDA.;44.734.671/0001-51;0796699259;13/06/2025;TODAS
ERANZ;PFIZER BRASIL LTDA;61.072.393/0001-33;0276769252;27/02/2025;TODAS
CLORIDRATO DE DOPAMINA;UNIÃO QUÍMICA FARMACÊUTICA NACIONAL S/A;60.665.981/0001-18;1691602221;08/04/2022;TODAS
PLABEL;BELFAR LTDA;18.324.343/0001-77;0244451249;29/02/2024;TODAS
VOMISTOP;MEDQUIMICA INDUSTRIA FARMACEUTICA LTDA.;17.875.154/0001-20;0586070257;30/04/2025;TODAS
AMIOBAL;LABORATÓRIOS BALDACCI LTDA;61.150.447/0001-31;0345591259;14/03/2025;TODAS
HOXIDRIN;LABORATÓRIO GLOBO SA;17.115.437/0001-73;0813812259;18/06/2025;TODAS
Konduz;EMS S/A;57.507.378/0003-65;0693588250;23/05/2025;TODAS
KETAMIN;CRISTÁLIA PRODUTOS QUÍMICOS FARMACÊUTICOS LTDA.;44.734.671/0001-51;2637247223;29/04/2022;TODAS
drosperinona + etinilestradiol;EMS S/A;57.507.378/0003-65;0985572256;30/07/2025;TODAS
losartana potássica;VITAMEDIC INDUSTRIA FARMACEUTICA LTDA;30.222.814/0001-31;2240497160;31/08/2016;TODAS
DESLORATADINA;ZYDUS NIKKHO FARMACÊUTICA LTDA;05.254.971/0001-81;4505514226;04/08/2022;TODAS
imipenem + cilastatina;INSTITUTO BIOCHIMICO INDÚSTRIA FARMACÊUTICA LTDA;33.258.401/0001-03;0862351251;01/07/2025;TODAS
CLORIDRATO DE DEXMEDETOMIDINA;VOLPHARMA DISTRIBUIDORA DE PRODUTOS HOSPITALARES E FARMACÊUTICOS LTDA;14.665.928/0001-08;0410620182;22/05/2018;TODAS
SINOT CLAV;EUROFARMA LABORATÓRIOS S.A.;61.190.096/0001-92;0996538259;01/08/2025;TODAS
DEX-500-TEC;COMISSAO NACIONAL DE ENERGIA NUCLEAR;00.402.552/0001-26;1252838239;13/11/2023;TODAS
MACRODANTINA;COSMED INDUSTRIA DE COSMETICOS E MEDICAMENTOS S.A.;61.082.426/0002-07;0639347258;12/05/2025;TODAS
PIRO-TEC;COMISSAO NACIONAL DE ENERGIA NUCLEAR;00.402.552/0001-26;1253112231;13/11/2023;TODAS
GLICINA JP 1,5%;JP INDUSTRIA FARMACEUTICA S/A;55.972.087/0001-50;0897253256;08/07/2025;TODAS
DASTENE;ACHÉ LABORATÓRIOS FARMACÊUTICOS S.A;60.659.463/0029-92;0712864253;27/05/2025;TODAS
DESLIN;ZYDUS NIKKHO FARMACÊUTICA LTDA;05.254.971/0001-81;4506917227;04/08/2022;TODAS
GABAPENTINA;SANDOZ DO BRASIL INDÚSTRIA FARMACÊUTICA LTDA;61.286.647/0001-16;0486547230;15/05/2023;TODAS
DIPROGENTA;COSMED INDUSTRIA DE COSMETICOS E MEDICAMENTOS S.A.;61.082.426/0002-07;4684183220;13/09/2022;TODAS
QUADRILON;BRAINFARMA INDÚSTRIA QUÍMICA E FARMACÊUTICA S.A;05.161.069/0001-10;0711174237;11/07/2023;TODAS
TEUFRON;LABORATÓRIO TEUTO BRASILEIRO S/A;17.159.229/0001-76;0921649219;09/03/2021;TODAS
finasterida;CIMED INDUSTRIA S.A;02.814.497/0001-07;0583758258;30/04/2025;TODAS
CLORIDRATO DE SERTRALINA;GEOLAB INDÚSTRIA FARMACÊUTICA S/A;03.485.572/0001-04;0711235252;26/05/2025;TODAS
CPHD AC;SALBEGO LABORATÓRIO FARMACÊUTICO LTDA;92.832.195/0001-54;1657767248;04/12/2024;TODAS
HIMAAGIN;EMS S/A;57.507.378/0003-65;0856754251;30/06/2025;TODAS
MIOFLEX A;COSMED INDUSTRIA DE COSMETICOS E MEDICAMENTOS S.A.;61.082.426/0002-07;0306649250;06/03/2025;TODAS
CANDESARTANA CILEXETILA+HIDROCLOROTIAZIDA;GEOLAB INDÚSTRIA FARMACÊUTICA S/A;03.485.572/0001-04;1022735181;23/10/2018;TODAS
ASEA HCT;SUPERA FARMA LABORATÓRIOS S.A;43.312.503/0001-05;0709395256;26/05/2025;TODAS
cloridrato de dexmedetomidina;UNIÃO QUÍMICA FARMACÊUTICA NACIONAL S/A;60.665.981/0001-18;1403208247;11/10/2024;TODAS
FLUTEP;IBF - INDUSTRIA BRASILEIRA DE FARMOQUIMICOS S.A.;14.864.868/0001-44;0905512251;10/07/2025;TODAS
DICLOFENACO SODICO;BELFAR LTDA;18.324.343/0001-77;0445743255;01/04/2025;TODAS
Untral;ACHÉ LABORATÓRIOS FARMACÊUTICOS S.A;60.659.463/0029-92;0193542251;11/02/2025;TODAS
PRAXBIND;BOEHRINGER INGELHEIM DO BRASIL QUÍMICA E FARMACÊUTICA LTDA.;60.831.658/0001-77;1745646248;20/12/2024;TODAS
MALEATO DE ENALAPRIL;1FARMA INDUSTRIA FARMACEUTICA LTDA;48.113.906/0001-49;0975857258;28/07/2025;TODAS
ROSULIB;SANDOZ DO BRASIL INDÚSTRIA FARMACÊUTICA LTDA;61.286.647/0001-16;0849247241;21/06/2024;TODAS
levofloxacino;1FARMA INDUSTRIA FARMACEUTICA LTDA;48.113.906/0001-49;1118958204;13/04/2020;TODAS
ANORO ELLIPTA;GLAXOSMITHKLINE BRASIL LTDA;33.247.743/0001-10;0770636250;09/06/2025;TODAS
Valerato de betametasona;PHARLAB INDÚSTRIA FARMACÊUTICA S.A.;02.501.297/0001-02;0038074257;10/01/2025;TODAS
MANITOL 20%;HALEX ISTAR INDÚSTRIA FARMACÊUTICA SA;01.571.702/0001-98;4721353227;21/09/2022;TODAS
FITA-TEC;COMISSAO NACIONAL DE ENERGIA NUCLEAR;00.402.552/0001-26;1253070237;13/11/2023;TODAS
DALINVI;JANSSEN-CILAG FARMACÊUTICA LTDA;51.780.468/0001-87;1187355259;08/09/2025;TODAS
CLORIDRATO DE MEMANTINA;SANDOZ DO BRASIL INDÚSTRIA FARMACÊUTICA LTDA;61.286.647/0001-16;4633989219;23/11/2021;TODAS
TADALAFILA;BRAINFARMA INDÚSTRIA QUÍMICA E FARMACÊUTICA S.A;05.161.069/0001-10;1477046241;28/10/2024;TODAS
AVAL;SUPERA FARMA LABORATÓRIOS S.A;43.312.503/0001-05;0857181254;30/06/2025;TODAS
PREDSIM;COSMED INDUSTRIA DE COSMETICOS E MEDICAMENTOS S.A.;61.082.426/0002-07;0538463252;22/04/2025;TODAS
AERODIVENT;LABORATÓRIO TEUTO BRASILEIRO S/A;17.159.229/0001-76;2808602219;19/07/2021;TODAS
ANASTROZOL;EMS S/A;57.507.378/0003-65;1342985249;30/09/2024;TODAS
topiramato;FUNDAÇÃO PARA O REMÉDIO POPULAR - FURP;43.640.754/0001-19;2039484195;23/08/2019;TODAS
RITONAVIR;LABORATORIO FARMACEUTICO DO ESTADO DE PERNAMBUCO GOVERNADOR MIGUEL ARRAES S/A - LAFEPE;10.877.926/0001-13;0912039256;11/07/2025;TODAS
NOFEBRIN;LEGRAND PHARMA INDÚSTRIA FARMACÊUTICA LTDA;05.044.984/0001-26;0451419251;02/04/2025;TODAS
FINASTIL;EMS SIGMA PHARMA LTDA;00.923.140/0001-31;4901617222;03/11/2022;TODAS
maleato de dexclorfeniramina;EMS S/A;57.507.378/0003-65;0926693255;16/07/2025;TODAS
LÂNICO;SUPERA FARMA LABORATÓRIOS S.A;43.312.503/0001-05;0251857247;01/03/2024;TODAS
DORZAL;LEGRAND PHARMA INDÚSTRIA FARMACÊUTICA LTDA;05.044.984/0001-26;0708819257;26/05/2025;TODAS
CABERGOLINA;GERMED FARMACEUTICA LTDA;45.992.062/0001-65;1700779249;12/12/2024;TODAS
BENZOILMETRONIDAZOL;EMS S/A;57.507.378/0003-65;0921713240;05/07/2024;TODAS
MONTELUCASTE DE SODIO;GEOLAB INDÚSTRIA FARMACÊUTICA S/A;03.485.572/0001-04;4869739224;26/10/2022;TODAS
CLIOQDERM;GEOLAB INDÚSTRIA FARMACÊUTICA S/A;03.485.572/0001-04;2035538176;28/09/2017;TODAS
SULFATO DE VINCRISTINA;LABORATÓRIO QUÍMICO FARMACÊUTICO BERGAMO LTDA;61.282.661/0001-41;0834347245;19/06/2024;TODAS
CEDROXIL;LEGRAND PHARMA INDÚSTRIA FARMACÊUTICA LTDA;05.044.984/0001-26;1398947212;12/04/2021;TODAS
FENTANEST;CRISTÁLIA PRODUTOS QUÍMICOS FARMACÊUTICOS LTDA.;44.734.671/0001-51;1251882242;11/09/2024;TODAS
PREDNISONA;LEGRAND PHARMA INDÚSTRIA FARMACÊUTICA LTDA;05.044.984/0001-26;1085580237;11/10/2023;TODAS
SEDAMED;CIMED INDUSTRIA S.A;02.814.497/0001-07;1203651236;02/11/2023;TODAS
captopril;GERMED FARMACEUTICA LTDA;45.992.062/0001-65;0340737255;13/03/2025;TODAS
citrato de sildenafila;GERMED FARMACEUTICA LTDA;45.992.062/0001-65;4502962228;03/08/2022;TODAS
rifamicina SV sódica;LEGRAND PHARMA INDÚSTRIA FARMACÊUTICA LTDA;05.044.984/0001-26;0886814243;28/06/2024;TODAS
clonazepam;GERMED FARMACEUTICA LTDA;45.992.062/0001-65;0667403248;20/05/2024;TODAS
NEVRIX IM;ARESE PHARMA LTDA.;07.670.111/0001-54;0248391241;29/02/2024;TODAS
meloxicam;GERMED FARMACEUTICA LTDA;45.992.062/0001-65;1011835258;06/08/2025;TODAS
Valsed;CIFARMA CIENTÍFICA FARMACÊUTICA LTDA;17.562.075/0001-69;0829342257;24/06/2025;TODAS
NITAZOXANIDA;Althaia S.A Indústria Farmacêutica;48.344.725/0007-19;0158788257;05/02/2025;TODAS
CLORETO DE SÓDIO JP FISIOLÓGICO;JP INDUSTRIA FARMACEUTICA S/A;55.972.087/0001-50;0737727250;30/05/2025;TODAS
VELAMOX BD;EMS SIGMA PHARMA LTDA;00.923.140/0001-31;0155022253;04/02/2025;TODAS
NALDECON DIA;RECKITT BENCKISER (BRASIL) LTDA;59.557.124/0001-15;0040586235;13/01/2023;TODAS
REXPECONE;1FARMA INDUSTRIA FARMACEUTICA LTDA;48.113.906/0001-49;0721525178;26/04/2017;TODAS
LABIRIN;APSEN FARMACEUTICA S/A;62.462.015/0001-29;0790698251;12/06/2025;TODAS
PROAZITAX;EUROFARMA LABORATÓRIOS S.A.;61.190.096/0001-92;1008279251;05/08/2025;TODAS
BUTILBROMETO DE ESCOPOLAMINA;FARMACE INDÚSTRIA QUÍMICO-FARMACÊUTICA CEARENSE LTDA;06.628.333/0001-46;0214742245;23/02/2024;TODAS
DEXMINE;CIMED INDUSTRIA S.A;02.814.497/0001-07;0975373251;28/07/2025;TODAS
INSOPIDEM;EMS SIGMA PHARMA LTDA;00.923.140/0001-31;0033614253;09/01/2025;TODAS
SOMAFLEX AP;EMS SIGMA PHARMA LTDA;00.923.140/0001-31;0602652251;05/05/2025;TODAS
VOTRIENT;NOVARTIS BIOCIENCIAS S.A;56.994.502/0001-30;0493698256;10/04/2025;TODAS
OXOTRON;ACHÉ LABORATÓRIOS FARMACÊUTICOS S.A;60.659.463/0029-92;0274732254;26/02/2025;TODAS
cloridrato de sertralina;LEGRAND PHARMA INDÚSTRIA FARMACÊUTICA LTDA;05.044.984/0001-26;1174765259;03/09/2025;TODAS
ZODEL;SANOFI MEDLEY FARMACÊUTICA LTDA.;10.588.595/0010-92;0900168242;02/07/2024;TODAS
CPHD GENIUS DS;FRESENIUS MEDICAL CARE LTDA;01.440.590/0001-36;1707668248;13/12/2024;TODAS
Toux;LABORATÓRIO FARMACÊUTICO ELOFAR LTDA;83.874.628/0001-43;2518244221;25/04/2022;TODAS
FENLOC;ZYDUS NIKKHO FARMACÊUTICA LTDA;05.254.971/0001-81;1556703216;23/04/2021;TODAS
LIPIGRAN;LEGRAND PHARMA INDÚSTRIA FARMACÊUTICA LTDA;05.044.984/0001-26;0921280254;15/07/2025;TODAS
azacitidina;UNITED MEDICAL LTDA;68.949.239/0001-46;1740346246;20/12/2024;TODAS
PREG-LESS;EMS SIGMA PHARMA LTDA;00.923.140/0001-31;0387393242;27/03/2024;TODAS
sulfato de gentamicina;SANTISA LABORATÓRIO FARMACÊUTICO S/A;04.099.395/0001-82;2803574217;19/07/2021;TODAS
Zedora;LIBBS FARMACÊUTICA LTDA;61.230.314/0001-75;0663864241;17/05/2024;TODAS
albendazol;1FARMA INDUSTRIA FARMACEUTICA LTDA;48.113.906/0001-49;0495991174;28/03/2017;TODAS
FASENRA;ASTRAZENECA DO BRASIL LTDA;60.318.797/0001-00;1182781250;05/09/2025;TODAS
REDTIBIN;DR. REDDYS FARMACÊUTICA DO BRASIL LTDA;03.978.166/0001-75;0874145252;03/07/2025;TODAS
maleato de dexclorfeniramina + betametasona;1FARMA INDUSTRIA FARMACEUTICA LTDA;48.113.906/0001-49;0980015188;09/10/2018;TODAS
AMOXICILINA+CLAVULANATO DE POTASSIO;PRATI DONADUZZI & CIA LTDA;73.856.593/0001-66;0241502241;28/02/2024;TODAS
cloridrato de amilorida + hidroclorotiazida;GERMED FARMACEUTICA LTDA;45.992.062/0001-65;0230572227;18/01/2022;TODAS
HIDROQUINONA;GERMED FARMACEUTICA LTDA;45.992.062/0001-65;0163550255;05/02/2025;TODAS
tadalafila;UNICHEM FARMACÊUTICA DO BRASIL LTDA;05.399.786/0001-85;0672255251;19/05/2025;TODAS
DELLER;ACHÉ LABORATÓRIOS FARMACÊUTICOS S.A;60.659.463/0029-92;1215935234;06/11/2023;TODAS
cloridrato de fluoxetina;MEDQUIMICA INDUSTRIA FARMACEUTICA LTDA.;17.875.154/0001-20;0646833251;13/05/2025;TODAS
CETOCONAZOL;GERMED FARMACEUTICA LTDA;45.992.062/0001-65;4527953222;09/08/2022;TODAS
TÊMPORA;CRISTÁLIA PRODUTOS QUÍMICOS FARMACÊUTICOS LTDA.;44.734.671/0001-51;0065428251;16/01/2025;TODAS
DIOHESP;LABORATÓRIO GLOBO SA;17.115.437/0001-73;0731590252;29/05/2025;TODAS
orlistate;LEGRAND PHARMA INDÚSTRIA FARMACÊUTICA LTDA;05.044.984/0001-26;0563513241;29/04/2024;TODAS
bimatoprosta;LEGRAND PHARMA INDÚSTRIA FARMACÊUTICA LTDA;05.044.984/0001-26;3845848219;29/09/2021;TODAS
amoxicilina;LEGRAND PHARMA INDÚSTRIA FARMACÊUTICA LTDA;05.044.984/0001-26;0977888258;28/07/2025;TODAS
CARVEGRAN;LEGRAND PHARMA INDÚSTRIA FARMACÊUTICA LTDA;05.044.984/0001-26;4901760220;03/11/2022;TODAS
NORF;EMS SIGMA PHARMA LTDA;00.923.140/0001-31;0616735251;07/05/2025;TODAS
latanoprosta;GERMED FARMACEUTICA LTDA;45.992.062/0001-65;0600282252;05/05/2025;TODAS
NOLAPROST;LEGRAND PHARMA INDÚSTRIA FARMACÊUTICA LTDA;05.044.984/0001-26;0599979259;05/05/2025;TODAS
valsartana + besilato de anlodipino;GERMED FARMACEUTICA LTDA;45.992.062/0001-65;1525129244;05/11/2024;TODAS
CLORTALIL;EMS SIGMA PHARMA LTDA;00.923.140/0001-31;4690837228;14/09/2022;TODAS
VAZY;EMS SIGMA PHARMA LTDA;00.923.140/0001-31;1140105256;25/08/2025;TODAS
SIGRAN;GERMED FARMACEUTICA LTDA;45.992.062/0001-65;1140066251;25/08/2025;TODAS
cloridrato de sibutramina monoidratado;GERMED FARMACEUTICA LTDA;45.992.062/0001-65;1139980254;25/08/2025;TODAS
cloridrato de sibutramina;LEGRAND PHARMA INDÚSTRIA FARMACÊUTICA LTDA;05.044.984/0001-26;1139578251;25/08/2025;TODAS
citrato de sildenafila;LABORATÓRIO FARMACÊUTICO DA MARINHA;00.394.502/0071-57;1444782240;21/10/2024;TODAS
cloridrato de ciprofloxacino monoidratado + dexametasona;GERMED FARMACEUTICA LTDA;45.992.062/0001-65;0874528259;03/07/2025;TODAS
cloridrato de ciprofloxacino monoidratado + dexametasona;LEGRAND PHARMA INDÚSTRIA FARMACÊUTICA LTDA;05.044.984/0001-26;0875292259;03/07/2025;TODAS
PROFLOX D;EMS SIGMA PHARMA LTDA;00.923.140/0001-31;0875178251;03/07/2025;TODAS
STEATON;ACHÉ LABORATÓRIOS FARMACÊUTICOS S.A;60.659.463/0029-92;1361670240;03/10/2024;TODAS
ATROFEM;COSMED INDUSTRIA DE COSMETICOS E MEDICAMENTOS S.A.;61.082.426/0002-07;0255697244;01/03/2024;TODAS
albendazol;LEGRAND PHARMA INDÚSTRIA FARMACÊUTICA LTDA;05.044.984/0001-26;0246921242;29/02/2024;TODAS
ofloxacino;GERMED FARMACEUTICA LTDA;45.992.062/0001-65;1498424215;19/04/2021;TODAS
FORXIGA;ASTRAZENECA DO BRASIL LTDA;60.318.797/0001-00;0966363256;24/07/2025;TODAS
NALDECON PACK;RECKITT BENCKISER (BRASIL) LTDA;59.557.124/0001-15;0040636232;13/01/2023;TODAS
PLASMAISTAR;HALEX ISTAR INDÚSTRIA FARMACÊUTICA SA;01.571.702/0001-98;1149505257;27/08/2025;TODAS
BONAGRAN;LEGRAND PHARMA INDÚSTRIA FARMACÊUTICA LTDA;05.044.984/0001-26;0050247239;17/01/2023;TODAS
DENAVAS;LEGRAND PHARMA INDÚSTRIA FARMACÊUTICA LTDA;05.044.984/0001-26;4503127225;03/08/2022;TODAS
cloridrato de prometazina;LABORATÓRIO TEUTO BRASILEIRO S/A;17.159.229/0001-76;0325800251;11/03/2025;TODAS
oxacilina sódica;BLAU FARMACÊUTICA S.A.;58.430.828/0001-60;1139029178;09/06/2017;TODAS
ACERTANLO;LABORATÓRIOS SERVIER DO BRASIL LTDA;42.374.207/0001-76;1039917241;30/07/2024;TODAS
ITRACONAZOL;EUROFARMA LABORATÓRIOS S.A.;61.190.096/0001-92;1235636241;09/09/2024;TODAS
cetoconazol;GEOLAB INDÚSTRIA FARMACÊUTICA S/A;03.485.572/0001-04;1564748243;13/11/2024;TODAS
Kollagenase com Cloranfenicol;CRISTÁLIA PRODUTOS QUÍMICOS FARMACÊUTICOS LTDA.;44.734.671/0001-51;0905905253;10/07/2025;TODAS
ZETRON;LIBBS FARMACÊUTICA LTDA;61.230.314/0001-75;1129910253;21/08/2025;TODAS
REDATIM;EMS S/A;57.507.378/0003-65;4502887226;03/08/2022;TODAS
CYCLOFEMINA;HEMAFARMA COM E IND FARMACEUTICA LTDA;30.332.829/0001-52;7327878211;21/12/2021;TODAS
ALENDRONATO DE SÓDIO;GERMED FARMACEUTICA LTDA;45.992.062/0001-65;0013077252;06/01/2025;TODAS
LAMOTRIGINA;TORRENT DO BRASIL LTDA;33.078.528/0001-32;1176761251;04/09/2025;TODAS
VALSACOR;LEGRAND PHARMA INDÚSTRIA FARMACÊUTICA LTDA;05.044.984/0001-26;1174377259;03/09/2025;TODAS
dicloridrato de betaistina;PRATI DONADUZZI & CIA LTDA;73.856.593/0001-66;0927571251;17/07/2025;TODAS
citrato de sildenafila;GERMED FARMACEUTICA LTDA;45.992.062/0001-65;1443727245;21/10/2024;TODAS
gliclazida;PHARLAB INDÚSTRIA FARMACÊUTICA S.A.;02.501.297/0001-02;0297353250;05/03/2025;TODAS
HIDROGENOTARTARATO DE RIVASTIGMINA;GEOLAB INDÚSTRIA FARMACÊUTICA S/A;03.485.572/0001-04;0167924257;06/02/2025;TODAS
CLORIDRATO DE BROMEXINA;PHARLAB INDÚSTRIA FARMACÊUTICA S.A.;02.501.297/0001-02;1179685253;04/09/2025;TODAS
LABIRIN;APSEN FARMACEUTICA S/A;62.462.015/0001-29;0790599252;12/06/2025;TODAS
dexametasona;LEGRAND PHARMA INDÚSTRIA FARMACÊUTICA LTDA;05.044.984/0001-26;0844240257;27/06/2025;TODAS
SINVATROX;LEGRAND PHARMA INDÚSTRIA FARMACÊUTICA LTDA;05.044.984/0001-26;0548628254;23/04/2025;TODAS
OLMEGRAN ANLO;LEGRAND PHARMA INDÚSTRIA FARMACÊUTICA LTDA;05.044.984/0001-26;0916681254;14/07/2025;TODAS
cetoprofeno;LEGRAND PHARMA INDÚSTRIA FARMACÊUTICA LTDA;05.044.984/0001-26;0052772250;14/01/2025;TODAS
AMOXICILINA + CLAVULANATO DE POTÁSSIO;GERMED FARMACEUTICA LTDA;45.992.062/0001-65;1113647256;18/08/2025;TODAS
GLAMIGAN;GERMED FARMACEUTICA LTDA;45.992.062/0001-65;0788182251;11/06/2025;TODAS
ITRACONAZOL;EMS S/A;57.507.378/0003-65;0019306253;07/01/2025;TODAS
glibenclamida;GERMED FARMACEUTICA LTDA;45.992.062/0001-65;0289376254;28/02/2025;TODAS
HIDROALERG;EMS SIGMA PHARMA LTDA;00.923.140/0001-31;1482592219;18/04/2021;TODAS
Valerance;LABORATÓRIO FARMACÊUTICO ELOFAR LTDA;83.874.628/0001-43;0160888196;20/02/2019;TODAS
COMPLEXO B;EMS S/A;57.507.378/0003-65;0802835252;16/06/2025;TODAS
CLEANKINOL;LEGRAND PHARMA INDÚSTRIA FARMACÊUTICA LTDA;05.044.984/0001-26;1398396212;12/04/2021;TODAS
GLAUCUR;LEGRAND PHARMA INDÚSTRIA FARMACÊUTICA LTDA;05.044.984/0001-26;3844190210;29/09/2021;TODAS
valsartana + besilato de anlodipino;LEGRAND PHARMA INDÚSTRIA FARMACÊUTICA LTDA;05.044.984/0001-26;1525183249;05/11/2024;TODAS
orlistate;GERMED FARMACEUTICA LTDA;45.992.062/0001-65;1572638249;14/11/2024;TODAS
AMOXICILINA;GERMED FARMACEUTICA LTDA;45.992.062/0001-65;0172681251;07/02/2025;TODAS
LOFERT;CIFARMA CIENTÍFICA FARMACÊUTICA LTDA;17.562.075/0001-69;1397655219;12/04/2021;TODAS
TOBRACULAR;LEGRAND PHARMA INDÚSTRIA FARMACÊUTICA LTDA;05.044.984/0001-26;0906879256;10/07/2025;TODAS
ALKERAN;ASPEN PHARMA INDÚSTRIA FARMACÊUTICA LTDA;02.433.631/0001-20;0736098259;30/05/2025;TODAS
ESOMEX;EMS SIGMA PHARMA LTDA;00.923.140/0001-31;0643472258;13/05/2025;TODAS
LIPISTAT;EMS SIGMA PHARMA LTDA;00.923.140/0001-31;0921699255;15/07/2025;TODAS
hidroclorotiazida;LEGRAND PHARMA INDÚSTRIA FARMACÊUTICA LTDA;05.044.984/0001-26;0277052254;27/02/2025;TODAS
ZYBINA;ZYDUS NIKKHO FARMACÊUTICA LTDA;05.254.971/0001-81;1556564215;23/04/2021;TODAS
ZAARPRESS HCT;EMS SIGMA PHARMA LTDA;00.923.140/0001-31;1148940251;27/08/2025;TODAS
MEBENIX;CIMED INDUSTRIA S.A;02.814.497/0001-07;3881514201;05/11/2020;TODAS
losartana potássica;LEGRAND PHARMA INDÚSTRIA FARMACÊUTICA LTDA;05.044.984/0001-26;0935874259;18/07/2025;TODAS
Amoxicilina + Clavulanato de Potássio;LEGRAND PHARMA INDÚSTRIA FARMACÊUTICA LTDA;05.044.984/0001-26;1016008252;07/08/2025;TODAS
VIE;ACHÉ LABORATÓRIOS FARMACÊUTICOS S.A;60.659.463/0029-92;0206505256;13/02/2025;TODAS
cloridrato de mepivacaína;CRISTÁLIA PRODUTOS QUÍMICOS FARMACÊUTICOS LTDA.;44.734.671/0001-51;0560085175;07/04/2017;TODAS
SINVASMAX;LABORATÓRIO GLOBO SA;17.115.437/0001-73;1069782254;14/08/2025;TODAS
algestona acetofenida + enantato de estradiol;GERMED FARMACEUTICA LTDA;45.992.062/0001-65;1739010248;19/12/2024;TODAS
ZESTEN;FARMOQUÍMICA S/A;33.349.473/0001-58;4179245209;26/11/2020;TODAS
latanoprosta + maleato de timolol;GERMED FARMACEUTICA LTDA;45.992.062/0001-65;0135389259;30/01/2025;TODAS
SIMBILEX;ACHÉ LABORATÓRIOS FARMACÊUTICOS S.A;60.659.463/0029-92;1463429240;24/10/2024;TODAS
PREVYASM;LEGRAND PHARMA INDÚSTRIA FARMACÊUTICA LTDA;05.044.984/0001-26;0935591231;01/09/2023;TODAS
AMOXICILINA + CLAVULANATO DE POTÁSSIO;LEGRAND PHARMA INDÚSTRIA FARMACÊUTICA LTDA;05.044.984/0001-26;1113011254;18/08/2025;TODAS
SIGMA-CLAV BD;EMS SIGMA PHARMA LTDA;00.923.140/0001-31;1113412259;18/08/2025;TODAS
atorvastatina cálcica;GERMED FARMACEUTICA LTDA;45.992.062/0001-65;0920796257;15/07/2025;TODAS
REVOLADE;NOVARTIS BIOCIENCIAS S.A;56.994.502/0001-30;0975427253;28/07/2025;TODAS
PRURI-GRAN;LEGRAND PHARMA INDÚSTRIA FARMACÊUTICA LTDA;05.044.984/0001-26;0405550251;25/03/2025;TODAS
DORZAL MT;LEGRAND PHARMA INDÚSTRIA FARMACÊUTICA LTDA;05.044.984/0001-26;1188077252;08/09/2025;TODAS
VOCETY;GLENMARK FARMACÊUTICA LTDA;44.363.661/0001-57;0775295256;09/06/2025;TODAS
cefalexina;LEGRAND PHARMA INDÚSTRIA FARMACÊUTICA LTDA;05.044.984/0001-26;0224058240;26/02/2024;TODAS
SUCCINATO DE DESVENLAFAXINA MONOIDRATADO;EUROFARMA LABORATÓRIOS S.A.;61.190.096/0001-92;1235306241;09/09/2024;TODAS
CABAZRED;DR. REDDYS FARMACÊUTICA DO BRASIL LTDA;03.978.166/0001-75;0987042254;30/07/2025;TODAS
cloridrato de memantina;APSEN FARMACEUTICA S/A;62.462.015/0001-29;1421469235;14/12/2023;TODAS
TILONAX;CIFARMA CIENTÍFICA FARMACÊUTICA LTDA;17.562.075/0001-69;0686067258;22/05/2025;TODAS
MAISOL;LEGRAND PHARMA INDÚSTRIA FARMACÊUTICA LTDA;05.044.984/0001-26;5058604221;16/12/2022;TODAS
fluconazol;LABORATÓRIO GLOBO SA;17.115.437/0001-73;0985571250;30/07/2025;TODAS
alprazolam;LEGRAND PHARMA INDÚSTRIA FARMACÊUTICA LTDA;05.044.984/0001-26;4415869220;12/07/2022;TODAS
cloridrato de dorzolamida+maleato de timolol;LEGRAND PHARMA INDÚSTRIA FARMACÊUTICA LTDA;05.044.984/0001-26;1188241257;08/09/2025;TODAS
NEUMOSIN;SUPERA FARMA LABORATÓRIOS S.A;43.312.503/0001-05;0354414259;17/03/2025;TODAS
glimepirida;GEOLAB INDÚSTRIA FARMACÊUTICA S/A;03.485.572/0001-04;1136341251;23/08/2025;TODAS
entricitabina + fumarato de tenofovir desoproxila;BLANVER FARMOQUIMICA E FARMACEUTICA S.A.;53.359.824/0001-19;0643419233;23/06/2023;TODAS
pregabalina;MEDQUIMICA INDUSTRIA FARMACEUTICA LTDA.;17.875.154/0001-20;0767961251;06/06/2025;TODAS
NIMENRIX;LABORATÓRIOS PFIZER LTDA;46.070.868/0036-99;0680223258;21/05/2025;TODAS
LOSARTANA POTÁSSICA + HIDROCLOROTIAZIDA;GERMED FARMACEUTICA LTDA;45.992.062/0001-65;1148902252;27/08/2025;TODAS
MOXICRIS;CRISTÁLIA PRODUTOS QUÍMICOS FARMACÊUTICOS LTDA.;44.734.671/0001-51;0221825231;06/03/2023;TODAS
PHITOSS;BRASTERAPICA PHARMACEUTICA LTDA.;46.179.008/0001-68;0556824253;25/04/2025;TODAS
FLUESOCIL;R2 Soluções em radiofarmácia ltda.;09.240.065/0001-89;0985159251;30/07/2025;TODAS
AZITROGRAN;LEGRAND PHARMA INDÚSTRIA FARMACÊUTICA LTDA;05.044.984/0001-26;4422087223;13/07/2022;TODAS
SELENOZ;VASCONCELOS INDUSTRIA FARMACEUTICA E COMERCIO LTDA;05.155.425/0001-93;1223461238;07/11/2023;TODAS
indapamida;GERMED FARMACEUTICA LTDA;45.992.062/0001-65;0553141252;24/04/2025;TODAS
CIXIN;GEOLAB INDÚSTRIA FARMACÊUTICA S/A;03.485.572/0001-04;1637937245;29/11/2024;TODAS
TORHANZ;DR. REDDYS FARMACÊUTICA DO BRASIL LTDA;03.978.166/0001-75;0670404250;19/05/2025;TODAS
cloridrato de fluoxetina;LEGRAND PHARMA INDÚSTRIA FARMACÊUTICA LTDA;05.044.984/0001-26;0087291258;21/01/2025;TODAS
dipirona monoidratada;LEGRAND PHARMA INDÚSTRIA FARMACÊUTICA LTDA;05.044.984/0001-26;0443621250;01/04/2025;TODAS
SIGMA CLAV;EMS SIGMA PHARMA LTDA;00.923.140/0001-31;1118628250;19/08/2025;TODAS
BORTEZOMIBE;DR. REDDYS FARMACÊUTICA DO BRASIL LTDA;03.978.166/0001-75;0772916250;09/06/2025;TODAS
LUNE;COSMED INDUSTRIA DE COSMETICOS E MEDICAMENTOS S.A.;61.082.426/0002-07;0336909250;12/03/2025;TODAS
FENAZIC;ADIUM S.A.;55.980.684/0001-27;0048829242;15/01/2024;TODAS
cloridrato de bupropiona;GEOLAB INDÚSTRIA FARMACÊUTICA S/A;03.485.572/0001-04;0534661238;25/05/2023;TODAS
PROSOLIN;LABORATÓRIO GLOBO SA;17.115.437/0001-73;0845775251;27/06/2025;TODAS
cloridrato de bupropiona;EMS S/A;57.507.378/0003-65;1487411243;29/10/2024;TODAS
cloridrato de granisetrona;HYPOFARMA - INSTITUTO DE HYPODERMIA E FARMÁCIA LTDA;17.174.657/0001-78;1253692210;01/04/2021;TODAS
ONCOBINE;CIPLA BRASIL IMPORTADORA E DISTRIBUIDORA DE MEDICAMENTOS LTDA;18.268.051/0001-64;1558476213;23/04/2021;TODAS
MELOXIGRAN;LEGRAND PHARMA INDÚSTRIA FARMACÊUTICA LTDA;05.044.984/0001-26;1021315257;08/08/2025;TODAS
VALCYTE;BIOPAS BRASIL PRODUTOS FARMACEUTICOS LTDA;31.327.287/0001-92;0299503232;24/03/2023;TODAS
alprazolam;GERMED FARMACEUTICA LTDA;45.992.062/0001-65;1240126247;09/09/2024;TODAS
VENSATE LP;CRISTÁLIA PRODUTOS QUÍMICOS FARMACÊUTICOS LTDA.;44.734.671/0001-51;0807069230;02/08/2023;TODAS
CORRETAL;EUROFARMA LABORATÓRIOS S.A.;61.190.096/0001-92;4560978221;16/08/2022;TODAS
cloridrato de propranolol;LABORATÓRIO GLOBO SA;17.115.437/0001-73;0777624257;10/06/2025;TODAS
Zeterina;Althaia S.A Indústria Farmacêutica;48.344.725/0007-19;0972649239;13/09/2023;TODAS
pentoxifilina;GERMED FARMACEUTICA LTDA;45.992.062/0001-65;1473502241;25/10/2024;TODAS
dipirona monoidratada;LEGRAND PHARMA INDÚSTRIA FARMACÊUTICA LTDA;05.044.984/0001-26;0451469259;02/04/2025;TODAS
DOMPGRAN;LEGRAND PHARMA INDÚSTRIA FARMACÊUTICA LTDA;05.044.984/0001-26;1057159255;13/08/2025;TODAS
AZNITE;EMS S/A;57.507.378/0003-65;1348588211;08/04/2021;TODAS
cloridrato de diltiazem;GERMED FARMACEUTICA LTDA;45.992.062/0001-65;4668813214;26/11/2021;TODAS
cloridrato de ambroxol;GERMED FARMACEUTICA LTDA;45.992.062/0001-65;1474059244;25/10/2024;TODAS
latanoprosta;LEGRAND PHARMA INDÚSTRIA FARMACÊUTICA LTDA;05.044.984/0001-26;0599922257;05/05/2025;TODAS
pantoprazol;NOVARTIS BIOCIENCIAS S.A;56.994.502/0001-30;4590225221;23/08/2022;TODAS
CETOBETA;CELLERA FARMACÊUTICA S.A.;33.173.097/0002-74;0918654246;05/07/2024;TODAS
meloxicam;LEGRAND PHARMA INDÚSTRIA FARMACÊUTICA LTDA;05.044.984/0001-26;1011800250;06/08/2025;TODAS
diclofenaco sódico;GERMED FARMACEUTICA LTDA;45.992.062/0001-65;0584606257;30/04/2025;TODAS
ELIFORE;PFIZER BRASIL LTDA;61.072.393/0001-33;0764104241;07/06/2024;TODAS
domperidona;GERMED FARMACEUTICA LTDA;45.992.062/0001-65;1057520250;13/08/2025;TODAS
maleato de enalapril;CIMED INDUSTRIA S.A;02.814.497/0001-07;0975660250;28/07/2025;TODAS
QUERA LP;CRISTÁLIA PRODUTOS QUÍMICOS FARMACÊUTICOS LTDA.;44.734.671/0001-51;1552229216;23/04/2021;TODAS
MAISOL;LEGRAND PHARMA INDÚSTRIA FARMACÊUTICA LTDA;05.044.984/0001-26;0010401237;05/01/2023;TODAS
CLARITIN;BAYER S.A.;18.459.628/0001-15;1137685247;20/08/2024;TODAS
paracetamol+fosfato de codeina;GERMED FARMACEUTICA LTDA;45.992.062/0001-65;1408859246;14/10/2024;TODAS
ALDACTONE;PFIZER BRASIL LTDA;61.072.393/0001-33;0322261252;10/03/2025;TODAS
CARVEDILAT;EMS SIGMA PHARMA LTDA;00.923.140/0001-31;4901811223;03/11/2022;TODAS
AROMASIN;PFIZER BRASIL LTDA;61.072.393/0001-33;1272129241;16/09/2024;TODAS
CABAZITAXEL;EUROFARMA LABORATÓRIOS S.A.;61.190.096/0001-92;0128988231;08/02/2023;TODAS
DECA-DURABOLIN;ASPEN PHARMA INDÚSTRIA FARMACÊUTICA LTDA;02.433.631/0001-20;5067589221;19/12/2022;TODAS
Multihance;Bracco Imaging do Brasil Importação e Distribuição de Medicamentos Ltda;10.742.412/0004-01;0845730258;27/06/2025;TODAS
cloridrato de ondansetrona;BLAU FARMACÊUTICA S.A.;58.430.828/0001-60;0160738245;09/02/2024;TODAS
OLMY ANLO;EMS SIGMA PHARMA LTDA;00.923.140/0001-31;0916922251;14/07/2025;TODAS
levofloxacino;NOVARTIS BIOCIENCIAS S.A;56.994.502/0001-30;1552497213;23/04/2021;TODAS
hemitartarato de zolpidem;GERMED FARMACEUTICA LTDA;45.992.062/0001-65;0033378258;09/01/2025;TODAS
oxalato de escitalopram;GERMED FARMACEUTICA LTDA;45.992.062/0001-65;1159176256;29/08/2025;TODAS
cloridrato de propranolol;1FARMA INDUSTRIA FARMACEUTICA LTDA;48.113.906/0001-49;0670219208;05/03/2020;TODAS
ZELIX;ARESE PHARMA LTDA.;07.670.111/0001-54;0584844255;30/04/2025;TODAS
TIMOPTOL;MUNDIPHARMA BRASIL PRODUTOS MÉDICOS E FARMACÊUTICOS LTDA;15.127.898/0001-30;0789270251;11/06/2025;TODAS
bissulfato de clopidogrel;EMS S/A;57.507.378/0003-65;0347428258;14/03/2025;TODAS
LIDIAL;CELLERA FARMACÊUTICA S.A.;33.173.097/0002-74;0104306254;24/01/2025;TODAS
DEPO-MEDROL;PFIZER BRASIL LTDA;61.072.393/0001-33;0256844259;24/02/2025;TODAS
desogestrel;BRAINFARMA INDÚSTRIA QUÍMICA E FARMACÊUTICA S.A;05.161.069/0001-10;0741348233;18/07/2023;TODAS
cloridrato de ranitidina;EUROFARMA LABORATÓRIOS S.A.;61.190.096/0001-92;1429920218;14/04/2021;TODAS
PRAIVA;EUROFARMA LABORATÓRIOS S.A.;61.190.096/0001-92;0213753251;14/02/2025;TODAS
paracetamol;EMS S/A;57.507.378/0003-65;0976117258;28/07/2025;TODAS
nistatina;BRAINFARMA INDÚSTRIA QUÍMICA E FARMACÊUTICA S.A;05.161.069/0001-10;0412383250;26/03/2025;TODAS
FUNGIROX;UCI - FARMA INDÚSTRIA FARMACÊUTICA LTDA;48.396.378/0001-82;0477847182;14/06/2018;TODAS
cloridrato de sertralina;ACHÉ LABORATÓRIOS FARMACÊUTICOS S.A;60.659.463/0029-92;1288069243;19/09/2024;TODAS
ácido ursodesoxicólico;BIOLAB SANUS FARMACÊUTICA LTDA;49.475.833/0001-06;0652023258;14/05/2025;TODAS
daptomicina;DR. REDDYS FARMACÊUTICA DO BRASIL LTDA;03.978.166/0001-75;1493157215;19/04/2021;TODAS
VITERGYL C;CIFARMA CIENTÍFICA FARMACÊUTICA LTDA;17.562.075/0001-69;1496315219;19/04/2021;TODAS
TOBRALÍRIO;EMS SIGMA PHARMA LTDA;00.923.140/0001-31;0909641251;11/07/2025;TODAS
DEXFER;EUROFARMA LABORATÓRIOS S.A.;61.190.096/0001-92;0227131258;18/02/2025;TODAS
dipirona monoidratada;GERMED FARMACEUTICA LTDA;45.992.062/0001-65;0443603251;01/04/2025;TODAS
PANTOPRAZOL SÓDICO SESQUI-HIDRATADO;GERMED FARMACEUTICA LTDA;45.992.062/0001-65;0282826254;27/02/2025;TODAS
INPRUV D;APSEN FARMACEUTICA S/A;62.462.015/0001-29;1423527232;14/12/2023;TODAS
BIALU;LEGRAND PHARMA INDÚSTRIA FARMACÊUTICA LTDA;05.044.984/0001-26;0706936217;22/02/2021;TODAS
CORTIGEN;UNIÃO QUÍMICA FARMACÊUTICA NACIONAL S/A;60.665.981/0001-18;0921277253;15/07/2025;TODAS
ALCACHOFRA HERBARIUM;HERBARIUM LABORATORIO BOTANICO LTDA;78.950.011/0001-20;0215288238;03/03/2023;TODAS
LIPIBLOCK;GERMED FARMACEUTICA LTDA;45.992.062/0001-65;0772937257;09/06/2025;TODAS
fosfato sódico de prednisolona;LABORATÓRIO GLOBO SA;17.115.437/0001-73;0845820257;27/06/2025;TODAS
NIMESILAM;EMS SIGMA PHARMA LTDA;00.923.140/0001-31;0755931254;04/06/2025;TODAS
MIEBRA;GEOLAB INDÚSTRIA FARMACÊUTICA S/A;03.485.572/0001-04;0531364259;17/04/2025;TODAS
VARMUVE;EMS S/A;57.507.378/0003-65;2296763227;12/04/2022;TODAS
ZYDENA;EUROFARMA LABORATÓRIOS S.A.;61.190.096/0001-92;1850982177;31/08/2017;TODAS
TORADOL;FARMOQUÍMICA S/A;33.349.473/0001-58;4178152200;26/11/2020;TODAS
DALYNE;EMS SIGMA PHARMA LTDA;00.923.140/0001-31;0465985254;04/04/2025;TODAS
VFEND;PFIZER BRASIL LTDA;61.072.393/0001-33;1040358250;12/08/2025;TODAS
ROHYPNOL;FARMOQUÍMICA S/A;33.349.473/0001-58;0438839251;31/03/2025;TODAS
metronidazol;BEKER PRODUTOS FÁRMACO HOSPITALARES LTDA;47.231.121/0001-08;1664397248;05/12/2024;TODAS
cloridrato de terbinafina;LABORATÓRIO TEUTO BRASILEIRO S/A;17.159.229/0001-76;0502220252;11/04/2025;TODAS
Spectrila;Laboratórios Bagó do Brasil S/A;04.748.181/0009-47;1030711259;11/08/2025;TODAS
ORLISTATE;PRATI DONADUZZI & CIA LTDA;73.856.593/0001-66;1435149246;18/10/2024;TODAS
FLUIJET;MYRALIS INDÚSTRIA FARMACÊUTICA LTDA;17.440.261/0001-25;4303265225;15/06/2022;TODAS
Spikevax;ADIUM S.A.;55.980.684/0001-27;1667283243;05/12/2024;TODAS
DIPRIVAN;ASPEN PHARMA INDÚSTRIA FARMACÊUTICA LTDA;02.433.631/0001-20;0798470259;13/06/2025;TODAS
carvedilol;LEGRAND PHARMA INDÚSTRIA FARMACÊUTICA LTDA;05.044.984/0001-26;4901456229;03/11/2022;TODAS
finasterida;LEGRAND PHARMA INDÚSTRIA FARMACÊUTICA LTDA;05.044.984/0001-26;0074184253;17/01/2025;TODAS
TINODIN;COSMED INDUSTRIA DE COSMETICOS E MEDICAMENTOS S.A.;61.082.426/0002-07;3245138211;18/08/2021;TODAS
SIMDAX;BIOLAB SANUS FARMACÊUTICA LTDA;49.475.833/0001-06;0705880249;27/05/2024;TODAS
PONSTAN;PFIZER BRASIL LTDA;61.072.393/0001-33;0668863242;20/05/2024;TODAS
Hislor;UNIÃO QUÍMICA FARMACÊUTICA NACIONAL S/A;60.665.981/0001-18;2736742214;14/07/2021;TODAS
ALTAD CAPS;EUROFARMA LABORATÓRIOS S.A.;61.190.096/0001-92;1742847242;20/12/2024;TODAS
OHDE CAPS;EUROFARMA LABORATÓRIOS S.A.;61.190.096/0001-92;0486570240;17/04/2024;TODAS
VITAMINA D3;EUROFARMA LABORATÓRIOS S.A.;61.190.096/0001-92;5008430220;02/12/2022;TODAS
orlistate;BRAINFARMA INDÚSTRIA QUÍMICA E FARMACÊUTICA S.A;05.161.069/0001-10;4875093225;27/10/2022;TODAS
telmisartana+hidroclorotiazida;EMS S/A;57.507.378/0003-65;0336656254;12/03/2025;TODAS
Latuda®;DAIICHI SANKYO BRASIL FARMACÊUTICA LTDA;60.874.187/0001-84;0770608256;09/06/2025;TODAS
IPAGLIN;EMS S/A;57.507.378/0003-65;0844339253;27/06/2025;TODAS
paracetamol+fosfato de codeina;LEGRAND PHARMA INDÚSTRIA FARMACÊUTICA LTDA;05.044.984/0001-26;1408974240;14/10/2024;TODAS
AZI;EMS SIGMA PHARMA LTDA;00.923.140/0001-31;1459026241;23/10/2024;TODAS
FIL;ACCORD FARMACÊUTICA LTDA;64.171.697/0001-46;1491292245;30/10/2024;TODAS
Kanjinti;AMGEN BIOTECNOLOGIA DO BRASIL LTDA.;18.774.815/0001-93;0305749251;06/03/2025;TODAS
ANLO;EMS SIGMA PHARMA LTDA;00.923.140/0001-31;1438308248;18/10/2024;TODAS
bezafibrato;LEGRAND PHARMA INDÚSTRIA FARMACÊUTICA LTDA;05.044.984/0001-26;4272212222;08/06/2022;TODAS
AMOXICILINA;GERMED FARMACEUTICA LTDA;45.992.062/0001-65;0966917251;24/07/2025;TODAS
SIGMA-CLAV BD;EMS SIGMA PHARMA LTDA;00.923.140/0001-31;1016275251;07/08/2025;TODAS
LEUPHILA;LEGRAND PHARMA INDÚSTRIA FARMACÊUTICA LTDA;05.044.984/0001-26;0115779256;27/01/2025;TODAS
PROPRANOLOL;EMS SIGMA PHARMA LTDA;00.923.140/0001-31;0939139251;21/07/2025;TODAS
bissulfato de clopidogrel;LEGRAND PHARMA INDÚSTRIA FARMACÊUTICA LTDA;05.044.984/0001-26;0347517251;14/03/2025;TODAS
MVASI;AMGEN BIOTECNOLOGIA DO BRASIL LTDA.;18.774.815/0001-93;0966577256;24/07/2025;TODAS
OFLOXALIS;LEGRAND PHARMA INDÚSTRIA FARMACÊUTICA LTDA;05.044.984/0001-26;1495798211;19/04/2021;TODAS
VORALLIS;LEGRAND PHARMA INDÚSTRIA FARMACÊUTICA LTDA;05.044.984/0001-26;1436949246;18/10/2024;TODAS
INALAJET;LEGRAND PHARMA INDÚSTRIA FARMACÊUTICA LTDA;05.044.984/0001-26;1715481241;16/12/2024;TODAS
OLMETECANLO;PFIZER BRASIL LTDA;61.072.393/0001-33;0796892253;13/06/2025;TODAS
POLIMOXIL;LEGRAND PHARMA INDÚSTRIA FARMACÊUTICA LTDA;05.044.984/0001-26;0967413257;24/07/2025;TODAS
BIMAPROST;EMS S/A;57.507.378/0003-65;3842897219;29/09/2021;TODAS
FORITUS;EUROFARMA LABORATÓRIOS S.A.;61.190.096/0001-92;0150250258;03/02/2025;TODAS
cloridrato de propranolol;GERMED FARMACEUTICA LTDA;45.992.062/0001-65;0943228255;21/07/2025;TODAS
DEXADOR;ARESE PHARMA LTDA.;07.670.111/0001-54;0249061244;29/02/2024;TODAS
TRAZOSTAB;LEGRAND PHARMA INDÚSTRIA FARMACÊUTICA LTDA;05.044.984/0001-26;0099708230;01/02/2023;TODAS
cloridrato de diltiazem;LEGRAND PHARMA INDÚSTRIA FARMACÊUTICA LTDA;05.044.984/0001-26;4666763210;26/11/2021;TODAS
besilato de levanlodipino;EMS S/A;57.507.378/0003-65;4266905220;07/06/2022;TODAS
succinato de solifenacina;EMS S/A;57.507.378/0003-65;0569463254;28/04/2025;TODAS
cloridrato de cinacalcete;EMS S/A;57.507.378/0003-65;4689771227;14/09/2022;TODAS
COMIRNATY BIVALENTE BA.4/BA.5;PFIZER BRASIL LTDA;61.072.393/0001-33;0651285241;16/05/2024;TODAS
Hedera Cimed;CIMED INDUSTRIA S.A;02.814.497/0001-07;1637188242;29/11/2024;TODAS
MOTIRIDONA;GERMED FARMACEUTICA LTDA;45.992.062/0001-65;1057381250;13/08/2025;TODAS
ITRASPOR;EMS SIGMA PHARMA LTDA;00.923.140/0001-31;0082727252;20/01/2025;TODAS
cloridrato de amiodarona;ZYDUS NIKKHO FARMACÊUTICA LTDA;05.254.971/0001-81;0383286255;21/03/2025;TODAS
losartana potássica;CIMED INDUSTRIA S.A;02.814.497/0001-07;1191390225;18/03/2022;TODAS
amoxicilina sódica + clavulanato de potássio;FRESENIUS KABI BRASIL LTDA;49.324.221/0001-04;1527177246;06/11/2024;TODAS
acetilcisteína;GEOLAB INDÚSTRIA FARMACÊUTICA S/A;03.485.572/0001-04;1361935243;03/10/2024;TODAS
DEFITELIO;ADIUM S.A.;55.980.684/0001-27;0828075255;24/06/2025;TODAS
prednisolona;PRATI DONADUZZI & CIA LTDA;73.856.593/0001-66;0692439251;23/05/2025;TODAS
DICLORIDRATO DE LEVOCETIRIZINA;SUN FARMACÊUTICA DO BRASIL LTDA;05.035.244/0001-23;1316796211;06/04/2021;TODAS
VINATIN;CIPLA BRASIL IMPORTADORA E DISTRIBUIDORA DE MEDICAMENTOS LTDA;18.268.051/0001-64;1558670217;23/04/2021;TODAS
TOPLANINA;CIPLA BRASIL IMPORTADORA E DISTRIBUIDORA DE MEDICAMENTOS LTDA;18.268.051/0001-64;1558582214;23/04/2021;TODAS
Fitobiloba;GEOLAB INDÚSTRIA FARMACÊUTICA S/A;03.485.572/0001-04;0382054198;29/04/2019;TODAS
COLIAFT;EMS S/A;57.507.378/0003-65;4949648225;17/11/2022;TODAS
SPINRAZA;BIOGEN BRASIL PRODUTOS FARMACÊUTICOS LTDA;07.986.222/0001-74;0829815252;24/06/2025;TODAS
VALERIMED;CIMED INDUSTRIA S.A;02.814.497/0001-07;7697863219;17/12/2021;TODAS
cetoconazol + dipropionato de betametasona;GEOLAB INDÚSTRIA FARMACÊUTICA S/A;03.485.572/0001-04;0474195181;13/06/2018;TODAS
REGRESSA;ACHÉ LABORATÓRIOS FARMACÊUTICOS S.A;60.659.463/0029-92;4061892215;14/10/2021;TODAS
cetoprofeno;EUROFARMA LABORATÓRIOS S.A.;61.190.096/0001-92;0796878242;13/06/2024;TODAS
linezolida;ANTIBIÓTICOS DO BRASIL LTDA;05.439.635/0001-03;1001747259;04/08/2025;TODAS
Panzyga;OCTAPHARMA BRASIL LTDA;02.552.927/0001-60;0926297252;16/07/2025;TODAS
ELIDEL;VIATRIS FARMACEUTICA DO BRASIL LTDA;11.643.096/0001-22;0921020252;15/07/2025;TODAS
espironolactona;GEOLAB INDÚSTRIA FARMACÊUTICA S/A;03.485.572/0001-04;0769390251;06/06/2025;TODAS
POLIXIL B;VIATRIS FARMACEUTICA DO BRASIL LTDA;11.643.096/0001-22;1076434240;07/08/2024;TODAS
INDATRAT SR;LEGRAND PHARMA INDÚSTRIA FARMACÊUTICA LTDA;05.044.984/0001-26;0465921248;12/04/2024;TODAS
DIGIAZIA;1FARMA INDUSTRIA FARMACEUTICA LTDA;48.113.906/0001-49;3959768207;11/11/2020;TODAS
VELAMOX;EMS SIGMA PHARMA LTDA;00.923.140/0001-31;0966982258;24/07/2025;TODAS
LUTICS;ACHÉ LABORATÓRIOS FARMACÊUTICOS S.A;60.659.463/0029-92;2067426211;28/05/2021;TODAS
Archeus;LOTUSFARMA PRODUTOS FARMACÊUTICOS LTDA;00.974.578/0001-49;0329289194;28/04/2023;TODAS
alendronato de sódio;EUROFARMA LABORATÓRIOS S.A.;61.190.096/0001-92;4355727220;29/06/2022;TODAS
GINKOMED;CIMED INDUSTRIA S.A;02.814.497/0001-07;0901043257;09/07/2025;TODAS
sinvastatina;GEOLAB INDÚSTRIA FARMACÊUTICA S/A;03.485.572/0001-04;0554132257;24/04/2025;TODAS
ACNOVA;GERMED FARMACEUTICA LTDA;45.992.062/0001-65;0357661249;22/03/2024;TODAS
INFLUVAC TETRA;ABBOTT LABORATÓRIOS DO BRASIL LTDA;56.998.701/0001-16;0155890255;04/02/2025;TODAS
RIXIMYO;SANDOZ DO BRASIL INDÚSTRIA FARMACÊUTICA LTDA;61.286.647/0001-16;1021258253;08/08/2025;TODAS
BUPIUM XL;EMS SIGMA PHARMA LTDA;00.923.140/0001-31;1487333242;29/10/2024;TODAS
SINUSTRAT VASOCONSTRICTOR;BIOLAB SANUS FARMACÊUTICA LTDA;49.475.833/0001-06;0082071250;20/01/2025;TODAS
KYTRIL;Laboratórios Bagó do Brasil S/A;04.748.181/0009-47;0393925242;28/03/2024;TODAS
pantoprazol;PRATI DONADUZZI & CIA LTDA;73.856.593/0001-66;4486292227;01/08/2022;TODAS
clonazepam;LEGRAND PHARMA INDÚSTRIA FARMACÊUTICA LTDA;05.044.984/0001-26;1069751251;14/08/2025;TODAS
OCUBIN;EMS SIGMA PHARMA LTDA;00.923.140/0001-31;3843364214;29/09/2021;TODAS
DERMATISAN;EMS S/A;57.507.378/0003-65;2859469214;22/07/2021;TODAS
maleato de timolol;LEGRAND PHARMA INDÚSTRIA FARMACÊUTICA LTDA;05.044.984/0001-26;1086127251;15/08/2025;TODAS
latanoprosta + maleato de timolol;LEGRAND PHARMA INDÚSTRIA FARMACÊUTICA LTDA;05.044.984/0001-26;1359556231;01/12/2023;TODAS
DESVE;EUROFARMA LABORATÓRIOS S.A.;61.190.096/0001-92;1235337243;09/09/2024;TODAS
ZOBILAR;GEOLAB INDÚSTRIA FARMACÊUTICA S/A;03.485.572/0001-04;1010324250;06/08/2025;TODAS
CLORIDRATO DE BUPROPIONA;EUROFARMA LABORATÓRIOS S.A.;61.190.096/0001-92;4872176227;26/10/2022;TODAS
ZITROMAX;PFIZER BRASIL LTDA;61.072.393/0001-33;0853376247;24/06/2024;TODAS
levofloxacino hemiidratado;EUROFARMA LABORATÓRIOS S.A.;61.190.096/0001-92;0334793254;12/03/2025;TODAS
cloridrato de metilfenidato;EMS S/A;57.507.378/0003-65;0905917251;10/07/2025;TODAS
Entresto;NOVARTIS BIOCIENCIAS S.A;56.994.502/0001-30;0779573251;10/06/2025;TODAS
oxalato de escitalopram;LEGRAND PHARMA INDÚSTRIA FARMACÊUTICA LTDA;05.044.984/0001-26;1041952252;12/08/2025;TODAS
VEAC;EUROFARMA LABORATÓRIOS S.A.;61.190.096/0001-92;1179769252;04/09/2025;TODAS
Enbrel;LABORATÓRIOS PFIZER LTDA;46.070.868/0036-99;0571401244;30/04/2024;TODAS
cloridrato de dorzolamida+maleato de timolol;GERMED FARMACEUTICA LTDA;45.992.062/0001-65;1188254251;08/09/2025;TODAS
furosemida;GEOLAB INDÚSTRIA FARMACÊUTICA S/A;03.485.572/0001-04;1669108244;06/12/2024;TODAS
HIDROXIUREIA;EMS S/A;57.507.378/0003-65;1203799211;29/03/2021;TODAS
BETACRIS;CRISTÁLIA PRODUTOS QUÍMICOS FARMACÊUTICOS LTDA.;44.734.671/0001-51;0841155217;03/03/2021;TODAS
FLENUS;ARESE PHARMA LTDA.;07.670.111/0001-54;0248486241;29/02/2024;TODAS
bezafibrato;GERMED FARMACEUTICA LTDA;45.992.062/0001-65;0705504247;27/05/2024;TODAS
bissulfato de clopidogrel;NOVARTIS BIOCIENCIAS S.A;56.994.502/0001-30;0360757251;18/03/2025;TODAS
INFLALID;LEGRAND PHARMA INDÚSTRIA FARMACÊUTICA LTDA;05.044.984/0001-26;4393465229;07/07/2022;TODAS
FAULDLEUCO;LIBBS FARMACÊUTICA LTDA;61.230.314/0001-75;0895562243;01/07/2024;TODAS
VORI INJ;CRISTÁLIA PRODUTOS QUÍMICOS FARMACÊUTICOS LTDA.;44.734.671/0001-51;1179571258;04/09/2025;TODAS
LIBERFEM;ADIUM S.A.;55.980.684/0001-27;1542750245;08/11/2024;TODAS
DIOEH;BIOLAB SANUS FARMACÊUTICA LTDA;49.475.833/0001-06;1021424251;08/08/2025;TODAS
TAFINLAR;NOVARTIS BIOCIENCIAS S.A;56.994.502/0001-30;1149454253;27/08/2025;TODAS
TELMISART;EMS S/A;57.507.378/0003-65;0383201233;17/04/2023;TODAS
tibolona;GERMED FARMACEUTICA LTDA;45.992.062/0001-65;1744408246;20/12/2024;TODAS
belarina;GRÜNENTHAL DO BRASIL FARMACÊUTICA LTDA.;10.555.143/0001-13;0803956258;16/06/2025;TODAS
Acetato de clormadinona + etinilestradiol;ADIUM S.A.;55.980.684/0001-27;1542770246;08/11/2024;TODAS
DBRIZ UNO;SUPERA FARMA LABORATÓRIOS S.A;43.312.503/0001-05;0737295252;30/05/2025;TODAS
glibenclamida;LEGRAND PHARMA INDÚSTRIA FARMACÊUTICA LTDA;05.044.984/0001-26;0289560250;28/02/2025;TODAS
CABERGOLINA;LEGRAND PHARMA INDÚSTRIA FARMACÊUTICA LTDA;05.044.984/0001-26;1700985248;12/12/2024;TODAS
FENTEUDINI;LABORATÓRIO TEUTO BRASILEIRO S/A;17.159.229/0001-76;2807788211;19/07/2021;TODAS
cloridrato de hidroxizina;LEGRAND PHARMA INDÚSTRIA FARMACÊUTICA LTDA;05.044.984/0001-26;0059250259;15/01/2025;TODAS
TEPEV;EMS S/A;57.507.378/0003-65;1187601250;08/09/2025;TODAS
HIPOXOMIL HCT;MULTILAB INDUSTRIA E COMERCIO DE PRODUTOS FARMACEUTICOS LTDA;92.265.552/0009-05;0919509258;15/07/2025;TODAS
PROVERA;PFIZER BRASIL LTDA;61.072.393/0001-33;1355580242;02/10/2024;TODAS
BROMAZEPAM;GERMED FARMACEUTICA LTDA;45.992.062/0001-65;1192909241;29/08/2024;TODAS
acetato de dexametasona;LABORATÓRIO GLOBO SA;17.115.437/0001-73;0811802256;18/06/2025;TODAS
AMOXICILINA;GERMED FARMACEUTICA LTDA;45.992.062/0001-65;0977899250;28/07/2025;TODAS
JOFIX;ARESE PHARMA LTDA.;07.670.111/0001-54;1638514241;29/11/2024;TODAS
TRISENOX;TEVA FARMACÊUTICA LTDA.;05.333.542/0001-08;0482546239;12/05/2023;TODAS
CAPECITABINA;EUROFARMA LABORATÓRIOS S.A.;61.190.096/0001-92;4529816222;09/08/2022;TODAS
MAMADES;EUROFARMA LABORATÓRIOS S.A.;61.190.096/0001-92;1129371255;21/08/2025;TODAS
cloridrato de sibutramina monoidratado;EUROFARMA LABORATÓRIOS S.A.;61.190.096/0001-92;1007329254;05/08/2025;TODAS
montelucaste de sódio;EUROFARMA LABORATÓRIOS S.A.;61.190.096/0001-92;1501670247;31/10/2024;TODAS
LAMOTRIGINA;UNICHEM FARMACÊUTICA DO BRASIL LTDA;05.399.786/0001-85;1128386259;21/08/2025;TODAS
DIBEDERM;LABORATÓRIO TEUTO BRASILEIRO S/A;17.159.229/0001-76;2858949212;22/07/2021;TODAS
XULTOPHY;NOVO NORDISK FARMACÊUTICA DO BRASIL LTDA;82.277.955/0001-55;0875472257;03/07/2025;TODAS
dienogeste;EMS S/A;57.507.378/0003-65;4080022212;15/10/2021;TODAS
celecoxibe;EUROFARMA LABORATÓRIOS S.A.;61.190.096/0001-92;0663052238;28/06/2023;TODAS
olmesartana medoxomila;Althaia S.A Indústria Farmacêutica;48.344.725/0007-19;0676242251;20/05/2025;TODAS
ISOTRETINOÍNA;RANBAXY FARMACÊUTICA LTDA;73.663.650/0001-90;0751394254;03/06/2025;TODAS
MENJUGATE;GLAXOSMITHKLINE BRASIL LTDA;33.247.743/0001-10;1196999252;09/09/2025;TODAS
besilato de levanlodipino;BIOLAB SANUS FARMACÊUTICA LTDA;49.475.833/0001-06;1185421246;28/08/2024;TODAS
TEUSIL;LABORATÓRIO TEUTO BRASILEIRO S/A;17.159.229/0001-76;1802417213;10/05/2021;TODAS
CAPTOPRIL;LABORATÓRIO GLOBO SA;17.115.437/0001-73;0697619249;24/05/2024;TODAS
MILGAMMA;COSMED INDUSTRIA DE COSMETICOS E MEDICAMENTOS S.A.;61.082.426/0002-07;4132446203;23/11/2020;TODAS
NIMEGON;MERCK SHARP & DOHME FARMACEUTICA LTDA.;03.560.974/0001-18;1571889248;14/11/2024;TODAS
REMIFAS;CRISTÁLIA PRODUTOS QUÍMICOS FARMACÊUTICOS LTDA.;44.734.671/0001-51;1255632232;14/11/2023;TODAS
GLYMRYL;ACCORD FARMACÊUTICA LTDA;64.171.697/0001-46;1429099215;14/04/2021;TODAS
Linezolida;GLENMARK FARMACÊUTICA LTDA;44.363.661/0001-57;4125790201;23/11/2020;TODAS
decitabina;ACCORD FARMACÊUTICA LTDA;64.171.697/0001-46;0649822234;26/06/2023;TODAS
tadalafila;LABORATÓRIO TEUTO BRASILEIRO S/A;17.159.229/0001-76;0896627203;25/03/2020;TODAS
EXTODIN;UNIÃO QUÍMICA FARMACÊUTICA NACIONAL S/A;60.665.981/0001-18;1403512248;11/10/2024;TODAS
metotrexato;BLAU FARMACÊUTICA S.A.;58.430.828/0001-60;0583870252;30/04/2025;TODAS
MUSCULARE;EUROFARMA LABORATÓRIOS S.A.;61.190.096/0001-92;0350158258;14/03/2025;TODAS
ALBENTEL;LABORATÓRIO TEUTO BRASILEIRO S/A;17.159.229/0001-76;0224264249;26/02/2024;TODAS
hiclato de doxiciclina;PHARLAB INDÚSTRIA FARMACÊUTICA S.A.;02.501.297/0001-02;0863586252;01/07/2025;TODAS
ALEVO;SUPERA FARMA LABORATÓRIOS S.A;43.312.503/0001-05;0806414251;17/06/2025;TODAS
LEXIN;LABORATÓRIO TEUTO BRASILEIRO S/A;17.159.229/0001-76;1224435249;05/09/2024;TODAS
BISSULFATO DE CLOPIDOGREL;EUROFARMA LABORATÓRIOS S.A.;61.190.096/0001-92;0175387257;07/02/2025;TODAS
cloridrato de vancomicina;ANTIBIÓTICOS DO BRASIL LTDA;05.439.635/0001-03;1358221216;09/04/2021;TODAS
VACINA POLIOMIELITE 1 E 3 (ATENUADA);FUNDAÇÃO OSWALDO CRUZ;33.781.055/0001-35;4141243213;20/10/2021;TODAS
Bacteracin;LABORATÓRIO TEUTO BRASILEIRO S/A;17.159.229/0001-76;1309095248;24/09/2024;TODAS
TEUTRAZI;LABORATÓRIO TEUTO BRASILEIRO S/A;17.159.229/0001-76;5005190228;01/12/2022;TODAS
Manitol 3%;JP INDUSTRIA FARMACEUTICA S/A;55.972.087/0001-50;4478733202;18/12/2020;TODAS
bromoprida;LABORATÓRIO TEUTO BRASILEIRO S/A;17.159.229/0001-76;1399684248;11/10/2024;TODAS
maleato de dexclorfeniramina + betametasona;CIFARMA CIENTÍFICA FARMACÊUTICA LTDA;17.562.075/0001-69;0661780252;16/05/2025;TODAS
albendazol;SANOFI MEDLEY FARMACÊUTICA LTDA.;10.588.595/0010-92;1693214245;11/12/2024;TODAS
lansoprazol;EMS S/A;57.507.378/0003-65;1120479240;15/08/2024;TODAS
RESFEGRIPE SINUS;MULTILAB INDUSTRIA E COMERCIO DE PRODUTOS FARMACEUTICOS LTDA;92.265.552/0009-05;0983653241;18/07/2024;TODAS
MELOCOX;EUROFARMA LABORATÓRIOS S.A.;61.190.096/0001-92;0152221239;14/02/2023;TODAS
MALEATO DE TRIMEBUTINA;EUROFARMA LABORATÓRIOS S.A.;61.190.096/0001-92;3563343217;09/09/2021;TODAS
PÉROLA;ORGANON FARMACÊUTICA LTDA.;45.987.013/0001-34;0844902250;27/06/2025;TODAS
citrato de sildenafila;EUROFARMA LABORATÓRIOS S.A.;61.190.096/0001-92;1168875251;02/09/2025;TODAS
ATEROMA;SUPERA FARMA LABORATÓRIOS S.A;43.312.503/0001-05;0896577252;08/07/2025;TODAS
ibandronato de sódio;Althaia S.A Indústria Farmacêutica;48.344.725/0007-19;0321074254;10/03/2025;TODAS
Fumarato de Cetotifeno;ACHÉ LABORATÓRIOS FARMACÊUTICOS S.A;60.659.463/0029-92;1733620249;19/12/2024;TODAS
DOMPLIV;EMS S/A;57.507.378/0003-65;1072508257;14/08/2025;TODAS
Teutoformin;LABORATÓRIO TEUTO BRASILEIRO S/A;17.159.229/0001-76;4619994219;22/11/2021;TODAS
cloridrato de paroxetina;PHARLAB INDÚSTRIA FARMACÊUTICA S.A.;02.501.297/0001-02;0844854255;27/06/2025;TODAS
DEBET;SUPERA FARMA LABORATÓRIOS S.A;43.312.503/0001-05;0709476256;26/05/2025;TODAS
DIPROSPAN;COSMED INDUSTRIA DE COSMETICOS E MEDICAMENTOS S.A.;61.082.426/0002-07;0872680240;26/06/2024;TODAS
VAZIDIN;PHARLAB INDÚSTRIA FARMACÊUTICA S.A.;02.501.297/0001-02;0032867255;09/01/2025;TODAS
cloridrato de memantina;EUROFARMA LABORATÓRIOS S.A.;61.190.096/0001-92;4942575222;16/11/2022;TODAS
BECLONATO;BRAINFARMA INDÚSTRIA QUÍMICA E FARMACÊUTICA S.A;05.161.069/0001-10;0806609257;17/06/2025;TODAS
FENITOÍNA;HIPOLABOR FARMACEUTICA LTDA;19.570.720/0001-10;1624644244;27/11/2024;TODAS
Clindamin-C;LABORATÓRIO TEUTO BRASILEIRO S/A;17.159.229/0001-76;0510734251;14/04/2025;TODAS
ALENDRONATO DE SÓDIO;EMS S/A;57.507.378/0003-65;0050186230;17/01/2023;TODAS
montelucaste de sódio;EUROFARMA LABORATÓRIOS S.A.;61.190.096/0001-92;4732869220;23/09/2022;TODAS
metildopa;FUNDAÇÃO PARA O REMÉDIO POPULAR - FURP;43.640.754/0001-19;0945700153;27/10/2015;TODAS
NIMESULIDA;CIMED INDUSTRIA S.A;02.814.497/0001-07;0964657252;24/07/2025;TODAS
TEMOZOD;SUN FARMACÊUTICA DO BRASIL LTDA;05.035.244/0001-23;0579185231;06/06/2023;TODAS
TEUCARBA;LABORATÓRIO TEUTO BRASILEIRO S/A;17.159.229/0001-76;1553789217;23/04/2021;TODAS
cloridrato de ondansetrona;BIOLAB SANUS FARMACÊUTICA LTDA;49.475.833/0001-06;1397608242;10/10/2024;TODAS
FINARID;LABORATÓRIO TEUTO BRASILEIRO S/A;17.159.229/0001-76;0000943258;02/01/2025;TODAS
DIVALCON;ABBOTT LABORATÓRIOS DO BRASIL LTDA;56.998.701/0001-16;1723178241;17/12/2024;TODAS
atenolol;BRAINFARMA INDÚSTRIA QUÍMICA E FARMACÊUTICA S.A;05.161.069/0001-10;0833713256;25/06/2025;TODAS
OLMESARTANA MEDOXOMILA + HIDROCLOROTIAZIDA;EUROFARMA LABORATÓRIOS S.A.;61.190.096/0001-92;0910601259;11/07/2025;TODAS
BESILATO DE ANLODIPINO;1FARMA INDUSTRIA FARMACEUTICA LTDA;48.113.906/0001-49;0948794188;01/10/2018;TODAS
METRONIDAZOL + NISTATINA;LABORATÓRIO TEUTO BRASILEIRO S/A;17.159.229/0001-76;0552374253;24/04/2025;TODAS
norfloxacino;EMS S/A;57.507.378/0003-65;0611835258;06/05/2025;TODAS
Tenoftal;LABORATÓRIO TEUTO BRASILEIRO S/A;17.159.229/0001-76;1189835258;08/09/2025;TODAS
CITRATO DE TAMOXIFENO;EMS S/A;57.507.378/0003-65;1292986247;19/09/2024;TODAS
cloridrato de clomipramina;FUNDAÇÃO PARA O REMÉDIO POPULAR - FURP;43.640.754/0001-19;1662134174;08/08/2017;TODAS
DEX-70-TEC;COMISSAO NACIONAL DE ENERGIA NUCLEAR;00.402.552/0001-26;1252762232;13/11/2023;TODAS
cloridrato de fluoxetina;PHARMASCIENCE INDUSTRIA FARMACEUTICA S.A;25.773.037/0001-83;0926002244;08/07/2024;TODAS
diclofenaco sodico;EMS S/A;57.507.378/0003-65;0578355256;29/04/2025;TODAS
CELESTONE SOLUSPAN;COSMED INDUSTRIA DE COSMETICOS E MEDICAMENTOS S.A.;61.082.426/0002-07;1157135251;29/08/2025;TODAS
domperidona;CIMED INDUSTRIA S.A;02.814.497/0001-07;1137580259;25/08/2025;TODAS
VAGIFEM;Besins Healthcare Brasil Comercial e Distribuidora de Medicamentos Ltda;11.082.598/0003-93;1183240252;05/09/2025;TODAS
PISA;EUROFARMA LABORATÓRIOS S.A.;61.190.096/0001-92;5051974228;14/12/2022;TODAS
SANTIPLEX B;SANTISA LABORATÓRIO FARMACÊUTICO S/A;04.099.395/0001-82;1159265259;29/08/2025;TODAS
CLILON;ACHÉ LABORATÓRIOS FARMACÊUTICOS S.A;60.659.463/0029-92;4656188221;06/09/2022;TODAS
ECD-TEC;COMISSAO NACIONAL DE ENERGIA NUCLEAR;00.402.552/0001-26;1253035237;13/11/2023;TODAS
LESTER;SUPERA FARMA LABORATÓRIOS S.A;43.312.503/0001-05;0335670253;12/03/2025;TODAS
linezolida;CRISTÁLIA PRODUTOS QUÍMICOS FARMACÊUTICOS LTDA.;44.734.671/0001-51;4320402227;21/06/2022;TODAS
aciclovir;BRAINFARMA INDÚSTRIA QUÍMICA E FARMACÊUTICA S.A;05.161.069/0001-10;0141127236;10/02/2023;TODAS
Ezetimiba + Sinvastatina;BIOLAB SANUS FARMACÊUTICA LTDA;49.475.833/0001-06;1056694238;04/10/2023;TODAS
LENAZEN;LABORATÓRIO TEUTO BRASILEIRO S/A;17.159.229/0001-76;2874465216;23/07/2021;TODAS
ENBREL PFS;LABORATÓRIOS PFIZER LTDA;46.070.868/0036-99;0492083240;18/04/2024;TODAS
Brenzys;Samsung Bioepis br Pharmaceutical ltda.;24.563.776/0001-88;0307963250;06/03/2025;TODAS
valerato de betametasona + sulfato de getamicina + tolnaftato + clioquinol;EMS S/A;57.507.378/0003-65;0361387253;18/03/2025;TODAS
SUCCINATO DE DESVENLAFAXINA;GERMED FARMACEUTICA LTDA;45.992.062/0001-65;1203895241;02/09/2024;TODAS
LITANE;MYRALIS INDÚSTRIA FARMACÊUTICA LTDA;17.440.261/0001-25;0552800236;31/05/2023;TODAS
levofloxacino;PRATI DONADUZZI & CIA LTDA;73.856.593/0001-66;0808119257;17/06/2025;TODAS
pregabalina;EUROFARMA LABORATÓRIOS S.A.;61.190.096/0001-92;0327116242;15/03/2024;TODAS
DIVENA;ACHÉ LABORATÓRIOS FARMACÊUTICOS S.A;60.659.463/0029-92;0974918253;28/07/2025;TODAS
Tagrisso;ASTRAZENECA DO BRASIL LTDA;60.318.797/0001-00;1021441252;08/08/2025;TODAS
IMENSE;EMS S/A;57.507.378/0003-65;1203825242;02/09/2024;TODAS
maleato de enalapril;BRAINFARMA INDÚSTRIA QUÍMICA E FARMACÊUTICA S.A;05.161.069/0001-10;4848113229;20/10/2022;TODAS
MOLIDON;EMS SIGMA PHARMA LTDA;00.923.140/0001-31;1057269255;13/08/2025;TODAS
riluzol;LABORATÓRIO FARMACÊUTICO DA MARINHA;00.394.502/0071-57;0688864252;22/05/2025;TODAS
AZITROGRAN;LEGRAND PHARMA INDÚSTRIA FARMACÊUTICA LTDA;05.044.984/0001-26;1459103246;23/10/2024;TODAS
AZI;EMS SIGMA PHARMA LTDA;00.923.140/0001-31;4422037226;13/07/2022;TODAS
paracetamol + cloridrato de pseudoefedrina;GERMED FARMACEUTICA LTDA;45.992.062/0001-65;0983451249;18/07/2024;TODAS
MESILATO DE IMATINIBE;GERMED FARMACEUTICA LTDA;45.992.062/0001-65;0115304258;27/01/2025;TODAS
TIBOCLIN;EMS S/A;57.507.378/0003-65;0353830259;17/03/2025;TODAS
drospirenona + etinilestradiol;LEGRAND PHARMA INDÚSTRIA FARMACÊUTICA LTDA;05.044.984/0001-26;0927286238;31/08/2023;TODAS
NEVRIX;ARESE PHARMA LTDA.;07.670.111/0001-54;0727356241;30/05/2024;TODAS
glibenclamida;CIMED INDUSTRIA S.A;02.814.497/0001-07;0247731251;21/02/2025;TODAS
SUALIV;1FARMA INDUSTRIA FARMACEUTICA LTDA;48.113.906/0001-49;4083660206;19/11/2020;TODAS
DEPO-PROVERA;PFIZER BRASIL LTDA;61.072.393/0001-33;0742561259;02/06/2025;TODAS
AZINOSTIL;EMS S/A;57.507.378/0003-65;1201559243;02/09/2024;TODAS
PASALIX PI;MARJAN INDÚSTRIA E COMÉRCIO LTDA;60.726.692/0001-81;0523316259;16/04/2025;TODAS
DELAGRAN;LEGRAND PHARMA INDÚSTRIA FARMACÊUTICA LTDA;05.044.984/0001-26;1206658240;02/09/2024;TODAS
POSICOR SIN;BIOLAB SANUS FARMACÊUTICA LTDA;49.475.833/0001-06;1057167231;04/10/2023;TODAS
esomeprazol magnésico tri-hidratado;GERMED FARMACEUTICA LTDA;45.992.062/0001-65;0645181251;13/05/2025;TODAS
TUA D3;LABORATÓRIO TEUTO BRASILEIRO S/A;17.159.229/0001-76;1644233240;02/12/2024;TODAS
NENFY;LABORATÓRIO TEUTO BRASILEIRO S/A;17.159.229/0001-76;1434371247;18/10/2024;TODAS
carvedilol;GERMED FARMACEUTICA LTDA;45.992.062/0001-65;0466276257;04/04/2025;TODAS
renflexis;Samsung Bioepis br Pharmaceutical ltda.;24.563.776/0001-88;1212449240;03/09/2024;TODAS
cloridrato de ciprofloxacino monoidratado + dexametasona;EMS S/A;57.507.378/0003-65;0874641250;03/07/2025;TODAS
MULTIGRIP DOR E FEBRE;MULTILAB INDUSTRIA E COMERCIO DE PRODUTOS FARMACEUTICOS LTDA;92.265.552/0009-05;0558766182;12/07/2018;TODAS
FELISSA;SUN FARMACÊUTICA DO BRASIL LTDA;05.035.244/0001-23;0115543191;07/02/2019;TODAS
HEPARINOX;CRISTÁLIA PRODUTOS QUÍMICOS FARMACÊUTICOS LTDA.;44.734.671/0001-51;0203420233;01/03/2023;TODAS
valerato de betametasona + sulfato de gentamicina + tolnaftato + clioquinol;GEOLAB INDÚSTRIA FARMACÊUTICA S/A;03.485.572/0001-04;0806987185;15/08/2018;TODAS
ciprofloxacino;HALEX ISTAR INDÚSTRIA FARMACÊUTICA SA;01.571.702/0001-98;0592722236;12/06/2023;TODAS
VELAMOX BD;EMS SIGMA PHARMA LTDA;00.923.140/0001-31;0174488254;07/02/2025;TODAS
SUCCINATO DE DESVENLAFAXINA;LEGRAND PHARMA INDÚSTRIA FARMACÊUTICA LTDA;05.044.984/0001-26;1206790245;02/09/2024;TODAS
AZI;EMS SIGMA PHARMA LTDA;00.923.140/0001-31;1203190247;02/09/2024;TODAS
CLORIDRATO DE PAROXETINA;LABORATÓRIO TEUTO BRASILEIRO S/A;17.159.229/0001-76;0566191253;28/04/2025;TODAS
valerato de betametasona + sulfato de gentamicina + tolnaftato + clioquinol;GEOLAB INDÚSTRIA FARMACÊUTICA S/A;03.485.572/0001-04;0806747183;15/08/2018;TODAS
LIMECICLINA;EMS S/A;57.507.378/0003-65;4215175224;26/05/2022;TODAS
ROVICID;LEGRAND PHARMA INDÚSTRIA FARMACÊUTICA LTDA;05.044.984/0001-26;4215333229;26/05/2022;TODAS
BRASART BCC;EMS SIGMA PHARMA LTDA;00.923.140/0001-31;0657819255;15/05/2025;TODAS
ANTIBREX;GERMED FARMACEUTICA LTDA;45.992.062/0001-65;0906862256;10/07/2025;TODAS
travoprosta;GERMED FARMACEUTICA LTDA;45.992.062/0001-65;4894438224;01/11/2022;TODAS
TRAVAMED;GERMED FARMACEUTICA LTDA;45.992.062/0001-65;1022491253;08/08/2025;TODAS
ARIXTRA;ASPEN PHARMA INDÚSTRIA FARMACÊUTICA LTDA;02.433.631/0001-20;1597865216;26/04/2021;TODAS
VALSACOR DUO;LEGRAND PHARMA INDÚSTRIA FARMACÊUTICA LTDA;05.044.984/0001-26;1525149245;05/11/2024;TODAS
levofloxacino hemiidratado;GEOLAB INDÚSTRIA FARMACÊUTICA S/A;03.485.572/0001-04;1159323259;29/08/2025;TODAS
maleato de timolol;GERMED FARMACEUTICA LTDA;45.992.062/0001-65;1086238257;15/08/2025;TODAS
NEO MISTATIN;BRAINFARMA INDÚSTRIA QUÍMICA E FARMACÊUTICA S.A;05.161.069/0001-10;0402942256;25/03/2025;TODAS
CLORIDRATO DE ONDANSENTRONA;UNIÃO QUÍMICA FARMACÊUTICA NACIONAL S/A;60.665.981/0001-18;0511024240;22/04/2024;TODAS
LEXMA;LABORATÓRIO TEUTO BRASILEIRO S/A;17.159.229/0001-76;1367070244;04/10/2024;TODAS
FERROPURUM;BLAU FARMACÊUTICA S.A.;58.430.828/0001-60;4208744227;25/05/2022;TODAS
ESCENA;CRISTÁLIA PRODUTOS QUÍMICOS FARMACÊUTICOS LTDA.;44.734.671/0001-51;0662044258;16/05/2025;TODAS
diclofenaco dietilamônio;1FARMA INDUSTRIA FARMACEUTICA LTDA;48.113.906/0001-49;0460097195;23/05/2019;TODAS
Resplix;MEDQUIMICA INDUSTRIA FARMACEUTICA LTDA.;17.875.154/0001-20;0834635232;09/08/2023;TODAS
sinvastatina;NOVARTIS BIOCIENCIAS S.A;56.994.502/0001-30;0304888257;06/03/2025;TODAS
cloridrato de tansulosina;ZYDUS NIKKHO FARMACÊUTICA LTDA;05.254.971/0001-81;0325982252;11/03/2025;TODAS
PROTANOL;LABORATÓRIO TEUTO BRASILEIRO S/A;17.159.229/0001-76;7248823210;16/12/2021;TODAS
indapamida;EMS S/A;57.507.378/0003-65;0553121251;24/04/2025;TODAS
INSERIS XR;APSEN FARMACEUTICA S/A;62.462.015/0001-29;1686216246;10/12/2024;TODAS
PRESSOTEC;LABORATÓRIO TEUTO BRASILEIRO S/A;17.159.229/0001-76;1374999245;07/10/2024;TODAS
BERK;EUROFARMA LABORATÓRIOS S.A.;61.190.096/0001-92;2345160217;17/06/2021;TODAS
FILINAR;EUROFARMA LABORATÓRIOS S.A.;61.190.096/0001-92;0781769256;10/06/2025;TODAS
GLYA;CRISTÁLIA PRODUTOS QUÍMICOS FARMACÊUTICOS LTDA.;44.734.671/0001-51;0798786256;13/06/2025;TODAS
CETILPLEX;BRAINFARMA INDÚSTRIA QUÍMICA E FARMACÊUTICA S.A;05.161.069/0001-10;2132597227;11/04/2022;TODAS
REPOPIL 35;LEGRAND PHARMA INDÚSTRIA FARMACÊUTICA LTDA;05.044.984/0001-26;0155857223;12/01/2022;TODAS
TENLOPIN;LABORATÓRIO TEUTO BRASILEIRO S/A;17.159.229/0001-76;0669212237;29/06/2023;TODAS
ALEVO;SUPERA FARMA LABORATÓRIOS S.A;43.312.503/0001-05;0496994255;10/04/2025;TODAS
MICOFENOLATO DE MOFETILA;CRISTÁLIA PRODUTOS QUÍMICOS FARMACÊUTICOS LTDA.;44.734.671/0001-51;1928958168;15/06/2016;TODAS
CLORIDRATO DE CIPROFLOXACINO;1FARMA INDUSTRIA FARMACEUTICA LTDA;48.113.906/0001-49;0119738200;13/01/2020;TODAS
AMPLIUM G;COSMED INDUSTRIA DE COSMETICOS E MEDICAMENTOS S.A.;61.082.426/0002-07;0589773184;24/07/2018;TODAS
Bexsero;GLAXOSMITHKLINE BRASIL LTDA;33.247.743/0001-10;1282065246;18/09/2024;TODAS
citrato de sildenafila;FUNDAÇÃO PARA O REMÉDIO POPULAR - FURP;43.640.754/0001-19;2010132175;23/09/2017;TODAS
BRONCOMUCOL;CIFARMA CIENTÍFICA FARMACÊUTICA LTDA;17.562.075/0001-69;0708318258;26/05/2025;TODAS
NEXPRAZIN;LEGRAND PHARMA INDÚSTRIA FARMACÊUTICA LTDA;05.044.984/0001-26;0643745254;13/05/2025;TODAS
DOLO MOFF;UNIÃO QUÍMICA FARMACÊUTICA NACIONAL S/A;60.665.981/0001-18;2365027211;18/06/2021;TODAS
LEMOL;ZYDUS NIKKHO FARMACÊUTICA LTDA;05.254.971/0001-81;1516818212;20/04/2021;TODAS
Tecentriq;PRODUTOS ROCHE QUÍMICOS E FARMACÊUTICOS S.A.;33.009.945/0001-23;1091041253;15/08/2025;TODAS
ALBENDAZOL;CIMED INDUSTRIA S.A;02.814.497/0001-07;0535574240;23/04/2024;TODAS
CLORIDRATO DE VENLAFAXINA;EUROFARMA LABORATÓRIOS S.A.;61.190.096/0001-92;1389167241;09/10/2024;TODAS
GERADOR-IPEN-TEC;COMISSAO NACIONAL DE ENERGIA NUCLEAR;00.402.552/0001-26;1040843239;29/09/2023;TODAS
ATORVASTATINA CÁLCICA;EMS S/A;57.507.378/0003-65;0920690254;15/07/2025;TODAS
DOT-IPEN-177;COMISSAO NACIONAL DE ENERGIA NUCLEAR;00.402.552/0001-26;1056812231;04/10/2023;TODAS
DICAZID MR;PHARLAB INDÚSTRIA FARMACÊUTICA S.A.;02.501.297/0001-02;0297493256;05/03/2025;TODAS
EZETIMIBA;LABORATÓRIO TEUTO BRASILEIRO S/A;17.159.229/0001-76;1442523239;19/12/2023;TODAS
hemitartarato de rivastigmina;EMS S/A;57.507.378/0003-65;1007596252;05/08/2025;TODAS
cloridrato de sertralina;TORRENT DO BRASIL LTDA;33.078.528/0001-32;1147971251;27/08/2025;TODAS
HIXILERG;EMS S/A;57.507.378/0003-65;1471794218;17/04/2021;TODAS
ESCILEX;EMS SIGMA PHARMA LTDA;00.923.140/0001-31;0725549254;28/05/2025;TODAS
Mesotem;CRISTÁLIA PRODUTOS QUÍMICOS FARMACÊUTICOS LTDA.;44.734.671/0001-51;4231337225;31/05/2022;TODAS
VENZER;LIBBS FARMACÊUTICA LTDA;61.230.314/0001-75;0914983253;14/07/2025;TODAS
PRÓS;SUPERA FARMA LABORATÓRIOS S.A;43.312.503/0001-05;0709444257;26/05/2025;TODAS
RPHNEFRO;MJM PRODUTOS FARMACEUTICOS E DE RADIOPROTECAO S.A.;04.891.262/0001-44;1459740246;23/10/2024;TODAS
finasterida;UNIÃO QUÍMICA FARMACÊUTICA NACIONAL S/A;60.665.981/0001-18;1147996253;27/08/2025;TODAS
ULTERON;CIFARMA CIENTÍFICA FARMACÊUTICA LTDA;17.562.075/0001-69;1344381210;08/04/2021;TODAS
NORFLOXACINO;MEDQUIMICA INDUSTRIA FARMACEUTICA LTDA.;17.875.154/0001-20;0306859254;06/03/2025;TODAS
azitromicina di-hidratada;CRISTÁLIA PRODUTOS QUÍMICOS FARMACÊUTICOS LTDA.;44.734.671/0001-51;5103260221;28/12/2022;TODAS
UMMA;COSMED INDUSTRIA DE COSMETICOS E MEDICAMENTOS S.A.;61.082.426/0002-07;1325524239;27/11/2023;TODAS
CLORIDRATRO DE TRAZODONA;LEGRAND PHARMA INDÚSTRIA FARMACÊUTICA LTDA;05.044.984/0001-26;0099713233;01/02/2023;TODAS
carvedilol;CIMED INDUSTRIA S.A;02.814.497/0001-07;1362446246;03/10/2024;TODAS
Cotellic®;PRODUTOS ROCHE QUÍMICOS E FARMACÊUTICOS S.A.;33.009.945/0001-23;0773469257;09/06/2025;TODAS
piroxicam;PHARLAB INDÚSTRIA FARMACÊUTICA S.A.;02.501.297/0001-02;0693759259;23/05/2025;TODAS
CLORIDRATO DE PROPAFENONA;EUROFARMA LABORATÓRIOS S.A.;61.190.096/0001-92;0554529254;24/04/2025;TODAS
besilato de anlodipino+atenolol;EMS S/A;57.507.378/0003-65;0813497256;18/06/2025;TODAS
OLMEDIX ANLO;EMS S/A;57.507.378/0003-65;0923282254;16/07/2025;TODAS
ZOLFEST D;ACHÉ LABORATÓRIOS FARMACÊUTICOS S.A;60.659.463/0029-92;0388955244;28/03/2024;TODAS
gliclazida;RANBAXY FARMACÊUTICA LTDA;73.663.650/0001-90;1107133246;13/08/2024;TODAS
REVOC;ABBOTT LABORATÓRIOS DO BRASIL LTDA;56.998.701/0001-16;0131441256;30/01/2025;TODAS
ONDSET INJ;UNIÃO QUÍMICA FARMACÊUTICA NACIONAL S/A;60.665.981/0001-18;0510998241;22/04/2024;TODAS
VELENAXOL;SANDOZ DO BRASIL INDÚSTRIA FARMACÊUTICA LTDA;61.286.647/0001-16;1058398253;13/08/2025;TODAS
VACINA ADSORVIDA DIFTERIA, TÉTANO E PERTUSSIS (ACELULAR);INSTITUTO BUTANTAN;61.821.344/0001-56;1389777243;09/10/2024;TODAS
TEUCIPROX;LABORATÓRIO TEUTO BRASILEIRO S/A;17.159.229/0001-76;0027786234;11/01/2023;TODAS
TOPIRAMATO;EUROFARMA LABORATÓRIOS S.A.;61.190.096/0001-92;1347409246;01/10/2024;TODAS
NITES;ORGANON FARMACÊUTICA LTDA.;45.987.013/0001-34;0584100256;30/04/2025;TODAS
ampicilina;MULTILAB INDUSTRIA E COMERCIO DE PRODUTOS FARMACEUTICOS LTDA;92.265.552/0009-05;0993223257;31/07/2025;TODAS
cetoconazol+dipropionato de betametasona+sulfato de neomicina;1FARMA INDUSTRIA FARMACEUTICA LTDA;48.113.906/0001-49;0597365191;08/07/2019;TODAS
Pausefemme;NATULAB LABORATORIO S.A;02.456.955/0001-83;1149393254;27/08/2025;TODAS
ATIP XR;SUPERA FARMA LABORATÓRIOS S.A;43.312.503/0001-05;0985888253;30/07/2025;TODAS
FLUIR;COSMED INDUSTRIA DE COSMETICOS E MEDICAMENTOS S.A.;61.082.426/0002-07;1416652216;13/04/2021;TODAS
XAROPE CIMETOSSE;CIMED INDUSTRIA S.A;02.814.497/0001-07;0890600252;07/07/2025;TODAS
Ibuprofeno;LABORATÓRIO GLOBO SA;17.115.437/0001-73;1608711242;25/11/2024;TODAS
TRAVOFTAL;LABORATÓRIO TEUTO BRASILEIRO S/A;17.159.229/0001-76;4911213221;07/11/2022;TODAS
ETHAMOLIN;FARMOQUÍMICA S/A;33.349.473/0001-58;0378340255;20/03/2025;TODAS
CETOCORT-N;LABORATÓRIO TEUTO BRASILEIRO S/A;17.159.229/0001-76;0726592251;28/05/2025;TODAS
AVIDE;ACHÉ LABORATÓRIOS FARMACÊUTICOS S.A;60.659.463/0029-92;0712774254;27/05/2025;TODAS
TADALAFILA;GERMED FARMACEUTICA LTDA;45.992.062/0001-65;1437475248;18/10/2024;TODAS
citrato de tamoxifeno;BLAU FARMACÊUTICA S.A.;58.430.828/0001-60;0259000256;24/02/2025;TODAS
COGLIVE;LIBBS FARMACÊUTICA LTDA;61.230.314/0001-75;0730960251;29/05/2025;TODAS
GLITYFOM;EMS S/A;57.507.378/0003-65;4076016211;15/10/2021;TODAS
cefuroxima sódica;INSTITUTO BIOCHIMICO INDÚSTRIA FARMACÊUTICA LTDA;33.258.401/0001-03;0951052250;22/07/2025;TODAS
POSICOR;BIOLAB SANUS FARMACÊUTICA LTDA;49.475.833/0001-06;1056738235;04/10/2023;TODAS
ATIP;SUPERA FARMA LABORATÓRIOS S.A;43.312.503/0001-05;0966619251;24/07/2025;TODAS
CARD-IPEN;COMISSAO NACIONAL DE ENERGIA NUCLEAR;00.402.552/0001-26;1056775238;04/10/2023;TODAS
ADILOZ;EMS S/A;57.507.378/0003-65;0268755248;05/03/2024;TODAS
Fledoid;FARMOQUÍMICA S/A;33.349.473/0001-58;1516712242;04/11/2024;TODAS
GESTODENO+ETINILESTRADIOL;CIFARMA CIENTÍFICA FARMACÊUTICA LTDA;17.562.075/0001-69;0747708258;03/06/2025;TODAS
PUL-TEC;COMISSAO NACIONAL DE ENERGIA NUCLEAR;00.402.552/0001-26;1253127239;13/11/2023;TODAS
Deci;SUN FARMACÊUTICA DO BRASIL LTDA;05.035.244/0001-23;0709782250;26/05/2025;TODAS
GUAN-IPEN-131;COMISSAO NACIONAL DE ENERGIA NUCLEAR;00.402.552/0001-26;1063891230;05/10/2023;TODAS
Água para Irrigação;JP INDUSTRIA FARMACEUTICA S/A;55.972.087/0001-50;4478774200;18/12/2020;TODAS
INGRID;EMS S/A;57.507.378/0003-65;1761169246;26/12/2024;TODAS
nimesulida;EMS S/A;57.507.378/0003-65;0756415250;04/06/2025;TODAS
Menveo;GLAXOSMITHKLINE BRASIL LTDA;33.247.743/0001-10;0541802241;24/04/2024;TODAS
TALTZ;ELI LILLY DO BRASIL LTDA;43.940.618/0001-44;0779213254;10/06/2025;TODAS
cloridrato de nebivolol;BRAINFARMA INDÚSTRIA QUÍMICA E FARMACÊUTICA S.A;05.161.069/0001-10;1163976237;25/10/2023;TODAS
atenolol + clortalidona;SANDOZ DO BRASIL INDÚSTRIA FARMACÊUTICA LTDA;61.286.647/0001-16;0667865250;16/05/2025;TODAS
PIASCLEDINE;ABBOTT LABORATÓRIOS DO BRASIL LTDA;56.998.701/0001-16;1514588242;04/11/2024;TODAS
CARLIT;SUPERA FARMA LABORATÓRIOS S.A;43.312.503/0001-05;0071346252;17/01/2025;TODAS
lactato de milrinona;FRESENIUS KABI BRASIL LTDA;49.324.221/0001-04;0095468251;22/01/2025;TODAS
acetato de atosibana;ACCORD FARMACÊUTICA LTDA;64.171.697/0001-46;0531851213;09/02/2021;TODAS
TARTARATO DE METOPROLOL;MULTILAB INDUSTRIA E COMERCIO DE PRODUTOS FARMACEUTICOS LTDA;92.265.552/0009-05;1629570249;28/11/2024;TODAS
oxalato de escitalopram;EUROFARMA LABORATÓRIOS S.A.;61.190.096/0001-92;0599483237;13/06/2023;TODAS
CLORIDRATO DE TRAZODONA;GERMED FARMACEUTICA LTDA;45.992.062/0001-65;0099758237;01/02/2023;TODAS
TRAYENTA DUO;BOEHRINGER INGELHEIM DO BRASIL QUÍMICA E FARMACÊUTICA LTDA.;60.831.658/0001-77;0665507259;16/05/2025;TODAS
FUROSEMIDA;BRAINFARMA INDÚSTRIA QUÍMICA E FARMACÊUTICA S.A;05.161.069/0001-10;0876847254;03/07/2025;TODAS
AZICIN;CRISTÁLIA PRODUTOS QUÍMICOS FARMACÊUTICOS LTDA.;44.734.671/0001-51;5103268221;28/12/2022;TODAS
BEXAI;EMS S/A;57.507.378/0003-65;1022141252;08/08/2025;TODAS
carbamazepina;CRISTÁLIA PRODUTOS QUÍMICOS FARMACÊUTICOS LTDA.;44.734.671/0001-51;2259700190;25/09/2019;TODAS
ZART;EUROFARMA LABORATÓRIOS S.A.;61.190.096/0001-92;0773695257;09/06/2025;TODAS
PILOX;EUROFARMA LABORATÓRIOS S.A.;61.190.096/0001-92;0037363255;10/01/2025;TODAS
maleato de timolol;BRAINFARMA INDÚSTRIA QUÍMICA E FARMACÊUTICA S.A;05.161.069/0001-10;1164423258;01/09/2025;TODAS
IBUPROFENO;GEOLAB INDÚSTRIA FARMACÊUTICA S/A;03.485.572/0001-04;1768595241;27/12/2024;TODAS
CORISTINA D;COSMED INDUSTRIA DE COSMETICOS E MEDICAMENTOS S.A.;61.082.426/0002-07;1596986210;26/04/2021;TODAS
DIFLUMID;LABORATÓRIO TEUTO BRASILEIRO S/A;17.159.229/0001-76;1378380223;25/03/2022;TODAS
ARANESP;AMGEN BIOTECNOLOGIA DO BRASIL LTDA.;18.774.815/0001-93;1598171241;22/11/2024;TODAS
PLEXEDEN;LABORATÓRIO QUÍMICO FARMACÊUTICO BERGAMO LTDA;61.282.661/0001-41;0867425253;02/07/2025;TODAS
Iziz;LIBBS FARMACÊUTICA LTDA;61.230.314/0001-75;0824765257;23/06/2025;TODAS
VACINA ADSORVIDA HEPATITE A (INATIVADA);INSTITUTO BUTANTAN;61.821.344/0001-56;1361328240;03/10/2024;TODAS
drosperinona + etinilestradiol;GERMED FARMACEUTICA LTDA;45.992.062/0001-65;1761057243;26/12/2024;TODAS
dipirona + cafeína;BRAINFARMA INDÚSTRIA QUÍMICA E FARMACÊUTICA S.A;05.161.069/0001-10;5086572223;22/12/2022;TODAS
ROSUVAST;EMS S/A;57.507.378/0003-65;1172906254;03/09/2025;TODAS
ASTRO;EUROFARMA LABORATÓRIOS S.A.;61.190.096/0001-92;0957537255;22/07/2025;TODAS
cetoconazol;LABORATÓRIO GLOBO SA;17.115.437/0001-73;0792593251;12/06/2025;TODAS
Gerilon;CIFARMA CIENTÍFICA FARMACÊUTICA LTDA;17.562.075/0001-69;1636822240;29/11/2024;TODAS
OXALATO DE ESCITALOPRAM;EUROFARMA LABORATÓRIOS S.A.;61.190.096/0001-92;0156725240;08/02/2024;TODAS
cloridrato de cefepima;LABORATÓRIO TEUTO BRASILEIRO S/A;17.159.229/0001-76;0750801255;03/06/2025;TODAS
vildagliptina;ACCORD FARMACÊUTICA LTDA;64.171.697/0001-46;0911975250;11/07/2025;TODAS
clonixinato de lisina + cloridrato de ciclobenzaprin;EMS S/A;57.507.378/0003-65;1144393248;20/08/2024;TODAS
LEGRACE;LEGRAND PHARMA INDÚSTRIA FARMACÊUTICA LTDA;05.044.984/0001-26;0617903255;07/05/2025;TODAS
EXPECTAMIN;LEGRAND PHARMA INDÚSTRIA FARMACÊUTICA LTDA;05.044.984/0001-26;1152996258;28/08/2025;TODAS
CEFALEXINA MONOIDRATADA;EMS S/A;57.507.378/0003-65;0223955248;26/02/2024;TODAS
hidroclorotiazida;BRAINFARMA INDÚSTRIA QUÍMICA E FARMACÊUTICA S.A;05.161.069/0001-10;0392839253;24/03/2025;TODAS
QUETIFREN;LABORATÓRIO TEUTO BRASILEIRO S/A;17.159.229/0001-76;7243811213;16/12/2021;TODAS
LEVOFLOXACINO HEMIIDRATADO;EUROFARMA LABORATÓRIOS S.A.;61.190.096/0001-92;0684526255;21/05/2025;TODAS
BISSULFATO DE CLOPIDOGREL;BRAINFARMA INDÚSTRIA QUÍMICA E FARMACÊUTICA S.A;05.161.069/0001-10;0764994255;06/06/2025;TODAS
ZOLPAZ;UNIÃO QUÍMICA FARMACÊUTICA NACIONAL S/A;60.665.981/0001-18;0122493257;28/01/2025;TODAS
CLORIDRATO DE TIZANIDINA;UNICHEM FARMACÊUTICA DO BRASIL LTDA;05.399.786/0001-85;3351361211;25/08/2021;TODAS
AZITROMICINA;HIPOLABOR FARMACEUTICA LTDA;19.570.720/0001-10;4855949221;24/10/2022;TODAS
LIDOCAÍNA;PHARLAB INDÚSTRIA FARMACÊUTICA S.A.;02.501.297/0001-02;0600747255;05/05/2025;TODAS
AZITROMICINA;EMS S/A;57.507.378/0003-65;4422006223;13/07/2022;TODAS
amoxicilina sódica + clavulanato de potássio;EUROFARMA LABORATÓRIOS S.A.;61.190.096/0001-92;0892847239;24/08/2023;TODAS
CELLCEPT;PRODUTOS ROCHE QUÍMICOS E FARMACÊUTICOS S.A.;33.009.945/0001-23;1068959258;14/08/2025;TODAS
MYFORTIC;NOVARTIS BIOCIENCIAS S.A;56.994.502/0001-30;0515867250;15/04/2025;TODAS
cetoconazol + dipropionato de betametasona + sulfato de neomicina;EUROFARMA LABORATÓRIOS S.A.;61.190.096/0001-92;0796650233;31/07/2023;TODAS
AD-MUC;BIOLAB SANUS FARMACÊUTICA LTDA;49.475.833/0001-06;3945898218;06/10/2021;TODAS
NOVABUPI (SEM VASOCONSTRITOR);CRISTÁLIA PRODUTOS QUÍMICOS FARMACÊUTICOS LTDA.;44.734.671/0001-51;0908147210;08/03/2021;TODAS
CAPTOPRIL;CRISTÁLIA PRODUTOS QUÍMICOS FARMACÊUTICOS LTDA.;44.734.671/0001-51;0078270170;16/01/2017;TODAS
CETOCONAZOL + DIPROPIONATO DE BETAMETASONA + SULFATO DE NEOMICINA;EUROFARMA LABORATÓRIOS S.A.;61.190.096/0001-92;0796706239;31/07/2023;TODAS
FLUCONAZOL;EMS S/A;57.507.378/0003-65;1723747246;17/12/2024;TODAS
ZOLMICOL;GEOLAB INDÚSTRIA FARMACÊUTICA S/A;03.485.572/0001-04;4940620221;15/11/2022;TODAS
BUTILBROMETO DE ESCOPOLAMINA;PRATI DONADUZZI & CIA LTDA;73.856.593/0001-66;0001901141;02/01/2014;TODAS
AGLUCOSE;EMS SIGMA PHARMA LTDA;00.923.140/0001-31;0977985253;28/07/2025;TODAS
OXALIPLATINA;EUROFARMA LABORATÓRIOS S.A.;61.190.096/0001-92;0671090232;30/06/2023;TODAS
AMIORON;GEOLAB INDÚSTRIA FARMACÊUTICA S/A;03.485.572/0001-04;0505396254;12/04/2025;TODAS
TIOCONAZOL + TINIDAZOL;EMS S/A;57.507.378/0003-65;2675761222;05/05/2022;TODAS
CLORIDRATO DE DOPAMINA;LABORATÓRIO TEUTO BRASILEIRO S/A;17.159.229/0001-76;0755962231;21/07/2023;TODAS
CORTISONAL;UNIÃO QUÍMICA FARMACÊUTICA NACIONAL S/A;60.665.981/0001-18;1637449241;29/11/2024;TODAS
NEONAZOL;NATIVITA IND. COM. LTDA.;65.271.900/0001-19;0303347244;12/03/2024;TODAS
CECLOR;EMS SIGMA PHARMA LTDA;00.923.140/0001-31;0574162259;29/04/2025;TODAS
CERTICAN;NOVARTIS BIOCIENCIAS S.A;56.994.502/0001-30;1025497244;26/07/2024;TODAS
TROMAXIL;OPEM REPRESENTAÇÃO IMPORTADORA EXPORTADORA E DISTRIBUIDORA LTDA;38.909.503/0001-57;0220997250;17/02/2025;TODAS
CINCORDIL;EMS SIGMA PHARMA LTDA;00.923.140/0001-31;1716282173;15/08/2017;TODAS
ARTROSIL;ACHÉ LABORATÓRIOS FARMACÊUTICOS S.A;60.659.463/0029-92;1219318248;04/09/2024;TODAS
METILDOPA;EMS S/A;57.507.378/0003-65;0251742253;21/02/2025;TODAS
DICLOFENACO DIETILAMÔNIO;EMS S/A;57.507.378/0003-65;0068659253;16/01/2025;TODAS
Funed Sulfametoxazol + Trimetoprima;FUNDAÇÃO EZEQUIEL DIAS - FUNED;17.503.475/0001-01;1929364160;15/06/2016;TODAS
CIALIS;ELI LILLY DO BRASIL LTDA;43.940.618/0001-44;1038755247;30/07/2024;TODAS
VACINA INFLUENZA TRIVALENTE ( FRAGMENTADA E INATIVADA );INSTITUTO BUTANTAN;61.821.344/0001-56;0465554253;04/04/2025;TODAS
CLORIDRATO DE TERBINAFINA;PRATI DONADUZZI & CIA LTDA;73.856.593/0001-66;0093691150;02/02/2015;TODAS
SOLUÇÃO FISIOLÓGICA DE CLORETO DE SÓDIO;FRESENIUS MEDICAL CARE LTDA;01.440.590/0001-36;4344628201;08/12/2020;TODAS
MEVAMOX;LABORATÓRIO TEUTO BRASILEIRO S/A;17.159.229/0001-76;0420222227;02/02/2022;TODAS
NEBACIMED;CIMED INDUSTRIA S.A;02.814.497/0001-07;0964503255;24/07/2025;TODAS
LANZ;EMS SIGMA PHARMA LTDA;00.923.140/0001-31;0120301253;28/01/2025;TODAS
CPHD SMP 35;SALBEGO LABORATÓRIO FARMACÊUTICO LTDA;92.832.195/0001-54;1658582241;04/12/2024;TODAS
PRED;ALLERGAN PRODUTOS FARMACÊUTICOS LTDA;43.426.626/0001-77;0449109232;04/05/2023;TODAS
DIPIRONA SODICA;GREENPHARMA QUÍMICA E FARMACÊUTICA LTDA;33.408.105/0001-33;3914839210;04/10/2021;TODAS
ATENOLOL;LABORATÓRIO TEUTO BRASILEIRO S/A;17.159.229/0001-76;0887716253;07/07/2025;TODAS
DICLORIDRATO DE CETIRIZINA;PRATI DONADUZZI & CIA LTDA;73.856.593/0001-66;0936826154;23/10/2015;TODAS
CETOCONAZOL + DIPROPIONATO DE BETAMETASONA;EMS S/A;57.507.378/0003-65;1169926258;02/09/2025;TODAS
CETOCONAZOL + DIPROPIONATO DE BETAMETASONA;EMS S/A;57.507.378/0003-65;1168420253;02/09/2025;TODAS
diclofenaco sódico;UNIÃO QUÍMICA FARMACÊUTICA NACIONAL S/A;60.665.981/0001-18;0638450250;12/05/2025;TODAS
Soyfemme;ACHÉ LABORATÓRIOS FARMACÊUTICOS S.A;60.659.463/0029-92;0424894254;28/03/2025;TODAS
LANZOPEPT;GEOLAB INDÚSTRIA FARMACÊUTICA S/A;03.485.572/0001-04;0519806182;29/06/2018;TODAS
TRAXONOL;GEOLAB INDÚSTRIA FARMACÊUTICA S/A;03.485.572/0001-04;1270937243;16/09/2024;TODAS
NASALIV;UNIÃO QUÍMICA FARMACÊUTICA NACIONAL S/A;60.665.981/0001-18;0398532257;24/03/2025;TODAS
FLEXALGIN;GEOLAB INDÚSTRIA FARMACÊUTICA S/A;03.485.572/0001-04;1120915244;15/08/2024;TODAS
HYSTIN;GEOLAB INDÚSTRIA FARMACÊUTICA S/A;03.485.572/0001-04;0065196236;20/01/2023;TODAS
PRYLTEC;GEOLAB INDÚSTRIA FARMACÊUTICA S/A;03.485.572/0001-04;0552057186;11/07/2018;TODAS
POLARATUSS;CIFARMA CIENTÍFICA FARMACÊUTICA LTDA;17.562.075/0001-69;0847774244;21/06/2024;TODAS
MAXINOM;UNIÃO QUÍMICA FARMACÊUTICA NACIONAL S/A;60.665.981/0001-18;1001355253;04/08/2025;TODAS
TRANIL;HIPOLABOR FARMACEUTICA LTDA;19.570.720/0001-10;0289193210;22/01/2021;TODAS
MENBEL;GEOLAB INDÚSTRIA FARMACÊUTICA S/A;03.485.572/0001-04;0519476188;28/06/2018;TODAS
FLUCONAZOL;GERMED FARMACEUTICA LTDA;45.992.062/0001-65;1723597244;17/12/2024;TODAS
NEPRESOL;CRISTÁLIA PRODUTOS QUÍMICOS FARMACÊUTICOS LTDA.;44.734.671/0001-51;0955493219;11/03/2021;TODAS
BROMOPRIDA;PRATI DONADUZZI & CIA LTDA;73.856.593/0001-66;1178955249;27/08/2024;TODAS
SECNIDAZOL;RANBAXY FARMACÊUTICA LTDA;73.663.650/0001-90;0244307253;20/02/2025;TODAS
VOLTAREN;NOVARTIS BIOCIENCIAS S.A;56.994.502/0001-30;0962928259;23/07/2025;TODAS
KEFORAL;ANTIBIÓTICOS DO BRASIL LTDA;05.439.635/0001-03;0914104179;17/05/2017;TODAS
CLAVULIN;GLAXOSMITHKLINE BRASIL LTDA;33.247.743/0001-10;0840026251;26/06/2025;TODAS
hemitartarato de zolpidem;SANDOZ DO BRASIL INDÚSTRIA FARMACÊUTICA LTDA;61.286.647/0001-16;1607746247;25/11/2024;TODAS
KEFAZOL;ANTIBIÓTICOS DO BRASIL LTDA;05.439.635/0001-03;1558919216;23/04/2021;TODAS
KEFLIN NEUTRO;ANTIBIÓTICOS DO BRASIL LTDA;05.439.635/0001-03;1514295217;20/04/2021;TODAS
MAXALT;ORGANON FARMACÊUTICA LTDA.;45.987.013/0001-34;0751425257;03/06/2025;TODAS
NOVOCILIN;ACHÉ LABORATÓRIOS FARMACÊUTICOS S.A;60.659.463/0029-92;1595153241;21/11/2024;TODAS
SINVASTACOR;SANDOZ DO BRASIL INDÚSTRIA FARMACÊUTICA LTDA;61.286.647/0001-16;0103254251;23/01/2025;TODAS
STAVIGILE;LIBBS FARMACÊUTICA LTDA;61.230.314/0001-75;1498435246;31/10/2024;TODAS
ASPIRINA PREVENT;BAYER S.A.;18.459.628/0001-15;0475702255;07/04/2025;TODAS
PROZAC;ELI LILLY DO BRASIL LTDA;43.940.618/0001-44;2479537226;20/04/2022;TODAS
COZAAR;ORGANON FARMACÊUTICA LTDA.;45.987.013/0001-34;0554277255;24/04/2025;TODAS
NOLVADEX;ASTRAZENECA DO BRASIL LTDA;60.318.797/0001-00;1021563251;08/08/2025;TODAS
DIPROPIONATO DE BETAMETASONA + ÁCIDO SALICÍLICO;EMS S/A;57.507.378/0003-65;4868021222;26/10/2022;TODAS
MATER FOLIC;FARMOQUÍMICA S/A;33.349.473/0001-58;1076124232;09/10/2023;TODAS
OMEPRAZOL SÓDICO;EUROFARMA LABORATÓRIOS S.A.;61.190.096/0001-92;4682820222;13/09/2022;TODAS
FLUIBRON;CHIESI FARMACÊUTICA LTDA;61.363.032/0001-46;0038802252;10/01/2025;TODAS
MIRTAX;ACHÉ LABORATÓRIOS FARMACÊUTICOS S.A;60.659.463/0029-92;0033343250;09/01/2025;TODAS
RELESTAT;ALLERGAN PRODUTOS FARMACÊUTICOS LTDA;43.426.626/0001-77;0574196234;05/06/2023;TODAS
SOMALIUM;ACHÉ LABORATÓRIOS FARMACÊUTICOS S.A;60.659.463/0029-92;0158362233;15/02/2023;TODAS
PARACETAMOL;HIPOLABOR FARMACEUTICA LTDA;19.570.720/0001-10;3958833205;11/11/2020;TODAS
cetoconazol;PRATI DONADUZZI & CIA LTDA;73.856.593/0001-66;1140302201;15/04/2020;TODAS
desogestrel + etinilestradiol;EUROFARMA LABORATÓRIOS S.A.;61.190.096/0001-92;0651925223;22/02/2022;TODAS
cloridrato de verapamil;PRATI DONADUZZI & CIA LTDA;73.856.593/0001-66;0514410221;11/02/2022;TODAS
FINASTERIDA;EMS S/A;57.507.378/0003-65;0189382252;11/02/2025;TODAS
DIANEAL PD-2;BAXTER HOSPITALAR LTDA;49.351.786/0002-61;0674238249;21/05/2024;TODAS
FINASTERIDA;EMS S/A;57.507.378/0003-65;0630123250;09/05/2025;TODAS
CLORIDRATO DE PROPRANOLOL;EMS S/A;57.507.378/0003-65;0938090259;21/07/2025;TODAS
ABLOK PLUS;BIOLAB SANUS FARMACÊUTICA LTDA;49.475.833/0001-06;0556857259;25/04/2025;TODAS
ISORDIL;EMS SIGMA PHARMA LTDA;00.923.140/0001-31;4728243222;22/09/2022;TODAS
BECLOSOL;GLAXOSMITHKLINE BRASIL LTDA;33.247.743/0001-10;0360984258;18/03/2025;TODAS
Glibenclamida;EMS S/A;57.507.378/0003-65;0289070252;28/02/2025;TODAS
DOLAMIN FLEX;FARMOQUÍMICA S/A;33.349.473/0001-58;0684061244;22/05/2024;TODAS
LIPURO;LABORATORIOS B. BRAUN S/A;31.673.254/0001-02;1058292251;13/08/2025;TODAS
cloridrato de tramadol;UNIÃO QUÍMICA FARMACÊUTICA NACIONAL S/A;60.665.981/0001-18;1585445240;19/11/2024;TODAS
cloridrato de propranolol;UNIÃO QUÍMICA FARMACÊUTICA NACIONAL S/A;60.665.981/0001-18;0753436256;04/06/2025;TODAS
CIPROLIP;UCI - FARMA INDÚSTRIA FARMACÊUTICA LTDA;48.396.378/0001-82;0314142190;08/04/2019;TODAS
PANTOPRAZOL;EUROFARMA LABORATÓRIOS S.A.;61.190.096/0001-92;0669757250;19/05/2025;TODAS
DIVIDOL;ZAMBON LABORATÓRIOS FARMACÊUTICOS LTDA.;61.100.004/0001-36;1456906232;21/12/2023;TODAS
VITAXON C;AIRELA INDÚSTRIA FARMACÊUTICA LTDA.;01.858.973/0001-29;2290841202;15/07/2020;TODAS
CLORDILON;VITAMEDIC INDUSTRIA FARMACEUTICA LTDA;30.222.814/0001-31;4828736221;17/10/2022;TODAS
DIPIMED;MEDQUIMICA INDUSTRIA FARMACEUTICA LTDA.;17.875.154/0001-20;0478172257;07/04/2025;TODAS
PSOREX;GLAXOSMITHKLINE BRASIL LTDA;33.247.743/0001-10;0045629251;13/01/2025;TODAS
CLOTRIMAZOL + ACETATO DE DEXAMETASONA;PRATI DONADUZZI & CIA LTDA;73.856.593/0001-66;0001168151;02/01/2015;TODAS
LEUCOGEN;ACHÉ LABORATÓRIOS FARMACÊUTICOS S.A;60.659.463/0029-92;1148054251;27/08/2025;TODAS
COMPAZ;CRISTÁLIA PRODUTOS QUÍMICOS FARMACÊUTICOS LTDA.;44.734.671/0001-51;0932715257;18/07/2025;TODAS
AVODART;GLAXOSMITHKLINE BRASIL LTDA;33.247.743/0001-10;0935038256;18/07/2025;TODAS
ALCYTAM;TORRENT DO BRASIL LTDA;33.078.528/0001-32;0066683246;18/01/2024;TODAS
CLORETO DE SODIO;FARMACE INDÚSTRIA QUÍMICO-FARMACÊUTICA CEARENSE LTDA;06.628.333/0001-46;0558788246;29/04/2024;TODAS
PACLITAXEL;EUROFARMA LABORATÓRIOS S.A.;61.190.096/0001-92;2713941229;12/05/2022;TODAS
AROPAX;GLAXOSMITHKLINE BRASIL LTDA;33.247.743/0001-10;0445953250;01/04/2025;TODAS
ACETILCISTEÍNA;PRATI DONADUZZI & CIA LTDA;73.856.593/0001-66;1281295161;18/02/2016;TODAS
FLIXOTIDE;GLAXOSMITHKLINE BRASIL LTDA;33.247.743/0001-10;1719745242;17/12/2024;TODAS
PENTOXIFILINA;EMS S/A;57.507.378/0003-65;4943577229;16/11/2022;TODAS
Valerato Betametasona;GERMED FARMACEUTICA LTDA;45.992.062/0001-65;1152399241;22/08/2024;TODAS
KEFADIM;ANTIBIÓTICOS DO BRASIL LTDA;05.439.635/0001-03;4975556227;24/11/2022;TODAS
CLORIDRATO DE BROMEXINA;PRATI DONADUZZI & CIA LTDA;73.856.593/0001-66;1323899160;03/03/2016;TODAS
ceftriaxona dissódica hemieptaidratada;EUROFARMA LABORATÓRIOS S.A.;61.190.096/0001-92;1182463258;05/09/2025;TODAS
AEROFRIN;PHARMASCIENCE INDUSTRIA FARMACEUTICA S.A;25.773.037/0001-83;1178826252;04/09/2025;TODAS
SENEBEN;AIRELA INDÚSTRIA FARMACÊUTICA LTDA.;01.858.973/0001-29;0500195234;17/05/2023;TODAS
IFOSFAMIDA;EUROFARMA LABORATÓRIOS S.A.;61.190.096/0001-92;1263444245;13/09/2024;TODAS
VENLIFT OD;TORRENT DO BRASIL LTDA;33.078.528/0001-32;1501757245;31/10/2024;TODAS
DARAPRIM;FARMOQUÍMICA S/A;33.349.473/0001-58;1360031235;01/12/2023;TODAS
AMOXICILINA;EMS S/A;57.507.378/0003-65;0154392251;04/02/2025;TODAS
MEROPENÉM;EUROFARMA LABORATÓRIOS S.A.;61.190.096/0001-92;1311190244;24/09/2024;TODAS
GANCICLOVIR SODICO;EUROFARMA LABORATÓRIOS S.A.;61.190.096/0001-92;4158730210;21/10/2021;TODAS
MAREVAN;FARMOQUÍMICA S/A;33.349.473/0001-58;0606796240;07/05/2024;TODAS
MELOXICAM;EMS S/A;57.507.378/0003-65;1011296250;06/08/2025;TODAS
KEFTRON;ANTIBIÓTICOS DO BRASIL LTDA;05.439.635/0001-03;0032011245;10/01/2024;TODAS
RITALINA;NOVARTIS BIOCIENCIAS S.A;56.994.502/0001-30;0553903250;24/04/2025;TODAS
KEFOX;ANTIBIÓTICOS DO BRASIL LTDA;05.439.635/0001-03;0708178212;22/02/2021;TODAS
ROPI;CRISTÁLIA PRODUTOS QUÍMICOS FARMACÊUTICOS LTDA.;44.734.671/0001-51;1112279253;18/08/2025;TODAS
ALPRAZOLAM;EMS S/A;57.507.378/0003-65;4415725228;12/07/2022;TODAS
TEOLONG;ABBOTT LABORATÓRIOS DO BRASIL LTDA;56.998.701/0001-16;0833297252;25/06/2025;TODAS
acebrofilina;EMS S/A;57.507.378/0003-65;0547228252;23/04/2025;TODAS
acebrofilina;GERMED FARMACEUTICA LTDA;45.992.062/0001-65;0547264259;23/04/2025;TODAS
CERNE-12;BAXTER HOSPITALAR LTDA;49.351.786/0002-61;0221630236;06/03/2023;TODAS
BEZAFIBRATO;EMS S/A;57.507.378/0003-65;1153624257;28/08/2025;TODAS
PAMIDRONATO DISSÓDICO;EUROFARMA LABORATÓRIOS S.A.;61.190.096/0001-92;2696495220;09/05/2022;TODAS
AMOXICILINA;UNIÃO QUÍMICA FARMACÊUTICA NACIONAL S/A;60.665.981/0001-18;0878878254;04/07/2025;TODAS
CYSTEX;EMS S/A;57.507.378/0003-65;1006388257;05/08/2025;TODAS
DIGESTINA;UNIÃO QUÍMICA FARMACÊUTICA NACIONAL S/A;60.665.981/0001-18;0609533258;06/05/2025;TODAS
PROSTOKOS;INFAN INDUSTRIA QUIMICA FARMACEUTICA NACIONAL S/A;08.939.548/0001-03;2207468206;09/07/2020;TODAS
CITALOPRAM;ZYDUS NIKKHO FARMACÊUTICA LTDA;05.254.971/0001-81;0465873251;04/04/2025;TODAS
BESILATO DE ANLODIPINO;CRISTÁLIA PRODUTOS QUÍMICOS FARMACÊUTICOS LTDA.;44.734.671/0001-51;0105443191;04/02/2019;TODAS
ÁGUA PARA INJETÁVEIS;Samtec Biotecnologia Limitada;04.459.117/0001-99;0604353194;10/07/2019;TODAS
FLUTIVATE;GLAXOSMITHKLINE BRASIL LTDA;33.247.743/0001-10;1169134254;02/09/2025;TODAS
PILOCARPINA;ALLERGAN PRODUTOS FARMACÊUTICOS LTDA;43.426.626/0001-77;4353586220;28/06/2022;TODAS
FENOCRIS;CRISTÁLIA PRODUTOS QUÍMICOS FARMACÊUTICOS LTDA.;44.734.671/0001-51;4365838229;30/06/2022;TODAS
GLIFAGE;MERCK S/A;33.069.212/0001-84;0764899252;06/06/2025;TODAS
OXYDERME;CIFARMA CIENTÍFICA FARMACÊUTICA LTDA;17.562.075/0001-69;0840413254;26/06/2025;TODAS
LACTULONA;DAIICHI SANKYO BRASIL FARMACÊUTICA LTDA;60.874.187/0001-84;1512577243;04/11/2024;TODAS
Meloxicam;EUROFARMA LABORATÓRIOS S.A.;61.190.096/0001-92;0008934231;04/01/2023;TODAS
CRESTOR;ASTRAZENECA DO BRASIL LTDA;60.318.797/0001-00;1021568252;08/08/2025;TODAS
azitromicina;EUROFARMA LABORATÓRIOS S.A.;61.190.096/0001-92;0960931252;23/07/2025;TODAS
CAPTOPRIL;VITAMEDIC INDUSTRIA FARMACEUTICA LTDA;30.222.814/0001-31;2016526179;26/09/2017;TODAS
NIMESULIDA;EUROFARMA LABORATÓRIOS S.A.;61.190.096/0001-92;0609777254;06/05/2025;TODAS
acetonido de triancinolona+sulfato de neomicina+gramicidina+nistatina;EMS S/A;57.507.378/0003-65;5028539227;08/12/2022;TODAS
ACETONIDO DE TRIANCINOLONA+SULFATO DE NEOMICINA+GRAMICIDINA+NISTATINA;EMS S/A;57.507.378/0003-65;0414562259;26/03/2025;TODAS
VACINA SARAMPO, CAXUMBA, RUBÉOLA (Atenuada);FUNDAÇÃO OSWALDO CRUZ;33.781.055/0001-35;1013523229;11/03/2022;TODAS
CEFALOTIL;UNIÃO QUÍMICA FARMACÊUTICA NACIONAL S/A;60.665.981/0001-18;1785647167;20/05/2016;TODAS
diclofenaco dietilamônio;GERMED FARMACEUTICA LTDA;45.992.062/0001-65;1560355247;13/11/2024;TODAS
rifamicina sv sódica;EMS S/A;57.507.378/0003-65;0886765242;28/06/2024;TODAS
CLORIDRATO DE METFORMINA;EMS S/A;57.507.378/0003-65;1182560253;05/09/2025;TODAS
VICOG;MARJAN INDÚSTRIA E COMÉRCIO LTDA;60.726.692/0001-81;0793803250;12/06/2025;TODAS
GABAPENTINA;RANBAXY FARMACÊUTICA LTDA;73.663.650/0001-90;0330295184;26/04/2018;TODAS
CLORIDRATO DE AMILORIDA + HIDROCLOROTIAZIDA;EMS S/A;57.507.378/0003-65;1015875254;07/08/2025;TODAS
ALBENDAZOL;EMS S/A;57.507.378/0003-65;0246827246;29/02/2024;TODAS
AMPLACILINA;EUROFARMA LABORATÓRIOS S.A.;61.190.096/0001-92;0971544174;23/05/2017;TODAS
OCTAVI SDOPTIMUM;OCTAPHARMA BRASIL LTDA;02.552.927/0001-60;1142634248;20/08/2024;TODAS
CLORIDRATO DE RANITIDINA;EMS S/A;57.507.378/0003-65;1328980212;07/04/2021;TODAS
OCTAGAM;OCTAPHARMA BRASIL LTDA;02.552.927/0001-60;1403278245;11/10/2024;TODAS
DROXAINE;MEGALABS FARMACEUTICA S.A.;33.026.055/0001-20;0737652250;30/05/2025;TODAS
BETATRINTA;EUROFARMA LABORATÓRIOS S.A.;61.190.096/0001-92;0574909231;06/06/2023;TODAS
nitrato de isoconazol;EMS S/A;57.507.378/0003-65;0284940259;28/02/2025;TODAS
clotrimazol;PRATI DONADUZZI & CIA LTDA;73.856.593/0001-66;1743362162;12/05/2016;TODAS
FLUNARIN;ACHÉ LABORATÓRIOS FARMACÊUTICOS S.A;60.659.463/0029-92;3013557222;19/05/2022;TODAS
OXACILINA SODICA;LABORATÓRIO TEUTO BRASILEIRO S/A;17.159.229/0001-76;0258838248;04/03/2024;TODAS
ACICLOVIR;PRATI DONADUZZI & CIA LTDA;73.856.593/0001-66;1709717246;13/12/2024;TODAS
PRELONE;ACHÉ LABORATÓRIOS FARMACÊUTICOS S.A;60.659.463/0029-92;0257905251;24/02/2025;TODAS
BIOFENAC;ACHÉ LABORATÓRIOS FARMACÊUTICOS S.A;60.659.463/0029-92;0795236255;13/06/2025;TODAS
HIDRAFIX;TAKEDA PHARMA LTDA.;60.397.775/0001-74;2306873166;21/09/2016;TODAS
SOLUÇÃO SALINA BALANCEADA - HALEX ISTAR;HALEX ISTAR INDÚSTRIA FARMACÊUTICA SA;01.571.702/0001-98;4068658202;18/11/2020;TODAS
LAMICTAL;GLAXOSMITHKLINE BRASIL LTDA;33.247.743/0001-10;0793400252;12/06/2025;TODAS
TRILEPTAL;NOVARTIS BIOCIENCIAS S.A;56.994.502/0001-30;0284599255;28/02/2025;TODAS
CLORIDRATO DE LIDOCAÍNA;HIPOLABOR FARMACEUTICA LTDA;19.570.720/0001-10;3882089207;05/11/2020;TODAS
OCTAPLEX;OCTAPHARMA BRASIL LTDA;02.552.927/0001-60;0970635249;16/07/2024;TODAS
ACICLOMED;CIMED INDUSTRIA S.A;02.814.497/0001-07;3882214208;05/11/2020;TODAS
NISTATINA;PRATI DONADUZZI & CIA LTDA;73.856.593/0001-66;1232939242;06/09/2024;TODAS
ACULAR;ALLERGAN PRODUTOS FARMACÊUTICOS LTDA;43.426.626/0001-77;0569918235;05/06/2023;TODAS
FURP-RIFAMPICINA;FUNDAÇÃO PARA O REMÉDIO POPULAR - FURP;43.640.754/0001-19;0726231258;28/05/2025;TODAS
NARAMIG;GLAXOSMITHKLINE BRASIL LTDA;33.247.743/0001-10;1591944244;21/11/2024;TODAS
HIDROCIN;ACHÉ LABORATÓRIOS FARMACÊUTICOS S.A;60.659.463/0029-92;3233112211;17/08/2021;TODAS
ACTIFEDRIN;FARMOQUÍMICA S/A;33.349.473/0001-58;1290534241;19/09/2024;TODAS
TRIDIL;CRISTÁLIA PRODUTOS QUÍMICOS FARMACÊUTICOS LTDA.;44.734.671/0001-51;0908416219;08/03/2021;TODAS
ACHEFLAN;ACHÉ LABORATÓRIOS FARMACÊUTICOS S.A;60.659.463/0029-92;0633201235;21/06/2023;TODAS
METADOXIL;LABORATÓRIOS BALDACCI LTDA;61.150.447/0001-31;0327979259;11/03/2025;TODAS
TEGRETOL;NOVARTIS BIOCIENCIAS S.A;56.994.502/0001-30;1451987242;22/10/2024;TODAS
BENZETACIL;EUROFARMA LABORATÓRIOS S.A.;61.190.096/0001-92;0475430247;15/04/2024;TODAS
DECADRON COLÍRIO;ACHÉ LABORATÓRIOS FARMACÊUTICOS S.A;60.659.463/0029-92;0508373255;14/04/2025;TODAS
DECADRON INJETÁVEL;ACHÉ LABORATÓRIOS FARMACÊUTICOS S.A;60.659.463/0029-92;0570756243;30/04/2024;TODAS
cloridrato de nortriptilina;EUROFARMA LABORATÓRIOS S.A.;61.190.096/0001-92;1278876243;17/09/2024;TODAS
DECADRON NASAL;ACHÉ LABORATÓRIOS FARMACÊUTICOS S.A;60.659.463/0029-92;0463703251;04/04/2025;TODAS
OTOSPORIN;FARMOQUÍMICA S/A;33.349.473/0001-58;1347490248;01/10/2024;TODAS
RITMONORM;ABBOTT LABORATÓRIOS DO BRASIL LTDA;56.998.701/0001-16;0240019253;20/02/2025;TODAS
DEQUADIN;FARMOQUÍMICA S/A;33.349.473/0001-58;4178925203;26/11/2020;TODAS
GLICONATO DE CALCIO 10%;HALEX ISTAR INDÚSTRIA FARMACÊUTICA SA;01.571.702/0001-98;1216239186;28/12/2018;TODAS
valerato de betametasona;PRATI DONADUZZI & CIA LTDA;73.856.593/0001-66;0289671151;23/06/2015;TODAS
ALIMTA;ELI LILLY DO BRASIL LTDA;43.940.618/0001-44;0453832253;02/04/2025;TODAS
DOXOPEG;ADIUM S.A.;55.980.684/0001-27;1101296241;12/08/2024;TODAS
HIXIZINE;THERASKIN FARMACEUTICA LTDA.;61.517.397/0001-88;0812482255;18/06/2025;TODAS
AGUA INGLESA CATARINENSE;LABORATORIO CATARINENSE LTDA;84.684.620/0001-87;0788325256;11/06/2025;TODAS
NITRATO DE ISOCONAZOL;PRATI DONADUZZI & CIA LTDA;73.856.593/0001-66;0750775145;11/09/2014;TODAS
DECADRON;ACHÉ LABORATÓRIOS FARMACÊUTICOS S.A;60.659.463/0029-92;0497612259;10/04/2025;TODAS
RIOPAN PLUS;TAKEDA PHARMA LTDA.;60.397.775/0001-74;0957854214;11/03/2021;TODAS
CAPTOPRIL;LABORATÓRIO TEUTO BRASILEIRO S/A;17.159.229/0001-76;0750610255;03/06/2025;TODAS
NISULID;ACHÉ LABORATÓRIOS FARMACÊUTICOS S.A;60.659.463/0029-92;0322948258;10/03/2025;TODAS
MALEATO DE DEXCLORFENIRAMINA;HIPOLABOR FARMACEUTICA LTDA;19.570.720/0001-10;4257964203;02/12/2020;TODAS
CLORIDRATO DE VERAPAMIL;EMS S/A;57.507.378/0003-65;0320134229;25/01/2022;TODAS
FENTIZOL;ACHÉ LABORATÓRIOS FARMACÊUTICOS S.A;60.659.463/0029-92;0991726251;31/07/2025;TODAS
BIOVIR;GLAXOSMITHKLINE BRASIL LTDA;33.247.743/0001-10;0224831241;26/02/2024;TODAS
PERMENATI;NATIVITA IND. COM. LTDA.;65.271.900/0001-19;0322416221;25/01/2022;TODAS
LORATADINA + SULFATO DE PSEUDOEFEDRINA;GERMED FARMACEUTICA LTDA;45.992.062/0001-65;0378866249;26/03/2024;TODAS
HIPODERME;LABORATÓRIO TEUTO BRASILEIRO S/A;17.159.229/0001-76;1384921172;06/07/2017;TODAS
ENDROSTAN;CELLERA FARMACÊUTICA S.A.;33.173.097/0002-74;0918843243;05/07/2024;TODAS
FLOGORAL;ACHÉ LABORATÓRIOS FARMACÊUTICOS S.A;60.659.463/0029-92;1130212254;21/08/2025;TODAS
TRICOMAX;CAZI QUIMICA FARMACEUTICA INDUSTRIA E COMERCIO LTDA;44.010.437/0001-81;4194893209;27/11/2020;TODAS
fosfato de clindamicina;UNIÃO QUÍMICA FARMACÊUTICA NACIONAL S/A;60.665.981/0001-18;0356840221;28/01/2022;TODAS
VALSARTANA + HIDROCLOROTIAZIDA;TORRENT DO BRASIL LTDA;33.078.528/0001-32;2721227220;13/05/2022;TODAS
desonida;EMS S/A;57.507.378/0003-65;0019904258;07/01/2025;TODAS
BETNOVATE N;GLAXOSMITHKLINE BRASIL LTDA;33.247.743/0001-10;1481716247;29/10/2024;TODAS
cloridrato de verapamil;EMS SIGMA PHARMA LTDA;00.923.140/0001-31;0321172221;25/01/2022;TODAS
GOTAS PRECIOSAS;KLEY HERTZ FARMACEUTICA S.A;92.695.691/0001-03;3164225211;12/08/2021;TODAS
TENOXICAM;EUROFARMA LABORATÓRIOS S.A.;61.190.096/0001-92;0251140253;21/02/2025;TODAS
PANTOGAR;BIOLAB SANUS FARMACÊUTICA LTDA;49.475.833/0001-06;1493431211;19/04/2021;TODAS
DIPROPIONATO DE BETAMETASONA + ÁCIDO SALICÍLICO;PRATI DONADUZZI & CIA LTDA;73.856.593/0001-66;1554538215;23/04/2021;TODAS
diclofenaco resinato;EMS S/A;57.507.378/0003-65;1560559241;13/11/2024;TODAS
DICLOFENACO RESINATO;GERMED FARMACEUTICA LTDA;45.992.062/0001-65;2007845195;19/08/2019;TODAS
meloxicam;ZYDUS NIKKHO FARMACÊUTICA LTDA;05.254.971/0001-81;4548446222;12/08/2022;TODAS
IMUNO BCG;FUNDACAO ATAULPHO DE PAIVA;33.485.939/0001-42;0647084150;22/07/2015;TODAS
BENICAR HCT;DAIICHI SANKYO BRASIL FARMACÊUTICA LTDA;60.874.187/0001-84;0531171256;17/04/2025;TODAS
VASTAREL;LABORATÓRIOS SERVIER DO BRASIL LTDA;42.374.207/0001-76;1390197247;09/10/2024;TODAS
HIZOFITO;INFAN INDUSTRIA QUIMICA FARMACEUTICA NACIONAL S/A;08.939.548/0001-03;0133351178;03/01/2023;TODAS
ASMAFIN;CAZI QUIMICA FARMACEUTICA INDUSTRIA E COMERCIO LTDA;44.010.437/0001-81;4128487209;23/11/2020;TODAS
CLORIDRATO DE TRAMADOL;GERMED FARMACEUTICA LTDA;45.992.062/0001-65;1730639241;18/12/2024;TODAS
MALEATO DE DEXCLORFENIRAMINA;GERMED FARMACEUTICA LTDA;45.992.062/0001-65;1459718241;23/10/2024;TODAS
NAC;EMS SIGMA PHARMA LTDA;00.923.140/0001-31;0677898258;20/05/2025;TODAS
RESFENOL;KLEY HERTZ FARMACEUTICA S.A;92.695.691/0001-03;0218586256;17/02/2025;TODAS
VYTORIN;ORGANON FARMACÊUTICA LTDA.;45.987.013/0001-34;0499045254;11/04/2025;TODAS
PREDNISONA;UNIÃO QUÍMICA FARMACÊUTICA NACIONAL S/A;60.665.981/0001-18;0124584241;01/02/2024;TODAS
TANAKAN;ABBOTT LABORATÓRIOS DO BRASIL LTDA;56.998.701/0001-16;4714975218;30/11/2021;TODAS
cloridrato de ranitidina;FARMACE INDÚSTRIA QUÍMICO-FARMACÊUTICA CEARENSE LTDA;06.628.333/0001-46;2121734203;02/07/2020;TODAS
CLORIDRATO DE NAFAZOLINA;LABORATÓRIO TEUTO BRASILEIRO S/A;17.159.229/0001-76;1205445234;03/11/2023;TODAS
ATENOLOL;EMS S/A;57.507.378/0003-65;0856684252;30/06/2025;TODAS
BACFAR;LABORATÓRIO FARMACÊUTICO ELOFAR LTDA;83.874.628/0001-43;1137534249;20/08/2024;TODAS
FOSFATO DISSÓDICO DE DEXAMETASONA;HIPOLABOR FARMACEUTICA LTDA;19.570.720/0001-10;1476472246;28/10/2024;TODAS
RESFEDRYL;PHARMASCIENCE INDUSTRIA FARMACEUTICA S.A;25.773.037/0001-83;0243902255;20/02/2025;TODAS
TYLALGIN CAF;GEOLAB INDÚSTRIA FARMACÊUTICA S/A;03.485.572/0001-04;0730733254;29/05/2025;TODAS
Propionato de clobetasol;GERMED FARMACEUTICA LTDA;45.992.062/0001-65;1347325247;01/10/2024;TODAS
Cloridrato de diltiazem;EMS S/A;57.507.378/0003-65;1017241252;07/08/2025;TODAS
NEOCAINA;CRISTÁLIA PRODUTOS QUÍMICOS FARMACÊUTICOS LTDA.;44.734.671/0001-51;1133194231;20/10/2023;TODAS
NITRATO DE OXICONAZOL;PRATI DONADUZZI & CIA LTDA;73.856.593/0001-66;0708234147;26/08/2014;TODAS
PROPIONATO DE CLOBETASOL;EMS S/A;57.507.378/0003-65;0428816258;28/03/2025;TODAS
PROPIONATO DE CLOBETASOL;GERMED FARMACEUTICA LTDA;45.992.062/0001-65;1347361243;01/10/2024;TODAS
POZATO UNI;LIBBS FARMACÊUTICA LTDA;61.230.314/0001-75;1536818241;07/11/2024;TODAS
SULFATO DE POLIMIXINA B;EUROFARMA LABORATÓRIOS S.A.;61.190.096/0001-92;1163538256;01/09/2025;TODAS
ZIAGENAVIR;GLAXOSMITHKLINE BRASIL LTDA;33.247.743/0001-10;1182128254;05/09/2025;TODAS
LORAX;PFIZER BRASIL LTDA;61.072.393/0001-33;0676452248;21/05/2024;TODAS
cloridrato de paroxetina;ZYDUS NIKKHO FARMACÊUTICA LTDA;05.254.971/0001-81;0705467252;24/05/2025;TODAS
cloridrato de ambroxol;PRATI DONADUZZI & CIA LTDA;73.856.593/0001-66;1635005248;29/11/2024;TODAS
LEVEMIR;NOVO NORDISK FARMACÊUTICA DO BRASIL LTDA;82.277.955/0001-55;5095688212;09/12/2021;TODAS
AMOXICILINA + CLAVULANATO DE POTASSIO;EMS S/A;57.507.378/0003-65;1012717259;06/08/2025;TODAS
ALBEL;GEOLAB INDÚSTRIA FARMACÊUTICA S/A;03.485.572/0001-04;1585741248;19/11/2024;TODAS
KURAMED;CIMED INDUSTRIA S.A;02.814.497/0001-07;0876218257;03/07/2025;TODAS
VALPROATO DE SODIO;LABORATÓRIO TEUTO BRASILEIRO S/A;17.159.229/0001-76;0228837251;18/02/2025;TODAS
SECNIDAZOL;LABORATÓRIO TEUTO BRASILEIRO S/A;17.159.229/0001-76;3765745219;23/09/2021;TODAS
CLOTRIMAZOL;LABORATÓRIO TEUTO BRASILEIRO S/A;17.159.229/0001-76;0764461212;26/02/2021;TODAS
DIGOXINA;LABORATÓRIO TEUTO BRASILEIRO S/A;17.159.229/0001-76;0681692251;21/05/2025;TODAS
ANNITA;FARMOQUÍMICA S/A;33.349.473/0001-58;0683251244;22/05/2024;TODAS
LORITIL;GEOLAB INDÚSTRIA FARMACÊUTICA S/A;03.485.572/0001-04;3148134195;14/11/2019;TODAS
BIBAG;FRESENIUS MEDICAL CARE LTDA;01.440.590/0001-36;1504355245;01/11/2024;TODAS
ALFAEPOETINA;FUNDAÇÃO OSWALDO CRUZ;33.781.055/0001-35;2431851214;23/06/2021;TODAS
CLORIDRATO DE BUPIVACAÍNA;HYPOFARMA - INSTITUTO DE HYPODERMIA E FARMÁCIA LTDA;17.174.657/0001-78;0250504235;13/03/2023;TODAS
CLORIDRATO DE CIPROFLOXACINO;ZYDUS NIKKHO FARMACÊUTICA LTDA;05.254.971/0001-81;0004316231;03/01/2023;TODAS
PROPIONATO DE CLOBETASOL;LABORATÓRIO TEUTO BRASILEIRO S/A;17.159.229/0001-76;0552471259;24/04/2025;TODAS
TOBRAMINA;ANTIBIÓTICOS DO BRASIL LTDA;05.439.635/0001-03;1443200215;15/04/2021;TODAS
CEFALEXINA;GERMED FARMACEUTICA LTDA;45.992.062/0001-65;0224039245;26/02/2024;TODAS
CLORIDRATO DE DOBUTAMINA;HIPOLABOR FARMACEUTICA LTDA;19.570.720/0001-10;1563462249;13/11/2024;TODAS
PÍLULAS DE ERVA DE BICHO COMPOSTAS IMESCARD;LABORATÓRIOS OSÓRIO DE MORAES LTDA;19.791.813/0001-75;1476512248;28/10/2024;TODAS
EPIVIR;GLAXOSMITHKLINE BRASIL LTDA;33.247.743/0001-10;0706440242;27/05/2024;TODAS
Bicarbonato de Sódio;HYPOFARMA - INSTITUTO DE HYPODERMIA E FARMÁCIA LTDA;17.174.657/0001-78;1524215213;21/04/2021;TODAS
UNI-CLONAZEPAX;UNIÃO QUÍMICA FARMACÊUTICA NACIONAL S/A;60.665.981/0001-18;4288912200;04/12/2020;TODAS
ALFAINTERFERONA 2b;FUNDAÇÃO OSWALDO CRUZ;33.781.055/0001-35;1643481211;29/04/2021;TODAS
BICARBONATO DE SÓDIO - FARMACE;FARMACE INDÚSTRIA QUÍMICO-FARMACÊUTICA CEARENSE LTDA;06.628.333/0001-46;0214653242;23/02/2024;TODAS
PROPESS;LABORATÓRIOS FERRING LTDA;74.232.034/0001-48;1193161240;29/08/2024;TODAS
DIAMOX;UNIÃO QUÍMICA FARMACÊUTICA NACIONAL S/A;60.665.981/0001-18;0267521251;25/02/2025;TODAS
VITAMINA C INJETÁVEL;FARMACE INDÚSTRIA QUÍMICO-FARMACÊUTICA CEARENSE LTDA;06.628.333/0001-46;0215010248;23/02/2024;TODAS
BROMIDRATO DE FENOTEROL;PRATI DONADUZZI & CIA LTDA;73.856.593/0001-66;0249783192;20/03/2019;TODAS
FLUCONAZOL;ZYDUS NIKKHO FARMACÊUTICA LTDA;05.254.971/0001-81;0815162138;26/09/2013;TODAS
SOLUÇÃO GLICOFISIOLÓGICA EQUIPLEX;EQUIPLEX INDÚSTRIA FARMACÊUTICA LTDA;01.784.792/0001-03;0953346251;22/07/2025;TODAS
CETOCONAZOL;EMS S/A;57.507.378/0003-65;0088041255;21/01/2025;TODAS
triancinolona acetonida;PRATI DONADUZZI & CIA LTDA;73.856.593/0001-66;0810417251;17/06/2025;TODAS
TROMBOFOB GEL;ABBOTT LABORATÓRIOS DO BRASIL LTDA;56.998.701/0001-16;0056348258;15/01/2025;TODAS
MUCOFAN;UNIÃO QUÍMICA FARMACÊUTICA NACIONAL S/A;60.665.981/0001-18;0015836240;05/01/2024;TODAS
ECASIL-81;BIOLAB SANUS FARMACÊUTICA LTDA;49.475.833/0001-06;1557085211;23/04/2021;TODAS
anastrozol;EUROFARMA LABORATÓRIOS S.A.;61.190.096/0001-92;1322704244;26/09/2024;TODAS
TYGACIL;PFIZER BRASIL LTDA;61.072.393/0001-33;1718762241;17/12/2024;TODAS
adapaleno;GERMED FARMACEUTICA LTDA;45.992.062/0001-65;0155541251;04/02/2025;TODAS
ANDROSTEN;HERBARIUM LABORATORIO BOTANICO LTDA;78.950.011/0001-20;3031637216;03/08/2021;TODAS
SULFATO DE TERBUTALINA;UNIÃO QUÍMICA FARMACÊUTICA NACIONAL S/A;60.665.981/0001-18;0681734203;06/03/2020;TODAS
butilbrometo de escopolamina + dipirona sódica;FARMACE INDÚSTRIA QUÍMICO-FARMACÊUTICA CEARENSE LTDA;06.628.333/0001-46;0215160240;23/02/2024;TODAS
BIOVICERIN;GEYER MEDICAMENTOS S.A.;92.670.801/0001-82;1217858216;30/03/2021;TODAS
AMINOFILINA;HIPOLABOR FARMACEUTICA LTDA;19.570.720/0001-10;1557189242;12/11/2024;TODAS
MONONITRATO DE ISOSSORBIDA;ZYDUS NIKKHO FARMACÊUTICA LTDA;05.254.971/0001-81;1113287250;18/08/2025;TODAS
BROMETO DE IPRATRÓPIO;LABORATÓRIO TEUTO BRASILEIRO S/A;17.159.229/0001-76;0682238252;21/05/2025;TODAS
CORDIL;LABORATÓRIO TEUTO BRASILEIRO S/A;17.159.229/0001-76;0592803236;12/06/2023;TODAS
sulfato de neomicina + bacitracina zíncica;PRATI DONADUZZI & CIA LTDA;73.856.593/0001-66;1252209240;11/09/2024;TODAS
dipirona monoidratada;HIPOLABOR FARMACEUTICA LTDA;19.570.720/0001-10;0839987234;10/08/2023;TODAS
nistatina;THEODORO F SOBRAL & CIA LTDA;06.597.801/0001-62;0855200182;31/08/2018;TODAS
CPHD GENIUS;FRESENIUS MEDICAL CARE LTDA;01.440.590/0001-36;1627485244;28/11/2024;TODAS
clonazepam;EMS S/A;57.507.378/0003-65;0971505250;25/07/2025;TODAS
ACETILCISTEÍNA;PRATI DONADUZZI & CIA LTDA;73.856.593/0001-66;0706526236;10/07/2023;TODAS
DIPIRONA;LABORATÓRIO TEUTO BRASILEIRO S/A;17.159.229/0001-76;0528832255;17/04/2025;TODAS
CLORIDRATO DE CLINDAMICINA;LABORATÓRIO TEUTO BRASILEIRO S/A;17.159.229/0001-76;0510691251;14/04/2025;TODAS
mesalazina;EMS S/A;57.507.378/0003-65;0925635251;16/07/2025;TODAS
mesalazina;GERMED FARMACEUTICA LTDA;45.992.062/0001-65;0661989241;17/05/2024;TODAS
cloridrato de fluoxetina;GERMED FARMACEUTICA LTDA;45.992.062/0001-65;0088592251;21/01/2025;TODAS
Pomada de Erva de Bicho Adrenalina e Hamamélis Composta Imescard;LABORATÓRIOS OSÓRIO DE MORAES LTDA;19.791.813/0001-75;0555217230;31/05/2023;TODAS
MEBENIX;CIMED INDUSTRIA S.A;02.814.497/0001-07;0300943172;23/02/2017;TODAS
mesilato de doxazosina;EMS S/A;57.507.378/0003-65;1001760255;04/08/2025;TODAS
Fenitoína;LABORATÓRIO TEUTO BRASILEIRO S/A;17.159.229/0001-76;0617461252;07/05/2025;TODAS
SULFATO DE GENTAMICINA;HIPOLABOR FARMACEUTICA LTDA;19.570.720/0001-10;1600809243;22/11/2024;TODAS
levofloxacino;EMS S/A;57.507.378/0003-65;0569405254;28/04/2025;TODAS
cloridrato de bupivacaína hiperbárica;HYPOFARMA - INSTITUTO DE HYPODERMIA E FARMÁCIA LTDA;17.174.657/0001-78;1014222257;06/08/2025;TODAS
CARBAMAZEPINA;LABORATÓRIO TEUTO BRASILEIRO S/A;17.159.229/0001-76;0578414252;29/04/2025;TODAS
ISOFLAVINE;HERBARIUM LABORATORIO BOTANICO LTDA;78.950.011/0001-20;4046031212;13/10/2021;TODAS
ACETATO DE DEXAMETASONA;PRATI DONADUZZI & CIA LTDA;73.856.593/0001-66;1257767241;12/09/2024;TODAS
ÁGUA PARA INJEÇÃO;ANTIBIÓTICOS DO BRASIL LTDA;05.439.635/0001-03;0460415176;22/03/2017;TODAS
CLORIDRATO DE METFORMINA;AUROBINDO PHARMA INDÚSTRIA FARMACÊUTICA LIMITADA;04.301.884/0001-75;3748996217;22/09/2021;TODAS
LFM - OFLOXACINO;LABORATÓRIO FARMACÊUTICO DA MARINHA;00.394.502/0071-57;1720128243;17/12/2024;TODAS
GABAPENTINA;EMS S/A;57.507.378/0003-65;1063234239;05/10/2023;TODAS
MARAVILHA CURATIVA DO DR. HUMPHERYS;PINUS INDUSTRIA QUIMICA E FARMACEUTICA LTDA;28.938.645/0001-99;0511353235;19/05/2023;TODAS
ELANI;LIBBS FARMACÊUTICA LTDA;61.230.314/0001-75;0617509255;07/05/2025;TODAS
FENAREN;UNIÃO QUÍMICA FARMACÊUTICA NACIONAL S/A;60.665.981/0001-18;0637803256;12/05/2025;TODAS
ERITROPOIETINA;CHRON EPIGEN INDÚSTRIA E COMÉRCIO LTDA;04.415.365/0001-38;0243619171;13/02/2017;TODAS
TOPIRAMATO;EMS S/A;57.507.378/0003-65;0651548250;14/05/2025;TODAS
CLORIDRATO DE OXIMETAZOLINA;LABORATÓRIO TEUTO BRASILEIRO S/A;17.159.229/0001-76;2842943210;21/07/2021;TODAS
BROMIDRATO DE FENOTEROL;LABORATÓRIO TEUTO BRASILEIRO S/A;17.159.229/0001-76;2807749216;19/07/2021;TODAS
OTO BETNOVATE;FARMOQUÍMICA S/A;33.349.473/0001-58;1419444247;16/10/2024;TODAS
DORSPAN;EMS S/A;57.507.378/0003-65;0988251256;30/07/2025;TODAS
AMOXIL;GLAXOSMITHKLINE BRASIL LTDA;33.247.743/0001-10;0709680252;26/05/2025;TODAS
DOBUTREX;ANTIBIÓTICOS DO BRASIL LTDA;05.439.635/0001-03;1445458211;15/04/2021;TODAS
DESONIDA;GERMED FARMACEUTICA LTDA;45.992.062/0001-65;1423607244;16/10/2024;TODAS
NITRAZEPAM (PORT 344/98 LISTA B1);GERMED FARMACEUTICA LTDA;45.992.062/0001-65;0767646240;07/06/2024;TODAS
PARKIDOPA;CRISTÁLIA PRODUTOS QUÍMICOS FARMACÊUTICOS LTDA.;44.734.671/0001-51;0539694258;22/04/2025;TODAS
XOLAIR;NOVARTIS BIOCIENCIAS S.A;56.994.502/0001-30;0653557256;14/05/2025;TODAS
TENADREN;EMS SIGMA PHARMA LTDA;00.923.140/0001-31;1011219255;06/08/2025;TODAS
DICLOFENACO COLESTIRAMINA;GERMED FARMACEUTICA LTDA;45.992.062/0001-65;1088966250;15/08/2025;TODAS
nitrato de oxiconazol;PRATI DONADUZZI & CIA LTDA;73.856.593/0001-66;0526994258;17/04/2025;TODAS
DIPRIN;GEOLAB INDÚSTRIA FARMACÊUTICA S/A;03.485.572/0001-04;0545669251;23/04/2025;TODAS
ANDANTOL;ACHÉ LABORATÓRIOS FARMACÊUTICOS S.A;60.659.463/0029-92;0328453251;11/03/2025;TODAS
URSACOL;ZAMBON LABORATÓRIOS FARMACÊUTICOS LTDA.;61.100.004/0001-36;1024718247;26/07/2024;TODAS
ZYRTEC;GLAXOSMITHKLINE BRASIL LTDA;33.247.743/0001-10;0045600252;13/01/2025;TODAS
CLORIDRATO DE METOCLOPRAMIDA;LABORATÓRIO TEUTO BRASILEIRO S/A;17.159.229/0001-76;0196043255;12/02/2025;TODAS
DOLOSAL;CRISTÁLIA PRODUTOS QUÍMICOS FARMACÊUTICOS LTDA.;44.734.671/0001-51;1055965215;18/03/2021;TODAS
MALEATO DE DEXCLORFENIRAMINA + BETAMETASONA;UNIÃO QUÍMICA FARMACÊUTICA NACIONAL S/A;60.665.981/0001-18;1035380242;30/07/2024;TODAS
fenobarbital;UNIÃO QUÍMICA FARMACÊUTICA NACIONAL S/A;60.665.981/0001-18;0438362250;31/03/2025;TODAS
CICATRENE;FARMOQUÍMICA S/A;33.349.473/0001-58;2253474171;01/12/2017;TODAS
KEROXIME;ANTIBIÓTICOS DO BRASIL LTDA;05.439.635/0001-03;1408127245;14/10/2024;TODAS
VELCADE;JANSSEN-CILAG FARMACÊUTICA LTDA;51.780.468/0001-87;1179526244;28/08/2024;TODAS
DICLOFENACO COLESTIRAMINA;EMS S/A;57.507.378/0003-65;1088920250;15/08/2025;TODAS
GRIPALCÊ;BRASTERAPICA PHARMACEUTICA LTDA.;46.179.008/0001-68;1007344253;05/08/2025;TODAS
BIALERGE;LABORATÓRIO FARMACÊUTICO ELOFAR LTDA;83.874.628/0001-43;1159020256;29/08/2025;TODAS
losartana potássica;EUROFARMA LABORATÓRIOS S.A.;61.190.096/0001-92;0773629254;09/06/2025;TODAS
MALVATRICIN;MEGALABS FARMACEUTICA S.A.;33.026.055/0001-20;0093887230;30/01/2023;TODAS
LEVOZINE;CRISTÁLIA PRODUTOS QUÍMICOS FARMACÊUTICOS LTDA.;44.734.671/0001-51;0539089257;22/04/2025;TODAS
ESMERON;MERCK SHARP & DOHME FARMACEUTICA LTDA.;03.560.974/0001-18;0024595250;08/01/2025;TODAS
ANDROCORTIL;LABORATÓRIO TEUTO BRASILEIRO S/A;17.159.229/0001-76;0617902259;07/05/2025;TODAS
FUNED- Dexclorfeniramina;FUNDAÇÃO EZEQUIEL DIAS - FUNED;17.503.475/0001-01;3813006212;27/09/2021;TODAS
MERACILINA;ACHÉ LABORATÓRIOS FARMACÊUTICOS S.A;60.659.463/0029-92;1041259210;17/03/2021;TODAS
EMISTIN;EMS S/A;57.507.378/0003-65;1177514257;04/09/2025;TODAS
TENSURIL;CRISTÁLIA PRODUTOS QUÍMICOS FARMACÊUTICOS LTDA.;44.734.671/0001-51;0940670211;10/03/2021;TODAS
BESILATO DE ANLODIPINO;EMS S/A;57.507.378/0003-65;1438291248;18/10/2024;TODAS
PILULAS DE LUSSEN;LABORATÓRIOS OSÓRIO DE MORAES LTDA;19.791.813/0001-75;1476502242;28/10/2024;TODAS
maleato de dexclorfeniramina;EMS S/A;57.507.378/0003-65;0603000258;05/05/2025;TODAS
DICLAC;SANDOZ DO BRASIL INDÚSTRIA FARMACÊUTICA LTDA;61.286.647/0001-16;4982959226;25/11/2022;TODAS
DIPROPIONATO DE BETAMETASONA + ÁCIDO SALICÍLICO;PRATI DONADUZZI & CIA LTDA;73.856.593/0001-66;4677887225;12/09/2022;TODAS
cloridrato de granisetrona;EUROFARMA LABORATÓRIOS S.A.;61.190.096/0001-92;1481782223;01/04/2022;TODAS
RAPILAX;KLEY HERTZ FARMACEUTICA S.A;92.695.691/0001-03;0240976213;19/01/2021;TODAS
PAMERGAN;CRISTÁLIA PRODUTOS QUÍMICOS FARMACÊUTICOS LTDA.;44.734.671/0001-51;0183768256;10/02/2025;TODAS
SOLUCAO DE GLICOSE;EQUIPLEX INDÚSTRIA FARMACÊUTICA LTDA;01.784.792/0001-03;0437273253;31/03/2025;TODAS
FLUXENE;EUROFARMA LABORATÓRIOS S.A.;61.190.096/0001-92;0797791256;13/06/2025;TODAS
BACTROPIN;CIMED INDUSTRIA S.A;02.814.497/0001-07;0741197209;11/03/2020;TODAS
SELOKEN;ASTRAZENECA DO BRASIL LTDA;60.318.797/0001-00;0805996257;17/06/2025;TODAS
AEROLIN;GLAXOSMITHKLINE BRASIL LTDA;33.247.743/0001-10;1144316251;26/08/2025;TODAS
IBUPRIL;LABORATÓRIO TEUTO BRASILEIRO S/A;17.159.229/0001-76;1731676247;18/12/2024;TODAS
CICLO 21;UNIÃO QUÍMICA FARMACÊUTICA NACIONAL S/A;60.665.981/0001-18;1624886248;27/11/2024;TODAS
DEPAKENE;ABBOTT LABORATÓRIOS DO BRASIL LTDA;56.998.701/0001-16;1591250242;21/11/2024;TODAS
JP MANITOL;JP INDUSTRIA FARMACEUTICA S/A;55.972.087/0001-50;0801305250;16/06/2025;TODAS
dexametasona;EMS S/A;57.507.378/0003-65;0843974257;27/06/2025;TODAS
CICLOPIROX OLAMINA;PHARLAB INDÚSTRIA FARMACÊUTICA S.A.;02.501.297/0001-02;0793997259;12/06/2025;TODAS
CICLOVULAR;UNIÃO QUÍMICA FARMACÊUTICA NACIONAL S/A;60.665.981/0001-18;1198810246;30/08/2024;TODAS
DICLOFENACO SÓDICO;HYPOFARMA - INSTITUTO DE HYPODERMIA E FARMÁCIA LTDA;17.174.657/0001-78;0672896257;19/05/2025;TODAS
POLIVITAMINAS + SAIS MINERAIS;LABORATÓRIO FARMACÊUTICO VITAMED LTDA;29.346.301/0001-53;0043113143;20/01/2014;TODAS
APETIVAN BC;PHARMASCIENCE INDUSTRIA FARMACEUTICA S.A;25.773.037/0001-83;0213254255;14/02/2025;TODAS
POLVILHO ANTISSÉPTICO GRANADO;CASA GRANADO LABORATÓRIOS, FARMÁCIAS E DROGARIAS S/A;33.109.356/0001-17;0869835254;02/07/2025;TODAS
CLISTEROL;JP INDUSTRIA FARMACEUTICA S/A;55.972.087/0001-50;0897387252;08/07/2025;TODAS
acetonida de triancinolona;EMS S/A;57.507.378/0003-65;4949894226;17/11/2022;TODAS
ALIMAX;CRISTÁLIA PRODUTOS QUÍMICOS FARMACÊUTICOS LTDA.;44.734.671/0001-51;0803078251;16/06/2025;TODAS
ANDRIODERMOL;UNIÃO QUÍMICA FARMACÊUTICA NACIONAL S/A;60.665.981/0001-18;0345483251;14/03/2025;TODAS
DOMPERIDONA;RANBAXY FARMACÊUTICA LTDA;73.663.650/0001-90;1111931259;18/08/2025;TODAS
DIPROPIONATO DE BETAMETASONA + SULFATO DE GENTAMICINA;EMS S/A;57.507.378/0003-65;0645344257;13/05/2025;TODAS
AURIS-SEDINA;LABORATÓRIOS OSÓRIO DE MORAES LTDA;19.791.813/0001-75;0888306245;28/06/2024;TODAS
dipropionato de betametasona + sulfato de gentamicina;GERMED FARMACEUTICA LTDA;45.992.062/0001-65;4911686227;07/11/2022;TODAS
cloridrato de tramadol;GERMED FARMACEUTICA LTDA;45.992.062/0001-65;1730992242;18/12/2024;TODAS
cloridrato de fluoxetina;GERMED FARMACEUTICA LTDA;45.992.062/0001-65;0097524255;23/01/2025;TODAS
dipropionato de betametasona + sulfato de gentamicina;GERMED FARMACEUTICA LTDA;45.992.062/0001-65;4911648228;07/11/2022;TODAS
SINGULAIR;ORGANON FARMACÊUTICA LTDA.;45.987.013/0001-34;0746023251;02/06/2025;TODAS
DIPROPIONATO DE BETAMETASONA;EMS S/A;57.507.378/0003-65;0880979259;04/07/2025;TODAS
Clotrimazol;EMS S/A;57.507.378/0003-65;0058516255;15/01/2025;TODAS
BACTROBAN;GLAXOSMITHKLINE BRASIL LTDA;33.247.743/0001-10;1144323258;26/08/2025;TODAS
CEFALEXINA;AUROBINDO PHARMA INDÚSTRIA FARMACÊUTICA LIMITADA;04.301.884/0001-75;1451959231;20/12/2023;TODAS
LIDOJET;UNIÃO QUÍMICA FARMACÊUTICA NACIONAL S/A;60.665.981/0001-18;1140328255;25/08/2025;TODAS
cloridrato de tramadol;EMS S/A;57.507.378/0003-65;1730849245;18/12/2024;TODAS
NATRILIX;LABORATÓRIOS SERVIER DO BRASIL LTDA;42.374.207/0001-76;0092434240;24/01/2024;TODAS
SERETIDE;GLAXOSMITHKLINE BRASIL LTDA;33.247.743/0001-10;0792410254;12/06/2025;TODAS
Clotrimazol;GERMED FARMACEUTICA LTDA;45.992.062/0001-65;1739692241;19/12/2024;TODAS
Propionato de Clobetasol;PRATI DONADUZZI & CIA LTDA;73.856.593/0001-66;0248845151;20/03/2015;TODAS
GLIBENCLAMIDA;ZYDUS NIKKHO FARMACÊUTICA LTDA;05.254.971/0001-81;1556391210;23/04/2021;TODAS
DEFLAZACORTE;EMS S/A;57.507.378/0003-65;0389481246;28/03/2024;TODAS
ZOLADEX;ASTRAZENECA DO BRASIL LTDA;60.318.797/0001-00;0804768251;16/06/2025;TODAS
CLORIDRATO DE NORTRIPTILINA;RANBAXY FARMACÊUTICA LTDA;73.663.650/0001-90;0023745258;08/01/2025;TODAS
mesilato de doxazosina;RANBAXY FARMACÊUTICA LTDA;73.663.650/0001-90;1066705259;14/08/2025;TODAS
LENIX;APSEN FARMACEUTICA S/A;62.462.015/0001-29;0824460251;23/06/2025;TODAS
TRIANCINOLONA ACETONIDA;GERMED FARMACEUTICA LTDA;45.992.062/0001-65;1263431241;13/09/2024;TODAS
CLORIDRATO DE VANCOMICINA;LABORATÓRIO TEUTO BRASILEIRO S/A;17.159.229/0001-76;0617706255;07/05/2025;TODAS
diclofenaco dietilamônio;PRATI DONADUZZI & CIA LTDA;73.856.593/0001-66;0202509154;06/03/2015;TODAS
BETNOVATE;GLAXOSMITHKLINE BRASIL LTDA;33.247.743/0001-10;1169082254;02/09/2025;TODAS
aminofilina;FARMACE INDÚSTRIA QUÍMICO-FARMACÊUTICA CEARENSE LTDA;06.628.333/0001-46;0472720252;07/04/2025;TODAS
NORDETTE;PFIZER BRASIL LTDA;61.072.393/0001-33;0676846246;21/05/2024;TODAS
POLYTEK-B;OPEM REPRESENTAÇÃO IMPORTADORA EXPORTADORA E DISTRIBUIDORA LTDA;38.909.503/0001-57;2058423167;11/07/2016;TODAS
CLORIDRATO DE VERAPAMIL;LABORATÓRIO TEUTO BRASILEIRO S/A;17.159.229/0001-76;0077260217;07/01/2021;TODAS
Propionato de clobetasol;EMS S/A;57.507.378/0003-65;0924203251;16/07/2025;TODAS
VENLAXIN XR;EUROFARMA LABORATÓRIOS S.A.;61.190.096/0001-92;1388371243;09/10/2024;TODAS
FORTEVIRON;HOMEOPATIA WALDEMIRO PEREIRA LABORATORIO INDUSTRIAL FARMACEUTICO LTDA;76.440.528/0001-43;0310340225;24/01/2022;TODAS
DESONIDA;GERMED FARMACEUTICA LTDA;45.992.062/0001-65;1422953246;16/10/2024;TODAS
FLOGO-ROSA;ACHÉ LABORATÓRIOS FARMACÊUTICOS S.A;60.659.463/0029-92;0939949253;21/07/2025;TODAS
CARBOCISTEÍNA;LABORATÓRIO TEUTO BRASILEIRO S/A;17.159.229/0001-76;2860085211;22/07/2021;TODAS
CORTIDEX;PHARLAB INDÚSTRIA FARMACÊUTICA S.A.;02.501.297/0001-02;0770909256;09/06/2025;TODAS
MECLIN;APSEN FARMACEUTICA S/A;62.462.015/0001-29;0601467256;05/05/2025;TODAS
ARNICA WELEDA;WELEDA DO BRASIL LABORATÓRIO E FARMÁCIA LTDA;56.992.217/0001-80;1200540255;10/09/2025;TODAS
CELERGIN;EMS S/A;57.507.378/0003-65;0601852257;05/05/2025;TODAS
PROSIGNE;CRISTÁLIA PRODUTOS QUÍMICOS FARMACÊUTICOS LTDA.;44.734.671/0001-51;0305916254;06/03/2025;TODAS
FUNED-CAPTOPRIL;FUNDAÇÃO EZEQUIEL DIAS - FUNED;17.503.475/0001-01;0992639149;05/11/2014;TODAS
AZITROLAB;MULTILAB INDUSTRIA E COMERCIO DE PRODUTOS FARMACEUTICOS LTDA;92.265.552/0009-05;2151318160;04/08/2016;TODAS
COLPISTATIN;ACHÉ LABORATÓRIOS FARMACÊUTICOS S.A;60.659.463/0029-92;0456206256;03/04/2025;TODAS
DIAD;CIMED INDUSTRIA S.A;02.814.497/0001-07;0692506250;23/05/2025;TODAS
AZUKON MR;TORRENT DO BRASIL LTDA;33.078.528/0001-32;0346692245;20/03/2024;TODAS
NAPRIX A;LIBBS FARMACÊUTICA LTDA;61.230.314/0001-75;0538644257;22/04/2025;TODAS
NEXCARE;3M DO BRASIL LTDA;45.985.371/0001-08;0576901149;18/07/2014;TODAS
ZOMETA;NOVARTIS BIOCIENCIAS S.A;56.994.502/0001-30;1353118231;30/11/2023;TODAS
SODIX;GEOLAB INDÚSTRIA FARMACÊUTICA S/A;03.485.572/0001-04;0679551255;20/05/2025;TODAS
TYLALGIN;GEOLAB INDÚSTRIA FARMACÊUTICA S/A;03.485.572/0001-04;2656443229;02/05/2022;TODAS
DIUREMIDA;GEOLAB INDÚSTRIA FARMACÊUTICA S/A;03.485.572/0001-04;1667202243;05/12/2024;TODAS
PROCTOCAPS;KLEY HERTZ FARMACEUTICA S.A;92.695.691/0001-03;2551501211;01/07/2021;TODAS
SEACALCIT;LABORATÓRIO QUÍMICO FARMACÊUTICO BERGAMO LTDA;61.282.661/0001-41;0868167240;26/06/2024;TODAS
UNIFEPIM;UNIÃO QUÍMICA FARMACÊUTICA NACIONAL S/A;60.665.981/0001-18;0434912247;05/04/2024;TODAS
MALEATO DE DEXCLORFENIRAMINA + BETAMETASONA;LABORATÓRIO TEUTO BRASILEIRO S/A;17.159.229/0001-76;0458058254;03/04/2025;TODAS
PREVIGRIP;WELEDA DO BRASIL LABORATÓRIO E FARMÁCIA LTDA;56.992.217/0001-80;1193532256;09/09/2025;TODAS
MEDICAÍNA;CRISTÁLIA PRODUTOS QUÍMICOS FARMACÊUTICOS LTDA.;44.734.671/0001-51;2739500211;14/07/2021;TODAS
FLUCANIL;GEOLAB INDÚSTRIA FARMACÊUTICA S/A;03.485.572/0001-04;0548239258;23/04/2025;TODAS
LIPOSIC;BL INDÚSTRIA OTICA LTDA;27.011.022/0001-03;0278890253;27/02/2025;TODAS
GAMAX;INFAN INDUSTRIA QUIMICA FARMACEUTICA NACIONAL S/A;08.939.548/0001-03;2594870169;03/01/2023;TODAS
NARIDRIN;EMS S/A;57.507.378/0003-65;0658220250;15/05/2025;TODAS
ACERATUM;CELLERA FARMACÊUTICA S.A.;33.173.097/0002-74;1143192249;20/08/2024;TODAS
AMOXICILINA;EMS S/A;57.507.378/0003-65;0172740258;07/02/2025;TODAS
CLORIDRATO DE RANITIDINA;LABORATÓRIO TEUTO BRASILEIRO S/A;17.159.229/0001-76;0951430189;01/10/2018;TODAS
CETOPROFENO;EMS S/A;57.507.378/0003-65;0053353251;14/01/2025;TODAS
QUADRINEO;VITAMEDIC INDUSTRIA FARMACEUTICA LTDA;30.222.814/0001-31;0382652190;29/04/2019;TODAS
MALEATO DE DEXCLORFENIRAMINA + BETAMETASONA;PRATI DONADUZZI & CIA LTDA;73.856.593/0001-66;1660472245;04/12/2024;TODAS
TRICORTID;PHARLAB INDÚSTRIA FARMACÊUTICA S.A.;02.501.297/0001-02;0732651255;29/05/2025;TODAS
CLORIDRATO DE CIPROFLOXACINO;AUROBINDO PHARMA INDÚSTRIA FARMACÊUTICA LIMITADA;04.301.884/0001-75;5074455227;20/12/2022;TODAS
DICLIN;MERCK S/A;33.069.212/0001-84;3129485210;10/08/2021;TODAS
GUACOVITA;LABORATÓRIO VITALAB LTDA;56.646.953/0001-86;3925577211;05/10/2021;TODAS
ALERFIN;CHIESI FARMACÊUTICA LTDA;61.363.032/0001-46;2781590223;18/05/2022;TODAS
FRESOFOL;FRESENIUS KABI BRASIL LTDA;49.324.221/0001-04;0848633186;29/08/2018;TODAS
XAROPE DE GUACO HERBARIUM;HERBARIUM LABORATORIO BOTANICO LTDA;78.950.011/0001-20;3113444217;09/08/2021;TODAS
CLORIDRATO DE CLOBUTINOL + SUCCINATO DE DOXILAMINA;UNIÃO QUÍMICA FARMACÊUTICA NACIONAL S/A;60.665.981/0001-18;0312498233;29/03/2023;TODAS
EVIR;CRISTÁLIA PRODUTOS QUÍMICOS FARMACÊUTICOS LTDA.;44.734.671/0001-51;0546194257;23/04/2025;TODAS
CETOPROFENO;CRISTÁLIA PRODUTOS QUÍMICOS FARMACÊUTICOS LTDA.;44.734.671/0001-51;4566592227;17/08/2022;TODAS
GLICAMIN;GEOLAB INDÚSTRIA FARMACÊUTICA S/A;03.485.572/0001-04;0362051259;18/03/2025;TODAS
TELOL;GEOLAB INDÚSTRIA FARMACÊUTICA S/A;03.485.572/0001-04;0542964201;21/02/2020;TODAS
PARATRAM;ADIUM S.A.;55.980.684/0001-27;1437076238;18/12/2023;TODAS
FILGRASTINE;BLAU FARMACÊUTICA S.A.;58.430.828/0001-60;1110814259;18/08/2025;TODAS
cloridrato de irinotecano;EUROFARMA LABORATÓRIOS S.A.;61.190.096/0001-92;0758001258;04/06/2025;TODAS
IRUXOL;ABBOTT LABORATÓRIOS DO BRASIL LTDA;56.998.701/0001-16;1720156247;17/12/2024;TODAS
LORATADINA;PRATI DONADUZZI & CIA LTDA;73.856.593/0001-66;1230792244;06/09/2024;TODAS
PROBENXIL;CIMED INDUSTRIA S.A;02.814.497/0001-07;0020072244;08/01/2024;TODAS
STILL;ALLERGAN PRODUTOS FARMACÊUTICOS LTDA;43.426.626/0001-77;0198915233;28/02/2023;TODAS
CATAFLAM;NOVARTIS BIOCIENCIAS S.A;56.994.502/0001-30;0963309251;23/07/2025;TODAS
EBIX;LUNDBECK BRASIL LTDA;04.522.600/0001-70;1516832218;20/04/2021;TODAS
cloridrato de lidocaína;HIPOLABOR FARMACEUTICA LTDA;19.570.720/0001-10;1616391243;26/11/2024;TODAS
EPREX;JANSSEN-CILAG FARMACÊUTICA LTDA;51.780.468/0001-87;1137430249;20/08/2024;TODAS
clorotalidona;EMS S/A;57.507.378/0003-65;0824897251;23/06/2025;TODAS
STER;UNIÃO QUÍMICA FARMACÊUTICA NACIONAL S/A;60.665.981/0001-18;1181644241;28/08/2024;TODAS
CETROLAC;UNIÃO QUÍMICA FARMACÊUTICA NACIONAL S/A;60.665.981/0001-18;1128492253;21/08/2025;TODAS
besilato de anlodipino;MERCK S/A;33.069.212/0001-84;0431640254;28/03/2025;TODAS
INSETIVAC;LABORATORIO DE EXTRATOS ALERGENICOS LTDA;28.614.626/0001-07;1313699241;24/09/2024;TODAS
CYMEVIR;HALEX ISTAR INDÚSTRIA FARMACÊUTICA SA;01.571.702/0001-98;0322009235;30/03/2023;TODAS
OLINA ESSÊNCIA DE VIDA;LABORATÓRIO WESP LTDA;92.690.999/0001-66;4360183216;04/11/2021;TODAS
MOMENT;APSEN FARMACEUTICA S/A;62.462.015/0001-29;0843616253;27/06/2025;TODAS
CARBOLITIUM;EUROFARMA LABORATÓRIOS S.A.;61.190.096/0001-92;1190059258;08/09/2025;TODAS
NEO DECAPEPTYL;ACHÉ LABORATÓRIOS FARMACÊUTICOS S.A;60.659.463/0029-92;1083856251;15/08/2025;TODAS
VITADERME;CRISTÁLIA PRODUTOS QUÍMICOS FARMACÊUTICOS LTDA.;44.734.671/0001-51;0447123177;20/03/2017;TODAS
CONDROFLEX;ADIUM S.A.;55.980.684/0001-27;0048551244;15/01/2024;TODAS
DIOVAN HCT;NOVARTIS BIOCIENCIAS S.A;56.994.502/0001-30;1189906252;08/09/2025;TODAS
GLAUCOTRAT;UNIÃO QUÍMICA FARMACÊUTICA NACIONAL S/A;60.665.981/0001-18;0788573250;11/06/2025;TODAS
DRUSOLOL;UNIÃO QUÍMICA FARMACÊUTICA NACIONAL S/A;60.665.981/0001-18;1122460252;20/08/2025;TODAS
CRISTALIN;UNIÃO QUÍMICA FARMACÊUTICA NACIONAL S/A;60.665.981/0001-18;0418229244;03/04/2024;TODAS
ENDOCRIS;CRISTÁLIA PRODUTOS QUÍMICOS FARMACÊUTICOS LTDA.;44.734.671/0001-51;0546546170;05/04/2017;TODAS
ADOLESS;FARMOQUÍMICA S/A;33.349.473/0001-58;0228854245;27/02/2024;TODAS
dipirona sódica;EQUIPLEX INDÚSTRIA FARMACÊUTICA LTDA;01.784.792/0001-03;0870598184;05/09/2018;TODAS
DIOSMIN;ACHÉ LABORATÓRIOS FARMACÊUTICOS S.A;60.659.463/0029-92;0712982256;27/05/2025;TODAS
omeprazol;EMS S/A;57.507.378/0003-65;1672048249;06/12/2024;TODAS
TOPCOID;UNIÃO QUÍMICA FARMACÊUTICA NACIONAL S/A;60.665.981/0001-18;0541154257;22/04/2025;TODAS
CLORIDRATO DE FEXOFENADINA;RANBAXY FARMACÊUTICA LTDA;73.663.650/0001-90;1537384244;07/11/2024;TODAS
MEPENOX;INSTITUTO BIOCHIMICO INDÚSTRIA FARMACÊUTICA LTDA;33.258.401/0001-03;0325799253;11/03/2025;TODAS
SORO ANTITETÂNICO;INSTITUTO VITAL BRAZIL S/A;30.064.034/0001-00;0873959256;03/07/2025;TODAS
OMEGAVEN;FRESENIUS KABI BRASIL LTDA;49.324.221/0001-04;5049791227;14/12/2022;TODAS
LACRIFILM;UNIÃO QUÍMICA FARMACÊUTICA NACIONAL S/A;60.665.981/0001-18;1140271253;25/08/2025;TODAS
ONTRAX;BLAU FARMACÊUTICA S.A.;58.430.828/0001-60;1389435245;09/10/2024;TODAS
AMINOFILINA;LABORATÓRIO TEUTO BRASILEIRO S/A;17.159.229/0001-76;0273230255;26/02/2025;TODAS
desogestrel + etinilestradiol;EUROFARMA LABORATÓRIOS S.A.;61.190.096/0001-92;1115138227;15/03/2022;TODAS
INDAPEN SR;TORRENT DO BRASIL LTDA;33.078.528/0001-32;0288541243;08/03/2024;TODAS
OCUPRESS;UNIÃO QUÍMICA FARMACÊUTICA NACIONAL S/A;60.665.981/0001-18;1192624246;29/08/2024;TODAS
RESTASIS;ALLERGAN PRODUTOS FARMACÊUTICOS LTDA;43.426.626/0001-77;0565267230;02/06/2023;TODAS
ULTIDIN;GEOLAB INDÚSTRIA FARMACÊUTICA S/A;03.485.572/0001-04;0414418180;23/05/2018;TODAS
CIMETIDINA;LABORATÓRIO TEUTO BRASILEIRO S/A;17.159.229/0001-76;0552276251;24/04/2025;TODAS
SULFAMETOXAZOL + TRIMETOPRIMA;LABORATÓRIO TEUTO BRASILEIRO S/A;17.159.229/0001-76;1128227240;16/08/2024;TODAS
NEOCAÍNA COM VASOCONSTRITOR;CRISTÁLIA PRODUTOS QUÍMICOS FARMACÊUTICOS LTDA.;44.734.671/0001-51;0973219215;12/03/2021;TODAS
NAPROXENO;LABORATÓRIO TEUTO BRASILEIRO S/A;17.159.229/0001-76;1039261248;30/07/2024;TODAS
ENCRISE;BIOLAB SANUS FARMACÊUTICA LTDA;49.475.833/0001-06;1010728253;06/08/2025;TODAS
CINARIZINA;RANBAXY FARMACÊUTICA LTDA;73.663.650/0001-90;1333122241;27/09/2024;TODAS
BROMETO DE N-BUTILESCOPOLAMINA + DIPIRONA;PRATI DONADUZZI & CIA LTDA;73.856.593/0001-66;0725132157;14/08/2015;TODAS
ATENOLOL + CLORTALIDONA;EMS S/A;57.507.378/0003-65;0889810257;07/07/2025;TODAS
ARTEMIDIS 35;EMS SIGMA PHARMA LTDA;00.923.140/0001-31;0311931251;07/03/2025;TODAS
ARADOIS H;BIOLAB SANUS FARMACÊUTICA LTDA;49.475.833/0001-06;1189302250;08/09/2025;TODAS
LISINOPRIL;EMS S/A;57.507.378/0003-65;4906632220;04/11/2022;TODAS
VALTREX;GLAXOSMITHKLINE BRASIL LTDA;33.247.743/0001-10;0991284259;31/07/2025;TODAS
ALFAEPOETINA;BLAU FARMACÊUTICA S.A.;58.430.828/0001-60;2154988165;24/04/2018;TODAS
DIGOXINA;PRATI DONADUZZI & CIA LTDA;73.856.593/0001-66;1592234211;26/04/2021;TODAS
CRISPRED;CRISTÁLIA PRODUTOS QUÍMICOS FARMACÊUTICOS LTDA.;44.734.671/0001-51;0795374259;13/06/2025;TODAS
PARACETAMOL;HIPOLABOR FARMACEUTICA LTDA;19.570.720/0001-10;0513891214;08/02/2021;TODAS
CLORIDRATO DE VERAPAMIL;GERMED FARMACEUTICA LTDA;45.992.062/0001-65;1257382241;12/09/2024;TODAS
Imunotransferan;LABORATORIO DE EXTRATOS ALERGENICOS LTDA;28.614.626/0001-07;0981766242;18/07/2024;TODAS
CLORIDRATO DE PAROXETINA;EUROFARMA LABORATÓRIOS S.A.;61.190.096/0001-92;0613428251;07/05/2025;TODAS
SYGEN;TRB PHARMA INDÚSTRIA QUÍMICA E FARMACÊUTICA LTDA;61.455.192/0001-15;1360163221;24/03/2022;TODAS
VOLUVEN 6%;FRESENIUS KABI BRASIL LTDA;49.324.221/0001-04;1562809214;23/04/2021;TODAS
ANGINO RUB;EUROFARMA LABORATÓRIOS S.A.;61.190.096/0001-92;0896290247;01/07/2024;TODAS
TIOCONAZOL + TINIDAZOL;GERMED FARMACEUTICA LTDA;45.992.062/0001-65;1012621251;06/08/2025;TODAS
GLIVEC;NOVARTIS BIOCIENCIAS S.A;56.994.502/0001-30;0911830251;11/07/2025;TODAS
OCTALBIN;OCTAPHARMA BRASIL LTDA;02.552.927/0001-60;0776197240;10/06/2024;TODAS
FOSFATO DE CLINDAMICINA;HIPOLABOR FARMACEUTICA LTDA;19.570.720/0001-10;1493855247;30/10/2024;TODAS
ANA - FLEX;CRISTÁLIA PRODUTOS QUÍMICOS FARMACÊUTICOS LTDA.;44.734.671/0001-51;0488677254;09/04/2025;TODAS
CITOCAINA;CRISTÁLIA PRODUTOS QUÍMICOS FARMACÊUTICOS LTDA.;44.734.671/0001-51;0870189210;05/03/2021;TODAS
ZYMAR;ALLERGAN PRODUTOS FARMACÊUTICOS LTDA;43.426.626/0001-77;0543824233;29/05/2023;TODAS
TOBRACORT;UNIÃO QUÍMICA FARMACÊUTICA NACIONAL S/A;60.665.981/0001-18;1572146249;14/11/2024;TODAS
BROMETO DE IPRATRÓPIO;PRATI DONADUZZI & CIA LTDA;73.856.593/0001-66;0473129256;07/04/2025;TODAS
SUCCINIL COLIN;UNIÃO QUÍMICA FARMACÊUTICA NACIONAL S/A;60.665.981/0001-18;1539220222;05/04/2022;TODAS
ANSITEC;LIBBS FARMACÊUTICA LTDA;61.230.314/0001-75;0228495253;18/02/2025;TODAS
GAMALINE V;HERBARIUM LABORATORIO BOTANICO LTDA;78.950.011/0001-20;2877975215;23/07/2021;TODAS
CYLOCORT;UNIÃO QUÍMICA FARMACÊUTICA NACIONAL S/A;60.665.981/0001-18;0467057257;04/04/2025;TODAS
ESPIRONOLACTONA;GERMED FARMACEUTICA LTDA;45.992.062/0001-65;0762049251;05/06/2025;TODAS
espironolactona;EMS S/A;57.507.378/0003-65;1055232257;13/08/2025;TODAS
PREDNISONA;EMS S/A;57.507.378/0003-65;1084358255;15/08/2025;TODAS
GYNOPAC;FARMOQUÍMICA S/A;33.349.473/0001-58;0371020247;25/03/2024;TODAS
DIPROPIONATO DE BETAMETASONA + FOSFATO DISSÓDICO DE BETAMETASONA;BRAINFARMA INDÚSTRIA QUÍMICA E FARMACÊUTICA S.A;05.161.069/0001-10;0161871241;09/02/2024;TODAS
valerato de betametasona + sulfato de gentamicina + tolnaftato + clioquinol;BRAINFARMA INDÚSTRIA QUÍMICA E FARMACÊUTICA S.A;05.161.069/0001-10;0522530152;15/06/2015;TODAS
SULFATO DE TERBUTALINA;PRATI DONADUZZI & CIA LTDA;73.856.593/0001-66;0272375151;27/03/2015;TODAS
LORAZEPAM;GERMED FARMACEUTICA LTDA;45.992.062/0001-65;1133964249;19/08/2024;TODAS
EPITEGEL;BL INDÚSTRIA OTICA LTDA;27.011.022/0001-03;2403088218;21/06/2021;TODAS
GELMAX DIM;EMS S/A;57.507.378/0003-65;0238805247;28/02/2024;TODAS
DUO-DECADRON;ACHÉ LABORATÓRIOS FARMACÊUTICOS S.A;60.659.463/0029-92;3174110190;18/11/2019;TODAS
VARICOSS;CIFARMA CIENTÍFICA FARMACÊUTICA LTDA;17.562.075/0001-69;1539932249;08/11/2024;TODAS
LACIPIL;GLAXOSMITHKLINE BRASIL LTDA;33.247.743/0001-10;0045583251;13/01/2025;TODAS
LISINOPRIL;CRISTÁLIA PRODUTOS QUÍMICOS FARMACÊUTICOS LTDA.;44.734.671/0001-51;0447839178;20/03/2017;TODAS
ALOIS;APSEN FARMACEUTICA S/A;62.462.015/0001-29;1665183241;05/12/2024;TODAS
FAMOX;ACHÉ LABORATÓRIOS FARMACÊUTICOS S.A;60.659.463/0029-92;0583925227;17/02/2022;TODAS
ARTOGLICO;EMS SIGMA PHARMA LTDA;00.923.140/0001-31;0778059235;26/07/2023;TODAS
CASPACIL;CAZI QUIMICA FARMACEUTICA INDUSTRIA E COMERCIO LTDA;44.010.437/0001-81;4382354208;11/12/2020;TODAS
PANTOZOL;TAKEDA PHARMA LTDA.;60.397.775/0001-74;0750843250;03/06/2025;TODAS
omeprazol sódico;CRISTÁLIA PRODUTOS QUÍMICOS FARMACÊUTICOS LTDA.;44.734.671/0001-51;1301836211;05/04/2021;TODAS
CIPRIX;GEOLAB INDÚSTRIA FARMACÊUTICA S/A;03.485.572/0001-04;0377995258;20/03/2025;TODAS
VANCOCINA CP;ANTIBIÓTICOS DO BRASIL LTDA;05.439.635/0001-03;1347549215;08/04/2021;TODAS
DOPROPIZINA;PRATI DONADUZZI & CIA LTDA;73.856.593/0001-66;0747731157;21/08/2015;TODAS
OXITON;UNIÃO QUÍMICA FARMACÊUTICA NACIONAL S/A;60.665.981/0001-18;4872798228;27/10/2022;TODAS
ONTAX;LIBBS FARMACÊUTICA LTDA;61.230.314/0001-75;1053055242;01/08/2024;TODAS
TRADINOL;HIPOLABOR FARMACEUTICA LTDA;19.570.720/0001-10;0303664231;27/03/2023;TODAS
SOLUÇÃO DE CLORETO DE SODIO B.BRAUN;LABORATORIOS B. BRAUN S/A;31.673.254/0001-02;1407530232;11/12/2023;TODAS
hemifumarato de bisoprolol;EMS S/A;57.507.378/0003-65;0965916251;24/07/2025;TODAS
HALO;CRISTÁLIA PRODUTOS QUÍMICOS FARMACÊUTICOS LTDA.;44.734.671/0001-51;0621927244;10/05/2024;TODAS
ELOTIN;LABORATÓRIO FARMACÊUTICO ELOFAR LTDA;83.874.628/0001-43;1158940254;29/08/2025;TODAS
POLIREUMIN;TRB PHARMA INDÚSTRIA QUÍMICA E FARMACÊUTICA LTDA;61.455.192/0001-15;3215917211;16/08/2021;TODAS
HIDROMED;CIMED INDUSTRIA S.A;02.814.497/0001-07;1348844199;26/07/2019;TODAS
ETILEFRIL;UNIÃO QUÍMICA FARMACÊUTICA NACIONAL S/A;60.665.981/0001-18;0346223229;27/01/2022;TODAS
KAMRHO-D;PANAMERICAN MEDICAL SUPPLY SUPRIMENTOS MÉDICOS LTDA;01.329.816/0001-26;0176810187;07/03/2018;TODAS
MEPIVALEM AD;DLA PHARMACEUTICAL LTDA;45.841.137/0001-07;0334735254;12/03/2025;TODAS
OXIFRIN;LABORATÓRIO TEUTO BRASILEIRO S/A;17.159.229/0001-76;2843880211;21/07/2021;TODAS
PAROX;LABORATÓRIO TEUTO BRASILEIRO S/A;17.159.229/0001-76;0682248258;21/05/2025;TODAS
SERENATA;TORRENT DO BRASIL LTDA;33.078.528/0001-32;1147906254;27/08/2025;TODAS
PYLORITRAT;LABORATÓRIO TEUTO BRASILEIRO S/A;17.159.229/0001-76;0655251251;15/05/2025;TODAS
PILEM;UNIÃO QUÍMICA FARMACÊUTICA NACIONAL S/A;60.665.981/0001-18;0801187257;16/06/2025;TODAS
ROTARIX;GLAXOSMITHKLINE BRASIL LTDA;33.247.743/0001-10;0880695242;27/06/2024;TODAS
ANSIRAX;LABORATÓRIO TEUTO BRASILEIRO S/A;17.159.229/0001-76;0149941242;07/02/2024;TODAS
TORLOS H;TORRENT DO BRASIL LTDA;33.078.528/0001-32;3059423229;19/05/2022;TODAS
ARTRODAR;TRB PHARMA INDÚSTRIA QUÍMICA E FARMACÊUTICA LTDA;61.455.192/0001-15;0266297251;25/02/2025;TODAS
ATROVENT;BOEHRINGER INGELHEIM DO BRASIL QUÍMICA E FARMACÊUTICA LTDA.;60.831.658/0001-77;0020550251;07/01/2025;TODAS
ROCURON;CRISTÁLIA PRODUTOS QUÍMICOS FARMACÊUTICOS LTDA.;44.734.671/0001-51;0885124227;07/03/2022;TODAS
DIPIRONA SODICA;PRATI DONADUZZI & CIA LTDA;73.856.593/0001-66;0530409259;17/04/2025;TODAS
CIPRAMIL;LUNDBECK BRASIL LTDA;04.522.600/0001-70;0088544231;30/01/2023;TODAS
ABRILAR;FARMOQUÍMICA S/A;33.349.473/0001-58;0510883249;22/04/2024;TODAS
MEPISV;DFL INDÚSTRIA E COMÉRCIO S/A;33.112.665/0001-46;1198744243;30/08/2024;TODAS
POSTEC;APSEN FARMACEUTICA S/A;62.462.015/0001-29;1683710240;10/12/2024;TODAS
PASALIX;MARJAN INDÚSTRIA E COMÉRCIO LTDA;60.726.692/0001-81;0770722253;09/06/2025;TODAS
HEPA-MERZ;BIOLAB SANUS FARMACÊUTICA LTDA;49.475.833/0001-06;1011771250;06/08/2025;TODAS
SECFAR;LABORATÓRIO FARMACÊUTICO ELOFAR LTDA;83.874.628/0001-43;0507357248;19/04/2024;TODAS
sulbactam sódico + ampicilina sódica;EUROFARMA LABORATÓRIOS S.A.;61.190.096/0001-92;4692265221;14/09/2022;TODAS
PANTODEX;GEOLAB INDÚSTRIA FARMACÊUTICA S/A;03.485.572/0001-04;1326295241;26/09/2024;TODAS
GLICONATO DE CÁLCIO;HYPOFARMA - INSTITUTO DE HYPODERMIA E FARMÁCIA LTDA;17.174.657/0001-78;1606818211;27/04/2021;TODAS
SORO ANTIBOTRÓPICO (PENTAVALENTE);INSTITUTO VITAL BRAZIL S/A;30.064.034/0001-00;0874364256;03/07/2025;TODAS
BELFACTRIM;BELFAR LTDA;18.324.343/0001-77;0540360244;24/04/2024;TODAS
NATIFA;LIBBS FARMACÊUTICA LTDA;61.230.314/0001-75;1386295248;09/10/2024;TODAS
DEXAMETASONA;LABORATÓRIO TEUTO BRASILEIRO S/A;17.159.229/0001-76;0899306250;09/07/2025;TODAS
cloridrato de lincomicina;LABORATÓRIO TEUTO BRASILEIRO S/A;17.159.229/0001-76;1162213180;10/12/2018;TODAS
aminofilina;LABORATÓRIO TEUTO BRASILEIRO S/A;17.159.229/0001-76;0155840258;04/02/2025;TODAS
CLORIDRATO DE RANITIDINA;LABORATÓRIO TEUTO BRASILEIRO S/A;17.159.229/0001-76;2110788192;04/09/2019;TODAS
CITALOPRAM;RANBAXY FARMACÊUTICA LTDA;73.663.650/0001-90;1214805248;03/09/2024;TODAS
CLORIDRATO DE PAROXETINA;RANBAXY FARMACÊUTICA LTDA;73.663.650/0001-90;0774538252;09/06/2025;TODAS
CARBAMAZEPINA;EMS S/A;57.507.378/0003-65;0031374255;09/01/2025;TODAS
TEGRETARD;CRISTÁLIA PRODUTOS QUÍMICOS FARMACÊUTICOS LTDA.;44.734.671/0001-51;0662304250;16/05/2025;TODAS
CEFALEXINA;LABORATÓRIO TEUTO BRASILEIRO S/A;17.159.229/0001-76;1247935248;11/09/2024;TODAS
CLARITROMICINA;EMS S/A;57.507.378/0003-65;0406029253;25/03/2025;TODAS
SANDIMMUN;NOVARTIS BIOCIENCIAS S.A;56.994.502/0001-30;0391723243;28/03/2024;TODAS
VEROTINA;LIBBS FARMACÊUTICA LTDA;61.230.314/0001-75;1190665255;08/09/2025;TODAS
AZITROMICINA;RANBAXY FARMACÊUTICA LTDA;73.663.650/0001-90;0817275187;20/08/2018;TODAS
CONCERTA;JANSSEN-CILAG FARMACÊUTICA LTDA;51.780.468/0001-87;1166094243;26/08/2024;TODAS
CHRON-ASA 5;EMS SIGMA PHARMA LTDA;00.923.140/0001-31;0768135257;06/06/2025;TODAS
CIMEGRIPE;CIMED INDUSTRIA S.A;02.814.497/0001-07;0512388229;11/02/2022;TODAS
CIFLOGEX;CIMED INDUSTRIA S.A;02.814.497/0001-07;0836871251;26/06/2025;TODAS
GLIBENCLAMIDA;RANBAXY FARMACÊUTICA LTDA;73.663.650/0001-90;0330238185;26/04/2018;TODAS
ACECLOFENACO;RANBAXY FARMACÊUTICA LTDA;73.663.650/0001-90;1743760248;20/12/2024;TODAS
PREDI-MEDROL;UNIÃO QUÍMICA FARMACÊUTICA NACIONAL S/A;60.665.981/0001-18;0462372251;03/04/2025;TODAS
ALBENDAZOL;PRATI DONADUZZI & CIA LTDA;73.856.593/0001-66;0322482259;10/03/2025;TODAS
CAPILAREMA;LABORATÓRIOS BALDACCI LTDA;61.150.447/0001-31;1650123248;03/12/2024;TODAS
BESILATO DE ANLODIPINO;LABORATÓRIO TEUTO BRASILEIRO S/A;17.159.229/0001-76;0747842256;03/06/2025;TODAS
UNITIDAZIN;UNIÃO QUÍMICA FARMACÊUTICA NACIONAL S/A;60.665.981/0001-18;4906323227;04/11/2022;TODAS
VECURON;CRISTÁLIA PRODUTOS QUÍMICOS FARMACÊUTICOS LTDA.;44.734.671/0001-51;0908425218;08/03/2021;TODAS
BROMOGEX;WASSER FARMA LTDA;01.564.260/0001-52;1006536230;21/09/2023;TODAS
NIMESULIDA;EMS S/A;57.507.378/0003-65;4392057224;07/07/2022;TODAS
PIOSAN;BELFAR LTDA;18.324.343/0001-77;0662496248;17/05/2024;TODAS
DEXAMEX;VITAMEDIC INDUSTRIA FARMACEUTICA LTDA;30.222.814/0001-31;0868479241;26/06/2024;TODAS
cloridrato de propranolol;LABORATÓRIO TEUTO BRASILEIRO S/A;17.159.229/0001-76;0932676251;18/07/2025;TODAS
AMPRAX;VITAMEDIC INDUSTRIA FARMACEUTICA LTDA;30.222.814/0001-31;0537935258;22/04/2025;TODAS
NUTRIFLEX LIPID;LABORATORIOS B. BRAUN S/A;31.673.254/0001-02;0102361240;26/01/2024;TODAS
ULTRACET;JANSSEN-CILAG FARMACÊUTICA LTDA;51.780.468/0001-87;0867231254;02/07/2025;TODAS
DILACORON;ABBOTT LABORATÓRIOS DO BRASIL LTDA;56.998.701/0001-16;0829284257;24/06/2025;TODAS
COLIS-TEK;OPEM REPRESENTAÇÃO IMPORTADORA EXPORTADORA E DISTRIBUIDORA LTDA;38.909.503/0001-57;1557803208;18/05/2020;TODAS
SALVIT-M;BELFAR LTDA;18.324.343/0001-77;0011021153;07/01/2015;TODAS
SALONPAS;HISAMITSU FARMACÊUTICA DO BRASIL LTDA;49.383.250/0001-47;3978338203;12/11/2020;TODAS
SUMAX;LIBBS FARMACÊUTICA LTDA;61.230.314/0001-75;1161123253;29/08/2025;TODAS
GINESSE;FARMOQUÍMICA S/A;33.349.473/0001-58;0416120245;03/04/2024;TODAS
FERRIPROX;CHIESI FARMACÊUTICA LTDA;61.363.032/0001-46;0186232250;10/02/2025;TODAS
REUQUINOL;APSEN FARMACEUTICA S/A;62.462.015/0001-29;1181348251;05/09/2025;TODAS
MASFEROL;NATULAB LABORATORIO S.A;02.456.955/0001-83;4875761210;07/12/2021;TODAS
SANTIDOR;SANTISA LABORATÓRIO FARMACÊUTICO S/A;04.099.395/0001-82;1159145253;29/08/2025;TODAS
DIPIRONATI;NATIVITA IND. COM. LTDA.;65.271.900/0001-19;4634654229;31/08/2022;TODAS
NIMELIT;VITAMEDIC INDUSTRIA FARMACEUTICA LTDA;30.222.814/0001-31;0762745258;05/06/2025;TODAS
PLUSVAC;LABORATORIO DE EXTRATOS ALERGENICOS LTDA;28.614.626/0001-07;0888260245;28/06/2024;TODAS
LIPOVENOS;FRESENIUS KABI BRASIL LTDA;49.324.221/0001-04;2656057213;08/07/2021;TODAS
FENITAL;CRISTÁLIA PRODUTOS QUÍMICOS FARMACÊUTICOS LTDA.;44.734.671/0001-51;1153427213;25/03/2021;TODAS
RISPERIDON;CRISTÁLIA PRODUTOS QUÍMICOS FARMACÊUTICOS LTDA.;44.734.671/0001-51;1554250215;23/04/2021;TODAS
GASTROLIV;CIFARMA CIENTÍFICA FARMACÊUTICA LTDA;17.562.075/0001-69;0855903252;30/06/2025;TODAS
ENDOFER;BIOLAB SANUS FARMACÊUTICA LTDA;49.475.833/0001-06;0168041251;06/02/2025;TODAS
ampicilina;EMS S/A;57.507.378/0003-65;1381807214;11/04/2021;TODAS
TENOLON;VITAMEDIC INDUSTRIA FARMACEUTICA LTDA;30.222.814/0001-31;0881582255;04/07/2025;TODAS
EZETROL;ORGANON FARMACÊUTICA LTDA.;45.987.013/0001-34;0694066257;23/05/2025;TODAS
SIBLIMA;LIBBS FARMACÊUTICA LTDA;61.230.314/0001-75;0364540257;18/03/2025;TODAS
SVIR;CRISTÁLIA PRODUTOS QUÍMICOS FARMACÊUTICOS LTDA.;44.734.671/0001-51;0973959179;23/05/2017;TODAS
PLURAIR;LIBBS FARMACÊUTICA LTDA;61.230.314/0001-75;5025299225;07/12/2022;TODAS
PAMIDROM;CRISTÁLIA PRODUTOS QUÍMICOS FARMACÊUTICOS LTDA.;44.734.671/0001-51;4242593228;01/06/2022;TODAS
MALEATO DE DEXCLORFENIRAMINA + BETAMETASONA;EMS S/A;57.507.378/0003-65;0726466255;28/05/2025;TODAS
FITOVEIN;LABORATORIO CATARINENSE LTDA;84.684.620/0001-87;2672782229;04/05/2022;TODAS
DICLOFENACO;LABORATÓRIO TEUTO BRASILEIRO S/A;17.159.229/0001-76;0787110256;11/06/2025;TODAS
CIMECORT;CIMED INDUSTRIA S.A;02.814.497/0001-07;0368101258;19/03/2025;TODAS
FURP METRONIDAZOL;FUNDAÇÃO PARA O REMÉDIO POPULAR - FURP;43.640.754/0001-19;1013648242;24/07/2024;TODAS
NAUSEDRON;CRISTÁLIA PRODUTOS QUÍMICOS FARMACÊUTICOS LTDA.;44.734.671/0001-51;0619950242;09/05/2024;TODAS
CEFALEXINA;EMS S/A;57.507.378/0003-65;0223844241;26/02/2024;TODAS
piperacilina sódica + tazobactam sódico;EUROFARMA LABORATÓRIOS S.A.;61.190.096/0001-92;1263685242;13/09/2024;TODAS
DICLOFENACO SODICO;RANBAXY FARMACÊUTICA LTDA;73.663.650/0001-90;5055949228;15/12/2022;TODAS
PARACETAMOL;THEODORO F SOBRAL & CIA LTDA;06.597.801/0001-62;0855032188;31/08/2018;TODAS
INFRALAX;EMS S/A;57.507.378/0003-65;1110164246;14/08/2024;TODAS
FLUCISTEIN;UNIÃO QUÍMICA FARMACÊUTICA NACIONAL S/A;60.665.981/0001-18;1148330259;27/08/2025;TODAS
DEXAGREEN;GREENPHARMA QUÍMICA E FARMACÊUTICA LTDA;33.408.105/0001-33;1499935218;19/04/2021;TODAS
NITROP;HYPOFARMA - INSTITUTO DE HYPODERMIA E FARMÁCIA LTDA;17.174.657/0001-78;1724667219;05/05/2021;TODAS
BELSPAN;BELFAR LTDA;18.324.343/0001-77;1192945255;09/09/2025;TODAS
KELTRINA;MULTILAB INDUSTRIA E COMERCIO DE PRODUTOS FARMACEUTICOS LTDA;92.265.552/0009-05;0240681240;28/02/2024;TODAS
PROMERGAN;BELFAR LTDA;18.324.343/0001-77;0436952254;31/03/2025;TODAS
FURP - FENITOINA;FUNDAÇÃO PARA O REMÉDIO POPULAR - FURP;43.640.754/0001-19;5015921225;05/12/2022;TODAS
brometo de ipratróprio;EMS S/A;57.507.378/0003-65;0478036256;07/04/2025;TODAS
HALOPERIDOL;LABORATÓRIO TEUTO BRASILEIRO S/A;17.159.229/0001-76;1731374211;05/05/2021;TODAS
CARDIOXANE;ADIUM S.A.;55.980.684/0001-27;0844406252;27/06/2025;TODAS
cefadroxila;EUROFARMA LABORATÓRIOS S.A.;61.190.096/0001-92;4853191224;21/10/2022;TODAS
INOTROPISA;HYPOFARMA - INSTITUTO DE HYPODERMIA E FARMÁCIA LTDA;17.174.657/0001-78;2049032211;27/05/2021;TODAS
SORINE;ACHÉ LABORATÓRIOS FARMACÊUTICOS S.A;60.659.463/0029-92;0035032251;10/01/2025;TODAS
MALEATO DE DEXCLORFENIRAMINA;PRATI DONADUZZI & CIA LTDA;73.856.593/0001-66;0328597252;11/03/2025;TODAS
NATIFA PRO;LIBBS FARMACÊUTICA LTDA;61.230.314/0001-75;0762142251;05/06/2025;TODAS
FERID;UNIÃO QUÍMICA FARMACÊUTICA NACIONAL S/A;60.665.981/0001-18;0083232231;26/01/2023;TODAS
FUNED ÁCIDO FÓLICO;FUNDAÇÃO EZEQUIEL DIAS - FUNED;17.503.475/0001-01;1904387162;10/06/2016;TODAS
finasterida;EUROFARMA LABORATÓRIOS S.A.;61.190.096/0001-92;0941418251;21/07/2025;TODAS
ARTROLIVE;ACHÉ LABORATÓRIOS FARMACÊUTICOS S.A;60.659.463/0029-92;1654943240;04/12/2024;TODAS
TROK-N;EUROFARMA LABORATÓRIOS S.A.;61.190.096/0001-92;0796728232;31/07/2023;TODAS
LISINOPRIL;LABORATÓRIO TEUTO BRASILEIRO S/A;17.159.229/0001-76;0412792257;26/03/2025;TODAS
KAVA KAVA HERBARIUM;HERBARIUM LABORATORIO BOTANICO LTDA;78.950.011/0001-20;4060725218;14/10/2021;TODAS
FLEET ENEMA;TOMMASI IMPORTAÇÃO E EXPORTAÇÃO LTDA;00.625.692/0001-63;0328262157;15/04/2015;TODAS
NORFLOXACINO;RANBAXY FARMACÊUTICA LTDA;73.663.650/0001-90;0421110252;27/03/2025;TODAS
BETAMETASONA;EMS S/A;57.507.378/0003-65;1314430218;06/04/2021;TODAS
SERENUS;BIOLAB SANUS FARMACÊUTICA LTDA;49.475.833/0001-06;1413013211;13/04/2021;TODAS
CLOPIXOL;LUNDBECK BRASIL LTDA;04.522.600/0001-70;0156854252;04/02/2025;TODAS
dropropizina;UNIÃO QUÍMICA FARMACÊUTICA NACIONAL S/A;60.665.981/0001-18;1025022246;26/07/2024;TODAS
DOLAMIN;FARMOQUÍMICA S/A;33.349.473/0001-58;0678932247;21/05/2024;TODAS
VICK PYRENA;PROCTER & GAMBLE DO BRASIL LTDA.;59.476.770/0001-58;0331724251;12/03/2025;TODAS
TECNOMET;ADIUM S.A.;55.980.684/0001-27;0472875256;07/04/2025;TODAS
ARTISAL;TRB PHARMA INDÚSTRIA QUÍMICA E FARMACÊUTICA LTDA;61.455.192/0001-15;0825006215;02/03/2021;TODAS
NIFEDIPRESS;MEDQUIMICA INDUSTRIA FARMACEUTICA LTDA.;17.875.154/0001-20;1595661210;26/04/2021;TODAS
GEROVITAL;EMS S/A;57.507.378/0003-65;1004355254;04/08/2025;TODAS
CLORIDRATO DE TERBINAFINA;EMS S/A;57.507.378/0003-65;0662445252;16/05/2025;TODAS
PROCIMAX;LIBBS FARMACÊUTICA LTDA;61.230.314/0001-75;0569170257;28/04/2025;TODAS
DESLANOL;UNIÃO QUÍMICA FARMACÊUTICA NACIONAL S/A;60.665.981/0001-18;0660166241;17/05/2024;TODAS
DIETILCARBAMAZINA CITRATO;FUNDAÇÃO OSWALDO CRUZ;33.781.055/0001-35;1270620231;16/11/2023;TODAS
Soro Antibotrópico/Laquético;FUNDAÇÃO EZEQUIEL DIAS - FUNED;17.503.475/0001-01;0527432245;22/04/2024;TODAS
SORO ANTIESCORPIÔNICO;FUNDAÇÃO EZEQUIEL DIAS - FUNED;17.503.475/0001-01;1425470238;14/12/2023;TODAS
Soro Antibotrópico/Crotálico;FUNDAÇÃO EZEQUIEL DIAS - FUNED;17.503.475/0001-01;0527174246;22/04/2024;TODAS
Soro Antielapídico;FUNDAÇÃO EZEQUIEL DIAS - FUNED;17.503.475/0001-01;0527390241;22/04/2024;TODAS
Soro Anticrotálico;FUNDAÇÃO EZEQUIEL DIAS - FUNED;17.503.475/0001-01;0527298247;22/04/2024;TODAS
SORO ANTIBOTRÓPICO;FUNDAÇÃO EZEQUIEL DIAS - FUNED;17.503.475/0001-01;1437656234;18/12/2023;TODAS
Soro Antitetânico;FUNDAÇÃO EZEQUIEL DIAS - FUNED;17.503.475/0001-01;0527037249;22/04/2024;TODAS
GLYCOPHOS;FRESENIUS KABI BRASIL LTDA;49.324.221/0001-04;1343264243;30/09/2024;TODAS
PROFLAM;EUROFARMA LABORATÓRIOS S.A.;61.190.096/0001-92;1222508231;07/11/2023;TODAS
ACICLOVIR;SANDOZ DO BRASIL INDÚSTRIA FARMACÊUTICA LTDA;61.286.647/0001-16;1953255215;20/05/2021;TODAS
FOLIN;GEYER MEDICAMENTOS S.A.;92.670.801/0001-82;1396538217;12/04/2021;TODAS
cloridrato de ranitidina;LEGRAND PHARMA INDÚSTRIA FARMACÊUTICA LTDA;05.044.984/0001-26;1316457211;06/04/2021;TODAS
TANDENE;CELLERA FARMACÊUTICA S.A.;33.173.097/0002-74;1035618249;30/07/2024;TODAS
ZYXEM;UCB BIOPHARMA LTDA.;64.711.500/0001-14;1049872240;31/07/2024;TODAS
fendizoato de cloperastina;EMS S/A;57.507.378/0003-65;0833584251;25/06/2025;TODAS
dicloridrato de trimetazidina;LEGRAND PHARMA INDÚSTRIA FARMACÊUTICA LTDA;05.044.984/0001-26;1723240249;17/12/2024;TODAS
NOVOTRAM;COSMED INDUSTRIA DE COSMETICOS E MEDICAMENTOS S.A.;61.082.426/0002-07;0011526254;06/01/2025;TODAS
MIND;BIOLAB SANUS FARMACÊUTICA LTDA;49.475.833/0001-06;0610798235;15/06/2023;TODAS
BOZORED;DR. REDDYS FARMACÊUTICA DO BRASIL LTDA;03.978.166/0001-75;0923542256;16/07/2025;TODAS
azitromicina;CIMED INDUSTRIA S.A;02.814.497/0001-07;1288221240;19/09/2024;TODAS
losartana potássica;GERMED FARMACEUTICA LTDA;45.992.062/0001-65;0935893253;18/07/2025;TODAS
DIPIRONA SODICA+CAFEINA ANIDRA+CITRATO DE ORFENADRINA;LABORATÓRIO TEUTO BRASILEIRO S/A;17.159.229/0001-76;0510129251;14/04/2025;TODAS
cloridrato de venlafaxina;AUROBINDO PHARMA INDÚSTRIA FARMACÊUTICA LIMITADA;04.301.884/0001-75;1570822247;14/11/2024;TODAS
NOVOTRAM;COSMED INDUSTRIA DE COSMETICOS E MEDICAMENTOS S.A.;61.082.426/0002-07;1200883233;01/11/2023;TODAS
clonixinato de lisina;GERMED FARMACEUTICA LTDA;45.992.062/0001-65;1100453245;12/08/2024;TODAS
dicloridrato de levocetirizina;RANBAXY FARMACÊUTICA LTDA;73.663.650/0001-90;1490236244;30/10/2024;TODAS
Hemcibra;PRODUTOS ROCHE QUÍMICOS E FARMACÊUTICOS S.A.;33.009.945/0001-23;0757239251;04/06/2025;TODAS
dipropionato de betametasona + sulfato de gentamicina;LABORATÓRIO TEUTO BRASILEIRO S/A;17.159.229/0001-76;0637407253;12/05/2025;TODAS
LAMITOR CD;TORRENT DO BRASIL LTDA;33.078.528/0001-32;1176702254;04/09/2025;TODAS
CLOPIDO-GRAN;LEGRAND PHARMA INDÚSTRIA FARMACÊUTICA LTDA;05.044.984/0001-26;0349006253;14/03/2025;TODAS
amoxicilina + clavulanato de potássio;LABORATÓRIO TEUTO BRASILEIRO S/A;17.159.229/0001-76;0216652243;23/02/2024;TODAS
cloridrato de venlafaxina;LABORATÓRIO GLOBO SA;17.115.437/0001-73;1511289244;03/11/2024;TODAS
KALIST;ACHÉ LABORATÓRIOS FARMACÊUTICOS S.A;60.659.463/0029-92;0496581252;10/04/2025;TODAS
oxalato de escitalopram;PHARLAB INDÚSTRIA FARMACÊUTICA S.A.;02.501.297/0001-02;0659086255;15/05/2025;TODAS
indapamida;LEGRAND PHARMA INDÚSTRIA FARMACÊUTICA LTDA;05.044.984/0001-26;0465859241;12/04/2024;TODAS
ULTIVA;ASPEN PHARMA INDÚSTRIA FARMACÊUTICA LTDA;02.433.631/0001-20;1111639256;18/08/2025;TODAS
amoxicilina + clavulanato de Potássio;GERMED FARMACEUTICA LTDA;45.992.062/0001-65;1016194251;07/08/2025;TODAS
ÉSIO;EUROFARMA LABORATÓRIOS S.A.;61.190.096/0001-92;3416268211;30/08/2021;TODAS
amoxicilina + clavulanato de potássio;LABORATÓRIO TEUTO BRASILEIRO S/A;17.159.229/0001-76;0977015254;28/07/2025;TODAS
TYKERB;NOVARTIS BIOCIENCIAS S.A;56.994.502/0001-30;0450276244;10/04/2024;TODAS
DON;EUROFARMA LABORATÓRIOS S.A.;61.190.096/0001-92;0624810259;08/05/2025;TODAS
XIGDUO XR;ASTRAZENECA DO BRASIL LTDA;60.318.797/0001-00;1182666256;05/09/2025;TODAS
NOVO RINO;CELLERA FARMACÊUTICA S.A.;33.173.097/0002-74;0165790253;06/02/2025;TODAS
RIOPAN;TAKEDA PHARMA LTDA.;60.397.775/0001-74;0957587211;11/03/2021;TODAS
mirtazapina;AUROBINDO PHARMA INDÚSTRIA FARMACÊUTICA LIMITADA;04.301.884/0001-75;1666508225;08/04/2022;TODAS
NIQUITIN;MAPPEL INDÚSTRIA DE EMBALAGENS S.A.;01.233.103/0001-64;0937186252;18/07/2025;TODAS
glibenclamida;1FARMA INDUSTRIA FARMACEUTICA LTDA;48.113.906/0001-49;0998401181;15/10/2018;TODAS
ATENFE;MEGALABS FARMACEUTICA S.A.;33.026.055/0001-20;0208165258;13/02/2025;TODAS
CABERGOLINA;EMS SIGMA PHARMA LTDA;00.923.140/0001-31;1700971247;12/12/2024;TODAS
RUSOVAS;EMS SIGMA PHARMA LTDA;00.923.140/0001-31;1175212253;03/09/2025;TODAS
LAXIME;ACHÉ LABORATÓRIOS FARMACÊUTICOS S.A;60.659.463/0029-92;0534941257;22/04/2025;TODAS
linagliptina;EMS S/A;57.507.378/0003-65;0336543255;12/03/2025;TODAS
CITOPLATINA;CIPLA BRASIL IMPORTADORA E DISTRIBUIDORA DE MEDICAMENTOS LTDA;18.268.051/0001-64;1558442219;23/04/2021;TODAS
NIMESILAM;EMS SIGMA PHARMA LTDA;00.923.140/0001-31;4392404226;07/07/2022;TODAS
dexametasona;GERMED FARMACEUTICA LTDA;45.992.062/0001-65;0844200255;27/06/2025;TODAS
Tacrofort;Camber Farmaceutica Ltda;24.633.934/0001-29;0811439241;18/06/2024;TODAS
VALSACOR HCT;LEGRAND PHARMA INDÚSTRIA FARMACÊUTICA LTDA;05.044.984/0001-26;1737427249;19/12/2024;TODAS
fluconazol;GEOLAB INDÚSTRIA FARMACÊUTICA S/A;03.485.572/0001-04;0221810251;17/02/2025;TODAS
desloratadina;EUROFARMA LABORATÓRIOS S.A.;61.190.096/0001-92;1140397257;25/08/2025;TODAS
FLUTINOL;CRISTÁLIA PRODUTOS QUÍMICOS FARMACÊUTICOS LTDA.;44.734.671/0001-51;1455109240;23/10/2024;TODAS
DERMOSTATIN;LEGRAND PHARMA INDÚSTRIA FARMACÊUTICA LTDA;05.044.984/0001-26;1186617225;18/03/2022;TODAS
secnidazol;GERMED FARMACEUTICA LTDA;45.992.062/0001-65;0257613251;24/02/2025;TODAS
PROFENID;SANOFI MEDLEY FARMACÊUTICA LTDA.;10.588.595/0010-92;0917883250;15/07/2025;TODAS
ROVAMICINA;SANOFI MEDLEY FARMACÊUTICA LTDA.;10.588.595/0010-92;0867716258;02/07/2025;TODAS
cloridrato de moxifloxacino;PRATI DONADUZZI & CIA LTDA;73.856.593/0001-66;0264388259;25/02/2025;TODAS
RISEDRONEL;LEGRAND PHARMA INDÚSTRIA FARMACÊUTICA LTDA;05.044.984/0001-26;4992179223;29/11/2022;TODAS
hemifumarato de alisquireno;EMS S/A;57.507.378/0003-65;1024048189;23/10/2018;TODAS
CLORIDRATO DE DORZOLAMIDA;ACHÉ LABORATÓRIOS FARMACÊUTICOS S.A;60.659.463/0029-92;4438512221;18/07/2022;TODAS
ibuprofeno;GEOLAB INDÚSTRIA FARMACÊUTICA S/A;03.485.572/0001-04;0937275255;19/07/2025;TODAS
CARVEDILOL;ACHÉ LABORATÓRIOS FARMACÊUTICOS S.A;60.659.463/0029-92;1254084240;12/09/2024;TODAS
PROSTAVASIN;ACHÉ LABORATÓRIOS FARMACÊUTICOS S.A;60.659.463/0029-92;4656185221;06/09/2022;TODAS
ALOZEX;BIOLAB SANUS FARMACÊUTICA LTDA;49.475.833/0001-06;0834121221;04/03/2022;TODAS
dienogeste;ACHÉ LABORATÓRIOS FARMACÊUTICOS S.A;60.659.463/0029-92;8441834211;22/12/2021;TODAS
risedronato sódico;ACHÉ LABORATÓRIOS FARMACÊUTICOS S.A;60.659.463/0029-92;4223564202;30/11/2020;TODAS
mirtazapina;PHARLAB INDÚSTRIA FARMACÊUTICA S.A.;02.501.297/0001-02;0869202251;02/07/2025;TODAS
TOARIP;TORRENT DO BRASIL LTDA;33.078.528/0001-32;0944984231;05/09/2023;TODAS
levetiracetam;EUROFARMA LABORATÓRIOS S.A.;61.190.096/0001-92;1523363240;05/11/2024;TODAS
MAXILERG;CRISTÁLIA PRODUTOS QUÍMICOS FARMACÊUTICOS LTDA.;44.734.671/0001-51;0099313251;23/01/2025;TODAS
CLIMATRIX;MYRALIS INDÚSTRIA FARMACÊUTICA LTDA;17.440.261/0001-25;0297841254;05/03/2025;TODAS
LOTAR;ACHÉ LABORATÓRIOS FARMACÊUTICOS S.A;60.659.463/0029-92;0712312251;27/05/2025;TODAS
PRASILENCE;PHARMASCIENCE INDUSTRIA FARMACEUTICA S.A;25.773.037/0001-83;0750862254;03/06/2025;TODAS
CABOMETYX;BEAUFOUR IPSEN FARMACÊUTICA LTDA;07.718.721/0001-80;0889720258;07/07/2025;TODAS
Lynparza comprimidos;ASTRAZENECA DO BRASIL LTDA;60.318.797/0001-00;0282031251;27/02/2025;TODAS
cloridrato de irinotecano;BLAU FARMACÊUTICA S.A.;58.430.828/0001-60;0242677258;20/02/2025;TODAS
HEMAX ERITRON;ACHÉ LABORATÓRIOS FARMACÊUTICOS S.A;60.659.463/0029-92;1235309240;09/09/2024;TODAS
CRISCY;CRISTÁLIA PRODUTOS QUÍMICOS FARMACÊUTICOS LTDA.;44.734.671/0001-51;1134769253;22/08/2025;TODAS
cloridrato de sertralina;ACCORD FARMACÊUTICA LTDA;64.171.697/0001-46;1009380231;22/09/2023;TODAS
CAVERJECT;PFIZER BRASIL LTDA;61.072.393/0001-33;1062140249;05/08/2024;TODAS
Demi-D;FARMOQUÍMICA S/A;33.349.473/0001-58;0558977251;25/04/2025;TODAS
BENICAR TRIPLO;DAIICHI SANKYO BRASIL FARMACÊUTICA LTDA;60.874.187/0001-84;0531376257;17/04/2025;TODAS
SOF D;ABBOTT LABORATÓRIOS DO BRASIL LTDA;56.998.701/0001-16;4666073213;26/11/2021;TODAS
risperidona;PRATI DONADUZZI & CIA LTDA;73.856.593/0001-66;0795405251;13/06/2025;TODAS
dicloridrato de pramipexol;PRATI DONADUZZI & CIA LTDA;73.856.593/0001-66;1117907236;18/10/2023;TODAS
REXULTI;LUNDBECK BRASIL LTDA;04.522.600/0001-70;0654761248;16/05/2024;TODAS
SUPERHIST ODT;EUROFARMA LABORATÓRIOS S.A.;61.190.096/0001-92;0863212255;01/07/2025;TODAS
CLAZI XR;GERMED FARMACEUTICA LTDA;45.992.062/0001-65;0221759255;17/02/2025;TODAS
Eniagor;APSEN FARMACEUTICA S/A;62.462.015/0001-29;0256767254;24/02/2025;TODAS
Transtec;GRÜNENTHAL DO BRASIL FARMACÊUTICA LTDA.;10.555.143/0001-13;1685710247;10/12/2024;TODAS
CONTRAVE;MERCK S/A;33.069.212/0001-84;1417141247;15/10/2024;TODAS
succinato de solifenacina;EUROFARMA LABORATÓRIOS S.A.;61.190.096/0001-92;0841847240;20/06/2024;TODAS
Hyrimoz;SANDOZ DO BRASIL INDÚSTRIA FARMACÊUTICA LTDA;61.286.647/0001-16;0612180255;06/05/2025;TODAS
rosuvastatina calcica;CIMED INDUSTRIA S.A;02.814.497/0001-07;0496405250;10/04/2025;TODAS
ACICLOR;KLEY HERTZ FARMACEUTICA S.A;92.695.691/0001-03;4428860226;14/07/2022;TODAS
DELUMI;GEOLAB INDÚSTRIA FARMACÊUTICA S/A;03.485.572/0001-04;1084727251;15/08/2025;TODAS
Erfandel;JANSSEN-CILAG FARMACÊUTICA LTDA;51.780.468/0001-87;1006140255;05/08/2025;TODAS
FLUTICAPS;ACHÉ LABORATÓRIOS FARMACÊUTICOS S.A;60.659.463/0029-92;1347260217;08/04/2021;TODAS
IROSÊ;Althaia S.A Indústria Farmacêutica;48.344.725/0007-19;0206764251;13/02/2025;TODAS
alendronato de sódio;CELLERA FARMACÊUTICA S.A.;33.173.097/0002-74;1093320249;09/08/2024;TODAS
metronidazol;HALEX ISTAR INDÚSTRIA FARMACÊUTICA SA;01.571.702/0001-98;1408452243;14/10/2024;TODAS
cloridrato de donepezila + cloridrato de memantina;APSEN FARMACEUTICA S/A;62.462.015/0001-29;0733884245;03/06/2024;TODAS
MALENA HCT;EMS SIGMA PHARMA LTDA;00.923.140/0001-31;2679363221;05/05/2022;TODAS
cloridrato de ondansetrona;HIPOLABOR FARMACEUTICA LTDA;19.570.720/0001-10;1459466241;23/10/2024;TODAS
VEQUILE;SANDOZ DO BRASIL INDÚSTRIA FARMACÊUTICA LTDA;61.286.647/0001-16;0814639259;18/06/2025;TODAS
MATIZ;EUROFARMA LABORATÓRIOS S.A.;61.190.096/0001-92;0026636239;10/01/2023;TODAS
clonazepam;PRATI DONADUZZI & CIA LTDA;73.856.593/0001-66;1634895240;29/11/2024;TODAS
Carbaglu;RECORDATI RARE DISEASES COMÉRCIO DE MEDICAMENTOS LTDA - ME;53.056.057/0001-79;0163784256;05/02/2025;TODAS
Allestra;ACHÉ LABORATÓRIOS FARMACÊUTICOS S.A;60.659.463/0029-92;5068591220;19/12/2022;TODAS
Fentora;TEVA FARMACÊUTICA LTDA.;05.333.542/0001-08;0507002245;19/04/2024;TODAS
NOPROSIL;HALEX ISTAR INDÚSTRIA FARMACÊUTICA SA;01.571.702/0001-98;7111017218;15/12/2021;TODAS
aceclofenaco;1FARMA INDUSTRIA FARMACEUTICA LTDA;48.113.906/0001-49;0331624196;12/04/2019;TODAS
malato de sunitinibe;SUN FARMACÊUTICA DO BRASIL LTDA;05.035.244/0001-23;0787546259;11/06/2025;TODAS
flumazenil;FRESENIUS KABI BRASIL LTDA;49.324.221/0001-04;1015576257;07/08/2025;TODAS
MAXAPRAN;ACHÉ LABORATÓRIOS FARMACÊUTICOS S.A;60.659.463/0029-92;0425422232;27/04/2023;TODAS
ertapeném sódico;QUIMICA HALLER LTDA;33.036.815/0001-80;4301030221;15/06/2022;TODAS
ROSA®;FARMOQUÍMICA S/A;33.349.473/0001-58;1173361251;03/09/2025;TODAS
pantoprazol sódico sesquihidratado;VITAMEDIC INDUSTRIA FARMACEUTICA LTDA;30.222.814/0001-31;0864848184;04/09/2018;TODAS
maleato de enalapril + hidroclorotiazida;BIOLAB SANUS FARMACÊUTICA LTDA;49.475.833/0001-06;1006549251;05/08/2025;TODAS
Aludor;CIFARMA CIENTÍFICA FARMACÊUTICA LTDA;17.562.075/0001-69;0598221255;05/05/2025;TODAS
claritromicina;PHARLAB INDÚSTRIA FARMACÊUTICA S.A.;02.501.297/0001-02;0844960250;27/06/2025;TODAS
CALMASYN;CIFARMA CIENTÍFICA FARMACÊUTICA LTDA;17.562.075/0001-69;0824270258;23/06/2025;TODAS
LEVOFLOXACINO HEMI- HIDRATADO;HALEX ISTAR INDÚSTRIA FARMACÊUTICA SA;01.571.702/0001-98;0805213252;16/06/2025;TODAS
NIMESULIDA;PRATI DONADUZZI & CIA LTDA;73.856.593/0001-66;0764887254;06/06/2025;TODAS
valsartana;LABORATÓRIO TEUTO BRASILEIRO S/A;17.159.229/0001-76;0519395255;16/04/2025;TODAS
LEVOFLOXACINO;ACHÉ LABORATÓRIOS FARMACÊUTICOS S.A;60.659.463/0029-92;0774552255;09/06/2025;TODAS
Halexminophen;HALEX ISTAR INDÚSTRIA FARMACÊUTICA SA;01.571.702/0001-98;0072922249;19/01/2024;TODAS
UNHA SANA;KLEY HERTZ FARMACEUTICA S.A;92.695.691/0001-03;4093935209;20/11/2020;TODAS
MAXIFLOX;CRISTÁLIA PRODUTOS QUÍMICOS FARMACÊUTICOS LTDA.;44.734.671/0001-51;0353902250;17/03/2025;TODAS
cloridrato de dexmedetomidina;CRISTÁLIA PRODUTOS QUÍMICOS FARMACÊUTICOS LTDA.;44.734.671/0001-51;1473853249;25/10/2024;TODAS
cloridrato de ticlopidina;BIOLAB SANUS FARMACÊUTICA LTDA;49.475.833/0001-06;1358508218;09/04/2021;TODAS
CETOPROFENO;EUROFARMA LABORATÓRIOS S.A.;61.190.096/0001-92;0835931242;19/06/2024;TODAS
RHALUNID;EMS S/A;57.507.378/0003-65;0053667255;14/01/2025;TODAS
finasterida;CIMED INDUSTRIA S.A;02.814.497/0001-07;0563100249;29/04/2024;TODAS
cloridrato de ciclobenzaprina;PRATI DONADUZZI & CIA LTDA;73.856.593/0001-66;0502933193;06/06/2019;TODAS
acebrofilina;ACHÉ LABORATÓRIOS FARMACÊUTICOS S.A;60.659.463/0029-92;0081102259;20/01/2025;TODAS
DESLORATADINA;ACHÉ LABORATÓRIOS FARMACÊUTICOS S.A;60.659.463/0029-92;1016386257;07/08/2025;TODAS
Halexminophen;HALEX ISTAR INDÚSTRIA FARMACÊUTICA SA;01.571.702/0001-98;0072932244;19/01/2024;TODAS
CROPOC;LEGRAND PHARMA INDÚSTRIA FARMACÊUTICA LTDA;05.044.984/0001-26;1201575257;10/09/2025;TODAS
cloridrato de ciprofloxacino;PHARLAB INDÚSTRIA FARMACÊUTICA S.A.;02.501.297/0001-02;0617696250;07/05/2025;TODAS
GÉSICO;EUROFARMA LABORATÓRIOS S.A.;61.190.096/0001-92;1200278232;01/11/2023;TODAS
FLUVIRAL DIA;COSMED INDUSTRIA DE COSMETICOS E MEDICAMENTOS S.A.;61.082.426/0002-07;0299549259;05/03/2025;TODAS
etoricoxibe;ZYDUS NIKKHO FARMACÊUTICA LTDA;05.254.971/0001-81;1189414252;08/09/2025;TODAS
MINOXIDIL;ACHÉ LABORATÓRIOS FARMACÊUTICOS S.A;60.659.463/0029-92;0715075250;27/05/2025;TODAS
TIAG;TORRENT DO BRASIL LTDA;33.078.528/0001-32;0780554256;10/06/2025;TODAS
tartarato de brimonidina;ACHÉ LABORATÓRIOS FARMACÊUTICOS S.A;60.659.463/0029-92;4378361221;04/07/2022;TODAS
rifamicina SV sódica;SANOFI MEDLEY FARMACÊUTICA LTDA.;10.588.595/0010-92;1368249248;04/10/2024;TODAS
ATOBACH;GERMED FARMACEUTICA LTDA;45.992.062/0001-65;1194749259;09/09/2025;TODAS
dapagliflozina propanodiol;EMS S/A;57.507.378/0003-65;4689997225;14/09/2022;TODAS
JUGLINT;EMS S/A;57.507.378/0003-65;4689965226;14/09/2022;TODAS
dapagliflozina propanodiol;GERMED FARMACEUTICA LTDA;45.992.062/0001-65;4690014221;14/09/2022;TODAS
HYLO-GEL;FBM INDÚSTRIA FARMACÊUTICA LTDA;02.060.549/0001-05;1069535257;14/08/2025;TODAS
PAMELOR;CELLERA FARMACÊUTICA S.A.;33.173.097/0002-74;1139589253;25/08/2025;TODAS
CLORETO DE SÓDIO;FARMARIN INDUSTRIA E COMERCIO LTDA;58.635.830/0001-75;0724699214;23/02/2021;TODAS
MARACUGINA PI (Passiflora incarnata L.);COSMED INDUSTRIA DE COSMETICOS E MEDICAMENTOS S.A.;61.082.426/0002-07;0529756251;17/04/2025;TODAS
IVAHART;TORRENT DO BRASIL LTDA;33.078.528/0001-32;0271390255;26/02/2025;TODAS
claritromicina;GERMED FARMACEUTICA LTDA;45.992.062/0001-65;0548668256;23/04/2025;TODAS
MONOFER;PFIZER BRASIL LTDA;61.072.393/0001-33;1427883246;17/10/2024;TODAS
DIENOGESTE;GEOLAB INDÚSTRIA FARMACÊUTICA S/A;03.485.572/0001-04;2019820215;25/05/2021;TODAS
MALENA HCT;EMS SIGMA PHARMA LTDA;00.923.140/0001-31;4388744221;06/07/2022;TODAS
CLORIDRATO DE SIBUTRAMINA MONOIDRATADO;ACHÉ LABORATÓRIOS FARMACÊUTICOS S.A;60.659.463/0029-92;0499359259;11/04/2025;TODAS
SIMLIP;LABORATÓRIO GLOBO SA;17.115.437/0001-73;0833149253;25/06/2025;TODAS
besilato de anlodipino;LEGRAND PHARMA INDÚSTRIA FARMACÊUTICA LTDA;05.044.984/0001-26;1438464240;18/10/2024;TODAS
EVOXALI;FARMARIN INDUSTRIA E COMERCIO LTDA;58.635.830/0001-75;0982335245;18/07/2024;TODAS
EVOCLASS;FARMARIN INDUSTRIA E COMERCIO LTDA;58.635.830/0001-75;1201154211;29/03/2021;TODAS
LUTICS;ACHÉ LABORATÓRIOS FARMACÊUTICOS S.A;60.659.463/0029-92;2120800210;01/06/2021;TODAS
VITAMINA D3;Althaia S.A Indústria Farmacêutica;48.344.725/0007-19;0222035251;17/02/2025;TODAS
ezetimiba;BRAINFARMA INDÚSTRIA QUÍMICA E FARMACÊUTICA S.A;05.161.069/0001-10;0910048240;03/07/2024;TODAS
LOSARTANA POTÁSSICA + HIDROCLOROTIAZIDA;BIOLAB SANUS FARMACÊUTICA LTDA;49.475.833/0001-06;0876881258;03/07/2025;TODAS
pregabalina;AUROBINDO PHARMA INDÚSTRIA FARMACÊUTICA LIMITADA;04.301.884/0001-75;1486461239;29/12/2023;TODAS
risedronato sódico;GERMED FARMACEUTICA LTDA;45.992.062/0001-65;1550174240;11/11/2024;TODAS
INDAPAMIDA;PRATI DONADUZZI & CIA LTDA;73.856.593/0001-66;1670748243;06/12/2024;TODAS
Tavaflox;EMS SIGMA PHARMA LTDA;00.923.140/0001-31;4906744222;04/11/2022;TODAS
DOCEUNO;EUROFARMA LABORATÓRIOS S.A.;61.190.096/0001-92;1208326252;11/09/2025;TODAS
DEXLLA;EUROFARMA LABORATÓRIOS S.A.;61.190.096/0001-92;0264413253;25/02/2025;TODAS
DERMOMAX;ACHÉ LABORATÓRIOS FARMACÊUTICOS S.A;60.659.463/0029-92;0323101259;10/03/2025;TODAS
fosfato de oseltamivir;NATCOFARMA DO BRASIL LTDA;08.157.293/0001-27;0290075254;28/02/2025;TODAS
SUCCINATO DE DESVENLAFAXINA MONOIDRATADO;ACHÉ LABORATÓRIOS FARMACÊUTICOS S.A;60.659.463/0029-92;0931372259;17/07/2025;TODAS
FLUCONAZOL;VITAMEDIC INDUSTRIA FARMACEUTICA LTDA;30.222.814/0001-31;0420789251;27/03/2025;TODAS
ATENOLOL + CLORTALIDONA;VITAMEDIC INDUSTRIA FARMACEUTICA LTDA;30.222.814/0001-31;0911148256;11/07/2025;TODAS
HARVONI;GILEAD SCIENCES FARMACEUTICA DO BRASIL LTDA;15.670.288/0001-89;1256424242;12/09/2024;TODAS
VENCLEXTA;ABBVIE FARMACÊUTICA LTDA.;15.800.545/0001-50;0689952252;22/05/2025;TODAS
HIGICLER;CRISTÁLIA PRODUTOS QUÍMICOS FARMACÊUTICOS LTDA.;44.734.671/0001-51;0073388254;17/01/2025;TODAS
LACRIBELL;CRISTÁLIA PRODUTOS QUÍMICOS FARMACÊUTICOS LTDA.;44.734.671/0001-51;0756108250;04/06/2025;TODAS
Aciclovir TESTE;EMPRESA DE TESTE LTDA. (VS01);11.111.111/0001-91;1920763218;31/10/2023;TODAS
cloridrato de fexofenadina;EMS S/A;57.507.378/0003-65;0660547252;15/05/2025;TODAS
ETIRA;ACHÉ LABORATÓRIOS FARMACÊUTICOS S.A;60.659.463/0029-92;0915413248;04/07/2024;TODAS
NITRENCORD;ACHÉ LABORATÓRIOS FARMACÊUTICOS S.A;60.659.463/0029-92;0366903193;24/04/2019;TODAS
dapagliflozina propanodiol;LEGRAND PHARMA INDÚSTRIA FARMACÊUTICA LTDA;05.044.984/0001-26;4690028222;14/09/2022;TODAS
DAPAGLE;LEGRAND PHARMA INDÚSTRIA FARMACÊUTICA LTDA;05.044.984/0001-26;4690043221;14/09/2022;TODAS
desloratadina;GEOLAB INDÚSTRIA FARMACÊUTICA S/A;03.485.572/0001-04;1150682256;27/08/2025;TODAS
GESTRELAN;BIOLAB SANUS FARMACÊUTICA LTDA;49.475.833/0001-06;1113140241;14/08/2024;TODAS
cloridrato de sertralina;PRATI DONADUZZI & CIA LTDA;73.856.593/0001-66;0709675259;26/05/2025;TODAS
SILIMALON 140;ZYDUS NIKKHO FARMACÊUTICA LTDA;05.254.971/0001-81;0185913253;10/02/2025;TODAS
BESILATO DE ANLODIPINO + LOSARTANA POTÁSSICA;GERMED FARMACEUTICA LTDA;45.992.062/0001-65;1137980257;25/08/2025;TODAS
DPREV CAPS;MYRALIS INDÚSTRIA FARMACÊUTICA LTDA;17.440.261/0001-25;0147546257;03/02/2025;TODAS
LEVAFLOX;HALEX ISTAR INDÚSTRIA FARMACÊUTICA SA;01.571.702/0001-98;0805266259;16/06/2025;TODAS
AMOXICILINA TRI-HIDRATADA;ACHÉ LABORATÓRIOS FARMACÊUTICOS S.A;60.659.463/0029-92;0282512241;07/03/2024;TODAS
MAVIRET;ABBVIE FARMACÊUTICA LTDA.;15.800.545/0001-50;0949754234;06/09/2023;TODAS
ISOFARMA - SOLUÇÃO DE GLICONATO DE CÁLCIO 10%;HALEX ISTAR INDÚSTRIA FARMACÊUTICA SA;01.571.702/0001-98;7101621210;15/12/2021;TODAS
cloridrato de donepezila;UNICHEM FARMACÊUTICA DO BRASIL LTDA;05.399.786/0001-85;0677353251;20/05/2025;TODAS
MONONITRATO DE ISOSSORBIDA;BIOLAB SANUS FARMACÊUTICA LTDA;49.475.833/0001-06;0206702256;13/02/2025;TODAS
hemifumarato de quetiapina;SANOFI MEDLEY FARMACÊUTICA LTDA.;10.588.595/0010-92;0759726256;05/06/2025;TODAS
cloridrato de duloxetina;EUROFARMA LABORATÓRIOS S.A.;61.190.096/0001-92;0716738252;27/05/2025;TODAS
cloridrato de tramadol;EUROFARMA LABORATÓRIOS S.A.;61.190.096/0001-92;0190177241;19/02/2024;TODAS
Kisqali;NOVARTIS BIOCIENCIAS S.A;56.994.502/0001-30;1180125258;04/09/2025;TODAS
prednisolona;ACHÉ LABORATÓRIOS FARMACÊUTICOS S.A;60.659.463/0029-92;1148812253;27/08/2025;TODAS
maleato de trimebutina;EMS S/A;57.507.378/0003-65;4943686222;16/11/2022;TODAS
mesilato de doxazosina;PRATI DONADUZZI & CIA LTDA;73.856.593/0001-66;1635421241;29/11/2024;TODAS
ciprofibrato;BIOLAB SANUS FARMACÊUTICA LTDA;49.475.833/0001-06;0032249250;09/01/2025;TODAS
NICE;LABORATORIO DE EXTRATOS ALERGENICOS LTDA;28.614.626/0001-07;2231133211;09/06/2021;TODAS
nistatina + óxido de zinco;LEGRAND PHARMA INDÚSTRIA FARMACÊUTICA LTDA;05.044.984/0001-26;1186588225;18/03/2022;TODAS
ERLEADA;JANSSEN-CILAG FARMACÊUTICA LTDA;51.780.468/0001-87;1660162246;04/12/2024;TODAS
succinato sódico de metilprednisolona;BLAU FARMACÊUTICA S.A.;58.430.828/0001-60;0018993257;07/01/2025;TODAS
CARBOCISTEINA;ACHÉ LABORATÓRIOS FARMACÊUTICOS S.A;60.659.463/0029-92;4531965201;22/12/2020;TODAS
APAXY;GEOLAB INDÚSTRIA FARMACÊUTICA S/A;03.485.572/0001-04;1119769256;19/08/2025;TODAS
MELOXICAM;EUROFARMA LABORATÓRIOS S.A.;61.190.096/0001-92;0920771246;05/07/2024;TODAS
CICLOLATO;CRISTÁLIA PRODUTOS QUÍMICOS FARMACÊUTICOS LTDA.;44.734.671/0001-51;1523971240;05/11/2024;TODAS
mirtazapina;GERMED FARMACEUTICA LTDA;45.992.062/0001-65;0692461248;23/05/2024;TODAS
FLAMAPE;LABORATÓRIO GLOBO SA;17.115.437/0001-73;0772750254;09/06/2025;TODAS
INILOK;APSEN FARMACEUTICA S/A;62.462.015/0001-29;0236188259;19/02/2025;TODAS
DERMOCERYL;EMS S/A;57.507.378/0003-65;0240425251;20/02/2025;TODAS
cetoconazol + dipropionato de betametasona + sulfato de neomicina;EMS S/A;57.507.378/0003-65;4375975211;05/11/2021;TODAS
FIBRYGA;OCTAPHARMA BRASIL LTDA;02.552.927/0001-60;0925736252;16/07/2025;TODAS
ALPRAZOLAM;ACHÉ LABORATÓRIOS FARMACÊUTICOS S.A;60.659.463/0029-92;0455403252;03/04/2025;TODAS
ESC ODT;EUROFARMA LABORATÓRIOS S.A.;61.190.096/0001-92;0238061230;09/03/2023;TODAS
NEOVANGY MR;EMS S/A;57.507.378/0003-65;1722390247;17/12/2024;TODAS
INPRUV D K;APSEN FARMACEUTICA S/A;62.462.015/0001-29;0138408254;31/01/2025;TODAS
TORAGESIC OFTA;EMS SIGMA PHARMA LTDA;00.923.140/0001-31;0618123253;07/05/2025;TODAS
DVITTA;PRATI DONADUZZI & CIA LTDA;73.856.593/0001-66;2324901193;03/10/2019;TODAS
levetiracetam;ADIUM S.A.;55.980.684/0001-27;0516359258;15/04/2025;TODAS
rosuvastatina cálcica;Althaia S.A Indústria Farmacêutica;48.344.725/0007-19;1121605257;20/08/2025;TODAS
bromidrato de citalopram;PRATI DONADUZZI & CIA LTDA;73.856.593/0001-66;0294013237;23/03/2023;TODAS
ANSENTRON;ACHÉ LABORATÓRIOS FARMACÊUTICOS S.A;60.659.463/0029-92;4583808224;22/08/2022;TODAS
TOLREST;ACHÉ LABORATÓRIOS FARMACÊUTICOS S.A;60.659.463/0029-92;1205017259;11/09/2025;TODAS
ARPATABS;KLEY HERTZ FARMACEUTICA S.A;92.695.691/0001-03;1451820224;30/03/2022;TODAS
valerato de estradiol;EMS S/A;57.507.378/0003-65;8450414211;23/12/2021;TODAS
FITOCALM;LABORATORIO CATARINENSE LTDA;84.684.620/0001-87;0784354251;11/06/2025;TODAS
fulvestranto;ACCORD FARMACÊUTICA LTDA;64.171.697/0001-46;1055021256;13/08/2025;TODAS
etodolaco;ZYDUS NIKKHO FARMACÊUTICA LTDA;05.254.971/0001-81;4879412228;28/10/2022;TODAS
cloridrato de oxicodona;ADIUM S.A.;55.980.684/0001-27;0868562254;02/07/2025;TODAS
hemifumarato de quetiapina;CIMED INDUSTRIA S.A;02.814.497/0001-07;0637565240;14/05/2024;TODAS
EVOTERIN;FARMARIN INDUSTRIA E COMERCIO LTDA;58.635.830/0001-75;0302135251;06/03/2025;TODAS
dacarbazina;BLAU FARMACÊUTICA S.A.;58.430.828/0001-60;0731338251;29/05/2025;TODAS
Soolantra;GALDERMA BRASIL LTDA;00.317.372/0001-46;0142495255;31/01/2025;TODAS
rivaroxabana;INSTITUTO VITAL BRAZIL S/A;30.064.034/0001-00;0930912250;17/07/2025;TODAS
CETOPROFENO;ACHÉ LABORATÓRIOS FARMACÊUTICOS S.A;60.659.463/0029-92;0883884232;22/08/2023;TODAS
REGIOCIT;BAXTER HOSPITALAR LTDA;49.351.786/0002-61;0469266244;12/04/2024;TODAS
GAESO;ACHÉ LABORATÓRIOS FARMACÊUTICOS S.A;60.659.463/0029-92;1205052259;11/09/2025;TODAS
ANGIPRESS;ACHÉ LABORATÓRIOS FARMACÊUTICOS S.A;60.659.463/0029-92;0992169259;31/07/2025;TODAS
celecoxibe;ACHÉ LABORATÓRIOS FARMACÊUTICOS S.A;60.659.463/0029-92;0322821258;10/03/2025;TODAS
BIOMATROP;ACHÉ LABORATÓRIOS FARMACÊUTICOS S.A;60.659.463/0029-92;1041012211;17/03/2021;TODAS
TENSART;MYRALIS INDÚSTRIA FARMACÊUTICA LTDA;17.440.261/0001-25;0422561240;04/04/2024;TODAS
MARACUGINA PI (Passiflora incarnata L);COSMED INDUSTRIA DE COSMETICOS E MEDICAMENTOS S.A.;61.082.426/0002-07;1284134245;18/09/2024;TODAS
pregabalina;LEGRAND PHARMA INDÚSTRIA FARMACÊUTICA LTDA;05.044.984/0001-26;0501989251;11/04/2025;TODAS
pregabalina;GERMED FARMACEUTICA LTDA;45.992.062/0001-65;0502123257;11/04/2025;TODAS
succinato de desvenlafaxina monoidratado;Althaia S.A Indústria Farmacêutica;48.344.725/0007-19;0227655257;18/02/2025;TODAS
LOSARTANA POTÁSSICA;ACHÉ LABORATÓRIOS FARMACÊUTICOS S.A;60.659.463/0029-92;0365731251;18/03/2025;TODAS
amoxicilina tri-hidratada;ACHÉ LABORATÓRIOS FARMACÊUTICOS S.A;60.659.463/0029-92;3671917211;16/09/2021;TODAS
MALEATO DE TIMOLOL;ACHÉ LABORATÓRIOS FARMACÊUTICOS S.A;60.659.463/0029-92;4352753220;28/06/2022;TODAS
YVI;LEGRAND PHARMA INDÚSTRIA FARMACÊUTICA LTDA;05.044.984/0001-26;8450886210;23/12/2021;TODAS
Dupla;CRISTÁLIA PRODUTOS QUÍMICOS FARMACÊUTICOS LTDA.;44.734.671/0001-51;0725307251;28/05/2025;TODAS
hemitartarato de zolpidem;AUROBINDO PHARMA INDÚSTRIA FARMACÊUTICA LIMITADA;04.301.884/0001-75;1476342237;27/12/2023;TODAS
ZOMIG/ZOMIG OD;GRÜNENTHAL DO BRASIL FARMACÊUTICA LTDA.;10.555.143/0001-13;0803821255;16/06/2025;TODAS
CEFALEXINA MONOIDRATADA;MULTILAB INDUSTRIA E COMERCIO DE PRODUTOS FARMACEUTICOS LTDA;92.265.552/0009-05;0224133241;26/02/2024;TODAS
cloridrato de nebivolol;ACHÉ LABORATÓRIOS FARMACÊUTICOS S.A;60.659.463/0029-92;0193695251;11/02/2025;TODAS
olmesartana medoxomila+hidroclorotiazida;EMS S/A;57.507.378/0003-65;0918260256;15/07/2025;TODAS
Clopam;CRISTÁLIA PRODUTOS QUÍMICOS FARMACÊUTICOS LTDA.;44.734.671/0001-51;0139084240;05/02/2024;TODAS
VITAMINA D CIMED;CIMED INDUSTRIA S.A;02.814.497/0001-07;0577774247;02/05/2024;TODAS
FEXX;1FARMA INDUSTRIA FARMACEUTICA LTDA;48.113.906/0001-49;1659455243;04/12/2024;TODAS
CAPOX;GEOLAB INDÚSTRIA FARMACÊUTICA S/A;03.485.572/0001-04;5020321222;06/12/2022;TODAS
DPREV;MYRALIS INDÚSTRIA FARMACÊUTICA LTDA;17.440.261/0001-25;0742639258;02/06/2025;TODAS
PREGABALINA;RANBAXY FARMACÊUTICA LTDA;73.663.650/0001-90;1694157245;11/12/2024;TODAS
KOATE DVI;GRIFOLS BRASIL LTDA;02.513.899/0001-71;0193247259;11/02/2025;TODAS
hidroxiuréia;INSTITUTO VITAL BRAZIL S/A;30.064.034/0001-00;1359582212;09/04/2021;TODAS
NASOJET 3H;NATULAB LABORATORIO S.A;02.456.955/0001-83;4621187210;22/11/2021;TODAS
ALTRYXEN;EUROFARMA LABORATÓRIOS S.A.;61.190.096/0001-92;0272078255;26/02/2025;TODAS
KONDUZ;EMS S/A;57.507.378/0003-65;0501823255;11/04/2025;TODAS
omeprazol;ACHÉ LABORATÓRIOS FARMACÊUTICOS S.A;60.659.463/0029-92;0328247193;11/04/2019;TODAS
ORKAMBI;VERTEX FARMACEUTICA DO BRASIL LTDA.;21.798.065/0001-02;2452384224;18/04/2022;TODAS
LINADIB DUO;EMS S/A;57.507.378/0003-65;1069665258;14/08/2025;TODAS
valerato de estradiol;LEGRAND PHARMA INDÚSTRIA FARMACÊUTICA LTDA;05.044.984/0001-26;8450845211;23/12/2021;TODAS
valerato de estradiol;GERMED FARMACEUTICA LTDA;45.992.062/0001-65;8451299211;23/12/2021;TODAS
OLANZAPINA;ACHÉ LABORATÓRIOS FARMACÊUTICOS S.A;60.659.463/0029-92;0416621252;27/03/2025;TODAS
CLORTALIDONA;VITAMEDIC INDUSTRIA FARMACEUTICA LTDA;30.222.814/0001-31;4828685227;17/10/2022;TODAS
acetato de abiraterona;DR. REDDYS FARMACÊUTICA DO BRASIL LTDA;03.978.166/0001-75;0688957251;22/05/2025;TODAS
FLEBODIA;LABORATÓRIO GROSS S. A.;33.145.194/0001-72;0786170247;12/06/2024;TODAS
letrozol;GERMED FARMACEUTICA LTDA;45.992.062/0001-65;1681397242;09/12/2024;TODAS
Fungirox;UCI - FARMA INDÚSTRIA FARMACÊUTICA LTDA;48.396.378/0001-82;0987235183;10/10/2018;TODAS
ZOMI;SUN FARMACÊUTICA DO BRASIL LTDA;05.035.244/0001-23;1617088242;26/11/2024;TODAS
Rydapt;NOVARTIS BIOCIENCIAS S.A;56.994.502/0001-30;1421210240;16/10/2024;TODAS
Olumiant;ELI LILLY DO BRASIL LTDA;43.940.618/0001-44;0284107247;07/03/2024;TODAS
cefazolina sódica;INSTITUTO BIOCHIMICO INDÚSTRIA FARMACÊUTICA LTDA;33.258.401/0001-03;0849494257;28/06/2025;TODAS
sulfato de terbutalina;FRESENIUS KABI BRASIL LTDA;49.324.221/0001-04;1565438248;13/11/2024;TODAS
PRODUTO TESTE 21.08;EMPRESA DE TESTE LTDA. (VS01);11.111.111/0001-91;4208270225;25/05/2022;TODAS
amoxicilina + clavulanato de potássio;LABORATÓRIO TEUTO BRASILEIRO S/A;17.159.229/0001-76;0066584256;16/01/2025;TODAS
pemetrexede dissódico hemipentaidratado;BLAU FARMACÊUTICA S.A.;58.430.828/0001-60;0990632253;31/07/2025;TODAS
ANGIPRESS CD;ACHÉ LABORATÓRIOS FARMACÊUTICOS S.A;60.659.463/0029-92;0499583256;11/04/2025;TODAS
tretinoína;EMS S/A;57.507.378/0003-65;1003455255;04/08/2025;TODAS
HICONAZOL;HALEX ISTAR INDÚSTRIA FARMACÊUTICA SA;01.571.702/0001-98;0393424243;28/03/2024;TODAS
cloridrato de sertralina;LABORATÓRIO TEUTO BRASILEIRO S/A;17.159.229/0001-76;1638657246;29/11/2024;TODAS
RISPERIDONA;ACHÉ LABORATÓRIOS FARMACÊUTICOS S.A;60.659.463/0029-92;1205061258;11/09/2025;TODAS
INZELM;TAKEDA PHARMA LTDA.;60.397.775/0001-74;0767717252;06/06/2025;TODAS
Junno;FARMOQUÍMICA S/A;33.349.473/0001-58;1742562248;20/12/2024;TODAS
LORATAMED D;CIMED INDUSTRIA S.A;02.814.497/0001-07;0987940252;30/07/2025;TODAS
VELLANA;CRISTÁLIA PRODUTOS QUÍMICOS FARMACÊUTICOS LTDA.;44.734.671/0001-51;0655241256;15/05/2025;TODAS
pregabalina;Althaia S.A Indústria Farmacêutica;48.344.725/0007-19;0192994255;11/02/2025;TODAS
PULMONARE;CIFARMA CIENTÍFICA FARMACÊUTICA LTDA;17.562.075/0001-69;1330998216;07/04/2021;TODAS
tadalafila;CIMED INDUSTRIA S.A;02.814.497/0001-07;1500822248;31/10/2024;TODAS
MARESIS HT;FARMOQUÍMICA S/A;33.349.473/0001-58;0408924241;02/04/2024;TODAS
INSIT;APSEN FARMACEUTICA S/A;62.462.015/0001-29;0280726252;27/02/2025;TODAS
IBANDRONATO DE SODIO;ACHÉ LABORATÓRIOS FARMACÊUTICOS S.A;60.659.463/0029-92;1193216257;09/09/2025;TODAS
DELABAXI;EUROFARMA LABORATÓRIOS S.A.;61.190.096/0001-92;4995230220;30/11/2022;TODAS
BIKTARVY;GILEAD SCIENCES FARMACEUTICA DO BRASIL LTDA;15.670.288/0001-89;1594435243;21/11/2024;TODAS
CIBEX;SUPERA FARMA LABORATÓRIOS S.A;43.312.503/0001-05;0304337251;06/03/2025;TODAS
bilastina;EMS S/A;57.507.378/0003-65;0058796258;15/01/2025;TODAS
fosfato sódico de prednisolona;ACHÉ LABORATÓRIOS FARMACÊUTICOS S.A;60.659.463/0029-92;1318295211;06/04/2021;TODAS
LITERATA;CRISTÁLIA PRODUTOS QUÍMICOS FARMACÊUTICOS LTDA.;44.734.671/0001-51;0097447251;23/01/2025;TODAS
olanzapina;PHARLAB INDÚSTRIA FARMACÊUTICA S.A.;02.501.297/0001-02;5020354228;06/12/2022;TODAS
cloridrato de sertralina;LABORATÓRIO GLOBO SA;17.115.437/0001-73;1152691252;28/08/2025;TODAS
dicloridrato de levocetirizina;EMS S/A;57.507.378/0003-65;1443343242;21/10/2024;TODAS
pregabalina;EMS S/A;57.507.378/0003-65;0501722254;11/04/2025;TODAS
cefalexina;ANTIBIÓTICOS DO BRASIL LTDA;05.439.635/0001-03;4825219225;17/10/2022;TODAS
FORMOCAPS;ACHÉ LABORATÓRIOS FARMACÊUTICOS S.A;60.659.463/0029-92;0340250241;19/03/2024;TODAS
MALEATO DE ENALAPRIL;BIOLAB SANUS FARMACÊUTICA LTDA;49.475.833/0001-06;0659182254;15/05/2025;TODAS
REGENCEL;CRISTÁLIA PRODUTOS QUÍMICOS FARMACÊUTICOS LTDA.;44.734.671/0001-51;0476155258;07/04/2025;TODAS
GLICOSE;FARMARIN INDUSTRIA E COMERCIO LTDA;58.635.830/0001-75;1187352250;08/09/2025;TODAS
NUROMOL;RECKITT BENCKISER (BRASIL) LTDA;59.557.124/0001-15;1101831243;12/08/2024;TODAS
BUP XL;EUROFARMA LABORATÓRIOS S.A.;61.190.096/0001-92;1008497258;05/08/2025;TODAS
azitromicina monoidratada;QUIMICA HALLER LTDA;33.036.815/0001-80;1862282208;12/06/2020;TODAS
DRY;CRISTÁLIA PRODUTOS QUÍMICOS FARMACÊUTICOS LTDA.;44.734.671/0001-51;0676678254;20/05/2025;TODAS
CLORIDRATO DE TERBINAFINA;ACHÉ LABORATÓRIOS FARMACÊUTICOS S.A;60.659.463/0029-92;0940656256;21/07/2025;TODAS
Idacio;FRESENIUS KABI BRASIL LTDA;49.324.221/0001-04;0911594256;11/07/2025;TODAS
SPRAVATO;JANSSEN-CILAG FARMACÊUTICA LTDA;51.780.468/0001-87;0028875257;09/01/2025;TODAS
carvedilol;PRATI DONADUZZI & CIA LTDA;73.856.593/0001-66;1748496247;23/12/2024;TODAS
alendronato de sódio;CIMED INDUSTRIA S.A;02.814.497/0001-07;3941505208;10/11/2020;TODAS
piperaciclina sódica + tazobactam sódico;SANDOZ DO BRASIL INDÚSTRIA FARMACÊUTICA LTDA;61.286.647/0001-16;0786658258;11/06/2025;TODAS
D’ORTO;EUROFARMA LABORATÓRIOS S.A.;61.190.096/0001-92;4144536208;24/11/2020;TODAS
oxalato de escitalopram;CIMED INDUSTRIA S.A;02.814.497/0001-07;0901061255;09/07/2025;TODAS
ATROVERAN DIP;COSMED INDUSTRIA DE COSMETICOS E MEDICAMENTOS S.A.;61.082.426/0002-07;0531948251;17/04/2025;TODAS
norfloxacino;GEOLAB INDÚSTRIA FARMACÊUTICA S/A;03.485.572/0001-04;1153616254;28/08/2025;TODAS
tenoxicam;UNIÃO QUÍMICA FARMACÊUTICA NACIONAL S/A;60.665.981/0001-18;0448658259;02/04/2025;TODAS
LIZBI®;HALEX ISTAR INDÚSTRIA FARMACÊUTICA SA;01.571.702/0001-98;0420360255;27/03/2025;TODAS
mesilato de doxazosina;AUROBINDO PHARMA INDÚSTRIA FARMACÊUTICA LIMITADA;04.301.884/0001-75;0923521259;16/07/2025;TODAS
AVIV;COSMED INDUSTRIA DE COSMETICOS E MEDICAMENTOS S.A.;61.082.426/0002-07;0383393256;21/03/2025;TODAS
HEMITARTARATO DE RIVASTIGMINA;ACHÉ LABORATÓRIOS FARMACÊUTICOS S.A;60.659.463/0029-92;1007271256;05/08/2025;TODAS
PLENIGELL;CRISTÁLIA PRODUTOS QUÍMICOS FARMACÊUTICOS LTDA.;44.734.671/0001-51;0754280241;05/06/2024;TODAS
Undecilato de testosterona;EUROFARMA LABORATÓRIOS S.A.;61.190.096/0001-92;0377854255;20/03/2025;TODAS
FLUVIRAL NOITE;COSMED INDUSTRIA DE COSMETICOS E MEDICAMENTOS S.A.;61.082.426/0002-07;0207534250;13/02/2025;TODAS
azitromicina;GERMED FARMACEUTICA LTDA;45.992.062/0001-65;1203207247;02/09/2024;TODAS
LACOTEM;ADIUM S.A.;55.980.684/0001-27;1602166242;22/11/2024;TODAS
levofloxacino hemi-hidratado;GERMED FARMACEUTICA LTDA;45.992.062/0001-65;0569427258;28/04/2025;TODAS
DICLORIDRATO DE BETAISTINA;ACHÉ LABORATÓRIOS FARMACÊUTICOS S.A;60.659.463/0029-92;0713225254;27/05/2025;TODAS
cloridrato de ciclobenzaprina;ACHÉ LABORATÓRIOS FARMACÊUTICOS S.A;60.659.463/0029-92;1726263240;18/12/2024;TODAS
FLUCONAZOL;HALEX ISTAR INDÚSTRIA FARMACÊUTICA SA;01.571.702/0001-98;4353638220;28/06/2022;TODAS
levofloxacino hemi-hidratado;LEGRAND PHARMA INDÚSTRIA FARMACÊUTICA LTDA;05.044.984/0001-26;0571054251;28/04/2025;TODAS
EMSEXPECTOR;EMS S/A;57.507.378/0003-65;1152920251;28/08/2025;TODAS
nistatina+oxido de zinco;CIMED INDUSTRIA S.A;02.814.497/0001-07;1659522242;04/12/2024;TODAS
EVOZAR;FARMARIN INDUSTRIA E COMERCIO LTDA;58.635.830/0001-75;0730002250;29/05/2025;TODAS
FUROSEMIDA;ACHÉ LABORATÓRIOS FARMACÊUTICOS S.A;60.659.463/0029-92;0099781255;23/01/2025;TODAS
DEFORCE;ZYDUS NIKKHO FARMACÊUTICA LTDA;05.254.971/0001-81;4230254229;30/05/2022;TODAS
NEOTIGASON;TEVA FARMACÊUTICA LTDA.;05.333.542/0001-08;0961089245;15/07/2024;TODAS
GYNOTRAN;EXELTIS LABORATORIO FARMACEUTICO LTDA;19.136.432/0001-52;1053879253;13/08/2025;TODAS
atenolol;BIOLAB SANUS FARMACÊUTICA LTDA;49.475.833/0001-06;0455817251;03/04/2025;TODAS
VERZENIOS;ELI LILLY DO BRASIL LTDA;43.940.618/0001-44;0608437255;06/05/2025;TODAS
TRATURIL;APSEN FARMACEUTICA S/A;62.462.015/0001-29;1650615248;03/12/2024;TODAS
XILFYA;PFIZER BRASIL LTDA;61.072.393/0001-33;1350013242;01/10/2024;TODAS
VEAC;EUROFARMA LABORATÓRIOS S.A.;61.190.096/0001-92;1038543231;29/09/2023;TODAS
cloridrato de metformina;GERMED FARMACEUTICA LTDA;45.992.062/0001-65;4077847214;15/10/2021;TODAS
maleato de enalapril;LABORATÓRIO GLOBO SA;17.115.437/0001-73;0828140251;24/06/2025;TODAS
Oxypynal;ADIUM S.A.;55.980.684/0001-27;0868166251;02/07/2025;TODAS
Cloridrato de raloxifeno;EMS S/A;57.507.378/0003-65;4513614226;05/08/2022;TODAS
CORUS;ACHÉ LABORATÓRIOS FARMACÊUTICOS S.A;60.659.463/0029-92;0577713256;29/04/2025;TODAS
ISOFARMA-SOLUÇÃO DE CLORETO DE SODIO;HALEX ISTAR INDÚSTRIA FARMACÊUTICA SA;01.571.702/0001-98;0753756234;20/07/2023;TODAS
ACICLOVIR;ACHÉ LABORATÓRIOS FARMACÊUTICOS S.A;60.659.463/0029-92;0720480230;13/07/2023;TODAS
FILGRASTIM;ACHÉ LABORATÓRIOS FARMACÊUTICOS S.A;60.659.463/0029-92;0212222244;22/02/2024;TODAS
Topiramato;ACHÉ LABORATÓRIOS FARMACÊUTICOS S.A;60.659.463/0029-92;0218812230;06/03/2023;TODAS
succinato de solifenacina;GERMED FARMACEUTICA LTDA;45.992.062/0001-65;0578942259;29/04/2025;TODAS
metildopa;PRATI DONADUZZI & CIA LTDA;73.856.593/0001-66;0622715259;08/05/2025;TODAS
dicloridrato de levocetirizina;BRAINFARMA INDÚSTRIA QUÍMICA E FARMACÊUTICA S.A;05.161.069/0001-10;2669414214;09/07/2021;TODAS
gliclazida;LEGRAND PHARMA INDÚSTRIA FARMACÊUTICA LTDA;05.044.984/0001-26;0631220259;09/05/2025;TODAS
ZIOR;ACHÉ LABORATÓRIOS FARMACÊUTICOS S.A;60.659.463/0029-92;0557500211;11/02/2021;TODAS
MOZ;Camber Farmaceutica Ltda;24.633.934/0001-29;0427366259;28/03/2025;TODAS
ICLUSIG;PINT PHARMA PRODUTOS MEDICO-HOSPITALARES E FARMACEUTICOS LTDA;21.896.000/0001-91;1461536243;24/10/2024;TODAS
exemestano;SUN FARMACÊUTICA DO BRASIL LTDA;05.035.244/0001-23;1694625249;11/12/2024;TODAS
PLEX-D3 VITAMIN;KLEY HERTZ FARMACEUTICA S.A;92.695.691/0001-03;1203814218;29/03/2021;TODAS
SOLUÇÃO FISIOLÓGICA;FARMARIN INDUSTRIA E COMERCIO LTDA;58.635.830/0001-75;1177292254;04/09/2025;TODAS
SORBITOL + MANITOL;HALEX ISTAR INDÚSTRIA FARMACÊUTICA SA;01.571.702/0001-98;3370457201;01/10/2020;TODAS
carvedilol;ZYDUS NIKKHO FARMACÊUTICA LTDA;05.254.971/0001-81;0340884258;13/03/2025;TODAS
minoxidil;GERMED FARMACEUTICA LTDA;45.992.062/0001-65;0380162253;20/03/2025;TODAS
AJOVY;TEVA FARMACÊUTICA LTDA.;05.333.542/0001-08;0377646237;14/04/2023;TODAS
oxalato de escitalopram;ACHÉ LABORATÓRIOS FARMACÊUTICOS S.A;60.659.463/0029-92;1132578256;22/08/2025;TODAS
TRAZIMERA;PFIZER BRASIL LTDA;61.072.393/0001-33;0468597247;12/04/2024;TODAS
PRESMIN;CRISTÁLIA PRODUTOS QUÍMICOS FARMACÊUTICOS LTDA.;44.734.671/0001-51;1567250246;14/11/2024;TODAS
GLYXAMBI;BOEHRINGER INGELHEIM DO BRASIL QUÍMICA E FARMACÊUTICA LTDA.;60.831.658/0001-77;0194213251;11/02/2025;TODAS
BESILATO DE ANLODIPINO;VITAMEDIC INDUSTRIA FARMACEUTICA LTDA;30.222.814/0001-31;1445705249;21/10/2024;TODAS
SILARYM;MYRALIS INDÚSTRIA FARMACÊUTICA LTDA;17.440.261/0001-25;4468947225;28/07/2022;TODAS
CORDAREX;ACHÉ LABORATÓRIOS FARMACÊUTICOS S.A;60.659.463/0029-92;0066929253;16/01/2025;TODAS
CLINDOXYL;GLAXOSMITHKLINE BRASIL LTDA;33.247.743/0001-10;1144435251;26/08/2025;TODAS
valsartana;ACHÉ LABORATÓRIOS FARMACÊUTICOS S.A;60.659.463/0029-92;1174345250;03/09/2025;TODAS
MEFEX;ACHÉ LABORATÓRIOS FARMACÊUTICOS S.A;60.659.463/0029-92;1390889238;07/12/2023;TODAS
ticagrelor;EMS S/A;57.507.378/0003-65;1138034258;25/08/2025;TODAS
besilato de anlodipino;ACCORD FARMACÊUTICA LTDA;64.171.697/0001-46;1330918218;07/04/2021;TODAS
BABYMED TRATAMENTO;CIMED INDUSTRIA S.A;02.814.497/0001-07;4241907229;01/06/2022;TODAS
EVOBRIG;TAKEDA PHARMA LTDA.;60.397.775/0001-74;5213211216;10/12/2021;TODAS
BUTILBROMETO DE ESCOPOLAMINA+DIPIRONA SODICA;UNIÃO QUÍMICA FARMACÊUTICA NACIONAL S/A;60.665.981/0001-18;1444296248;21/10/2024;TODAS
VITANOL-A;GLAXOSMITHKLINE BRASIL LTDA;33.247.743/0001-10;0617609250;07/05/2025;TODAS
COD PAR;SUPERA FARMA LABORATÓRIOS S.A;43.312.503/0001-05;0709293259;26/05/2025;TODAS
NITRENDIPINO;ACHÉ LABORATÓRIOS FARMACÊUTICOS S.A;60.659.463/0029-92;1662017243;05/12/2024;TODAS
risperidona;GEOLAB INDÚSTRIA FARMACÊUTICA S/A;03.485.572/0001-04;0377747254;20/03/2025;TODAS
Prednisolona;EUROFARMA LABORATÓRIOS S.A.;61.190.096/0001-92;0271032243;05/03/2024;TODAS
LOMECAN;GLENMARK FARMACÊUTICA LTDA;44.363.661/0001-57;0967716250;24/07/2025;TODAS
EMSFEB EFE;EMS S/A;57.507.378/0003-65;0983262241;18/07/2024;TODAS
bezafibrato;GLENMARK FARMACÊUTICA LTDA;44.363.661/0001-57;0866452257;02/07/2025;TODAS
cloridrato de amiodarona;GEOLAB INDÚSTRIA FARMACÊUTICA S/A;03.485.572/0001-04;0506365255;14/04/2025;TODAS
ISOFARMA SOLUÇÃO DE FOSFATO DE POTÁSSIO 2 MEQ/ML;HALEX ISTAR INDÚSTRIA FARMACÊUTICA SA;01.571.702/0001-98;4289458201;04/12/2020;TODAS
cefazolina sódica;ANTIBIÓTICOS DO BRASIL LTDA;05.439.635/0001-03;1558698217;23/04/2021;TODAS
paracetamol;LABORATÓRIO TEUTO BRASILEIRO S/A;17.159.229/0001-76;2536377229;26/04/2022;TODAS
REGISTRO ELETRÔNICO;EMPRESA DE TESTE LTDA. (VS01);11.111.111/0001-91;1451447221;30/03/2022;TODAS
ciprofloxacino;HALEX ISTAR INDÚSTRIA FARMACÊUTICA SA;01.571.702/0001-98;7110283216;15/12/2021;TODAS
ISOFARMA-SOLUÇÃO DE CLORETO DE POTÁSSIO;HALEX ISTAR INDÚSTRIA FARMACÊUTICA SA;01.571.702/0001-98;7108575213;15/12/2021;TODAS
cloridrato de bupropiona;PRATI DONADUZZI & CIA LTDA;73.856.593/0001-66;1930972214;19/05/2021;TODAS
TACFEN;EMS S/A;57.507.378/0003-65;1293030244;19/09/2024;TODAS
ezetimiba + sinvastatina;ZYDUS NIKKHO FARMACÊUTICA LTDA;05.254.971/0001-81;0706554256;26/05/2025;TODAS
IGVENA;KEDRION BRASIL LTDA.;09.284.952/0001-59;0916268250;14/07/2025;TODAS
cloridrato de donepezila;GEOLAB INDÚSTRIA FARMACÊUTICA S/A;03.485.572/0001-04;0726334251;28/05/2025;TODAS
cloridrato de trazodona;ZYDUS NIKKHO FARMACÊUTICA LTDA;05.254.971/0001-81;0768320259;06/06/2025;TODAS
IMUNOTRAT PELARGONIUM;KLEY HERTZ FARMACEUTICA S.A;92.695.691/0001-03;3265662217;19/08/2021;TODAS
BINAV;BLANVER FARMOQUIMICA E FARMACEUTICA S.A.;53.359.824/0001-19;0643427236;23/06/2023;TODAS
dicloridrato de betaistina;AUROBINDO PHARMA INDÚSTRIA FARMACÊUTICA LIMITADA;04.301.884/0001-75;0934948259;18/07/2025;TODAS
linagliptina;GERMED FARMACEUTICA LTDA;45.992.062/0001-65;0336216254;12/03/2025;TODAS
linagliptina;LEGRAND PHARMA INDÚSTRIA FARMACÊUTICA LTDA;05.044.984/0001-26;0336269251;12/03/2025;TODAS
GLINAPE;LEGRAND PHARMA INDÚSTRIA FARMACÊUTICA LTDA;05.044.984/0001-26;0336352255;12/03/2025;TODAS
LINADIB;EMS S/A;57.507.378/0003-65;0336454252;12/03/2025;TODAS
GLUNAC;GERMED FARMACEUTICA LTDA;45.992.062/0001-65;0336486251;12/03/2025;TODAS
AH-ZUL;LEGRAND PHARMA INDÚSTRIA FARMACÊUTICA LTDA;05.044.984/0001-26;1443583243;21/10/2024;TODAS
esomeprazol magnésico tri-hidratado;EMS S/A;57.507.378/0003-65;0641998252;13/05/2025;TODAS
ofloxacino;LEGRAND PHARMA INDÚSTRIA FARMACÊUTICA LTDA;05.044.984/0001-26;1495803211;19/04/2021;TODAS
OLZICAR HCT;COSMED INDUSTRIA DE COSMETICOS E MEDICAMENTOS S.A.;61.082.426/0002-07;0653977255;14/05/2025;TODAS
SEVOFLURANO;UNIÃO QUÍMICA FARMACÊUTICA NACIONAL S/A;60.665.981/0001-18;0777894238;26/07/2023;TODAS
hidroclorotiazida;GERMED FARMACEUTICA LTDA;45.992.062/0001-65;0277010250;27/02/2025;TODAS
meloxicam;PRATI DONADUZZI & CIA LTDA;73.856.593/0001-66;0610793250;06/05/2025;TODAS
mirtazapina;SANOFI MEDLEY FARMACÊUTICA LTDA.;10.588.595/0010-92;4548836217;17/11/2021;TODAS
BENZIFLEX LIS;EMS S/A;57.507.378/0003-65;1148589244;21/08/2024;TODAS
NIMBIUM;ASPEN PHARMA INDÚSTRIA FARMACÊUTICA LTDA;02.433.631/0001-20;4590266229;23/08/2022;TODAS
sinvastatina;LABORATÓRIO GLOBO SA;17.115.437/0001-73;1058956256;13/08/2025;TODAS
cloridrato de ciprofloxacino;GERMED FARMACEUTICA LTDA;45.992.062/0001-65;0706848214;22/02/2021;TODAS
NORMASTIG;UNIÃO QUÍMICA FARMACÊUTICA NACIONAL S/A;60.665.981/0001-18;1156245222;17/03/2022;TODAS
KOPAX;GERMED FARMACEUTICA LTDA;45.992.062/0001-65;1408880245;14/10/2024;TODAS
daptomicina;EUROFARMA LABORATÓRIOS S.A.;61.190.096/0001-92;4949948229;17/11/2022;TODAS
Everolimo;NATCOFARMA DO BRASIL LTDA;08.157.293/0001-27;1263615244;13/09/2024;TODAS
GALZET;LEGRAND PHARMA INDÚSTRIA FARMACÊUTICA LTDA;05.044.984/0001-26;4431244221;15/07/2022;TODAS
metronidazol;FRESENIUS KABI BRASIL LTDA;49.324.221/0001-04;5071221225;20/12/2022;TODAS
DESDUO;TORRENT DO BRASIL LTDA;33.078.528/0001-32;1214417248;03/09/2024;TODAS
LACASS;ARESE PHARMA LTDA.;07.670.111/0001-54;0248798243;29/02/2024;TODAS
VALSARTANA;GERMED FARMACEUTICA LTDA;45.992.062/0001-65;1174348259;03/09/2025;TODAS
PROTOPIC;LEO PHARMA LTDA;11.424.477/0001-10;1152797255;28/08/2025;TODAS
BESEROL;MEGALABS FARMACEUTICA S.A.;33.026.055/0001-20;1197833242;30/08/2024;TODAS
cloridrato de amitriptilina;LEGRAND PHARMA INDÚSTRIA FARMACÊUTICA LTDA;05.044.984/0001-26;0991647254;31/07/2025;TODAS
PAXORAL;APSEN FARMACEUTICA S/A;62.462.015/0001-29;0435856251;31/03/2025;TODAS
ATTOSY;ACCORD FARMACÊUTICA LTDA;64.171.697/0001-46;0532023212;09/02/2021;TODAS
Caab;ACCORD FARMACÊUTICA LTDA;64.171.697/0001-46;1348349218;08/04/2021;TODAS
cloridrato de ropivacaína;HYPOFARMA - INSTITUTO DE HYPODERMIA E FARMÁCIA LTDA;17.174.657/0001-78;1122165251;20/08/2025;TODAS
cloridrato de ciclobenzaprina;AUROBINDO PHARMA INDÚSTRIA FARMACÊUTICA LIMITADA;04.301.884/0001-75;4780453224;04/10/2022;TODAS
HIZOLP;EMS S/A;57.507.378/0003-65;0033974250;09/01/2025;TODAS
AMOXICILINA;LABORATÓRIO TEUTO BRASILEIRO S/A;17.159.229/0001-76;0015639258;07/01/2025;TODAS
COLPIST MT;ARESE PHARMA LTDA.;07.670.111/0001-54;0751122254;03/06/2025;TODAS
COQUES;EUROFARMA LABORATÓRIOS S.A.;61.190.096/0001-92;0663017238;28/06/2023;TODAS
citrato de sildenafila;EMS SIGMA PHARMA LTDA;00.923.140/0001-31;1443822248;21/10/2024;TODAS
URGISIN;LEGRAND PHARMA INDÚSTRIA FARMACÊUTICA LTDA;05.044.984/0001-26;0571204252;28/04/2025;TODAS
FLAMADOR;LEGRAND PHARMA INDÚSTRIA FARMACÊUTICA LTDA;05.044.984/0001-26;0052730255;14/01/2025;TODAS
TRUXIMA;CELLTRION HEALTHCARE DISTRIBUICAO DE PRODUTOS FARMACEUTICOS DOS BRASIL LTDA;05.452.889/0001-61;1005541256;04/08/2025;TODAS
BRASART;EMS SIGMA PHARMA LTDA;00.923.140/0001-31;1175016250;03/09/2025;TODAS
CALMAN;ASPEN PHARMA INDÚSTRIA FARMACÊUTICA LTDA;02.433.631/0001-20;0128424257;29/01/2025;TODAS
CLOTRIMAZOL;LABORATÓRIO GLOBO SA;17.115.437/0001-73;0788204254;11/06/2025;TODAS
atenolol + clortalidona;LEGRAND PHARMA INDÚSTRIA FARMACÊUTICA LTDA;05.044.984/0001-26;0890038252;07/07/2025;TODAS
bimatoprosta;GERMED FARMACEUTICA LTDA;45.992.062/0001-65;0414309251;26/03/2025;TODAS
PROPOTIL;Midfarma Produtos Farmaceuticos Ltda;13.863.381/0001-84;1316085211;06/04/2021;TODAS
pantoprazol sódico sesqui-hidratado;LEGRAND PHARMA INDÚSTRIA FARMACÊUTICA LTDA;05.044.984/0001-26;0975875256;28/07/2025;TODAS
NALDECON NOITE;RECKITT BENCKISER (BRASIL) LTDA;59.557.124/0001-15;0040634230;13/01/2023;TODAS
citrato de sildenafila;LEGRAND PHARMA INDÚSTRIA FARMACÊUTICA LTDA;05.044.984/0001-26;4503066226;03/08/2022;TODAS
DALACIN C;PFIZER BRASIL LTDA;61.072.393/0001-33;0964707250;24/07/2025;TODAS
TRACRIUM;ASPEN PHARMA INDÚSTRIA FARMACÊUTICA LTDA;02.433.631/0001-20;4590014220;23/08/2022;TODAS
APEVITIN BC;EMS S/A;57.507.378/0003-65;0891219251;07/07/2025;TODAS
ANDES;SUPERA FARMA LABORATÓRIOS S.A;43.312.503/0001-05;1106341244;13/08/2024;TODAS
valsartana + besilato de anlodipino;EMS S/A;57.507.378/0003-65;1525194241;05/11/2024;TODAS
risperidona;UNIÃO QUÍMICA FARMACÊUTICA NACIONAL S/A;60.665.981/0001-18;0070842256;17/01/2025;TODAS
Telmigran HCT;LEGRAND PHARMA INDÚSTRIA FARMACÊUTICA LTDA;05.044.984/0001-26;0337242259;12/03/2025;TODAS
hemitartarato de zolpidem;NOVARTIS BIOCIENCIAS S.A;56.994.502/0001-30;1637552246;29/11/2024;TODAS
CLIOQDERM;GEOLAB INDÚSTRIA FARMACÊUTICA S/A;03.485.572/0001-04;0141170185;23/02/2018;TODAS
NIQUITIN;MAPPEL INDÚSTRIA DE EMBALAGENS S.A.;01.233.103/0001-64;4501341220;03/08/2022;TODAS
bromidrato de galantamina;FUNDAÇÃO PARA O REMÉDIO POPULAR - FURP;43.640.754/0001-19;1472896220;31/03/2022;TODAS
pantoprazol sódico;1FARMA INDUSTRIA FARMACEUTICA LTDA;48.113.906/0001-49;0842300208;20/03/2020;TODAS
NAROPIN;ASPEN PHARMA INDÚSTRIA FARMACÊUTICA LTDA;02.433.631/0001-20;0686916255;22/05/2025;TODAS
OMCILON A;ASPEN PHARMA INDÚSTRIA FARMACÊUTICA LTDA;02.433.631/0001-20;0720905257;28/05/2025;TODAS
COR-SELECT;BIOLAB SANUS FARMACÊUTICA LTDA;49.475.833/0001-06;4481870200;18/12/2020;TODAS
PRESSALIV;COSMED INDUSTRIA DE COSMETICOS E MEDICAMENTOS S.A.;61.082.426/0002-07;0574993180;18/07/2018;TODAS
OSTEOFORM;EMS SIGMA PHARMA LTDA;00.923.140/0001-31;0725682256;28/05/2025;TODAS
ALFRON;EMS SIGMA PHARMA LTDA;00.923.140/0001-31;4415748228;12/07/2022;TODAS
PANZOMED;CIMED INDUSTRIA S.A;02.814.497/0001-07;0920374185;21/09/2018;TODAS
CLORIDRATO DE BUPROPIONA;UNIÃO QUÍMICA FARMACÊUTICA NACIONAL S/A;60.665.981/0001-18;0293472254;03/03/2025;TODAS
paracetamol;GERMED FARMACEUTICA LTDA;45.992.062/0001-65;1681092247;09/12/2024;TODAS
telmisartana+hidroclorotiazida;LEGRAND PHARMA INDÚSTRIA FARMACÊUTICA LTDA;05.044.984/0001-26;0337312257;12/03/2025;TODAS
MONOZOL;LEGRAND PHARMA INDÚSTRIA FARMACÊUTICA LTDA;05.044.984/0001-26;0246870249;29/02/2024;TODAS
ZINFORO;PFIZER BRASIL LTDA;61.072.393/0001-33;1196628246;30/08/2024;TODAS
valsartana;Althaia S.A Indústria Farmacêutica;48.344.725/0007-19;0786715251;11/06/2025;TODAS
cloridrato de ciclobenzaprina;LABORATÓRIO GLOBO SA;17.115.437/0001-73;0569300240;30/04/2024;TODAS
AFREZZA;BIOMM SA;04.752.991/0001-10;0793546257;12/06/2025;TODAS
GLIMEPIRIDA;PRATI DONADUZZI & CIA LTDA;73.856.593/0001-66;2808842210;19/07/2021;TODAS
LAMOTRIGINA;PRATI DONADUZZI & CIA LTDA;73.856.593/0001-66;0652920250;14/05/2025;TODAS
aciclovir;PRATI DONADUZZI & CIA LTDA;73.856.593/0001-66;0585740259;30/04/2025;TODAS
mesalazina;PRATI DONADUZZI & CIA LTDA;73.856.593/0001-66;0825983258;23/06/2025;TODAS
citrato de sildenafila;CIMED INDUSTRIA S.A;02.814.497/0001-07;0357689241;22/03/2024;TODAS
ibuprofeno;PRATI DONADUZZI & CIA LTDA;73.856.593/0001-66;0581285255;30/04/2025;TODAS
paracetamol + fosfato de codeina;BRAINFARMA INDÚSTRIA QUÍMICA E FARMACÊUTICA S.A;05.161.069/0001-10;0834724251;25/06/2025;TODAS
rosuvastatina cálcica;NOVARTIS BIOCIENCIAS S.A;56.994.502/0001-30;0916027244;04/07/2024;TODAS
Tacrolimo;GERMED FARMACEUTICA LTDA;45.992.062/0001-65;1195261250;09/09/2025;TODAS
LEUKERAN;ASPEN PHARMA INDÚSTRIA FARMACÊUTICA LTDA;02.433.631/0001-20;0528064258;17/04/2025;TODAS
valsartana + hidroclorotiazida;GERMED FARMACEUTICA LTDA;45.992.062/0001-65;1737393247;19/12/2024;TODAS
telmisartana+hidroclorotiazida;GERMED FARMACEUTICA LTDA;45.992.062/0001-65;0337251258;12/03/2025;TODAS
ESMOG;EMS S/A;57.507.378/0003-65;0622168258;08/05/2025;TODAS
PERGO;EUROFARMA LABORATÓRIOS S.A.;61.190.096/0001-92;5114651234;02/01/2023;TODAS
cloridrato de venlafaxina;GEOLAB INDÚSTRIA FARMACÊUTICA S/A;03.485.572/0001-04;0026223252;08/01/2025;TODAS
YVEC;GERMED FARMACEUTICA LTDA;45.992.062/0001-65;0115330259;27/01/2025;TODAS
LUMIDERM;EMS SIGMA PHARMA LTDA;00.923.140/0001-31;1373658212;10/04/2021;TODAS
amoxicilina;GERMED FARMACEUTICA LTDA;45.992.062/0001-65;0154960250;04/02/2025;TODAS
Diclofenaco potássico;GEOLAB INDÚSTRIA FARMACÊUTICA S/A;03.485.572/0001-04;0976776251;28/07/2025;TODAS
olanzapina;PRATI DONADUZZI & CIA LTDA;73.856.593/0001-66;0784812250;11/06/2025;TODAS
Aminoven 10% Infant;FRESENIUS KABI BRASIL LTDA;49.324.221/0001-04;1317893218;06/04/2021;TODAS
AKINETON;Laboratórios Bagó do Brasil S/A;04.748.181/0009-47;1346621241;01/10/2024;TODAS
algestona acetofenida + enantato de estradiol;LEGRAND PHARMA INDÚSTRIA FARMACÊUTICA LTDA;05.044.984/0001-26;0122922247;31/01/2024;TODAS
DUTASTERIDA + CLORIDRATO DE TANSULOSINA;ADIUM S.A.;55.980.684/0001-27;1072835258;14/08/2025;TODAS
albendazol;GERMED FARMACEUTICA LTDA;45.992.062/0001-65;0247020249;29/02/2024;TODAS
TRACOX;FARMOQUÍMICA S/A;33.349.473/0001-58;0771018258;09/06/2025;TODAS
cefaclor;GERMED FARMACEUTICA LTDA;45.992.062/0001-65;1598384216;26/04/2021;TODAS
BERGOX;LEGRAND PHARMA INDÚSTRIA FARMACÊUTICA LTDA;05.044.984/0001-26;1701015242;12/12/2024;TODAS
STELE;BIOLAB SANUS FARMACÊUTICA LTDA;49.475.833/0001-06;0066299250;16/01/2025;TODAS
MESILATO DE DOXAZOSINA;BRAINFARMA INDÚSTRIA QUÍMICA E FARMACÊUTICA S.A;05.161.069/0001-10;1273771231;17/11/2023;TODAS
ZOLTEC;PFIZER BRASIL LTDA;61.072.393/0001-33;1379009243;08/10/2024;TODAS
DAXAS;ASTRAZENECA DO BRASIL LTDA;60.318.797/0001-00;1151004251;27/08/2025;TODAS
acebrofilina;LABORATÓRIO GLOBO SA;17.115.437/0001-73;0761737251;05/06/2025;TODAS
DERMOSALIC;CELLERA FARMACÊUTICA S.A.;33.173.097/0002-74;0918974241;05/07/2024;TODAS
XYLOCAINA;ASPEN PHARMA INDÚSTRIA FARMACÊUTICA LTDA;02.433.631/0001-20;0566369257;28/04/2025;TODAS
DURATESTON;ASPEN PHARMA INDÚSTRIA FARMACÊUTICA LTDA;02.433.631/0001-20;0117463230;06/02/2023;TODAS
MALEATO DE DEXCLORFENIRAMINA + BETAMETASONA;1FARMA INDUSTRIA FARMACEUTICA LTDA;48.113.906/0001-49;0882585208;24/03/2020;TODAS
DOSTINEX;PFIZER BRASIL LTDA;61.072.393/0001-33;1271783240;16/09/2024;TODAS
citrato de sildenafila;AUROBINDO PHARMA INDÚSTRIA FARMACÊUTICA LIMITADA;04.301.884/0001-75;3765036218;23/09/2021;TODAS
MESTINON;CELLERA FARMACÊUTICA S.A.;33.173.097/0002-74;1047238241;31/07/2024;TODAS
PLAQUEVIX;EMS S/A;57.507.378/0003-65;0347496253;14/03/2025;TODAS
AMOX-EMS;EMS S/A;57.507.378/0003-65;0977085252;28/07/2025;TODAS
ALTAD;EUROFARMA LABORATÓRIOS S.A.;61.190.096/0001-92;1513445218;20/04/2021;TODAS
BAVENCIO;MERCK S/A;33.069.212/0001-84;0795466251;13/06/2025;TODAS
FELDENE;PFIZER BRASIL LTDA;61.072.393/0001-33;0696799243;24/05/2024;TODAS
ZYPAROX;ZYDUS NIKKHO FARMACÊUTICA LTDA;05.254.971/0001-81;0768880254;06/06/2025;TODAS
ENTOCORT;BIOLAB SANUS FARMACÊUTICA LTDA;49.475.833/0001-06;1412656217;13/04/2021;TODAS
SOROZINC;CIFARMA CIENTÍFICA FARMACÊUTICA LTDA;17.562.075/0001-69;0557383251;25/04/2025;TODAS
ácido mefenâmico;LEGRAND PHARMA INDÚSTRIA FARMACÊUTICA LTDA;05.044.984/0001-26;1111914249;14/08/2024;TODAS
desloratadina;1FARMA INDUSTRIA FARMACEUTICA LTDA;48.113.906/0001-49;2668423193;01/11/2019;TODAS
ÁGUA PARA INJETÁVEIS;FARMARIN INDUSTRIA E COMERCIO LTDA;58.635.830/0001-75;1183727259;05/09/2025;TODAS
cloridrato de amiodarona;SANOFI MEDLEY FARMACÊUTICA LTDA.;10.588.595/0010-92;1740383249;20/12/2024;TODAS
tadalafila;PHARLAB INDÚSTRIA FARMACÊUTICA S.A.;02.501.297/0001-02;0770809251;09/06/2025;TODAS
rosuvastatina cálcica;ACHÉ LABORATÓRIOS FARMACÊUTICOS S.A;60.659.463/0029-92;0706608259;26/05/2025;TODAS
ARIPIPRAZOL;ACHÉ LABORATÓRIOS FARMACÊUTICOS S.A;60.659.463/0029-92;0578791251;29/04/2025;TODAS
KOLI D3;EMS SIGMA PHARMA LTDA;00.923.140/0001-31;0087959259;21/01/2025;TODAS
EVOPOSDO;FARMARIN INDUSTRIA E COMERCIO LTDA;58.635.830/0001-75;0242516254;20/02/2025;TODAS
ISOFARMA - AGUA PARA INJEÇÃO;HALEX ISTAR INDÚSTRIA FARMACÊUTICA SA;01.571.702/0001-98;7088334216;15/12/2021;TODAS
apixabana;ZYDUS NIKKHO FARMACÊUTICA LTDA;05.254.971/0001-81;0708497250;26/05/2025;TODAS
sulfato de neomicina + bacitracina zíncica;LABORATÓRIO GLOBO SA;17.115.437/0001-73;0767293258;06/06/2025;TODAS
AMOXICILINA TRIHIDRATADA;1FARMA INDUSTRIA FARMACEUTICA LTDA;48.113.906/0001-49;2140415191;10/09/2019;TODAS
KALYDECO;VERTEX FARMACEUTICA DO BRASIL LTDA.;21.798.065/0001-02;0963805258;23/07/2025;TODAS
sulfato de hidroxicloroquina;SANOFI MEDLEY FARMACÊUTICA LTDA.;10.588.595/0010-92;1164946251;01/09/2025;TODAS
ADDAVEN;FRESENIUS KABI BRASIL LTDA;49.324.221/0001-04;1343401241;30/09/2024;TODAS
AMOX-EMS;EMS S/A;57.507.378/0003-65;0966839251;24/07/2025;TODAS
RELAXMED;1FARMA INDUSTRIA FARMACEUTICA LTDA;48.113.906/0001-49;3883106206;05/11/2020;TODAS
cloridrato de metilfenidato;LEGRAND PHARMA INDÚSTRIA FARMACÊUTICA LTDA;05.044.984/0001-26;0906042259;10/07/2025;TODAS
DEXAFLOTEN;EMS S/A;57.507.378/0003-65;0874682258;03/07/2025;TODAS
dienogeste;Althaia S.A Indústria Farmacêutica;48.344.725/0007-19;4594537219;19/11/2021;TODAS
SUCCINATO DE DESVENLAFAXINA MONOIDRATADO;EMS S/A;57.507.378/0003-65;1203750242;02/09/2024;TODAS
ROHYDORM;EMS SIGMA PHARMA LTDA;00.923.140/0001-31;0427480256;28/03/2025;TODAS
PREDINIS;LEGRAND PHARMA INDÚSTRIA FARMACÊUTICA LTDA;05.044.984/0001-26;1085645231;11/10/2023;TODAS
prednisona;GERMED FARMACEUTICA LTDA;45.992.062/0001-65;1231067241;06/09/2024;TODAS
NQUÍASE;MULTILAB INDUSTRIA E COMERCIO DE PRODUTOS FARMACEUTICOS LTDA;92.265.552/0009-05;0279486251;27/02/2025;TODAS
VASIFIL;MULTILAB INDUSTRIA E COMERCIO DE PRODUTOS FARMACEUTICOS LTDA;92.265.552/0009-05;1443864242;21/10/2024;TODAS
ANGIOPRIL;DIFFUCAP - CHEMOBRÁS QUÍMICA E FARMACÊUTICA LTDA;42.457.796/0001-56;0467157243;12/04/2024;TODAS
TEDEAGA;LEGRAND PHARMA INDÚSTRIA FARMACÊUTICA LTDA;05.044.984/0001-26;0905944259;10/07/2025;TODAS
DUTAM;ADIUM S.A.;55.980.684/0001-27;1072732254;14/08/2025;TODAS
CICLORTEN;EMS S/A;57.507.378/0003-65;0347357253;14/03/2025;TODAS
LEVIOSA;LEGRAND PHARMA INDÚSTRIA FARMACÊUTICA LTDA;05.044.984/0001-26;2179887221;11/04/2022;TODAS
cloridrato de ranitidina;GERMED FARMACEUTICA LTDA;45.992.062/0001-65;1317030219;06/04/2021;TODAS
MERONEM;PFIZER BRASIL LTDA;61.072.393/0001-33;1678581241;09/12/2024;TODAS
cloridrato de ciclobenzaprina;GEOLAB INDÚSTRIA FARMACÊUTICA S/A;03.485.572/0001-04;0531095258;17/04/2025;TODAS
XYLOPROCT;ASPEN PHARMA INDÚSTRIA FARMACÊUTICA LTDA;02.433.631/0001-20;4716589226;20/09/2022;TODAS
CINALEO;CIPLA BRASIL IMPORTADORA E DISTRIBUIDORA DE MEDICAMENTOS LTDA;18.268.051/0001-64;1558270211;23/04/2021;TODAS
CITRICONEX;1FARMA INDUSTRIA FARMACEUTICA LTDA;48.113.906/0001-49;0597324194;08/07/2019;TODAS
QUATRIN;UNIÃO QUÍMICA FARMACÊUTICA NACIONAL S/A;60.665.981/0001-18;2536561216;30/06/2021;TODAS
itraconazol;GEOLAB INDÚSTRIA FARMACÊUTICA S/A;03.485.572/0001-04;1238936245;09/09/2024;TODAS
INALIDE;EMS S/A;57.507.378/0003-65;1715609247;16/12/2024;TODAS
dicloridrato de trimetazidina;GERMED FARMACEUTICA LTDA;45.992.062/0001-65;1723130249;17/12/2024;TODAS
atorvastatina cálcica;LEGRAND PHARMA INDÚSTRIA FARMACÊUTICA LTDA;05.044.984/0001-26;0921088256;15/07/2025;TODAS
rosuvastatina cálcica;GERMED FARMACEUTICA LTDA;45.992.062/0001-65;1173011251;03/09/2025;TODAS
captopril;MULTILAB INDUSTRIA E COMERCIO DE PRODUTOS FARMACEUTICOS LTDA;92.265.552/0009-05;0100421237;01/02/2023;TODAS
SAFLUTAN;MUNDIPHARMA BRASIL PRODUTOS MÉDICOS E FARMACÊUTICOS LTDA;15.127.898/0001-30;4691198229;14/09/2022;TODAS
IMFINZI;ASTRAZENECA DO BRASIL LTDA;60.318.797/0001-00;1169648258;02/09/2025;TODAS
trometamol cetorolaco;BLAU FARMACÊUTICA S.A.;58.430.828/0001-60;0373519257;19/03/2025;TODAS
piroxicam;GERMED FARMACEUTICA LTDA;45.992.062/0001-65;1080029249;07/08/2024;TODAS
OLMETEC;PFIZER BRASIL LTDA;61.072.393/0001-33;0796836256;13/06/2025;TODAS
ENAX;ARESE PHARMA LTDA.;07.670.111/0001-54;0248251244;29/02/2024;TODAS
cloridrato de venlafaxina;GERMED FARMACEUTICA LTDA;45.992.062/0001-65;1487341245;29/10/2024;TODAS
FOXIS;ACHÉ LABORATÓRIOS FARMACÊUTICOS S.A;60.659.463/0029-92;0322866251;10/03/2025;TODAS
VELUNID;COSMED INDUSTRIA DE COSMETICOS E MEDICAMENTOS S.A.;61.082.426/0002-07;2023193218;25/05/2021;TODAS
ABRETIA;FARMOQUÍMICA S/A;33.349.473/0001-58;4163320202;25/11/2020;TODAS
DROPTIM;LEGRAND PHARMA INDÚSTRIA FARMACÊUTICA LTDA;05.044.984/0001-26;1086141253;15/08/2025;TODAS
SINVATROX EZE;LEGRAND PHARMA INDÚSTRIA FARMACÊUTICA LTDA;05.044.984/0001-26;0897331257;08/07/2025;TODAS
trometamol cetorolaco;EMS S/A;57.507.378/0003-65;0618033254;07/05/2025;TODAS
cloridrato de dobutamina;BLAU FARMACÊUTICA S.A.;58.430.828/0001-60;1576763179;28/07/2017;TODAS
MEKINIST;NOVARTIS BIOCIENCIAS S.A;56.994.502/0001-30;1149538252;27/08/2025;TODAS
FOLACIN;ARESE PHARMA LTDA.;07.670.111/0001-54;0727376241;30/05/2024;TODAS
ORLIPID;EMS SIGMA PHARMA LTDA;00.923.140/0001-31;0976908255;28/07/2025;TODAS
BIO - VAGIN;ADIUM S.A.;55.980.684/0001-27;0865866252;02/07/2025;TODAS
bissulfato de clopidogrel;ACCORD FARMACÊUTICA LTDA;64.171.697/0001-46;4989397223;29/11/2022;TODAS
BYCAL;ACCORD FARMACÊUTICA LTDA;64.171.697/0001-46;1431933211;14/04/2021;TODAS
cloridrato de fexofenadina;CIMED INDUSTRIA S.A;02.814.497/0001-07;1659265240;04/12/2024;TODAS
ANASTROZOL;GERMED FARMACEUTICA LTDA;45.992.062/0001-65;1368538240;04/10/2024;TODAS
NITAZOXANIDA;BRAINFARMA INDÚSTRIA QUÍMICA E FARMACÊUTICA S.A;05.161.069/0001-10;1152229257;28/08/2025;TODAS
citrato de sildenafila;LEGRAND PHARMA INDÚSTRIA FARMACÊUTICA LTDA;05.044.984/0001-26;1443637246;21/10/2024;TODAS
maleato de enalapril;GEOLAB INDÚSTRIA FARMACÊUTICA S/A;03.485.572/0001-04;0933263236;01/09/2023;TODAS
HIDROQUINONA;LEGRAND PHARMA INDÚSTRIA FARMACÊUTICA LTDA;05.044.984/0001-26;1398254211;12/04/2021;TODAS
ONCODOX;CIPLA BRASIL IMPORTADORA E DISTRIBUIDORA DE MEDICAMENTOS LTDA;18.268.051/0001-64;1558559210;23/04/2021;TODAS
Letrozol;NATCOFARMA DO BRASIL LTDA;08.157.293/0001-27;1686966245;10/12/2024;TODAS
ZELMAC;BIOLAB SANUS FARMACÊUTICA LTDA;49.475.833/0001-06;2286267176;14/12/2017;TODAS
PARALDRIN;LEGRAND PHARMA INDÚSTRIA FARMACÊUTICA LTDA;05.044.984/0001-26;1409045242;14/10/2024;TODAS
ONGLYZA;ASTRAZENECA DO BRASIL LTDA;60.318.797/0001-00;1197514252;09/09/2025;TODAS
PALOCYT;ACCORD FARMACÊUTICA LTDA;64.171.697/0001-46;1060218232;05/10/2023;TODAS
cloridrato de dorzolamida;GERMED FARMACEUTICA LTDA;45.992.062/0001-65;4922548220;09/11/2022;TODAS
Erelzi;SANDOZ DO BRASIL INDÚSTRIA FARMACÊUTICA LTDA;61.286.647/0001-16;0033719250;09/01/2025;TODAS
atenolol;GERMED FARMACEUTICA LTDA;45.992.062/0001-65;0857239252;30/06/2025;TODAS
cloridrato de ranitidina;LEGRAND PHARMA INDÚSTRIA FARMACÊUTICA LTDA;05.044.984/0001-26;1317144215;06/04/2021;TODAS
cabazitaxel;ACCORD FARMACÊUTICA LTDA;64.171.697/0001-46;0437357236;02/05/2023;TODAS
TRANEGER;GERMED FARMACEUTICA LTDA;45.992.062/0001-65;4435363224;16/07/2022;TODAS
tadalafila;GEOLAB INDÚSTRIA FARMACÊUTICA S/A;03.485.572/0001-04;1479544248;28/10/2024;TODAS
rosuvastatina cálcica;LEGRAND PHARMA INDÚSTRIA FARMACÊUTICA LTDA;05.044.984/0001-26;1173054251;03/09/2025;TODAS
fumarato de dimetila;DR. REDDYS FARMACÊUTICA DO BRASIL LTDA;03.978.166/0001-75;0827731256;24/06/2025;TODAS
pantoprazol sódico sesqui-hidratado;MULTILAB INDUSTRIA E COMERCIO DE PRODUTOS FARMACEUTICOS LTDA;92.265.552/0009-05;0736488251;30/05/2025;TODAS
trometamol cetorolaco;GERMED FARMACEUTICA LTDA;45.992.062/0001-65;0617507252;07/05/2025;TODAS
cloridrato de propafenona;Althaia S.A Indústria Farmacêutica;48.344.725/0007-19;0569681251;28/04/2025;TODAS
VIBRAMICINA;PFIZER BRASIL LTDA;61.072.393/0001-33;1559389249;13/11/2024;TODAS
DENSIS;EUROFARMA LABORATÓRIOS S.A.;61.190.096/0001-92;4831154229;18/10/2022;TODAS
atenolol;LEGRAND PHARMA INDÚSTRIA FARMACÊUTICA LTDA;05.044.984/0001-26;0857416251;30/06/2025;TODAS
FLUCOLCID;LABORATÓRIO GLOBO SA;17.115.437/0001-73;0986104256;30/07/2025;TODAS
CLORETO DE CÁLCIO 10%;VASCONCELOS INDUSTRIA FARMACEUTICA E COMERCIO LTDA;05.155.425/0001-93;0921418248;05/07/2024;TODAS
hemitartarato de zolpidem;LEGRAND PHARMA INDÚSTRIA FARMACÊUTICA LTDA;05.044.984/0001-26;0033109257;09/01/2025;TODAS
DERMOGRAN;LEGRAND PHARMA INDÚSTRIA FARMACÊUTICA LTDA;05.044.984/0001-26;0357758242;22/03/2024;TODAS
MENOP;MYRALIS INDÚSTRIA FARMACÊUTICA LTDA;17.440.261/0001-25;4302594225;15/06/2022;TODAS
NEOSEMID;BRAINFARMA INDÚSTRIA QUÍMICA E FARMACÊUTICA S.A;05.161.069/0001-10;1439509221;29/03/2022;TODAS
hemifumarato de quetiapina;LEGRAND PHARMA INDÚSTRIA FARMACÊUTICA LTDA;05.044.984/0001-26;1006537252;05/08/2025;TODAS
ATROVERAN DIP;COSMED INDUSTRIA DE COSMETICOS E MEDICAMENTOS S.A.;61.082.426/0002-07;0531924254;17/04/2025;TODAS
aripiprazol;LABORATÓRIO GLOBO SA;17.115.437/0001-73;1443801232;19/12/2023;TODAS
HEDERAX;ARESE PHARMA LTDA.;07.670.111/0001-54;3619705216;13/09/2021;TODAS
carbamazepina;GERMED FARMACEUTICA LTDA;45.992.062/0001-65;0030808251;09/01/2025;TODAS
MALEATO DE DEXCLORFENIRAMINA + BETAMETASONA;CIMED INDUSTRIA S.A;02.814.497/0001-07;3931511208;09/11/2020;TODAS
RITONAVIR;CRISTÁLIA PRODUTOS QUÍMICOS FARMACÊUTICOS LTDA.;44.734.671/0001-51;1332610214;07/04/2021;TODAS
cloridrato de hidroxizina;EUROFARMA LABORATÓRIOS S.A.;61.190.096/0001-92;0660508231;28/06/2023;TODAS
rifamicina SV sódica;GERMED FARMACEUTICA LTDA;45.992.062/0001-65;0886793246;28/06/2024;TODAS
esomeprazol magnésico tri-hidratado;LEGRAND PHARMA INDÚSTRIA FARMACÊUTICA LTDA;05.044.984/0001-26;0645073253;13/05/2025;TODAS
rivaroxabana;EMS S/A;57.507.378/0003-65;0957341253;22/07/2025;TODAS
EXPECTUSS;EMS S/A;57.507.378/0003-65;0449646238;05/05/2023;TODAS
PRECEDEX;PFIZER BRASIL LTDA;61.072.393/0001-33;1031224246;29/07/2024;TODAS
tobramicina;EMS S/A;57.507.378/0003-65;0906815258;10/07/2025;TODAS
latanoprosta;EMS S/A;57.507.378/0003-65;0599830255;05/05/2025;TODAS
MALEATO DE LEVOMEPROMAZINA;HIPOLABOR FARMACEUTICA LTDA;19.570.720/0001-10;1393420249;10/10/2024;TODAS
EMLA;ASPEN PHARMA INDÚSTRIA FARMACÊUTICA LTDA;02.433.631/0001-20;0353875252;17/03/2025;TODAS
propofol;BLAU FARMACÊUTICA S.A.;58.430.828/0001-60;1179691253;04/09/2025;TODAS
SILUESTAT;EMS S/A;57.507.378/0003-65;0398067252;24/03/2025;TODAS
OXALIMEIZ;GADOR DO BRASIL - COMÉRCIO DE PRODUTOS FARMACÊUTICOS LTDA;11.291.720/0001-70;2282070171;13/12/2017;TODAS
Monessa;BIOLAB SANUS FARMACÊUTICA LTDA;49.475.833/0001-06;1493694211;19/04/2021;TODAS
ESOGASTRO IBP;EMS S/A;57.507.378/0003-65;0420695257;27/03/2025;TODAS
acetato de ciproterona + etinilestradiol;CIFARMA CIENTÍFICA FARMACÊUTICA LTDA;17.562.075/0001-69;1261039246;13/09/2024;TODAS
tobramicina;GERMED FARMACEUTICA LTDA;45.992.062/0001-65;0906855250;10/07/2025;TODAS
tobramicina;LEGRAND PHARMA INDÚSTRIA FARMACÊUTICA LTDA;05.044.984/0001-26;0906870259;10/07/2025;TODAS
LISADOR DIP;COSMED INDUSTRIA DE COSMETICOS E MEDICAMENTOS S.A.;61.082.426/0002-07;0529829258;17/04/2025;TODAS
DAISAN;DAIICHI SANKYO BRASIL FARMACÊUTICA LTDA;60.874.187/0001-84;0982336250;29/07/2025;TODAS
OCREVUS;PRODUTOS ROCHE QUÍMICOS E FARMACÊUTICOS S.A.;33.009.945/0001-23;1207069256;11/09/2025;TODAS
CREMEDERME;CELLERA FARMACÊUTICA S.A.;33.173.097/0002-74;0892661259;08/07/2025;TODAS
aciclovir;EUROFARMA LABORATÓRIOS S.A.;61.190.096/0001-92;4566742211;18/11/2021;TODAS
PROTAMINA;CELLERA FARMACÊUTICA S.A.;33.173.097/0002-74;0839965257;26/06/2025;TODAS
VESANOID;FARMOQUÍMICA S/A;33.349.473/0001-58;0245388257;20/02/2025;TODAS
cloridrato de sertralina;GERMED FARMACEUTICA LTDA;45.992.062/0001-65;1174444258;03/09/2025;TODAS
ARAZABI;EMS S/A;57.507.378/0003-65;1343182247;30/09/2024;TODAS
JAQUE;EMS S/A;57.507.378/0003-65;0155642227;12/01/2022;TODAS
RIFASAN;EMS S/A;57.507.378/0003-65;0886952247;28/06/2024;TODAS
BESILAPIN;GEOLAB INDÚSTRIA FARMACÊUTICA S/A;03.485.572/0001-04;1445847248;21/10/2024;TODAS
NEMICINA;CELLERA FARMACÊUTICA S.A.;33.173.097/0002-74;1218482249;04/09/2024;TODAS
CAMPTOSAR;PFIZER BRASIL LTDA;61.072.393/0001-33;1623701244;27/11/2024;TODAS
TREMFYA;JANSSEN-CILAG FARMACÊUTICA LTDA;51.780.468/0001-87;0478352255;07/04/2025;TODAS
domperidona;LEGRAND PHARMA INDÚSTRIA FARMACÊUTICA LTDA;05.044.984/0001-26;1059013258;13/08/2025;TODAS
Rozerem;TAKEDA PHARMA LTDA.;60.397.775/0001-74;0666224234;29/06/2023;TODAS
ECALTA;PFIZER BRASIL LTDA;61.072.393/0001-33;0882207245;27/06/2024;TODAS
PACLIMEIZ;GADOR DO BRASIL - COMÉRCIO DE PRODUTOS FARMACÊUTICOS LTDA;11.291.720/0001-70;2282243177;13/12/2017;TODAS
COSOPT;MUNDIPHARMA BRASIL PRODUTOS MÉDICOS E FARMACÊUTICOS LTDA;15.127.898/0001-30;0786946253;11/06/2025;TODAS
ZYVOX;PFIZER BRASIL LTDA;61.072.393/0001-33;0081619251;20/01/2025;TODAS
VITAMINA D;MYRALIS INDÚSTRIA FARMACÊUTICA LTDA;17.440.261/0001-25;1186753234;30/10/2023;TODAS
MEZOLIUM;GERMED FARMACEUTICA LTDA;45.992.062/0001-65;0645289256;13/05/2025;TODAS
carbidopa monoidratada + levodopa;LABORATÓRIO TEUTO BRASILEIRO S/A;17.159.229/0001-76;0503176257;11/04/2025;TODAS
FLORINEFE;ASPEN PHARMA INDÚSTRIA FARMACÊUTICA LTDA;02.433.631/0001-20;0274272253;26/02/2025;TODAS
cloridrato de sibutramina monoidratado;TORRENT DO BRASIL LTDA;33.078.528/0001-32;1082965251;15/08/2025;TODAS
PANTOCAL;EUROFARMA LABORATÓRIOS S.A.;61.190.096/0001-92;0669710253;19/05/2025;TODAS
REKOVELLE;LABORATÓRIOS FERRING LTDA;74.232.034/0001-48;1117977251;19/08/2025;TODAS
LISTO;BIOLAB SANUS FARMACÊUTICA LTDA;49.475.833/0001-06;1397842245;10/10/2024;TODAS
BRAMICAR;EMS SIGMA PHARMA LTDA;00.923.140/0001-31;0631338250;09/05/2025;TODAS
PAZINE;ARESE PHARMA LTDA.;07.670.111/0001-54;0248607243;29/02/2024;TODAS
MELOVAC;EMS S/A;57.507.378/0003-65;1011226251;06/08/2025;TODAS
cloridrato de fluoxetina;PHARLAB INDÚSTRIA FARMACÊUTICA S.A.;02.501.297/0001-02;0733196250;29/05/2025;TODAS
ZILARICINA;BRASTERAPICA PHARMACEUTICA LTDA.;46.179.008/0001-68;0307950221;24/01/2022;TODAS
dipropionato de beclometasona;CHIESI FARMACÊUTICA LTDA;61.363.032/0001-46;1552744211;23/04/2021;TODAS
DEXAMETASONA;LABORATÓRIO TEUTO BRASILEIRO S/A;17.159.229/0001-76;0899302254;09/07/2025;TODAS
VITACID PLUS;THERASKIN FARMACEUTICA LTDA.;61.517.397/0001-88;1536900249;07/11/2024;TODAS
ABC;KLEY HERTZ FARMACEUTICA S.A;92.695.691/0001-03;0926751214;09/03/2021;TODAS
MENTALOL;1FARMA INDUSTRIA FARMACEUTICA LTDA;48.113.906/0001-49;0467644171;23/03/2017;TODAS
SORO ANTILATRODÉCTICO (Latrodectus curacaviensis);INSTITUTO VITAL BRAZIL S/A;30.064.034/0001-00;0874275253;03/07/2025;TODAS
cloridrato de fluoxetina;LABORATÓRIO TEUTO BRASILEIRO S/A;17.159.229/0001-76;0682217255;21/05/2025;TODAS
VERTIGOHEEL;HEEL DO BRASIL BIOMÉDICA LTDA;05.994.539/0001-27;4371072224;01/07/2022;TODAS
CITARAX;BLAU FARMACÊUTICA S.A.;58.430.828/0001-60;2039256167;07/07/2016;TODAS
cefaclor;GERMED FARMACEUTICA LTDA;45.992.062/0001-65;1598237218;26/04/2021;TODAS
carbamazepina;UNIÃO QUÍMICA FARMACÊUTICA NACIONAL S/A;60.665.981/0001-18;1736866249;19/12/2024;TODAS
TIORFAN;Laboratórios Bagó do Brasil S/A;04.748.181/0009-47;0696505240;24/05/2024;TODAS
ACTILYSE;BOEHRINGER INGELHEIM DO BRASIL QUÍMICA E FARMACÊUTICA LTDA.;60.831.658/0001-77;1059145251;13/08/2025;TODAS
LIPOFUNDIN;LABORATORIOS B. BRAUN S/A;31.673.254/0001-02;0102678243;26/01/2024;TODAS
PARACETAMOL;EMS S/A;57.507.378/0003-65;0645104248;15/05/2024;TODAS
SOYNATI;PHARMASCIENCE INDUSTRIA FARMACEUTICA S.A;25.773.037/0001-83;0569111251;28/04/2025;TODAS
SORO ANTI-RÁBICO;FUNDAÇÃO EZEQUIEL DIAS - FUNED;17.503.475/0001-01;1437346235;18/12/2023;TODAS
NITRATO DE MICONAZOL;GEOLAB INDÚSTRIA FARMACÊUTICA S/A;03.485.572/0001-04;2858955212;22/07/2021;TODAS
BUTILBROMETO DE ESCOPOLAMINA + DIPIRONA SÓDICA;FARMACE INDÚSTRIA QUÍMICO-FARMACÊUTICA CEARENSE LTDA;06.628.333/0001-46;1410602217;13/04/2021;TODAS
ADACNE;GLENMARK FARMACÊUTICA LTDA;44.363.661/0001-57;1614536244;26/11/2024;TODAS
clotrimazol + acetato de dexametasona;GERMED FARMACEUTICA LTDA;45.992.062/0001-65;0810326256;17/06/2025;TODAS
FOLINATO DE CÁLCIO;EUROFARMA LABORATÓRIOS S.A.;61.190.096/0001-92;1399849247;11/10/2024;TODAS
CETOP;AIRELA INDÚSTRIA FARMACÊUTICA LTDA.;01.858.973/0001-29;0254624198;21/03/2019;TODAS
AMBROXMEL;CIMED INDUSTRIA S.A;02.814.497/0001-07;0441323251;01/04/2025;TODAS
Maleato de dexclorfeniramina + Betametasona;NOVA QUIMICA FARMACÊUTICA S/A;72.593.791/0001-11;0230880223;18/01/2022;TODAS
MALEATO DE DEXCLORFENIRAMINA + BETAMETASONA;NOVA QUIMICA FARMACÊUTICA S/A;72.593.791/0001-11;0230874223;18/01/2022;TODAS
leverctin;EMS S/A;57.507.378/0003-65;0071359257;17/01/2025;TODAS
HIDROCORTISONA;EMS S/A;57.507.378/0003-65;1069086258;14/08/2025;TODAS
BROMOPRIDA;GERMED FARMACEUTICA LTDA;45.992.062/0001-65;0417268246;03/04/2024;TODAS
CASTANHA DA ÍNDIA ATALAIA;FARMABRAZ BETA ATALAIA FARMACEUTICA LTDA.;33.474.289/0001-30;0210249242;22/02/2024;TODAS
DROPERDAL;CRISTÁLIA PRODUTOS QUÍMICOS FARMACÊUTICOS LTDA.;44.734.671/0001-51;0967117210;12/03/2021;TODAS
Amoxicilina;RANBAXY FARMACÊUTICA LTDA;73.663.650/0001-90;0222824176;09/02/2017;TODAS
PRATIDERM;PRATI DONADUZZI & CIA LTDA;73.856.593/0001-66;0025780255;08/01/2025;TODAS
cloridrato de diltiazem;RANBAXY FARMACÊUTICA LTDA;73.663.650/0001-90;2400783168;18/10/2016;TODAS
NOEX;EUROFARMA LABORATÓRIOS S.A.;61.190.096/0001-92;0755379250;04/06/2025;TODAS
CLORIDRATO DE CLOMIPRAMINA;EMS S/A;57.507.378/0003-65;0054448255;14/01/2025;TODAS
CLORIDRATO DE CLOMIPRAMINA;GERMED FARMACEUTICA LTDA;45.992.062/0001-65;1452402248;22/10/2024;TODAS
SORO ANTIBOTRÓPICO (PENTAVALENTE) E ANTICROTÁLICO;INSTITUTO VITAL BRAZIL S/A;30.064.034/0001-00;0874043255;03/07/2025;TODAS
CLORIDRATO DE CLINDAMICINA;EMS S/A;57.507.378/0003-65;1181834252;05/09/2025;TODAS
BROMOPRIDA;HIPOLABOR FARMACEUTICA LTDA;19.570.720/0001-10;1448354242;22/10/2024;TODAS
HUMULIN R;ELI LILLY DO BRASIL LTDA;43.940.618/0001-44;4278901224;09/06/2022;TODAS
CLORIDRATO DE CICLOBENZAPRINA;BRAINFARMA INDÚSTRIA QUÍMICA E FARMACÊUTICA S.A;05.161.069/0001-10;0566998220;16/02/2022;TODAS
OXALIPLATINA;GLENMARK FARMACÊUTICA LTDA;44.363.661/0001-57;0455115249;10/04/2024;TODAS
Tegeline;LFB - HEMODERIVADOS E BIOTECNOLOGIA LTDA;07.207.572/0001-95;1517246165;07/04/2016;TODAS
BETAFACT;LFB - HEMODERIVADOS E BIOTECNOLOGIA LTDA;07.207.572/0001-95;0679746156;31/07/2015;TODAS
FACTANE;LFB - HEMODERIVADOS E BIOTECNOLOGIA LTDA;07.207.572/0001-95;0679716154;31/07/2015;TODAS
CLORIDRATO DE CLINDAMICINA;UNIÃO QUÍMICA FARMACÊUTICA NACIONAL S/A;60.665.981/0001-18;1078334242;07/08/2024;TODAS
SULFATO DE AMICACINA;HIPOLABOR FARMACEUTICA LTDA;19.570.720/0001-10;1428240212;14/04/2021;TODAS
METRONIDAZOL;GEOLAB INDÚSTRIA FARMACÊUTICA S/A;03.485.572/0001-04;0834564254;25/06/2025;TODAS
CEFAZOLINA SÓDICA;UNIÃO QUÍMICA FARMACÊUTICA NACIONAL S/A;60.665.981/0001-18;2523190214;29/06/2021;TODAS
CITARABINA;ACCORD FARMACÊUTICA LTDA;64.171.697/0001-46;0377132233;14/04/2023;TODAS
COPAXONE;TEVA FARMACÊUTICA LTDA.;05.333.542/0001-08;1238763243;09/09/2024;TODAS
METRONIDAZOL + NISTATINA;GEOLAB INDÚSTRIA FARMACÊUTICA S/A;03.485.572/0001-04;0064563227;05/01/2022;TODAS
cloridrato de metformina;ACCORD FARMACÊUTICA LTDA;64.171.697/0001-46;4644603210;24/11/2021;TODAS
PACLITAXEL;ACCORD FARMACÊUTICA LTDA;64.171.697/0001-46;0366279219;28/01/2021;TODAS
PIROXICAM;GEOLAB INDÚSTRIA FARMACÊUTICA S/A;03.485.572/0001-04;0932059148;16/10/2014;TODAS
CETADEX;GEOLAB INDÚSTRIA FARMACÊUTICA S/A;03.485.572/0001-04;4922356223;09/11/2022;TODAS
SORO ANTICROTÁLICO;INSTITUTO VITAL BRAZIL S/A;30.064.034/0001-00;0874398258;03/07/2025;TODAS
DIPIRONA SÓDICA;UNITHER INDUSTRIA FARMACEUTICA LTDA.;04.656.253/0001-79;0061022194;22/01/2019;TODAS
BEPANTRIZ;CIMED INDUSTRIA S.A;02.814.497/0001-07;1179032241;27/08/2024;TODAS
HYZAAR;ORGANON FARMACÊUTICA LTDA.;45.987.013/0001-34;1012133257;06/08/2025;TODAS
HEPAMAX-S;BLAU FARMACÊUTICA S.A.;58.430.828/0001-60;4484315211;12/11/2021;TODAS
MUPIROCINA;PRATI DONADUZZI & CIA LTDA;73.856.593/0001-66;0167518259;06/02/2025;TODAS
TORVAL CR;TORRENT DO BRASIL LTDA;33.078.528/0001-32;4215210224;26/05/2022;TODAS
acetato de desmopressina;LABORATÓRIO QUÍMICO FARMACÊUTICO BERGAMO LTDA;61.282.661/0001-41;0643942246;15/05/2024;TODAS
MESIDOX;MERCK S/A;33.069.212/0001-84;0613341252;07/05/2025;TODAS
DIGEPLUS;ACHÉ LABORATÓRIOS FARMACÊUTICOS S.A;60.659.463/0029-92;0455610258;03/04/2025;TODAS
RISPERIDONA;GERMED FARMACEUTICA LTDA;45.992.062/0001-65;1278128247;17/09/2024;TODAS
RISPERIDONA (PORT 344/98 - LISTA C1);EMS S/A;57.507.378/0003-65;4697079213;29/11/2021;TODAS
CARBOCISTEÍNA;GEOLAB INDÚSTRIA FARMACÊUTICA S/A;03.485.572/0001-04;0512796193;10/06/2019;TODAS
CICLOPIROX OLAMINA;PRATI DONADUZZI & CIA LTDA;73.856.593/0001-66;0582228149;21/07/2014;TODAS
NIMESULIDA;GERMED FARMACEUTICA LTDA;45.992.062/0001-65;4502373222;03/08/2022;TODAS
PARACETAMOL;UNITHER INDUSTRIA FARMACEUTICA LTDA.;04.656.253/0001-79;2442999196;11/10/2019;TODAS
ACESYL;VASCONCELOS INDUSTRIA FARMACEUTICA E COMERCIO LTDA;05.155.425/0001-93;0856760251;30/06/2025;TODAS
amoxicilina;UNICHEM FARMACÊUTICA DO BRASIL LTDA;05.399.786/0001-85;0673341259;19/05/2025;TODAS
ACECLOFENACO;GERMED FARMACEUTICA LTDA;45.992.062/0001-65;1720226245;17/12/2024;TODAS
LEVOID;ACHÉ LABORATÓRIOS FARMACÊUTICOS S.A;60.659.463/0029-92;0184320259;10/02/2025;TODAS
PREDNISONA;PRATI DONADUZZI & CIA LTDA;73.856.593/0001-66;0750445254;03/06/2025;TODAS
GONAPEPTYL DAILY;LABORATÓRIOS FERRING LTDA;74.232.034/0001-48;1194557244;30/08/2024;TODAS
SPIDUFEN;ZAMBON LABORATÓRIOS FARMACÊUTICOS LTDA.;61.100.004/0001-36;1421992248;16/10/2024;TODAS
AD SORO;CIFARMA CIENTÍFICA FARMACÊUTICA LTDA;17.562.075/0001-69;0618752251;07/05/2025;TODAS
FAULDMETRO;LIBBS FARMACÊUTICA LTDA;61.230.314/0001-75;1225309247;05/09/2024;TODAS
EUTHYROX;MERCK S/A;33.069.212/0001-84;1132829259;22/08/2025;TODAS
FUMARATO DE CETOTIFENO;LABORATÓRIO TEUTO BRASILEIRO S/A;17.159.229/0001-76;1098458155;17/12/2015;TODAS
MIOSAN CAF;APSEN FARMACEUTICA S/A;62.462.015/0001-29;1662256248;05/12/2024;TODAS
CISPLATINA;ACCORD FARMACÊUTICA LTDA;64.171.697/0001-46;0573132232;05/06/2023;TODAS
GLYTEOL;KLEY HERTZ FARMACEUTICA S.A;92.695.691/0001-03;0740955219;24/02/2021;TODAS
CARBOPLATINA;ACCORD FARMACÊUTICA LTDA;64.171.697/0001-46;2536501221;26/04/2022;TODAS
RELENZA;GLAXOSMITHKLINE BRASIL LTDA;33.247.743/0001-10;1053311249;01/08/2024;TODAS
FAULDFLUOR;LIBBS FARMACÊUTICA LTDA;61.230.314/0001-75;1716676240;16/12/2024;TODAS
cloridrato de venlafaxina;RANBAXY FARMACÊUTICA LTDA;73.663.650/0001-90;0880810246;27/06/2024;TODAS
VALDOXAN;LABORATÓRIOS SERVIER DO BRASIL LTDA;42.374.207/0001-76;0231689241;27/02/2024;TODAS
DDAVP;LABORATÓRIOS FERRING LTDA;74.232.034/0001-48;1177726246;27/08/2024;TODAS
LIPIDEM;LABORATORIOS B. BRAUN S/A;31.673.254/0001-02;0105218243;29/01/2024;TODAS
CILOSTAZOL;EUROFARMA LABORATÓRIOS S.A.;61.190.096/0001-92;0906182255;10/07/2025;TODAS
FAULDCISPLA;LIBBS FARMACÊUTICA LTDA;61.230.314/0001-75;0738557242;03/06/2024;TODAS
bissulfato de clopidogrel;SANDOZ DO BRASIL INDÚSTRIA FARMACÊUTICA LTDA;61.286.647/0001-16;0349635251;14/03/2025;TODAS
BROMOPRIDA;PRATI DONADUZZI & CIA LTDA;73.856.593/0001-66;0894985248;01/07/2024;TODAS
Pantoprazol;ACCORD FARMACÊUTICA LTDA;64.171.697/0001-46;4783515221;05/10/2022;TODAS
BEROTEC;BOEHRINGER INGELHEIM DO BRASIL QUÍMICA E FARMACÊUTICA LTDA.;60.831.658/0001-77;1740772245;20/12/2024;TODAS
ACICLOVIR;PRATI DONADUZZI & CIA LTDA;73.856.593/0001-66;0103541250;24/01/2025;TODAS
FISIOTON;ACHÉ LABORATÓRIOS FARMACÊUTICOS S.A;60.659.463/0029-92;0717631257;27/05/2025;TODAS
IBUPROFENO;PRATI DONADUZZI & CIA LTDA;73.856.593/0001-66;1421109247;16/10/2024;TODAS
SIBUS;EUROFARMA LABORATÓRIOS S.A.;61.190.096/0001-92;1007266252;05/08/2025;TODAS
BEBEX N;GEOLAB INDÚSTRIA FARMACÊUTICA S/A;03.485.572/0001-04;1312040246;24/09/2024;TODAS
MALEATO DE DEXCLORFENIRAMINA;EMS S/A;57.507.378/0003-65;1001713257;04/08/2025;TODAS
ACEBROFILINA;PRATI DONADUZZI & CIA LTDA;73.856.593/0001-66;0787095257;11/06/2025;TODAS
ADACNE CLIN;GLENMARK FARMACÊUTICA LTDA;44.363.661/0001-57;1614464243;26/11/2024;TODAS
Orencia;BRISTOL-MYERS SQUIBB FARMACÊUTICA LTDA;56.998.982/0001-07;0886052246;28/06/2024;TODAS
Pravastatina Sódica;ACCORD FARMACÊUTICA LTDA;64.171.697/0001-46;1343821231;29/11/2023;TODAS
ZYFLOXIN;ZYDUS NIKKHO FARMACÊUTICA LTDA;05.254.971/0001-81;1556566211;23/04/2021;TODAS
benzoilmetronidazol + nistatina + cloreto de benzalcônio;PRATI DONADUZZI & CIA LTDA;73.856.593/0001-66;1020410256;08/08/2025;TODAS
Paracetamol;UNITHER INDUSTRIA FARMACEUTICA LTDA.;04.656.253/0001-79;1057160144;24/11/2014;TODAS
cefalexina;CIMED INDUSTRIA S.A;02.814.497/0001-07;0832611221;04/03/2022;TODAS
ACETATO DE DEXAMETASONA;GERMED FARMACEUTICA LTDA;45.992.062/0001-65;1048446247;31/07/2024;TODAS
ACETATO DE DEXAMETASONA;EMS S/A;57.507.378/0003-65;4841491228;19/10/2022;TODAS
DEXAMETRAT;LABORATÓRIO GLOBO SA;17.115.437/0001-73;0779663250;10/06/2025;TODAS
dipirona monoidratada;UNITHER INDUSTRIA FARMACEUTICA LTDA.;04.656.253/0001-79;1935975196;06/08/2019;TODAS
diclofenaco dietilamônio;UNIÃO QUÍMICA FARMACÊUTICA NACIONAL S/A;60.665.981/0001-18;0670455253;19/05/2025;TODAS
ÁGUA PARA INJEÇÃO;LABORATÓRIO TEUTO BRASILEIRO S/A;17.159.229/0001-76;1525559200;15/05/2020;TODAS
ALGESTONA ACETOFENIDA + ENANTATO DE ESTRADIOL;EUROFARMA LABORATÓRIOS S.A.;61.190.096/0001-92;1638231249;29/11/2024;TODAS
vacina adsorvida difteria, tétano, pertussis e Hemophilus influenza b (conjugada);FUNDAÇÃO OSWALDO CRUZ;33.781.055/0001-35;3725068200;26/10/2020;TODAS
HAEMOCOMPLETTAN P;CSL BEHRING COMÉRCIO DE PRODUTOS FARMACÊUTICOS LTDA;62.969.589/0001-98;0689465254;22/05/2025;TODAS
TRINODAZOL NISTATINA;GEOLAB INDÚSTRIA FARMACÊUTICA S/A;03.485.572/0001-04;0064674223;05/01/2022;TODAS
PLAGREL;SANDOZ DO BRASIL INDÚSTRIA FARMACÊUTICA LTDA;61.286.647/0001-16;0349158258;14/03/2025;TODAS
VACINA HAEMOPHILUS INFLUENZAE B (CONJUGADA);FUNDAÇÃO OSWALDO CRUZ;33.781.055/0001-35;3725256209;26/10/2020;TODAS
FUMARATO DE CETOTIFENO;HIPOLABOR FARMACEUTICA LTDA;19.570.720/0001-10;2356854162;05/10/2016;TODAS
CIMEGRIPE 77C;CIMED INDUSTRIA S.A;02.814.497/0001-07;0395378257;24/03/2025;TODAS
TROK-G;EUROFARMA LABORATÓRIOS S.A.;61.190.096/0001-92;4221204222;27/05/2022;TODAS
dipropionato de betametasona + sulfato de gentamicina;PRATI DONADUZZI & CIA LTDA;73.856.593/0001-66;0807229159;10/09/2015;TODAS
FLUISOLVAN;GEOLAB INDÚSTRIA FARMACÊUTICA S/A;03.485.572/0001-04;0519461180;28/06/2018;TODAS
ácido mefenâmico;EMS S/A;57.507.378/0003-65;1111862249;14/08/2024;TODAS
tioconazol + tinidazol;GEOLAB INDÚSTRIA FARMACÊUTICA S/A;03.485.572/0001-04;0451087189;06/06/2018;TODAS
FUROSEMIDA;HIPOLABOR FARMACEUTICA LTDA;19.570.720/0001-10;1666256242;05/12/2024;TODAS
BETES;EUROFARMA LABORATÓRIOS S.A.;61.190.096/0001-92;4922673229;09/11/2022;TODAS
ELANI CICLO;LIBBS FARMACÊUTICA LTDA;61.230.314/0001-75;0615656251;07/05/2025;TODAS
cloridrato de gencitabina;ACCORD FARMACÊUTICA LTDA;64.171.697/0001-46;0017579252;07/01/2025;TODAS
FUZEON;PRODUTOS ROCHE QUÍMICOS E FARMACÊUTICOS S.A.;33.009.945/0001-23;2632959225;29/04/2022;TODAS
IMUNOFLAN;HERBARIUM LABORATORIO BOTANICO LTDA;78.950.011/0001-20;0971349258;25/07/2025;TODAS
SORO ANTIRRÁBICO;INSTITUTO VITAL BRAZIL S/A;30.064.034/0001-00;0874441251;03/07/2025;TODAS
CLORIDRATO DE TETRACICLINA;PRATI DONADUZZI & CIA LTDA;73.856.593/0001-66;1665684241;05/12/2024;TODAS
GEMZAR;ELI LILLY DO BRASIL LTDA;43.940.618/0001-44;0453860257;02/04/2025;TODAS
FURP- DIPIRONA;FUNDAÇÃO PARA O REMÉDIO POPULAR - FURP;43.640.754/0001-19;0627741240;13/05/2024;TODAS
CÁSCARA SAGRADA HERBARIUM;HERBARIUM LABORATORIO BOTANICO LTDA;78.950.011/0001-20;3913631216;04/10/2021;TODAS
CASTANHA DA ÍNDIA HERBARIUM;HERBARIUM LABORATORIO BOTANICO LTDA;78.950.011/0001-20;2871488215;23/07/2021;TODAS
Cloridrato de Bromexina;LABORATÓRIO GLOBO SA;17.115.437/0001-73;1153427257;28/08/2025;TODAS
sulfato de terbutalina;GREENPHARMA QUÍMICA E FARMACÊUTICA LTDA;33.408.105/0001-33;1500674213;19/04/2021;TODAS
TININ;GEOLAB INDÚSTRIA FARMACÊUTICA S/A;03.485.572/0001-04;0519046181;28/06/2018;TODAS
MONOCEF;INSTITUTO BIOCHIMICO INDÚSTRIA FARMACÊUTICA LTDA;33.258.401/0001-03;0857427253;30/06/2025;TODAS
Captopril;AUROBINDO PHARMA INDÚSTRIA FARMACÊUTICA LIMITADA;04.301.884/0001-75;1069283215;19/03/2021;TODAS
MICOFENOLATO DE MOFETILA;EMS S/A;57.507.378/0003-65;0062364235;20/01/2023;TODAS
MEROMAX;EUROFARMA LABORATÓRIOS S.A.;61.190.096/0001-92;0691160236;05/07/2023;TODAS
BETRICORT;GEOLAB INDÚSTRIA FARMACÊUTICA S/A;03.485.572/0001-04;1354540247;02/10/2024;TODAS
FAULDOXO;LIBBS FARMACÊUTICA LTDA;61.230.314/0001-75;1615160248;26/11/2024;TODAS
cloridrato de amitriptilina;LABORATÓRIO TEUTO BRASILEIRO S/A;17.159.229/0001-76;1200687256;10/09/2025;TODAS
ZYSERTIN;ZYDUS NIKKHO FARMACÊUTICA LTDA;05.254.971/0001-81;1552670214;23/04/2021;TODAS
GLICOSE;FRESENIUS KABI BRASIL LTDA;49.324.221/0001-04;1278404236;17/11/2023;TODAS
norfloxacino;MULTILAB INDUSTRIA E COMERCIO DE PRODUTOS FARMACEUTICOS LTDA;92.265.552/0009-05;2105590174;11/10/2017;TODAS
glimepirida;ACCORD FARMACÊUTICA LTDA;64.171.697/0001-46;0514685212;08/02/2021;TODAS
imipenem + cilastatina sódica;RANBAXY FARMACÊUTICA LTDA;73.663.650/0001-90;2103488165;21/07/2016;TODAS
meloxicam;UNICHEM FARMACÊUTICA DO BRASIL LTDA;05.399.786/0001-85;0672709252;19/05/2025;TODAS
FAULDACAR;LIBBS FARMACÊUTICA LTDA;61.230.314/0001-75;0856220248;24/06/2024;TODAS
dipropionato de betametasona + sulfato de gentamicina;PRATI DONADUZZI & CIA LTDA;73.856.593/0001-66;0805578155;10/09/2015;TODAS
NIMESULIDA;BRAINFARMA INDÚSTRIA QUÍMICA E FARMACÊUTICA S.A;05.161.069/0001-10;0372428258;19/03/2025;TODAS
CEFALEXINA;LABORATÓRIO TEUTO BRASILEIRO S/A;17.159.229/0001-76;1224339240;05/09/2024;TODAS
CLAXAM;SANDOZ DO BRASIL INDÚSTRIA FARMACÊUTICA LTDA;61.286.647/0001-16;0187886245;19/02/2024;TODAS
SEKI;ZAMBON LABORATÓRIOS FARMACÊUTICOS LTDA.;61.100.004/0001-36;0982775253;29/07/2025;TODAS
BEBEX ADE;GEOLAB INDÚSTRIA FARMACÊUTICA S/A;03.485.572/0001-04;1760075248;26/12/2024;TODAS
CLORETO DE SÓDIO;FRESENIUS KABI BRASIL LTDA;49.324.221/0001-04;1562964213;23/04/2021;TODAS
AZITROMICINA;PRATI DONADUZZI & CIA LTDA;73.856.593/0001-66;1671099249;06/12/2024;TODAS
itraconazol;PRATI DONADUZZI & CIA LTDA;73.856.593/0001-66;1427729178;11/07/2017;TODAS
triancinolona acetonida + sulfato de neomicina + gramicidina + nistatina;EUROFARMA LABORATÓRIOS S.A.;61.190.096/0001-92;0254951236;14/03/2023;TODAS
hidroclorotiazida;PRATI DONADUZZI & CIA LTDA;73.856.593/0001-66;0296585254;04/03/2025;TODAS
FENITOÍNA SÓDICA;LABORATÓRIO TEUTO BRASILEIRO S/A;17.159.229/0001-76;5081062227;22/12/2022;TODAS
Risperidona;SANDOZ DO BRASIL INDÚSTRIA FARMACÊUTICA LTDA;61.286.647/0001-16;0803384254;16/06/2025;TODAS
dexametasona;FARMACE INDÚSTRIA QUÍMICO-FARMACÊUTICA CEARENSE LTDA;06.628.333/0001-46;0905548248;03/07/2024;TODAS
cloridrato de irinotecano;ACCORD FARMACÊUTICA LTDA;64.171.697/0001-46;2506648216;28/06/2021;TODAS
ELIXIR PAREGÓRICO CATARINENSE;LABORATORIO CATARINENSE LTDA;84.684.620/0001-87;4445374229;19/07/2022;TODAS
citrato de fentanila;HIPOLABOR FARMACEUTICA LTDA;19.570.720/0001-10;1451623241;22/10/2024;TODAS
ARPADOL;APSEN FARMACEUTICA S/A;62.462.015/0001-29;0151790256;04/02/2025;TODAS
Sevoflurano;INSTITUTO BIOCHIMICO INDÚSTRIA FARMACÊUTICA LTDA;33.258.401/0001-03;1008140252;05/08/2025;TODAS
PRATIGLÓS;PRATI DONADUZZI & CIA LTDA;73.856.593/0001-66;0716875146;28/08/2014;TODAS
GALVUS;NOVARTIS BIOCIENCIAS S.A;56.994.502/0001-30;0779625251;10/06/2025;TODAS
GUACO EDULITO HERBARIUM;HERBARIUM LABORATORIO BOTANICO LTDA;78.950.011/0001-20;3113152216;09/08/2021;TODAS
digoxina;VITAMEDIC INDUSTRIA FARMACEUTICA LTDA;30.222.814/0001-31;1769174165;18/05/2016;TODAS
DIGEVITA;NATIVITA IND. COM. LTDA.;65.271.900/0001-19;1186376228;18/03/2022;TODAS
CAFIASPIRINA;BAYER S.A.;18.459.628/0001-15;1701251248;12/12/2024;TODAS
FAULDVINCRI;LIBBS FARMACÊUTICA LTDA;61.230.314/0001-75;1210982242;03/09/2024;TODAS
NISTRAZIN;GEOLAB INDÚSTRIA FARMACÊUTICA S/A;03.485.572/0001-04;1136489258;23/08/2025;TODAS
GLIMEPIRIDA;SANDOZ DO BRASIL INDÚSTRIA FARMACÊUTICA LTDA;61.286.647/0001-16;0997964251;01/08/2025;TODAS
GRIPPHEEL;HEEL DO BRASIL BIOMÉDICA LTDA;05.994.539/0001-27;4370499224;01/07/2022;TODAS
Secnidazol;PRATI DONADUZZI & CIA LTDA;73.856.593/0001-66;0357942256;17/03/2025;TODAS
BROMIDRATO DE CITALOPRAM;GERMED FARMACEUTICA LTDA;45.992.062/0001-65;0081206259;20/01/2025;TODAS
BROMIDRATO DE CITALOPRAM;EMS S/A;57.507.378/0003-65;0332573231;03/04/2023;TODAS
PROTO-ITECAN;ANTIBIÓTICOS DO BRASIL LTDA;05.439.635/0001-03;0304074241;12/03/2024;TODAS
IQUEGO-CAPTOPRIL;INDÚSTRIA QUÍMICA DO ESTADO DE GOIÁS S/A - IQUEGO;01.541.283/0001-41;0819829152;15/09/2015;TODAS
GINO-COLON;GEOLAB INDÚSTRIA FARMACÊUTICA S/A;03.485.572/0001-04;1184262250;05/09/2025;TODAS
NOVOFER;ACHÉ LABORATÓRIOS FARMACÊUTICOS S.A;60.659.463/0029-92;2337412168;29/09/2016;TODAS
hemitartarato de zolpidem;ZYDUS NIKKHO FARMACÊUTICA LTDA;05.254.971/0001-81;0210756250;14/02/2025;TODAS
Cetoconazol + Dipropionato de Betametasona + Sulfato de Neomicina;GEOLAB INDÚSTRIA FARMACÊUTICA S/A;03.485.572/0001-04;0522533187;29/06/2018;TODAS
IBUPROTRAT;NATULAB LABORATORIO S.A;02.456.955/0001-83;3365125213;26/08/2021;TODAS
glibenclamida;PRATI DONADUZZI & CIA LTDA;73.856.593/0001-66;0357335252;17/03/2025;TODAS
DIUPRESS;EUROFARMA LABORATÓRIOS S.A.;61.190.096/0001-92;4996589221;30/11/2022;TODAS
CLORETO DE SÓDIO 0,9%;ANTIBIÓTICOS DO BRASIL LTDA;05.439.635/0001-03;2789777225;18/05/2022;TODAS
Amoxicilina + Clavulanato de Potássio;SANDOZ DO BRASIL INDÚSTRIA FARMACÊUTICA LTDA;61.286.647/0001-16;0187926247;23/02/2024;TODAS
PROTOVIT PLUS;BAYER S.A.;18.459.628/0001-15;4507547229;04/08/2022;TODAS
nitrato de isoconazol;HIPOLABOR FARMACEUTICA LTDA;19.570.720/0001-10;1969142164;23/06/2016;TODAS
MESACOL;TAKEDA PHARMA LTDA.;60.397.775/0001-74;0318506254;09/03/2025;TODAS
HYPOFARMA MANITOL 20%;HYPOFARMA - INSTITUTO DE HYPODERMIA E FARMÁCIA LTDA;17.174.657/0001-78;1900740210;17/05/2021;TODAS
ARTESUNATO + MEFLOQUINA FARMANGUINHOS;FUNDAÇÃO OSWALDO CRUZ;33.781.055/0001-35;0451329252;02/04/2025;TODAS
SORO ANTIBOTRÓPICO (PENTAVALENTE) E ANTILAQUÉTICO;INSTITUTO VITAL BRAZIL S/A;30.064.034/0001-00;0874132258;03/07/2025;TODAS
Cetoconazol+Dipropionato de Betametasona+Sulfato de Neomicina;GEOLAB INDÚSTRIA FARMACÊUTICA S/A;03.485.572/0001-04;1564185249;13/11/2024;TODAS
LECTRUM;SANDOZ DO BRASIL INDÚSTRIA FARMACÊUTICA LTDA;61.286.647/0001-16;2824468211;20/07/2021;TODAS
cloridrato de nortriptilina;HIPOLABOR FARMACEUTICA LTDA;19.570.720/0001-10;1536916242;07/11/2024;TODAS
CLORIDRATO DE TRAMADOL (PORTARIA 344/98 - LISTA A2);HIPOLABOR FARMACEUTICA LTDA;19.570.720/0001-10;1455057240;23/10/2024;TODAS
atenolol;AUROBINDO PHARMA INDÚSTRIA FARMACÊUTICA LIMITADA;04.301.884/0001-75;2015100194;20/08/2019;TODAS
diazepam;HIPOLABOR FARMACEUTICA LTDA;19.570.720/0001-10;1557416249;12/11/2024;TODAS
loratadina;LABORATÓRIO GLOBO SA;17.115.437/0001-73;1348087242;01/10/2024;TODAS
Diazepam;LABORATÓRIO TEUTO BRASILEIRO S/A;17.159.229/0001-76;4079393211;15/10/2021;TODAS
ENXAK;CAZI QUIMICA FARMACEUTICA INDUSTRIA E COMERCIO LTDA;44.010.437/0001-81;0476688256;07/04/2025;TODAS
paracetamol + cafeína;GERMED FARMACEUTICA LTDA;45.992.062/0001-65;0459703242;11/04/2024;TODAS
TEVACARBO;TEVA FARMACÊUTICA LTDA.;05.333.542/0001-08;0204583241;21/02/2024;TODAS
NEPHROTECT;FRESENIUS KABI BRASIL LTDA;49.324.221/0001-04;0402795229;01/02/2022;TODAS
ZINA;EUROFARMA LABORATÓRIOS S.A.;61.190.096/0001-92;1649063229;08/04/2022;TODAS
fluconazol;CIMED INDUSTRIA S.A;02.814.497/0001-07;1744504245;20/12/2024;TODAS
DIPROPIONATO DE BETAMETASONA + ÁCIDO SALICÍLICO;GERMED FARMACEUTICA LTDA;45.992.062/0001-65;1477130241;28/10/2024;TODAS
EPHYNAL;BAYER S.A.;18.459.628/0001-15;1501338242;31/10/2024;TODAS
FITOSCAR;APSEN FARMACEUTICA S/A;62.462.015/0001-29;1683318242;10/12/2024;TODAS
BICARBONATO DE SÓDIO;FRESENIUS KABI BRASIL LTDA;49.324.221/0001-04;2655470214;08/07/2021;TODAS
CLORIDRATO DE SIBUTRAMINA;EMS S/A;57.507.378/0003-65;1139542257;25/08/2025;TODAS
Cimetidina;PRATI DONADUZZI & CIA LTDA;73.856.593/0001-66;1554581214;23/04/2021;TODAS
ACEBROFILINA;GEOLAB INDÚSTRIA FARMACÊUTICA S/A;03.485.572/0001-04;0788640259;11/06/2025;TODAS
DIOVAN AMLO FIX;NOVARTIS BIOCIENCIAS S.A;56.994.502/0001-30;1099258243;12/08/2024;TODAS
ISOFLURANO;INSTITUTO BIOCHIMICO INDÚSTRIA FARMACÊUTICA LTDA;33.258.401/0001-03;0867874252;02/07/2025;TODAS
DIMENIDRIN;VITAMEDIC INDUSTRIA FARMACEUTICA LTDA;30.222.814/0001-31;0612776247;08/05/2024;TODAS
cloridrato de terbinafina;HIPOLABOR FARMACEUTICA LTDA;19.570.720/0001-10;1969212169;23/06/2016;TODAS
SOLUÇÃO P/ DIÁLISE PERITONEAL;FRESENIUS KABI BRASIL LTDA;49.324.221/0001-04;0196055195;01/03/2019;TODAS
PENETRO;MEGALABS FARMACEUTICA S.A.;33.026.055/0001-20;0750593253;03/06/2025;TODAS
TEVAGRASTIM;TEVA FARMACÊUTICA LTDA.;05.333.542/0001-08;1189880237;30/10/2023;TODAS
NARIX;CIMED INDUSTRIA S.A;02.814.497/0001-07;0492435251;10/04/2025;TODAS
VENFORIN;EMS SIGMA PHARMA LTDA;00.923.140/0001-31;1487161247;29/10/2024;TODAS
DIPROPIONATO DE BETAMETASONA + SULFATO DE GENTAMICINA;CIMED INDUSTRIA S.A;02.814.497/0001-07;0568820155;29/06/2015;TODAS
DIPROZIL;CIMED INDUSTRIA S.A;02.814.497/0001-07;1346601191;26/07/2019;TODAS
BROMELIN;INFAN INDUSTRIA QUIMICA FARMACEUTICA NACIONAL S/A;08.939.548/0001-03;2594748166;03/01/2023;TODAS
ONCICREM-A;GEOLAB INDÚSTRIA FARMACÊUTICA S/A;03.485.572/0001-04;0519129187;28/06/2018;TODAS
DUOMO;EUROFARMA LABORATÓRIOS S.A.;61.190.096/0001-92;4658886227;06/09/2022;TODAS
FUROSEMIDA;PRATI DONADUZZI & CIA LTDA;73.856.593/0001-66;1658565240;04/12/2024;TODAS
FLUNEXIL;INSTITUTO BIOCHIMICO INDÚSTRIA FARMACÊUTICA LTDA;33.258.401/0001-03;0867640251;02/07/2025;TODAS
RINGER;JP INDUSTRIA FARMACEUTICA S/A;55.972.087/0001-50;0801398258;16/06/2025;TODAS
OCERAL;BAYER S.A.;18.459.628/0001-15;1555700216;23/04/2021;TODAS
LQFEX - CLOROQUINA;LABORATÓRIO QUÍMICO FARMACÊUTICO DO EXÉRCITO;00.394.452/0001-03;2848587204;24/08/2020;TODAS
OLIG-TRAT;VASCONCELOS INDUSTRIA FARMACEUTICA E COMERCIO LTDA;05.155.425/0001-93;1223392236;07/11/2023;TODAS
G500 BALSÂMICO;LABORATORIO CATARINENSE LTDA;84.684.620/0001-87;2668650224;03/05/2022;TODAS
GENLIBBS;LIBBS FARMACÊUTICA LTDA;61.230.314/0001-75;0843841257;27/06/2025;TODAS
CLOB-X;GALDERMA BRASIL LTDA;00.317.372/0001-46;0569910251;28/04/2025;TODAS
SALAZOPRIN;CAZI QUIMICA FARMACEUTICA INDUSTRIA E COMERCIO LTDA;44.010.437/0001-81;3882848201;05/11/2020;TODAS
Clonazepam;ZYDUS NIKKHO FARMACÊUTICA LTDA;05.254.971/0001-81;1498840212;19/04/2021;TODAS
SOLUÇÃO RINGER SIMPLES EQUIPLEX;EQUIPLEX INDÚSTRIA FARMACÊUTICA LTDA;01.784.792/0001-03;1023193256;08/08/2025;TODAS
NEXAVAR;BAYER S.A.;18.459.628/0001-15;0784702250;11/06/2025;TODAS
CLENIL HFA;CHIESI FARMACÊUTICA LTDA;61.363.032/0001-46;1226504248;05/09/2024;TODAS
CLORIDRATO DE TETRACICLINA;MEDQUIMICA INDUSTRIA FARMACEUTICA LTDA.;17.875.154/0001-20;0107010259;24/01/2025;TODAS
SOLUÇÃO RINGER COM LACTATO;FRESENIUS KABI BRASIL LTDA;49.324.221/0001-04;1562020214;23/04/2021;TODAS
OPTILAR;GEOLAB INDÚSTRIA FARMACÊUTICA S/A;03.485.572/0001-04;0923867252;16/07/2025;TODAS
SULFATO DE NEOMICINA;PRATI DONADUZZI & CIA LTDA;73.856.593/0001-66;0806788259;17/06/2025;TODAS
CEFAZIMA;INSTITUTO BIOCHIMICO INDÚSTRIA FARMACÊUTICA LTDA;33.258.401/0001-03;0862695252;01/07/2025;TODAS
CLORETO DE SÓDIO BEKER;BEKER PRODUTOS FÁRMACO HOSPITALARES LTDA;47.231.121/0001-08;1215433214;30/03/2021;TODAS
PRATIFOLIN;PRATI DONADUZZI & CIA LTDA;73.856.593/0001-66;0400974156;07/05/2015;TODAS
HYTAS;ACCORD FARMACÊUTICA LTDA;64.171.697/0001-46;0491040229;09/02/2022;TODAS
fluconazol;PRATI DONADUZZI & CIA LTDA;73.856.593/0001-66;0179282255;08/02/2025;TODAS
MALEATO DE DEXCLORFENIRAMINA + BETAMETASONA;GEOLAB INDÚSTRIA FARMACÊUTICA S/A;03.485.572/0001-04;0325055185;25/04/2018;TODAS
CLORIDRATO DE PROPRANOLOL;PHARLAB INDÚSTRIA FARMACÊUTICA S.A.;02.501.297/0001-02;0925579254;16/07/2025;TODAS
cefalexina;UNIÃO QUÍMICA FARMACÊUTICA NACIONAL S/A;60.665.981/0001-18;0306320258;06/03/2025;TODAS
GRIPINEW;MEDQUIMICA INDUSTRIA FARMACEUTICA LTDA.;17.875.154/0001-20;0790521253;12/06/2025;TODAS
HEMOFOL;CRISTÁLIA PRODUTOS QUÍMICOS FARMACÊUTICOS LTDA.;44.734.671/0001-51;0255422245;01/03/2024;TODAS
CLORIDRATO DE AMBROXOL;FARMACE INDÚSTRIA QUÍMICO-FARMACÊUTICA CEARENSE LTDA;06.628.333/0001-46;0215298241;23/02/2024;TODAS
besilato de anlodipino;AUROBINDO PHARMA INDÚSTRIA FARMACÊUTICA LIMITADA;04.301.884/0001-75;0494197226;09/02/2022;TODAS
aciclovir;PHARLAB INDÚSTRIA FARMACÊUTICA S.A.;02.501.297/0001-02;0037188259;10/01/2025;TODAS
DIPIRONA SODICA;LABORATÓRIO TEUTO BRASILEIRO S/A;17.159.229/0001-76;4772557229;03/10/2022;TODAS
AVALOX;BAYER S.A.;18.459.628/0001-15;1740446241;20/12/2024;TODAS
UNI CEFALEXIN;UNIÃO QUÍMICA FARMACÊUTICA NACIONAL S/A;60.665.981/0001-18;2922960218;27/07/2021;TODAS
DEXANEURIN;UNIÃO QUÍMICA FARMACÊUTICA NACIONAL S/A;60.665.981/0001-18;2751572219;15/07/2021;TODAS
acetilcisteina;BLAU FARMACÊUTICA S.A.;58.430.828/0001-60;1417757248;16/10/2024;TODAS
SOLUÇÃO RINGER COM LACTATO;EQUIPLEX INDÚSTRIA FARMACÊUTICA LTDA;01.784.792/0001-03;0891619259;07/07/2025;TODAS
SOLUCAO DE MANITOL EQUIPLEX;EQUIPLEX INDÚSTRIA FARMACÊUTICA LTDA;01.784.792/0001-03;1150856254;27/08/2025;TODAS
FARMACE-GLICOSE 5% SOLUÇÃO ISOTONICA;FARMACE INDÚSTRIA QUÍMICO-FARMACÊUTICA CEARENSE LTDA;06.628.333/0001-46;0216473241;23/02/2024;TODAS
BIALUDEX;LEGRAND PHARMA INDÚSTRIA FARMACÊUTICA LTDA;05.044.984/0001-26;0875543251;03/07/2025;TODAS
CLORIDRATO DE CIPROFLOXACINO;LABORATÓRIO GLOBO SA;17.115.437/0001-73;0241919258;20/02/2025;TODAS
DOXURAN;SANDOZ DO BRASIL INDÚSTRIA FARMACÊUTICA LTDA;61.286.647/0001-16;0710080255;26/05/2025;TODAS
ÁGUA PARA INJEÇÃO;CRISTÁLIA PRODUTOS QUÍMICOS FARMACÊUTICOS LTDA.;44.734.671/0001-51;4836476224;18/10/2022;TODAS
LIDOCAÍNA;EMS S/A;57.507.378/0003-65;1003287255;04/08/2025;TODAS
PLASMIN;HALEX ISTAR INDÚSTRIA FARMACÊUTICA SA;01.571.702/0001-98;1900453212;17/05/2021;TODAS
FLUDALIBBS;LIBBS FARMACÊUTICA LTDA;61.230.314/0001-75;1186222247;28/08/2024;TODAS
CERVARIX;GLAXOSMITHKLINE BRASIL LTDA;33.247.743/0001-10;4978066221;24/11/2022;TODAS
GOTAS BINELLI;MEGALABS FARMACEUTICA S.A.;33.026.055/0001-20;0737582251;30/05/2025;TODAS
Versa;EUROFARMA LABORATÓRIOS S.A.;61.190.096/0001-92;4868099221;26/10/2022;TODAS
SOLUÇÃO GLICOFISIOLÓGICA;FRESENIUS KABI BRASIL LTDA;49.324.221/0001-04;1558143218;23/04/2021;TODAS
TINIDAZOL + NITRATO DE MICONAZOL;GEOLAB INDÚSTRIA FARMACÊUTICA S/A;03.485.572/0001-04;1136488251;23/08/2025;TODAS
NIDAZOFARMA;FARMACE INDÚSTRIA QUÍMICO-FARMACÊUTICA CEARENSE LTDA;06.628.333/0001-46;0216154243;23/02/2024;TODAS
metronidazol;BELFAR LTDA;18.324.343/0001-77;0969811250;25/07/2025;TODAS
AZANEM;INSTITUTO BIOCHIMICO INDÚSTRIA FARMACÊUTICA LTDA;33.258.401/0001-03;0849244251;28/06/2025;TODAS
Diclofenaco Dietilamônio;PHARLAB INDÚSTRIA FARMACÊUTICA S.A.;02.501.297/0001-02;0815440251;18/06/2025;TODAS
BRONTEK;GEOLAB INDÚSTRIA FARMACÊUTICA S/A;03.485.572/0001-04;0788215256;11/06/2025;TODAS
Nimesulida;LABORATÓRIO TEUTO BRASILEIRO S/A;17.159.229/0001-76;0839793251;26/06/2025;TODAS
BENZIDROL;PRATI DONADUZZI & CIA LTDA;73.856.593/0001-66;0910099147;10/10/2014;TODAS
FURP - AMOXICILINA;FUNDAÇÃO PARA O REMÉDIO POPULAR - FURP;43.640.754/0001-19;0241680247;28/02/2024;TODAS
cloridrato de terbinafina;PRATI DONADUZZI & CIA LTDA;73.856.593/0001-66;0581064259;30/04/2025;TODAS
ANGELIQ;BAYER S.A.;18.459.628/0001-15;1138203254;25/08/2025;TODAS
CLOTRIGEL;GLENMARK FARMACÊUTICA LTDA;44.363.661/0001-57;0967758254;24/07/2025;TODAS
DORICIN;EMS S/A;57.507.378/0003-65;0503915254;11/04/2025;TODAS
SONARIN;GEOLAB INDÚSTRIA FARMACÊUTICA S/A;03.485.572/0001-04;1228768234;08/11/2023;TODAS
UNIFENTAL;UNIÃO QUÍMICA FARMACÊUTICA NACIONAL S/A;60.665.981/0001-18;0992226252;31/07/2025;TODAS
OCTIFEN;UNIÃO QUÍMICA FARMACÊUTICA NACIONAL S/A;60.665.981/0001-18;0508927251;14/04/2025;TODAS
MANITOL BEKER;BEKER PRODUTOS FÁRMACO HOSPITALARES LTDA;47.231.121/0001-08;1215539210;30/03/2021;TODAS
NIZUIL GEL;MULTILAB INDUSTRIA E COMERCIO DE PRODUTOS FARMACEUTICOS LTDA;92.265.552/0009-05;1561346211;23/04/2021;TODAS
PURISOLE SM;FRESENIUS KABI BRASIL LTDA;49.324.221/0001-04;1562041217;23/04/2021;TODAS
FRUTOSE 5%;FRESENIUS KABI BRASIL LTDA;49.324.221/0001-04;0196458195;01/03/2019;TODAS
TIOCONAZOL + TINIDAZOL;LABORATÓRIO GLOBO SA;17.115.437/0001-73;0834645254;25/06/2025;TODAS
acetato de hidrocortisona;LABORATÓRIO TEUTO BRASILEIRO S/A;17.159.229/0001-76;0813401259;18/06/2025;TODAS
DYSPORT;BEAUFOUR IPSEN FARMACÊUTICA LTDA;07.718.721/0001-80;0361062257;18/03/2025;TODAS
cloridrato de gencitabina;EUROFARMA LABORATÓRIOS S.A.;61.190.096/0001-92;0844567256;27/06/2025;TODAS
Amoxicilina + Clavulanato de Potássio;EMS S/A;57.507.378/0003-65;1015796257;07/08/2025;TODAS
cloridrato de cefepima;INSTITUTO BIOCHIMICO INDÚSTRIA FARMACÊUTICA LTDA;33.258.401/0001-03;0865847258;02/07/2025;TODAS
CYMBALTA;ELI LILLY DO BRASIL LTDA;43.940.618/0001-44;8423781216;20/12/2021;TODAS
NUTRAPLUS 20;GALDERMA BRASIL LTDA;00.317.372/0001-46;4190187224;23/05/2022;TODAS
PHASTER;EMS SIGMA PHARMA LTDA;00.923.140/0001-31;0643965238;23/06/2023;TODAS
sulfametoxazol + trimetoprima;PRATI DONADUZZI & CIA LTDA;73.856.593/0001-66;1361836245;03/10/2024;TODAS
DUOSOL COM POTÁSSIO;LABORATORIOS B. BRAUN S/A;31.673.254/0001-02;0443239240;09/04/2024;TODAS
besilato de anlodipino;PRATI DONADUZZI & CIA LTDA;73.856.593/0001-66;1427958246;17/10/2024;TODAS
VITAMINA E 400UI;BELFAR LTDA;18.324.343/0001-77;0010904155;07/01/2015;TODAS
IZONAX;PHARLAB INDÚSTRIA FARMACÊUTICA S.A.;02.501.297/0001-02;0672075253;19/05/2025;TODAS
cloridrato de fluoxetina;HIPOLABOR FARMACEUTICA LTDA;19.570.720/0001-10;1429558245;17/10/2024;TODAS
GALVUS MET;NOVARTIS BIOCIENCIAS S.A;56.994.502/0001-30;0936324252;18/07/2025;TODAS
FOSAMAX D;ORGANON FARMACÊUTICA LTDA.;45.987.013/0001-34;0798448253;13/06/2025;TODAS
triancinolona acetonida + sulfato de neomicina + gramicidina + nistatina;EUROFARMA LABORATÓRIOS S.A.;61.190.096/0001-92;4922963227;09/11/2022;TODAS
CLORIDRATO DE PROPRANOLOL;PRATI DONADUZZI & CIA LTDA;73.856.593/0001-66;1187501181;18/12/2018;TODAS
PARACETAMOL + CLORIDRATO DE PSEUDOEFEDRINA;EMS S/A;57.507.378/0003-65;1473204241;25/10/2024;TODAS
HELLEVA;CRISTÁLIA PRODUTOS QUÍMICOS FARMACÊUTICOS LTDA.;44.734.671/0001-51;0913436259;14/07/2025;TODAS
XYLESTESIN ISOBÁRICO;CRISTÁLIA PRODUTOS QUÍMICOS FARMACÊUTICOS LTDA.;44.734.671/0001-51;0942271214;10/03/2021;TODAS
SYNTHROID;ABBOTT LABORATÓRIOS DO BRASIL LTDA;56.998.701/0001-16;0071370251;17/01/2025;TODAS
sulfadiazina de prata;UNIÃO QUÍMICA FARMACÊUTICA NACIONAL S/A;60.665.981/0001-18;4295891223;14/06/2022;TODAS
BIOMAG;ACHÉ LABORATÓRIOS FARMACÊUTICOS S.A;60.659.463/0029-92;0712349251;27/05/2025;TODAS
SPRYCEL;BRISTOL-MYERS SQUIBB FARMACÊUTICA LTDA;56.998.982/0001-07;1743134240;20/12/2024;TODAS
DIMORF;CRISTÁLIA PRODUTOS QUÍMICOS FARMACÊUTICOS LTDA.;44.734.671/0001-51;1208346253;11/09/2025;TODAS
UNI HALOPER;UNIÃO QUÍMICA FARMACÊUTICA NACIONAL S/A;60.665.981/0001-18;0216304245;23/02/2024;TODAS
azitromicina;SANDOZ DO BRASIL INDÚSTRIA FARMACÊUTICA LTDA;61.286.647/0001-16;0827058250;23/06/2025;TODAS
TETRAMED;MEDQUIMICA INDUSTRIA FARMACEUTICA LTDA.;17.875.154/0001-20;0106471252;24/01/2025;TODAS
ÁGUA PARA INJEÇÃO;FRESENIUS KABI BRASIL LTDA;49.324.221/0001-04;1557610218;23/04/2021;TODAS
CREVAGIN;EUROFARMA LABORATÓRIOS S.A.;61.190.096/0001-92;0897233255;08/07/2025;TODAS
CLORIDRATO DE BROMEXINA;GERMED FARMACEUTICA LTDA;45.992.062/0001-65;1137967251;25/08/2025;TODAS
HIPOFOL;HIPOLABOR FARMACEUTICA LTDA;19.570.720/0001-10;1667123246;05/12/2024;TODAS
HIPÉRICO HERBARIUM;HERBARIUM LABORATORIO BOTANICO LTDA;78.950.011/0001-20;3914900211;04/10/2021;TODAS
CISTEIL;GEOLAB INDÚSTRIA FARMACÊUTICA S/A;03.485.572/0001-04;0775296252;09/06/2025;TODAS
FINASTERIDA;AUROBINDO PHARMA INDÚSTRIA FARMACÊUTICA LIMITADA;04.301.884/0001-75;1085399257;15/08/2025;TODAS
CLORIDRATO DE AMITRIPTILINA;EMS S/A;57.507.378/0003-65;0991594258;31/07/2025;TODAS
CANDITRAT;LABORATÓRIO TEUTO BRASILEIRO S/A;17.159.229/0001-76;1683673247;10/12/2024;TODAS
TYSABRI;BIOGEN BRASIL PRODUTOS FARMACÊUTICOS LTDA;07.986.222/0001-74;0830354255;24/06/2025;TODAS
Artane;APSEN FARMACEUTICA S/A;62.462.015/0001-29;1204114242;02/09/2024;TODAS
MALEATO DE DEXCLORFENIRAMINA;FARMACE INDÚSTRIA QUÍMICO-FARMACÊUTICA CEARENSE LTDA;06.628.333/0001-46;0215716248;23/02/2024;TODAS
benzoilmetronidazol;PRATI DONADUZZI & CIA LTDA;73.856.593/0001-66;0230094140;27/03/2014;TODAS
cetoconazol;PHARLAB INDÚSTRIA FARMACÊUTICA S.A.;02.501.297/0001-02;0671953257;19/05/2025;TODAS
MANITOL 20%;FRESENIUS KABI BRASIL LTDA;49.324.221/0001-04;1557087218;23/04/2021;TODAS
IQUEGO-IBUPROFENO;INDÚSTRIA QUÍMICA DO ESTADO DE GOIÁS S/A - IQUEGO;01.541.283/0001-41;1385265165;21/03/2016;TODAS
AMYTRIL;CRISTÁLIA PRODUTOS QUÍMICOS FARMACÊUTICOS LTDA.;44.734.671/0001-51;0795483252;13/06/2025;TODAS
Cefadroxila;SANDOZ DO BRASIL INDÚSTRIA FARMACÊUTICA LTDA;61.286.647/0001-16;0966523253;24/07/2025;TODAS
TEVAOXALI;TEVA FARMACÊUTICA LTDA.;05.333.542/0001-08;0204617243;21/02/2024;TODAS
PANTIUM;ACCORD FARMACÊUTICA LTDA;64.171.697/0001-46;1498657214;19/04/2021;TODAS
AMINOSTERIL N-HEPA 8%;FRESENIUS KABI BRASIL LTDA;49.324.221/0001-04;2477666223;20/04/2022;TODAS
levofloxacino;SANDOZ DO BRASIL INDÚSTRIA FARMACÊUTICA LTDA;61.286.647/0001-16;4615033222;26/08/2022;TODAS
dipirona sódica;NATIVITA IND. COM. LTDA.;65.271.900/0001-19;4572967229;18/08/2022;TODAS
METRONIDAZOL;PRATI DONADUZZI & CIA LTDA;73.856.593/0001-66;0833152254;25/06/2025;TODAS
REDOXON;BAYER S.A.;18.459.628/0001-15;0602019257;05/05/2025;TODAS
IMUSSUPREX;GERMED FARMACEUTICA LTDA;45.992.062/0001-65;0889962251;07/07/2025;TODAS
NISTATINA;CIFARMA CIENTÍFICA FARMACÊUTICA LTDA;17.562.075/0001-69;4919687222;09/11/2022;TODAS
GINKGO HERBARIUM;HERBARIUM LABORATORIO BOTANICO LTDA;78.950.011/0001-20;3914989211;04/10/2021;TODAS
FUNED METFORMINA;FUNDAÇÃO EZEQUIEL DIAS - FUNED;17.503.475/0001-01;2469332214;25/06/2021;TODAS
MENELAT;TORRENT DO BRASIL LTDA;33.078.528/0001-32;0781094259;10/06/2025;TODAS
TRANSPULMIN XAROPE INFANTIL;ACHÉ LABORATÓRIOS FARMACÊUTICOS S.A;60.659.463/0029-92;3576760211;10/09/2021;TODAS
Mirtazapina;SANDOZ DO BRASIL INDÚSTRIA FARMACÊUTICA LTDA;61.286.647/0001-16;0381285251;20/03/2025;TODAS
GLAUB;UNIÃO QUÍMICA FARMACÊUTICA NACIONAL S/A;60.665.981/0001-18;0926687255;16/07/2025;TODAS
AZITROMICINA;PRATI DONADUZZI & CIA LTDA;73.856.593/0001-66;1631354248;28/11/2024;TODAS
DIOSMIN SDU;ACHÉ LABORATÓRIOS FARMACÊUTICOS S.A;60.659.463/0029-92;0713063254;27/05/2025;TODAS
FUNED CETOCONAZOL;FUNDAÇÃO EZEQUIEL DIAS - FUNED;17.503.475/0001-01;0106120178;20/01/2017;TODAS
lidocaina;HIPOLABOR FARMACEUTICA LTDA;19.570.720/0001-10;0438175255;31/03/2025;TODAS
BISURAN;EMS S/A;57.507.378/0003-65;0935582258;18/07/2025;TODAS
INVEGA;JANSSEN-CILAG FARMACÊUTICA LTDA;51.780.468/0001-87;1495360245;30/10/2024;TODAS
cloridrato de donepezila;RANBAXY FARMACÊUTICA LTDA;73.663.650/0001-90;0671852256;19/05/2025;TODAS
STONGEL;CAZI QUIMICA FARMACEUTICA INDUSTRIA E COMERCIO LTDA;44.010.437/0001-81;2504257162;18/11/2016;TODAS
SELENE;EUROFARMA LABORATÓRIOS S.A.;61.190.096/0001-92;0242440223;19/01/2022;TODAS
ASPIRINA;BAYER S.A.;18.459.628/0001-15;1701684241;12/12/2024;TODAS
CPHD 24/34;FRESENIUS MEDICAL CARE LTDA;01.440.590/0001-36;0885531221;07/03/2022;TODAS
ESPINHEIRA SANTA;VIDORA FARMACÊUTICA LTDA;92.762.277/0001-70;2301193217;14/06/2021;TODAS
ASPIRINA C EFERVESCENTE;BAYER S.A.;18.459.628/0001-15;1701313243;12/12/2024;TODAS
brometo de rocurônio;EUROFARMA LABORATÓRIOS S.A.;61.190.096/0001-92;1064019242;05/08/2024;TODAS
NASOFAR AD;BELFAR LTDA;18.324.343/0001-77;0095843193;31/01/2019;TODAS
MALEATO DE DEXCLORFENIRAMINA + BETAMETASONA;LABORATÓRIO GLOBO SA;17.115.437/0001-73;0731877250;29/05/2025;TODAS
CPHD BICARBONATO DE SÓDIO 8,4 %;FRESENIUS MEDICAL CARE LTDA;01.440.590/0001-36;0716396220;25/02/2022;TODAS
Nimesulida;LEGRAND PHARMA INDÚSTRIA FARMACÊUTICA LTDA;05.044.984/0001-26;0755794257;04/06/2025;TODAS
MALEATO DE ENALAPRIL;GERMED FARMACEUTICA LTDA;45.992.062/0001-65;0987882252;30/07/2025;TODAS
CLORETO DE SÓDIO;HALEX ISTAR INDÚSTRIA FARMACÊUTICA SA;01.571.702/0001-98;2476590202;28/07/2020;TODAS
Priorix Tetra;GLAXOSMITHKLINE BRASIL LTDA;33.247.743/0001-10;0814254250;18/06/2025;TODAS
espironolactona;HIPOLABOR FARMACEUTICA LTDA;19.570.720/0001-10;1390034241;09/10/2024;TODAS
dicloridrato de cetirizina;LABORATÓRIO TEUTO BRASILEIRO S/A;17.159.229/0001-76;1932364216;19/05/2021;TODAS
fenitoína;CAZI QUIMICA FARMACEUTICA INDUSTRIA E COMERCIO LTDA;44.010.437/0001-81;4286100204;04/12/2020;TODAS
JP GLICOSE;JP INDUSTRIA FARMACEUTICA S/A;55.972.087/0001-50;0737834251;30/05/2025;TODAS
JP FISIOLÓGICO;JP INDUSTRIA FARMACEUTICA S/A;55.972.087/0001-50;4478283207;18/12/2020;TODAS
PASSIFLORA KLEIN;VIDORA FARMACÊUTICA LTDA;92.762.277/0001-70;2417509211;22/06/2021;TODAS
micofenolato de mofetila;ACCORD FARMACÊUTICA LTDA;64.171.697/0001-46;3279861225;20/05/2022;TODAS
BENICARANLO;DAIICHI SANKYO BRASIL FARMACÊUTICA LTDA;60.874.187/0001-84;0531336255;17/04/2025;TODAS
DICLOFENACO SÓDICO;EMS S/A;57.507.378/0003-65;0583597254;30/04/2025;TODAS
Amoxicilina + Clavulanato de Potássio;EUROFARMA LABORATÓRIOS S.A.;61.190.096/0001-92;0921118252;15/07/2025;TODAS
atenolol + clortalidona;LABORATÓRIO TEUTO BRASILEIRO S/A;17.159.229/0001-76;0893041254;08/07/2025;TODAS
SOLUÇÃO DE RINGER COM LACTATO;JP INDUSTRIA FARMACEUTICA S/A;55.972.087/0001-50;0737870257;30/05/2025;TODAS
ZYVALPREX;ZYDUS NIKKHO FARMACÊUTICA LTDA;05.254.971/0001-81;4678237224;12/09/2022;TODAS
SULFATO DE NEOMICINA + BACITRACINA ZÍNCICA;CIMED INDUSTRIA S.A;02.814.497/0001-07;1667127241;05/12/2024;TODAS
TOFRANIL;CRISTÁLIA PRODUTOS QUÍMICOS FARMACÊUTICOS LTDA.;44.734.671/0001-51;0706733258;26/05/2025;TODAS
JP GLICOFISIOLÓGICO;JP INDUSTRIA FARMACEUTICA S/A;55.972.087/0001-50;0737758252;30/05/2025;TODAS
cefalexina;UNIÃO QUÍMICA FARMACÊUTICA NACIONAL S/A;60.665.981/0001-18;0685639240;22/05/2024;TODAS
varfarina sódica;LABORATÓRIO TEUTO BRASILEIRO S/A;17.159.229/0001-76;0682258253;21/05/2025;TODAS
VASOPRIL;BIOLAB SANUS FARMACÊUTICA LTDA;49.475.833/0001-06;0658086251;15/05/2025;TODAS
losartana potássica + hidroclorotiazida;EUROFARMA LABORATÓRIOS S.A.;61.190.096/0001-92;1202915256;10/09/2025;TODAS
MIRTAZAPINA;AUROBINDO PHARMA INDÚSTRIA FARMACÊUTICA LIMITADA;04.301.884/0001-75;0490960251;09/04/2025;TODAS
alopurinol;PRATI DONADUZZI & CIA LTDA;73.856.593/0001-66;0225438241;26/02/2024;TODAS
FRESOFLOX;FRESENIUS KABI BRASIL LTDA;49.324.221/0001-04;1562355216;23/04/2021;TODAS
RISS;EUROFARMA LABORATÓRIOS S.A.;61.190.096/0001-92;0122213254;28/01/2025;TODAS
Naglazyme;BIOMARIN BRASIL FARMACÊUTICA LTDA;08.002.360/0001-34;0834456257;25/06/2025;TODAS
PEDILETAN;CIMED INDUSTRIA S.A;02.814.497/0001-07;0669891258;19/05/2025;TODAS
BAYCUTEN N;BAYER S.A.;18.459.628/0001-15;1058432249;02/08/2024;TODAS
TRANSPULMIN XAROPE ADULTO;ACHÉ LABORATÓRIOS FARMACÊUTICOS S.A;60.659.463/0029-92;3857524219;30/09/2021;TODAS
PREDMICIN;EMS S/A;57.507.378/0003-65;1381803211;11/04/2021;TODAS
PIROXICAM;PRATI DONADUZZI & CIA LTDA;73.856.593/0001-66;2298279175;18/12/2017;TODAS
LABCAÍNA;PHARLAB INDÚSTRIA FARMACÊUTICA S.A.;02.501.297/0001-02;0600489256;05/05/2025;TODAS
flumazenil (PORTARIA 344 - LISTA C1);UNIÃO QUÍMICA FARMACÊUTICA NACIONAL S/A;60.665.981/0001-18;0629836248;13/05/2024;TODAS
ARTRINID;UNIÃO QUÍMICA FARMACÊUTICA NACIONAL S/A;60.665.981/0001-18;1578541247;18/11/2024;TODAS
Enoxalow;BLAU FARMACÊUTICA S.A.;58.430.828/0001-60;3579332210;10/09/2021;TODAS
SEDALEX;LABORATÓRIO TEUTO BRASILEIRO S/A;17.159.229/0001-76;0509987257;14/04/2025;TODAS
ENALAMED;CIMED INDUSTRIA S.A;02.814.497/0001-07;1019253240;25/07/2024;TODAS
HEPATILON;KLEY HERTZ FARMACEUTICA S.A;92.695.691/0001-03;4339755214;03/11/2021;TODAS
GASTRINON;LABORATÓRIO VITALAB LTDA;56.646.953/0001-86;0890150231;23/08/2023;TODAS
amoxicilina;RANBAXY FARMACÊUTICA LTDA;73.663.650/0001-90;0222714172;09/02/2017;TODAS
OSTEOFIX;NATULAB LABORATORIO S.A;02.456.955/0001-83;4443637222;19/07/2022;TODAS
RINGER;FRESENIUS KABI BRASIL LTDA;49.324.221/0001-04;1562792216;23/04/2021;TODAS
maleato de dexclorfeniramina + betametasona;CIMED INDUSTRIA S.A;02.814.497/0001-07;1660187249;04/12/2024;TODAS
TOPIRAMATO;SANDOZ DO BRASIL INDÚSTRIA FARMACÊUTICA LTDA;61.286.647/0001-16;1496653246;30/10/2024;TODAS
CEFALEXINA;ANTIBIÓTICOS DO BRASIL LTDA;05.439.635/0001-03;0148323243;07/02/2024;TODAS
GANFORT;ALLERGAN PRODUTOS FARMACÊUTICOS LTDA;43.426.626/0001-77;0326505237;31/03/2023;TODAS
CASTANHA DA ÍNDIA;BELFAR LTDA;18.324.343/0001-77;0140808256;31/01/2025;TODAS
Furosemida;HIPOLABOR FARMACEUTICA LTDA;19.570.720/0001-10;1597961248;22/11/2024;TODAS
Maleato de Dexclorfeniramina;CRISTÁLIA PRODUTOS QUÍMICOS FARMACÊUTICOS LTDA.;44.734.671/0001-51;2100937166;20/07/2016;TODAS
ESKAVIT;HIPOLABOR FARMACEUTICA LTDA;19.570.720/0001-10;1598027247;22/11/2024;TODAS
Nitrato de Miconazol;GEOLAB INDÚSTRIA FARMACÊUTICA S/A;03.485.572/0001-04;0115606193;07/02/2019;TODAS
LIBIAM;LIBBS FARMACÊUTICA LTDA;61.230.314/0001-75;0773342257;09/06/2025;TODAS
cloridrato de amiodarona;RANBAXY FARMACÊUTICA LTDA;73.663.650/0001-90;0273292251;26/02/2025;TODAS
AZITROMICINA;LABORATÓRIO TEUTO BRASILEIRO S/A;17.159.229/0001-76;0613665252;07/05/2025;TODAS
CLORIDRATO DE TIZANIDINA;RANBAXY FARMACÊUTICA LTDA;73.663.650/0001-90;1015453252;07/08/2025;TODAS
lamotrigina;RANBAXY FARMACÊUTICA LTDA;73.663.650/0001-90;1157458254;29/08/2025;TODAS
TOBRALOX;EMS S/A;57.507.378/0003-65;0906849250;10/07/2025;TODAS
Butilbrometo de escopolamina;UNIÃO QUÍMICA FARMACÊUTICA NACIONAL S/A;60.665.981/0001-18;0669005231;29/06/2023;TODAS
GLICOSE A 5% + CLORETO DE SÓDIO A 0,9%;LABORATORIOS B. BRAUN S/A;31.673.254/0001-02;1410568237;12/12/2023;TODAS
CEFAGEL;MULTILAB INDUSTRIA E COMERCIO DE PRODUTOS FARMACEUTICOS LTDA;92.265.552/0009-05;4207321225;25/05/2022;TODAS
SIGMACALCIDOL;EMS SIGMA PHARMA LTDA;00.923.140/0001-31;1554734215;23/04/2021;TODAS
COLCHIS;APSEN FARMACEUTICA S/A;62.462.015/0001-29;0894332244;01/07/2024;TODAS
PONDERA;EUROFARMA LABORATÓRIOS S.A.;61.190.096/0001-92;1651617244;03/12/2024;TODAS
NISTATINA;GEOLAB INDÚSTRIA FARMACÊUTICA S/A;03.485.572/0001-04;0329712250;11/03/2025;TODAS
FOLIFOLIN;EMS S/A;57.507.378/0003-65;1610126246;25/11/2024;TODAS
DICLOFENACO DIETILAMÔNIO;GEOLAB INDÚSTRIA FARMACÊUTICA S/A;03.485.572/0001-04;0480389182;15/06/2018;TODAS
DICLOFENACO SÓDICO;HIPOLABOR FARMACEUTICA LTDA;19.570.720/0001-10;1466762241;24/10/2024;TODAS
GINO MIZONOL;GEOLAB INDÚSTRIA FARMACÊUTICA S/A;03.485.572/0001-04;2859159215;22/07/2021;TODAS
Humalog Mix;ELI LILLY DO BRASIL LTDA;43.940.618/0001-44;1012175243;24/07/2024;TODAS
Digoxina;PHARLAB INDÚSTRIA FARMACÊUTICA S.A.;02.501.297/0001-02;0734170254;30/05/2025;TODAS
nistatina + óxido de zinco;PRATI DONADUZZI & CIA LTDA;73.856.593/0001-66;0499231252;11/04/2025;TODAS
cloridrato de ambroxol;GEOLAB INDÚSTRIA FARMACÊUTICA S/A;03.485.572/0001-04;0480613181;15/06/2018;TODAS
DIURIT;1FARMA INDUSTRIA FARMACEUTICA LTDA;48.113.906/0001-49;4077995205;19/11/2020;TODAS
Cloridrato de Dobutamina;HYPOFARMA - INSTITUTO DE HYPODERMIA E FARMÁCIA LTDA;17.174.657/0001-78;1515404211;20/04/2021;TODAS
Vialebex;LFB - HEMODERIVADOS E BIOTECNOLOGIA LTDA;07.207.572/0001-95;1516594169;07/04/2016;TODAS
CLORIDRATO DE ONDANSETRONA;HYPOFARMA - INSTITUTO DE HYPODERMIA E FARMÁCIA LTDA;17.174.657/0001-78;0062410245;17/01/2024;TODAS
MALEATO DE TIMOLOL;LABORATÓRIO TEUTO BRASILEIRO S/A;17.159.229/0001-76;1189818256;08/09/2025;TODAS
LORAZEPAM (PORT.344/98, LISTA B1);LABORATÓRIO TEUTO BRASILEIRO S/A;17.159.229/0001-76;0613522257;07/05/2025;TODAS
DAFLON;LABORATÓRIOS SERVIER DO BRASIL LTDA;42.374.207/0001-76;0637623258;12/05/2025;TODAS
ALBENDAZOL;LABORATÓRIO TEUTO BRASILEIRO S/A;17.159.229/0001-76;0224014242;26/02/2024;TODAS
cetoconazol+ dipropionato de betametasona;LABORATÓRIO TEUTO BRASILEIRO S/A;17.159.229/0001-76;0928409236;31/08/2023;TODAS
CETOCONAZOL + DIPROPIONATO DE BETAMETASONA;LABORATÓRIO TEUTO BRASILEIRO S/A;17.159.229/0001-76;0928492231;31/08/2023;TODAS
BROMAZEPAM;LABORATÓRIO TEUTO BRASILEIRO S/A;17.159.229/0001-76;1366626249;04/10/2024;TODAS
carbamazepina;UNIÃO QUÍMICA FARMACÊUTICA NACIONAL S/A;60.665.981/0001-18;0258939257;24/02/2025;TODAS
MIZONOL;GEOLAB INDÚSTRIA FARMACÊUTICA S/A;03.485.572/0001-04;0115640193;07/02/2019;TODAS
GLYPRESSIN;LABORATÓRIOS FERRING LTDA;74.232.034/0001-48;1192965248;29/08/2024;TODAS
claritromicina;EMS S/A;57.507.378/0003-65;0826419259;23/06/2025;TODAS
ACICLOVIR;MULTILAB INDUSTRIA E COMERCIO DE PRODUTOS FARMACEUTICOS LTDA;92.265.552/0009-05;0040284255;10/01/2025;TODAS
CEFALEXINA;ANTIBIÓTICOS DO BRASIL LTDA;05.439.635/0001-03;0148363245;07/02/2024;TODAS
SULFATO DE SALBUTAMOL;HIPOLABOR FARMACEUTICA LTDA;19.570.720/0001-10;1455265241;23/10/2024;TODAS
FENOBARBITAL;UNIÃO QUÍMICA FARMACÊUTICA NACIONAL S/A;60.665.981/0001-18;0827935251;24/06/2025;TODAS
ACETATO DE DEXAMETASONA;UNIÃO QUÍMICA FARMACÊUTICA NACIONAL S/A;60.665.981/0001-18;4922331221;09/11/2022;TODAS
acetato de hidrocortisona;UNIÃO QUÍMICA FARMACÊUTICA NACIONAL S/A;60.665.981/0001-18;1646406249;02/12/2024;TODAS
PROCORALAN;LABORATÓRIOS SERVIER DO BRASIL LTDA;42.374.207/0001-76;0067325254;16/01/2025;TODAS
losartana potássica;ZYDUS NIKKHO FARMACÊUTICA LTDA;05.254.971/0001-81;1445688215;15/04/2021;TODAS
Sulfato de Salbutamol;GEOLAB INDÚSTRIA FARMACÊUTICA S/A;03.485.572/0001-04;1138713181;03/12/2018;TODAS
REHIDRAZOL;LABORATÓRIO GLOBO SA;17.115.437/0001-73;0792103254;12/06/2025;TODAS
TIOCONAZOL + TINIDAZOL;PRATI DONADUZZI & CIA LTDA;73.856.593/0001-66;1590635213;26/04/2021;TODAS
SINTOCALMY;ACHÉ LABORATÓRIOS FARMACÊUTICOS S.A;60.659.463/0029-92;7278657211;16/12/2021;TODAS
DIPIRONA SÓDICA;GEOLAB INDÚSTRIA FARMACÊUTICA S/A;03.485.572/0001-04;0547723253;23/04/2025;TODAS
GALENOGAL ELIXIR;KLEY HERTZ FARMACEUTICA S.A;92.695.691/0001-03;3414524210;30/08/2021;TODAS
CPHD COM GLICOSE;FRESENIUS MEDICAL CARE LTDA;01.440.590/0001-36;0885384229;07/03/2022;TODAS
VALERINATI;PHARMASCIENCE INDUSTRIA FARMACEUTICA S.A;25.773.037/0001-83;1031106243;29/07/2024;TODAS
metronidazol + nistatina;PRATI DONADUZZI & CIA LTDA;73.856.593/0001-66;7226511215;16/12/2021;TODAS
FRENOTOSSE;CIMED INDUSTRIA S.A;02.814.497/0001-07;0879080256;04/07/2025;TODAS
CELETIL;GEOLAB INDÚSTRIA FARMACÊUTICA S/A;03.485.572/0001-04;0479930185;15/06/2018;TODAS
Bromoprida;UNIÃO QUÍMICA FARMACÊUTICA NACIONAL S/A;60.665.981/0001-18;0609519255;06/05/2025;TODAS
CPHD SEM GLICOSE 1:44;FRESENIUS MEDICAL CARE LTDA;01.440.590/0001-36;0885345223;07/03/2022;TODAS
MALEATO DE ENALAPRIL;LABORATÓRIO TEUTO BRASILEIRO S/A;17.159.229/0001-76;1374964247;07/10/2024;TODAS
LOSARTANA POTÁSSICA;EMS S/A;57.507.378/0003-65;0935827251;18/07/2025;TODAS
IXIUM;FARMOQUÍMICA S/A;33.349.473/0001-58;1250700248;11/09/2024;TODAS
cloridrato de fluoxetina;EMS S/A;57.507.378/0003-65;4601452228;24/08/2022;TODAS
CLORIDRATO DE CIPROFLOXACINO;PRATI DONADUZZI & CIA LTDA;73.856.593/0001-66;0379760258;20/03/2025;TODAS
CONACORT;GEOLAB INDÚSTRIA FARMACÊUTICA S/A;03.485.572/0001-04;0473891188;13/06/2018;TODAS
acetato de ciproterona;LABORATÓRIO QUÍMICO FARMACÊUTICO BERGAMO LTDA;61.282.661/0001-41;0865921245;25/06/2024;TODAS
AMOXICILINA + CLAVULANATO DE POTÁSSIO;EMS S/A;57.507.378/0003-65;1112266259;18/08/2025;TODAS
DONAREN RETARD;APSEN FARMACEUTICA S/A;62.462.015/0001-29;1686115245;10/12/2024;TODAS
atenolol;PRATI DONADUZZI & CIA LTDA;73.856.593/0001-66;0857136259;30/06/2025;TODAS
Amoxicilina;PRATI DONADUZZI & CIA LTDA;73.856.593/0001-66;0927658259;17/07/2025;TODAS
claritromicina;ANTIBIÓTICOS DO BRASIL LTDA;05.439.635/0001-03;0760014248;06/06/2024;TODAS
simeticona;HIPOLABOR FARMACEUTICA LTDA;19.570.720/0001-10;3957538201;11/11/2020;TODAS
LAQFA - IODETO DE POTÁSSIO;LABORATORIO QUIMICO FARMACEUTICO DA AERONAUTICA;00.394.429/0099-14;0942554248;10/07/2024;TODAS
BRONQUIVITA;LABORATÓRIO VITALAB LTDA;56.646.953/0001-86;3925280219;05/10/2021;TODAS
cloridrato de metformina;PRATI DONADUZZI & CIA LTDA;73.856.593/0001-66;1182314252;05/09/2025;TODAS
ZOVIRAX;GLAXOSMITHKLINE BRASIL LTDA;33.247.743/0001-10;1008414255;05/08/2025;TODAS
BUPROVIL;MULTILAB INDUSTRIA E COMERCIO DE PRODUTOS FARMACEUTICOS LTDA;92.265.552/0009-05;1151054241;21/08/2024;TODAS
CAPTOPRIL;EMS S/A;57.507.378/0003-65;0114832251;27/01/2025;TODAS
LISINOPRIL;AUROBINDO PHARMA INDÚSTRIA FARMACÊUTICA LIMITADA;04.301.884/0001-75;2499146195;15/10/2019;TODAS
cloridrato de sertralina;AUROBINDO PHARMA INDÚSTRIA FARMACÊUTICA LIMITADA;04.301.884/0001-75;1517266246;04/11/2024;TODAS
NIMESULIDA;PRATI DONADUZZI & CIA LTDA;73.856.593/0001-66;0810910149;29/09/2014;TODAS
MEBENDAZOL;GEOLAB INDÚSTRIA FARMACÊUTICA S/A;03.485.572/0001-04;0920095149;14/10/2014;TODAS
ERYSIDORON-1;WELEDA DO BRASIL LABORATÓRIO E FARMÁCIA LTDA;56.992.217/0001-80;1195827253;09/09/2025;TODAS
VALERATO DE BETAMETASONA + SULFATO DE GENTAMICINA + TOLNAFTATO + CLIOQUINOL;LABORATÓRIO TEUTO BRASILEIRO S/A;17.159.229/0001-76;1530060249;06/11/2024;TODAS
LONCORD;DIFFUCAP - CHEMOBRÁS QUÍMICA E FARMACÊUTICA LTDA;42.457.796/0001-56;1736917242;19/12/2024;TODAS
SCALID;UNIÃO QUÍMICA FARMACÊUTICA NACIONAL S/A;60.665.981/0001-18;0462359255;03/04/2025;TODAS
CLORIDRATO DE TRAMADOL (PORT 344/98 - LISTA A2);LABORATÓRIO TEUTO BRASILEIRO S/A;17.159.229/0001-76;0001129252;02/01/2025;TODAS
VALERATO DE BETAMETASONA + SULFATO DE GENTAMICINA + TOLNAFTATO + CLIOQUINOL;LABORATÓRIO TEUTO BRASILEIRO S/A;17.159.229/0001-76;0440351243;08/04/2024;TODAS
Dexametasona;GEOLAB INDÚSTRIA FARMACÊUTICA S/A;03.485.572/0001-04;0902437259;09/07/2025;TODAS
ampicilina;PRATI DONADUZZI & CIA LTDA;73.856.593/0001-66;1328894216;07/04/2021;TODAS
HEPATILON;KLEY HERTZ FARMACEUTICA S.A;92.695.691/0001-03;2537611225;26/04/2022;TODAS
teicoplanina;ANTIBIÓTICOS DO BRASIL LTDA;05.439.635/0001-03;0747151245;04/06/2024;TODAS
AMOXICILINA;LABORATÓRIO TEUTO BRASILEIRO S/A;17.159.229/0001-76;0839596251;26/06/2025;TODAS
PYRIDIUM;ADIUM S.A.;55.980.684/0001-27;0526601248;22/04/2024;TODAS
Pantoprazol;SANDOZ DO BRASIL INDÚSTRIA FARMACÊUTICA LTDA;61.286.647/0001-16;1200088255;10/09/2025;TODAS
Acetato de Dexametasona;GEOLAB INDÚSTRIA FARMACÊUTICA S/A;03.485.572/0001-04;1585547247;19/11/2024;TODAS
losartana potássica;LABORATÓRIO TEUTO BRASILEIRO S/A;17.159.229/0001-76;0937827258;21/07/2025;TODAS
VACINA POLIOMIELITE 1, 2 E 3 (ATENUADA);FUNDAÇÃO OSWALDO CRUZ;33.781.055/0001-35;0507514149;27/06/2014;TODAS
cloridrato de fluoxetina;GERMED FARMACEUTICA LTDA;45.992.062/0001-65;4602416225;24/08/2022;TODAS
amoxicilina;PRATI DONADUZZI & CIA LTDA;73.856.593/0001-66;0982731256;29/07/2025;TODAS
cloridrato de lidocaína;BLAU FARMACÊUTICA S.A.;58.430.828/0001-60;3474610192;16/12/2019;TODAS
valproato de sódio;HIPOLABOR FARMACEUTICA LTDA;19.570.720/0001-10;4287728208;04/12/2020;TODAS
Clotrimazol;GERMED FARMACEUTICA LTDA;45.992.062/0001-65;1739707249;19/12/2024;TODAS
CLORIDRATO DE BROMEXINA;EMS S/A;57.507.378/0003-65;1137936258;25/08/2025;TODAS
CLORIDRATO DE RANITIDINA;EMS S/A;57.507.378/0003-65;1316890218;06/04/2021;TODAS
DIPIRONA SODICA;GEOLAB INDÚSTRIA FARMACÊUTICA S/A;03.485.572/0001-04;0547509251;23/04/2025;TODAS
amoxicilina;AUROBINDO PHARMA INDÚSTRIA FARMACÊUTICA LIMITADA;04.301.884/0001-75;1138936212;24/03/2021;TODAS
cloridrato de metformina;LABORATÓRIO TEUTO BRASILEIRO S/A;17.159.229/0001-76;1177379252;04/09/2025;TODAS
ácido acetilsalicílico;CIMED INDUSTRIA S.A;02.814.497/0001-07;3928936202;09/11/2020;TODAS
TINIDAZOL;GERMED FARMACEUTICA LTDA;45.992.062/0001-65;1591946247;21/11/2024;TODAS
CLORIDRATO DE TERBINAFINA;GERMED FARMACEUTICA LTDA;45.992.062/0001-65;1571104241;14/11/2024;TODAS
AMOXICILINA;CIMED INDUSTRIA S.A;02.814.497/0001-07;0982030258;29/07/2025;TODAS
CLORIDRATO DE TRAMADOL (PORT. 344/98, L-A2);LABORATÓRIO TEUTO BRASILEIRO S/A;17.159.229/0001-76;0617671257;07/05/2025;TODAS
MALVONA;MEGALABS FARMACEUTICA S.A.;33.026.055/0001-20;0737887257;30/05/2025;TODAS
COMBIRON FÓLICO;ACHÉ LABORATÓRIOS FARMACÊUTICOS S.A;60.659.463/0029-92;0193453258;11/02/2025;TODAS
Xylestesin Pesada;CRISTÁLIA PRODUTOS QUÍMICOS FARMACÊUTICOS LTDA.;44.734.671/0001-51;0941222211;10/03/2021;TODAS
AMINOFILINA;HYPOFARMA - INSTITUTO DE HYPODERMIA E FARMÁCIA LTDA;17.174.657/0001-78;1713759214;04/05/2021;TODAS
FACTIVE;ACHÉ LABORATÓRIOS FARMACÊUTICOS S.A;60.659.463/0029-92;2274576169;12/09/2016;TODAS
PEN-VE-ORAL;EUROFARMA LABORATÓRIOS S.A.;61.190.096/0001-92;0980571243;18/07/2024;TODAS
AMATO;EUROFARMA LABORATÓRIOS S.A.;61.190.096/0001-92;1347550241;01/10/2024;TODAS
cloridrato de metoclopramida;HIPOLABOR FARMACEUTICA LTDA;19.570.720/0001-10;1567023240;14/11/2024;TODAS
CAMOMILINA C;THERASKIN FARMACEUTICA LTDA.;61.517.397/0001-88;1536841242;07/11/2024;TODAS
CETOCONAZOL + DIPROPIONATO DE BETAMETASONA + SULFATO DE NEOMICINA;LABORATÓRIO TEUTO BRASILEIRO S/A;17.159.229/0001-76;0730398251;29/05/2025;TODAS
DRENISON;BIOLAB SANUS FARMACÊUTICA LTDA;49.475.833/0001-06;0067835252;16/01/2025;TODAS
IQUEGO - DOXICICLINA;INDÚSTRIA QUÍMICA DO ESTADO DE GOIÁS S/A - IQUEGO;01.541.283/0001-41;0994505139;27/11/2013;TODAS
CPHD AC 35 C/ GLICOSE;SALBEGO LABORATÓRIO FARMACÊUTICO LTDA;92.832.195/0001-54;1658537246;04/12/2024;TODAS
TRACUR;CRISTÁLIA PRODUTOS QUÍMICOS FARMACÊUTICOS LTDA.;44.734.671/0001-51;0706872258;26/05/2025;TODAS
CROMOGLICATO;ALLERGAN PRODUTOS FARMACÊUTICOS LTDA;43.426.626/0001-77;0569984238;05/06/2023;TODAS
VACINA MENINGOCÓCICA AC (POLISSACARÍDICA);FUNDAÇÃO OSWALDO CRUZ;33.781.055/0001-35;3725824209;26/10/2020;TODAS
bromidrato de citalopram;AUROBINDO PHARMA INDÚSTRIA FARMACÊUTICA LIMITADA;04.301.884/0001-75;0376612231;14/04/2023;TODAS
AVASTIN;PRODUTOS ROCHE QUÍMICOS E FARMACÊUTICOS S.A.;33.009.945/0001-23;0875667252;03/07/2025;TODAS
TAPAZOL;BIOLAB SANUS FARMACÊUTICA LTDA;49.475.833/0001-06;4912076228;07/11/2022;TODAS
clonazepam;GERMED FARMACEUTICA LTDA;45.992.062/0001-65;2677434229;05/05/2022;TODAS
CLORIDRATO DE SERTRALINA;EMS S/A;57.507.378/0003-65;1174420251;03/09/2025;TODAS
ALENDIL CÁLCIO D;FARMOQUÍMICA S/A;33.349.473/0001-58;0612583244;08/05/2024;TODAS
COMPLEXO B 12;EMS S/A;57.507.378/0003-65;0736293256;30/05/2025;TODAS
URO-VAXOM;APSEN FARMACEUTICA S/A;62.462.015/0001-29;0435894251;31/03/2025;TODAS
AZITROMICINA;EMS S/A;57.507.378/0003-65;1201427240;02/09/2024;TODAS
Cetoconazol + dipropionato de betametasona + sulfato de neomicina;LABORATÓRIO TEUTO BRASILEIRO S/A;17.159.229/0001-76;0645246255;13/05/2025;TODAS
TIOTRAX;EMS S/A;57.507.378/0003-65;2675789224;05/05/2022;TODAS
amoxicilina;AUROBINDO PHARMA INDÚSTRIA FARMACÊUTICA LIMITADA;04.301.884/0001-75;0037344242;11/01/2024;TODAS
KYPROLIS;AMGEN BIOTECNOLOGIA DO BRASIL LTDA.;18.774.815/0001-93;0672260255;19/05/2025;TODAS
POLARADEX;NATULAB LABORATORIO S.A;02.456.955/0001-83;0142328251;31/01/2025;TODAS
REHIDRAT;EUROFARMA LABORATÓRIOS S.A.;61.190.096/0001-92;0577817230;06/06/2023;TODAS
losartana potássica + hidroclorotiazida;EMS S/A;57.507.378/0003-65;1148856251;27/08/2025;TODAS
B -PLATIN;BLAU FARMACÊUTICA S.A.;58.430.828/0001-60;0280860242;07/03/2024;TODAS
HALOPER;LABORATÓRIO TEUTO BRASILEIRO S/A;17.159.229/0001-76;1731511215;05/05/2021;TODAS
ALIVBABY;CAZI QUIMICA FARMACEUTICA INDUSTRIA E COMERCIO LTDA;44.010.437/0001-81;4132108201;23/11/2020;TODAS
Engerix B;GLAXOSMITHKLINE BRASIL LTDA;33.247.743/0001-10;1593876246;21/11/2024;TODAS
NORDITROPIN;NOVO NORDISK FARMACÊUTICA DO BRASIL LTDA;82.277.955/0001-55;0856516252;30/06/2025;TODAS
imipenem + cilastatina;ANTIBIÓTICOS DO BRASIL LTDA;05.439.635/0001-03;2659239223;02/05/2022;TODAS
EXJADE;NOVARTIS BIOCIENCIAS S.A;56.994.502/0001-30;0038901242;12/01/2024;TODAS
Ibuprofeno;BRAINFARMA INDÚSTRIA QUÍMICA E FARMACÊUTICA S.A;05.161.069/0001-10;1609274245;25/11/2024;TODAS
pantoprazol sódico;RANBAXY FARMACÊUTICA LTDA;73.663.650/0001-90;4577629224;19/08/2022;TODAS
TYLIDOL;LABORATÓRIO TEUTO BRASILEIRO S/A;17.159.229/0001-76;2536587223;26/04/2022;TODAS
HEMITARTARATO DE NOREPINEFRINA;HIPOLABOR FARMACEUTICA LTDA;19.570.720/0001-10;0407680233;25/04/2023;TODAS
meropeném;ANTIBIÓTICOS DO BRASIL LTDA;05.439.635/0001-03;0911155252;11/07/2025;TODAS
CEBRILIN;LIBBS FARMACÊUTICA LTDA;61.230.314/0001-75;1683727240;10/12/2024;TODAS
REMILEV;ACHÉ LABORATÓRIOS FARMACÊUTICOS S.A;60.659.463/0029-92;2828381218;20/07/2021;TODAS
LIDOPASS;1FARMA INDUSTRIA FARMACEUTICA LTDA;48.113.906/0001-49;2659813221;02/05/2022;TODAS
CETOCONAZOL+ DIPROPIONATO DE BETAMETASONA+ SULFATO DE NEOMICINA;PRATI DONADUZZI & CIA LTDA;73.856.593/0001-66;1142062146;19/12/2014;TODAS
CPHD 35 BA;SALBEGO LABORATÓRIO FARMACÊUTICO LTDA;92.832.195/0001-54;1657688241;04/12/2024;TODAS
SONOTABS;KLEY HERTZ FARMACEUTICA S.A;92.695.691/0001-03;3733021215;21/09/2021;TODAS
ULTRAFER;FARMOQUÍMICA S/A;33.349.473/0001-58;0419482253;27/03/2025;TODAS
MALEATO DE TIMOLOL;EMS S/A;57.507.378/0003-65;1086044258;15/08/2025;TODAS
LORATADINA;GERMED FARMACEUTICA LTDA;45.992.062/0001-65;1473789249;25/10/2024;TODAS
BENEUM;LABORATÓRIO TEUTO BRASILEIRO S/A;17.159.229/0001-76;1210852241;03/09/2024;TODAS
NISTATINA;GERMED FARMACEUTICA LTDA;45.992.062/0001-65;0269416251;26/02/2025;TODAS
letrozol;EUROFARMA LABORATÓRIOS S.A.;61.190.096/0001-92;3351587210;25/08/2021;TODAS
CRONOBÊ;BIOLAB SANUS FARMACÊUTICA LTDA;49.475.833/0001-06;0035094257;10/01/2025;TODAS
BEPEBEN;LABORATÓRIO TEUTO BRASILEIRO S/A;17.159.229/0001-76;4604508224;25/08/2022;TODAS
VITER C;NATULAB LABORATORIO S.A;02.456.955/0001-83;1425053220;28/03/2022;TODAS
fosfato dissódico de dexametasona;FARMACE INDÚSTRIA QUÍMICO-FARMACÊUTICA CEARENSE LTDA;06.628.333/0001-46;0905663241;03/07/2024;TODAS
CO-PRESSOTEC;LABORATÓRIO TEUTO BRASILEIRO S/A;17.159.229/0001-76;4358376223;29/06/2022;TODAS
NOVOLIN R;NOVO NORDISK FARMACÊUTICA DO BRASIL LTDA;82.277.955/0001-55;0623997240;10/05/2024;TODAS
HYPERINAT;PHARMASCIENCE INDUSTRIA FARMACEUTICA S.A;25.773.037/0001-83;0220343250;17/02/2025;TODAS
INTERFERON ALFA 2A HUMANO RECOMBINANTE;CHRON EPIGEN INDÚSTRIA E COMÉRCIO LTDA;04.415.365/0001-38;0608900143;28/07/2014;TODAS
SMOFLIPID 20%;FRESENIUS KABI BRASIL LTDA;49.324.221/0001-04;0758163217;25/02/2021;TODAS
valerato de betametasona + sulfato de gentamicina + clioquinol + tolnaftato pomada;GERMED FARMACEUTICA LTDA;45.992.062/0001-65;0107770253;24/01/2025;TODAS
DOTAREM;GUERBET PRODUTOS RADIOLÓGICOS LTDA;42.180.406/0001-43;0663546249;17/05/2024;TODAS
FATOR IX GRIFOLS;GRIFOLS BRASIL LTDA;02.513.899/0001-71;0192440250;11/02/2025;TODAS
cloridrato de cefepima;ANTIBIÓTICOS DO BRASIL LTDA;05.439.635/0001-03;1558453214;23/04/2021;TODAS
Acetato de Dexametasona;LABORATÓRIO TEUTO BRASILEIRO S/A;17.159.229/0001-76;0657475254;15/05/2025;TODAS
cloridrato de ciprofloxacino;EMS S/A;57.507.378/0003-65;0655594256;15/05/2025;TODAS
Acetilcisteina;UNIÃO QUÍMICA FARMACÊUTICA NACIONAL S/A;60.665.981/0001-18;1487778244;29/10/2024;TODAS
OMEPRAZOL;CRISTÁLIA PRODUTOS QUÍMICOS FARMACÊUTICOS LTDA.;44.734.671/0001-51;0210322250;14/02/2025;TODAS
butilbrometo de escopolamina + dipirona monoidratada;HIPOLABOR FARMACEUTICA LTDA;19.570.720/0001-10;1542449243;08/11/2024;TODAS
MUVINLAX;LIBBS FARMACÊUTICA LTDA;61.230.314/0001-75;0804514259;16/06/2025;TODAS
DORTRIRELAX;PHARMASCIENCE INDUSTRIA FARMACEUTICA S.A;25.773.037/0001-83;4212473224;26/05/2022;TODAS
TOPISON;LIBBS FARMACÊUTICA LTDA;61.230.314/0001-75;1161118250;29/08/2025;TODAS
CLORIDRATO DE AMBROXOL;HIPOLABOR FARMACEUTICA LTDA;19.570.720/0001-10;0198051153;05/03/2015;TODAS
CLORIDRATO DE OXIMETAZOLINA;EMS S/A;57.507.378/0003-65;0977256251;28/07/2025;TODAS
Espironolactona;EUROFARMA LABORATÓRIOS S.A.;61.190.096/0001-92;1003132251;04/08/2025;TODAS
QUINACRIS;CRISTÁLIA PRODUTOS QUÍMICOS FARMACÊUTICOS LTDA.;44.734.671/0001-51;0375892257;20/03/2025;TODAS
ALGESTONA ACETOFENIDA + ENANTATO DE ESTRADIOL;EMS S/A;57.507.378/0003-65;1739761243;19/12/2024;TODAS
CLORIDRATO DE METOCLOPRAMIDA;HIPOLABOR FARMACEUTICA LTDA;19.570.720/0001-10;1438763221;29/03/2022;TODAS
cloridrato de sertralina;ZYDUS NIKKHO FARMACÊUTICA LTDA;05.254.971/0001-81;0694034258;23/05/2025;TODAS
XYLESTESIN;CRISTÁLIA PRODUTOS QUÍMICOS FARMACÊUTICOS LTDA.;44.734.671/0001-51;0920516211;09/03/2021;TODAS
VAGI C;MARJAN INDÚSTRIA E COMÉRCIO LTDA;60.726.692/0001-81;1445800214;15/04/2021;TODAS
dipropionato de betametasona + ácido salicílico;LABORATÓRIO TEUTO BRASILEIRO S/A;17.159.229/0001-76;0843741252;27/06/2025;TODAS
OFLOXACINO;EMS S/A;57.507.378/0003-65;1495529216;19/04/2021;TODAS
LFM - PIRAZINAMIDA;LABORATÓRIO FARMACÊUTICO DA MARINHA;00.394.502/0071-57;0410858251;26/03/2025;TODAS
MALEATO DE DEXCLORFENIRAMINA + BETAMETASONA;GERMED FARMACEUTICA LTDA;45.992.062/0001-65;1189722241;29/08/2024;TODAS
VALERATO DE BETAMETASONA + SULFATO DE GENTAMICINA + TOLNAFTATO + CLIOQUINOL;GERMED FARMACEUTICA LTDA;45.992.062/0001-65;1473881242;25/10/2024;TODAS
LORATADINA;GEOLAB INDÚSTRIA FARMACÊUTICA S/A;03.485.572/0001-04;3148206196;14/11/2019;TODAS
BLAUBIMAX;BLAU FARMACÊUTICA S.A.;58.430.828/0001-60;4296765221;14/06/2022;TODAS
CIMEGRIPE DIA;CIMED INDUSTRIA S.A;02.814.497/0001-07;0355547236;10/04/2023;TODAS
CETOCONAZOL + DIPROPIONATO DE BETAMETASONA + SULFATO DE NEOMICINA;PRATI DONADUZZI & CIA LTDA;73.856.593/0001-66;1118322145;12/12/2014;TODAS
CLONAZEPAM;RANBAXY FARMACÊUTICA LTDA;73.663.650/0001-90;0081129254;20/01/2025;TODAS
NORFLOXACINO 400 MG;GERMED FARMACEUTICA LTDA;45.992.062/0001-65;0611803259;06/05/2025;TODAS
cefalexina;AUROBINDO PHARMA INDÚSTRIA FARMACÊUTICA LIMITADA;04.301.884/0001-75;1704608174;14/08/2017;TODAS
PARACETAMOL;EMS S/A;57.507.378/0003-65;0777572145;18/09/2014;TODAS
varfarina sódica;UNIÃO QUÍMICA FARMACÊUTICA NACIONAL S/A;60.665.981/0001-18;0829438254;24/06/2025;TODAS
cloridrato de amiodarona;HIPOLABOR FARMACEUTICA LTDA;19.570.720/0001-10;1466419245;24/10/2024;TODAS
Propionato de clobetasol 0,5mg/g;LABORATÓRIO TEUTO BRASILEIRO S/A;17.159.229/0001-76;0809815257;17/06/2025;TODAS
CLORIDRATO DE CICLOBENZAPRINA;EUROFARMA LABORATÓRIOS S.A.;61.190.096/0001-92;0350251258;14/03/2025;TODAS
Esbriet;PRODUTOS ROCHE QUÍMICOS E FARMACÊUTICOS S.A.;33.009.945/0001-23;5076371225;21/12/2022;TODAS
fosfato sódico de prednisolona;PRATI DONADUZZI & CIA LTDA;73.856.593/0001-66;4714956213;30/11/2021;TODAS
MIDAZOLAM;HIPOLABOR FARMACEUTICA LTDA;19.570.720/0001-10;1457211246;23/10/2024;TODAS
SORO ANTIESCORPIÔNICO;INSTITUTO VITAL BRAZIL S/A;30.064.034/0001-00;0874195250;03/07/2025;TODAS
FUROATO DE MOMETASONA;GERMED FARMACEUTICA LTDA;45.992.062/0001-65;1264092245;13/09/2024;TODAS
FUROATO DE MOMETASONA;EMS S/A;57.507.378/0003-65;1687639248;10/12/2024;TODAS
SINVASTATINA;EMS S/A;57.507.378/0003-65;0548457255;23/04/2025;TODAS
FAULDCITA;LIBBS FARMACÊUTICA LTDA;61.230.314/0001-75;1053073241;01/08/2024;TODAS
POMADA MINANCORA;MINÂNCORA & CIA LTDA;84.683.382/0001-95;0694166251;23/05/2025;TODAS
azitromicina;GERMED FARMACEUTICA LTDA;45.992.062/0001-65;0960401253;23/07/2025;TODAS
DIPIRONA SÓDICA;GERMED FARMACEUTICA LTDA;45.992.062/0001-65;0451062256;02/04/2025;TODAS
XYLESTESIN;CRISTÁLIA PRODUTOS QUÍMICOS FARMACÊUTICOS LTDA.;44.734.671/0001-51;4927558223;10/11/2022;TODAS
TRAUMEEL S;HEEL DO BRASIL BIOMÉDICA LTDA;05.994.539/0001-27;0595049249;06/05/2024;TODAS
BARIOGEL;CRISTÁLIA PRODUTOS QUÍMICOS FARMACÊUTICOS LTDA.;44.734.671/0001-51;0528983253;17/04/2025;TODAS
furosemida;LABORATÓRIO TEUTO BRASILEIRO S/A;17.159.229/0001-76;1644006243;02/12/2024;TODAS
DIPIRONA SÓDICA;EMS S/A;57.507.378/0003-65;0443517258;01/04/2025;TODAS
BUP;EUROFARMA LABORATÓRIOS S.A.;61.190.096/0001-92;4872158229;26/10/2022;TODAS
TEICOPLANINA;EUROFARMA LABORATÓRIOS S.A.;61.190.096/0001-92;0981457258;29/07/2025;TODAS
norfloxacino;LABORATÓRIO TEUTO BRASILEIRO S/A;17.159.229/0001-76;0707393213;22/02/2021;TODAS
GARGOJUICE;BELFAR LTDA;18.324.343/0001-77;0662008243;17/05/2024;TODAS
PARACETAMOL;GEOLAB INDÚSTRIA FARMACÊUTICA S/A;03.485.572/0001-04;2656730228;02/05/2022;TODAS
sulfato de salbutamol;FARMACE INDÚSTRIA QUÍMICO-FARMACÊUTICA CEARENSE LTDA;06.628.333/0001-46;1407439217;13/04/2021;TODAS
EXPECTOFLUI;NATULAB LABORATORIO S.A;02.456.955/0001-83;1157961258;29/08/2025;TODAS
aciclovir;GEOLAB INDÚSTRIA FARMACÊUTICA S/A;03.485.572/0001-04;0451182184;06/06/2018;TODAS
NISTATINA;LABORATÓRIO TEUTO BRASILEIRO S/A;17.159.229/0001-76;1745062246;20/12/2024;TODAS
PASSAJÁ;FARMABRAZ BETA ATALAIA FARMACEUTICA LTDA.;33.474.289/0001-30;0210197242;22/02/2024;TODAS
diclofenaco sódico;EMS S/A;57.507.378/0003-65;1361803212;09/04/2021;TODAS
furoato de mometasona;EMS S/A;57.507.378/0003-65;1394539214;12/04/2021;TODAS
FUROATO DE MOMETASONA;GERMED FARMACEUTICA LTDA;45.992.062/0001-65;1265497249;13/09/2024;TODAS
METRONIDAZOL;THEODORO F SOBRAL & CIA LTDA;06.597.801/0001-62;0866378185;04/09/2018;TODAS
RIFOTRAT;NATULAB LABORATORIO S.A;02.456.955/0001-83;1438111240;18/10/2024;TODAS
Loratadina + sulfato de pseudoefedrina;LABORATÓRIO TEUTO BRASILEIRO S/A;17.159.229/0001-76;0843440244;20/06/2024;TODAS
BERIPLAST P;CSL BEHRING COMÉRCIO DE PRODUTOS FARMACÊUTICOS LTDA;62.969.589/0001-98;4173803209;26/11/2020;TODAS
maleato de dexclorfeniramina;GEOLAB INDÚSTRIA FARMACÊUTICA S/A;03.485.572/0001-04;0450991189;06/06/2018;TODAS
FURP-FENOBARBITAL;FUNDAÇÃO PARA O REMÉDIO POPULAR - FURP;43.640.754/0001-19;0262081253;25/02/2025;TODAS
ATENOLOL + CLORTALIDONA;EUROFARMA LABORATÓRIOS S.A.;61.190.096/0001-92;4762676225;29/09/2022;TODAS
Butilbrometo de Escopolamina;HIPOLABOR FARMACEUTICA LTDA;19.570.720/0001-10;1494997240;30/10/2024;TODAS
HIDROCLOROTIAZIDA;EMS S/A;57.507.378/0003-65;0276906250;27/02/2025;TODAS
NUX VOMICA HOMACCORD;HEEL DO BRASIL BIOMÉDICA LTDA;05.994.539/0001-27;4370721229;01/07/2022;TODAS
fosfato sódico de prednisolona;PRATI DONADUZZI & CIA LTDA;73.856.593/0001-66;3463312212;02/09/2021;TODAS
IONCLOR;PRATI DONADUZZI & CIA LTDA;73.856.593/0001-66;1592360216;26/04/2021;TODAS
DIPIRONA SÓDICA;FARMACE INDÚSTRIA QUÍMICO-FARMACÊUTICA CEARENSE LTDA;06.628.333/0001-46;0683168258;21/05/2025;TODAS
EUPHORBIUM COMPOSITUM SN;HEEL DO BRASIL BIOMÉDICA LTDA;05.994.539/0001-27;1158215258;29/08/2025;TODAS
NISTAMAX;NATULAB LABORATORIO S.A;02.456.955/0001-83;0213710251;14/02/2025;TODAS
DEMEDROX;UNIÃO QUÍMICA FARMACÊUTICA NACIONAL S/A;60.665.981/0001-18;1113397250;18/08/2025;TODAS
cloridrato de nebivolol;EMS S/A;57.507.378/0003-65;1119623235;18/10/2023;TODAS
desloratadina;SANOFI MEDLEY FARMACÊUTICA LTDA.;10.588.595/0010-92;0761195254;05/06/2025;TODAS
genfibrozila;FUNDAÇÃO PARA O REMÉDIO POPULAR - FURP;43.640.754/0001-19;2139847190;10/09/2019;TODAS
FUMARATO DE TENOFOVIR DESOPROXILA+LAMIVUDINA;FUNDAÇÃO OSWALDO CRUZ;33.781.055/0001-35;0570015243;30/04/2024;TODAS
CANDESARTANA CILEXETILA + HIDROCLOROTIAZIDA;Althaia S.A Indústria Farmacêutica;48.344.725/0007-19;0097988191;01/02/2019;TODAS
RILUZOL;FUNDAÇÃO PARA O REMÉDIO POPULAR - FURP;43.640.754/0001-19;0979436151;10/11/2015;TODAS
ALLEGRA D;OPELLA HEALTHCARE BRAZIL LTDA;38.391.432/0001-43;0761239251;05/06/2025;TODAS
CABERGOLINA;EMS S/A;57.507.378/0003-65;1700907247;12/12/2024;TODAS
CANDESARTANA CILEXETILA+HIDROCLOROTIAZIDA;SANDOZ DO BRASIL INDÚSTRIA FARMACÊUTICA LTDA;61.286.647/0001-16;4796430229;07/10/2022;TODAS
ACIDO ZOLEDRONICO;BLAU FARMACÊUTICA S.A.;58.430.828/0001-60;0902175246;02/07/2024;TODAS
NOVOPRAZOL;LABORATÓRIO GLOBO SA;17.115.437/0001-73;0916553256;14/07/2025;TODAS
CLORIDRATO DE METFORMINA;FUNDAÇÃO PARA O REMÉDIO POPULAR - FURP;43.640.754/0001-19;1948495190;08/08/2019;TODAS
SULFATO DE NEOMICINA + BACITRACINA;SANOFI MEDLEY FARMACÊUTICA LTDA.;10.588.595/0010-92;1542510244;08/11/2024;TODAS
CABERGOLINA;FUNDAÇÃO OSWALDO CRUZ;33.781.055/0001-35;1645278247;02/12/2024;TODAS
INDAPAMIDA;EUROFARMA LABORATÓRIOS S.A.;61.190.096/0001-92;0530863243;23/04/2024;TODAS
EXEMESTANO;ACCORD FARMACÊUTICA LTDA;64.171.697/0001-46;1185295224;18/03/2022;TODAS
NIMESULIDA;VITAMEDIC INDUSTRIA FARMACEUTICA LTDA;30.222.814/0001-31;1340204223;23/03/2022;TODAS
VACINA PAPILOMAVIRUS HUMANO 6, 11, 16 E 18 (RECOMBINANTE);INSTITUTO BUTANTAN;61.821.344/0001-56;1379105242;08/10/2024;TODAS
tartarato de brimonidina;LABORATÓRIO TEUTO BRASILEIRO S/A;17.159.229/0001-76;0836536258;26/06/2025;TODAS
domperidona;SANOFI MEDLEY FARMACÊUTICA LTDA.;10.588.595/0010-92;1564742245;13/11/2024;TODAS
OXCARBAZEPINA;SANOFI MEDLEY FARMACÊUTICA LTDA.;10.588.595/0010-92;0419409254;27/03/2025;TODAS
gliclazida;EMS S/A;57.507.378/0003-65;0631265252;09/05/2025;TODAS
VENOCEL;CIFARMA CIENTÍFICA FARMACÊUTICA LTDA;17.562.075/0001-69;2638914223;29/04/2022;TODAS
TADA;EUROFARMA LABORATÓRIOS S.A.;61.190.096/0001-92;1328857247;27/09/2024;TODAS
LOSARTANA POTÁSSICA;SANOFI MEDLEY FARMACÊUTICA LTDA.;10.588.595/0010-92;0686983254;22/05/2025;TODAS
HEDERAFLUX;KLEY HERTZ FARMACEUTICA S.A;92.695.691/0001-03;3364617210;26/08/2021;TODAS
VORICONAZOL;CRISTÁLIA PRODUTOS QUÍMICOS FARMACÊUTICOS LTDA.;44.734.671/0001-51;1179471253;04/09/2025;TODAS
ALIVDIP;LABORATÓRIO TEUTO BRASILEIRO S/A;17.159.229/0001-76;4772697225;03/10/2022;TODAS
UREADIN;SANOFI MEDLEY FARMACÊUTICA LTDA.;10.588.595/0010-92;2859713212;22/07/2021;TODAS
Maleato de midazolam;SANOFI MEDLEY FARMACÊUTICA LTDA.;10.588.595/0010-92;0898008247;02/07/2024;TODAS
ibandronato de sódio monoidratado;EMS S/A;57.507.378/0003-65;1077774249;07/08/2024;TODAS
cloridrato de tramadol + paracetamol;ZYDUS NIKKHO FARMACÊUTICA LTDA;05.254.971/0001-81;1586912241;19/11/2024;TODAS
PRIMERA 30;EUROFARMA LABORATÓRIOS S.A.;61.190.096/0001-92;0651906229;22/02/2022;TODAS
NPLATE;AMGEN BIOTECNOLOGIA DO BRASIL LTDA.;18.774.815/0001-93;0961893257;23/07/2025;TODAS
TRIUMEQ;GLAXOSMITHKLINE BRASIL LTDA;33.247.743/0001-10;0501325255;11/04/2025;TODAS
OXALIBBS;LIBBS FARMACÊUTICA LTDA;61.230.314/0001-75;0918289254;15/07/2025;TODAS
LÂNICO;SUPERA FARMA LABORATÓRIOS S.A;43.312.503/0001-05;0251960242;01/03/2024;TODAS
CLORIDRATO DE VENLAFAXINA;SANOFI MEDLEY FARMACÊUTICA LTDA.;10.588.595/0010-92;1219766241;04/09/2024;TODAS
VORICONAZOL;ACCORD FARMACÊUTICA LTDA;64.171.697/0001-46;0177260238;22/02/2023;TODAS
FUROATO DE MOMETASONA;SANOFI MEDLEY FARMACÊUTICA LTDA.;10.588.595/0010-92;1662362242;05/12/2024;TODAS
TADALAFILA;SANOFI MEDLEY FARMACÊUTICA LTDA.;10.588.595/0010-92;1187361241;29/08/2024;TODAS
BACLOFENO;UNIÃO QUÍMICA FARMACÊUTICA NACIONAL S/A;60.665.981/0001-18;0319585221;25/01/2022;TODAS
ezetimiba;Althaia S.A Indústria Farmacêutica;48.344.725/0007-19;0779170253;10/06/2025;TODAS
CETOPROFENO;SANOFI MEDLEY FARMACÊUTICA LTDA.;10.588.595/0010-92;1053255250;13/08/2025;TODAS
ATORVASTATINA CALCICA;SANDOZ DO BRASIL INDÚSTRIA FARMACÊUTICA LTDA;61.286.647/0001-16;0583502237;07/06/2023;TODAS
CITRATO DE SILDENAFILA;SANOFI MEDLEY FARMACÊUTICA LTDA.;10.588.595/0010-92;0841891257;27/06/2025;TODAS
cloridrato de donepezila;UNIÃO QUÍMICA FARMACÊUTICA NACIONAL S/A;60.665.981/0001-18;0682858251;21/05/2025;TODAS
CLOMID;SANOFI MEDLEY FARMACÊUTICA LTDA.;10.588.595/0010-92;0165511257;06/02/2025;TODAS
Cloridrato de Olopatadina;BRAINFARMA INDÚSTRIA QUÍMICA E FARMACÊUTICA S.A;05.161.069/0001-10;0804951183;15/08/2018;TODAS
decitabina;SUN FARMACÊUTICA DO BRASIL LTDA;05.035.244/0001-23;0695669257;23/05/2025;TODAS
bosentana;RANBAXY FARMACÊUTICA LTDA;73.663.650/0001-90;0555865258;25/04/2025;TODAS
tadalafila;ACCORD FARMACÊUTICA LTDA;64.171.697/0001-46;1105902218;22/03/2021;TODAS
VISULIN N;EMS S/A;57.507.378/0003-65;1471082210;17/04/2021;TODAS
ciprofibrato;GEOLAB INDÚSTRIA FARMACÊUTICA S/A;03.485.572/0001-04;0062206231;20/01/2023;TODAS
Azilect;TEVA FARMACÊUTICA LTDA.;05.333.542/0001-08;0557215234;31/05/2023;TODAS
pregabalina;SANOFI MEDLEY FARMACÊUTICA LTDA.;10.588.595/0010-92;0281076251;27/02/2025;TODAS
METICORTEN;ORGANON FARMACÊUTICA LTDA.;45.987.013/0001-34;0997333235;19/09/2023;TODAS
CLOTRIMAZOL;SANOFI MEDLEY FARMACÊUTICA LTDA.;10.588.595/0010-92;0162869258;05/02/2025;TODAS
AMAGLYN;LABORATÓRIO TEUTO BRASILEIRO S/A;17.159.229/0001-76;0649634212;18/02/2021;TODAS
ALPROXY;OPEM REPRESENTAÇÃO IMPORTADORA EXPORTADORA E DISTRIBUIDORA LTDA;38.909.503/0001-57;0738380253;30/05/2025;TODAS
FUROATO DE MOMETASONA;SANOFI MEDLEY FARMACÊUTICA LTDA.;10.588.595/0010-92;1670660249;06/12/2024;TODAS
TRAVOPROSTA;LABORATÓRIO TEUTO BRASILEIRO S/A;17.159.229/0001-76;0645318256;13/05/2025;TODAS
KOLLAGENASE;CRISTÁLIA PRODUTOS QUÍMICOS FARMACÊUTICOS LTDA.;44.734.671/0001-51;0443510253;01/04/2025;TODAS
PRAVASTATINA SÓDICA;SANOFI MEDLEY FARMACÊUTICA LTDA.;10.588.595/0010-92;0269402250;26/02/2025;TODAS
ATORVASTATINA CALCICA;SANOFI MEDLEY FARMACÊUTICA LTDA.;10.588.595/0010-92;0658509250;15/05/2025;TODAS
QUET XR;EUROFARMA LABORATÓRIOS S.A.;61.190.096/0001-92;0423646231;27/04/2023;TODAS
TADALAFILA;SANOFI MEDLEY FARMACÊUTICA LTDA.;10.588.595/0010-92;1187464244;29/08/2024;TODAS
clonazepam;FUNDAÇÃO PARA O REMÉDIO POPULAR - FURP;43.640.754/0001-19;1076840178;01/06/2017;TODAS
HIDROCLOROTIAZIDA;FUNDAÇÃO PARA O REMÉDIO POPULAR - FURP;43.640.754/0001-19;0145233199;15/02/2019;TODAS
cloridrato de fluoxetina;SANOFI MEDLEY FARMACÊUTICA LTDA.;10.588.595/0010-92;0804286256;16/06/2025;TODAS
SOVALDI;GILEAD SCIENCES FARMACEUTICA DO BRASIL LTDA;15.670.288/0001-89;1256318248;12/09/2024;TODAS
LOREDON;TORRENT DO BRASIL LTDA;33.078.528/0001-32;0324897251;10/03/2025;TODAS
cloridrato de pioglitazona;LABORATÓRIO GLOBO SA;17.115.437/0001-73;1153554259;28/08/2025;TODAS
MALEATO DE ENALAPRIL;VITAMEDIC INDUSTRIA FARMACEUTICA LTDA;30.222.814/0001-31;0986941255;30/07/2025;TODAS
Valproato de sódio;PRATI DONADUZZI & CIA LTDA;73.856.593/0001-66;1482005239;28/12/2023;TODAS
AZITROMICINA DIIDRATADA;SANOFI MEDLEY FARMACÊUTICA LTDA.;10.588.595/0010-92;1001124243;23/07/2024;TODAS
BROMOPRIDA;SANOFI MEDLEY FARMACÊUTICA LTDA.;10.588.595/0010-92;1181330254;05/09/2025;TODAS
CLORIDRATO DE TERBINAFINA;SANOFI MEDLEY FARMACÊUTICA LTDA.;10.588.595/0010-92;3746152204;27/10/2020;TODAS
acetato de clormadinona + etinilestradiol;EUROFARMA LABORATÓRIOS S.A.;61.190.096/0001-92;1078564256;14/08/2025;TODAS
ATORVASTATINA CÁLCICA;EUROFARMA LABORATÓRIOS S.A.;61.190.096/0001-92;0712703250;27/05/2025;TODAS
BIO MANGUINHOS INFLIXIMABE;FUNDAÇÃO OSWALDO CRUZ;33.781.055/0001-35;1356027245;02/10/2024;TODAS
ULTIBRO;NOVARTIS BIOCIENCIAS S.A;56.994.502/0001-30;1161840249;23/08/2024;TODAS
oxaliplatina;LABORATÓRIO QUÍMICO FARMACÊUTICO BERGAMO LTDA;61.282.661/0001-41;0647407248;15/05/2024;TODAS
FLUCONAZOL;SANOFI MEDLEY FARMACÊUTICA LTDA.;10.588.595/0010-92;1529408245;06/11/2024;TODAS
hidroclorotiazida;LABORATÓRIO TEUTO BRASILEIRO S/A;17.159.229/0001-76;0839306253;26/06/2025;TODAS
CIPROFLOXATRIN;LABORATÓRIO GLOBO SA;17.115.437/0001-73;0242206255;20/02/2025;TODAS
ciprofloxacino;FRESENIUS KABI BRASIL LTDA;49.324.221/0001-04;1562423214;23/04/2021;TODAS
pantoprazol sódico;BRAINFARMA INDÚSTRIA QUÍMICA E FARMACÊUTICA S.A;05.161.069/0001-10;0581740254;30/04/2025;TODAS
CLORIDRATO DE PALONOSETRONA;ACCORD FARMACÊUTICA LTDA;64.171.697/0001-46;1059083230;04/10/2023;TODAS
acetato de clormadinona + etinilestradiol;EMS S/A;57.507.378/0003-65;1164361252;01/09/2025;TODAS
Dorilax DT;ACHÉ LABORATÓRIOS FARMACÊUTICOS S.A;60.659.463/0029-92;4081718201;19/11/2020;TODAS
cloridrato de trazodona;EMS S/A;57.507.378/0003-65;1021041254;08/08/2025;TODAS
FURP-BENZILPENICILINA BENZATINA;FUNDAÇÃO PARA O REMÉDIO POPULAR - FURP;43.640.754/0001-19;0364690259;18/03/2025;TODAS
OMEPRAZOL;SANOFI MEDLEY FARMACÊUTICA LTDA.;10.588.595/0010-92;0728124254;29/05/2025;TODAS
GLIBENCLAMIDA;FUNDAÇÃO PARA O REMÉDIO POPULAR - FURP;43.640.754/0001-19;1602257172;01/08/2017;TODAS
TRAVOPROSTA;SANOFI MEDLEY FARMACÊUTICA LTDA.;10.588.595/0010-92;1736410245;19/12/2024;TODAS
besilato de anlodipino;SANOFI MEDLEY FARMACÊUTICA LTDA.;10.588.595/0010-92;1153917246;22/08/2024;TODAS
EZETIMIBA+SINVASTATINA;LEGRAND PHARMA INDÚSTRIA FARMACÊUTICA LTDA;05.044.984/0001-26;0897296257;08/07/2025;TODAS
ZINPASS;SANOFI MEDLEY FARMACÊUTICA LTDA.;10.588.595/0010-92;1162986255;01/09/2025;TODAS
ARCALION;LABORATÓRIOS SERVIER DO BRASIL LTDA;42.374.207/0001-76;0091668247;24/01/2024;TODAS
Lebens;GERMED FARMACEUTICA LTDA;45.992.062/0001-65;4561153225;16/08/2022;TODAS
LIDOSPORIN;FARMOQUÍMICA S/A;33.349.473/0001-58;1346740241;01/10/2024;TODAS
losartana potássica + hidroclorotiazida;GEOLAB INDÚSTRIA FARMACÊUTICA S/A;03.485.572/0001-04;1208338251;11/09/2025;TODAS
CLONAZEPAM;PHARLAB INDÚSTRIA FARMACÊUTICA S.A.;02.501.297/0001-02;0732928257;29/05/2025;TODAS
Alprazolam;SANOFI MEDLEY FARMACÊUTICA LTDA.;10.588.595/0010-92;1226955240;05/09/2024;TODAS
LOSARTANA POTÁSSICA + HIDROCLOROTIAZIDA;LEGRAND PHARMA INDÚSTRIA FARMACÊUTICA LTDA;05.044.984/0001-26;1148910255;27/08/2025;TODAS
LINEZOLIDA;BEKER PRODUTOS FÁRMACO HOSPITALARES LTDA;47.231.121/0001-08;0525772251;17/04/2025;TODAS
EZETIMIBA+SINVASTATINA;GERMED FARMACEUTICA LTDA;45.992.062/0001-65;0897052251;08/07/2025;TODAS
CICLOPIROX OLAMINA;SANOFI MEDLEY FARMACÊUTICA LTDA.;10.588.595/0010-92;0276985257;27/02/2025;TODAS
ATENOLOL;SANOFI MEDLEY FARMACÊUTICA LTDA.;10.588.595/0010-92;0578474255;29/04/2025;TODAS
cloridrato de sertralina;FUNDAÇÃO PARA O REMÉDIO POPULAR - FURP;43.640.754/0001-19;3302628199;29/11/2019;TODAS
DIAZEPAM;PHARLAB INDÚSTRIA FARMACÊUTICA S.A.;02.501.297/0001-02;1132421250;22/08/2025;TODAS
sinvastatina;FUNDAÇÃO PARA O REMÉDIO POPULAR - FURP;43.640.754/0001-19;1630328178;04/08/2017;TODAS
COLLECTRO;VIATRIS FARMACEUTICA DO BRASIL LTDA;11.643.096/0001-22;1444740211;15/04/2021;TODAS
maleato de dexclorfeniramina;GERMED FARMACEUTICA LTDA;45.992.062/0001-65;4943517226;16/11/2022;TODAS
CITRATO DE SILDENAFILA;PRATI DONADUZZI & CIA LTDA;73.856.593/0001-66;1710673249;13/12/2024;TODAS
olmesartana medoxomila;EUROFARMA LABORATÓRIOS S.A.;61.190.096/0001-92;1157671250;29/08/2025;TODAS
PROTTON;ACCORD FARMACÊUTICA LTDA;64.171.697/0001-46;1314094219;06/04/2021;TODAS
Pyloripac Retrat;SANOFI MEDLEY FARMACÊUTICA LTDA.;10.588.595/0010-92;1172946256;03/09/2025;TODAS
TEMOLIDA;LABORATÓRIO QUÍMICO FARMACÊUTICO BERGAMO LTDA;61.282.661/0001-41;0111390231;02/02/2023;TODAS
BISSULFATO DE CLOPIDOGREL;SANOFI MEDLEY FARMACÊUTICA LTDA.;10.588.595/0010-92;0063249251;16/01/2025;TODAS
INFLALID;LEGRAND PHARMA INDÚSTRIA FARMACÊUTICA LTDA;05.044.984/0001-26;0756327253;04/06/2025;TODAS
KALETRA;ABBVIE FARMACÊUTICA LTDA.;15.800.545/0001-50;4160216201;25/11/2020;TODAS
ZEMPLAR;ABBVIE FARMACÊUTICA LTDA.;15.800.545/0001-50;0828799229;04/03/2022;TODAS
cloridrato de fluoxetina;UNIÃO QUÍMICA FARMACÊUTICA NACIONAL S/A;60.665.981/0001-18;2656587212;08/07/2021;TODAS
NITRATO DE BUTOCONAZOL;BRAINFARMA INDÚSTRIA QUÍMICA E FARMACÊUTICA S.A;05.161.069/0001-10;0447440241;09/04/2024;TODAS
EBATZ;LIBBS FARMACÊUTICA LTDA;61.230.314/0001-75;1194520251;09/09/2025;TODAS
midazolam;LABORATÓRIO TEUTO BRASILEIRO S/A;17.159.229/0001-76;1189771241;29/08/2024;TODAS
colistimetato de sódio;ANTIBIÓTICOS DO BRASIL LTDA;05.439.635/0001-03;4467602224;28/07/2022;TODAS
LAMOTRIGINA;SANOFI MEDLEY FARMACÊUTICA LTDA.;10.588.595/0010-92;0892700254;08/07/2025;TODAS
ATENOLOL + CLORTALIDONA;SANOFI MEDLEY FARMACÊUTICA LTDA.;10.588.595/0010-92;0623401258;08/05/2025;TODAS
NITRATO DE MICONAZOL;BLISFARMA INDÚSTRIA FARMACÊUTICA LTDA - ME;03.108.098/0001-93;0114041198;06/02/2019;TODAS
ramipril;SANOFI MEDLEY FARMACÊUTICA LTDA.;10.588.595/0010-92;0810536251;17/06/2025;TODAS
FARMANGUINHOS ISONIAZIDA + RIFAMPICINA;FUNDAÇÃO OSWALDO CRUZ;33.781.055/0001-35;0332429245;18/03/2024;TODAS
QUETIPIN SO;CRISTÁLIA PRODUTOS QUÍMICOS FARMACÊUTICOS LTDA.;44.734.671/0001-51;0185940251;10/02/2025;TODAS
PANTOPRAZOL;LABORATÓRIO TEUTO BRASILEIRO S/A;17.159.229/0001-76;4869725223;26/10/2022;TODAS
SIMBRINZA;NOVARTIS BIOCIENCIAS S.A;56.994.502/0001-30;0809998246;17/06/2024;TODAS
AXETILCEFUROXIMA;RANBAXY FARMACÊUTICA LTDA;73.663.650/0001-90;0954891244;12/07/2024;TODAS
QUEROPAX;EMS SIGMA PHARMA LTDA;00.923.140/0001-31;1007010258;05/08/2025;TODAS
DESALEX D12;ORGANON FARMACÊUTICA LTDA.;45.987.013/0001-34;0664758258;16/05/2025;TODAS
ENTYVIO;TAKEDA PHARMA LTDA.;60.397.775/0001-74;1122618255;20/08/2025;TODAS
RESPIRATUS;SANOFI MEDLEY FARMACÊUTICA LTDA.;10.588.595/0010-92;1209123240;03/09/2024;TODAS
Acido Mefenamico;SANOFI MEDLEY FARMACÊUTICA LTDA.;10.588.595/0010-92;0788511246;12/06/2024;TODAS
DIOLESS;SUPERA FARMA LABORATÓRIOS S.A;43.312.503/0001-05;1144231221;16/03/2022;TODAS
GENFIBROZILA;SANOFI MEDLEY FARMACÊUTICA LTDA.;10.588.595/0010-92;1514945240;04/11/2024;TODAS
CLORIDRATO DE PAROXETINA;SANOFI MEDLEY FARMACÊUTICA LTDA.;10.588.595/0010-92;0535656254;22/04/2025;TODAS
colchicina;MULTILAB INDUSTRIA E COMERCIO DE PRODUTOS FARMACEUTICOS LTDA;92.265.552/0009-05;1593992246;21/11/2024;TODAS
VITERGYL ZINCO;CIFARMA CIENTÍFICA FARMACÊUTICA LTDA;17.562.075/0001-69;1496218217;19/04/2021;TODAS
RESTIVA;MUNDIPHARMA BRASIL PRODUTOS MÉDICOS E FARMACÊUTICOS LTDA;15.127.898/0001-30;0777723255;10/06/2025;TODAS
BROMIDRATO DE GALANTAMINA;EMS S/A;57.507.378/0003-65;0814996256;18/06/2025;TODAS
FIBROGAMMIN P;CSL BEHRING COMÉRCIO DE PRODUTOS FARMACÊUTICOS LTDA;62.969.589/0001-98;1723215244;17/12/2024;TODAS
drospirenona + etinilestradiol;LEGRAND PHARMA INDÚSTRIA FARMACÊUTICA LTDA;05.044.984/0001-26;0931522251;17/07/2025;TODAS
Empliciti;BRISTOL-MYERS SQUIBB FARMACÊUTICA LTDA;56.998.982/0001-07;1478392240;28/10/2024;TODAS
paracetamol + fosfato de codeína;EUROFARMA LABORATÓRIOS S.A.;61.190.096/0001-92;1068245239;06/10/2023;TODAS
sulfato de polimixina B;OPEM REPRESENTAÇÃO IMPORTADORA EXPORTADORA E DISTRIBUIDORA LTDA;38.909.503/0001-57;0848512157;23/09/2015;TODAS
AZITROMICINA;MEDQUIMICA INDUSTRIA FARMACEUTICA LTDA.;17.875.154/0001-20;1286815240;18/09/2024;TODAS
CLORIDRATO DE VARDENAFILA;EMS S/A;57.507.378/0003-65;2175047229;11/04/2022;TODAS
Lamotrigina;INSTITUTO BIOCHIMICO INDÚSTRIA FARMACÊUTICA LTDA;33.258.401/0001-03;0848138252;28/06/2025;TODAS
POLICLAVUMOXIL;EMS S/A;57.507.378/0003-65;1118381254;19/08/2025;TODAS
dicloridrato de trimetazidina;EMS S/A;57.507.378/0003-65;1722297247;17/12/2024;TODAS
GIOTRIF;BOEHRINGER INGELHEIM DO BRASIL QUÍMICA E FARMACÊUTICA LTDA.;60.831.658/0001-77;1435152247;18/10/2024;TODAS
OLANZAPINA;GEOLAB INDÚSTRIA FARMACÊUTICA S/A;03.485.572/0001-04;4996867221;30/11/2022;TODAS
FUROSEMIDA;SANTISA LABORATÓRIO FARMACÊUTICO S/A;04.099.395/0001-82;1548934241;11/11/2024;TODAS
SINOT;EUROFARMA LABORATÓRIOS S.A.;61.190.096/0001-92;0418608237;26/04/2023;TODAS
CLORIDRATO DE GENCITABINA;ZYDUS NIKKHO FARMACÊUTICA LTDA;05.254.971/0001-81;0749402253;03/06/2025;TODAS
finasterida;LEGRAND PHARMA INDÚSTRIA FARMACÊUTICA LTDA;05.044.984/0001-26;0653173253;14/05/2025;TODAS
SCAFLOGIN;LABORATÓRIO GLOBO SA;17.115.437/0001-73;0753383250;04/06/2025;TODAS
OFEV;BOEHRINGER INGELHEIM DO BRASIL QUÍMICA E FARMACÊUTICA LTDA.;60.831.658/0001-77;1693527243;11/12/2024;TODAS
RESMINOLIV;LABORATÓRIO TEUTO BRASILEIRO S/A;17.159.229/0001-76;1554084217;23/04/2021;TODAS
ARIPIPRAZOL;SANDOZ DO BRASIL INDÚSTRIA FARMACÊUTICA LTDA;61.286.647/0001-16;0994910231;19/09/2023;TODAS
BUDESONIDA;EMS S/A;57.507.378/0003-65;1715054245;16/12/2024;TODAS
CIZAX;COSMED INDUSTRIA DE COSMETICOS E MEDICAMENTOS S.A.;61.082.426/0002-07;4244537200;01/12/2020;TODAS
CAPS-IPEN;COMISSAO NACIONAL DE ENERGIA NUCLEAR;00.402.552/0001-26;1056759232;04/10/2023;TODAS
hemifumarato de quetiapina;GERMED FARMACEUTICA LTDA;45.992.062/0001-65;1004315252;04/08/2025;TODAS
PREBICTAL;ADIUM S.A.;55.980.684/0001-27;0553409247;26/04/2024;TODAS
PACO;EUROFARMA LABORATÓRIOS S.A.;61.190.096/0001-92;1068256231;06/10/2023;TODAS
PLAVINEO;BRAINFARMA INDÚSTRIA QUÍMICA E FARMACÊUTICA S.A;05.161.069/0001-10;1010368257;06/08/2025;TODAS
CETOCORT-N;LABORATÓRIO TEUTO BRASILEIRO S/A;17.159.229/0001-76;0645288250;13/05/2025;TODAS
LETROZOL;ZYDUS NIKKHO FARMACÊUTICA LTDA;05.254.971/0001-81;0185788254;10/02/2025;TODAS
finasterida;GERMED FARMACEUTICA LTDA;45.992.062/0001-65;0630264252;09/05/2025;TODAS
BETRAT;MYRALIS INDÚSTRIA FARMACÊUTICA LTDA;17.440.261/0001-25;1477014241;28/10/2024;TODAS
ENEMA JP;JP INDUSTRIA FARMACEUTICA S/A;55.972.087/0001-50;0897329252;08/07/2025;TODAS
LESTALGYN;LABORATÓRIO TEUTO BRASILEIRO S/A;17.159.229/0001-76;0590738259;01/05/2025;TODAS
SULFATO DE MORFINA;UNIÃO QUÍMICA FARMACÊUTICA NACIONAL S/A;60.665.981/0001-18;2364663211;18/06/2021;TODAS
CLORIDRATO DE PROPAFENONA;PRATI DONADUZZI & CIA LTDA;73.856.593/0001-66;0680355251;21/05/2025;TODAS
MARFARIN;LABORATÓRIO TEUTO BRASILEIRO S/A;17.159.229/0001-76;0504620193;06/06/2019;TODAS
BRITENS;UNIÃO QUÍMICA FARMACÊUTICA NACIONAL S/A;60.665.981/0001-18;1261065247;13/09/2024;TODAS
LATONAN;EMS S/A;57.507.378/0003-65;0935114254;18/07/2025;TODAS
finasterida;GERMED FARMACEUTICA LTDA;45.992.062/0001-65;1263920241;13/09/2024;TODAS
cloridrato de ropivacaína;LABORATÓRIO TEUTO BRASILEIRO S/A;17.159.229/0001-76;1118237251;19/08/2025;TODAS
MIRENA;BAYER S.A.;18.459.628/0001-15;0864821255;02/07/2025;TODAS
RUBENTI;ABBOTT LABORATÓRIOS DO BRASIL LTDA;56.998.701/0001-16;0244702250;20/02/2025;TODAS
PREVIPRESS;LEGRAND PHARMA INDÚSTRIA FARMACÊUTICA LTDA;05.044.984/0001-26;1169033253;02/09/2025;TODAS
valsartana + anlodipino;SANDOZ DO BRASIL INDÚSTRIA FARMACÊUTICA LTDA;61.286.647/0001-16;4699662218;29/11/2021;TODAS
NEULASTIM;AMGEN BIOTECNOLOGIA DO BRASIL LTDA.;18.774.815/0001-93;1718270241;16/12/2024;TODAS
dicloridrato de betaistina;GEOLAB INDÚSTRIA FARMACÊUTICA S/A;03.485.572/0001-04;1054929254;13/08/2025;TODAS
CEFALOTINA SODICA;INSTITUTO BIOCHIMICO INDÚSTRIA FARMACÊUTICA LTDA;33.258.401/0001-03;0867351250;02/07/2025;TODAS
clortalidona;GERMED FARMACEUTICA LTDA;45.992.062/0001-65;0975909258;28/07/2025;TODAS
DIPROSALIC;COSMED INDUSTRIA DE COSMETICOS E MEDICAMENTOS S.A.;61.082.426/0002-07;5058873222;16/12/2022;TODAS
loratadina;CIMED INDUSTRIA S.A;02.814.497/0001-07;1587097249;19/11/2024;TODAS
OMEPRAZOL;CIFARMA CIENTÍFICA FARMACÊUTICA LTDA;17.562.075/0001-69;0334083249;18/03/2024;TODAS
gliclazida;TORRENT DO BRASIL LTDA;33.078.528/0001-32;0922249245;05/07/2024;TODAS
Ginkobonin;UNIÃO QUÍMICA FARMACÊUTICA NACIONAL S/A;60.665.981/0001-18;2017030211;25/05/2021;TODAS
ALBENTEL;LABORATÓRIO TEUTO BRASILEIRO S/A;17.159.229/0001-76;0672857235;30/06/2023;TODAS
cloridrato de metformina;GERMED FARMACEUTICA LTDA;45.992.062/0001-65;1182581251;05/09/2025;TODAS
TUNTÁ;EUROFARMA LABORATÓRIOS S.A.;61.190.096/0001-92;0306796236;28/03/2023;TODAS
PONSDRIL;LEGRAND PHARMA INDÚSTRIA FARMACÊUTICA LTDA;05.044.984/0001-26;1112059245;14/08/2024;TODAS
GLIMATIN;EMS S/A;57.507.378/0003-65;0115794255;27/01/2025;TODAS
EGROTIB®;DR. REDDYS FARMACÊUTICA DO BRASIL LTDA;03.978.166/0001-75;0809503255;17/06/2025;TODAS
OPIVAC;LABORATÓRIO TEUTO BRASILEIRO S/A;17.159.229/0001-76;0680032231;03/07/2023;TODAS
METRONIDAZOL;ANTIBIÓTICOS DO BRASIL LTDA;05.439.635/0001-03;0236995251;19/02/2025;TODAS
BROMIDRATO DE GALANTAMINA;GERMED FARMACEUTICA LTDA;45.992.062/0001-65;4431825223;15/07/2022;TODAS
PANTOPRAZOL;CIMED INDUSTRIA S.A;02.814.497/0001-07;0297604252;05/03/2025;TODAS
GARASONE;COSMED INDUSTRIA DE COSMETICOS E MEDICAMENTOS S.A.;61.082.426/0002-07;1597130219;26/04/2021;TODAS
MICOFENOLATO DE SODIO;LABORATÓRIO QUÍMICO FARMACÊUTICO DO EXÉRCITO;00.394.452/0001-03;1206102250;11/09/2025;TODAS
DROPY-D;BRAINFARMA INDÚSTRIA QUÍMICA E FARMACÊUTICA S.A;05.161.069/0001-10;1276300239;17/11/2023;TODAS
FLOXICAM;BRAINFARMA INDÚSTRIA QUÍMICA E FARMACÊUTICA S.A;05.161.069/0001-10;4298462226;15/06/2022;TODAS
CLORIDRATO DE CIPROFLOXACINO;EUROFARMA LABORATÓRIOS S.A.;61.190.096/0001-92;0150150253;03/02/2025;TODAS
azitromicina di-hidratada;BRAINFARMA INDÚSTRIA QUÍMICA E FARMACÊUTICA S.A;05.161.069/0001-10;1362921246;03/10/2024;TODAS
CLORIDRATO DE FINGOLIMODE;EMS S/A;57.507.378/0003-65;0881505242;27/06/2024;TODAS
citrato de sildenafila;LABORATÓRIO FARMACÊUTICO DA MARINHA;00.394.502/0071-57;0857314254;30/06/2025;TODAS
GRANULOKINE;AMGEN BIOTECNOLOGIA DO BRASIL LTDA.;18.774.815/0001-93;0755656253;04/06/2025;TODAS
ETIRA;ACHÉ LABORATÓRIOS FARMACÊUTICOS S.A;60.659.463/0029-92;1177149257;04/09/2025;TODAS
TEUBILIV;LABORATÓRIO TEUTO BRASILEIRO S/A;17.159.229/0001-76;1967447213;21/05/2021;TODAS
mesilato de doxazosina;LEGRAND PHARMA INDÚSTRIA FARMACÊUTICA LTDA;05.044.984/0001-26;1001949251;04/08/2025;TODAS
ALIVDIP;LABORATÓRIO TEUTO BRASILEIRO S/A;17.159.229/0001-76;4771732221;03/10/2022;TODAS
besilato de cisatracúrio;ACCORD FARMACÊUTICA LTDA;64.171.697/0001-46;0116209232;03/02/2023;TODAS
CITRATO DE SILDENAFILA;RANBAXY FARMACÊUTICA LTDA;73.663.650/0001-90;1078473180;12/11/2018;TODAS
VACINA ADSORVIDA HEPATITE B (RECOMBINANTE);INSTITUTO BUTANTAN;61.821.344/0001-56;0101631251;23/01/2025;TODAS
VANISTO;GLAXOSMITHKLINE BRASIL LTDA;33.247.743/0001-10;0770646255;09/06/2025;TODAS
OLMESARTANA MEDOXOMILA+BESILATO DE ANLODIPINO;EMS S/A;57.507.378/0003-65;0915876256;14/07/2025;TODAS
AMGEVITA;AMGEN BIOTECNOLOGIA DO BRASIL LTDA.;18.774.815/0001-93;0140799257;31/01/2025;TODAS
Fiasp;NOVO NORDISK FARMACÊUTICA DO BRASIL LTDA;82.277.955/0001-55;0608544256;06/05/2025;TODAS
GLIONIL;BRAINFARMA INDÚSTRIA QUÍMICA E FARMACÊUTICA S.A;05.161.069/0001-10;2668411211;09/07/2021;TODAS
ELÔ;EMS S/A;57.507.378/0003-65;0934990239;01/09/2023;TODAS
cloridrato de ambroxol;1FARMA INDUSTRIA FARMACEUTICA LTDA;48.113.906/0001-49;0264152196;25/03/2019;TODAS
PROZEN;LABORATÓRIO TEUTO BRASILEIRO S/A;17.159.229/0001-76;2477669222;20/04/2022;TODAS
carbonato de lítio;EUROFARMA LABORATÓRIOS S.A.;61.190.096/0001-92;1490037241;30/10/2024;TODAS
PTZOL;CRISTÁLIA PRODUTOS QUÍMICOS FARMACÊUTICOS LTDA.;44.734.671/0001-51;0382701259;21/03/2025;TODAS
HIDROQUINONA;EMS S/A;57.507.378/0003-65;0646119257;13/05/2025;TODAS
Riscard;BIOLAB SANUS FARMACÊUTICA LTDA;49.475.833/0001-06;1539682226;05/04/2022;TODAS
risperidona;EUROFARMA LABORATÓRIOS S.A.;61.190.096/0001-92;0126018251;29/01/2025;TODAS
mesilato de doxazosina;CIMED INDUSTRIA S.A;02.814.497/0001-07;1005969256;05/08/2025;TODAS
succinato de desvenlafaxina monoidratado;SANOFI MEDLEY FARMACÊUTICA LTDA.;10.588.595/0010-92;0900237244;02/07/2024;TODAS
EUDOK;UNIÃO QUÍMICA FARMACÊUTICA NACIONAL S/A;60.665.981/0001-18;0404275257;25/03/2025;TODAS
OXALIPLATINA;BLAU FARMACÊUTICA S.A.;58.430.828/0001-60;0519230256;16/04/2025;TODAS
FLUMAZENIL;LABORATÓRIO TEUTO BRASILEIRO S/A;17.159.229/0001-76;2896179216;25/07/2021;TODAS
DIAZEPAM;UNIÃO QUÍMICA FARMACÊUTICA NACIONAL S/A;60.665.981/0001-18;0753461251;04/06/2025;TODAS
FENAFLAN;LABORATÓRIO TEUTO BRASILEIRO S/A;17.159.229/0001-76;0681846259;21/05/2025;TODAS
POLICLAVUMOXIL BD;EMS S/A;57.507.378/0003-65;1119718252;19/08/2025;TODAS
CEFALOTINA SÓDICA;EUGIA PHARMA INDUSTRIA FARMACEUTICA LTDA;44.639.493/0001-80;0950532231;06/09/2023;TODAS
TIN-TEC;COMISSAO NACIONAL DE ENERGIA NUCLEAR;00.402.552/0001-26;1253211230;13/11/2023;TODAS
MONTELUCASTE DE SÓDIO;EMS S/A;57.507.378/0003-65;1149366257;27/08/2025;TODAS
Jakavi;NOVARTIS BIOCIENCIAS S.A;56.994.502/0001-30;0939426242;10/07/2024;TODAS
DECIPRAX;COSMED INDUSTRIA DE COSMETICOS E MEDICAMENTOS S.A.;61.082.426/0002-07;0771719230;25/07/2023;TODAS
acetato de ciproterona + etinilestradiol;MERCK S/A;33.069.212/0001-84;3143427213;11/08/2021;TODAS
Novoseven;NOVO NORDISK FARMACÊUTICA DO BRASIL LTDA;82.277.955/0001-55;0694289256;23/05/2025;TODAS
Glargilin;BIOMM SA;04.752.991/0001-10;0985193255;30/07/2025;TODAS
TEFLUT;BLAU FARMACÊUTICA S.A.;58.430.828/0001-60;0684527243;22/05/2024;TODAS
CLORIDRATO DE FLUOXETINA;FUNDAÇÃO PARA O REMÉDIO POPULAR - FURP;43.640.754/0001-19;1232959172;20/06/2017;TODAS
MONTELUCASTE DE SODIO;ACCORD FARMACÊUTICA LTDA;64.171.697/0001-46;4923053224;09/11/2022;TODAS
PLASMAFUNDIN;LABORATORIOS B. BRAUN S/A;31.673.254/0001-02;1406775231;11/12/2023;TODAS
acetato de clormadinona + etinilestradiol;Althaia S.A Indústria Farmacêutica;48.344.725/0007-19;1126931250;21/08/2025;TODAS
cloridrato de tramadol + paracetamol;EUROFARMA LABORATÓRIOS S.A.;61.190.096/0001-92;0896934250;08/07/2025;TODAS
MIELOCADE;LABORATÓRIO QUÍMICO FARMACÊUTICO BERGAMO LTDA;61.282.661/0001-41;1616989246;26/11/2024;TODAS
nitazoxanida;EUROFARMA LABORATÓRIOS S.A.;61.190.096/0001-92;0856038245;24/06/2024;TODAS
PRAKALMAR;ASPEN PHARMA INDÚSTRIA FARMACÊUTICA LTDA;02.433.631/0001-20;4791959221;06/10/2022;TODAS
indapamida;TORRENT DO BRASIL LTDA;33.078.528/0001-32;0288748247;08/03/2024;TODAS
MIGRAINEX;COSMED INDUSTRIA DE COSMETICOS E MEDICAMENTOS S.A.;61.082.426/0002-07;0726164232;14/07/2023;TODAS
LAMOTRIGINA;EUROFARMA LABORATÓRIOS S.A.;61.190.096/0001-92;0578888254;29/04/2025;TODAS
PREDSIM;COSMED INDUSTRIA DE COSMETICOS E MEDICAMENTOS S.A.;61.082.426/0002-07;1130473244;19/08/2024;TODAS
cloridrato de paroxetina;UNIÃO QUÍMICA FARMACÊUTICA NACIONAL S/A;60.665.981/0001-18;0684600251;21/05/2025;TODAS
FENITAL ORAL;CRISTÁLIA PRODUTOS QUÍMICOS FARMACÊUTICOS LTDA.;44.734.671/0001-51;0413864251;26/03/2025;TODAS
MONTY;ACCORD FARMACÊUTICA LTDA;64.171.697/0001-46;1496478213;19/04/2021;TODAS
promestrieno;EUROFARMA LABORATÓRIOS S.A.;61.190.096/0001-92;0027588238;10/01/2023;TODAS
bromidrato de galantamina;LABORATÓRIO QUÍMICO FARMACÊUTICO BERGAMO LTDA;61.282.661/0001-41;3047252201;08/09/2020;TODAS
BACTERACIN;LABORATÓRIO TEUTO BRASILEIRO S/A;17.159.229/0001-76;1129219241;17/08/2024;TODAS
CELESTONE;COSMED INDUSTRIA DE COSMETICOS E MEDICAMENTOS S.A.;61.082.426/0002-07;1169604251;02/09/2025;TODAS
DEXTAFLAM;MABRA FARMACEUTICA LTDA;09.545.589/0001-88;0661763251;16/05/2025;TODAS
Hizentra;CSL BEHRING COMÉRCIO DE PRODUTOS FARMACÊUTICOS LTDA;62.969.589/0001-98;0329523252;11/03/2025;TODAS
cloridrato de dexmedetomidina;ANTIBIÓTICOS DO BRASIL LTDA;05.439.635/0001-03;1168546249;26/08/2024;TODAS
ARIPIPRAZOL;UNICHEM FARMACÊUTICA DO BRASIL LTDA;05.399.786/0001-85;0677311257;20/05/2025;TODAS
POLICLAVUMOXIL BD;EMS S/A;57.507.378/0003-65;1015933254;07/08/2025;TODAS
DROSPIRENONA + ETINILESTRADIOL;SANDOZ DO BRASIL INDÚSTRIA FARMACÊUTICA LTDA;61.286.647/0001-16;2927750211;27/07/2021;TODAS
DICLORIDRATO DE LEVOCETIRIZINA;EUROFARMA LABORATÓRIOS S.A.;61.190.096/0001-92;1325948241;26/09/2024;TODAS
CLONAZEPAM;EMS S/A;57.507.378/0003-65;0943498252;21/07/2025;TODAS
POLARAMINE;COSMED INDUSTRIA DE COSMETICOS E MEDICAMENTOS S.A.;61.082.426/0002-07;1597844213;26/04/2021;TODAS
CIMZIA;UCB BIOPHARMA LTDA.;64.711.500/0001-14;1049082249;31/07/2024;TODAS
SAH-TEC;COMISSAO NACIONAL DE ENERGIA NUCLEAR;00.402.552/0001-26;1253174237;13/11/2023;TODAS
ÁGUA PARA INJEÇÃO;HALEX ISTAR INDÚSTRIA FARMACÊUTICA SA;01.571.702/0001-98;1128228254;21/08/2025;TODAS
RPHRENO;MJM PRODUTOS FARMACEUTICOS E DE RADIOPROTECAO S.A.;04.891.262/0001-44;1340054248;30/09/2024;TODAS
ciprofibrato;CIMED INDUSTRIA S.A;02.814.497/0001-07;0257541250;24/02/2025;TODAS
cloridrato de fluoxetina;EUROFARMA LABORATÓRIOS S.A.;61.190.096/0001-92;0797856251;13/06/2025;TODAS
entricitabina + fumarato de tenofovir desoproxila;FUNDAÇÃO OSWALDO CRUZ;33.781.055/0001-35;0325858241;15/03/2024;TODAS
LORADINE D;LABORATÓRIO TEUTO BRASILEIRO S/A;17.159.229/0001-76;0843585242;20/06/2024;TODAS
TEUTOZOL;LABORATÓRIO TEUTO BRASILEIRO S/A;17.159.229/0001-76;0855942258;30/06/2025;TODAS
DORONA CAFI;BRAINFARMA INDÚSTRIA QUÍMICA E FARMACÊUTICA S.A;05.161.069/0001-10;5032726222;08/12/2022;TODAS
QUADRIDERM;COSMED INDUSTRIA DE COSMETICOS E MEDICAMENTOS S.A.;61.082.426/0002-07;1593564217;26/04/2021;TODAS
ATELIDONA;LABORATÓRIO TEUTO BRASILEIRO S/A;17.159.229/0001-76;1915512213;18/05/2021;TODAS
DMSA-TEC;COMISSAO NACIONAL DE ENERGIA NUCLEAR;00.402.552/0001-26;1252910231;13/11/2023;TODAS
GAL-IPEN;COMISSAO NACIONAL DE ENERGIA NUCLEAR;00.402.552/0001-26;1056824239;04/10/2023;TODAS
VORI;CRISTÁLIA PRODUTOS QUÍMICOS FARMACÊUTICOS LTDA.;44.734.671/0001-51;1179603257;04/09/2025;TODAS
FURACIN;COSMED INDUSTRIA DE COSMETICOS E MEDICAMENTOS S.A.;61.082.426/0002-07;0698087152;06/08/2015;TODAS
CLORIDRATO DE SERTRALINA;CIMED INDUSTRIA S.A;02.814.497/0001-07;0525646256;17/04/2025;TODAS
IOD-IPEN-131;COMISSAO NACIONAL DE ENERGIA NUCLEAR;00.402.552/0001-26;1064013236;05/10/2023;TODAS
rosuvastatina calcica;ACCORD FARMACÊUTICA LTDA;64.171.697/0001-46;1163023248;23/08/2024;TODAS
MECICLIN;GERMED FARMACEUTICA LTDA;45.992.062/0001-65;0732324254;29/05/2025;TODAS
OXIMAX;COSMED INDUSTRIA DE COSMETICOS E MEDICAMENTOS S.A.;61.082.426/0002-07;0901079251;09/07/2025;TODAS
cloridrato de venlafaxina;TORRENT DO BRASIL LTDA;33.078.528/0001-32;1501933248;31/10/2024;TODAS
NUCALA;GLAXOSMITHKLINE BRASIL LTDA;33.247.743/0001-10;0969708238;13/09/2023;TODAS
losartana potássica;LABORATÓRIO GLOBO SA;17.115.437/0001-73;0787164259;11/06/2025;TODAS
POLICLAVUMOXIL;EMS S/A;57.507.378/0003-65;1013083253;06/08/2025;TODAS
DISI-TEC;COMISSAO NACIONAL DE ENERGIA NUCLEAR;00.402.552/0001-26;1252892233;13/11/2023;TODAS
DOXANEO;BRAINFARMA INDÚSTRIA QUÍMICA E FARMACÊUTICA S.A;05.161.069/0001-10;2135722216;02/06/2021;TODAS
divalproato de sódio;ABBOTT LABORATÓRIOS DO BRASIL LTDA;56.998.701/0001-16;1723260240;17/12/2024;TODAS
DIPROPIONATO DE BETAMETASONA + FOSFATO DISSÓDICO DE BETAMETASONA;EUROFARMA LABORATÓRIOS S.A.;61.190.096/0001-92;0574994238;06/06/2023;TODAS
BIO-MANGUINHOS BETAINTERFERONA 1A;FUNDAÇÃO OSWALDO CRUZ;33.781.055/0001-35;4274057216;28/10/2021;TODAS
CELESTAMINE;COSMED INDUSTRIA DE COSMETICOS E MEDICAMENTOS S.A.;61.082.426/0002-07;0377233242;26/03/2024;TODAS
CITANIC;LABORATÓRIO TEUTO BRASILEIRO S/A;17.159.229/0001-76;0155385192;19/02/2019;TODAS
GYNPRO;EXELTIS LABORATORIO FARMACEUTICO LTDA;19.136.432/0001-52;0666222258;16/05/2025;TODAS
Quenzor;LIBBS FARMACÊUTICA LTDA;61.230.314/0001-75;0687508258;22/05/2025;TODAS
STIVARGA;BAYER S.A.;18.459.628/0001-15;0787468258;11/06/2025;TODAS
BACLON;UNIÃO QUÍMICA FARMACÊUTICA NACIONAL S/A;60.665.981/0001-18;0319701221;25/01/2022;TODAS
ROXFLAN;MERCK S/A;33.069.212/0001-84;0446372251;01/04/2025;TODAS
PROMIM;SUPERA FARMA LABORATÓRIOS S.A;43.312.503/0001-05;5070976222;20/12/2022;TODAS
VACINA MENINGOCÓCICA ACWY (CONJUGADA);FUNDAÇÃO OSWALDO CRUZ;33.781.055/0001-35;0704691248;27/05/2024;TODAS
AZTREONAM;INSTITUTO BIOCHIMICO INDÚSTRIA FARMACÊUTICA LTDA;33.258.401/0001-03;0849386250;28/06/2025;TODAS
AFRAT;CRISTÁLIA PRODUTOS QUÍMICOS FARMACÊUTICOS LTDA.;44.734.671/0001-51;0492692254;10/04/2025;TODAS
CLORIDRATO DE CICLOBENZAPRINA;1FARMA INDUSTRIA FARMACEUTICA LTDA;48.113.906/0001-49;0868834186;05/09/2018;TODAS
CLORIDRATO DE SOTALOL;BRAINFARMA INDÚSTRIA QUÍMICA E FARMACÊUTICA S.A;05.161.069/0001-10;0304885231;27/03/2023;TODAS
norfloxacino;1FARMA INDUSTRIA FARMACEUTICA LTDA;48.113.906/0001-49;0259343192;22/03/2019;TODAS
LODINA;COSMED INDUSTRIA DE COSMETICOS E MEDICAMENTOS S.A.;61.082.426/0002-07;0805502185;15/08/2018;TODAS
EMPROL XR;ACCORD FARMACÊUTICA LTDA;64.171.697/0001-46;0027126242;09/01/2024;TODAS
ARAMIN;CRISTÁLIA PRODUTOS QUÍMICOS FARMACÊUTICOS LTDA.;44.734.671/0001-51;0941470213;10/03/2021;TODAS
SINVASTATINA;PHARLAB INDÚSTRIA FARMACÊUTICA S.A.;02.501.297/0001-02;0537921257;22/04/2025;TODAS
WILATE;OCTAPHARMA BRASIL LTDA;02.552.927/0001-60;0232636231;08/03/2023;TODAS
TADALAFILA;LEGRAND PHARMA INDÚSTRIA FARMACÊUTICA LTDA;05.044.984/0001-26;0071059253;17/01/2025;TODAS
cloridrato de amitriptilina;GERMED FARMACEUTICA LTDA;45.992.062/0001-65;0991692250;31/07/2025;TODAS
AZOX;EUROFARMA LABORATÓRIOS S.A.;61.190.096/0001-92;0856058246;24/06/2024;TODAS
ZONOVATE;NOVO NORDISK FARMACÊUTICA DO BRASIL LTDA;82.277.955/0001-55;0491111258;09/04/2025;TODAS
besilato de anlodipino;SANDOZ DO BRASIL INDÚSTRIA FARMACÊUTICA LTDA;61.286.647/0001-16;0667735259;16/05/2025;TODAS
candesartana cilexetila;PRATI DONADUZZI & CIA LTDA;73.856.593/0001-66;0905205251;10/07/2025;TODAS
Abelcet;TEVA FARMACÊUTICA LTDA.;05.333.542/0001-08;0631795243;13/05/2024;TODAS
hemifumarato de quetiapina;EUROFARMA LABORATÓRIOS S.A.;61.190.096/0001-92;1207176257;11/09/2025;TODAS
glimepirida;GERMED FARMACEUTICA LTDA;45.992.062/0001-65;0845264231;11/08/2023;TODAS
TIBIAL;BRAINFARMA INDÚSTRIA QUÍMICA E FARMACÊUTICA S.A;05.161.069/0001-10;1155437250;28/08/2025;TODAS
CABERGOLINA;PRATI DONADUZZI & CIA LTDA;73.856.593/0001-66;0209898232;02/03/2023;TODAS
XOFIGO;BAYER S.A.;18.459.628/0001-15;0742042235;18/07/2023;TODAS
MALEATO DE ENALAPRIL;HIPOLABOR FARMACEUTICA LTDA;19.570.720/0001-10;1635046246;29/11/2024;TODAS
LOTANOL;LABORATÓRIO TEUTO BRASILEIRO S/A;17.159.229/0001-76;1020648228;11/03/2022;TODAS
CLORIDRATO DE CINACALCETE;DR. REDDYS FARMACÊUTICA DO BRASIL LTDA;03.978.166/0001-75;4841941223;19/10/2022;TODAS
aciclovir;CIMED INDUSTRIA S.A;02.814.497/0001-07;1659365244;04/12/2024;TODAS
cloridrato de nebivolol;LABORATÓRIO TEUTO BRASILEIRO S/A;17.159.229/0001-76;1279581247;17/09/2024;TODAS
ZYAD;ACHÉ LABORATÓRIOS FARMACÊUTICOS S.A;60.659.463/0029-92;0049251244;15/01/2024;TODAS
NIMESULIDA;1FARMA INDUSTRIA FARMACEUTICA LTDA;48.113.906/0001-49;2506822199;16/10/2019;TODAS
ALIVIUM;COSMED INDUSTRIA DE COSMETICOS E MEDICAMENTOS S.A.;61.082.426/0002-07;1121414249;15/08/2024;TODAS
EPICITRIN;BRAINFARMA INDÚSTRIA QUÍMICA E FARMACÊUTICA S.A;05.161.069/0001-10;1386259241;09/10/2024;TODAS
indapamida;GEOLAB INDÚSTRIA FARMACÊUTICA S/A;03.485.572/0001-04;1168899257;02/09/2025;TODAS
FDG;VILLAS BOAS RADIOFÁRMACOS BRASIL S/A;08.944.601/0001-64;0060384239;19/01/2023;TODAS
secnidazol;SANDOZ DO BRASIL INDÚSTRIA FARMACÊUTICA LTDA;61.286.647/0001-16;3077009218;06/08/2021;TODAS
omeprazol;CIMED INDUSTRIA S.A;02.814.497/0001-07;1159175250;29/08/2025;TODAS
omeprazol;1FARMA INDUSTRIA FARMACEUTICA LTDA;48.113.906/0001-49;1102182189;21/11/2018;TODAS
GLIMEPIRIDA;EUROFARMA LABORATÓRIOS S.A.;61.190.096/0001-92;1469190249;25/10/2024;TODAS
cloridrato de dobutamina;ANTIBIÓTICOS DO BRASIL LTDA;05.439.635/0001-03;0708093210;22/02/2021;TODAS
ASTRO;EUROFARMA LABORATÓRIOS S.A.;61.190.096/0001-92;0943933251;21/07/2025;TODAS
KIGEFO;DR. REDDYS FARMACÊUTICA DO BRASIL LTDA;03.978.166/0001-75;0929890256;17/07/2025;TODAS
SENES;SUPERA FARMA LABORATÓRIOS S.A;43.312.503/0001-05;0515431257;15/04/2025;TODAS
gcib;CRISTÁLIA PRODUTOS QUÍMICOS FARMACÊUTICOS LTDA.;44.734.671/0001-51;1036452218;17/03/2021;TODAS
DUAL;ACHÉ LABORATÓRIOS FARMACÊUTICOS S.A;60.659.463/0029-92;0995805237;19/09/2023;TODAS
TEUMIB;LABORATÓRIO TEUTO BRASILEIRO S/A;17.159.229/0001-76;2465439219;25/06/2021;TODAS
RPHLIMPHA;MJM PRODUTOS FARMACEUTICOS E DE RADIOPROTECAO S.A.;04.891.262/0001-44;1459814240;23/10/2024;TODAS
FRUTAXX;UNIÃO QUÍMICA FARMACÊUTICA NACIONAL S/A;60.665.981/0001-18;0485828251;09/04/2025;TODAS
EXCALV;LABORATÓRIO TEUTO BRASILEIRO S/A;17.159.229/0001-76;1015445181;19/10/2018;TODAS
DOMPERIDONA;EUROFARMA LABORATÓRIOS S.A.;61.190.096/0001-92;0715352229;25/02/2022;TODAS
diclofenaco potássico;CIMED INDUSTRIA S.A;02.814.497/0001-07;0473913241;15/04/2024;TODAS
ESTOMAZIL;COSMED INDUSTRIA DE COSMETICOS E MEDICAMENTOS S.A.;61.082.426/0002-07;0803438257;16/06/2025;TODAS
DESCON;COSMED INDUSTRIA DE COSMETICOS E MEDICAMENTOS S.A.;61.082.426/0002-07;0551418257;24/04/2025;TODAS
SINOT CLAV;EUROFARMA LABORATÓRIOS S.A.;61.190.096/0001-92;0921360258;15/07/2025;TODAS
BISSULFATO DE CLOPIDOGREL;AUROBINDO PHARMA INDÚSTRIA FARMACÊUTICA LIMITADA;04.301.884/0001-75;0104663251;24/01/2025;TODAS
DIPROPIONATO DE BECLOMETASONA;GLENMARK FARMACÊUTICA LTDA;44.363.661/0001-57;0720989256;28/05/2025;TODAS
NEOLEFRIN DIA;BRAINFARMA INDÚSTRIA QUÍMICA E FARMACÊUTICA S.A;05.161.069/0001-10;0371189233;13/04/2023;TODAS
amoxicilina sódica + clavulanato de potássio;EUGIA PHARMA INDUSTRIA FARMACEUTICA LTDA;44.639.493/0001-80;1731563248;18/12/2024;TODAS
mesilato de doxazosina;GERMED FARMACEUTICA LTDA;45.992.062/0001-65;1001867254;04/08/2025;TODAS
FLUCOMED;CIMED INDUSTRIA S.A;02.814.497/0001-07;0466785219;04/02/2021;TODAS
PARACETAMOL+FOSFATO DE CODEINA;EMS S/A;57.507.378/0003-65;0249936259;21/02/2025;TODAS
cloridrato de metformina;TORRENT DO BRASIL LTDA;33.078.528/0001-32;3246687226;20/05/2022;TODAS
Adempas®;BAYER S.A.;18.459.628/0001-15;4863077220;25/10/2022;TODAS
FENOBARBITAL;LABORATÓRIO TEUTO BRASILEIRO S/A;17.159.229/0001-76;0665668252;16/05/2025;TODAS
SINOT;EUROFARMA LABORATÓRIOS S.A.;61.190.096/0001-92;0418656231;26/04/2023;TODAS
isotretinoína;EMS S/A;57.507.378/0003-65;0357485246;22/03/2024;TODAS
SANY D;ACHÉ LABORATÓRIOS FARMACÊUTICOS S.A;60.659.463/0029-92;0358318254;17/03/2025;TODAS
HIDROPEEK;EMS S/A;57.507.378/0003-65;1381605215;11/04/2021;TODAS
ONCILEG;LEGRAND PHARMA INDÚSTRIA FARMACÊUTICA LTDA;05.044.984/0001-26;5048461223;13/12/2022;TODAS
ONCILEG;LEGRAND PHARMA INDÚSTRIA FARMACÊUTICA LTDA;05.044.984/0001-26;0060155256;15/01/2025;TODAS
ORLISTATE;ACCORD FARMACÊUTICA LTDA;64.171.697/0001-46;1429388219;14/04/2021;TODAS
CARDCOR;LABORATÓRIO TEUTO BRASILEIRO S/A;17.159.229/0001-76;0764460184;03/08/2018;TODAS
ácido mefenâmico;GERMED FARMACEUTICA LTDA;45.992.062/0001-65;1112196242;14/08/2024;TODAS
MEGY;LEGRAND PHARMA INDÚSTRIA FARMACÊUTICA LTDA;05.044.984/0001-26;0930666259;17/07/2025;TODAS
CETOCONAZOL;BRAINFARMA INDÚSTRIA QUÍMICA E FARMACÊUTICA S.A;05.161.069/0001-10;0170516184;06/03/2018;TODAS
EUPROSTATIN;EMS SIGMA PHARMA LTDA;00.923.140/0001-31;1002064252;04/08/2025;TODAS
MICOFENOLATO DE SÓDIO;ACCORD FARMACÊUTICA LTDA;64.171.697/0001-46;2706777214;12/07/2021;TODAS
LETROZOL;RANBAXY FARMACÊUTICA LTDA;73.663.650/0001-90;0488059259;09/04/2025;TODAS
CINETOL;CRISTÁLIA PRODUTOS QUÍMICOS FARMACÊUTICOS LTDA.;44.734.671/0001-51;0953998211;11/03/2021;TODAS
drospirenona + etinilestradiol;GERMED FARMACEUTICA LTDA;45.992.062/0001-65;0929990234;31/08/2023;TODAS
bromoprida;WASSER FARMA LTDA;01.564.260/0001-52;1006670238;21/09/2023;TODAS
VOLTAFLEX AP;EMS S/A;57.507.378/0003-65;0584557256;30/04/2025;TODAS
CYCLOFLUOR;Cyclopet Radiofarmacos ltda;09.225.881/0001-13;1139222252;25/08/2025;TODAS
RPHKARDIA;MJM PRODUTOS FARMACEUTICOS E DE RADIOPROTECAO S.A.;04.891.262/0001-44;1050383249;01/08/2024;TODAS
Tramal;GRÜNENTHAL DO BRASIL FARMACÊUTICA LTDA.;10.555.143/0001-13;1368354246;04/10/2024;TODAS
Tramal Retard;GRÜNENTHAL DO BRASIL FARMACÊUTICA LTDA.;10.555.143/0001-13;1368503241;04/10/2024;TODAS
Tramal;GRÜNENTHAL DO BRASIL FARMACÊUTICA LTDA.;10.555.143/0001-13;1368580246;04/10/2024;TODAS
Tramal;GRÜNENTHAL DO BRASIL FARMACÊUTICA LTDA.;10.555.143/0001-13;1368192246;04/10/2024;TODAS
cloridrato de lercanidipino;LEGRAND PHARMA INDÚSTRIA FARMACÊUTICA LTDA;05.044.984/0001-26;1158565259;29/08/2025;TODAS
CETOCONAZOL;1FARMA INDUSTRIA FARMACEUTICA LTDA;48.113.906/0001-49;0886647203;24/03/2020;TODAS
CETOCONAZOL;CIMED INDUSTRIA S.A;02.814.497/0001-07;0465769241;12/04/2024;TODAS
bromidrato de galantamina;PRATI DONADUZZI & CIA LTDA;73.856.593/0001-66;0315906251;07/03/2025;TODAS
BUSCOPLEX COMPOSTO;NATULAB LABORATORIO S.A;02.456.955/0001-83;0936268247;09/07/2024;TODAS
LEVIXE;LABORATÓRIO TEUTO BRASILEIRO S/A;17.159.229/0001-76;0672948231;30/06/2023;TODAS
PANT;ACHÉ LABORATÓRIOS FARMACÊUTICOS S.A;60.659.463/0029-92;0379272253;20/03/2025;TODAS
TERMOPIRONA;BRAINFARMA INDÚSTRIA QUÍMICA E FARMACÊUTICA S.A;05.161.069/0001-10;0995387186;15/10/2018;TODAS
VAGICAND;SUPERA FARMA LABORATÓRIOS S.A;43.312.503/0001-05;3847595202;03/11/2020;TODAS
GLICOCER;UNIÃO BRASILEIRA DE EDUCAÇÃO E ASSISTÊNCIA;88.630.413/0001-09;0288405234;22/03/2023;TODAS
citrato de sildenafila;EMS S/A;57.507.378/0003-65;4502755222;03/08/2022;TODAS
citrato de sildenafila;EMS S/A;57.507.378/0003-65;1443745243;21/10/2024;TODAS
BIMATOPROSTA;SANOFI MEDLEY FARMACÊUTICA LTDA.;10.588.595/0010-92;1666957241;05/12/2024;TODAS
HEMIFUMARATO DE QUETIAPINA;ZYDUS NIKKHO FARMACÊUTICA LTDA;05.254.971/0001-81;0336095252;12/03/2025;TODAS
FLODIN DUO;ADIUM S.A.;55.980.684/0001-27;0795124244;13/06/2024;TODAS
PRÓS-HP;SUPERA FARMA LABORATÓRIOS S.A;43.312.503/0001-05;1085074251;15/08/2025;TODAS
CLORIDRATO DE LERCANIDIPINO;EMS S/A;57.507.378/0003-65;1158548257;29/08/2025;TODAS
SECNIDAZOL;SANOFI MEDLEY FARMACÊUTICA LTDA.;10.588.595/0010-92;0048828254;14/01/2025;TODAS
ESC;EUROFARMA LABORATÓRIOS S.A.;61.190.096/0001-92;0152575243;07/02/2024;TODAS
Uman Albumin;KEDRION BRASIL LTDA.;09.284.952/0001-59;0916376257;14/07/2025;TODAS
AD-VITAM;NATULAB LABORATORIO S.A;02.456.955/0001-83;3762836213;23/09/2021;TODAS
rosuvastatina cálcica;EUROFARMA LABORATÓRIOS S.A.;61.190.096/0001-92;1066342253;14/08/2025;TODAS
Cloridrato de Sertralina;SANOFI MEDLEY FARMACÊUTICA LTDA.;10.588.595/0010-92;1118250257;19/08/2025;TODAS
VALERATO DE BETAMETASONA;SANOFI MEDLEY FARMACÊUTICA LTDA.;10.588.595/0010-92;0161853251;05/02/2025;TODAS
captopril;FUNDAÇÃO PARA O REMÉDIO POPULAR - FURP;43.640.754/0001-19;0941516155;26/10/2015;TODAS
DESALEX;ORGANON FARMACÊUTICA LTDA.;45.987.013/0001-34;0719355257;27/05/2025;TODAS
RESIST;ACHÉ LABORATÓRIOS FARMACÊUTICOS S.A;60.659.463/0029-92;0607297255;06/05/2025;TODAS
MEPACT;TAKEDA PHARMA LTDA.;60.397.775/0001-74;1443081219;15/04/2021;TODAS
LORATADINA;MEDQUIMICA INDUSTRIA FARMACEUTICA LTDA.;17.875.154/0001-20;0808631250;17/06/2025;TODAS
Arulatan;BL INDÚSTRIA OTICA LTDA;27.011.022/0001-03;0726465218;23/02/2021;TODAS
cetoconazol + diproprionato de betametasona + sulfato de neomicina;SANOFI MEDLEY FARMACÊUTICA LTDA.;10.588.595/0010-92;0990659259;31/07/2025;TODAS
CETOCONAZOL + DIPROPIONATO DE BETAMETASONA + SULFATO DE NEOMICINA;SANOFI MEDLEY FARMACÊUTICA LTDA.;10.588.595/0010-92;0991022254;31/07/2025;TODAS
CORATEZ;EMS SIGMA PHARMA LTDA;00.923.140/0001-31;1044904259;12/08/2025;TODAS
PYLORIPAC;SANOFI MEDLEY FARMACÊUTICA LTDA.;10.588.595/0010-92;0680914251;21/05/2025;TODAS
ZARZIO;SANDOZ DO BRASIL INDÚSTRIA FARMACÊUTICA LTDA;61.286.647/0001-16;1162186241;23/08/2024;TODAS
SELETIV;EUROFARMA LABORATÓRIOS S.A.;61.190.096/0001-92;0826108253;23/06/2025;TODAS
PROLEPTOL;SANOFI MEDLEY FARMACÊUTICA LTDA.;10.588.595/0010-92;0620235250;08/05/2025;TODAS
CAPYLA-HAIR;EMS SIGMA PHARMA LTDA;00.923.140/0001-31;0630292256;09/05/2025;TODAS
FIRMAGON;LABORATÓRIOS FERRING LTDA;74.232.034/0001-48;1197815244;30/08/2024;TODAS
rosuvastatina cálcica;SANOFI MEDLEY FARMACÊUTICA LTDA.;10.588.595/0010-92;1163782254;01/09/2025;TODAS
BROMIL;EMS S/A;57.507.378/0003-65;1381809211;11/04/2021;TODAS
oxalato de escitalopram;PRATI DONADUZZI & CIA LTDA;73.856.593/0001-66;0683250248;22/05/2024;TODAS
MELOXICAM;SANOFI MEDLEY FARMACÊUTICA LTDA.;10.588.595/0010-92;0792728254;12/06/2025;TODAS
VALSARTANA+HIDROCLOROTIAZIDA;RANBAXY FARMACÊUTICA LTDA;73.663.650/0001-90;2841952215;21/07/2021;TODAS
GABAPENTINA;FUNDAÇÃO PARA O REMÉDIO POPULAR - FURP;43.640.754/0001-19;1383427174;06/07/2017;TODAS
cloridrato de tansulosina;EMS S/A;57.507.378/0003-65;0862730252;01/07/2025;TODAS
ACIDO ZOLEDRONICO;CRISTÁLIA PRODUTOS QUÍMICOS FARMACÊUTICOS LTDA.;44.734.671/0001-51;0662073258;16/05/2025;TODAS
VECTIBIX;AMGEN BIOTECNOLOGIA DO BRASIL LTDA.;18.774.815/0001-93;0684504251;21/05/2025;TODAS
cloridrato de fluoxetina;CIMED INDUSTRIA S.A;02.814.497/0001-07;0105926256;24/01/2025;TODAS
ZASTAT;ACHÉ LABORATÓRIOS FARMACÊUTICOS S.A;60.659.463/0029-92;0894797247;01/07/2024;TODAS
Doriipro;COSMED INDUSTRIA DE COSMETICOS E MEDICAMENTOS S.A.;61.082.426/0002-07;1325692247;26/09/2024;TODAS
UNIAIR;GEOLAB INDÚSTRIA FARMACÊUTICA S/A;03.485.572/0001-04;4871473228;26/10/2022;TODAS
dipropionato de betametasona + sulfato de gentamicina;LABORATÓRIO TEUTO BRASILEIRO S/A;17.159.229/0001-76;0809609258;17/06/2025;TODAS
VITASANTISA C;SANTISA LABORATÓRIO FARMACÊUTICO S/A;04.099.395/0001-82;1159305251;29/08/2025;TODAS
Prolastin-C;GRIFOLS BRASIL LTDA;02.513.899/0001-71;1150567252;27/08/2025;TODAS
QUET;EUROFARMA LABORATÓRIOS S.A.;61.190.096/0001-92;1207159255;11/09/2025;TODAS
diclofenaco sódico;CIMED INDUSTRIA S.A;02.814.497/0001-07;1954957191;09/08/2019;TODAS
CLORIDRATO DE ZIPRASIDONA;FUNDAÇÃO PARA O REMÉDIO POPULAR - FURP;43.640.754/0001-19;1906443198;30/07/2019;TODAS
EZET;GERMED FARMACEUTICA LTDA;45.992.062/0001-65;1044981253;12/08/2025;TODAS
Targin;MUNDIPHARMA BRASIL PRODUTOS MÉDICOS E FARMACÊUTICOS LTDA;15.127.898/0001-30;0677120231;03/07/2023;TODAS
HIFLOXAN;HALEX ISTAR INDÚSTRIA FARMACÊUTICA SA;01.571.702/0001-98;0226786234;07/03/2023;TODAS
Succinato de metoprolol;ACCORD FARMACÊUTICA LTDA;64.171.697/0001-46;0640363253;12/05/2025;TODAS
OXALATO DE ESCITALOPRAM;BRAINFARMA INDÚSTRIA QUÍMICA E FARMACÊUTICA S.A;05.161.069/0001-10;0395194253;24/03/2025;TODAS
CAPSFEN;CATALENT BRASIL LTDA.;45.569.555/0007-82;1183463243;28/08/2024;TODAS
GLIMEPIRIDA;LABORATÓRIO TEUTO BRASILEIRO S/A;17.159.229/0001-76;0639178218;17/02/2021;TODAS
DICLOFENACO DIETILAMÔNIO;SANOFI MEDLEY FARMACÊUTICA LTDA.;10.588.595/0010-92;1153077256;28/08/2025;TODAS
losartana potássica;AUROBINDO PHARMA INDÚSTRIA FARMACÊUTICA LIMITADA;04.301.884/0001-75;0391964181;16/05/2018;TODAS
PRAZOL;SANOFI MEDLEY FARMACÊUTICA LTDA.;10.588.595/0010-92;1120888247;15/08/2024;TODAS
cetoconazol + dipropionato de betametasona;SANOFI MEDLEY FARMACÊUTICA LTDA.;10.588.595/0010-92;1616415240;26/11/2024;TODAS
CLONAZEPAM;SANOFI MEDLEY FARMACÊUTICA LTDA.;10.588.595/0010-92;1619923246;27/11/2024;TODAS
ácido zoledrônico;VIATRIS FARMACEUTICA DO BRASIL LTDA;11.643.096/0001-22;1074501241;07/08/2024;TODAS
CLARITROMICINA;SANOFI MEDLEY FARMACÊUTICA LTDA.;10.588.595/0010-92;0420419250;27/03/2025;TODAS
dipirona monoidratada;SANOFI MEDLEY FARMACÊUTICA LTDA.;10.588.595/0010-92;0322696259;10/03/2025;TODAS
Ciclopirox Olamina;SANOFI MEDLEY FARMACÊUTICA LTDA.;10.588.595/0010-92;0066989256;16/01/2025;TODAS
CAPTOPRIL;SANOFI MEDLEY FARMACÊUTICA LTDA.;10.588.595/0010-92;1358332240;03/10/2024;TODAS
VORICONAZOL;CRISTÁLIA PRODUTOS QUÍMICOS FARMACÊUTICOS LTDA.;44.734.671/0001-51;1179541251;04/09/2025;TODAS
LANSOPRAZOL;SANOFI MEDLEY FARMACÊUTICA LTDA.;10.588.595/0010-92;1120429242;15/08/2024;TODAS
CLONAZEPAM;SANOFI MEDLEY FARMACÊUTICA LTDA.;10.588.595/0010-92;0620410256;08/05/2025;TODAS
dicloridrato de pramipexol;EUROFARMA LABORATÓRIOS S.A.;61.190.096/0001-92;0357031237;10/04/2023;TODAS
cloridrato de fluoxetina;LABORATÓRIO GLOBO SA;17.115.437/0001-73;0704376253;24/05/2025;TODAS
AZITROMICINA MONOIDRATADA;ANTIBIÓTICOS DO BRASIL LTDA;05.439.635/0001-03;0909326240;03/07/2024;TODAS
BLINCYTO;AMGEN BIOTECNOLOGIA DO BRASIL LTDA.;18.774.815/0001-93;0930272251;17/07/2025;TODAS
MTX;BLAU FARMACÊUTICA S.A.;58.430.828/0001-60;0553379259;24/04/2025;TODAS
Vatis;LIBBS FARMACÊUTICA LTDA;61.230.314/0001-75;0497685256;10/04/2025;TODAS
CIPRO;BAYER S.A.;18.459.628/0001-15;1740560248;20/12/2024;TODAS
ACICLOVIR;SANOFI MEDLEY FARMACÊUTICA LTDA.;10.588.595/0010-92;1149549254;27/08/2025;TODAS
aceclofenaco;CIMED INDUSTRIA S.A;02.814.497/0001-07;0535094248;23/04/2024;TODAS
EZETIMIBA;LEGRAND PHARMA INDÚSTRIA FARMACÊUTICA LTDA;05.044.984/0001-26;1042118256;12/08/2025;TODAS
ROSUVASTATINA CALCICA;AUROBINDO PHARMA INDÚSTRIA FARMACÊUTICA LIMITADA;04.301.884/0001-75;0710449259;26/05/2025;TODAS
ARIPIPRAZOL;ZYDUS NIKKHO FARMACÊUTICA LTDA;05.254.971/0001-81;0910812250;11/07/2025;TODAS
linezolida;EUROFARMA LABORATÓRIOS S.A.;61.190.096/0001-92;0717440257;27/05/2025;TODAS
NESH CÁLCIO;NUNESFARMA PRODUTOS FARMACÊUTICOS LTDA;75.014.167/0001-00;1176266241;27/08/2024;TODAS
acetato de caspofungina;EUROFARMA LABORATÓRIOS S.A.;61.190.096/0001-92;4869207222;26/10/2022;TODAS
sinvastatina;CIMED INDUSTRIA S.A;02.814.497/0001-07;0540727253;22/04/2025;TODAS
CITALOPRAM (Port. 344/98, L-C1);SANOFI MEDLEY FARMACÊUTICA LTDA.;10.588.595/0010-92;0731642252;29/05/2025;TODAS
CETOCONAZOL + DIPROPIONATO DE BETAMETASONA;SANOFI MEDLEY FARMACÊUTICA LTDA.;10.588.595/0010-92;0416240259;27/03/2025;TODAS
AFOPIC;LABORATÓRIO TEUTO BRASILEIRO S/A;17.159.229/0001-76;0552019259;24/04/2025;TODAS
ANTIDIN;LABORATÓRIO TEUTO BRASILEIRO S/A;17.159.229/0001-76;0483512193;30/05/2019;TODAS
metilsulfato de neostigmina;BLAU FARMACÊUTICA S.A.;58.430.828/0001-60;2338503161;29/09/2016;TODAS
NAPROX;LABORATÓRIO TEUTO BRASILEIRO S/A;17.159.229/0001-76;1621674240;27/11/2024;TODAS
FLUXOCOR;SANOFI MEDLEY FARMACÊUTICA LTDA.;10.588.595/0010-92;0658346253;15/05/2025;TODAS
CLOTRIMAZOL;SANOFI MEDLEY FARMACÊUTICA LTDA.;10.588.595/0010-92;0163088250;05/02/2025;TODAS
EZETIMIBA;GERMED FARMACEUTICA LTDA;45.992.062/0001-65;1042312257;12/08/2025;TODAS
CLORIDRATO DE MOXIFLOXACINO;EUROFARMA LABORATÓRIOS S.A.;61.190.096/0001-92;0213681251;14/02/2025;TODAS
MORATUS;SANOFI MEDLEY FARMACÊUTICA LTDA.;10.588.595/0010-92;0535761252;22/04/2025;TODAS
DEZEMIM;LEGRAND PHARMA INDÚSTRIA FARMACÊUTICA LTDA;05.044.984/0001-26;1044608251;12/08/2025;TODAS
FLUCONAZOL;MEDQUIMICA INDUSTRIA FARMACEUTICA LTDA.;17.875.154/0001-20;0011663251;06/01/2025;TODAS
RADIOGLIC;COMISSAO NACIONAL DE ENERGIA NUCLEAR;00.402.552/0001-26;0672761171;03/01/2023;TODAS
PIETRA ED;EUROFARMA LABORATÓRIOS S.A.;61.190.096/0001-92;0506049221;10/02/2022;TODAS
cetoprofeno;SANOFI MEDLEY FARMACÊUTICA LTDA.;10.588.595/0010-92;1053121253;13/08/2025;TODAS
PRIMERA 20;EUROFARMA LABORATÓRIOS S.A.;61.190.096/0001-92;1134803222;16/03/2022;TODAS
BASAGLAR;ELI LILLY DO BRASIL LTDA;43.940.618/0001-44;2620319226;28/04/2022;TODAS
carbamazepina;INSTITUTO BIOCHIMICO INDÚSTRIA FARMACÊUTICA LTDA;33.258.401/0001-03;0839536259;26/06/2025;TODAS
CLORIDRATO DE SEVELAMER;CRISTÁLIA PRODUTOS QUÍMICOS FARMACÊUTICOS LTDA.;44.734.671/0001-51;1430702212;14/04/2021;TODAS
ibuprofeno;SANOFI MEDLEY FARMACÊUTICA LTDA.;10.588.595/0010-92;1553642244;12/11/2024;TODAS
LERCAN;MULTILAB INDUSTRIA E COMERCIO DE PRODUTOS FARMACEUTICOS LTDA;92.265.552/0009-05;1169001254;02/09/2025;TODAS
cloridrato de amitriptilina;INSTITUTO BIOCHIMICO INDÚSTRIA FARMACÊUTICA LTDA;33.258.401/0001-03;0843722258;27/06/2025;TODAS
ACECLOFENACO;ZYDUS NIKKHO FARMACÊUTICA LTDA;05.254.971/0001-81;0323033253;10/03/2025;TODAS
DESAIRON;EMS S/A;57.507.378/0003-65;0083217258;20/01/2025;TODAS
TADALAFILA;EUROFARMA LABORATÓRIOS S.A.;61.190.096/0001-92;1328686248;27/09/2024;TODAS
PROPIONATO DE CLOBETASOL;SANOFI MEDLEY FARMACÊUTICA LTDA.;10.588.595/0010-92;0119832259;28/01/2025;TODAS
ASPARGIL C;CIFARMA CIENTÍFICA FARMACÊUTICA LTDA;17.562.075/0001-69;1395460211;12/04/2021;TODAS
tadalafila;PRATI DONADUZZI & CIA LTDA;73.856.593/0001-66;0988101254;30/07/2025;TODAS
BIO-MANGUINHOS ALFATALIGLICERASE;FUNDAÇÃO OSWALDO CRUZ;33.781.055/0001-35;0273974217;21/01/2021;TODAS
DIENOGESTE;EUROFARMA LABORATÓRIOS S.A.;61.190.096/0001-92;0506061221;10/02/2022;TODAS
DICLORIDRATO DE BETAISTINA;EUROFARMA LABORATÓRIOS S.A.;61.190.096/0001-92;8506799210;27/12/2021;TODAS
NITRATO DE FENTICONAZOL;EUROFARMA LABORATÓRIOS S.A.;61.190.096/0001-92;0949946231;06/09/2023;TODAS
fulvestranto;BLAU FARMACÊUTICA S.A.;58.430.828/0001-60;1101421240;12/08/2024;TODAS
FLOSEAL;BAXTER HOSPITALAR LTDA;49.351.786/0002-61;0186749252;10/02/2025;TODAS
ENDOFOLIN;MARJAN INDÚSTRIA E COMÉRCIO LTDA;60.726.692/0001-81;0854429255;30/06/2025;TODAS
DICLOFENACO SÓDICO;LABORATÓRIO TEUTO BRASILEIRO S/A;17.159.229/0001-76;5099467229;27/12/2022;TODAS
hemifumarato de bisoprolol;MERCK S/A;33.069.212/0001-84;1416214241;15/10/2024;TODAS
GAMUNEX;GRIFOLS BRASIL LTDA;02.513.899/0001-71;0193236257;11/02/2025;TODAS
CLORIDRATO DE AMITRIPTILINA;FUNDAÇÃO PARA O REMÉDIO POPULAR - FURP;43.640.754/0001-19;2312804176;22/12/2017;TODAS
DIPIRONA;SANOFI MEDLEY FARMACÊUTICA LTDA.;10.588.595/0010-92;0205959253;13/02/2025;TODAS
succinato de solifenacina;RANBAXY FARMACÊUTICA LTDA;73.663.650/0001-90;0922749248;05/07/2024;TODAS
FAULBLASTINA;LIBBS FARMACÊUTICA LTDA;61.230.314/0001-75;1375269241;07/10/2024;TODAS
DEXMINE;CIMED INDUSTRIA S.A;02.814.497/0001-07;3897500209;06/11/2020;TODAS
ACU FRESH;GEOLAB INDÚSTRIA FARMACÊUTICA S/A;03.485.572/0001-04;0971232253;25/07/2025;TODAS
KAVIUM;ZYDUS NIKKHO FARMACÊUTICA LTDA;05.254.971/0001-81;1118551231;18/10/2023;TODAS
Vacina sarampo, caxumba, rubéola e varicela (atenuada);FUNDAÇÃO OSWALDO CRUZ;33.781.055/0001-35;0964373254;24/07/2025;TODAS
VENZER HCT;LIBBS FARMACÊUTICA LTDA;61.230.314/0001-75;0915485257;14/07/2025;TODAS
DICLORIDRATO DE BETAISTINA;Althaia S.A Indústria Farmacêutica;48.344.725/0007-19;4943459218;08/12/2021;TODAS
rosuvastatina cálcica;RANBAXY FARMACÊUTICA LTDA;73.663.650/0001-90;0948889241;11/07/2024;TODAS
OPDIVO;BRISTOL-MYERS SQUIBB FARMACÊUTICA LTDA;56.998.982/0001-07;1050553250;13/08/2025;TODAS
SINVAX;GEOLAB INDÚSTRIA FARMACÊUTICA S/A;03.485.572/0001-04;2303487204;16/07/2020;TODAS
MINÉRGI;SUPERA FARMA LABORATÓRIOS S.A;43.312.503/0001-05;3846497207;03/11/2020;TODAS
norfloxacino;SANOFI MEDLEY FARMACÊUTICA LTDA.;10.588.595/0010-92;0161727255;05/02/2025;TODAS
cloridrato de fluoxetina;SANOFI MEDLEY FARMACÊUTICA LTDA.;10.588.595/0010-92;1501782216;19/04/2021;TODAS
DICLOFENACO COLESTIRAMINA;SANOFI MEDLEY FARMACÊUTICA LTDA.;10.588.595/0010-92;1122445253;20/08/2025;TODAS
ZART H;EUROFARMA LABORATÓRIOS S.A.;61.190.096/0001-92;1202908250;10/09/2025;TODAS
BROMIDRATO DE DARIFENACINA;ADIUM S.A.;55.980.684/0001-27;0049568248;15/01/2024;TODAS
FLUARIX TETRA;GLAXOSMITHKLINE BRASIL LTDA;33.247.743/0001-10;0603365256;05/05/2025;TODAS
LOSARTANA POTASSICA+HIDROCLOROTIAZIDA;SANDOZ DO BRASIL INDÚSTRIA FARMACÊUTICA LTDA;61.286.647/0001-16;0397706251;24/03/2025;TODAS
Ártico Caps;EUROFARMA LABORATÓRIOS S.A.;61.190.096/0001-92;1181088259;04/09/2025;TODAS
EUPEPT;CIFARMA CIENTÍFICA FARMACÊUTICA LTDA;17.562.075/0001-69;0302058257;06/03/2025;TODAS
MAXIDEX;NOVARTIS BIOCIENCIAS S.A;56.994.502/0001-30;0221274251;17/02/2025;TODAS
ALENDRONATO DE SODIO;LABORATÓRIO TEUTO BRASILEIRO S/A;17.159.229/0001-76;0522336256;16/04/2025;TODAS
FLOMICIN;BRAINFARMA INDÚSTRIA QUÍMICA E FARMACÊUTICA S.A;05.161.069/0001-10;0312660251;07/03/2025;TODAS
CERUMIN;NOVARTIS BIOCIENCIAS S.A;56.994.502/0001-30;0264127251;25/02/2025;TODAS
RILUZOL;CRISTÁLIA PRODUTOS QUÍMICOS FARMACÊUTICOS LTDA.;44.734.671/0001-51;0968557210;12/03/2021;TODAS
BESILATO DE ANLODIPINO;GEOLAB INDÚSTRIA FARMACÊUTICA S/A;03.485.572/0001-04;1446041247;21/10/2024;TODAS
SAIZEN;MERCK S/A;33.069.212/0001-84;1492412219;19/04/2021;TODAS
VIGAMOX;NOVARTIS BIOCIENCIAS S.A;56.994.502/0001-30;0269034251;26/02/2025;TODAS
HISTADIN D;UNIÃO QUÍMICA FARMACÊUTICA NACIONAL S/A;60.665.981/0001-18;1114234249;14/08/2024;TODAS
PLANTOLAXY;NATULAB LABORATORIO S.A;02.456.955/0001-83;1284583163;03/01/2023;TODAS
BELARA;GRÜNENTHAL DO BRASIL FARMACÊUTICA LTDA.;10.555.143/0001-13;0803859252;16/06/2025;TODAS
TENOXICAM;MEDQUIMICA INDUSTRIA FARMACEUTICA LTDA.;17.875.154/0001-20;0679394257;20/05/2025;TODAS
cloridrato de sevelamer;FUNDAÇÃO BAIANA DE PESQ. CIENTIFICA E DESENV. TECNOLOGICO, FORNECIMENTO E DISTRIBUIÇÃO DE MEDICAMENTOS-BAHIAFARMA;13.078.518/0001-90;1552990218;23/04/2021;TODAS
BESILATO DE ANLODIPINO;CIMED INDUSTRIA S.A;02.814.497/0001-07;1358316244;03/10/2024;TODAS
OSTRAZIL;LABORATÓRIO TEUTO BRASILEIRO S/A;17.159.229/0001-76;0487660242;17/04/2024;TODAS
HALEX ISTAR SOLUÇÃO GLICOFISIOLÓGICA;HALEX ISTAR INDÚSTRIA FARMACÊUTICA SA;01.571.702/0001-98;2943701206;31/08/2020;TODAS
TRINODAZOL;GEOLAB INDÚSTRIA FARMACÊUTICA S/A;03.485.572/0001-04;0834844257;25/06/2025;TODAS
ALIVIUM;COSMED INDUSTRIA DE COSMETICOS E MEDICAMENTOS S.A.;61.082.426/0002-07;2182927206;07/07/2020;TODAS
FLUCOL;BELFAR LTDA;18.324.343/0001-77;1542357241;08/11/2024;TODAS
CLARIL;NOVARTIS BIOCIENCIAS S.A;56.994.502/0001-30;0108451241;29/01/2024;TODAS
Travoptic;GEOLAB INDÚSTRIA FARMACÊUTICA S/A;03.485.572/0001-04;0775052230;26/07/2023;TODAS
CABEREDUX;CRISTÁLIA PRODUTOS QUÍMICOS FARMACÊUTICOS LTDA.;44.734.671/0001-51;0350276217;27/01/2021;TODAS
dimesilato de lisdexanfetamina;TEVA FARMACÊUTICA LTDA.;05.333.542/0001-08;0578770253;29/04/2025;TODAS
latanoprosta + maleato de timolol;EMS S/A;57.507.378/0003-65;1359620231;01/12/2023;TODAS
HUMIRA;ABBVIE FARMACÊUTICA LTDA.;15.800.545/0001-50;0491810237;15/05/2023;TODAS
VIGADEXA;NOVARTIS BIOCIENCIAS S.A;56.994.502/0001-30;0645501255;13/05/2025;TODAS
TOBRAZOL;TEVA FARMACÊUTICA LTDA.;05.333.542/0001-08;0689482248;23/05/2024;TODAS
PANTOPRAZOL SÓDICO SESQUI-HIDRATADO;BLAU FARMACÊUTICA S.A.;58.430.828/0001-60;0815806256;18/06/2025;TODAS
MICOFENOLATO DE SODIO;GERMED FARMACEUTICA LTDA;45.992.062/0001-65;0834916258;25/06/2025;TODAS
CETOMICOSS;LABORATÓRIO GLOBO SA;17.115.437/0001-73;0792774256;12/06/2025;TODAS
TOBREX;NOVARTIS BIOCIENCIAS S.A;56.994.502/0001-30;1200180259;10/09/2025;TODAS
ZANIDIP;APSEN FARMACEUTICA S/A;62.462.015/0001-29;1272688241;16/09/2024;TODAS
MYDRIACYL;NOVARTIS BIOCIENCIAS S.A;56.994.502/0001-30;0073914231;24/01/2023;TODAS
PATANOL;NOVARTIS BIOCIENCIAS S.A;56.994.502/0001-30;0305020251;06/03/2025;TODAS
ALIVIUM;COSMED INDUSTRIA DE COSMETICOS E MEDICAMENTOS S.A.;61.082.426/0002-07;0469291249;12/04/2024;TODAS
FINASTERIDA;LABORATÓRIO TEUTO BRASILEIRO S/A;17.159.229/0001-76;0749360259;03/06/2025;TODAS
ANTROFI;EUROFARMA LABORATÓRIOS S.A.;61.190.096/0001-92;4931490221;11/11/2022;TODAS
MAXITROL;NOVARTIS BIOCIENCIAS S.A;56.994.502/0001-30;0624855252;08/05/2025;TODAS
CLONIXINATO DE LISINA;EMS S/A;57.507.378/0003-65;1100366245;12/08/2024;TODAS
cloridrato de moxifloxacino;HYPOFARMA - INSTITUTO DE HYPODERMIA E FARMÁCIA LTDA;17.174.657/0001-78;5066525220;19/12/2022;TODAS
temozolomida;SUN FARMACÊUTICA DO BRASIL LTDA;05.035.244/0001-23;1257009249;12/09/2024;TODAS
BROMAZEPAM;SANOFI MEDLEY FARMACÊUTICA LTDA.;10.588.595/0010-92;0725130253;28/05/2025;TODAS
RINGER COM LACTATO;FARMACE INDÚSTRIA QUÍMICO-FARMACÊUTICA CEARENSE LTDA;06.628.333/0001-46;0216607248;23/02/2024;TODAS
VINCY;Althaia S.A Indústria Farmacêutica;48.344.725/0007-19;0850532212;04/03/2021;TODAS
SMOFKABIVEN;FRESENIUS KABI BRASIL LTDA;49.324.221/0001-04;4214313224;26/05/2022;TODAS
orlistate;RANBAXY FARMACÊUTICA LTDA;73.663.650/0001-90;1447053215;15/04/2021;TODAS
PITAVASTATINA CALCICA;EUROFARMA LABORATÓRIOS S.A.;61.190.096/0001-92;0428203256;28/03/2025;TODAS
HEMIFUMARATO DE QUETIAPINA;EUROFARMA LABORATÓRIOS S.A.;61.190.096/0001-92;5055577223;15/12/2022;TODAS
Nuwiq;OCTAPHARMA BRASIL LTDA;02.552.927/0001-60;0885171233;22/08/2023;TODAS
MYTFOR;ACCORD FARMACÊUTICA LTDA;64.171.697/0001-46;4644616214;24/11/2021;TODAS
tartarato de brimonidina + maleato de timolol;UNIÃO QUÍMICA FARMACÊUTICA NACIONAL S/A;60.665.981/0001-18;0550108238;30/05/2023;TODAS
REPATHA;AMGEN BIOTECNOLOGIA DO BRASIL LTDA.;18.774.815/0001-93;1526393247;06/11/2024;TODAS
NISTATINA;SANOFI MEDLEY FARMACÊUTICA LTDA.;10.588.595/0010-92;0028542258;09/01/2025;TODAS
EFICENTUS;SANOFI MEDLEY FARMACÊUTICA LTDA.;10.588.595/0010-92;0731146255;29/05/2025;TODAS
NUTRI B;NATULAB LABORATORIO S.A;02.456.955/0001-83;3976111210;08/10/2021;TODAS
BESILATO DE ANLODIPINO + LOSARTANA POTÁSSICA;EMS S/A;57.507.378/0003-65;1138053252;25/08/2025;TODAS
OLMESARTANA MEDOXOMILA+HIDROCLOROTIAZIDA;BRAINFARMA INDÚSTRIA QUÍMICA E FARMACÊUTICA S.A;05.161.069/0001-10;1193620252;09/09/2025;TODAS
losartana potássica + hidroclorotiazida;LABORATÓRIO TEUTO BRASILEIRO S/A;17.159.229/0001-76;1200551257;10/09/2025;TODAS
VARIFLUX;CIFARMA CIENTÍFICA FARMACÊUTICA LTDA;17.562.075/0001-69;0557131251;25/04/2025;TODAS
FAR MANGUINHOS-DIAZEPAM;FUNDAÇÃO OSWALDO CRUZ;33.781.055/0001-35;0511276231;19/05/2023;TODAS
ADAPALENO;SANOFI MEDLEY FARMACÊUTICA LTDA.;10.588.595/0010-92;1728791243;18/12/2024;TODAS
DICLOFENACO SÓDICO;SANOFI MEDLEY FARMACÊUTICA LTDA.;10.588.595/0010-92;1128987252;21/08/2025;TODAS
TADALAFILA;EMS S/A;57.507.378/0003-65;0158983254;05/02/2025;TODAS
DIELOFT;SANOFI MEDLEY FARMACÊUTICA LTDA.;10.588.595/0010-92;1117994252;19/08/2025;TODAS
tobramicina;OPEM REPRESENTAÇÃO IMPORTADORA EXPORTADORA E DISTRIBUIDORA LTDA;38.909.503/0001-57;0825463254;23/06/2025;TODAS
CANDESARTANA CILEXETILA+HIDROCLOROTIAZIDA;LIBBS FARMACÊUTICA LTDA;61.230.314/0001-75;0915412250;14/07/2025;TODAS
CAPECITABINA;SUN FARMACÊUTICA DO BRASIL LTDA;05.035.244/0001-23;0356154254;17/03/2025;TODAS
CLORIDRATO DE CICLOBENZAPRINA;CIMED INDUSTRIA S.A;02.814.497/0001-07;0357205243;22/03/2024;TODAS
CANESTEN;BAYER S.A.;18.459.628/0001-15;1459903242;23/10/2024;TODAS
CLORIDRATO DE METFORMINA;EMS S/A;57.507.378/0003-65;4075993213;15/10/2021;TODAS
EZETIMIBA;SANDOZ DO BRASIL INDÚSTRIA FARMACÊUTICA LTDA;61.286.647/0001-16;0834391236;09/08/2023;TODAS
DICLOFENACO POTÁSSICO;SANOFI MEDLEY FARMACÊUTICA LTDA.;10.588.595/0010-92;1126891258;21/08/2025;TODAS
GLIBENCLAMIDA;SANOFI MEDLEY FARMACÊUTICA LTDA.;10.588.595/0010-92;1734296241;19/12/2024;TODAS
NISTATINA + ÓXIDO DE ZINCO;SANOFI MEDLEY FARMACÊUTICA LTDA.;10.588.595/0010-92;1361927241;03/10/2024;TODAS
NUSTENDI;DAIICHI SANKYO BRASIL FARMACÊUTICA LTDA;60.874.187/0001-84;1013503252;06/08/2025;TODAS
cloridrato de remifentanila;CRISTÁLIA PRODUTOS QUÍMICOS FARMACÊUTICOS LTDA.;44.734.671/0001-51;1255553235;14/11/2023;TODAS
irbesartana + hidroclorotiazida;RANBAXY FARMACÊUTICA LTDA;73.663.650/0001-90;0866171258;02/07/2025;TODAS
CARVEDILOL;FUNDAÇÃO PARA O REMÉDIO POPULAR - FURP;43.640.754/0001-19;0521822195;12/06/2019;TODAS
DOCETAXEL;GLENMARK FARMACÊUTICA LTDA;44.363.661/0001-57;0578782235;06/06/2023;TODAS
CLORIDRATO DE AMITRIPTILINA;SANOFI MEDLEY FARMACÊUTICA LTDA.;10.588.595/0010-92;0908049251;11/07/2025;TODAS
cloridrato de metformina;PRATI DONADUZZI & CIA LTDA;73.856.593/0001-66;4447953218;10/11/2021;TODAS
ezetimiba + sinvastatina;EMS S/A;57.507.378/0003-65;0904380254;10/07/2025;TODAS
DIPIRONA SÓDICA;SANOFI MEDLEY FARMACÊUTICA LTDA.;10.588.595/0010-92;0205539254;13/02/2025;TODAS
RISPERIDONA;LABORATÓRIO TEUTO BRASILEIRO S/A;17.159.229/0001-76;0775049255;09/06/2025;TODAS
CLORIDRATO DE TRAZODONA;TORRENT DO BRASIL LTDA;33.078.528/0001-32;0323366252;10/03/2025;TODAS
FRUSALT;CIMED INDUSTRIA S.A;02.814.497/0001-07;0563065222;16/02/2022;TODAS
BROMIDRATO DE GALANTAMINA;LIBBS FARMACÊUTICA LTDA;61.230.314/0001-75;0730413250;29/05/2025;TODAS
celecoxibe;RANBAXY FARMACÊUTICA LTDA;73.663.650/0001-90;0200438255;12/02/2025;TODAS
BISSULFATO DE CLOPIDOGREL;FUNDAÇÃO PARA O REMÉDIO POPULAR - FURP;43.640.754/0001-19;0635352195;19/07/2019;TODAS
baclofeno;LABORATÓRIO TEUTO BRASILEIRO S/A;17.159.229/0001-76;0531121259;17/04/2025;TODAS
ezetimiba;EMS S/A;57.507.378/0003-65;1041878257;12/08/2025;TODAS
MAXIDRATE;LIBBS FARMACÊUTICA LTDA;61.230.314/0001-75;0148843255;03/02/2025;TODAS
LEVOFLOXACINO;LABORATÓRIO TEUTO BRASILEIRO S/A;17.159.229/0001-76;0750985259;03/06/2025;TODAS
DIPROSONE;COSMED INDUSTRIA DE COSMETICOS E MEDICAMENTOS S.A.;61.082.426/0002-07;0540959251;22/04/2025;TODAS
BISSULFATO DE CLOPIDOGREL;GEOLAB INDÚSTRIA FARMACÊUTICA S/A;03.485.572/0001-04;4442160228;19/07/2022;TODAS
FENOFIBRATO;FUNDAÇÃO PARA O REMÉDIO POPULAR - FURP;43.640.754/0001-19;1143070182;04/12/2018;TODAS
dicloridrato de trimetazidina;Althaia S.A Indústria Farmacêutica;48.344.725/0007-19;0672894254;19/05/2025;TODAS
MITRUL;ADIUM S.A.;55.980.684/0001-27;0372364241;26/03/2024;TODAS
CYRAMZA;ELI LILLY DO BRASIL LTDA;43.940.618/0001-44;0318514257;09/03/2025;TODAS
OSTEOFAR;LABORATÓRIO FARMACÊUTICO ELOFAR LTDA;83.874.628/0001-43;0368113256;19/03/2025;TODAS
CLORIDRATO DE CIPROFLOXACINO;SANOFI MEDLEY FARMACÊUTICA LTDA.;10.588.595/0010-92;0066626251;16/01/2025;TODAS
ALOPURINOL;SANOFI MEDLEY FARMACÊUTICA LTDA.;10.588.595/0010-92;0228204259;18/02/2025;TODAS
deferasirox;PRATI DONADUZZI & CIA LTDA;73.856.593/0001-66;1342314212;08/04/2021;TODAS
VITALIA XR;ACHÉ LABORATÓRIOS FARMACÊUTICOS S.A;60.659.463/0029-92;0395383234;19/04/2023;TODAS
cloridrato de moxifloxacino;EUROFARMA LABORATÓRIOS S.A.;61.190.096/0001-92;4929934222;10/11/2022;TODAS
CLORIDRATO DE NALBUFINA;HIPOLABOR FARMACEUTICA LTDA;19.570.720/0001-10;1604323248;23/11/2024;TODAS
ACETILCISTEINA;BRAINFARMA INDÚSTRIA QUÍMICA E FARMACÊUTICA S.A;05.161.069/0001-10;0124490239;07/02/2023;TODAS
cloridrato de venlafaxina;LABORATÓRIO TEUTO BRASILEIRO S/A;17.159.229/0001-76;1404770232;11/12/2023;TODAS
Azitromicina di-hidratada;ACHÉ LABORATÓRIOS FARMACÊUTICOS S.A;60.659.463/0029-92;1690387246;11/12/2024;TODAS
PACLITAXEL;FRESENIUS KABI BRASIL LTDA;49.324.221/0001-04;0752632256;03/06/2025;TODAS
verazo;LIBBS FARMACÊUTICA LTDA;61.230.314/0001-75;1369712243;04/10/2024;TODAS
NORFLOXACINO;CIMED INDUSTRIA S.A;02.814.497/0001-07;0546160255;23/04/2025;TODAS
ZIDOVIR;CRISTÁLIA PRODUTOS QUÍMICOS FARMACÊUTICOS LTDA.;44.734.671/0001-51;2517038210;29/06/2021;TODAS
Cloridrato de Propranolol;SANOFI MEDLEY FARMACÊUTICA LTDA.;10.588.595/0010-92;0658750259;15/05/2025;TODAS
CLORIDRATO DE METFORMINA;MERCK S/A;33.069.212/0001-84;0766462251;06/06/2025;TODAS
CLORIDRATO DE PROPAFENONA;Althaia S.A Indústria Farmacêutica;48.344.725/0007-19;0312371250;07/03/2025;TODAS
CONCOR;MERCK S/A;33.069.212/0001-84;0664902251;16/05/2025;TODAS
cetoprofeno;EMS S/A;57.507.378/0003-65;0053613252;14/01/2025;TODAS
OXALATO DE ESCITALOPRAM;SANOFI MEDLEY FARMACÊUTICA LTDA.;10.588.595/0010-92;0734352255;30/05/2025;TODAS
TETANOGAMMA;CSL BEHRING COMÉRCIO DE PRODUTOS FARMACÊUTICOS LTDA;62.969.589/0001-98;0468074252;04/04/2025;TODAS
NIMEGON MET;MERCK SHARP & DOHME FARMACEUTICA LTDA.;03.560.974/0001-18;1572178248;14/11/2024;TODAS
MICOSTALAB;MULTILAB INDUSTRIA E COMERCIO DE PRODUTOS FARMACEUTICOS LTDA;92.265.552/0009-05;0266961258;25/02/2025;TODAS
CARBIDOL;LABORATÓRIO TEUTO BRASILEIRO S/A;17.159.229/0001-76;0235124257;19/02/2025;TODAS
mesilato de doxazosina;EUROFARMA LABORATÓRIOS S.A.;61.190.096/0001-92;0483902233;12/05/2023;TODAS
CARVEDILOL;SANOFI MEDLEY FARMACÊUTICA LTDA.;10.588.595/0010-92;1361743247;03/10/2024;TODAS
LISINOPRIL;SANOFI MEDLEY FARMACÊUTICA LTDA.;10.588.595/0010-92;0840241259;26/06/2025;TODAS
FINASTERIDA;LABORATÓRIO TEUTO BRASILEIRO S/A;17.159.229/0001-76;0749425253;03/06/2025;TODAS
SAXENDA;NOVO NORDISK FARMACÊUTICA DO BRASIL LTDA;82.277.955/0001-55;0841802254;27/06/2025;TODAS
ACICLOVIR;LABORATÓRIO TEUTO BRASILEIRO S/A;17.159.229/0001-76;0725804254;28/05/2025;TODAS
SYMBICORT;ASTRAZENECA DO BRASIL LTDA;60.318.797/0001-00;1113424257;18/08/2025;TODAS
SUCCINATO DE METOPROLOL;ASTRAZENECA DO BRASIL LTDA;60.318.797/0001-00;0516124251;15/04/2025;TODAS
LYDIAN;COSMED INDUSTRIA DE COSMETICOS E MEDICAMENTOS S.A.;61.082.426/0002-07;3580635212;10/09/2021;TODAS
HEMIFUMARATO DE QUETIAPINA;LABORATORIO FARMACEUTICO DO ESTADO DE PERNAMBUCO GOVERNADOR MIGUEL ARRAES S/A - LAFEPE;10.877.926/0001-13;0911778250;11/07/2025;TODAS
maleato de enalapril + hidroclorotiazida;LABORATÓRIO TEUTO BRASILEIRO S/A;17.159.229/0001-76;4371305229;01/07/2022;TODAS
bezafibrato;FUNDAÇÃO PARA O REMÉDIO POPULAR - FURP;43.640.754/0001-19;0941548153;26/10/2015;TODAS
Levolukast;GLENMARK FARMACÊUTICA LTDA;44.363.661/0001-57;1117159256;19/08/2025;TODAS
KOLLANGEL FF;NATULAB LABORATORIO S.A;02.456.955/0001-83;0064120228;05/01/2022;TODAS
ABRIFIT;GEOLAB INDÚSTRIA FARMACÊUTICA S/A;03.485.572/0001-04;1354988248;02/10/2024;TODAS
RUVASCOR;LEGRAND PHARMA INDÚSTRIA FARMACÊUTICA LTDA;05.044.984/0001-26;1173174257;03/09/2025;TODAS
ESPINHEIRA SANTA HERBARIUM;HERBARIUM LABORATORIO BOTANICO LTDA;78.950.011/0001-20;4888226229;31/10/2022;TODAS
RIXANTIL;LEGRAND PHARMA INDÚSTRIA FARMACÊUTICA LTDA;05.044.984/0001-26;0957361254;22/07/2025;TODAS
FOSFATO SODICO DE PREDNISOLONA;UNIÃO QUÍMICA FARMACÊUTICA NACIONAL S/A;60.665.981/0001-18;0405687257;25/03/2025;TODAS
desogestrel;NOVARTIS BIOCIENCIAS S.A;56.994.502/0001-30;4284596225;10/06/2022;TODAS
besilato de anlodipino;GERMED FARMACEUTICA LTDA;45.992.062/0001-65;1438426241;18/10/2024;TODAS
risperidona;SANOFI MEDLEY FARMACÊUTICA LTDA.;10.588.595/0010-92;0069612251;17/01/2025;TODAS
HEMITARTARATO DE RIVASTIGMINA;RANBAXY FARMACÊUTICA LTDA;73.663.650/0001-90;0991105257;31/07/2025;TODAS
OFTPRED;CRISTÁLIA PRODUTOS QUÍMICOS FARMACÊUTICOS LTDA.;44.734.671/0001-51;1477137246;28/10/2024;TODAS
TÂMISA 15;EUROFARMA LABORATÓRIOS S.A.;61.190.096/0001-92;0553688243;26/04/2024;TODAS
BUPIUM;EMS SIGMA PHARMA LTDA;00.923.140/0001-31;0858195259;30/06/2025;TODAS
amoxicilina triidratada + clavulanato de potássio;ACHÉ LABORATÓRIOS FARMACÊUTICOS S.A;60.659.463/0029-92;0819589233;07/08/2023;TODAS
DEPAXAN;ACHÉ LABORATÓRIOS FARMACÊUTICOS S.A;60.659.463/0029-92;2678363228;05/05/2022;TODAS
BUENE;CRISTÁLIA PRODUTOS QUÍMICOS FARMACÊUTICOS LTDA.;44.734.671/0001-51;5026901221;08/12/2022;TODAS
VYZULTA;BL INDÚSTRIA OTICA LTDA;27.011.022/0001-03;0035639253;10/01/2025;TODAS
captopril;GEOLAB INDÚSTRIA FARMACÊUTICA S/A;03.485.572/0001-04;4997882224;01/12/2022;TODAS
SENSAZ;CRISTÁLIA PRODUTOS QUÍMICOS FARMACÊUTICOS LTDA.;44.734.671/0001-51;0731474252;29/05/2025;TODAS
nistatina + óxido de zinco;GERMED FARMACEUTICA LTDA;45.992.062/0001-65;1107056241;13/08/2024;TODAS
nistatina + óxido de zinco;EMS S/A;57.507.378/0003-65;0975677250;28/07/2025;TODAS
cloridrato de paroxetina;PRATI DONADUZZI & CIA LTDA;73.856.593/0001-66;0844792250;27/06/2025;TODAS
QUICARD;EMS S/A;57.507.378/0003-65;1722630248;17/12/2024;TODAS
cloridrato de memantina;ACHÉ LABORATÓRIOS FARMACÊUTICOS S.A;60.659.463/0029-92;0200665251;12/02/2025;TODAS
EMAH;SUN FARMACÊUTICA DO BRASIL LTDA;05.035.244/0001-23;1694769241;11/12/2024;TODAS
COAMA;EMS S/A;57.507.378/0003-65;2535665221;26/04/2022;TODAS
HIDAZOL;HALEX ISTAR INDÚSTRIA FARMACÊUTICA SA;01.571.702/0001-98;0393556247;28/03/2024;TODAS
QUEVATRYL;HALEX ISTAR INDÚSTRIA FARMACÊUTICA SA;01.571.702/0001-98;4815983224;13/10/2022;TODAS
Myltol;VIATRIS FARMACEUTICA DO BRASIL LTDA;11.643.096/0001-22;0095242217;08/01/2021;TODAS
BLAUIMUNO;BLAU FARMACÊUTICA S.A.;58.430.828/0001-60;4289621228;13/06/2022;TODAS
TRIMUSK;EUROFARMA LABORATÓRIOS S.A.;61.190.096/0001-92;1148607242;21/08/2024;TODAS
SYNTOCINON;VIATRIS FARMACEUTICA DO BRASIL LTDA;11.643.096/0001-22;1105776247;13/08/2024;TODAS
docetaxel;ACCORD FARMACÊUTICA LTDA;64.171.697/0001-46;0719208238;12/07/2023;TODAS
paracetamol + fosfato de codeína;PRATI DONADUZZI & CIA LTDA;73.856.593/0001-66;1503485242;31/10/2024;TODAS
DELUMI;GEOLAB INDÚSTRIA FARMACÊUTICA S/A;03.485.572/0001-04;2298619212;14/06/2021;TODAS
besilato de anlodipino;NOVARTIS BIOCIENCIAS S.A;56.994.502/0001-30;0762490250;05/06/2025;TODAS
HERZATEN;GERMED FARMACEUTICA LTDA;45.992.062/0001-65;1722678241;17/12/2024;TODAS
Dymista;VIATRIS FARMACEUTICA DO BRASIL LTDA;11.643.096/0001-22;0788279254;11/06/2025;TODAS
Myllcis;VIATRIS FARMACEUTICA DO BRASIL LTDA;11.643.096/0001-22;4553661209;23/12/2020;TODAS
Tilatil;VIATRIS FARMACEUTICA DO BRASIL LTDA;11.643.096/0001-22;0245031251;20/02/2025;TODAS
QUETIPIN LP;CRISTÁLIA PRODUTOS QUÍMICOS FARMACÊUTICOS LTDA.;44.734.671/0001-51;0743326253;02/06/2025;TODAS
ESKEMICO;LEGRAND PHARMA INDÚSTRIA FARMACÊUTICA LTDA;05.044.984/0001-26;1723201243;17/12/2024;TODAS
EROXYM;EUROFARMA LABORATÓRIOS S.A.;61.190.096/0001-92;4869154226;26/10/2022;TODAS
CASTANHA DA INDIA GLOBO;LABORATÓRIO GLOBO SA;17.115.437/0001-73;0771052251;09/06/2025;TODAS
deferasirox;INSTITUTO VITAL BRAZIL S/A;30.064.034/0001-00;0236649256;19/02/2025;TODAS
ALECENSA;PRODUTOS ROCHE QUÍMICOS E FARMACÊUTICOS S.A.;33.009.945/0001-23;0750188251;03/06/2025;TODAS
CAPZAT;ACHÉ LABORATÓRIOS FARMACÊUTICOS S.A;60.659.463/0029-92;0748547231;19/07/2023;TODAS
Lemtrada;SANOFI MEDLEY FARMACÊUTICA LTDA.;10.588.595/0010-92;0655661255;15/05/2025;TODAS
cetoconazol + dipropionato de betametasona + sulfato de neomicina;ACHÉ LABORATÓRIOS FARMACÊUTICOS S.A;60.659.463/0029-92;0513502238;22/05/2023;TODAS
PREDNISONA;ACHÉ LABORATÓRIOS FARMACÊUTICOS S.A;60.659.463/0029-92;0266842259;25/02/2025;TODAS
LISADOR DIP;COSMED INDUSTRIA DE COSMETICOS E MEDICAMENTOS S.A.;61.082.426/0002-07;0529599252;17/04/2025;TODAS
GLICLAZIDA;SUN FARMACÊUTICA DO BRASIL LTDA;05.035.244/0001-23;0289176210;22/01/2021;TODAS
ORKAMBI;VERTEX FARMACEUTICA DO BRASIL LTDA.;21.798.065/0001-02;2452139220;18/04/2022;TODAS
ELENCOS;TEVA FARMACÊUTICA LTDA.;05.333.542/0001-08;0571625240;30/04/2024;TODAS
EMSGRIP CAF;EMS S/A;57.507.378/0003-65;0459901249;11/04/2024;TODAS
latanoprosta;MULTILAB INDUSTRIA E COMERCIO DE PRODUTOS FARMACEUTICOS LTDA;92.265.552/0009-05;0600332250;05/05/2025;TODAS
cloridrato de duloxetina;GERMED FARMACEUTICA LTDA;45.992.062/0001-65;1045453251;12/08/2025;TODAS
Moriale ODT;EMS S/A;57.507.378/0003-65;0792665252;12/06/2025;TODAS
naproxeno sódico;GERMED FARMACEUTICA LTDA;45.992.062/0001-65;1161249249;23/08/2024;TODAS
PRALÍVIO;CIMED INDUSTRIA S.A;02.814.497/0001-07;1563157241;13/11/2024;TODAS
SUPERAN;SANOFI MEDLEY FARMACÊUTICA LTDA.;10.588.595/0010-92;3148908210;11/08/2021;TODAS
CEF;UNIÃO QUÍMICA FARMACÊUTICA NACIONAL S/A;60.665.981/0001-18;0685735249;22/05/2024;TODAS
DESVENTAG;ACHÉ LABORATÓRIOS FARMACÊUTICOS S.A;60.659.463/0029-92;1216002231;06/11/2023;TODAS
amoxicilina + clavulanato de potássio;NOVARTIS BIOCIENCIAS S.A;56.994.502/0001-30;0242067247;28/02/2024;TODAS
TARGOCID;SANOFI MEDLEY FARMACÊUTICA LTDA.;10.588.595/0010-92;0710414251;26/05/2025;TODAS
CLIZE;HALEX ISTAR INDÚSTRIA FARMACÊUTICA SA;01.571.702/0001-98;4344142204;08/12/2020;TODAS
NYPRAM;PRATI DONADUZZI & CIA LTDA;73.856.593/0001-66;0294082239;23/03/2023;TODAS
MECLIN JET;APSEN FARMACEUTICA S/A;62.462.015/0001-29;0151735255;04/02/2025;TODAS
DIOBRATE;CIMED INDUSTRIA S.A;02.814.497/0001-07;4128464200;23/11/2020;TODAS
IBANUNO;SUPERA FARMA LABORATÓRIOS S.A;43.312.503/0001-05;0395013259;24/03/2025;TODAS
TRISK;EUROFARMA LABORATÓRIOS S.A.;61.190.096/0001-92;0949830232;06/09/2023;TODAS
CALMADOR;LABORATÓRIO SAÚDE LTDA;91.671.792/0001-81;0689094256;22/05/2025;TODAS
NEXFLEN;LEGRAND PHARMA INDÚSTRIA FARMACÊUTICA LTDA;05.044.984/0001-26;1161225242;23/08/2024;TODAS
cabergolina;EUROFARMA LABORATÓRIOS S.A.;61.190.096/0001-92;1556670216;23/04/2021;TODAS
fosaprepitanto dimeglumina;ACCORD FARMACÊUTICA LTDA;64.171.697/0001-46;0528183231;24/05/2023;TODAS
ALOIS DUO;APSEN FARMACEUTICA S/A;62.462.015/0001-29;0821754254;23/06/2025;TODAS
Typhim Vi;SANOFI MEDLEY FARMACÊUTICA LTDA.;10.588.595/0010-92;4460503221;27/07/2022;TODAS
BORTECIP;CIPLA BRASIL IMPORTADORA E DISTRIBUIDORA DE MEDICAMENTOS LTDA;18.268.051/0001-64;0461108259;03/04/2025;TODAS
cloridrato de dorzolamida + maleato de timolol;RANBAXY FARMACÊUTICA LTDA;73.663.650/0001-90;1148993258;27/08/2025;TODAS
BEXTRA IM/IV;PFIZER BRASIL LTDA;61.072.393/0001-33;0672816245;21/05/2024;TODAS
PERIDAL;COSMED INDUSTRIA DE COSMETICOS E MEDICAMENTOS S.A.;61.082.426/0002-07;0985103256;30/07/2025;TODAS
FURP- PIRAZINAMIDA;FUNDAÇÃO PARA O REMÉDIO POPULAR - FURP;43.640.754/0001-19;4708868227;19/09/2022;TODAS
ASEA;SUPERA FARMA LABORATÓRIOS S.A;43.312.503/0001-05;0709361254;26/05/2025;TODAS
HOLMES;EUROFARMA LABORATÓRIOS S.A.;61.190.096/0001-92;1157503250;29/08/2025;TODAS
SPIDUFEN LIMÃO COLA;ZAMBON LABORATÓRIOS FARMACÊUTICOS LTDA.;61.100.004/0001-36;1514677245;04/11/2024;TODAS
montelucaste de sódio;GERMED FARMACEUTICA LTDA;45.992.062/0001-65;1150184256;27/08/2025;TODAS
VARICAPS AH;KLEY HERTZ FARMACEUTICA S.A;92.695.691/0001-03;4047165209;17/11/2020;TODAS
levonorgestrel;CIMED INDUSTRIA S.A;02.814.497/0001-07;0540334227;14/02/2022;TODAS
FEMINIQUE CONTI;ACHÉ LABORATÓRIOS FARMACÊUTICOS S.A;60.659.463/0029-92;0996688251;01/08/2025;TODAS
prednisona;BRAINFARMA INDÚSTRIA QUÍMICA E FARMACÊUTICA S.A;05.161.069/0001-10;0387668250;21/03/2025;TODAS
UROHIPE;UNO HEALTHCARE COMÉRCIO DE MEDICAMENTOS LTDA.;13.109.151/0001-24;0743698240;04/06/2024;TODAS
VACINA BCG;UNO HEALTHCARE COMÉRCIO DE MEDICAMENTOS LTDA.;13.109.151/0001-24;4823888227;14/10/2022;TODAS
cloridrato de fexofenadina;LEGRAND PHARMA INDÚSTRIA FARMACÊUTICA LTDA;05.044.984/0001-26;1652389245;03/12/2024;TODAS
letrozol;BLAU FARMACÊUTICA S.A.;58.430.828/0001-60;1683975243;10/12/2024;TODAS
EXELRING;EXELTIS LABORATORIO FARMACEUTICO LTDA;19.136.432/0001-52;1632048248;28/11/2024;TODAS
LEXLER;LEGRAND PHARMA INDÚSTRIA FARMACÊUTICA LTDA;05.044.984/0001-26;1652453245;03/12/2024;TODAS
fosfato de clindamicina;HYPOFARMA - INSTITUTO DE HYPODERMIA E FARMÁCIA LTDA;17.174.657/0001-78;0566205220;16/02/2022;TODAS
FENERGAN;OPELLA HEALTHCARE BRAZIL LTDA;38.391.432/0001-43;1717361242;16/12/2024;TODAS
desloratadina;LEGRAND PHARMA INDÚSTRIA FARMACÊUTICA LTDA;05.044.984/0001-26;1006403256;05/08/2025;TODAS
LEVOTAC;CRISTÁLIA PRODUTOS QUÍMICOS FARMACÊUTICOS LTDA.;44.734.671/0001-51;0482875259;08/04/2025;TODAS
BUPROVIL;MULTILAB INDUSTRIA E COMERCIO DE PRODUTOS FARMACEUTICOS LTDA;92.265.552/0009-05;1472092244;25/10/2024;TODAS
ULTROX;SUPERA FARMA LABORATÓRIOS S.A;43.312.503/0001-05;0836271246;19/06/2024;TODAS
TAM;SUPERA FARMA LABORATÓRIOS S.A;43.312.503/0001-05;1245906241;10/09/2024;TODAS
GUTTALAX;OPELLA HEALTHCARE BRAZIL LTDA;38.391.432/0001-43;0105272248;29/01/2024;TODAS
GLOBOFLU;LABORATÓRIO GLOBO SA;17.115.437/0001-73;0149813252;03/02/2025;TODAS
Evkeeza;ULTRAGENYX BRASIL FARMACEUTICA LTDA;27.724.245/0001-18;0517492253;15/04/2025;TODAS
CALCORT;BLANVER FARMOQUIMICA E FARMACEUTICA S.A.;53.359.824/0001-19;0020205244;08/01/2024;TODAS
FABHALTA;NOVARTIS BIOCIENCIAS S.A;56.994.502/0001-30;1194166253;09/09/2025;TODAS
PABEXHY;BRAINFARMA INDÚSTRIA QUÍMICA E FARMACÊUTICA S.A;05.161.069/0001-10;0360463258;18/03/2025;TODAS
XAQUELIV;EMS S/A;57.507.378/0003-65;1743473249;20/12/2024;TODAS
CREMEFENERGAN;OPELLA HEALTHCARE BRAZIL LTDA;38.391.432/0001-43;0233490256;19/02/2025;TODAS
fosfato de sitagliptina;BRAINFARMA INDÚSTRIA QUÍMICA E FARMACÊUTICA S.A;05.161.069/0001-10;1448608244;22/10/2024;TODAS
ONIVYDE;LABORATÓRIOS SERVIER DO BRASIL LTDA;42.374.207/0001-76;0571168256;28/04/2025;TODAS
EBGLYSS;ELI LILLY DO BRASIL LTDA;43.940.618/0001-44;0782875254;10/06/2025;TODAS
prednisona;SANOFI MEDLEY FARMACÊUTICA LTDA.;10.588.595/0010-92;1039682243;30/07/2024;TODAS
ALLENASAL;OPELLA HEALTHCARE BRAZIL LTDA;38.391.432/0001-43;0578741253;29/04/2025;TODAS
DORFLEX;OPELLA HEALTHCARE BRAZIL LTDA;38.391.432/0001-43;0066247250;16/01/2025;TODAS
CEFUROXIMA SÓDICA;EUGIA PHARMA INDUSTRIA FARMACEUTICA LTDA;44.639.493/0001-80;0038654253;10/01/2025;TODAS
ESTALIS;SANDOZ DO BRASIL INDÚSTRIA FARMACÊUTICA LTDA;61.286.647/0001-16;0428524249;04/04/2024;TODAS
SYLVANT;RECORDATI RARE DISEASES COMÉRCIO DE MEDICAMENTOS LTDA - ME;53.056.057/0001-79;0179019252;07/02/2025;TODAS
IROSÊ;Althaia S.A Indústria Farmacêutica;48.344.725/0007-19;0165689251;06/02/2025;TODAS
NUSIRA;ADIUM S.A.;55.980.684/0001-27;0808328255;17/06/2025;TODAS
CLORIDRATO DE AMBROXOL;AIRELA INDÚSTRIA FARMACÊUTICA LTDA.;01.858.973/0001-29;1070717258;14/08/2025;TODAS
AGATHA;PFIZER BRASIL LTDA;61.072.393/0001-33;0796226245;13/06/2024;TODAS
TURNO XR;EUROFARMA LABORATÓRIOS S.A.;61.190.096/0001-92;1597136247;21/11/2024;TODAS
cloridrato de fingolimode;CIPLA BRASIL IMPORTADORA E DISTRIBUIDORA DE MEDICAMENTOS LTDA;18.268.051/0001-64;0094666253;22/01/2025;TODAS
desloratadina;CIFARMA CIENTÍFICA FARMACÊUTICA LTDA;17.562.075/0001-69;1216237247;04/09/2024;TODAS
CLORIDRATO DE AMBROXOL;BELFAR LTDA;18.324.343/0001-77;0462310248;11/04/2024;TODAS
ibuprofeno;MULTILAB INDUSTRIA E COMERCIO DE PRODUTOS FARMACEUTICOS LTDA;92.265.552/0009-05;1472286243;25/10/2024;TODAS
TAXOL;BIOPAS BRASIL PRODUTOS FARMACEUTICOS LTDA;31.327.287/0001-92;0360122248;22/03/2024;TODAS
KELAC;COSMED INDUSTRIA DE COSMETICOS E MEDICAMENTOS S.A.;61.082.426/0002-07;1666828246;05/12/2024;TODAS
MUSKARD;SUPERA FARMA LABORATÓRIOS S.A;43.312.503/0001-05;1729689248;18/12/2024;TODAS
dicloridrato de trimetazidina;EUROFARMA LABORATÓRIOS S.A.;61.190.096/0001-92;0385773242;27/03/2024;TODAS
TRUQAP;ASTRAZENECA DO BRASIL LTDA;60.318.797/0001-00;0340818255;13/03/2025;TODAS
DIGLUSS;LABORATÓRIO GLOBO SA;17.115.437/0001-73;1153664259;28/08/2025;TODAS
Prevenar® 20;PFIZER BRASIL LTDA;61.072.393/0001-33;1155989252;28/08/2025;TODAS
VSIQQ;NOVARTIS BIOCIENCIAS S.A;56.994.502/0001-30;0194756254;11/02/2025;TODAS
VITAMINA D3;VITAMEDIC INDUSTRIA FARMACEUTICA LTDA;30.222.814/0001-31;0446086240;09/04/2024;TODAS
HISCONGEX;BRAINFARMA INDÚSTRIA QUÍMICA E FARMACÊUTICA S.A;05.161.069/0001-10;0576642258;29/04/2025;TODAS
DESCON;COSMED INDUSTRIA DE COSMETICOS E MEDICAMENTOS S.A.;61.082.426/0002-07;0576703257;29/04/2025;TODAS
LADOGAL;EUROFARMA LABORATÓRIOS S.A.;61.190.096/0001-92;0262129248;04/03/2024;TODAS
CLORIDRATO DE BROMEXINA;SANOFI MEDLEY FARMACÊUTICA LTDA.;10.588.595/0010-92;0874491258;03/07/2025;TODAS
Mevatyl;BIOPAS BRASIL PRODUTOS FARMACEUTICOS LTDA;31.327.287/0001-92;1416701231;13/12/2023;TODAS
MYALEPT;CHIESI FARMACÊUTICA LTDA;61.363.032/0001-46;0867608251;02/07/2025;TODAS
xinafoato de salmeterol + propionato de fluticasona;GLENMARK FARMACÊUTICA LTDA;44.363.661/0001-57;0455182248;10/04/2024;TODAS
bilastina;BRAINFARMA INDÚSTRIA QUÍMICA E FARMACÊUTICA S.A;05.161.069/0001-10;0503009253;11/04/2025;TODAS
DUXXEN;COSMED INDUSTRIA DE COSMETICOS E MEDICAMENTOS S.A.;61.082.426/0002-07;1141068249;20/08/2024;TODAS
JANUMET;MERCK SHARP & DOHME FARMACEUTICA LTDA.;03.560.974/0001-18;1425434240;17/10/2024;TODAS
NATURETTI;BRAINFARMA INDÚSTRIA QUÍMICA E FARMACÊUTICA S.A;05.161.069/0001-10;0917853253;15/07/2025;TODAS
OLEPTAL;TORRENT DO BRASIL LTDA;33.078.528/0001-32;0692344250;23/05/2025;TODAS
TARBET;LABORATÓRIO TEUTO BRASILEIRO S/A;17.159.229/0001-76;0805018255;16/06/2025;TODAS
Cherry;FARMOQUÍMICA S/A;33.349.473/0001-58;0482873256;08/04/2025;TODAS
CORUS;ACHÉ LABORATÓRIOS FARMACÊUTICOS S.A;60.659.463/0029-92;1149328258;27/08/2025;TODAS
bissulfato de clopidogrel;MULTILAB INDUSTRIA E COMERCIO DE PRODUTOS FARMACEUTICOS LTDA;92.265.552/0009-05;0347591256;14/03/2025;TODAS
montelucaste de sódio;BRAINFARMA INDÚSTRIA QUÍMICA E FARMACÊUTICA S.A;05.161.069/0001-10;0152458239;14/02/2023;TODAS
XAB;UNIÃO QUÍMICA FARMACÊUTICA NACIONAL S/A;60.665.981/0001-18;0673929256;19/05/2025;TODAS
etodolaco;EUROFARMA LABORATÓRIOS S.A.;61.190.096/0001-92;0343031256;13/03/2025;TODAS
APRETUDE;GLAXOSMITHKLINE BRASIL LTDA;33.247.743/0001-10;1367753244;04/10/2024;TODAS
pitavastatina cálcica;PHARLAB INDÚSTRIA FARMACÊUTICA S.A.;02.501.297/0001-02;0863084257;01/07/2025;TODAS
DAEM;EUROFARMA LABORATÓRIOS S.A.;61.190.096/0001-92;0822915235;07/08/2023;TODAS
ALEKTOS PED;COSMED INDUSTRIA DE COSMETICOS E MEDICAMENTOS S.A.;61.082.426/0002-07;0628163240;13/05/2024;TODAS
bilastina;BRAINFARMA INDÚSTRIA QUÍMICA E FARMACÊUTICA S.A;05.161.069/0001-10;0411314254;26/03/2025;TODAS
BIPOLIT;HIPOLABOR FARMACEUTICA LTDA;19.570.720/0001-10;4656090221;06/09/2022;TODAS
pitavastatina cálcica;EMS S/A;57.507.378/0003-65;0347950256;14/03/2025;TODAS
PREDSIGMA;MULTILAB INDUSTRIA E COMERCIO DE PRODUTOS FARMACEUTICOS LTDA;92.265.552/0009-05;0645425257;13/05/2025;TODAS
MENSYVA;ACHÉ LABORATÓRIOS FARMACÊUTICOS S.A;60.659.463/0029-92;1006743251;05/08/2025;TODAS
CETOCONAZOL + DIPROPIONATO DE BETAMETASONA;MULTILAB INDUSTRIA E COMERCIO DE PRODUTOS FARMACEUTICOS LTDA;92.265.552/0009-05;1085882250;15/08/2025;TODAS
olmesartana medoxomila+besilato de anlodipino;GERMED FARMACEUTICA LTDA;45.992.062/0001-65;0916125254;14/07/2025;TODAS
SONOZZZ;PROCTER & GAMBLE DO BRASIL LTDA.;59.476.770/0001-58;5052574223;14/12/2022;TODAS
RUNNER EZE;ACHÉ LABORATÓRIOS FARMACÊUTICOS S.A;60.659.463/0029-92;0385201257;21/03/2025;TODAS
ANDRUM;ACHÉ LABORATÓRIOS FARMACÊUTICOS S.A;60.659.463/0029-92;0161944230;16/02/2023;TODAS
cloridrato de ondansetrona;GERMED FARMACEUTICA LTDA;45.992.062/0001-65;0122418255;28/01/2025;TODAS
lamivudina + dolutegravir sódico;FUNDAÇÃO OSWALDO CRUZ;33.781.055/0001-35;0833487256;25/06/2025;TODAS
TENSIOVAL;HIPOLABOR FARMACEUTICA LTDA;19.570.720/0001-10;1415272247;15/10/2024;TODAS
TAVOK;EUROFARMA LABORATÓRIOS S.A.;61.190.096/0001-92;0297582259;05/03/2025;TODAS
NEBACIDERME;MULTILAB INDUSTRIA E COMERCIO DE PRODUTOS FARMACEUTICOS LTDA;92.265.552/0009-05;0061477257;15/01/2025;TODAS
finasterida;MULTILAB INDUSTRIA E COMERCIO DE PRODUTOS FARMACEUTICOS LTDA;92.265.552/0009-05;0630390258;09/05/2025;TODAS
pregabalina;SANDOZ DO BRASIL INDÚSTRIA FARMACÊUTICA LTDA;61.286.647/0001-16;0356875253;17/03/2025;TODAS
MELAZTE;CRISTÁLIA PRODUTOS QUÍMICOS FARMACÊUTICOS LTDA.;44.734.671/0001-51;1155746252;28/08/2025;TODAS
mesilato de doxazosina;UNIÃO QUÍMICA FARMACÊUTICA NACIONAL S/A;60.665.981/0001-18;0743542258;02/06/2025;TODAS
CARBAMAZEPINA;HIPOLABOR FARMACEUTICA LTDA;19.570.720/0001-10;1408580241;14/10/2024;TODAS
fosfato de sitagliptina + cloridrato de metformina;SANDOZ DO BRASIL INDÚSTRIA FARMACÊUTICA LTDA;61.286.647/0001-16;0712582258;27/05/2025;TODAS
Trodelvy;GILEAD SCIENCES FARMACEUTICA DO BRASIL LTDA;15.670.288/0001-89;1084510251;15/08/2025;TODAS
ASSERT;EUROFARMA LABORATÓRIOS S.A.;61.190.096/0001-92;0838434258;26/06/2025;TODAS
dasatinibe monoidratado;TEVA FARMACÊUTICA LTDA.;05.333.542/0001-08;0053134257;14/01/2025;TODAS
DESCON;COSMED INDUSTRIA DE COSMETICOS E MEDICAMENTOS S.A.;61.082.426/0002-07;0571558259;28/04/2025;TODAS
CORISTINA D CONGEST;COSMED INDUSTRIA DE COSMETICOS E MEDICAMENTOS S.A.;61.082.426/0002-07;0571384251;28/04/2025;TODAS
PRAALERGIA;CIMED INDUSTRIA S.A;02.814.497/0001-07;1659359244;04/12/2024;TODAS
GUACONAT;PHARMASCIENCE INDUSTRIA FARMACEUTICA S.A;25.773.037/0001-83;2675510220;05/05/2022;TODAS
NAXTRI;EMS S/A;57.507.378/0003-65;1161150242;23/08/2024;TODAS
cloridrato de fingolimode;UNIVERSIDADE FEDERAL DO RIO GRANDE DO NORTE;24.365.710/0001-83;0891456244;01/07/2024;TODAS
loratadina + sulfato de pseudoefedrina;EMS S/A;57.507.378/0003-65;0789583241;12/06/2024;TODAS
cetoconazol + dipropionato de betametasona + sulfato de neomicina;CELLERA FARMACÊUTICA S.A.;33.173.097/0002-74;0989514242;19/07/2024;TODAS
minoxidil;BRAINFARMA INDÚSTRIA QUÍMICA E FARMACÊUTICA S.A;05.161.069/0001-10;0723495254;28/05/2025;TODAS
IMPERE;EMS S/A;57.507.378/0003-65;0571285252;28/04/2025;TODAS
AZITROMICINA;PHARLAB INDÚSTRIA FARMACÊUTICA S.A.;02.501.297/0001-02;0024511251;08/01/2025;TODAS
BRAVAN HCT;ACHÉ LABORATÓRIOS FARMACÊUTICOS S.A;60.659.463/0029-92;0195754255;12/02/2025;TODAS
citrato de tamoxifeno;LEGRAND PHARMA INDÚSTRIA FARMACÊUTICA LTDA;05.044.984/0001-26;1293136247;19/09/2024;TODAS
levofloxacino hemihidratado;CELLERA FARMACÊUTICA S.A.;33.173.097/0002-74;0463911253;04/04/2025;TODAS
NEULOX;EMS S/A;57.507.378/0003-65;4755609224;28/09/2022;TODAS
gliclazida;GERMED FARMACEUTICA LTDA;45.992.062/0001-65;0631334254;09/05/2025;TODAS
ONTRUZANT;Samsung Bioepis br Pharmaceutical ltda.;24.563.776/0001-88;0341972258;13/03/2025;TODAS
AGIOLAX;VIATRIS FARMACEUTICA DO BRASIL LTDA;11.643.096/0001-22;0758212232;21/07/2023;TODAS
LEGALON;VIATRIS FARMACEUTICA DO BRASIL LTDA;11.643.096/0001-22;1039999247;30/07/2024;TODAS
apixabana;ACCORD FARMACÊUTICA LTDA;64.171.697/0001-46;1455147249;23/10/2024;TODAS
BONVIVA;Laboratórios Bagó do Brasil S/A;04.748.181/0009-47;0645527246;15/05/2024;TODAS
SINVALIP;EMS S/A;57.507.378/0003-65;0548504253;23/04/2025;TODAS
SONRIDOR;PF Consumer Healthcare Brazil Importadora e Distribuidora de Medicamentos Ltda;30.872.270/0001-53;0438882237;02/05/2023;TODAS
EVODAZIN;FARMARIN INDUSTRIA E COMERCIO LTDA;58.635.830/0001-75;1164594216;26/03/2021;TODAS
tacrolimo;LEGRAND PHARMA INDÚSTRIA FARMACÊUTICA LTDA;05.044.984/0001-26;1194370250;09/09/2025;TODAS
PROTEFIGAN SM;KLEY HERTZ FARMACEUTICA S.A;92.695.691/0001-03;0741568233;18/07/2023;TODAS
alendronato de sódio;UNIÃO QUÍMICA FARMACÊUTICA NACIONAL S/A;60.665.981/0001-18;4701075213;29/11/2021;TODAS
atorvastatina cálcica;NOVARTIS BIOCIENCIAS S.A;56.994.502/0001-30;0584665237;07/06/2023;TODAS
SPIOLTO;BOEHRINGER INGELHEIM DO BRASIL QUÍMICA E FARMACÊUTICA LTDA.;60.831.658/0001-77;0058428259;15/01/2025;TODAS
hidroclorotiazida;CIMED INDUSTRIA S.A;02.814.497/0001-07;0285062255;28/02/2025;TODAS
FLUITEÍNA;EMS S/A;57.507.378/0003-65;0792158253;12/06/2025;TODAS
RPHOSTEO;MJM PRODUTOS FARMACEUTICOS E DE RADIOPROTECAO S.A.;04.891.262/0001-44;1343488249;30/09/2024;TODAS
VALPI;ACHÉ LABORATÓRIOS FARMACÊUTICOS S.A;60.659.463/0029-92;0657392235;27/06/2023;TODAS
Minel;ARESE PHARMA LTDA.;07.670.111/0001-54;0248912241;29/02/2024;TODAS
cloridrato de paroxetina;GEOLAB INDÚSTRIA FARMACÊUTICA S/A;03.485.572/0001-04;0540159255;22/04/2025;TODAS
RIVAXA;EUROFARMA LABORATÓRIOS S.A.;61.190.096/0001-92;0639629253;12/05/2025;TODAS
MOMATE;GLENMARK FARMACÊUTICA LTDA;44.363.661/0001-57;0906738253;10/07/2025;TODAS
PEPSAMAR;BRAINFARMA INDÚSTRIA QUÍMICA E FARMACÊUTICA S.A;05.161.069/0001-10;0192220250;11/02/2025;TODAS
UNIREZ;UNIÃO QUÍMICA FARMACÊUTICA NACIONAL S/A;60.665.981/0001-18;1135099243;19/08/2024;TODAS
BIOVARIXON;VITAMEDIC INDUSTRIA FARMACEUTICA LTDA;30.222.814/0001-31;0767825250;06/06/2025;TODAS
GINKGO VIDORA;VIDORA FARMACÊUTICA LTDA;92.762.277/0001-70;3478990211;03/09/2021;TODAS
SOMATULINE AUTOGEL;BEAUFOUR IPSEN FARMACÊUTICA LTDA;07.718.721/0001-80;0083708251;20/01/2025;TODAS
RUDITE;EMS S/A;57.507.378/0003-65;1064427243;05/08/2024;TODAS
SANCOL;ACHÉ LABORATÓRIOS FARMACÊUTICOS S.A;60.659.463/0029-92;0949269247;11/07/2024;TODAS
AZENTEX;CRISTÁLIA PRODUTOS QUÍMICOS FARMACÊUTICOS LTDA.;44.734.671/0001-51;1300714239;22/11/2023;TODAS
AGUA PARA INJEÇAO;CRISTÁLIA PRODUTOS QUÍMICOS FARMACÊUTICOS LTDA.;44.734.671/0001-51;0037290211;04/01/2021;TODAS
ciprofloxacino;EUROFARMA LABORATÓRIOS S.A.;61.190.096/0001-92;4276074223;09/06/2022;TODAS
PASSARE;EMS S/A;57.507.378/0003-65;1191815242;29/08/2024;TODAS
FEIBA;TAKEDA PHARMA LTDA.;60.397.775/0001-74;0539392251;22/04/2025;TODAS
QUERA;CRISTÁLIA PRODUTOS QUÍMICOS FARMACÊUTICOS LTDA.;44.734.671/0001-51;0573796254;29/04/2025;TODAS
cloridrato de metilfenidato;Althaia S.A Indústria Farmacêutica;48.344.725/0007-19;0689077254;22/05/2025;TODAS
SYSTEN SEQUI;FARMA VISION IMPORTAÇÃO E EXPORTAÇÃO DE MEDICAMENTOS LTDA;09.058.502/0001-48;1263697241;13/09/2024;TODAS
HETORI;ORGANON FARMACÊUTICA LTDA.;45.987.013/0001-34;0320784231;30/03/2023;TODAS
TAXBAC;VITAMEDIC INDUSTRIA FARMACEUTICA LTDA;30.222.814/0001-31;0336776233;04/04/2023;TODAS
FLANDY;VITAMEDIC INDUSTRIA FARMACEUTICA LTDA;30.222.814/0001-31;0255654235;14/03/2023;TODAS
PRIVYMTRA;MERCK SHARP & DOHME FARMACEUTICA LTDA.;03.560.974/0001-18;1132768250;22/08/2025;TODAS
pantoprazol sódico sesqui-hidratado;EUROFARMA LABORATÓRIOS S.A.;61.190.096/0001-92;1066421251;14/08/2025;TODAS
albendazol;GEOLAB INDÚSTRIA FARMACÊUTICA S/A;03.485.572/0001-04;0334009251;12/03/2025;TODAS
SALONPAS GEL PATCH;HISAMITSU FARMACÊUTICA DO BRASIL LTDA;49.383.250/0001-47;0604204230;14/06/2023;TODAS
SYMDULOR SL;ADIUM S.A.;55.980.684/0001-27;0605861242;07/05/2024;TODAS
TAXONTAS;ACCORD FARMACÊUTICA LTDA;64.171.697/0001-46;0720668239;13/07/2023;TODAS
besilato de anlodipino;MULTILAB INDUSTRIA E COMERCIO DE PRODUTOS FARMACEUTICOS LTDA;92.265.552/0009-05;1438586248;18/10/2024;TODAS
rosuvastatina calcica;BRAINFARMA INDÚSTRIA QUÍMICA E FARMACÊUTICA S.A;05.161.069/0001-10;0349089230;06/04/2023;TODAS
FIGMED;CIMED INDUSTRIA S.A;02.814.497/0001-07;4305198223;16/06/2022;TODAS
LISADOR MUSCULAR;COSMED INDUSTRIA DE COSMETICOS E MEDICAMENTOS S.A.;61.082.426/0002-07;0368207251;19/03/2025;TODAS
CANCIDAS;MERCK SHARP & DOHME FARMACEUTICA LTDA.;03.560.974/0001-18;0215983238;03/03/2023;TODAS
HYBLUT;BRAINFARMA INDÚSTRIA QUÍMICA E FARMACÊUTICA S.A;05.161.069/0001-10;1155539257;28/08/2025;TODAS
drosperinona + etinilestradiol;MULTILAB INDUSTRIA E COMERCIO DE PRODUTOS FARMACEUTICOS LTDA;92.265.552/0009-05;0962194255;23/07/2025;TODAS
cloridrato de naratriptana;SANOFI MEDLEY FARMACÊUTICA LTDA.;10.588.595/0010-92;1737673240;19/12/2024;TODAS
MOBALE;EUROFARMA LABORATÓRIOS S.A.;61.190.096/0001-92;0327253240;15/03/2024;TODAS
rivaroxabana;SANOFI MEDLEY FARMACÊUTICA LTDA.;10.588.595/0010-92;0688965253;22/05/2025;TODAS
montelucaste sódico;CIMED INDUSTRIA S.A;02.814.497/0001-07;1162551259;01/09/2025;TODAS
SOTYKTU;BRISTOL-MYERS SQUIBB FARMACÊUTICA LTDA;56.998.982/0001-07;0355480247;21/03/2024;TODAS
ALLESTRA CONTI;ACHÉ LABORATÓRIOS FARMACÊUTICOS S.A;60.659.463/0029-92;1393130232;07/12/2023;TODAS
cloridrato de sertralina;ACHÉ LABORATÓRIOS FARMACÊUTICOS S.A;60.659.463/0029-92;1207129259;11/09/2025;TODAS
PREDNISOLONA;BRAINFARMA INDÚSTRIA QUÍMICA E FARMACÊUTICA S.A;05.161.069/0001-10;0584785259;30/04/2025;TODAS
BREZTRI AEROSPHERE;ASTRAZENECA DO BRASIL LTDA;60.318.797/0001-00;1006602259;05/08/2025;TODAS
GABANEURIN;EMS SIGMA PHARMA LTDA;00.923.140/0001-31;1768156247;27/12/2024;TODAS
etoricoxibe;GERMED FARMACEUTICA LTDA;45.992.062/0001-65;1184196257;05/09/2025;TODAS
AVIANT EFE;ORGANON FARMACÊUTICA LTDA.;45.987.013/0001-34;0789105233;28/07/2023;TODAS
ATENSINA;Mawdsleys Pharmaceuticals do Brasil Ltda;19.501.429/0001-90;1187927252;08/09/2025;TODAS
Cbequim;MULTILAB INDUSTRIA E COMERCIO DE PRODUTOS FARMACEUTICOS LTDA;92.265.552/0009-05;4982403228;25/11/2022;TODAS
nitazoxanida;Althaia S.A Indústria Farmacêutica;48.344.725/0007-19;0172634253;07/02/2025;TODAS
IMPLANON;ORGANON FARMACÊUTICA LTDA.;45.987.013/0001-34;0693995254;23/05/2025;TODAS
AGLITIL;MULTILAB INDUSTRIA E COMERCIO DE PRODUTOS FARMACEUTICOS LTDA;92.265.552/0009-05;1189886251;08/09/2025;TODAS
SCEMBLIX;NOVARTIS BIOCIENCIAS S.A;56.994.502/0001-30;0462351254;03/04/2025;TODAS
cloridrato de donepezila;PHARLAB INDÚSTRIA FARMACÊUTICA S.A.;02.501.297/0001-02;0844779253;27/06/2025;TODAS
albendazol;MULTILAB INDUSTRIA E COMERCIO DE PRODUTOS FARMACEUTICOS LTDA;92.265.552/0009-05;4586214228;22/08/2022;TODAS
OMENAX;GEOLAB INDÚSTRIA FARMACÊUTICA S/A;03.485.572/0001-04;4283860221;10/06/2022;TODAS
Blugrip Pelargonium;BRAINFARMA INDÚSTRIA QUÍMICA E FARMACÊUTICA S.A;05.161.069/0001-10;0115671234;03/02/2023;TODAS
olmesartana medoxomila;GERMED FARMACEUTICA LTDA;45.992.062/0001-65;0923915257;16/07/2025;TODAS
LYBERDIA GOTAS;EMS S/A;57.507.378/0003-65;1192079248;29/08/2024;TODAS
PERCOIDE;EUROFARMA LABORATÓRIOS S.A.;61.190.096/0001-92;2180529228;11/04/2022;TODAS
RUNNER;ACHÉ LABORATÓRIOS FARMACÊUTICOS S.A;60.659.463/0029-92;0949054241;11/07/2024;TODAS
tacrolimo monoidratado;Camber Farmaceutica Ltda;24.633.934/0001-29;0812596242;18/06/2024;TODAS
ácido fusídico + valerato de betametasona;MULTILAB INDUSTRIA E COMERCIO DE PRODUTOS FARMACEUTICOS LTDA;92.265.552/0009-05;0682811254;21/05/2025;TODAS
LIFOS;BLAU FARMACÊUTICA S.A.;58.430.828/0001-60;1378843231;05/12/2023;TODAS
ACEFLOR;MULTILAB INDUSTRIA E COMERCIO DE PRODUTOS FARMACEUTICOS LTDA;92.265.552/0009-05;0961902256;23/07/2025;TODAS
loratadina;VITAMEDIC INDUSTRIA FARMACEUTICA LTDA;30.222.814/0001-31;1418109240;16/10/2024;TODAS
ENAVO GOTAS;EMS S/A;57.507.378/0003-65;0743089251;02/06/2025;TODAS
Upstaza;PTC FARMACEUTICA DO BRASIL LTDA.;25.210.463/0001-09;1383412243;08/10/2024;TODAS
CLORETO DE SÓDIO 0,9% BASA;BASAL INDUSTRIA FARMACEUTICA LTDA;36.526.169/0001-27;0952572249;12/07/2024;TODAS
KISUNLA;ELI LILLY DO BRASIL LTDA;43.940.618/0001-44;1028384254;11/08/2025;TODAS
cloreto de sódio;BEKER PRODUTOS FÁRMACO HOSPITALARES LTDA;47.231.121/0001-08;0677068255;20/05/2025;TODAS
ibuprofeno;MEDQUIMICA INDUSTRIA FARMACEUTICA LTDA.;17.875.154/0001-20;1283012243;18/09/2024;TODAS
trometamol cetorolaco;LEGRAND PHARMA INDÚSTRIA FARMACÊUTICA LTDA;05.044.984/0001-26;1182698255;05/09/2025;TODAS
bromidrato de vortioxetina;EUROFARMA LABORATÓRIOS S.A.;61.190.096/0001-92;0371310253;19/03/2025;TODAS
cloreto de sódio 0,9%;COPERMED COMERCIAL IMPORTADORA LTDA;09.029.404/0001-82;1438262248;18/10/2024;TODAS
DIMESILATO DE LISDEXANFETAMINA;EMS S/A;57.507.378/0003-65;0923993258;16/07/2025;TODAS
dapagliflozina;MEDQUIMICA INDUSTRIA FARMACEUTICA LTDA.;17.875.154/0001-20;1158245254;29/08/2025;TODAS
CYDIKRIZ;DR. REDDYS FARMACÊUTICA DO BRASIL LTDA;03.978.166/0001-75;0680889256;21/05/2025;TODAS
INTRATECT;GRIFOLS BRASIL LTDA;02.513.899/0001-71;0752236253;03/06/2025;TODAS
ELEVIDYS;PRODUTOS ROCHE QUÍMICOS E FARMACÊUTICOS S.A.;33.009.945/0001-23;0910301255;11/07/2025;TODAS
BUSONID;ACHÉ LABORATÓRIOS FARMACÊUTICOS S.A;60.659.463/0029-92;1118311248;15/08/2024;TODAS
MOTIX;FARMOQUÍMICA S/A;33.349.473/0001-58;1016023243;25/07/2024;TODAS
LUSANDA;ADIUM S.A.;55.980.684/0001-27;0556058259;25/04/2025;TODAS
Nutriflex Lipid;LABORATORIOS B. BRAUN S/A;31.673.254/0001-02;0659897253;15/05/2025;TODAS
SOLIRIS;ASTRAZENECA DO BRASIL LTDA;60.318.797/0001-00;1718787243;17/12/2024;TODAS
VEGAPALI;ADIUM S.A.;55.980.684/0001-27;0385384254;21/03/2025;TODAS
ELAHERE;ABBVIE FARMACÊUTICA LTDA.;15.800.545/0001-50;1163454257;01/09/2025;TODAS
ibuprofeno;PHARLAB INDÚSTRIA FARMACÊUTICA S.A.;02.501.297/0001-02;0506012255;14/04/2025;TODAS
OZURDEX;ABBVIE FARMACÊUTICA LTDA.;15.800.545/0001-50;0106660241;29/01/2024;TODAS
CYTOVINEX;BLAU FARMACÊUTICA S.A.;58.430.828/0001-60;0612922251;07/05/2025;TODAS
WINREVAIR;MERCK SHARP & DOHME FARMACEUTICA LTDA.;03.560.974/0001-18;0762539259;05/06/2025;TODAS
KETALGI;SUPERA FARMA LABORATÓRIOS S.A;43.312.503/0001-05;1128077256;21/08/2025;TODAS
isotretinoína;Althaia S.A Indústria Farmacêutica;48.344.725/0007-19;0631985255;09/05/2025;TODAS
NORTRY;LABORATÓRIO TEUTO BRASILEIRO S/A;17.159.229/0001-76;1133392253;22/08/2025;TODAS
BENEDESC PLUS;COSMED INDUSTRIA DE COSMETICOS E MEDICAMENTOS S.A.;61.082.426/0002-07;0552163252;24/04/2025;TODAS
DECONLERG;ACHÉ LABORATÓRIOS FARMACÊUTICOS S.A;60.659.463/0029-92;0923134255;16/07/2025;TODAS
NUTRIFLEX;LABORATORIOS B. BRAUN S/A;31.673.254/0001-02;0658344251;15/05/2025;TODAS
vacina DTPa-HB-IPV-Hib adsorvida difteria, tétano, pertussis (acelular), hepatite B (recombinante), poliomielite 1, 2 e 3 (inativada) e Haemophilus influenzae B (conjugada);FUNDAÇÃO OSWALDO CRUZ;33.781.055/0001-35;0975177257;28/07/2025;TODAS
CASTANHA DA ÍNDIA LABORATÓRIOS OSÓRIO DE MORAES;LABORATÓRIOS OSÓRIO DE MORAES LTDA;19.791.813/0001-75;1723943240;17/12/2024;TODAS
ALHEMO®;NOVO NORDISK FARMACÊUTICA DO BRASIL LTDA;82.277.955/0001-55;0652157254;14/05/2025;TODAS
VORANIGO;LABORATÓRIOS SERVIER DO BRASIL LTDA;42.374.207/0001-76;1026398258;11/08/2025;TODAS
OSELGUARD;HEMAFARMA COM E IND FARMACEUTICA LTDA;30.332.829/0001-52;0746091257;02/06/2025;TODAS
COXDUO;TEVA FARMACÊUTICA LTDA.;05.333.542/0001-08;1278843248;17/09/2024;TODAS
drospirenona + etinilestradiol;ACHÉ LABORATÓRIOS FARMACÊUTICOS S.A;60.659.463/0029-92;1002703255;04/08/2025;TODAS
pantoprazol sódico sesqui-hidratado;SANOFI MEDLEY FARMACÊUTICA LTDA.;10.588.595/0010-92;0864511256;02/07/2025;TODAS
LIND;EUROFARMA LABORATÓRIOS S.A.;61.190.096/0001-92;0933078251;18/07/2025;TODAS
LISDEV;EUROFARMA LABORATÓRIOS S.A.;61.190.096/0001-92;0932991254;18/07/2025;TODAS
DEKSA;SUPERA FARMA LABORATÓRIOS S.A;43.312.503/0001-05;0966753259;24/07/2025;TODAS
SUNAM;SUN FARMACÊUTICA DO BRASIL LTDA;05.035.244/0001-23;0509891250;14/04/2025;TODAS
NEULEPTIL;BLANVER FARMOQUIMICA E FARMACEUTICA S.A.;53.359.824/0001-19;0445981253;01/04/2025;TODAS
MUCOS EXPEC;LEGRAND PHARMA INDÚSTRIA FARMACÊUTICA LTDA;05.044.984/0001-26;1173406255;03/09/2025;TODAS
telmisartana + hidroclorotiazida;LABORATÓRIO TEUTO BRASILEIRO S/A;17.159.229/0001-76;1260490246;13/09/2024;TODAS
ácido zoledrônico;ACCORD FARMACÊUTICA LTDA;64.171.697/0001-46;0901306231;25/08/2023;TODAS
celecoxibe;BRAINFARMA INDÚSTRIA QUÍMICA E FARMACÊUTICA S.A;05.161.069/0001-10;0326047255;11/03/2025;TODAS
XADAGO;ZAMBON LABORATÓRIOS FARMACÊUTICOS LTDA.;61.100.004/0001-36;1686073241;10/12/2024;TODAS
LOKELMA;ASTRAZENECA DO BRASIL LTDA;60.318.797/0001-00;0969855257;25/07/2025;TODAS
cloridrato de donepezila;EMS S/A;57.507.378/0003-65;0645420255;13/05/2025;TODAS
meropeném;BLAU FARMACÊUTICA S.A.;58.430.828/0001-60;1219880248;04/09/2024;TODAS
pantoprazol magnésico di-hidratado;EMS S/A;57.507.378/0003-65;0297489259;05/03/2025;TODAS
Syletyv;ACCORD FARMACÊUTICA LTDA;64.171.697/0001-46;0540638226;14/02/2022;TODAS
cloridrato de memantina;SANOFI MEDLEY FARMACÊUTICA LTDA.;10.588.595/0010-92;0615463258;07/05/2025;TODAS
DOMPED;ACHÉ LABORATÓRIOS FARMACÊUTICOS S.A;60.659.463/0029-92;3233349211;17/08/2021;TODAS
Trumenba;PFIZER BRASIL LTDA;61.072.393/0001-33;1181280257;05/09/2025;TODAS
TOUJEO;SANOFI MEDLEY FARMACÊUTICA LTDA.;10.588.595/0010-92;0834465256;25/06/2025;TODAS
entecavir;FUNDAÇÃO EZEQUIEL DIAS - FUNED;17.503.475/0001-01;1563830248;13/11/2024;TODAS
Palexis® LP;GRÜNENTHAL DO BRASIL FARMACÊUTICA LTDA.;10.555.143/0001-13;1280437243;17/09/2024;TODAS
SUKHI;SUN FARMACÊUTICA DO BRASIL LTDA;05.035.244/0001-23;0861644255;01/07/2025;TODAS
MIRUGELL;CRISTÁLIA PRODUTOS QUÍMICOS FARMACÊUTICOS LTDA.;44.734.671/0001-51;0759839247;06/06/2024;TODAS
BRONDELIX;EMS S/A;57.507.378/0003-65;0176340246;15/02/2024;TODAS
VOFLUR;UNIÃO QUÍMICA FARMACÊUTICA NACIONAL S/A;60.665.981/0001-18;0477166253;07/04/2025;TODAS
VAXIGRIP TETRA;SANOFI MEDLEY FARMACÊUTICA LTDA.;10.588.595/0010-92;0443483256;01/04/2025;TODAS
CAMPTRIX;LABORATÓRIO QUÍMICO FARMACÊUTICO BERGAMO LTDA;61.282.661/0001-41;2422173192;10/10/2019;TODAS
USOLEG;LEGRAND PHARMA INDÚSTRIA FARMACÊUTICA LTDA;05.044.984/0001-26;0862750253;01/07/2025;TODAS
ALFAINTERFERONA 2B (RECOMBINANTE);ACHÉ LABORATÓRIOS FARMACÊUTICOS S.A;60.659.463/0029-92;0212212249;22/02/2024;TODAS
TOBRACIN;CRISTÁLIA PRODUTOS QUÍMICOS FARMACÊUTICOS LTDA.;44.734.671/0001-51;0997301252;01/08/2025;TODAS
cloridrato de fluoxetina;VITAMEDIC INDUSTRIA FARMACEUTICA LTDA;30.222.814/0001-31;0824136218;02/03/2021;TODAS
XGEVA;AMGEN BIOTECNOLOGIA DO BRASIL LTDA.;18.774.815/0001-93;1488629242;29/10/2024;TODAS
OXCARBAZEPINA;TORRENT DO BRASIL LTDA;33.078.528/0001-32;0681628251;21/05/2025;TODAS
LUNAH;CRISTÁLIA PRODUTOS QUÍMICOS FARMACÊUTICOS LTDA.;44.734.671/0001-51;0754315240;05/06/2024;TODAS
CHOPHYTOL;MR PHARMA LTDA;23.668.196/0001-92;0870459252;02/07/2025;TODAS
atenolol + clortalidona;ACHÉ LABORATÓRIOS FARMACÊUTICOS S.A;60.659.463/0029-92;1204511210;29/03/2021;TODAS
TAVAFLOX;EMS SIGMA PHARMA LTDA;00.923.140/0001-31;0571795251;28/04/2025;TODAS
MYOZYME;SANOFI MEDLEY FARMACÊUTICA LTDA.;10.588.595/0010-92;0709773251;26/05/2025;TODAS
hemifumarato de quetiapina;ACHÉ LABORATÓRIOS FARMACÊUTICOS S.A;60.659.463/0029-92;1006792252;05/08/2025;TODAS
METRONIDAZOL;HALEX ISTAR INDÚSTRIA FARMACÊUTICA SA;01.571.702/0001-98;0226806235;07/03/2023;TODAS
risperidona;NOVARTIS BIOCIENCIAS S.A;56.994.502/0001-30;0858451255;30/06/2025;TODAS
CLEXANE;SANOFI MEDLEY FARMACÊUTICA LTDA.;10.588.595/0010-92;0638710251;12/05/2025;TODAS
BENEFIX;PFIZER BRASIL LTDA;61.072.393/0001-33;1567331246;14/11/2024;TODAS
TILESTAL;MYRALIS INDÚSTRIA FARMACÊUTICA LTDA;17.440.261/0001-25;1190131251;08/09/2025;TODAS
HELIORAL;FARMOQUÍMICA S/A;33.349.473/0001-58;1371789231;04/12/2023;TODAS
amoxicilina + clavulanato de potássio;RANBAXY FARMACÊUTICA LTDA;73.663.650/0001-90;1112375252;18/08/2025;TODAS
FINASTERIDA;PRATI DONADUZZI & CIA LTDA;73.856.593/0001-66;0652648258;14/05/2025;TODAS
CEREZYME;SANOFI MEDLEY FARMACÊUTICA LTDA.;10.588.595/0010-92;0168753251;06/02/2025;TODAS
BENEGRIP MULTI NOITE;COSMED INDUSTRIA DE COSMETICOS E MEDICAMENTOS S.A.;61.082.426/0002-07;1435464249;18/10/2024;TODAS
DOCKS;ACCORD FARMACÊUTICA LTDA;64.171.697/0001-46;3880192219;01/10/2021;TODAS
Olmesartana medoxomila;ACCORD FARMACÊUTICA LTDA;64.171.697/0001-46;5015440227;05/12/2022;TODAS
apixabana;NATCOFARMA DO BRASIL LTDA;08.157.293/0001-27;1714929248;16/12/2024;TODAS
LASIX;SANOFI MEDLEY FARMACÊUTICA LTDA.;10.588.595/0010-92;1232203246;06/09/2024;TODAS
MYLVESTON;VIATRIS FARMACEUTICA DO BRASIL LTDA;11.643.096/0001-22;4986590227;28/11/2022;TODAS
EMPAK;BIOLAB SANUS FARMACÊUTICA LTDA;49.475.833/0001-06;0300187254;05/03/2025;TODAS
levetiracetam;ADIUM S.A.;55.980.684/0001-27;0150064250;03/02/2025;TODAS
rivaroxabana;ACCORD FARMACÊUTICA LTDA;64.171.697/0001-46;4734857229;23/09/2022;TODAS
TESS;UNIÃO QUÍMICA FARMACÊUTICA NACIONAL S/A;60.665.981/0001-18;0289025257;28/02/2025;TODAS
IMMUNINE;TAKEDA PHARMA LTDA.;60.397.775/0001-74;4678695222;12/09/2022;TODAS
clotrimazol;BELFAR LTDA;18.324.343/0001-77;1196310246;30/08/2024;TODAS
alendronato de sódio;NOVARTIS BIOCIENCIAS S.A;56.994.502/0001-30;1333376213;07/04/2021;TODAS
COMTAN;SANDOZ DO BRASIL INDÚSTRIA FARMACÊUTICA LTDA;61.286.647/0001-16;0925680222;08/03/2022;TODAS
YESCARTA;GILEAD SCIENCES FARMACEUTICA DO BRASIL LTDA;15.670.288/0001-89;1580631240;18/11/2024;TODAS
FITOVITAL;LABORATORIO CATARINENSE LTDA;84.684.620/0001-87;0782886256;10/06/2025;TODAS
cloridrato de ciclobenzaprina;VITAMEDIC INDUSTRIA FARMACEUTICA LTDA;30.222.814/0001-31;0529608251;17/04/2025;TODAS
XELJANZ;PFIZER BRASIL LTDA;61.072.393/0001-33;0042563259;13/01/2025;TODAS
STILRAM SL;LEGRAND PHARMA INDÚSTRIA FARMACÊUTICA LTDA;05.044.984/0001-26;0054778255;14/01/2025;TODAS
FORMYN;MULTILAB INDUSTRIA E COMERCIO DE PRODUTOS FARMACEUTICOS LTDA;92.265.552/0009-05;1182631258;05/09/2025;TODAS
HYFREN;HYPOFARMA - INSTITUTO DE HYPODERMIA E FARMÁCIA LTDA;17.174.657/0001-78;0558529259;25/04/2025;TODAS
HEMOFIL;TAKEDA PHARMA LTDA.;60.397.775/0001-74;0340005211;26/01/2021;TODAS
ADACEL;SANOFI MEDLEY FARMACÊUTICA LTDA.;10.588.595/0010-92;0923259252;16/07/2025;TODAS
cloridrato de erlotinibe;ZYDUS NIKKHO FARMACÊUTICA LTDA;05.254.971/0001-81;1015280234;25/09/2023;TODAS
BRYST;LABORATÓRIO QUÍMICO FARMACÊUTICO BERGAMO LTDA;61.282.661/0001-41;0815049251;18/06/2025;TODAS
FLUCAZOL;CRISTÁLIA PRODUTOS QUÍMICOS FARMACÊUTICOS LTDA.;44.734.671/0001-51;0690756241;23/05/2024;TODAS
ROPI® BOLSA;CRISTÁLIA PRODUTOS QUÍMICOS FARMACÊUTICOS LTDA.;44.734.671/0001-51;2414267216;22/06/2021;TODAS
HC-EsqueleRad;HOSPITAL DAS CLINICAS DA FACULDADE DE MEDICINA DA USP;60.448.040/0001-22;4125387214;19/10/2021;TODAS
ciprofibrato;SANOFI MEDLEY FARMACÊUTICA LTDA.;10.588.595/0010-92;0221125256;17/02/2025;TODAS
POMAGLÓS TRATAMENTO;EMS S/A;57.507.378/0003-65;1185310223;18/03/2022;TODAS
bromoprida;FRESENIUS KABI BRASIL LTDA;49.324.221/0001-04;1603558241;22/11/2024;TODAS
CIPROCILIN;LEGRAND PHARMA INDÚSTRIA FARMACÊUTICA LTDA;05.044.984/0001-26;0368200256;19/03/2025;TODAS
PREGNOLAN;CIFARMA CIENTÍFICA FARMACÊUTICA LTDA;17.562.075/0001-69;1627054243;28/11/2024;TODAS
LORATAMED;CIMED INDUSTRIA S.A;02.814.497/0001-07;0960633251;23/07/2025;TODAS
ULTRAPROCT LDO;MOKSHA8 BRASIL INDUSTRIA E COMERCIO DE MEDICAMENTOS LTDA;07.591.326/0001-80;0015775241;05/01/2024;TODAS
LAKOS;LIBBS FARMACÊUTICA LTDA;61.230.314/0001-75;0155290258;04/02/2025;TODAS
REMISTESI;UNIÃO QUÍMICA FARMACÊUTICA NACIONAL S/A;60.665.981/0001-18;1477803238;27/12/2023;TODAS
SYSTEN CONTI;FARMA VISION IMPORTAÇÃO E EXPORTAÇÃO DE MEDICAMENTOS LTDA;09.058.502/0001-48;1263654240;13/09/2024;TODAS
NEO LORATADIN;BRAINFARMA INDÚSTRIA QUÍMICA E FARMACÊUTICA S.A;05.161.069/0001-10;3352414211;25/08/2021;TODAS
NALBLI;HALEX ISTAR INDÚSTRIA FARMACÊUTICA SA;01.571.702/0001-98;4633168223;31/08/2022;TODAS
GHEMAXAN;BIOMM SA;04.752.991/0001-10;1022117254;08/08/2025;TODAS
bromidrato de vortioxetina;Althaia S.A Indústria Farmacêutica;48.344.725/0007-19;0649037251;14/05/2025;TODAS
ibuprofeno;GEOLAB INDÚSTRIA FARMACÊUTICA S/A;03.485.572/0001-04;1735652245;19/12/2024;TODAS
CLONAZEPAM;EUROFARMA LABORATÓRIOS S.A.;61.190.096/0001-92;4691023224;14/09/2022;TODAS
atorvastatina cálcica;GEOLAB INDÚSTRIA FARMACÊUTICA S/A;03.485.572/0001-04;0792568257;12/06/2025;TODAS
ISON;UNIÃO QUÍMICA FARMACÊUTICA NACIONAL S/A;60.665.981/0001-18;1157488251;29/08/2025;TODAS
Rybelsus;NOVO NORDISK FARMACÊUTICA DO BRASIL LTDA;82.277.955/0001-55;0910793255;11/07/2025;TODAS
tiocolchicosídeo;FRESENIUS KABI BRASIL LTDA;49.324.221/0001-04;0151900256;04/02/2025;TODAS
teste vencimento;EMPRESA DE TESTE LTDA. (VS01);11.111.111/0001-91;0246983221;19/01/2022;TODAS
Xeomin;MERZ FARMACÊUTICA COMERCIAL LTDA;11.681.446/0001-45;0289183251;28/02/2025;TODAS
HEZO;SUPERA FARMA LABORATÓRIOS S.A;43.312.503/0001-05;0934553254;18/07/2025;TODAS
CLARISCAN;GE HEALTHCARE DO BRASIL COMÉRCIO E SERVIÇOS PARA EQUIPAMENTOS MEDICO-HOSPITALARES LTDA;00.029.372/0001-40;0780135245;11/06/2024;TODAS
PERLID;PRATI DONADUZZI & CIA LTDA;73.856.593/0001-66;0379071258;20/03/2025;TODAS
FLAGYL;SANOFI MEDLEY FARMACÊUTICA LTDA.;10.588.595/0010-92;0991732251;31/07/2025;TODAS
dutasterida + cloridrato de tansulosina;APSEN FARMACEUTICA S/A;62.462.015/0001-29;1073825256;14/08/2025;TODAS
LYSDEXA;LIBBS FARMACÊUTICA LTDA;61.230.314/0001-75;1190660253;08/09/2025;TODAS
hemitartarato de zolpidem;EUROFARMA LABORATÓRIOS S.A.;61.190.096/0001-92;1597137243;21/11/2024;TODAS
AMCLAVU;UNIÃO QUÍMICA FARMACÊUTICA NACIONAL S/A;60.665.981/0001-18;1150443251;27/08/2025;TODAS
TANSUDART;GLAXOSMITHKLINE BRASIL LTDA;33.247.743/0001-10;1486596240;29/10/2024;TODAS
VENDEXLA;EUROFARMA LABORATÓRIOS S.A.;61.190.096/0001-92;1074960238;09/10/2023;TODAS
ceftriaxona dissódica;BLAU FARMACÊUTICA S.A.;58.430.828/0001-60;0067077242;18/01/2024;TODAS
prednisolona;BRAINFARMA INDÚSTRIA QUÍMICA E FARMACÊUTICA S.A;05.161.069/0001-10;0586730257;30/04/2025;TODAS
LISADOR CÓLICA;COSMED INDUSTRIA DE COSMETICOS E MEDICAMENTOS S.A.;61.082.426/0002-07;0707651239;10/07/2023;TODAS
ROSUSTATIN;MULTILAB INDUSTRIA E COMERCIO DE PRODUTOS FARMACEUTICOS LTDA;92.265.552/0009-05;1173356258;03/09/2025;TODAS
MELOCOX ODT;EUROFARMA LABORATÓRIOS S.A.;61.190.096/0001-92;0057300241;17/01/2024;TODAS
CALQUENCE COMPRIMIDOS;ASTRAZENECA DO BRASIL LTDA;60.318.797/0001-00;0867636254;02/07/2025;TODAS
cloridrato de paroxetina;MULTILAB INDUSTRIA E COMERCIO DE PRODUTOS FARMACEUTICOS LTDA;92.265.552/0009-05;0301022259;05/03/2025;TODAS
pitavastatina cálcica;BIOLAB SANUS FARMACÊUTICA LTDA;49.475.833/0001-06;0052856259;14/01/2025;TODAS
ZALERV;KLEY HERTZ FARMACEUTICA S.A;92.695.691/0001-03;0907953255;11/07/2025;TODAS
REMERON;ORGANON FARMACÊUTICA LTDA.;45.987.013/0001-34;4395771220;07/07/2022;TODAS
cloridrato de sibutramina monoidratado;MULTILAB INDUSTRIA E COMERCIO DE PRODUTOS FARMACEUTICOS LTDA;92.265.552/0009-05;1140141252;25/08/2025;TODAS
olmesartana medoxomila;SANOFI MEDLEY FARMACÊUTICA LTDA.;10.588.595/0010-92;0648840255;14/05/2025;TODAS
RELYON;ACHÉ LABORATÓRIOS FARMACÊUTICOS S.A;60.659.463/0029-92;1456311239;21/12/2023;TODAS
APRETUDE;GLAXOSMITHKLINE BRASIL LTDA;33.247.743/0001-10;1367764246;04/10/2024;TODAS
LIVIAL;ORGANON FARMACÊUTICA LTDA.;45.987.013/0001-34;4383906222;05/07/2022;TODAS
LEMONT;EUROFARMA LABORATÓRIOS S.A.;61.190.096/0001-92;0915621240;04/07/2024;TODAS
trometamol cetorolaco;EMS S/A;57.507.378/0003-65;1182273254;05/09/2025;TODAS
cloridrato de erlotinibe;INSTITUTO VITAL BRAZIL S/A;30.064.034/0001-00;4918319220;08/11/2022;TODAS
SIGMASPORIN MICRORAL;GERMED FARMACEUTICA LTDA;45.992.062/0001-65;0882156241;27/06/2024;TODAS
CAPEDUC;CRISTÁLIA PRODUTOS QUÍMICOS FARMACÊUTICOS LTDA.;44.734.671/0001-51;1443553247;21/10/2024;TODAS
RESFEGRIPE;MULTILAB INDUSTRIA E COMERCIO DE PRODUTOS FARMACEUTICOS LTDA;92.265.552/0009-05;4946092226;17/11/2022;TODAS
LIVALO;BIOLAB SANUS FARMACÊUTICA LTDA;49.475.833/0001-06;1736787241;19/12/2024;TODAS
metildopa;HIPOLABOR FARMACEUTICA LTDA;19.570.720/0001-10;1414598246;15/10/2024;TODAS
parecoxibe sódico;MANDALA BRASIL IMPORTAÇÃO E DISTRIBUIÇÃO DE PRODUTO MÉDICO HOSPITALAR LTDA;09.117.476/0001-81;0044705255;13/01/2025;TODAS
LEPONEX;VIATRIS FARMACEUTICA DO BRASIL LTDA;11.643.096/0001-22;0961719249;15/07/2024;TODAS
isotretinoína;EUROFARMA LABORATÓRIOS S.A.;61.190.096/0001-92;0848569245;21/06/2024;TODAS
TIMEOLATE;LABORATÓRIO TAYUYNA LTDA;60.879.848/0001-64;4377912224;04/07/2022;TODAS
Salonpas Gel;HISAMITSU FARMACÊUTICA DO BRASIL LTDA;49.383.250/0001-47;0604186231;14/06/2023;TODAS
cloridrato de lercanidipino;MULTILAB INDUSTRIA E COMERCIO DE PRODUTOS FARMACEUTICOS LTDA;92.265.552/0009-05;1158605251;29/08/2025;TODAS
dipirona;CIMED INDUSTRIA S.A;02.814.497/0001-07;0535155255;22/04/2025;TODAS
pregabalina;PHARLAB INDÚSTRIA FARMACÊUTICA S.A.;02.501.297/0001-02;4886396224;31/10/2022;TODAS
ESOP;MULTILAB INDUSTRIA E COMERCIO DE PRODUTOS FARMACEUTICOS LTDA;92.265.552/0009-05;0644439254;13/05/2025;TODAS
dimenidrinato + cloridrato de piridoxina;VITAMEDIC INDUSTRIA FARMACEUTICA LTDA;30.222.814/0001-31;1177919249;27/08/2024;TODAS
OLIRE;EMS S/A;57.507.378/0003-65;0982753250;29/07/2025;TODAS
levetiracetam;EMS S/A;57.507.378/0003-65;1106711246;13/08/2024;TODAS
DERADOP XL;MULTILAB INDUSTRIA E COMERCIO DE PRODUTOS FARMACEUTICOS LTDA;92.265.552/0009-05;0199847258;12/02/2025;TODAS
ORGALUTRAN;ORGANON FARMACÊUTICA LTDA.;45.987.013/0001-34;0664782256;16/05/2025;TODAS
NORADOP;MULTILAB INDUSTRIA E COMERCIO DE PRODUTOS FARMACEUTICOS LTDA;92.265.552/0009-05;0857746251;30/06/2025;TODAS
CLIMENE;UNIÃO QUÍMICA FARMACÊUTICA NACIONAL S/A;60.665.981/0001-18;0109543246;29/01/2024;TODAS
BUSCOPAN PEDIÁTRICO;COSMED INDUSTRIA DE COSMETICOS E MEDICAMENTOS S.A.;61.082.426/0002-07;0707636230;10/07/2023;TODAS
LECZA XR;APSEN FARMACEUTICA S/A;62.462.015/0001-29;1669320243;06/12/2024;TODAS
cloridrato de sertralina;BELFAR LTDA;18.324.343/0001-77;0283216255;27/02/2025;TODAS
ciprofibrato;MEDQUIMICA INDUSTRIA FARMACEUTICA LTDA.;17.875.154/0001-20;0264928253;25/02/2025;TODAS
FOSTIMON-M;Besins Healthcare Brasil Comercial e Distribuidora de Medicamentos Ltda;11.082.598/0003-93;0753990245;05/06/2024;TODAS
VONSET;UNIÃO QUÍMICA FARMACÊUTICA NACIONAL S/A;60.665.981/0001-18;0547066244;25/04/2024;TODAS
DIPIDOR;HIPOLABOR FARMACEUTICA LTDA;19.570.720/0001-10;0751887242;05/06/2024;TODAS
cloridrato de trazodona;MEDQUIMICA INDUSTRIA FARMACEUTICA LTDA.;17.875.154/0001-20;0678162255;20/05/2025;TODAS
BENGPRO;EMS S/A;57.507.378/0003-65;0228588251;18/02/2025;TODAS
Pentalac;BELFAR LTDA;18.324.343/0001-77;0149942257;03/02/2025;TODAS
MIORRELAX;BRAINFARMA INDÚSTRIA QUÍMICA E FARMACÊUTICA S.A;05.161.069/0001-10;0805278257;16/06/2025;TODAS
BESREMI;PINT PHARMA PRODUTOS MEDICO-HOSPITALARES E FARMACEUTICOS LTDA;21.896.000/0001-91;0838980252;26/06/2025;TODAS
MUCOSOLVAN;OPELLA HEALTHCARE BRAZIL LTDA;38.391.432/0001-43;1594280240;21/11/2024;TODAS
GLICONATO DE CÁLCIO;FARMARIN INDUSTRIA E COMERCIO LTDA;58.635.830/0001-75;0978030257;28/07/2025;TODAS
DOBLE;BIOLAB SANUS FARMACÊUTICA LTDA;49.475.833/0001-06;0958750254;23/07/2025;TODAS
HYMPAVZI;PFIZER BRASIL LTDA;61.072.393/0001-33;0971262250;25/07/2025;TODAS
KETHOL;GERMED FARMACEUTICA LTDA;45.992.062/0001-65;1182330258;05/09/2025;TODAS
Strensiq;ASTRAZENECA DO BRASIL LTDA;60.318.797/0001-00;1148629254;27/08/2025;TODAS
dicloridrato de daclatasvir;FUNDAÇÃO OSWALDO CRUZ;33.781.055/0001-35;0551802251;24/04/2025;TODAS
SEMTRI;BIOLAB SANUS FARMACÊUTICA LTDA;49.475.833/0001-06;0457961252;03/04/2025;TODAS
citrato de tamoxifeno;EUROFARMA LABORATÓRIOS S.A.;61.190.096/0001-92;1133116256;22/08/2025;TODAS
cloridrato de tramadol;INSTITUTO BIOCHIMICO INDÚSTRIA FARMACÊUTICA LTDA;33.258.401/0001-03;1745075241;20/12/2024;TODAS
BENGPRO;EMS S/A;57.507.378/0003-65;0228709253;18/02/2025;TODAS
THIABEN;BELFAR LTDA;18.324.343/0001-77;0290423252;28/02/2025;TODAS
UNYCA;COSMED INDUSTRIA DE COSMETICOS E MEDICAMENTOS S.A.;61.082.426/0002-07;0515016250;15/04/2025;TODAS
SINVASCOR EZE;LABORATÓRIOS BALDACCI LTDA;61.150.447/0001-31;0857063251;30/06/2025;TODAS
PRODYGO;LABORATÓRIO GROSS S. A.;33.145.194/0001-72;0197845258;12/02/2025;TODAS
PROPIOSOL;BRAINFARMA INDÚSTRIA QUÍMICA E FARMACÊUTICA S.A;05.161.069/0001-10;0403435251;25/03/2025;TODAS
ONZUK;DIFFUCAP - CHEMOBRÁS QUÍMICA E FARMACÊUTICA LTDA;42.457.796/0001-56;1169007252;02/09/2025;TODAS
PIOMI;MYRALIS INDÚSTRIA FARMACÊUTICA LTDA;17.440.261/0001-25;0580923258;30/04/2025;TODAS
Choriomon-M;Besins Healthcare Brasil Comercial e Distribuidora de Medicamentos Ltda;11.082.598/0003-93;1506172245;01/11/2024;TODAS
cloridrato de bupropiona + cloridrato de naltrexona;EUROFARMA LABORATÓRIOS S.A.;61.190.096/0001-92;1204370257;10/09/2025;TODAS
BLESTO;EUROFARMA LABORATÓRIOS S.A.;61.190.096/0001-92;0298545250;05/03/2025;TODAS
BOTULIM;BLAU FARMACÊUTICA S.A.;58.430.828/0001-60;0470452251;04/04/2025;TODAS
ZYNLONTA;PINT PHARMA PRODUTOS MEDICO-HOSPITALARES E FARMACEUTICOS LTDA;21.896.000/0001-91;1170901255;02/09/2025;TODAS
DORE;EUROFARMA LABORATÓRIOS S.A.;61.190.096/0001-92;1526564246;06/11/2024;TODAS
LARC;EUROFARMA LABORATÓRIOS S.A.;61.190.096/0001-92;0342838253;13/03/2025;TODAS
COBI-12;APSEN FARMACEUTICA S/A;62.462.015/0001-29;0811678253;18/06/2025;TODAS
LEDUO;UNIÃO QUÍMICA FARMACÊUTICA NACIONAL S/A;60.665.981/0001-18;0609900251;06/05/2025;TODAS
palbociclibe;CIPLA BRASIL IMPORTADORA E DISTRIBUIDORA DE MEDICAMENTOS LTDA;18.268.051/0001-64;0386122253;21/03/2025;TODAS
SUPERHIST;EUROFARMA LABORATÓRIOS S.A.;61.190.096/0001-92;1140416251;25/08/2025;TODAS
ZEUGMA XR;PRATI DONADUZZI & CIA LTDA;73.856.593/0001-66;0228620252;18/02/2025;TODAS
GLUNAC DUO;GERMED FARMACEUTICA LTDA;45.992.062/0001-65;1069731251;14/08/2025;TODAS
TOTACEF;EUROFARMA LABORATÓRIOS S.A.;61.190.096/0001-92;0013083252;06/01/2025;TODAS
SPARK XR;EUROFARMA LABORATÓRIOS S.A.;61.190.096/0001-92;0215677251;14/02/2025;TODAS
INVOLU;EUROFARMA LABORATÓRIOS S.A.;61.190.096/0001-92;1105563243;13/08/2024;TODAS
HEDD;FARMOQUÍMICA S/A;33.349.473/0001-58;0424739241;04/04/2024;TODAS
PYCOS;CRISTÁLIA PRODUTOS QUÍMICOS FARMACÊUTICOS LTDA.;44.734.671/0001-51;1608720241;25/11/2024;TODAS
CYFENOL BABY;CIFARMA CIENTÍFICA FARMACÊUTICA LTDA;17.562.075/0001-69;3536176216;08/09/2021;TODAS
dicloridrato de flunarizina;VITAMEDIC INDUSTRIA FARMACEUTICA LTDA;30.222.814/0001-31;4943731228;16/11/2022;TODAS
INGLESA SOBRAL;THEODORO F SOBRAL & CIA LTDA;06.597.801/0001-62;0276417192;27/03/2019;TODAS
besilato de anlodipino + losartana potássica;LEGRAND PHARMA INDÚSTRIA FARMACÊUTICA LTDA;05.044.984/0001-26;1138040258;25/08/2025;TODAS
omeprazol sódico;BLAU FARMACÊUTICA S.A.;58.430.828/0001-60;0389384232;18/04/2023;TODAS
ICCOR;TORRENT DO BRASIL LTDA;33.078.528/0001-32;1008370258;05/08/2025;TODAS
NAUTEX;ACHÉ LABORATÓRIOS FARMACÊUTICOS S.A;60.659.463/0029-92;3128371211;10/08/2021;TODAS
BESILATO DE ANLODIPINO;ACHÉ LABORATÓRIOS FARMACÊUTICOS S.A;60.659.463/0029-92;0712495258;27/05/2025;TODAS
flumazenil;HIPOLABOR FARMACEUTICA LTDA;19.570.720/0001-10;1473103240;25/10/2024;TODAS
XALKORI;PFIZER BRASIL LTDA;61.072.393/0001-33;0900053241;02/07/2024;TODAS
TYKITICIP;CIPLA BRASIL IMPORTADORA E DISTRIBUIDORA DE MEDICAMENTOS LTDA;18.268.051/0001-64;0787196258;11/06/2025;TODAS
INLYTA;PFIZER BRASIL LTDA;61.072.393/0001-33;0804997250;16/06/2025;TODAS
Ozempic;NOVO NORDISK FARMACÊUTICA DO BRASIL LTDA;82.277.955/0001-55;0910844259;11/07/2025;TODAS
ACICLOVIR;UNIÃO QUÍMICA FARMACÊUTICA NACIONAL S/A;60.665.981/0001-18;0011787252;06/01/2025;TODAS
bissulfato de clopidogrel;LABORATÓRIO TEUTO BRASILEIRO S/A;17.159.229/0001-76;0546014259;23/04/2025;TODAS
IRNO;Camber Farmaceutica Ltda;24.633.934/0001-29;0249857251;21/02/2025;TODAS
AUBAGIO;SANOFI MEDLEY FARMACÊUTICA LTDA.;10.588.595/0010-92;1016443251;07/08/2025;TODAS
ALDURAZYME;SANOFI MEDLEY FARMACÊUTICA LTDA.;10.588.595/0010-92;1017838241;25/07/2024;TODAS
cloridrato de nafazolina;EMS S/A;57.507.378/0003-65;0092509258;22/01/2025;TODAS
NUBEQA;BAYER S.A.;18.459.628/0001-15;0740894251;02/06/2025;TODAS
Tartarato de metoprolol;PRATI DONADUZZI & CIA LTDA;73.856.593/0001-66;3624399200;19/10/2020;TODAS
OXINEST;CRISTÁLIA PRODUTOS QUÍMICOS FARMACÊUTICOS LTDA.;44.734.671/0001-51;1567161243;14/11/2024;TODAS
VITDERA D3;VITAMEDIC INDUSTRIA FARMACEUTICA LTDA;30.222.814/0001-31;1664292225;08/04/2022;TODAS
Divalproato de sódio;LEGRAND PHARMA INDÚSTRIA FARMACÊUTICA LTDA;05.044.984/0001-26;1679380249;09/12/2024;TODAS
Cloridrato de Verapamil;ACHÉ LABORATÓRIOS FARMACÊUTICOS S.A;60.659.463/0029-92;0460824252;03/04/2025;TODAS
DUXIO;EMS S/A;57.507.378/0003-65;4360183224;29/06/2022;TODAS
mesilato de doxazosina;NOVARTIS BIOCIENCIAS S.A;56.994.502/0001-30;0826846254;23/06/2025;TODAS
rosuvastatina cálcica;UNICHEM FARMACÊUTICA DO BRASIL LTDA;05.399.786/0001-85;0672323257;19/05/2025;TODAS
LOWE;HALEX ISTAR INDÚSTRIA FARMACÊUTICA SA;01.571.702/0001-98;1039341241;30/07/2024;TODAS
cloridrato de benazepril;BIOLAB SANUS FARMACÊUTICA LTDA;49.475.833/0001-06;1512898219;20/04/2021;TODAS
ibuprofeno;LEGRAND PHARMA INDÚSTRIA FARMACÊUTICA LTDA;05.044.984/0001-26;1472315243;25/10/2024;TODAS
SOMAVERT;PFIZER BRASIL LTDA;61.072.393/0001-33;1355717248;02/10/2024;TODAS
succinato de solifenacina;LEGRAND PHARMA INDÚSTRIA FARMACÊUTICA LTDA;05.044.984/0001-26;0571254250;28/04/2025;TODAS
PREXULID;CIFARMA CIENTÍFICA FARMACÊUTICA LTDA;17.562.075/0001-69;4764706229;30/09/2022;TODAS
MIGRALIV;EMS S/A;57.507.378/0003-65;0266156258;25/02/2025;TODAS
dipirona monoidratada;EMS S/A;57.507.378/0003-65;0451141253;02/04/2025;TODAS
Beleodaq;PINT PHARMA PRODUTOS MEDICO-HOSPITALARES E FARMACEUTICOS LTDA;21.896.000/0001-91;1498162240;31/10/2024;TODAS
Levoxin;APSEN FARMACEUTICA S/A;62.462.015/0001-29;0395764254;24/03/2025;TODAS
COMBIGAN;ALLERGAN PRODUTOS FARMACÊUTICOS LTDA;43.426.626/0001-77;0198735235;28/02/2023;TODAS
aciclovir;CIFARMA CIENTÍFICA FARMACÊUTICA LTDA;17.562.075/0001-69;1090580240;09/08/2024;TODAS
APIDRA;SANOFI MEDLEY FARMACÊUTICA LTDA.;10.588.595/0010-92;0833353250;25/06/2025;TODAS
DEPRASIL;DR. REDDYS FARMACÊUTICA DO BRASIL LTDA;03.978.166/0001-75;0772921253;09/06/2025;TODAS
paricalcitol;ACCORD FARMACÊUTICA LTDA;64.171.697/0001-46;1552904215;23/04/2021;TODAS
captopril;CIMED INDUSTRIA S.A;02.814.497/0001-07;0437213251;31/03/2025;TODAS
SUGANON;EUROFARMA LABORATÓRIOS S.A.;61.190.096/0001-92;1502436248;31/10/2024;TODAS
BENEVRAN;LEGRAND PHARMA INDÚSTRIA FARMACÊUTICA LTDA;05.044.984/0001-26;0061923257;15/01/2025;TODAS
BENEVRAN;LEGRAND PHARMA INDÚSTRIA FARMACÊUTICA LTDA;05.044.984/0001-26;0772954259;09/06/2025;TODAS
LEFÉMI;EMS S/A;57.507.378/0003-65;0373414251;19/03/2025;TODAS
CLIC;ARESE PHARMA LTDA.;07.670.111/0001-54;0864797257;02/07/2025;TODAS
SAL DE ANDREWS;PF Consumer Healthcare Brazil Importadora e Distribuidora de Medicamentos Ltda;30.872.270/0001-53;4668268216;26/11/2021;TODAS
SOLUCAO FISIOLOGICA DE RINGER COM LACTATO DE SODIO;CRISTÁLIA PRODUTOS QUÍMICOS FARMACÊUTICOS LTDA.;44.734.671/0001-51;0078503212;07/01/2021;TODAS
cloridrato de trazodona;SANOFI MEDLEY FARMACÊUTICA LTDA.;10.588.595/0010-92;0202889254;13/02/2025;TODAS
MenQuadfi;SANOFI MEDLEY FARMACÊUTICA LTDA.;10.588.595/0010-92;1358930244;03/10/2024;TODAS
UNI HALOPER;UNIÃO QUÍMICA FARMACÊUTICA NACIONAL S/A;60.665.981/0001-18;1018871241;25/07/2024;TODAS
DORMONID;FARMOQUÍMICA S/A;33.349.473/0001-58;0739014242;03/06/2024;TODAS
ibuprofeno;SANOFI MEDLEY FARMACÊUTICA LTDA.;10.588.595/0010-92;1153749254;28/08/2025;TODAS
MULTIGRIP;MULTILAB INDUSTRIA E COMERCIO DE PRODUTOS FARMACEUTICOS LTDA;92.265.552/0009-05;0101784244;26/01/2024;TODAS
Ibrance;PFIZER BRASIL LTDA;61.072.393/0001-33;0796126241;13/06/2024;TODAS
COXIZY;ZYDUS NIKKHO FARMACÊUTICA LTDA;05.254.971/0001-81;0831615231;09/08/2023;TODAS
ONUA;FARMOQUÍMICA S/A;33.349.473/0001-58;0238158250;19/02/2025;TODAS
BUSCOFEM;COSMED INDUSTRIA DE COSMETICOS E MEDICAMENTOS S.A.;61.082.426/0002-07;0895817250;08/07/2025;TODAS
BETADINE XR;ACHÉ LABORATÓRIOS FARMACÊUTICOS S.A;60.659.463/0029-92;0267076258;25/02/2025;TODAS
NOOTROPIL;SANOFI MEDLEY FARMACÊUTICA LTDA.;10.588.595/0010-92;1717427243;16/12/2024;TODAS
paracetamol + cafeína + carisoprodol + diclofenaco sódico;LEGRAND PHARMA INDÚSTRIA FARMACÊUTICA LTDA;05.044.984/0001-26;1110237243;14/08/2024;TODAS
Cloridrato de Fexofenadina;SANOFI MEDLEY FARMACÊUTICA LTDA.;10.588.595/0010-92;1368096247;04/10/2024;TODAS
DOLO MOFF;UNIÃO QUÍMICA FARMACÊUTICA NACIONAL S/A;60.665.981/0001-18;1120094259;19/08/2025;TODAS
ZIDER;LIBBS FARMACÊUTICA LTDA;61.230.314/0001-75;0826332251;23/06/2025;TODAS
LIRIS;UNIÃO QUÍMICA FARMACÊUTICA NACIONAL S/A;60.665.981/0001-18;1197393251;09/09/2025;TODAS
Neo B;EUROFARMA LABORATÓRIOS S.A.;61.190.096/0001-92;0370603249;25/03/2024;TODAS
cloridrato de donepezila + cloridrato de memantina;BRAINFARMA INDÚSTRIA QUÍMICA E FARMACÊUTICA S.A;05.161.069/0001-10;0751847232;20/07/2023;TODAS
KALYME;ACHÉ LABORATÓRIOS FARMACÊUTICOS S.A;60.659.463/0029-92;0436686252;31/03/2025;TODAS
SOLUÇÃO DE RINGER;CRISTÁLIA PRODUTOS QUÍMICOS FARMACÊUTICOS LTDA.;44.734.671/0001-51;4542272209;22/12/2020;TODAS
COMIRNATY;PFIZER BRASIL LTDA;61.072.393/0001-33;1042876258;12/08/2025;TODAS
RPHPYRO;MJM PRODUTOS FARMACEUTICOS E DE RADIOPROTECAO S.A.;04.891.262/0001-44;1666337242;05/12/2024;TODAS
cloridrato de ciprofloxacino;LEGRAND PHARMA INDÚSTRIA FARMACÊUTICA LTDA;05.044.984/0001-26;0369943252;19/03/2025;TODAS
ICACORT;LEO PHARMA LTDA;11.424.477/0001-10;1167901258;02/09/2025;TODAS
SEIZLA;TORRENT DO BRASIL LTDA;33.078.528/0001-32;1429308249;17/10/2024;TODAS
benzoato de rizatriptana;ZYDUS NIKKHO FARMACÊUTICA LTDA;05.254.971/0001-81;1543342248;08/11/2024;TODAS
GAUDY;EMS S/A;57.507.378/0003-65;0020166257;07/01/2025;TODAS
cloridrato de ondansetrona;PHARLAB INDÚSTRIA FARMACÊUTICA S.A.;02.501.297/0001-02;0140213252;31/01/2025;TODAS
IVEVI;COSMED INDUSTRIA DE COSMETICOS E MEDICAMENTOS S.A.;61.082.426/0002-07;0515960250;15/04/2025;TODAS
dipirona monoidratada;HYPOFARMA - INSTITUTO DE HYPODERMIA E FARMÁCIA LTDA;17.174.657/0001-78;1014197252;06/08/2025;TODAS
TRELEGY;GLAXOSMITHKLINE BRASIL LTDA;33.247.743/0001-10;0770641253;09/06/2025;TODAS
LINOFEME;CIFARMA CIENTÍFICA FARMACÊUTICA LTDA;17.562.075/0001-69;0844295256;27/06/2025;TODAS
NORIPURUM EV;BLANVER FARMOQUIMICA E FARMACEUTICA S.A.;53.359.824/0001-19;4408327221;11/07/2022;TODAS
NUVARING;ORGANON FARMACÊUTICA LTDA.;45.987.013/0001-34;0970894244;16/07/2024;TODAS
NORIPURUM FÓLICO;BLANVER FARMOQUIMICA E FARMACEUTICA S.A.;53.359.824/0001-19;4408381225;11/07/2022;TODAS
IMJUDO;ASTRAZENECA DO BRASIL LTDA;60.318.797/0001-00;1155882253;28/08/2025;TODAS
BICERTO IV;EUROFARMA LABORATÓRIOS S.A.;61.190.096/0001-92;0626845238;20/06/2023;TODAS
Histamin;BRAINFARMA INDÚSTRIA QUÍMICA E FARMACÊUTICA S.A;05.161.069/0001-10;3444805217;01/09/2021;TODAS
ATTENZE;EUROFARMA LABORATÓRIOS S.A.;61.190.096/0001-92;0798074256;13/06/2025;TODAS
NAUTEX ODG;ACHÉ LABORATÓRIOS FARMACÊUTICOS S.A;60.659.463/0029-92;1015487246;25/07/2024;TODAS
Hexaxim;SANOFI MEDLEY FARMACÊUTICA LTDA.;10.588.595/0010-92;1187414239;30/10/2023;TODAS
aripiprazol;EMS S/A;57.507.378/0003-65;0266391257;25/02/2025;TODAS
COXETO;GERMED FARMACEUTICA LTDA;45.992.062/0001-65;1184156255;05/09/2025;TODAS
BUSCOFEM GIRLS;COSMED INDUSTRIA DE COSMETICOS E MEDICAMENTOS S.A.;61.082.426/0002-07;1168159245;26/08/2024;TODAS
ZOLPAZ SL;UNIÃO QUÍMICA FARMACÊUTICA NACIONAL S/A;60.665.981/0001-18;1585512249;19/11/2024;TODAS
risedronato sódico;MULTILAB INDUSTRIA E COMERCIO DE PRODUTOS FARMACEUTICOS LTDA;92.265.552/0009-05;1012046257;06/08/2025;TODAS
MISCK;VOLPHARMA DISTRIBUIDORA DE PRODUTOS HOSPITALARES E FARMACÊUTICOS LTDA;14.665.928/0001-08;1238660210;31/03/2021;TODAS
EMBO;BIOLAB SANUS FARMACÊUTICA LTDA;49.475.833/0001-06;0429983239;28/04/2023;TODAS
ZETSIM;ORGANON FARMACÊUTICA LTDA.;45.987.013/0001-34;0499029259;11/04/2025;TODAS
CLONAZEPAM;MULTILAB INDUSTRIA E COMERCIO DE PRODUTOS FARMACEUTICOS LTDA;92.265.552/0009-05;1053061251;13/08/2025;TODAS
levetiracetam;APSEN FARMACEUTICA S/A;62.462.015/0001-29;1669279243;06/12/2024;TODAS
INVANZ;MERCK SHARP & DOHME FARMACEUTICA LTDA.;03.560.974/0001-18;1358336245;03/10/2024;TODAS
apixabana;GERMED FARMACEUTICA LTDA;45.992.062/0001-65;1689615249;10/12/2024;TODAS
fosfato de codeína;MULTILAB INDUSTRIA E COMERCIO DE PRODUTOS FARMACEUTICOS LTDA;92.265.552/0009-05;0657676250;15/05/2025;TODAS
PRIMOSISTON;UNIÃO QUÍMICA FARMACÊUTICA NACIONAL S/A;60.665.981/0001-18;0109253248;29/01/2024;TODAS
NEOVLAR;UNIÃO QUÍMICA FARMACÊUTICA NACIONAL S/A;60.665.981/0001-18;0643337245;15/05/2024;TODAS
PRIMOLUT-NOR;UNIÃO QUÍMICA FARMACÊUTICA NACIONAL S/A;60.665.981/0001-18;0429384246;04/04/2024;TODAS
clonazepam;INSTITUTO BIOCHIMICO INDÚSTRIA FARMACÊUTICA LTDA;33.258.401/0001-03;0848070259;28/06/2025;TODAS
SENGECIL;CRISTÁLIA PRODUTOS QUÍMICOS FARMACÊUTICOS LTDA.;44.734.671/0001-51;0356155251;17/03/2025;TODAS
EMEND INJETÁVEL;MERCK SHARP & DOHME FARMACEUTICA LTDA.;03.560.974/0001-18;0703067249;27/05/2024;TODAS
mirtazapina;LABORATÓRIO TEUTO BRASILEIRO S/A;17.159.229/0001-76;0747757259;03/06/2025;TODAS
meloxicam;MULTILAB INDUSTRIA E COMERCIO DE PRODUTOS FARMACEUTICOS LTDA;92.265.552/0009-05;1012075257;06/08/2025;TODAS
BIO-MANGUINHOS RITUXIMABE;FUNDAÇÃO OSWALDO CRUZ;33.781.055/0001-35;0035949244;11/01/2024;TODAS
VIATINE;ORGANON FARMACÊUTICA LTDA.;45.987.013/0001-34;4640955227;01/09/2022;TODAS
DIUBLOK;EUROFARMA LABORATÓRIOS S.A.;61.190.096/0001-92;0787792241;12/06/2024;TODAS
BEIZOM;SANDOZ DO BRASIL INDÚSTRIA FARMACÊUTICA LTDA;61.286.647/0001-16;0507853245;19/04/2024;TODAS
MERCILON CONTI;ORGANON FARMACÊUTICA LTDA.;45.987.013/0001-34;4314950226;20/06/2022;TODAS
AMALFI;EUROFARMA LABORATÓRIOS S.A.;61.190.096/0001-92;0848604245;21/06/2024;TODAS
Vegzelma;CELLTRION HEALTHCARE DISTRIBUICAO DE PRODUTOS FARMACEUTICOS DOS BRASIL LTDA;05.452.889/0001-61;1343581249;01/10/2024;TODAS
ONDAVON;BRAINFARMA INDÚSTRIA QUÍMICA E FARMACÊUTICA S.A;05.161.069/0001-10;0514806257;15/04/2025;TODAS
cloridrato de venlafaxina;MULTILAB INDUSTRIA E COMERCIO DE PRODUTOS FARMACEUTICOS LTDA;92.265.552/0009-05;0002439255;02/01/2025;TODAS
SETH;UNIÃO QUÍMICA FARMACÊUTICA NACIONAL S/A;60.665.981/0001-18;4537775220;11/08/2022;TODAS
MEGALOTECT;GRIFOLS BRASIL LTDA;02.513.899/0001-71;0794321259;12/06/2025;TODAS
ZEROPIN;ABBOTT LABORATÓRIOS DO BRASIL LTDA;56.998.701/0001-16;0646054252;13/05/2025;TODAS
BEVYX;BIOMM SA;04.752.991/0001-10;1170064256;02/09/2025;TODAS
NITIKABS;PHARMEDIC PHARMACEUTICALS, IMPORTACAO, EXPORTACAO, DISTRIBUICAO, COMERCIO E REPRESENTACOES LTDA;07.453.785/0003-69;0643911251;13/05/2025;TODAS
MILDÊ;LABORATÓRIO GROSS S. A.;33.145.194/0001-72;0571360254;28/04/2025;TODAS
IVERLIV;LEGRAND PHARMA INDÚSTRIA FARMACÊUTICA LTDA;05.044.984/0001-26;0643497234;23/06/2023;TODAS
LAQUIXAN;HIPOLABOR FARMACEUTICA LTDA;19.570.720/0001-10;4831627224;18/10/2022;TODAS
CODEX;UNIÃO QUÍMICA FARMACÊUTICA NACIONAL S/A;60.665.981/0001-18;1428695249;17/10/2024;TODAS
cloridrato de ondansetrona;BRAINFARMA INDÚSTRIA QUÍMICA E FARMACÊUTICA S.A;05.161.069/0001-10;0514782251;15/04/2025;TODAS
amoxicilina;MULTILAB INDUSTRIA E COMERCIO DE PRODUTOS FARMACEUTICOS LTDA;92.265.552/0009-05;0977455254;28/07/2025;TODAS
levofloxacino;BRAINFARMA INDÚSTRIA QUÍMICA E FARMACÊUTICA S.A;05.161.069/0001-10;0120620251;28/01/2025;TODAS
TAVOK;EUROFARMA LABORATÓRIOS S.A.;61.190.096/0001-92;0334715253;12/03/2025;TODAS
LOZEPREL;MULTILAB INDUSTRIA E COMERCIO DE PRODUTOS FARMACEUTICOS LTDA;92.265.552/0009-05;1672097240;06/12/2024;TODAS
SITGLU MET;GERMED FARMACEUTICA LTDA;45.992.062/0001-65;0036984256;10/01/2025;TODAS
ELATIUM;PRATI DONADUZZI & CIA LTDA;73.856.593/0001-66;4796873228;07/10/2022;TODAS
loratadina;UNIÃO QUÍMICA FARMACÊUTICA NACIONAL S/A;60.665.981/0001-18;1580552242;18/11/2024;TODAS
ANDHORA;ZYDUS NIKKHO FARMACÊUTICA LTDA;05.254.971/0001-81;0688227252;22/05/2025;TODAS
TAXOTERE;SANOFI MEDLEY FARMACÊUTICA LTDA.;10.588.595/0010-92;0833184253;25/06/2025;TODAS
OLMY HCT;EMS SIGMA PHARMA LTDA;00.923.140/0001-31;0918064252;15/07/2025;TODAS
IMOVANE;SANOFI MEDLEY FARMACÊUTICA LTDA.;10.588.595/0010-92;0916149251;14/07/2025;TODAS
ARAVA;SANOFI MEDLEY FARMACÊUTICA LTDA.;10.588.595/0010-92;1168115256;02/09/2025;TODAS
cetoconazol+dipropionato de betametasona+sulfato de neomicina;CIMED INDUSTRIA S.A;02.814.497/0001-07;0230464254;18/02/2025;TODAS
ZOUP SL;SUPERA FARMA LABORATÓRIOS S.A;43.312.503/0001-05;0395539251;24/03/2025;TODAS
KYLEENA;BAYER S.A.;18.459.628/0001-15;1634846249;29/11/2024;TODAS
CEFALIUM ONE;ACHÉ LABORATÓRIOS FARMACÊUTICOS S.A;60.659.463/0029-92;1612375243;26/11/2024;TODAS
alendronato de sódio;LABORATÓRIO GLOBO SA;17.115.437/0001-73;0825955254;23/06/2025;TODAS
aciclovir;GEOLAB INDÚSTRIA FARMACÊUTICA S/A;03.485.572/0001-04;2330614217;16/06/2021;TODAS
Fasturtec;SANOFI MEDLEY FARMACÊUTICA LTDA.;10.588.595/0010-92;0720813255;28/05/2025;TODAS
mirtazapina;CIMED INDUSTRIA S.A;02.814.497/0001-07;4994298220;30/11/2022;TODAS
CLABAT;EMS S/A;57.507.378/0003-65;0826463258;23/06/2025;TODAS
olmesartana medoxomila+hidroclorotiazida;LEGRAND PHARMA INDÚSTRIA FARMACÊUTICA LTDA;05.044.984/0001-26;0918151252;15/07/2025;TODAS
olanzapina;GERMED FARMACEUTICA LTDA;45.992.062/0001-65;0732838258;29/05/2025;TODAS
acetilcisteína;GERMED FARMACEUTICA LTDA;45.992.062/0001-65;0689043252;22/05/2025;TODAS
PENTAXIM;SANOFI MEDLEY FARMACÊUTICA LTDA.;10.588.595/0010-92;0916032256;14/07/2025;TODAS
Kozenis;GLAXOSMITHKLINE BRASIL LTDA;33.247.743/0001-10;1145617255;26/08/2025;TODAS
tigeciclina;ACHÉ LABORATÓRIOS FARMACÊUTICOS S.A;60.659.463/0029-92;0436646251;31/03/2025;TODAS
Onaz;PRATI DONADUZZI & CIA LTDA;73.856.593/0001-66;3525259196;20/12/2019;TODAS
EVRYSDI;PRODUTOS ROCHE QUÍMICOS E FARMACÊUTICOS S.A.;33.009.945/0001-23;1119986257;19/08/2025;TODAS
cloridrato de duloxetina;LEGRAND PHARMA INDÚSTRIA FARMACÊUTICA LTDA;05.044.984/0001-26;0999007254;01/08/2025;TODAS
CYMBI;EMS SIGMA PHARMA LTDA;00.923.140/0001-31;0710714254;26/05/2025;TODAS
ciprofibrato;EUROFARMA LABORATÓRIOS S.A.;61.190.096/0001-92;4536798226;11/08/2022;TODAS
cloridrato de pioglitazona;LEGRAND PHARMA INDÚSTRIA FARMACÊUTICA LTDA;05.044.984/0001-26;1195759258;09/09/2025;TODAS
TROL PAR;SUPERA FARMA LABORATÓRIOS S.A;43.312.503/0001-05;0961946253;23/07/2025;TODAS
ADVANTAN;LEO PHARMA LTDA;11.424.477/0001-10;0357293240;22/03/2024;TODAS
TOPIRAMATO;GERMED FARMACEUTICA LTDA;45.992.062/0001-65;1437542247;18/10/2024;TODAS
CLORIDRATO DE DOPAMINA;HYPOFARMA - INSTITUTO DE HYPODERMIA E FARMÁCIA LTDA;17.174.657/0001-78;4254543221;03/06/2022;TODAS
Avsola;AMGEN BIOTECNOLOGIA DO BRASIL LTDA.;18.774.815/0001-93;0864657251;02/07/2025;TODAS
REBRIVE;EUROFARMA LABORATÓRIOS S.A.;61.190.096/0001-92;0913380237;29/08/2023;TODAS
Lorbrena;PFIZER BRASIL LTDA;61.072.393/0001-33;1180019253;04/09/2025;TODAS
butilbrometo de escopolamina;HYPOFARMA - INSTITUTO DE HYPODERMIA E FARMÁCIA LTDA;17.174.657/0001-78;0837449210;03/03/2021;TODAS
everolimo;UNIVERSIDADE FEDERAL DO RIO GRANDE DO NORTE;24.365.710/0001-83;1506723241;01/11/2024;TODAS
everolimo;FUNDAÇÃO OSWALDO CRUZ;33.781.055/0001-35;1493913247;30/10/2024;TODAS
ROXETIN XR;CRISTÁLIA PRODUTOS QUÍMICOS FARMACÊUTICOS LTDA.;44.734.671/0001-51;0060405252;15/01/2025;TODAS
PLAQUINOL;SANOFI MEDLEY FARMACÊUTICA LTDA.;10.588.595/0010-92;1013277252;06/08/2025;TODAS
teriflunomida;ACCORD FARMACÊUTICA LTDA;64.171.697/0001-46;3688282213;17/09/2021;TODAS
VYNKELLA;PFIZER BRASIL LTDA;61.072.393/0001-33;0843586249;20/06/2024;TODAS
gefitinibe;NATCOFARMA DO BRASIL LTDA;08.157.293/0001-27;0757033253;04/06/2025;TODAS
SHINGRIX;GLAXOSMITHKLINE BRASIL LTDA;33.247.743/0001-10;0761622250;05/06/2025;TODAS
GUACOFLUS;AIRELA INDÚSTRIA FARMACÊUTICA LTDA.;01.858.973/0001-29;4944163215;08/12/2021;TODAS
VIDYN D3;EMS S/A;57.507.378/0003-65;5058518228;16/12/2022;TODAS
ALLEXOFEDRIN PEDIÁTRICO;EMS S/A;57.507.378/0003-65;1652584242;03/12/2024;TODAS
NERLYNX;PINT PHARMA PRODUTOS MEDICO-HOSPITALARES E FARMACEUTICOS LTDA;21.896.000/0001-91;0723101248;29/05/2024;TODAS
CONDUVAZ;MABRA FARMACEUTICA LTDA;09.545.589/0001-88;0854264256;30/06/2025;TODAS
Dupixent;SANOFI MEDLEY FARMACÊUTICA LTDA.;10.588.595/0010-92;1058875256;13/08/2025;TODAS
trometamol cetorolaco;HIPOLABOR FARMACEUTICA LTDA;19.570.720/0001-10;1472751248;25/10/2024;TODAS
RISEDROSS;EMS S/A;57.507.378/0003-65;0812187253;18/06/2025;TODAS
OTOMIXYN;EMS S/A;57.507.378/0003-65;0341808253;13/03/2025;TODAS
hemitartarato de zolpidem;ZYDUS NIKKHO FARMACÊUTICA LTDA;05.254.971/0001-81;0617136254;07/05/2025;TODAS
secnidazol;PHARLAB INDÚSTRIA FARMACÊUTICA S.A.;02.501.297/0001-02;0659269252;15/05/2025;TODAS
Balefio;DR. REDDYS FARMACÊUTICA DO BRASIL LTDA;03.978.166/0001-75;0677551258;20/05/2025;TODAS
minoxidil;LEGRAND PHARMA INDÚSTRIA FARMACÊUTICA LTDA;05.044.984/0001-26;0380296250;20/03/2025;TODAS
ALLOVITA;LEGRAND PHARMA INDÚSTRIA FARMACÊUTICA LTDA;05.044.984/0001-26;0380260255;20/03/2025;TODAS
CAPY;GERMED FARMACEUTICA LTDA;45.992.062/0001-65;0380202255;20/03/2025;TODAS
ZAVESCA;JANSSEN-CILAG FARMACÊUTICA LTDA;51.780.468/0001-87;1608877248;25/11/2024;TODAS
Nabota;MOKSHA8 BRASIL INDUSTRIA E COMERCIO DE MEDICAMENTOS LTDA;07.591.326/0001-80;0335228259;12/03/2025;TODAS
SOCIAN;SANOFI MEDLEY FARMACÊUTICA LTDA.;10.588.595/0010-92;1728706246;18/12/2024;TODAS
ácido valpróico;BIOLAB SANUS FARMACÊUTICA LTDA;49.475.833/0001-06;1697867243;12/12/2024;TODAS
IBUPROFENO;CIFARMA CIENTÍFICA FARMACÊUTICA LTDA;17.562.075/0001-69;0764897250;06/06/2025;TODAS
ZYTIGA®;JANSSEN-CILAG FARMACÊUTICA LTDA;51.780.468/0001-87;1211843246;03/09/2024;TODAS
GLIBENCLAMIDA;ACHÉ LABORATÓRIOS FARMACÊUTICOS S.A;60.659.463/0029-92;0474631197;28/05/2019;TODAS
cloridrato de tansulosina;BIOLAB SANUS FARMACÊUTICA LTDA;49.475.833/0001-06;1493719211;19/04/2021;TODAS
NOSTIL;CRISTÁLIA PRODUTOS QUÍMICOS FARMACÊUTICOS LTDA.;44.734.671/0001-51;0468488251;04/04/2025;TODAS
MOZOBIL;SANOFI MEDLEY FARMACÊUTICA LTDA.;10.588.595/0010-92;1305980247;23/09/2024;TODAS
PRATIPRAZOL;PRATI DONADUZZI & CIA LTDA;73.856.593/0001-66;0960818243;15/07/2024;TODAS
cloridrato de fluoxetina;PRATI DONADUZZI & CIA LTDA;73.856.593/0001-66;0338097244;19/03/2024;TODAS
ZIRK;ACHÉ LABORATÓRIOS FARMACÊUTICOS S.A;60.659.463/0029-92;0490397239;15/05/2023;TODAS
UNIZINCO;MYRALIS INDÚSTRIA FARMACÊUTICA LTDA;17.440.261/0001-25;0342406256;13/03/2025;TODAS
CLOROQUINA DIFOSFATO;FUNDAÇÃO OSWALDO CRUZ;33.781.055/0001-35;1007293250;05/08/2025;TODAS
THYMOGLOBULINE;SANOFI MEDLEY FARMACÊUTICA LTDA.;10.588.595/0010-92;0991903251;31/07/2025;TODAS
PILOCAN;CRISTÁLIA PRODUTOS QUÍMICOS FARMACÊUTICOS LTDA.;44.734.671/0001-51;0472878255;07/04/2025;TODAS
Symdeko;VERTEX FARMACEUTICA DO BRASIL LTDA.;21.798.065/0001-02;0043475248;13/01/2024;TODAS
desloratadina;CIFARMA CIENTÍFICA FARMACÊUTICA LTDA;17.562.075/0001-69;1216336245;04/09/2024;TODAS
RIZI-M;COSMED INDUSTRIA DE COSMETICOS E MEDICAMENTOS S.A.;61.082.426/0002-07;0324349214;25/01/2021;TODAS
CLORIDRATO DE DOXICICLINA;LABORATÓRIO TEUTO BRASILEIRO S/A;17.159.229/0001-76;0004532236;03/01/2023;TODAS
GABAPENTINA;ACHÉ LABORATÓRIOS FARMACÊUTICOS S.A;60.659.463/0029-92;0908474237;28/08/2023;TODAS
propofol;FRESENIUS KABI BRASIL LTDA;49.324.221/0001-04;1018215247;25/07/2024;TODAS
cloridrato de ranitidina;GEOLAB INDÚSTRIA FARMACÊUTICA S/A;03.485.572/0001-04;1151813188;06/12/2018;TODAS
CORAMENT;LABORATÓRIOS FERRING LTDA;74.232.034/0001-48;1197842241;30/08/2024;TODAS
hemifumarato de quetiapina;NOVARTIS BIOCIENCIAS S.A;56.994.502/0001-30;3383155218;27/08/2021;TODAS
hemifumarato de quetiapina;ACCORD FARMACÊUTICA LTDA;64.171.697/0001-46;3719796213;20/09/2021;TODAS
THYROGEN;SANOFI MEDLEY FARMACÊUTICA LTDA.;10.588.595/0010-92;0720941253;28/05/2025;TODAS
ZYMEA;ZYDUS NIKKHO FARMACÊUTICA LTDA;05.254.971/0001-81;1424548225;28/03/2022;TODAS
cloridrato de tirofibana monoidratado;ANTIBIÓTICOS DO BRASIL LTDA;05.439.635/0001-03;4477077220;29/07/2022;TODAS
VITRAKVI;BAYER S.A.;18.459.628/0001-15;0539577251;22/04/2025;TODAS
cetoprofeno;GERMED FARMACEUTICA LTDA;45.992.062/0001-65;0053041259;14/01/2025;TODAS
cilostazol;EMS S/A;57.507.378/0003-65;0810266253;17/06/2025;TODAS
Vosevi;GILEAD SCIENCES FARMACEUTICA DO BRASIL LTDA;15.670.288/0001-89;1488217246;29/10/2024;TODAS
PERIVASC;EUROFARMA LABORATÓRIOS S.A.;61.190.096/0001-92;5065107220;16/12/2022;TODAS
cloridrato de bupropiona;LEGRAND PHARMA INDÚSTRIA FARMACÊUTICA LTDA;05.044.984/0001-26;0857735250;30/06/2025;TODAS
cloridrato de tramadol;PRATI DONADUZZI & CIA LTDA;73.856.593/0001-66;0002660253;02/01/2025;TODAS
PIELUS MX;COSMED INDUSTRIA DE COSMETICOS E MEDICAMENTOS S.A.;61.082.426/0002-07;0723621250;28/05/2025;TODAS
PLENANCE EZE;LIBBS FARMACÊUTICA LTDA;61.230.314/0001-75;1197186255;09/09/2025;TODAS
cloridrato de metilfenidato;EUROFARMA LABORATÓRIOS S.A.;61.190.096/0001-92;0798345250;13/06/2025;TODAS
anastrozol;BLAU FARMACÊUTICA S.A.;58.430.828/0001-60;1315478242;25/09/2024;TODAS
IBUVIX;GEOLAB INDÚSTRIA FARMACÊUTICA S/A;03.485.572/0001-04;1767960247;27/12/2024;TODAS
POLAPIC;EMS S/A;57.507.378/0003-65;4943769225;16/11/2022;TODAS
LAVIE;PRATI DONADUZZI & CIA LTDA;73.856.593/0001-66;0228766257;18/02/2025;TODAS
HORMOSKIN ONE;GERMED FARMACEUTICA LTDA;45.992.062/0001-65;1004093250;04/08/2025;TODAS
DOXATIVO;LEGRAND PHARMA INDÚSTRIA FARMACÊUTICA LTDA;05.044.984/0001-26;1002050251;04/08/2025;TODAS
ZOLREM SL;GERMED FARMACEUTICA LTDA;45.992.062/0001-65;0052855252;14/01/2025;TODAS
NOVAMICIN;FRESENIUS KABI BRASIL LTDA;49.324.221/0001-04;1501305247;31/10/2024;TODAS
acetilcisteína;EMS S/A;57.507.378/0003-65;0688881254;22/05/2025;TODAS
Cloridrato de fexofenadina;LABORATÓRIO TEUTO BRASILEIRO S/A;17.159.229/0001-76;0787409251;11/06/2025;TODAS
Cinryze;TAKEDA PHARMA LTDA.;60.397.775/0001-74;0320467236;30/03/2023;TODAS
dolutegravir sódico;FUNDAÇÃO OSWALDO CRUZ;33.781.055/0001-35;0814667252;18/06/2025;TODAS
AGOXOM;LABORATÓRIOS SERVIER DO BRASIL LTDA;42.374.207/0001-76;1735634247;19/12/2024;TODAS
AREXVY;GLAXOSMITHKLINE BRASIL LTDA;33.247.743/0001-10;1006487255;05/08/2025;TODAS
succinato de metoprolol;PHARLAB INDÚSTRIA FARMACÊUTICA S.A.;02.501.297/0001-02;1450672230;20/12/2023;TODAS
PICBAM;COSMED INDUSTRIA DE COSMETICOS E MEDICAMENTOS S.A.;61.082.426/0002-07;0153612231;14/02/2023;TODAS
Zolgensma;NOVARTIS BIOCIENCIAS S.A;56.994.502/0001-30;0727616251;29/05/2025;TODAS
montelucaste de sódio;LEGRAND PHARMA INDÚSTRIA FARMACÊUTICA LTDA;05.044.984/0001-26;1149488255;27/08/2025;TODAS
TAM;SUPERA FARMA LABORATÓRIOS S.A;43.312.503/0001-05;1010251252;06/08/2025;TODAS
NEOPROFEN;RECORDATI RARE DISEASES COMÉRCIO DE MEDICAMENTOS LTDA - ME;53.056.057/0001-79;0156022257;04/02/2025;TODAS
TROL;SUPERA FARMA LABORATÓRIOS S.A;43.312.503/0001-05;0210755253;14/02/2025;TODAS
VPRIV;TAKEDA PHARMA LTDA.;60.397.775/0001-74;1494627248;30/10/2024;TODAS
OXACILIL;FRESENIUS KABI BRASIL LTDA;49.324.221/0001-04;1349209244;01/10/2024;TODAS
EUTYMIA XL;GERMED FARMACEUTICA LTDA;45.992.062/0001-65;1487880243;29/10/2024;TODAS
rosuvastatina cálcica;PHARLAB INDÚSTRIA FARMACÊUTICA S.A.;02.501.297/0001-02;1179672259;04/09/2025;TODAS
VABAM;COSMED INDUSTRIA DE COSMETICOS E MEDICAMENTOS S.A.;61.082.426/0002-07;0751923257;03/06/2025;TODAS
pirfenidona;SANDOZ DO BRASIL INDÚSTRIA FARMACÊUTICA LTDA;61.286.647/0001-16;0936550252;18/07/2025;TODAS
KEDAXYL;CIFARMA CIENTÍFICA FARMACÊUTICA LTDA;17.562.075/0001-69;0380066254;20/03/2025;TODAS
BRIXAG;LEGRAND PHARMA INDÚSTRIA FARMACÊUTICA LTDA;05.044.984/0001-26;1021972258;08/08/2025;TODAS
BYCAL 150;ACCORD FARMACÊUTICA LTDA;64.171.697/0001-46;1172818258;03/09/2025;TODAS
LENZETTO;GEDEON RICHTER DO BRASIL IMPORTADORA, EXPORTADORA E DISTRIBUIDORA S.A.;12.134.906/0002-69;1471754243;25/10/2024;TODAS
SOLUÇÃO DE BICARBONATO DE SÓDIO 8,4% HALEX ISTAR;HALEX ISTAR INDÚSTRIA FARMACÊUTICA SA;01.571.702/0001-98;0978915154;10/11/2015;TODAS
TEPMETKO;MERCK S/A;33.069.212/0001-84;0536563233;26/05/2023;TODAS
succinato de solifenacina;ACCORD FARMACÊUTICA LTDA;64.171.697/0001-46;0184097240;16/02/2024;TODAS
aciclovir;GERMED FARMACEUTICA LTDA;45.992.062/0001-65;0568942256;28/04/2025;TODAS
daptomicina;ACCORD FARMACÊUTICA LTDA;64.171.697/0001-46;0391794230;19/04/2023;TODAS
BENALET;KENVUE LTDA.;59.748.988/0001-14;0834846250;25/06/2025;TODAS
hemitartarato de zolpidem;EMS S/A;57.507.378/0003-65;0054841259;14/01/2025;TODAS
AZELAN;LEO PHARMA LTDA;11.424.477/0001-10;0386399247;27/03/2024;TODAS
ORFADIN;INNOVATIVE MEDICINES BRASIL SP DISTRIBUICAO DE MEDICAMENTOS LTDA;21.810.980/0001-68;1112528245;14/08/2024;TODAS
SUCROFER;UNIÃO QUÍMICA FARMACÊUTICA NACIONAL S/A;60.665.981/0001-18;1736902245;19/12/2024;TODAS
CLINBACTER;UNIÃO QUÍMICA FARMACÊUTICA NACIONAL S/A;60.665.981/0001-18;0767561252;06/06/2025;TODAS
HC - GLICORAD;HOSPITAL DAS CLINICAS DA FACULDADE DE MEDICINA DA USP;60.448.040/0001-22;4125353212;19/10/2021;TODAS
HYQVIA;TAKEDA PHARMA LTDA.;60.397.775/0001-74;1157260250;29/08/2025;TODAS
ONEGRIPE;1FARMA INDUSTRIA FARMACEUTICA LTDA;48.113.906/0001-49;4923622229;09/11/2022;TODAS
ZELLA;COSMED INDUSTRIA DE COSMETICOS E MEDICAMENTOS S.A.;61.082.426/0002-07;0268302243;05/03/2024;TODAS
FLIXONASE;PF Consumer Healthcare Brazil Importadora e Distribuidora de Medicamentos Ltda;30.872.270/0001-53;0466355238;09/05/2023;TODAS
tigeciclina;BLAU FARMACÊUTICA S.A.;58.430.828/0001-60;0282354255;27/02/2025;TODAS
BYLVAY;BEAUFOUR IPSEN FARMACÊUTICA LTDA;07.718.721/0001-80;0201446251;12/02/2025;TODAS
AREMAZ;MULTILAB INDUSTRIA E COMERCIO DE PRODUTOS FARMACEUTICOS LTDA;92.265.552/0009-05;0177168242;15/02/2024;TODAS
RESFEGRIPE;MULTILAB INDUSTRIA E COMERCIO DE PRODUTOS FARMACEUTICOS LTDA;92.265.552/0009-05;0101852240;26/01/2024;TODAS
ARPEJO;EMS S/A;57.507.378/0003-65;0684501252;21/05/2025;TODAS
EVRA;GEDEON RICHTER DO BRASIL IMPORTADORA, EXPORTADORA E DISTRIBUIDORA S.A.;12.134.906/0002-69;0475571240;15/04/2024;TODAS
risperidona;LABORATÓRIO GLOBO SA;17.115.437/0001-73;0817035257;19/06/2025;TODAS
prednisona;INSTITUTO BIOCHIMICO INDÚSTRIA FARMACÊUTICA LTDA;33.258.401/0001-03;0849026253;28/06/2025;TODAS
OCYLIN;MULTILAB INDUSTRIA E COMERCIO DE PRODUTOS FARMACEUTICOS LTDA;92.265.552/0009-05;0977480259;28/07/2025;TODAS
CLINDELLA;MULTILAB INDUSTRIA E COMERCIO DE PRODUTOS FARMACEUTICOS LTDA;92.265.552/0009-05;0289176255;28/02/2025;TODAS
LEUSTATIN;Mawdsleys Pharmaceuticals do Brasil Ltda;19.501.429/0001-90;0212582259;14/02/2025;TODAS
cloridrato de duloxetina;MULTILAB INDUSTRIA E COMERCIO DE PRODUTOS FARMACEUTICOS LTDA;92.265.552/0009-05;0939867257;21/07/2025;TODAS
KOPREXX;ACHÉ LABORATÓRIOS FARMACÊUTICOS S.A;60.659.463/0029-92;0249162237;13/03/2023;TODAS
ECOXE;COSMED INDUSTRIA DE COSMETICOS E MEDICAMENTOS S.A.;61.082.426/0002-07;0562505237;01/06/2023;TODAS
cloridrato de naratriptana;GERMED FARMACEUTICA LTDA;45.992.062/0001-65;1169803253;02/09/2025;TODAS
aciclovir;BLAU FARMACÊUTICA S.A.;58.430.828/0001-60;0875258247;26/06/2024;TODAS
secnidazol;MULTILAB INDUSTRIA E COMERCIO DE PRODUTOS FARMACEUTICOS LTDA;92.265.552/0009-05;0278022251;27/02/2025;TODAS
rosuvastatina cálcica;MULTILAB INDUSTRIA E COMERCIO DE PRODUTOS FARMACEUTICOS LTDA;92.265.552/0009-05;1173190252;03/09/2025;TODAS
OJJAARA;GLAXOSMITHKLINE BRASIL LTDA;33.247.743/0001-10;0411224255;26/03/2025;TODAS
MIRANOVA;UNIÃO QUÍMICA FARMACÊUTICA NACIONAL S/A;60.665.981/0001-18;0766945243;07/06/2024;TODAS
mirtazapina;MULTILAB INDUSTRIA E COMERCIO DE PRODUTOS FARMACEUTICOS LTDA;92.265.552/0009-05;4988968227;29/11/2022;TODAS
topiramato;MULTILAB INDUSTRIA E COMERCIO DE PRODUTOS FARMACEUTICOS LTDA;92.265.552/0009-05;1437696244;18/10/2024;TODAS
AAS;COSMED INDUSTRIA DE COSMETICOS E MEDICAMENTOS S.A.;61.082.426/0002-07;0899369251;09/07/2025;TODAS
DISPETIC;ACHÉ LABORATÓRIOS FARMACÊUTICOS S.A;60.659.463/0029-92;1113118253;18/08/2025;TODAS
pregabalina;MULTILAB INDUSTRIA E COMERCIO DE PRODUTOS FARMACEUTICOS LTDA;92.265.552/0009-05;0502066253;11/04/2025;TODAS
succinato de metoprolol;CIMED INDUSTRIA S.A;02.814.497/0001-07;0887760252;07/07/2025;TODAS
VISIOPRED;GEOLAB INDÚSTRIA FARMACÊUTICA S/A;03.485.572/0001-04;0168028255;06/02/2025;TODAS
MERCILON;ORGANON FARMACÊUTICA LTDA.;45.987.013/0001-34;4314925221;20/06/2022;TODAS
PANTOMIX;ACHÉ LABORATÓRIOS FARMACÊUTICOS S.A;60.659.463/0029-92;0110607236;02/02/2023;TODAS
levetiracetam;EMS S/A;57.507.378/0003-65;1419989243;16/10/2024;TODAS
ROPOLIVY;PRODUTOS ROCHE QUÍMICOS E FARMACÊUTICOS S.A.;33.009.945/0001-23;1154405257;28/08/2025;TODAS
acetato de terlipressina;VOLPHARMA DISTRIBUIDORA DE PRODUTOS HOSPITALARES E FARMACÊUTICOS LTDA;14.665.928/0001-08;0451751230;05/05/2023;TODAS
FERINJECT;BLANVER FARMOQUIMICA E FARMACEUTICA S.A.;53.359.824/0001-19;0402146247;01/04/2024;TODAS
BIMATOPROSTA;MULTILAB INDUSTRIA E COMERCIO DE PRODUTOS FARMACEUTICOS LTDA;92.265.552/0009-05;4982245223;25/11/2022;TODAS
SANPRONOL;HIPOLABOR FARMACEUTICA LTDA;19.570.720/0001-10;1395493243;10/10/2024;TODAS
cloridrato de metilfenidato;MULTILAB INDUSTRIA E COMERCIO DE PRODUTOS FARMACEUTICOS LTDA;92.265.552/0009-05;0905996259;10/07/2025;TODAS
carfilzomibe;NATCOFARMA DO BRASIL LTDA;08.157.293/0001-27;0844252255;27/06/2025;TODAS
ACECLOFENACO;MULTILAB INDUSTRIA E COMERCIO DE PRODUTOS FARMACEUTICOS LTDA;92.265.552/0009-05;0975453254;28/07/2025;TODAS
cloridrato de tansulosina;EUROFARMA LABORATÓRIOS S.A.;61.190.096/0001-92;5008306227;02/12/2022;TODAS
ANDOLBA;EUROFARMA LABORATÓRIOS S.A.;61.190.096/0001-92;1290405247;19/09/2024;TODAS
ATAK CLAV;EUROFARMA LABORATÓRIOS S.A.;61.190.096/0001-92;1001584252;04/08/2025;TODAS
hemitartarato de zolpidem;TORRENT DO BRASIL LTDA;33.078.528/0001-32;0079933246;22/01/2024;TODAS
Gésico Duo;EUROFARMA LABORATÓRIOS S.A.;61.190.096/0001-92;0840662246;20/06/2024;TODAS
dipirona monoidratada;GERMED FARMACEUTICA LTDA;45.992.062/0001-65;0443818258;01/04/2025;TODAS
ZOPIX;EMS S/A;57.507.378/0003-65;2627369229;28/04/2022;TODAS
paracetamol + carisoprodol + diclofenaco sódico + cafeína;UNIÃO QUÍMICA FARMACÊUTICA NACIONAL S/A;60.665.981/0001-18;0661557243;17/05/2024;TODAS
NOURIN;SUPERA FARMA LABORATÓRIOS S.A;43.312.503/0001-05;0502811251;11/04/2025;TODAS
BENZOILMETRONIDAZOL;BELFAR LTDA;18.324.343/0001-77;0548233241;25/04/2024;TODAS
Cloridrato de Lincomicina;HYPOFARMA - INSTITUTO DE HYPODERMIA E FARMÁCIA LTDA;17.174.657/0001-78;1605568213;27/04/2021;TODAS
aceclofenaco;EUROFARMA LABORATÓRIOS S.A.;61.190.096/0001-92;1222682231;07/11/2023;TODAS
KNORTEX;MULTILAB INDUSTRIA E COMERCIO DE PRODUTOS FARMACEUTICOS LTDA;92.265.552/0009-05;5086938228;22/12/2022;TODAS
SABINE;ACHÉ LABORATÓRIOS FARMACÊUTICOS S.A;60.659.463/0029-92;0611308231;15/06/2023;TODAS
AORTT;LABORATÓRIO FARMACÊUTICO VITAMED LTDA;29.346.301/0001-53;1556067208;18/05/2020;TODAS
Onpattro;SPECIALTY PHARMA GOIAS LTDA;31.731.807/0001-28;0191811254;11/02/2025;TODAS
OLMEDIX;EMS S/A;57.507.378/0003-65;0923815252;16/07/2025;TODAS
OLMEGRAN;LEGRAND PHARMA INDÚSTRIA FARMACÊUTICA LTDA;05.044.984/0001-26;0923520252;16/07/2025;TODAS
LUTAB;DAIICHI SANKYO BRASIL FARMACÊUTICA LTDA;60.874.187/0001-84;0854254251;30/06/2025;TODAS
maleato de enalapril;BELFAR LTDA;18.324.343/0001-77;0972146253;25/07/2025;TODAS
EXHER;NATCOFARMA DO BRASIL LTDA;08.157.293/0001-27;1263677240;13/09/2024;TODAS
GEFIB;Camber Farmaceutica Ltda;24.633.934/0001-29;0216632234;03/03/2023;TODAS
PIOTAZ;GERMED FARMACEUTICA LTDA;45.992.062/0001-65;1196933251;09/09/2025;TODAS
cloridrato de pioglitazona;GERMED FARMACEUTICA LTDA;45.992.062/0001-65;1196309256;09/09/2025;TODAS
losartana potássica;PHARLAB INDÚSTRIA FARMACÊUTICA S.A.;02.501.297/0001-02;4819477226;14/10/2022;TODAS
mirtazapina;TORRENT DO BRASIL LTDA;33.078.528/0001-32;0795153252;13/06/2025;TODAS
OLMY;EMS SIGMA PHARMA LTDA;00.923.140/0001-31;0924071257;16/07/2025;TODAS
olmesartana medoxomila;LEGRAND PHARMA INDÚSTRIA FARMACÊUTICA LTDA;05.044.984/0001-26;0923473254;16/07/2025;TODAS
NEBITAH;ACHÉ LABORATÓRIOS FARMACÊUTICOS S.A;60.659.463/0029-92;1120097231;19/10/2023;TODAS
IMBRUVICA;JANSSEN-CILAG FARMACÊUTICA LTDA;51.780.468/0001-87;0815656254;18/06/2025;TODAS
FEMMESIL;EMS S/A;57.507.378/0003-65;1472015219;17/04/2021;TODAS
NEXT;UNIÃO QUÍMICA FARMACÊUTICA NACIONAL S/A;60.665.981/0001-18;0381373258;20/03/2025;TODAS
DESOGESTREL;ACHÉ LABORATÓRIOS FARMACÊUTICOS S.A;60.659.463/0029-92;0405696256;25/03/2025;TODAS
CLOPE;EMS S/A;57.507.378/0003-65;0835218252;25/06/2025;TODAS
DENPRYX;FARMOQUÍMICA S/A;33.349.473/0001-58;0269101250;26/02/2025;TODAS
BETACORTAZOL;BELFAR LTDA;18.324.343/0001-77;0048490253;14/01/2025;TODAS
GIVLAARI;SPECIALTY PHARMA GOIAS LTDA;31.731.807/0001-28;0991413253;31/07/2025;TODAS
NENE DENT N;COSMED INDUSTRIA DE COSMETICOS E MEDICAMENTOS S.A.;61.082.426/0002-07;2398536211;21/06/2021;TODAS
LIVTENCITY;TAKEDA PHARMA LTDA.;60.397.775/0001-74;0879667257;04/07/2025;TODAS
XPREZA;NATCOFARMA DO BRASIL LTDA;08.157.293/0001-27;0379285258;20/03/2025;TODAS
cloridrato de ondansetrona dihidratado;EMS S/A;57.507.378/0003-65;0122310250;28/01/2025;TODAS
CRONOBE COMPLEX IM;BIOLAB SANUS FARMACÊUTICA LTDA;49.475.833/0001-06;1700428241;12/12/2024;TODAS
vildagliptina;RANBAXY FARMACÊUTICA LTDA;73.663.650/0001-90;1174129255;03/09/2025;TODAS
ATAK CLAV;EUROFARMA LABORATÓRIOS S.A.;61.190.096/0001-92;0921458258;15/07/2025;TODAS
VAXNEUVANCE;MERCK SHARP & DOHME FARMACEUTICA LTDA.;03.560.974/0001-18;1358417245;03/10/2024;TODAS
PERLUMES;LEGRAND PHARMA INDÚSTRIA FARMACÊUTICA LTDA;05.044.984/0001-26;1739627245;19/12/2024;TODAS
TELD HCT;TORRENT DO BRASIL LTDA;33.078.528/0001-32;0804169250;16/06/2025;TODAS
DIMORF BOLSA;CRISTÁLIA PRODUTOS QUÍMICOS FARMACÊUTICOS LTDA.;44.734.671/0001-51;0492862257;10/04/2025;TODAS
acetato de dexametasona;HIPOLABOR FARMACEUTICA LTDA;19.570.720/0001-10;4727820226;22/09/2022;TODAS
cetoconazol + dipropionato de betametasona + sulfato de neomicina;MULTILAB INDUSTRIA E COMERCIO DE PRODUTOS FARMACEUTICOS LTDA;92.265.552/0009-05;4982513228;25/11/2022;TODAS
MOTRAZ;EUROFARMA LABORATÓRIOS S.A.;61.190.096/0001-92;0570854253;28/04/2025;TODAS
BOTOX;ABBVIE FARMACÊUTICA LTDA.;15.800.545/0001-50;0401085252;25/03/2025;TODAS
besilato de levanlodipino;GERMED FARMACEUTICA LTDA;45.992.062/0001-65;4266983221;07/06/2022;TODAS
FLAMADOR;LEGRAND PHARMA INDÚSTRIA FARMACÊUTICA LTDA;05.044.984/0001-26;0052955257;14/01/2025;TODAS
Lenvima;UNITED MEDICAL LTDA;68.949.239/0001-46;0980038251;29/07/2025;TODAS
HILUROPT;GEOLAB INDÚSTRIA FARMACÊUTICA S/A;03.485.572/0001-04;1087137250;15/08/2025;TODAS
valsartana + hidroclorotiazida;ZYDUS NIKKHO FARMACÊUTICA LTDA;05.254.971/0001-81;0068621212;06/01/2021;TODAS
glibenclamida;MEDQUIMICA INDUSTRIA FARMACEUTICA LTDA.;17.875.154/0001-20;0334963257;12/03/2025;TODAS
Zostide;LIBBS FARMACÊUTICA LTDA;61.230.314/0001-75;1638671249;29/11/2024;TODAS
RISEDRONATO SÓDICO;LEGRAND PHARMA INDÚSTRIA FARMACÊUTICA LTDA;05.044.984/0001-26;4992169228;29/11/2022;TODAS
FORLUT;BIOLAB SANUS FARMACÊUTICA LTDA;49.475.833/0001-06;0813409250;18/06/2025;TODAS
PROPALOL;LABORATÓRIO GLOBO SA;17.115.437/0001-73;0777700255;10/06/2025;TODAS
rosuvastatina cálcica;BRAINFARMA INDÚSTRIA QUÍMICA E FARMACÊUTICA S.A;05.161.069/0001-10;0349430233;06/04/2023;TODAS
ALCACHOFRA VIDORA;VIDORA FARMACÊUTICA LTDA;92.762.277/0001-70;2245883217;10/06/2021;TODAS
pantoprazol;ACHÉ LABORATÓRIOS FARMACÊUTICOS S.A;60.659.463/0029-92;0669774251;19/05/2025;TODAS
PEITORAL MARTEL;KLEY HERTZ FARMACEUTICA S.A;92.695.691/0001-03;0970011253;25/07/2025;TODAS
levofloxacino hemi-hidratado;HALEX ISTAR INDÚSTRIA FARMACÊUTICA SA;01.571.702/0001-98;0803281251;16/06/2025;TODAS
cloridrato de clonidina;FRESENIUS KABI BRASIL LTDA;49.324.221/0001-04;1738045242;19/12/2024;TODAS
haloperidol;FRESENIUS KABI BRASIL LTDA;49.324.221/0001-04;1565497244;13/11/2024;TODAS
risedronato sódico;EMS S/A;57.507.378/0003-65;1011844257;06/08/2025;TODAS
nimesulida;MULTILAB INDUSTRIA E COMERCIO DE PRODUTOS FARMACEUTICOS LTDA;92.265.552/0009-05;1561117215;23/04/2021;TODAS
loratadina + sulfato de pseudoefedrina;ACHÉ LABORATÓRIOS FARMACÊUTICOS S.A;60.659.463/0029-92;1148843256;27/08/2025;TODAS
FENAXXE;CIMED INDUSTRIA S.A;02.814.497/0001-07;2864550202;25/08/2020;TODAS
CLORIDRATO DE FEXOFENADINA;1FARMA INDUSTRIA FARMACEUTICA LTDA;48.113.906/0001-49;2864936202;25/08/2020;TODAS
XIFAXAN;BIOLAB SANUS FARMACÊUTICA LTDA;49.475.833/0001-06;1360637219;09/04/2021;TODAS
ZIRABEV;PFIZER BRASIL LTDA;61.072.393/0001-33;1103621238;16/10/2023;TODAS
BORMIB;CRISTÁLIA PRODUTOS QUÍMICOS FARMACÊUTICOS LTDA.;44.734.671/0001-51;1638580243;29/11/2024;TODAS
KOKSARA;LABORATÓRIO QUÍMICO FARMACÊUTICO BERGAMO LTDA;61.282.661/0001-41;0316216232;29/03/2023;TODAS
Prysma;EUROFARMA LABORATÓRIOS S.A.;61.190.096/0001-92;0437488250;31/03/2025;TODAS
Anya;SUN FARMACÊUTICA DO BRASIL LTDA;05.035.244/0001-23;0247863254;21/02/2025;TODAS
ZIMIEX;MERCK S/A;33.069.212/0001-84;1085304230;11/10/2023;TODAS
EMIBAZET;MULTILAB INDUSTRIA E COMERCIO DE PRODUTOS FARMACEUTICOS LTDA;92.265.552/0009-05;1044778253;12/08/2025;TODAS
lamotrigina;GEOLAB INDÚSTRIA FARMACÊUTICA S/A;03.485.572/0001-04;0680483250;21/05/2025;TODAS
Mylus;UNIÃO QUÍMICA FARMACÊUTICA NACIONAL S/A;60.665.981/0001-18;2261934211;11/06/2021;TODAS
alendronato de sódio;1FARMA INDUSTRIA FARMACEUTICA LTDA;48.113.906/0001-49;0105475199;04/02/2019;TODAS
DIVALPROATO DE SODIO;RANBAXY FARMACÊUTICA LTDA;73.663.650/0001-90;0263968251;25/02/2025;TODAS
fluconazol;FARMACE INDÚSTRIA QUÍMICO-FARMACÊUTICA CEARENSE LTDA;06.628.333/0001-46;0463635256;04/04/2025;TODAS
PELGRAZ;ACCORD FARMACÊUTICA LTDA;64.171.697/0001-46;5009986221;02/12/2022;TODAS
cloridrato de fexofenadina;BRAINFARMA INDÚSTRIA QUÍMICA E FARMACÊUTICA S.A;05.161.069/0001-10;0858470250;30/06/2025;TODAS
aripiprazol;PRATI DONADUZZI & CIA LTDA;73.856.593/0001-66;1124673237;19/10/2023;TODAS
ATELOP;EMS S/A;57.507.378/0003-65;0620436255;08/05/2025;TODAS
etodolaco;LEGRAND PHARMA INDÚSTRIA FARMACÊUTICA LTDA;05.044.984/0001-26;0844294250;27/06/2025;TODAS
losartana potássica + hidroclorotiazida;ACHÉ LABORATÓRIOS FARMACÊUTICOS S.A;60.659.463/0029-92;0360662251;18/03/2025;TODAS
DICLORIDRATO DE BETAISTINA;ACHÉ LABORATÓRIOS FARMACÊUTICOS S.A;60.659.463/0029-92;0713137258;27/05/2025;TODAS
glimepirida + cloridrato de metformina;EMS S/A;57.507.378/0003-65;0412530252;26/03/2025;TODAS
BROMOPRIDA;ACHÉ LABORATÓRIOS FARMACÊUTICOS S.A;60.659.463/0029-92;1066243255;14/08/2025;TODAS
telmisartana;Althaia S.A Indústria Farmacêutica;48.344.725/0007-19;0097588253;23/01/2025;TODAS
APRAZ;COSMED INDUSTRIA DE COSMETICOS E MEDICAMENTOS S.A.;61.082.426/0002-07;0151869235;14/02/2023;TODAS
TINTURA DE ESPINHEIRA DIVINA COMPOSTA;VIDORA FARMACÊUTICA LTDA;92.762.277/0001-70;2263071211;11/06/2021;TODAS
POSLOV;CIFARMA CIENTÍFICA FARMACÊUTICA LTDA;17.562.075/0001-69;0472951254;07/04/2025;TODAS
CONCÁRDIO;EMS S/A;57.507.378/0003-65;0966337255;24/07/2025;TODAS
sulfato de hidroxicloroquina;EUROFARMA LABORATÓRIOS S.A.;61.190.096/0001-92;0323291252;10/03/2025;TODAS
cloridrato de moxifloxacino;GEOLAB INDÚSTRIA FARMACÊUTICA S/A;03.485.572/0001-04;0717898253;27/05/2025;TODAS
azitromicina di-hidratada;MANDALA BRASIL IMPORTAÇÃO E DISTRIBUIÇÃO DE PRODUTO MÉDICO HOSPITALAR LTDA;09.117.476/0001-81;0974572241;17/07/2024;TODAS
SCAFLOGIN GOTAS;LABORATÓRIO GLOBO SA;17.115.437/0001-73;2668277221;03/05/2022;TODAS
sulfato de polimixina B;ANTIBIÓTICOS DO BRASIL LTDA;05.439.635/0001-03;4635593223;31/08/2022;TODAS
SUTENT;PFIZER BRASIL LTDA;61.072.393/0001-33;1258348241;12/09/2024;TODAS
VECASTEN;MARJAN INDÚSTRIA E COMÉRCIO LTDA;60.726.692/0001-81;0510065252;14/04/2025;TODAS
besilato de atracúrio;FRESENIUS KABI BRASIL LTDA;49.324.221/0001-04;0001302248;02/01/2024;TODAS
MAGNESIA BISURADA;ASPEN PHARMA INDÚSTRIA FARMACÊUTICA LTDA;02.433.631/0001-20;4821329221;14/10/2022;TODAS
SENSILACRI;GEOLAB INDÚSTRIA FARMACÊUTICA S/A;03.485.572/0001-04;1024607259;09/08/2025;TODAS
TORMIV SL;ACHÉ LABORATÓRIOS FARMACÊUTICOS S.A;60.659.463/0029-92;1832697218;12/05/2021;TODAS
acetilcisteína;EUROFARMA LABORATÓRIOS S.A.;61.190.096/0001-92;4766555228;30/09/2022;TODAS
Vastarel caps LP;LABORATÓRIOS SERVIER DO BRASIL LTDA;42.374.207/0001-76;0455471258;03/04/2025;TODAS
risperidona;VITAMEDIC INDUSTRIA FARMACEUTICA LTDA;30.222.814/0001-31;4967938221;22/11/2022;TODAS
Vyndaqel;PFIZER BRASIL LTDA;61.072.393/0001-33;1050154240;01/08/2024;TODAS
ertapeném sódico;ANTIBIÓTICOS DO BRASIL LTDA;05.439.635/0001-03;0584011229;17/02/2022;TODAS
capecitabina;LABORATÓRIO QUÍMICO FARMACÊUTICO BERGAMO LTDA;61.282.661/0001-41;0563263237;01/06/2023;TODAS
OLMECOR HCT;TORRENT DO BRASIL LTDA;33.078.528/0001-32;0827966253;24/06/2025;TODAS
ibandronato de sódio monoidratado;GERMED FARMACEUTICA LTDA;45.992.062/0001-65;1077876246;07/08/2024;TODAS
ibandronato de sódio monoidratado;LEGRAND PHARMA INDÚSTRIA FARMACÊUTICA LTDA;05.044.984/0001-26;1078447241;07/08/2024;TODAS
IBANESS;EMS S/A;57.507.378/0003-65;1078941246;07/08/2024;TODAS
gabapentina;CIMED INDUSTRIA S.A;02.814.497/0001-07;0978278232;14/09/2023;TODAS
GENRYZON;PFIZER BRASIL LTDA;61.072.393/0001-33;1176783254;04/09/2025;TODAS
permetrina;BELFAR LTDA;18.324.343/0001-77;0665801246;20/05/2024;TODAS
rosuvastatina calcica;LABORATÓRIO TEUTO BRASILEIRO S/A;17.159.229/0001-76;0775096253;09/06/2025;TODAS
BIO-MANGUINHOS ETANERCEPTE;FUNDAÇÃO OSWALDO CRUZ;33.781.055/0001-35;1019572248;25/07/2024;TODAS
aciclovir;LEGRAND PHARMA INDÚSTRIA FARMACÊUTICA LTDA;05.044.984/0001-26;0568984251;28/04/2025;TODAS
fosfomicina trometamol;PHARMASCIENCE INDUSTRIA FARMACEUTICA S.A;25.773.037/0001-83;0495246221;09/02/2022;TODAS
SOLIQUA;SANOFI MEDLEY FARMACÊUTICA LTDA.;10.588.595/0010-92;0824949251;23/06/2025;TODAS
LORATAMED;CIMED INDUSTRIA S.A;02.814.497/0001-07;1586916246;19/11/2024;TODAS
NITAZOXANIDA;GERMED FARMACEUTICA LTDA;45.992.062/0001-65;1065554249;05/08/2024;TODAS
TIVICAY PD;GLAXOSMITHKLINE BRASIL LTDA;33.247.743/0001-10;0501303251;11/04/2025;TODAS
WAYLIVRA;PTC FARMACEUTICA DO BRASIL LTDA.;25.210.463/0001-09;1469318245;25/10/2024;TODAS
CHAMPIX;PFIZER BRASIL LTDA;61.072.393/0001-33;0338678239;04/04/2023;TODAS
MAVENCLAD;MERCK S/A;33.069.212/0001-84;0219389241;23/02/2024;TODAS
Gabapentina;BIOLAB SANUS FARMACÊUTICA LTDA;49.475.833/0001-06;1658902246;04/12/2024;TODAS
LUFTAFEM;RECKITT BENCKISER (BRASIL) LTDA;59.557.124/0001-15;1101886242;12/08/2024;TODAS
NIDHI;SUN FARMACÊUTICA DO BRASIL LTDA;05.035.244/0001-23;0797924256;13/06/2025;TODAS
NITAZOXANIDA;LEGRAND PHARMA INDÚSTRIA FARMACÊUTICA LTDA;05.044.984/0001-26;1065195249;05/08/2024;TODAS
NAXXAGRAN;LEGRAND PHARMA INDÚSTRIA FARMACÊUTICA LTDA;05.044.984/0001-26;1065407246;05/08/2024;TODAS
NITAZOXANIDA;EMS S/A;57.507.378/0003-65;1065040245;05/08/2024;TODAS
PIEMONTE;EUROFARMA LABORATÓRIOS S.A.;61.190.096/0001-92;1502178249;31/10/2024;TODAS
PRENI;EUROFARMA LABORATÓRIOS S.A.;61.190.096/0001-92;0271136243;05/03/2024;TODAS
Clabat;EMS S/A;57.507.378/0003-65;0406132259;25/03/2025;TODAS
omeprazol;GERMED FARMACEUTICA LTDA;45.992.062/0001-65;1672066247;06/12/2024;TODAS
POKLI;Camber Farmaceutica Ltda;24.633.934/0001-29;0773674250;09/06/2025;TODAS
domperidona;MULTILAB INDUSTRIA E COMERCIO DE PRODUTOS FARMACEUTICOS LTDA;92.265.552/0009-05;1069809250;14/08/2025;TODAS
cloridrato de fexofenadina;GERMED FARMACEUTICA LTDA;45.992.062/0001-65;1652168249;03/12/2024;TODAS
GÁZIA;EUROFARMA LABORATÓRIOS S.A.;61.190.096/0001-92;0552767255;24/04/2025;TODAS
carbonato de lítio;INSTITUTO BIOCHIMICO INDÚSTRIA FARMACÊUTICA LTDA;33.258.401/0001-03;0849189250;28/06/2025;TODAS
HOMINUS;EUROFARMA LABORATÓRIOS S.A.;61.190.096/0001-92;0965749258;24/07/2025;TODAS
ORTOSAMIN;MULTILAB INDUSTRIA E COMERCIO DE PRODUTOS FARMACEUTICOS LTDA;92.265.552/0009-05;0877704236;21/08/2023;TODAS
CARDBET;MULTILAB INDUSTRIA E COMERCIO DE PRODUTOS FARMACEUTICOS LTDA;92.265.552/0009-05;4905461227;04/11/2022;TODAS
ARDRO;EUROFARMA LABORATÓRIOS S.A.;61.190.096/0001-92;4831743224;18/10/2022;TODAS
olmesartana medoxomila + besilato de anlodipino;BRAINFARMA INDÚSTRIA QUÍMICA E FARMACÊUTICA S.A;05.161.069/0001-10;1506749241;01/11/2024;TODAS
bromoprida;MULTILAB INDUSTRIA E COMERCIO DE PRODUTOS FARMACEUTICOS LTDA;92.265.552/0009-05;0417593244;03/04/2024;TODAS
MEGAPEN;EUROFARMA LABORATÓRIOS S.A.;61.190.096/0001-92;0847942244;21/06/2024;TODAS
cloridrato de ciprofloxacino;GERMED FARMACEUTICA LTDA;45.992.062/0001-65;0370616251;19/03/2025;TODAS
GRACIAL;ORGANON FARMACÊUTICA LTDA.;45.987.013/0001-34;4302348224;15/06/2022;TODAS
VURTUOSO;LUNDBECK BRASIL LTDA;04.522.600/0001-70;0716864240;29/05/2024;TODAS
valerato de betametasona + sulfato de gentamicina + tolnaftato + clioquinol;MULTILAB INDUSTRIA E COMERCIO DE PRODUTOS FARMACEUTICOS LTDA;92.265.552/0009-05;0077945239;25/01/2023;TODAS
HETROCAR;Camber Farmaceutica Ltda;24.633.934/0001-29;0420332251;27/03/2025;TODAS
BDEXBRAUN;LABORATORIOS B. BRAUN S/A;31.673.254/0001-02;1329013247;27/09/2024;TODAS
dicloridrato de levocetirizina;PHARLAB INDÚSTRIA FARMACÊUTICA S.A.;02.501.297/0001-02;0768642256;06/06/2025;TODAS
DORCIFLEXIN;CIFARMA CIENTÍFICA FARMACÊUTICA LTDA;17.562.075/0001-69;0515948250;15/04/2025;TODAS
NEBACETIN;COSMED INDUSTRIA DE COSMETICOS E MEDICAMENTOS S.A.;61.082.426/0002-07;2402233214;21/06/2021;TODAS
RAHIME;APSEN FARMACEUTICA S/A;62.462.015/0001-29;0080423256;20/01/2025;TODAS
DEX BOLSA;CRISTÁLIA PRODUTOS QUÍMICOS FARMACÊUTICOS LTDA.;44.734.671/0001-51;1429718234;15/12/2023;TODAS
OLANZYS;BIOLAB SANUS FARMACÊUTICA LTDA;49.475.833/0001-06;3730421212;21/09/2021;TODAS
BORTYZ RTU;ACCORD FARMACÊUTICA LTDA;64.171.697/0001-46;1160906246;23/08/2024;TODAS
TORANTE;EUROFARMA LABORATÓRIOS S.A.;61.190.096/0001-92;1016564252;07/08/2025;TODAS
CELEBRA;VIATRIS FARMACEUTICA DO BRASIL LTDA;11.643.096/0001-22;1680796241;09/12/2024;TODAS
LYBERDIA;EMS S/A;57.507.378/0003-65;0923963251;16/07/2025;TODAS
atorvastatina cálcica;CIMED INDUSTRIA S.A;02.814.497/0001-07;0923276254;16/07/2025;TODAS
cloridrato de cefepima;BRAINFARMA INDÚSTRIA QUÍMICA E FARMACÊUTICA S.A;05.161.069/0001-10;1579682243;18/11/2024;TODAS
carisoprodol + diclofenaco sódico + paracetamol + cafeína;CELLERA FARMACÊUTICA S.A.;33.173.097/0002-74;0456195254;03/04/2025;TODAS
OLSAR;EUROFARMA LABORATÓRIOS S.A.;61.190.096/0001-92;1157809251;29/08/2025;TODAS
OLANZAPINA;BIOLAB SANUS FARMACÊUTICA LTDA;49.475.833/0001-06;3730323211;21/09/2021;TODAS
micofenolato de mofetila;FARMA VISION IMPORTAÇÃO E EXPORTAÇÃO DE MEDICAMENTOS LTDA;09.058.502/0001-48;0663099234;28/06/2023;TODAS
dipropionato de betametasona + ácido salicílico;CELLERA FARMACÊUTICA S.A.;33.173.097/0002-74;1624619240;27/11/2024;TODAS
montelucaste de sódio;BIOLAB SANUS FARMACÊUTICA LTDA;49.475.833/0001-06;0473849241;15/04/2024;TODAS
sugamadex sódico;TEVA FARMACÊUTICA LTDA.;05.333.542/0001-08;1395930236;08/12/2023;TODAS
LADIZAC;DR. REDDYS FARMACÊUTICA DO BRASIL LTDA;03.978.166/0001-75;0583594255;30/04/2025;TODAS
VARIVAX;MERCK SHARP & DOHME FARMACEUTICA LTDA.;03.560.974/0001-18;0806719257;17/06/2025;TODAS
cloridrato de metilfenidato;TEVA FARMACÊUTICA LTDA.;05.333.542/0001-08;0674872240;21/05/2024;TODAS
SIKLOS;MASTERS SPECIALITY PHARMA LTDA;14.821.008/0001-23;4812727227;13/10/2022;TODAS
PNEUMOVAX® 23;MERCK SHARP & DOHME FARMACEUTICA LTDA.;03.560.974/0001-18;1358238243;03/10/2024;TODAS
cloridrato de tiamina + cloridrato de piridoxina + cianocobalamina + fosfato dissódico de dexametasona;EUROFARMA LABORATÓRIOS S.A.;61.190.096/0001-92;0979053234;14/09/2023;TODAS
CITALOR;VIATRIS FARMACEUTICA DO BRASIL LTDA;11.643.096/0001-22;0525135251;16/04/2025;TODAS
ácido acetilsalicílico;EUROFARMA LABORATÓRIOS S.A.;61.190.096/0001-92;0803531257;16/06/2025;TODAS
ZONIDRA;CRISTÁLIA PRODUTOS QUÍMICOS FARMACÊUTICOS LTDA.;44.734.671/0001-51;1712997246;16/12/2024;TODAS
DORFLEX UNO;OPELLA HEALTHCARE BRAZIL LTDA;38.391.432/0001-43;0148603254;03/02/2025;TODAS
NEBLOCK;TORRENT DO BRASIL LTDA;33.078.528/0001-32;0465691251;04/04/2025;TODAS
LENANGIO;DR. REDDYS FARMACÊUTICA DO BRASIL LTDA;03.978.166/0001-75;0044464258;13/01/2025;TODAS
ETIRA INJETÁVEL;ACHÉ LABORATÓRIOS FARMACÊUTICOS S.A;60.659.463/0029-92;0915579243;04/07/2024;TODAS
mesilato de imatinibe;BLAU FARMACÊUTICA S.A.;58.430.828/0001-60;0153611251;04/02/2025;TODAS
RALZIN;PRATI DONADUZZI & CIA LTDA;73.856.593/0001-66;0710042256;26/05/2025;TODAS
losartana potássica;MULTILAB INDUSTRIA E COMERCIO DE PRODUTOS FARMACEUTICOS LTDA;92.265.552/0009-05;0936005254;18/07/2025;TODAS
DIACQUA;EUROFARMA LABORATÓRIOS S.A.;61.190.096/0001-92;1001833252;04/08/2025;TODAS
metronidazol;MULTILAB INDUSTRIA E COMERCIO DE PRODUTOS FARMACEUTICOS LTDA;92.265.552/0009-05;0793847257;12/06/2025;TODAS
AAS PROTECT;COSMED INDUSTRIA DE COSMETICOS E MEDICAMENTOS S.A.;61.082.426/0002-07;0503666254;11/04/2025;TODAS
NEOSALDINA MUSCULAR;COSMED INDUSTRIA DE COSMETICOS E MEDICAMENTOS S.A.;61.082.426/0002-07;0525768254;17/04/2025;TODAS
hemifumarato de bisoprolol;PHARLAB INDÚSTRIA FARMACÊUTICA S.A.;02.501.297/0001-02;1022960253;08/08/2025;TODAS
PRIVYMTRA;MERCK SHARP & DOHME FARMACEUTICA LTDA.;03.560.974/0001-18;1133029256;22/08/2025;TODAS
telmisartana + hidroclorotiazida;TORRENT DO BRASIL LTDA;33.078.528/0001-32;0348993251;14/03/2025;TODAS
amoxicilina;MULTILAB INDUSTRIA E COMERCIO DE PRODUTOS FARMACEUTICOS LTDA;92.265.552/0009-05;0977823253;28/07/2025;TODAS
HARTERYA;ZYDUS NIKKHO FARMACÊUTICA LTDA;05.254.971/0001-81;0030524237;11/01/2023;TODAS
cloridrato de trazodona;EUROFARMA LABORATÓRIOS S.A.;61.190.096/0001-92;0571193251;28/04/2025;TODAS
AZOD;SUPERA FARMA LABORATÓRIOS S.A;43.312.503/0001-05;0709319258;26/05/2025;TODAS
XAKILIS;EMS S/A;57.507.378/0003-65;1602294241;22/11/2024;TODAS
lacosamida;ZYDUS NIKKHO FARMACÊUTICA LTDA;05.254.971/0001-81;0766764257;06/06/2025;TODAS
FEMINIQUE 20;ACHÉ LABORATÓRIOS FARMACÊUTICOS S.A;60.659.463/0029-92;0035082259;10/01/2025;TODAS
TALVEY;JANSSEN-CILAG FARMACÊUTICA LTDA;51.780.468/0001-87;0550735259;24/04/2025;TODAS
drospirenona + etinilestradiol;EUROFARMA LABORATÓRIOS S.A.;61.190.096/0001-92;0078853249;22/01/2024;TODAS
ibuprofeno + paracetamol;EUROFARMA LABORATÓRIOS S.A.;61.190.096/0001-92;1282164244;18/09/2024;TODAS
bussulfano;ACCORD FARMACÊUTICA LTDA;64.171.697/0001-46;4876783225;27/10/2022;TODAS
carbonato de lítio;BIOLAB SANUS FARMACÊUTICA LTDA;49.475.833/0001-06;1551106248;11/11/2024;TODAS
VAQTA;MERCK SHARP & DOHME FARMACEUTICA LTDA.;03.560.974/0001-18;0866334254;02/07/2025;TODAS
BROMIDRATO DE GALANTAMINA;MULTILAB INDUSTRIA E COMERCIO DE PRODUTOS FARMACEUTICOS LTDA;92.265.552/0009-05;1733675248;19/12/2024;TODAS
EMPOZZE;EMS S/A;57.507.378/0003-65;0045178259;13/01/2025;TODAS
pregabalina;CIMED INDUSTRIA S.A;02.814.497/0001-07;0251861244;01/03/2024;TODAS
cloridrato de trazodona;MULTILAB INDUSTRIA E COMERCIO DE PRODUTOS FARMACEUTICOS LTDA;92.265.552/0009-05;1021196258;08/08/2025;TODAS
ATRACE;EUROFARMA LABORATÓRIOS S.A.;61.190.096/0001-92;0882044257;04/07/2025;TODAS
SITAREDDYS-M;DR. REDDYS FARMACÊUTICA DO BRASIL LTDA;03.978.166/0001-75;1318847249;25/09/2024;TODAS
finasterida;MULTILAB INDUSTRIA E COMERCIO DE PRODUTOS FARMACEUTICOS LTDA;92.265.552/0009-05;0190946253;11/02/2025;TODAS
LEVAMZ;TORRENT DO BRASIL LTDA;33.078.528/0001-32;0694814253;23/05/2025;TODAS
rosuvastatina calcica;UNIÃO QUÍMICA FARMACÊUTICA NACIONAL S/A;60.665.981/0001-18;0961870249;15/07/2024;TODAS
HICOVAN;BLAU FARMACÊUTICA S.A.;58.430.828/0001-60;4848525225;20/10/2022;TODAS
RISPXAN;LABORATÓRIO GLOBO SA;17.115.437/0001-73;0818089253;20/06/2025;TODAS
BUPROVIL;MULTILAB INDUSTRIA E COMERCIO DE PRODUTOS FARMACEUTICOS LTDA;92.265.552/0009-05;1471784240;25/10/2024;TODAS
PETAMIG;HERBARIUM LABORATORIO BOTANICO LTDA;78.950.011/0001-20;0215068238;03/03/2023;TODAS
MOUNJARO;ELI LILLY DO BRASIL LTDA;43.940.618/0001-44;0786397250;11/06/2025;TODAS
SYMPTA;EUROFARMA LABORATÓRIOS S.A.;61.190.096/0001-92;0716810255;27/05/2025;TODAS
succinato de solifenacina;BRAINFARMA INDÚSTRIA QUÍMICA E FARMACÊUTICA S.A;05.161.069/0001-10;0474612244;15/04/2024;TODAS
topiramato;UNIÃO QUÍMICA FARMACÊUTICA NACIONAL S/A;60.665.981/0001-18;1324176237;27/11/2023;TODAS
cloridrato de memantina;GEOLAB INDÚSTRIA FARMACÊUTICA S/A;03.485.572/0001-04;1089457251;15/08/2025;TODAS
BENALQ;TEVA FARMACÊUTICA LTDA.;05.333.542/0001-08;1120401232;19/10/2023;TODAS
dicloridrato de manidipino;PHARLAB INDÚSTRIA FARMACÊUTICA S.A.;02.501.297/0001-02;0045939250;13/01/2025;TODAS
ECOFILM;CRISTÁLIA PRODUTOS QUÍMICOS FARMACÊUTICOS LTDA.;44.734.671/0001-51;0361472242;22/03/2024;TODAS
EVORUBICIN;FARMARIN INDUSTRIA E COMERCIO LTDA;58.635.830/0001-75;0832687243;19/06/2024;TODAS
ENAVO ODT;EMS S/A;57.507.378/0003-65;0122499255;28/01/2025;TODAS
hemifumarato de bisoprolol;SANOFI MEDLEY FARMACÊUTICA LTDA.;10.588.595/0010-92;0787367257;11/06/2025;TODAS
SPECDERA;LABORATÓRIO GLOBO SA;17.115.437/0001-73;0803758251;16/06/2025;TODAS
BENEGRIP MULTI DIA;COSMED INDUSTRIA DE COSMETICOS E MEDICAMENTOS S.A.;61.082.426/0002-07;1435996241;18/10/2024;TODAS
cloridrato de memantina;PRATI DONADUZZI & CIA LTDA;73.856.593/0001-66;1703115244;12/12/2024;TODAS
ÁCIDO MEFENÂMICO;ACHÉ LABORATÓRIOS FARMACÊUTICOS S.A;60.659.463/0029-92;2941555218;28/07/2021;TODAS
MEVA FLEX;LEGRAND PHARMA INDÚSTRIA FARMACÊUTICA LTDA;05.044.984/0001-26;1148331247;21/08/2024;TODAS
perindopril erbumina + indapamida;EMS S/A;57.507.378/0003-65;0069927235;23/01/2023;TODAS
NORETISTERONA;BIOLAB SANUS FARMACÊUTICA LTDA;49.475.833/0001-06;2049922211;27/05/2021;TODAS
alprazolam;AUROBINDO PHARMA INDÚSTRIA FARMACÊUTICA LIMITADA;04.301.884/0001-75;4678302221;12/09/2022;TODAS
mirtazapina;NOVARTIS BIOCIENCIAS S.A;56.994.502/0001-30;0540288250;22/04/2025;TODAS
valsartana;CIMED INDUSTRIA S.A;02.814.497/0001-07;1172649251;03/09/2025;TODAS
MORIALE DUO;EMS S/A;57.507.378/0003-65;3766829211;23/09/2021;TODAS
BRINEURA;BIOMARIN BRASIL FARMACÊUTICA LTDA;08.002.360/0001-34;0943022258;21/07/2025;TODAS
Rubia;ACHÉ LABORATÓRIOS FARMACÊUTICOS S.A;60.659.463/0029-92;0196039258;12/02/2025;TODAS
GARGABEM;1FARMA INDUSTRIA FARMACEUTICA LTDA;48.113.906/0001-49;0143442236;11/02/2023;TODAS
Spasmex;APSEN FARMACEUTICA S/A;62.462.015/0001-29;0149207255;03/02/2025;TODAS
prednisolona;Althaia S.A Indústria Farmacêutica;48.344.725/0007-19;0165642254;06/02/2025;TODAS
Lacosamida;ADIUM S.A.;55.980.684/0001-27;1602235244;22/11/2024;TODAS
LORATADINA;ACHÉ LABORATÓRIOS FARMACÊUTICOS S.A;60.659.463/0029-92;0970588259;25/07/2025;TODAS
CIPROFIBRATO;ACHÉ LABORATÓRIOS FARMACÊUTICOS S.A;60.659.463/0029-92;0522019251;16/04/2025;TODAS
MENOPUR;LABORATÓRIOS FERRING LTDA;74.232.034/0001-48;0736446257;30/05/2025;TODAS
losartana potássica + hidroclorotiazida;RANBAXY FARMACÊUTICA LTDA;73.663.650/0001-90;1202970257;10/09/2025;TODAS
telmisartana + hidroclorotiazida;ACCORD FARMACÊUTICA LTDA;64.171.697/0001-46;1343318238;29/11/2023;TODAS
itraconazol;GERMED FARMACEUTICA LTDA;45.992.062/0001-65;1327256240;26/09/2024;TODAS
cilostazol;ACHÉ LABORATÓRIOS FARMACÊUTICOS S.A;60.659.463/0029-92;0830077251;24/06/2025;TODAS
sulfato de hidroxicloroquina;EMS S/A;57.507.378/0003-65;0336119259;12/03/2025;TODAS
Bramicar HCT;EMS SIGMA PHARMA LTDA;00.923.140/0001-31;0337164258;12/03/2025;TODAS
ACOG;TORRENT DO BRASIL LTDA;33.078.528/0001-32;0828098255;24/06/2025;TODAS
sulfato de salbutamol;GLENMARK FARMACÊUTICA LTDA;44.363.661/0001-57;0616150253;07/05/2025;TODAS
FLAXXIL;CIMED INDUSTRIA S.A;02.814.497/0001-07;0629040190;18/07/2019;TODAS
EGURINEL;ADIUM S.A.;55.980.684/0001-27;0809997240;17/06/2024;TODAS
HERPSTAL;GERMED FARMACEUTICA LTDA;45.992.062/0001-65;0799130257;13/06/2025;TODAS
ARTISS;BAXTER HOSPITALAR LTDA;49.351.786/0002-61;0504802259;11/04/2025;TODAS
RAGIONE;TEVA FARMACÊUTICA LTDA.;05.333.542/0001-08;0674945247;21/05/2024;TODAS
CECI;LIBBS FARMACÊUTICA LTDA;61.230.314/0001-75;1423342241;16/10/2024;TODAS
hemifumarato de bisoprolol;TORRENT DO BRASIL LTDA;33.078.528/0001-32;1016670257;07/08/2025;TODAS
VIVAXXIA;LIBBS FARMACÊUTICA LTDA;61.230.314/0001-75;1349714241;01/10/2024;TODAS
BREVIBLOC DILUÍDO;CRISTÁLIA PRODUTOS QUÍMICOS FARMACÊUTICOS LTDA.;44.734.671/0001-51;1414675214;13/04/2021;TODAS
ONCASPAR;LABORATÓRIOS SERVIER DO BRASIL LTDA;42.374.207/0001-76;1113483245;14/08/2024;TODAS
cloridrato de donepezila;ZYDUS NIKKHO FARMACÊUTICA LTDA;05.254.971/0001-81;0723064253;28/05/2025;TODAS
olmesartana medoxomila;EMS S/A;57.507.378/0003-65;0923979255;16/07/2025;TODAS
RUPAFIN;ACHÉ LABORATÓRIOS FARMACÊUTICOS S.A;60.659.463/0029-92;2961306213;29/07/2021;TODAS
DOCELIBBS;LIBBS FARMACÊUTICA LTDA;61.230.314/0001-75;1155235240;22/08/2024;TODAS
HEDERA HELIX VITAMEDIC;VITAMEDIC INDUSTRIA FARMACEUTICA LTDA;30.222.814/0001-31;4476538223;29/07/2022;TODAS
tadalafila;ACHÉ LABORATÓRIOS FARMACÊUTICOS S.A;60.659.463/0029-92;1173452257;03/09/2025;TODAS
Cygnus D;DAIICHI SANKYO BRASIL FARMACÊUTICA LTDA;60.874.187/0001-84;0721702244;29/05/2024;TODAS
FLORALYTE;PROCTER & GAMBLE DO BRASIL LTDA.;59.476.770/0001-58;4177803201;26/11/2020;TODAS
acetato de dexametasona;PHARLAB INDÚSTRIA FARMACÊUTICA S.A.;02.501.297/0001-02;0771212259;09/06/2025;TODAS
AMOME;COSMED INDUSTRIA DE COSMETICOS E MEDICAMENTOS S.A.;61.082.426/0002-07;0515546211;08/02/2021;TODAS
desonida;ACHÉ LABORATÓRIOS FARMACÊUTICOS S.A;60.659.463/0029-92;0728384230;14/07/2023;TODAS
NATIFA PRO UBD;LIBBS FARMACÊUTICA LTDA;61.230.314/0001-75;1539828247;08/11/2024;TODAS
QTERN;ASTRAZENECA DO BRASIL LTDA;60.318.797/0001-00;0500200254;11/04/2025;TODAS
dolutegravir sódico;BLANVER FARMOQUIMICA E FARMACEUTICA S.A.;53.359.824/0001-19;0861502256;01/07/2025;TODAS
APRACUR DUO;COSMED INDUSTRIA DE COSMETICOS E MEDICAMENTOS S.A.;61.082.426/0002-07;4772769226;03/10/2022;TODAS
TORMIV ODG;ACHÉ LABORATÓRIOS FARMACÊUTICOS S.A;60.659.463/0029-92;0301961255;06/03/2025;TODAS
HYPNOMIDATE;ANTIBIÓTICOS DO BRASIL LTDA;05.439.635/0001-03;0435492250;31/03/2025;TODAS
Replagal;TAKEDA PHARMA LTDA.;60.397.775/0001-74;0248418246;29/02/2024;TODAS
ETOD;CRISTÁLIA PRODUTOS QUÍMICOS FARMACÊUTICOS LTDA.;44.734.671/0001-51;0576428256;29/04/2025;TODAS
OXLUMO;SPECIALTY PHARMA GOIAS LTDA;31.731.807/0001-28;0671648250;19/05/2025;TODAS
HYSTALOR;GEOLAB INDÚSTRIA FARMACÊUTICA S/A;03.485.572/0001-04;1144897254;26/08/2025;TODAS
DELTYBA;VIATRIS FARMACEUTICA DO BRASIL LTDA;11.643.096/0001-22;0823017231;07/08/2023;TODAS
SUFENTA;ANTIBIÓTICOS DO BRASIL LTDA;05.439.635/0001-03;0250859254;21/02/2025;TODAS
TRIPLIXAM;LABORATÓRIOS SERVIER DO BRASIL LTDA;42.374.207/0001-76;1437964249;18/10/2024;TODAS
citrato de fentanila;FRESENIUS KABI BRASIL LTDA;49.324.221/0001-04;1291463232;21/11/2023;TODAS
desogestrel;UNIÃO QUÍMICA FARMACÊUTICA NACIONAL S/A;60.665.981/0001-18;0834946254;25/06/2025;TODAS
DUEFORZI;APSEN FARMACEUTICA S/A;62.462.015/0001-29;4080232209;19/11/2020;TODAS
DHIVAS;SUPERA FARMA LABORATÓRIOS S.A;43.312.503/0001-05;2703260211;12/07/2021;TODAS
JUNEVE;TAKEDA PHARMA LTDA.;60.397.775/0001-74;0555485251;24/04/2025;TODAS
NEOCOPAN COMPOSTO;UNIÃO QUÍMICA FARMACÊUTICA NACIONAL S/A;60.665.981/0001-18;4991654220;29/11/2022;TODAS
AGRYLIN;TAKEDA PHARMA LTDA.;60.397.775/0001-74;0750478233;20/07/2023;TODAS
APETIVITON BC;CIFARMA CIENTÍFICA FARMACÊUTICA LTDA;17.562.075/0001-69;0332661245;18/03/2024;TODAS
Fericimed;CIMED INDUSTRIA S.A;02.814.497/0001-07;3943768200;10/11/2020;TODAS
CLORANA;SANOFI MEDLEY FARMACÊUTICA LTDA.;10.588.595/0010-92;1657254241;04/12/2024;TODAS
PROINFLAC;LABORATORIOS B. BRAUN S/A;31.673.254/0001-02;0221989242;26/02/2024;TODAS
BUPICAN;UNIÃO QUÍMICA FARMACÊUTICA NACIONAL S/A;60.665.981/0001-18;0578812258;29/04/2025;TODAS
bortezomibe;Camber Farmaceutica Ltda;24.633.934/0001-29;1225375240;05/09/2024;TODAS
REUPLAQ;EUROFARMA LABORATÓRIOS S.A.;61.190.096/0001-92;0323243258;10/03/2025;TODAS
oxalato de escitalopram;NOVARTIS BIOCIENCIAS S.A;56.994.502/0001-30;0561268231;01/06/2023;TODAS
CORISTINA D PRO;COSMED INDUSTRIA DE COSMETICOS E MEDICAMENTOS S.A.;61.082.426/0002-07;1020562226;11/03/2022;TODAS
ENJOY;PHARMASCIENCE INDUSTRIA FARMACEUTICA S.A;25.773.037/0001-83;0361410207;05/02/2020;TODAS
UPELIOR;RECORDATI RARE DISEASES COMÉRCIO DE MEDICAMENTOS LTDA - ME;53.056.057/0001-79;0169186253;06/02/2025;TODAS
cefalotina sódica;ANTIBIÓTICOS DO BRASIL LTDA;05.439.635/0001-03;1514144216;20/04/2021;TODAS
ENDOBULIN KIOVIG;TAKEDA PHARMA LTDA.;60.397.775/0001-74;0127043250;29/01/2025;TODAS
BILYT;BIOLAB SANUS FARMACÊUTICA LTDA;49.475.833/0001-06;1551133245;11/11/2024;TODAS
OSELFLU;NATCOFARMA DO BRASIL LTDA;08.157.293/0001-27;0290566258;28/02/2025;TODAS
FONT D;UNIÃO QUÍMICA FARMACÊUTICA NACIONAL S/A;60.665.981/0001-18;0511106246;22/04/2024;TODAS
ACERTALIX;LABORATÓRIOS SERVIER DO BRASIL LTDA;42.374.207/0001-76;0088364259;21/01/2025;TODAS
MITRIP;MYRALIS INDÚSTRIA FARMACÊUTICA LTDA;17.440.261/0001-25;1337307238;28/11/2023;TODAS
cloridrato de tramadol + paracetamol;EMS S/A;57.507.378/0003-65;0981079253;29/07/2025;TODAS
sulfato de hidroxicloroquina;BRAINFARMA INDÚSTRIA QUÍMICA E FARMACÊUTICA S.A;05.161.069/0001-10;0367742250;19/03/2025;TODAS
OLMEGRAN HCT;LEGRAND PHARMA INDÚSTRIA FARMACÊUTICA LTDA;05.044.984/0001-26;0919464254;15/07/2025;TODAS
cloridrato de nortriptilina;LABORATÓRIO TEUTO BRASILEIRO S/A;17.159.229/0001-76;1133388256;22/08/2025;TODAS
montelucaste de sódio;RANBAXY FARMACÊUTICA LTDA;73.663.650/0001-90;1112510257;18/08/2025;TODAS
LIDOSTESIM AD;DLA PHARMACEUTICAL LTDA;45.841.137/0001-07;0334608252;12/03/2025;TODAS
simeticona + metilbrometo de homatropina;GERMED FARMACEUTICA LTDA;45.992.062/0001-65;2703918216;12/07/2021;TODAS
montelucaste de sódio;RANBAXY FARMACÊUTICA LTDA;73.663.650/0001-90;1117962253;19/08/2025;TODAS
DUNIA 35;ACHÉ LABORATÓRIOS FARMACÊUTICOS S.A;60.659.463/0029-92;0688702252;22/05/2025;TODAS
PUREGON;ORGANON FARMACÊUTICA LTDA.;45.987.013/0001-34;0746072252;02/06/2025;TODAS
ZAP;EUROFARMA LABORATÓRIOS S.A.;61.190.096/0001-92;0832701246;19/06/2024;TODAS
IBUCAPS;CIFARMA CIENTÍFICA FARMACÊUTICA LTDA;17.562.075/0001-69;3076913212;06/08/2021;TODAS
cloridrato de remifentanila;EUROFARMA LABORATÓRIOS S.A.;61.190.096/0001-92;1523345241;05/11/2024;TODAS
SOLLY;BIOLAB SANUS FARMACÊUTICA LTDA;49.475.833/0001-06;1018359257;07/08/2025;TODAS
EZONIA;EUROFARMA LABORATÓRIOS S.A.;61.190.096/0001-92;0438531256;31/03/2025;TODAS
ZOLFEST SPRAY;ACHÉ LABORATÓRIOS FARMACÊUTICOS S.A;60.659.463/0029-92;1313700240;24/09/2024;TODAS
LUMAKRAS;AMGEN BIOTECNOLOGIA DO BRASIL LTDA.;18.774.815/0001-93;0682483257;21/05/2025;TODAS
Saphnelo;ASTRAZENECA DO BRASIL LTDA;60.318.797/0001-00;1150703253;27/08/2025;TODAS
BENZIFLEX;EMS S/A;57.507.378/0003-65;0519576250;16/04/2025;TODAS
nimesulida;LABORATÓRIO GLOBO SA;17.115.437/0001-73;4273011221;08/06/2022;TODAS
ibuprofeno;VITAMEDIC INDUSTRIA FARMACEUTICA LTDA;30.222.814/0001-31;1694641244;11/12/2024;TODAS
NYTEB;DIFFUCAP - CHEMOBRÁS QUÍMICA E FARMACÊUTICA LTDA;42.457.796/0001-56;4761674229;29/09/2022;TODAS
DORZOPTAN MT;GEOLAB INDÚSTRIA FARMACÊUTICA S/A;03.485.572/0001-04;1119534232;18/10/2023;TODAS
STUB;BIOLAB SANUS FARMACÊUTICA LTDA;49.475.833/0001-06;0407510222;01/02/2022;TODAS
VACINA SARAMPO, RUBÉOLA (ATENUADA);FUNDAÇÃO OSWALDO CRUZ;33.781.055/0001-35;1570728241;14/11/2024;TODAS
BART H;EUROFARMA LABORATÓRIOS S.A.;61.190.096/0001-92;0940295253;21/07/2025;TODAS
valsartana;EUROFARMA LABORATÓRIOS S.A.;61.190.096/0001-92;1039985254;12/08/2025;TODAS
VOCABRIA;GLAXOSMITHKLINE BRASIL LTDA;33.247.743/0001-10;1026336252;11/08/2025;TODAS
Ontrax;BLAU FARMACÊUTICA S.A.;58.430.828/0001-60;4129859218;19/10/2021;TODAS
cloridrato de tramadol + paracetamol;LABORATÓRIO GLOBO SA;17.115.437/0001-73;0982583257;29/07/2025;TODAS
DESRINITE;BRAINFARMA INDÚSTRIA QUÍMICA E FARMACÊUTICA S.A;05.161.069/0001-10;4942619211;08/12/2021;TODAS
VOCABRIA;GLAXOSMITHKLINE BRASIL LTDA;33.247.743/0001-10;1026386250;11/08/2025;TODAS
DACXI;BIOLAB SANUS FARMACÊUTICA LTDA;49.475.833/0001-06;0205096247;21/02/2024;TODAS
cloridrato de donepezila + cloridrato de memantina;MULTILAB INDUSTRIA E COMERCIO DE PRODUTOS FARMACEUTICOS LTDA;92.265.552/0009-05;3766871218;23/09/2021;TODAS
Yuflyma;CELLTRION HEALTHCARE DISTRIBUICAO DE PRODUTOS FARMACEUTICOS DOS BRASIL LTDA;05.452.889/0001-61;1199433250;10/09/2025;TODAS
MOFYT;ACCORD FARMACÊUTICA LTDA;64.171.697/0001-46;0626410217;16/02/2021;TODAS
CARVYKTI®;JANSSEN-CILAG FARMACÊUTICA LTDA;51.780.468/0001-87;1121714251;20/08/2025;TODAS
ácido tranexâmico;FRESENIUS KABI BRASIL LTDA;49.324.221/0001-04;1556812248;12/11/2024;TODAS
bosentana;BIOLAB SANUS FARMACÊUTICA LTDA;49.475.833/0001-06;0744925258;02/06/2025;TODAS
SAYA CONTROL;DKT DO BRASIL PRODUTOS DE USO PESSOAL LTDA;38.756.680/0001-40;0553711245;26/04/2024;TODAS
hemifumarato de bisoprolol;RANBAXY FARMACÊUTICA LTDA;73.663.650/0001-90;1011729253;06/08/2025;TODAS
ALBOCRESIL;COSMED INDUSTRIA DE COSMETICOS E MEDICAMENTOS S.A.;61.082.426/0002-07;4634204223;31/08/2022;TODAS
ANTARA IV;EUROFARMA LABORATÓRIOS S.A.;61.190.096/0001-92;0440893241;08/04/2024;TODAS
cloridrato de ciclobenzaprina;MULTILAB INDUSTRIA E COMERCIO DE PRODUTOS FARMACEUTICOS LTDA;92.265.552/0009-05;0518026256;15/04/2025;TODAS
BARITEKAL HIPERBÁRICA;LABORATORIOS B. BRAUN S/A;31.673.254/0001-02;0340202246;19/03/2024;TODAS
RADICAVA;DAIICHI SANKYO BRASIL FARMACÊUTICA LTDA;60.874.187/0001-84;1119640253;19/08/2025;TODAS
KEYTRUDA;MERCK SHARP & DOHME FARMACEUTICA LTDA.;03.560.974/0001-18;0976467259;28/07/2025;TODAS
citalopram;BRAINFARMA INDÚSTRIA QUÍMICA E FARMACÊUTICA S.A;05.161.069/0001-10;0150066236;14/02/2023;TODAS
VEKLURY®;GILEAD SCIENCES FARMACEUTICA DO BRASIL LTDA;15.670.288/0001-89;0905838246;03/07/2024;TODAS
esilato de nintedanibe;SUN FARMACÊUTICA DO BRASIL LTDA;05.035.244/0001-23;0797941258;13/06/2025;TODAS
paracetamol;MULTILAB INDUSTRIA E COMERCIO DE PRODUTOS FARMACEUTICOS LTDA;92.265.552/0009-05;1679234242;09/12/2024;TODAS
OXIPELLE;MEDQUIMICA INDUSTRIA FARMACEUTICA LTDA.;17.875.154/0001-20;0869465252;02/07/2025;TODAS
DRAMIN B6;COSMED INDUSTRIA DE COSMETICOS E MEDICAMENTOS S.A.;61.082.426/0002-07;2499298219;28/06/2021;TODAS
clonazepam;GEOLAB INDÚSTRIA FARMACÊUTICA S/A;03.485.572/0001-04;4879591220;28/10/2022;TODAS
succinato de metoprolol;BIOLAB SANUS FARMACÊUTICA LTDA;49.475.833/0001-06;1057314234;04/10/2023;TODAS
carvedilol;MULTILAB INDUSTRIA E COMERCIO DE PRODUTOS FARMACEUTICOS LTDA;92.265.552/0009-05;4905552222;04/11/2022;TODAS
OXCENE;ACHÉ LABORATÓRIOS FARMACÊUTICOS S.A;60.659.463/0029-92;0715164252;27/05/2025;TODAS
cloridrato de donepezila;MULTILAB INDUSTRIA E COMERCIO DE PRODUTOS FARMACEUTICOS LTDA;92.265.552/0009-05;0645742252;13/05/2025;TODAS
HEDERA TEUTO;LABORATÓRIO TEUTO BRASILEIRO S/A;17.159.229/0001-76;0190708247;19/02/2024;TODAS
cloridrato de bupropiona;MULTILAB INDUSTRIA E COMERCIO DE PRODUTOS FARMACEUTICOS LTDA;92.265.552/0009-05;1488040249;29/10/2024;TODAS
temozolomida;BLAU FARMACÊUTICA S.A.;58.430.828/0001-60;1191354245;29/08/2024;TODAS
TRIAXIN;EUROFARMA LABORATÓRIOS S.A.;61.190.096/0001-92;0941878244;10/07/2024;TODAS
succinato de solifenacina;SANOFI MEDLEY FARMACÊUTICA LTDA.;10.588.595/0010-92;1311763236;23/11/2023;TODAS
MICRODIOL;ORGANON FARMACÊUTICA LTDA.;45.987.013/0001-34;4377756222;04/07/2022;TODAS
ESTRIONIL;HIPOLABOR FARMACEUTICA LTDA;19.570.720/0001-10;0483937258;08/04/2025;TODAS
captopril;HIPOLABOR FARMACEUTICA LTDA;19.570.720/0001-10;1399591240;11/10/2024;TODAS
rivaroxabana;PRATI DONADUZZI & CIA LTDA;73.856.593/0001-66;0949857254;22/07/2025;TODAS
IMOSEC;KENVUE LTDA.;59.748.988/0001-14;0726175251;28/05/2025;TODAS
HPMIX;ACHÉ LABORATÓRIOS FARMACÊUTICOS S.A;60.659.463/0029-92;0312149247;13/03/2024;TODAS
PARZO;ACHÉ LABORATÓRIOS FARMACÊUTICOS S.A;60.659.463/0029-92;0322929253;10/03/2025;TODAS
LUR;ACHÉ LABORATÓRIOS FARMACÊUTICOS S.A;60.659.463/0029-92;1017192251;07/08/2025;TODAS
INSTAURA;TEVA FARMACÊUTICA LTDA.;05.333.542/0001-08;1396006231;08/12/2023;TODAS
cetoprofeno;BRAINFARMA INDÚSTRIA QUÍMICA E FARMACÊUTICA S.A;05.161.069/0001-10;0067175252;16/01/2025;TODAS
IEROBINA;BELFAR LTDA;18.324.343/0001-77;1590053249;20/11/2024;TODAS
azitromicina di-hidratada;BRAINFARMA INDÚSTRIA QUÍMICA E FARMACÊUTICA S.A;05.161.069/0001-10;0790187230;28/07/2023;TODAS
D3CAPS;UNIÃO QUÍMICA FARMACÊUTICA NACIONAL S/A;60.665.981/0001-18;0398469253;24/03/2025;TODAS
AIRES;EUROFARMA LABORATÓRIOS S.A.;61.190.096/0001-92;4868748220;26/10/2022;TODAS
TRANSAMIN;ZYDUS NIKKHO FARMACÊUTICA LTDA;05.254.971/0001-81;0910837252;11/07/2025;TODAS
Cedur;TEVA FARMACÊUTICA LTDA.;05.333.542/0001-08;0792402235;31/07/2023;TODAS
DEGEN;BIOLAB SANUS FARMACÊUTICA LTDA;49.475.833/0001-06;0652056253;14/05/2025;TODAS
AFECSO;VITAMEDIC INDUSTRIA FARMACEUTICA LTDA;30.222.814/0001-31;1134311257;22/08/2025;TODAS
ÁRIA;EUROFARMA LABORATÓRIOS S.A.;61.190.096/0001-92;0787970247;12/06/2024;TODAS
ZETIA;ORGANON FARMACÊUTICA LTDA.;45.987.013/0001-34;0799203254;13/06/2025;TODAS
KAVIUM ODT;ZYDUS NIKKHO FARMACÊUTICA LTDA;05.254.971/0001-81;0910959251;11/07/2025;TODAS
ZINACEF;SANDOZ DO BRASIL INDÚSTRIA FARMACÊUTICA LTDA;61.286.647/0001-16;0946688231;05/09/2023;TODAS
CUBICIN;MERCK SHARP & DOHME FARMACEUTICA LTDA.;03.560.974/0001-18;0288237234;22/03/2023;TODAS
hemifumarato de bisoprolol;BRAINFARMA INDÚSTRIA QUÍMICA E FARMACÊUTICA S.A;05.161.069/0001-10;1120205247;15/08/2024;TODAS
NEOSALDINA MUSCULAR MAX;COSMED INDUSTRIA DE COSMETICOS E MEDICAMENTOS S.A.;61.082.426/0002-07;0525877258;17/04/2025;TODAS
NEOSALDINA;COSMED INDUSTRIA DE COSMETICOS E MEDICAMENTOS S.A.;61.082.426/0002-07;0163914231;16/02/2023;TODAS
everolimo;ACCORD FARMACÊUTICA LTDA;64.171.697/0001-46;1332325246;27/09/2024;TODAS
ATENTAH;APSEN FARMACEUTICA S/A;62.462.015/0001-29;1740377249;20/12/2024;TODAS
EXELON;UNITED MEDICAL LTDA;68.949.239/0001-46;0639866255;12/05/2025;TODAS
FATOR VIII DE COAGULAÇÃO HEMOBRÁS;EMPRESA BRASILEIRA DE HEMODERIVADOS E BIOTECNOLOGIA;07.607.851/0001-46;1197563245;30/08/2024;TODAS
SEPTANEST;DLA PHARMACEUTICAL LTDA;45.841.137/0001-07;1683906241;10/12/2024;TODAS
CRONOBE COMPLEX;BIOLAB SANUS FARMACÊUTICA LTDA;49.475.833/0001-06;1699908249;12/12/2024;TODAS
cipionato de testosterona;CIFARMA CIENTÍFICA FARMACÊUTICA LTDA;17.562.075/0001-69;1364600242;04/10/2024;TODAS
DIGESIGMA GOTAS;MULTILAB INDUSTRIA E COMERCIO DE PRODUTOS FARMACEUTICOS LTDA;92.265.552/0009-05;0417776241;03/04/2024;TODAS
PARACETAMOL;ACHÉ LABORATÓRIOS FARMACÊUTICOS S.A;60.659.463/0029-92;1612287247;26/11/2024;TODAS
UPTRAVI;JANSSEN-CILAG FARMACÊUTICA LTDA;51.780.468/0001-87;0474555259;07/04/2025;TODAS
NOSINT;ACHÉ LABORATÓRIOS FARMACÊUTICOS S.A;60.659.463/0029-92;4923661224;09/11/2022;TODAS
REPARIL;VIATRIS FARMACEUTICA DO BRASIL LTDA;11.643.096/0001-22;1040091245;30/07/2024;TODAS
citrato de tamoxifeno;GERMED FARMACEUTICA LTDA;45.992.062/0001-65;1293043249;19/09/2024;TODAS
MISSORT;EMS S/A;57.507.378/0003-65;4689780226;14/09/2022;TODAS
FULVESTRANTO;TEVA FARMACÊUTICA LTDA.;05.333.542/0001-08;1523630248;05/11/2024;TODAS
ampicilina sódica + sulbactam sódico;BLAU FARMACÊUTICA S.A.;58.430.828/0001-60;0251728251;21/02/2025;TODAS
UNAK;DIFFUCAP - CHEMOBRÁS QUÍMICA E FARMACÊUTICA LTDA;42.457.796/0001-56;1273855230;17/11/2023;TODAS
maleato de dexclorfeniramina;UNIÃO QUÍMICA FARMACÊUTICA NACIONAL S/A;60.665.981/0001-18;2736227212;14/07/2021;TODAS
ALENIA;ACHÉ LABORATÓRIOS FARMACÊUTICOS S.A;60.659.463/0029-92;0930898257;17/07/2025;TODAS
cloridrato de fluoxetina;ACHÉ LABORATÓRIOS FARMACÊUTICOS S.A;60.659.463/0029-92;1085452221;14/03/2022;TODAS
Oxaliplatina;BLAU FARMACÊUTICA S.A.;58.430.828/0001-60;0932876251;18/07/2025;TODAS
mesilato de doxazosina;GEOLAB INDÚSTRIA FARMACÊUTICA S/A;03.485.572/0001-04;0689317255;22/05/2025;TODAS
atenolol;GEOLAB INDÚSTRIA FARMACÊUTICA S/A;03.485.572/0001-04;0542816205;21/02/2020;TODAS
RUXIENCE;PFIZER BRASIL LTDA;61.072.393/0001-33;1193592259;09/09/2025;TODAS
MAXIBELL;CRISTÁLIA PRODUTOS QUÍMICOS FARMACÊUTICOS LTDA.;44.734.671/0001-51;0948534249;11/07/2024;TODAS
sinvastatina;LEGRAND PHARMA INDÚSTRIA FARMACÊUTICA LTDA;05.044.984/0001-26;0548823251;23/04/2025;TODAS
loratadina + sulfato de pseudoefedrina;CIMED INDUSTRIA S.A;02.814.497/0001-07;3964403201;11/11/2020;TODAS
MYRAFER;MYRALIS INDÚSTRIA FARMACÊUTICA LTDA;17.440.261/0001-25;0742489256;02/06/2025;TODAS
VIMOVO;GRÜNENTHAL DO BRASIL FARMACÊUTICA LTDA.;10.555.143/0001-13;1513123218;20/04/2021;TODAS
DICLORIDRATO DE PRAMIPEXOL;ACHÉ LABORATÓRIOS FARMACÊUTICOS S.A;60.659.463/0029-92;1147840253;27/08/2025;TODAS
DEFULL;BRASTERAPICA PHARMACEUTICA LTDA.;46.179.008/0001-68;1496134212;19/04/2021;TODAS
STILNOX;SANOFI MEDLEY FARMACÊUTICA LTDA.;10.588.595/0010-92;1587006243;19/11/2024;TODAS
DPREV GOTAS;MYRALIS INDÚSTRIA FARMACÊUTICA LTDA;17.440.261/0001-25;1140046250;25/08/2025;TODAS
ZOTEON PÓ;VIATRIS FARMACEUTICA DO BRASIL LTDA;11.643.096/0001-22;0802893252;16/06/2025;TODAS
BICARBONATO DE SÓDIO;JP INDUSTRIA FARMACEUTICA S/A;55.972.087/0001-50;0897222253;08/07/2025;TODAS
CLORIDRATO DE SOTALOL;ACHÉ LABORATÓRIOS FARMACÊUTICOS S.A;60.659.463/0029-92;4524231203;21/12/2020;TODAS
AXETILCEFUROXIMA;BRAINFARMA INDÚSTRIA QUÍMICA E FARMACÊUTICA S.A;05.161.069/0001-10;0939413256;21/07/2025;TODAS
Redoxon Tripla Ação CR;BAYER S.A.;18.459.628/0001-15;1415215211;13/04/2021;TODAS
Rarija;TEVA FARMACÊUTICA LTDA.;05.333.542/0001-08;0204564247;21/02/2024;TODAS
QUESTRAN LIGHT;MOKSHA8 BRASIL INDUSTRIA E COMERCIO DE MEDICAMENTOS LTDA;07.591.326/0001-80;4405021228;11/07/2022;TODAS
hemitartarato de zolpidem;MULTILAB INDUSTRIA E COMERCIO DE PRODUTOS FARMACEUTICOS LTDA;92.265.552/0009-05;0032928254;09/01/2025;TODAS
MULTIBIC;FRESENIUS MEDICAL CARE LTDA;01.440.590/0001-36;0605202257;05/05/2025;TODAS
LACTOSAN;SANTISA LABORATÓRIO FARMACÊUTICO S/A;04.099.395/0001-82;0506195236;18/05/2023;TODAS
CLORIDRATO DE AMBROXOL;ACHÉ LABORATÓRIOS FARMACÊUTICOS S.A;60.659.463/0029-92;0328150258;11/03/2025;TODAS
VYNAXA;EMS S/A;57.507.378/0003-65;0957302258;22/07/2025;TODAS
mirtazapina;EMS S/A;57.507.378/0003-65;2535637227;26/04/2022;TODAS
SOFOSBUVIR;BLANVER FARMOQUIMICA E FARMACEUTICA S.A.;53.359.824/0001-19;4553205211;17/11/2021;TODAS
mirtazapina;PRATI DONADUZZI & CIA LTDA;73.856.593/0001-66;0814417256;18/06/2025;TODAS
Cloridrato de Verapamil;ACHÉ LABORATÓRIOS FARMACÊUTICOS S.A;60.659.463/0029-92;0455507252;03/04/2025;TODAS
Lonsurf®;LABORATÓRIOS SERVIER DO BRASIL LTDA;42.374.207/0001-76;0744507251;02/06/2025;TODAS
OXALATO DE ESCITALOPRAM;ACHÉ LABORATÓRIOS FARMACÊUTICOS S.A;60.659.463/0029-92;1142084256;26/08/2025;TODAS
GLAMIGAN MT;GERMED FARMACEUTICA LTDA;45.992.062/0001-65;1164183257;01/09/2025;TODAS
maleato de enalapril + hidroclorotiazida;LEGRAND PHARMA INDÚSTRIA FARMACÊUTICA LTDA;05.044.984/0001-26;4388751227;06/07/2022;TODAS
GALAFOLD;PINT PHARMA PRODUTOS MEDICO-HOSPITALARES E FARMACEUTICOS LTDA;21.896.000/0001-91;0436840251;31/03/2025;TODAS
trometamol cetorolaco;EUROFARMA LABORATÓRIOS S.A.;61.190.096/0001-92;1077989237;10/10/2023;TODAS
DOISKA 180;BIOLAB SANUS FARMACÊUTICA LTDA;49.475.833/0001-06;0671347233;30/06/2023;TODAS
WILLENTINE;Mawdsleys Pharmaceuticals do Brasil Ltda;19.501.429/0001-90;1750721244;23/12/2024;TODAS
mesalazina;RANBAXY FARMACÊUTICA LTDA;73.663.650/0001-90;0750362251;03/06/2025;TODAS
PADCEV;ADIUM S.A.;55.980.684/0001-27;1463123248;24/10/2024;TODAS
COMPLEXO B 12 XPE;EMS S/A;57.507.378/0003-65;1526949213;21/04/2021;TODAS
SUGADIOZ;SANDOZ DO BRASIL INDÚSTRIA FARMACÊUTICA LTDA;61.286.647/0001-16;0710971257;26/05/2025;TODAS
cloridrato de donepezila;NOVARTIS BIOCIENCIAS S.A;56.994.502/0001-30;4492345221;02/08/2022;TODAS
GABA ER;EUROFARMA LABORATÓRIOS S.A.;61.190.096/0001-92;1268301248;16/09/2024;TODAS
CISAUNI;UNIÃO QUÍMICA FARMACÊUTICA NACIONAL S/A;60.665.981/0001-18;1426171234;14/12/2023;TODAS
RAPIFEN;ANTIBIÓTICOS DO BRASIL LTDA;05.439.635/0001-03;0258987251;24/02/2025;TODAS
TAKHZYRO;TAKEDA PHARMA LTDA.;60.397.775/0001-74;0163755256;05/02/2025;TODAS
SIGNIFOR LP;RECORDATI RARE DISEASES COMÉRCIO DE MEDICAMENTOS LTDA - ME;53.056.057/0001-79;0102135258;23/01/2025;TODAS
aciclovir;VITAMEDIC INDUSTRIA FARMACEUTICA LTDA;30.222.814/0001-31;0823567231;07/08/2023;TODAS
BIO-MANGUINHOS SOMATROPINA;FUNDAÇÃO OSWALDO CRUZ;33.781.055/0001-35;4418432221;13/07/2022;TODAS
KITAPEN;BIOLAB SANUS FARMACÊUTICA LTDA;49.475.833/0001-06;0675629250;20/05/2025;TODAS
MIRADOR;BRAINFARMA INDÚSTRIA QUÍMICA E FARMACÊUTICA S.A;05.161.069/0001-10;4784881221;05/10/2022;TODAS
valerato de betametasona + sulfato de gentamicina + tolnaftato + clioquinol;EUROFARMA LABORATÓRIOS S.A.;61.190.096/0001-92;2453044214;24/06/2021;TODAS
trometamol cetorolaco;ACHÉ LABORATÓRIOS FARMACÊUTICOS S.A;60.659.463/0029-92;4604575223;25/08/2022;TODAS
VENVANSE;TAKEDA PHARMA LTDA.;60.397.775/0001-74;0554258251;24/04/2025;TODAS
CICLATRY;MULTILAB INDUSTRIA E COMERCIO DE PRODUTOS FARMACEUTICOS LTDA;92.265.552/0009-05;0368834255;19/03/2025;TODAS
VOLARE;ACHÉ LABORATÓRIOS FARMACÊUTICOS S.A;60.659.463/0029-92;0921627254;15/07/2025;TODAS
ENEK;LABORATÓRIO QUÍMICO FARMACÊUTICO BERGAMO LTDA;61.282.661/0001-41;0947942246;11/07/2024;TODAS
HARIP;PRATI DONADUZZI & CIA LTDA;73.856.593/0001-66;1124725237;19/10/2023;TODAS
RIFOCINA SPRAY;SANOFI MEDLEY FARMACÊUTICA LTDA.;10.588.595/0010-92;1232295248;06/09/2024;TODAS
ibandronato de sódio;EUROFARMA LABORATÓRIOS S.A.;61.190.096/0001-92;0411341235;25/04/2023;TODAS
ZYNVIR;FRESENIUS KABI BRASIL LTDA;49.324.221/0001-04;1140025252;25/08/2025;TODAS
OPTAFLAN;GALLIA INDUSTRIA FARMACEUTICA LTDA;12.022.755/0001-76;1422370241;16/10/2024;TODAS
cloridrato de diltiazem;LABORATÓRIO TEUTO BRASILEIRO S/A;17.159.229/0001-76;0617496251;07/05/2025;TODAS
olmesartana medoxomila;GEOLAB INDÚSTRIA FARMACÊUTICA S/A;03.485.572/0001-04;0929751256;17/07/2025;TODAS
alfaestradiol;BIOLAB SANUS FARMACÊUTICA LTDA;49.475.833/0001-06;0834046229;04/03/2022;TODAS
SPOX;CRISTÁLIA PRODUTOS QUÍMICOS FARMACÊUTICOS LTDA.;44.734.671/0001-51;1451879229;30/03/2022;TODAS
ALIBSTAR;PANAMERICAN MEDICAL SUPPLY SUPRIMENTOS MÉDICOS LTDA;01.329.816/0001-26;1007547251;05/08/2025;TODAS
LUDILI ED;EMS S/A;57.507.378/0003-65;4080138211;15/10/2021;TODAS
ALANDRE;LEGRAND PHARMA INDÚSTRIA FARMACÊUTICA LTDA;05.044.984/0001-26;4080303211;15/10/2021;TODAS
DIENOGESTE;LEGRAND PHARMA INDÚSTRIA FARMACÊUTICA LTDA;05.044.984/0001-26;4080181213;15/10/2021;TODAS
DIENOGESTE;GERMED FARMACEUTICA LTDA;45.992.062/0001-65;1659685249;04/12/2024;TODAS
PHESGO;PRODUTOS ROCHE QUÍMICOS E FARMACÊUTICOS S.A.;33.009.945/0001-23;1733470247;19/12/2024;TODAS
linezolida;FARMACE INDÚSTRIA QUÍMICO-FARMACÊUTICA CEARENSE LTDA;06.628.333/0001-46;0519375254;16/04/2025;TODAS
NAUDAN ODT;EMS S/A;57.507.378/0003-65;0122868251;28/01/2025;TODAS
ADVATE;TAKEDA PHARMA LTDA.;60.397.775/0001-74;0875852254;03/07/2025;TODAS
palmitato de paliperidona;ADIUM S.A.;55.980.684/0001-27;1139051253;25/08/2025;TODAS
ibuprofeno;Althaia S.A Indústria Farmacêutica;48.344.725/0007-19;1297810244;20/09/2024;TODAS
dipirona sódica;BRAINFARMA INDÚSTRIA QUÍMICA E FARMACÊUTICA S.A;05.161.069/0001-10;0528396251;17/04/2025;TODAS
KEPPRA XR;UCB BIOPHARMA LTDA.;64.711.500/0001-14;1049094247;31/07/2024;TODAS
aciclovir;EMS S/A;57.507.378/0003-65;0568693256;28/04/2025;TODAS
SECRELISE;EMS S/A;57.507.378/0003-65;1168910251;02/09/2025;TODAS
SINTEZYS;BIOLAB SANUS FARMACÊUTICA LTDA;49.475.833/0001-06;0467042233;09/05/2023;TODAS
VEEPI;TORRENT DO BRASIL LTDA;33.078.528/0001-32;1315223244;25/09/2024;TODAS
FLUCISTEIN;UNIÃO QUÍMICA FARMACÊUTICA NACIONAL S/A;60.665.981/0001-18;0307344240;13/03/2024;TODAS
BRONCHO-VAXOM;CHIESI FARMACÊUTICA LTDA;61.363.032/0001-46;0104666251;24/01/2025;TODAS
RIPOSO SL;EUROFARMA LABORATÓRIOS S.A.;61.190.096/0001-92;0231363257;18/02/2025;TODAS
sulfato de neomicina + bacitracina zíncica;EMS S/A;57.507.378/0003-65;2678586227;05/05/2022;TODAS
ALOIS DUO PACK;APSEN FARMACEUTICA S/A;62.462.015/0001-29;0556906233;31/05/2023;TODAS
succinato de sumatriptana;BIOLAB SANUS FARMACÊUTICA LTDA;49.475.833/0001-06;1039136257;12/08/2025;TODAS
DUCOX;EUROFARMA LABORATÓRIOS S.A.;61.190.096/0001-92;0663008239;28/06/2023;TODAS
CETROLAC SL;UNIÃO QUÍMICA FARMACÊUTICA NACIONAL S/A;60.665.981/0001-18;0555334252;24/04/2025;TODAS
PROQUAD;MERCK SHARP & DOHME FARMACEUTICA LTDA.;03.560.974/0001-18;0951378252;22/07/2025;TODAS
ROTATEQ;MERCK SHARP & DOHME FARMACEUTICA LTDA.;03.560.974/0001-18;1425058248;17/10/2024;TODAS
MULTISORO ADULTO;MULTILAB INDUSTRIA E COMERCIO DE PRODUTOS FARMACEUTICOS LTDA;92.265.552/0009-05;0093071256;22/01/2025;TODAS
DEXALGEN NF;EUROFARMA LABORATÓRIOS S.A.;61.190.096/0001-92;0979078237;14/09/2023;TODAS
RENOVI B PLUS;SUPERA FARMA LABORATÓRIOS S.A;43.312.503/0001-05;0039088243;12/01/2024;TODAS
etinilestradiol + gestodeno;ACHÉ LABORATÓRIOS FARMACÊUTICOS S.A;60.659.463/0029-92;1148841253;27/08/2025;TODAS
aripiprazol;NOVARTIS BIOCIENCIAS S.A;56.994.502/0001-30;0994571232;19/09/2023;TODAS
POLYCID;UNIÃO QUÍMICA FARMACÊUTICA NACIONAL S/A;60.665.981/0001-18;0892937238;24/08/2023;TODAS
RIVACRIST;ABBOTT LABORATÓRIOS DO BRASIL LTDA;56.998.701/0001-16;0924182253;16/07/2025;TODAS
PATZ GTS;EMS SIGMA PHARMA LTDA;00.923.140/0001-31;1589435249;20/11/2024;TODAS
NARANETY;LEGRAND PHARMA INDÚSTRIA FARMACÊUTICA LTDA;05.044.984/0001-26;1170499252;02/09/2025;TODAS
OPDUALAG;BRISTOL-MYERS SQUIBB FARMACÊUTICA LTDA;56.998.982/0001-07;0875647251;03/07/2025;TODAS
cloridrato de nebivolol;BIOLAB SANUS FARMACÊUTICA LTDA;49.475.833/0001-06;0144404222;11/01/2022;TODAS
ALBEL;GEOLAB INDÚSTRIA FARMACÊUTICA S/A;03.485.572/0001-04;0333987250;12/03/2025;TODAS
paracetamol;CIFARMA CIENTÍFICA FARMACÊUTICA LTDA;17.562.075/0001-69;4646582210;24/11/2021;TODAS
VICK PYRENA GRIP – 7;PROCTER & GAMBLE DO BRASIL LTDA.;59.476.770/0001-58;3734329213;21/09/2021;TODAS
ELONVA;ORGANON FARMACÊUTICA LTDA.;45.987.013/0001-34;0557793254;25/04/2025;TODAS
dicloridrato de daclatasvir;BLANVER FARMOQUIMICA E FARMACEUTICA S.A.;53.359.824/0001-19;1324814233;27/11/2023;TODAS
GARDASIL;MERCK SHARP & DOHME FARMACEUTICA LTDA.;03.560.974/0001-18;1325186244;26/09/2024;TODAS
GARDASIL 9;MERCK SHARP & DOHME FARMACEUTICA LTDA.;03.560.974/0001-18;1325472247;26/09/2024;TODAS
REVLIMID;BRISTOL-MYERS SQUIBB FARMACÊUTICA LTDA;56.998.982/0001-07;1205422242;02/09/2024;TODAS
CAMOMILA COMPOSTA CATARINENSE;LABORATORIO CATARINENSE LTDA;84.684.620/0001-87;0780564251;10/06/2025;TODAS
NEBIDO;GRÜNENTHAL DO BRASIL FARMACÊUTICA LTDA.;10.555.143/0001-13;0467421234;09/05/2023;TODAS
DEXPERTA;BLAU FARMACÊUTICA S.A.;58.430.828/0001-60;0579121224;17/02/2022;TODAS
CRONOPLEX;UNIÃO QUÍMICA FARMACÊUTICA NACIONAL S/A;60.665.981/0001-18;0721132251;28/05/2025;TODAS
desogestrel;ACHÉ LABORATÓRIOS FARMACÊUTICOS S.A;60.659.463/0029-92;4622762218;22/11/2021;TODAS
NARATRIN;EMS S/A;57.507.378/0003-65;1169585256;02/09/2025;TODAS
vildagliptina;Althaia S.A Indústria Farmacêutica;48.344.725/0007-19;0829917250;24/06/2025;TODAS
MUSCUSAN;GERMED FARMACEUTICA LTDA;45.992.062/0001-65;0517840251;15/04/2025;TODAS
ibuprofeno;LABORATÓRIO TEUTO BRASILEIRO S/A;17.159.229/0001-76;1368467245;04/10/2024;TODAS
ALGIE;EUROFARMA LABORATÓRIOS S.A.;61.190.096/0001-92;0835781241;19/06/2024;TODAS
rivaroxabana;BIOLAB SANUS FARMACÊUTICA LTDA;49.475.833/0001-06;0205003249;21/02/2024;TODAS
DIEVARI;EUROFARMA LABORATÓRIOS S.A.;61.190.096/0001-92;0473940248;15/04/2024;TODAS
daptomicina;ANTIBIÓTICOS DO BRASIL LTDA;05.439.635/0001-03;0672279258;19/05/2025;TODAS
M-M-R II;MERCK SHARP & DOHME FARMACEUTICA LTDA.;03.560.974/0001-18;0971288259;25/07/2025;TODAS
KOIDE D;EUROFARMA LABORATÓRIOS S.A.;61.190.096/0001-92;1344915248;01/10/2024;TODAS
THIOCTACID;VIATRIS FARMACEUTICA DO BRASIL LTDA;11.643.096/0001-22;1048246248;31/07/2024;TODAS
lenalidomida;EUROFARMA LABORATÓRIOS S.A.;61.190.096/0001-92;1530713242;06/11/2024;TODAS
DIZTABEX;MULTILAB INDUSTRIA E COMERCIO DE PRODUTOS FARMACEUTICOS LTDA;92.265.552/0009-05;1679423240;09/12/2024;TODAS
cloridrato de duloxetina;UNIÃO QUÍMICA FARMACÊUTICA NACIONAL S/A;60.665.981/0001-18;0447923242;09/04/2024;TODAS
acebrofilina;MULTILAB INDUSTRIA E COMERCIO DE PRODUTOS FARMACEUTICOS LTDA;92.265.552/0009-05;0547317255;23/04/2025;TODAS
SAL DE FRUTA ENO;PF Consumer Healthcare Brazil Importadora e Distribuidora de Medicamentos Ltda;30.872.270/0001-53;1153806258;28/08/2025;TODAS
CLORIDRATO DE BUPROPIONA;MULTILAB INDUSTRIA E COMERCIO DE PRODUTOS FARMACEUTICOS LTDA;92.265.552/0009-05;0857725254;30/06/2025;TODAS
SANVAPRESS;HIPOLABOR FARMACEUTICA LTDA;19.570.720/0001-10;1676638245;09/12/2024;TODAS
AIR SALONPAS;HISAMITSU FARMACÊUTICA DO BRASIL LTDA;49.383.250/0001-47;0604124236;14/06/2023;TODAS
dipirona monoidratada;MULTILAB INDUSTRIA E COMERCIO DE PRODUTOS FARMACEUTICOS LTDA;92.265.552/0009-05;0451309251;02/04/2025;TODAS
hemitartarato de zolpidem;Althaia S.A Indústria Farmacêutica;48.344.725/0007-19;0148008259;03/02/2025;TODAS
PIPERAZAM;BLAU FARMACÊUTICA S.A.;58.430.828/0001-60;1279014245;17/09/2024;TODAS
pregabalina;GEOLAB INDÚSTRIA FARMACÊUTICA S/A;03.485.572/0001-04;0010312251;06/01/2025;TODAS
travoprosta;MULTILAB INDUSTRIA E COMERCIO DE PRODUTOS FARMACEUTICOS LTDA;92.265.552/0009-05;4989000226;29/11/2022;TODAS
paracetamol + carisoprodol + diclofenaco sódico + cafeína;GEOLAB INDÚSTRIA FARMACÊUTICA S/A;03.485.572/0001-04;1121052240;15/08/2024;TODAS
Divalproato de sódio;MULTILAB INDUSTRIA E COMERCIO DE PRODUTOS FARMACEUTICOS LTDA;92.265.552/0009-05;1679431242;09/12/2024;TODAS
maleato de bronfeniramina + cloridrato de fenilefrina;BRAINFARMA INDÚSTRIA QUÍMICA E FARMACÊUTICA S.A;05.161.069/0001-10;0576618250;29/04/2025;TODAS
CERAZETTE;ORGANON FARMACÊUTICA LTDA.;45.987.013/0001-34;0835792251;25/06/2025;TODAS
DECNAZOL;PHARLAB INDÚSTRIA FARMACÊUTICA S.A.;02.501.297/0001-02;0659441250;15/05/2025;TODAS
NORIPURUM;BLANVER FARMOQUIMICA E FARMACEUTICA S.A.;53.359.824/0001-19;4408310221;11/07/2022;TODAS
ISENTRESS;MERCK SHARP & DOHME FARMACEUTICA LTDA.;03.560.974/0001-18;1392606233;07/12/2023;TODAS
ENJOVIX FLASH;Althaia S.A Indústria Farmacêutica;48.344.725/0007-19;1562676245;13/11/2024;TODAS
TECVAYLI;JANSSEN-CILAG FARMACÊUTICA LTDA;51.780.468/0001-87;0713018259;27/05/2025;TODAS
MICROVLAR;UNIÃO QUÍMICA FARMACÊUTICA NACIONAL S/A;60.665.981/0001-18;0288213254;28/02/2025;TODAS
ALURAX;EUROFARMA LABORATÓRIOS S.A.;61.190.096/0001-92;0003562255;02/01/2025;TODAS
DORAGEO;GEOLAB INDÚSTRIA FARMACÊUTICA S/A;03.485.572/0001-04;0540840254;22/04/2025;TODAS
MALEATO DE ENALAPRIL;MULTILAB INDUSTRIA E COMERCIO DE PRODUTOS FARMACEUTICOS LTDA;92.265.552/0009-05;0987662252;30/07/2025;TODAS
ONDSET ODT;UNIÃO QUÍMICA FARMACÊUTICA NACIONAL S/A;60.665.981/0001-18;0224487248;26/02/2024;TODAS
SIMBEVA;LABORATÓRIO TEUTO BRASILEIRO S/A;17.159.229/0001-76;0158598245;08/02/2024;TODAS
valerato de betametasona + sulfato de gentamicina + tolnaftato + clioquinol;UNIÃO QUÍMICA FARMACÊUTICA NACIONAL S/A;60.665.981/0001-18;4298394221;15/06/2022;TODAS
dipirona;SANTISA LABORATÓRIO FARMACÊUTICO S/A;04.099.395/0001-82;1159296251;29/08/2025;TODAS
apixabana;EMS S/A;57.507.378/0003-65;1689598247;10/12/2024;TODAS
apixabana;SANOFI MEDLEY FARMACÊUTICA LTDA.;10.588.595/0010-92;1428682244;17/10/2024;TODAS
PREDNISONA;HIPOLABOR FARMACEUTICA LTDA;19.570.720/0001-10;1397491248;10/10/2024;TODAS
cloridrato de trazodona;SANOFI MEDLEY FARMACÊUTICA LTDA.;10.588.595/0010-92;0002816253;02/01/2025;TODAS
TEZSPIRE;ASTRAZENECA DO BRASIL LTDA;60.318.797/0001-00;1160735255;29/08/2025;TODAS
levetiracetam;BRAINFARMA INDÚSTRIA QUÍMICA E FARMACÊUTICA S.A;05.161.069/0001-10;0717477231;12/07/2023;TODAS
ZINNAT;SANDOZ DO BRASIL INDÚSTRIA FARMACÊUTICA LTDA;61.286.647/0001-16;0946656231;05/09/2023;TODAS
FOPITANT;Camber Farmaceutica Ltda;24.633.934/0001-29;1685772242;10/12/2024;TODAS
levetiracetam;EMS S/A;57.507.378/0003-65;1477342249;28/10/2024;TODAS
valsartana + besilato de anlodipino;MULTILAB INDUSTRIA E COMERCIO DE PRODUTOS FARMACEUTICOS LTDA;92.265.552/0009-05;1525267248;05/11/2024;TODAS
ULCTAM;LABORATÓRIO TEUTO BRASILEIRO S/A;17.159.229/0001-76;1275399240;17/09/2024;TODAS
SANDRENA;ORGANON FARMACÊUTICA LTDA.;45.987.013/0001-34;0379675251;20/03/2025;TODAS
cloridrato de fexofenadina;EUROFARMA LABORATÓRIOS S.A.;61.190.096/0001-92;1032814250;11/08/2025;TODAS
ILLUCCIX;MJM PRODUTOS FARMACEUTICOS E DE RADIOPROTECAO S.A.;04.891.262/0001-44;0906405254;10/07/2025;TODAS
FUMAGUM;FARMOQUÍMICA S/A;33.349.473/0001-58;1466647248;24/10/2024;TODAS
amoxicilina;ACHÉ LABORATÓRIOS FARMACÊUTICOS S.A;60.659.463/0029-92;0280805241;07/03/2024;TODAS
MONONITRATO DE ISOSSORBIDA;ACHÉ LABORATÓRIOS FARMACÊUTICOS S.A;60.659.463/0029-92;0343793253;13/03/2025;TODAS
Artroflan;COSMED INDUSTRIA DE COSMETICOS E MEDICAMENTOS S.A.;61.082.426/0002-07;0334506221;26/01/2022;TODAS
cabergolina;SUN FARMACÊUTICA DO BRASIL LTDA;05.035.244/0001-23;4642202201;30/12/2020;TODAS
cloridrato de raloxifeno;BLANVER FARMOQUIMICA E FARMACEUTICA S.A.;53.359.824/0001-19;1045949256;12/08/2025;TODAS
BIOFLAN;MYRALIS INDÚSTRIA FARMACÊUTICA LTDA;17.440.261/0001-25;1356828221;24/03/2022;TODAS
Celecoxibe;SANDOZ DO BRASIL INDÚSTRIA FARMACÊUTICA LTDA;61.286.647/0001-16;0421324252;27/03/2025;TODAS
gabapentina;PHARLAB INDÚSTRIA FARMACÊUTICA S.A.;02.501.297/0001-02;0869038257;02/07/2025;TODAS
mesilato de doxazosina;ACHÉ LABORATÓRIOS FARMACÊUTICOS S.A;60.659.463/0029-92;2067470218;28/05/2021;TODAS
CETOPROFENO;SANOFI MEDLEY FARMACÊUTICA LTDA.;10.588.595/0010-92;1053070250;13/08/2025;TODAS
DROPROPIZINA;ACHÉ LABORATÓRIOS FARMACÊUTICOS S.A;60.659.463/0029-92;0343781255;13/03/2025;TODAS
maleato de trimebutina;LEGRAND PHARMA INDÚSTRIA FARMACÊUTICA LTDA;05.044.984/0001-26;4943503225;16/11/2022;TODAS
maleato de trimebutina;GERMED FARMACEUTICA LTDA;45.992.062/0001-65;4943551220;16/11/2022;TODAS
TRIMEXIUM;EMS S/A;57.507.378/0003-65;4943697224;16/11/2022;TODAS
MODULATRI;LEGRAND PHARMA INDÚSTRIA FARMACÊUTICA LTDA;05.044.984/0001-26;4943504221;16/11/2022;TODAS
TAVAGRAN;LEGRAND PHARMA INDÚSTRIA FARMACÊUTICA LTDA;05.044.984/0001-26;0571225250;28/04/2025;TODAS
TURF;LABORATÓRIO FARMACÊUTICO ELOFAR LTDA;83.874.628/0001-43;4222984221;27/05/2022;TODAS
CLORIDRATO DE DONEPEZILA;ACHÉ LABORATÓRIOS FARMACÊUTICOS S.A;60.659.463/0029-92;0715043251;27/05/2025;TODAS
TRAVAMED MT;GERMED FARMACEUTICA LTDA;45.992.062/0001-65;0402724259;25/03/2025;TODAS
PIQRAY;NOVARTIS BIOCIENCIAS S.A;56.994.502/0001-30;0584438257;30/04/2025;TODAS
rosuvastatina calcica;GEOLAB INDÚSTRIA FARMACÊUTICA S/A;03.485.572/0001-04;0349375232;06/04/2023;TODAS
CRESLIP;Althaia S.A Indústria Farmacêutica;48.344.725/0007-19;1121653251;20/08/2025;TODAS
celecoxibe;LABORATÓRIO GLOBO SA;17.115.437/0001-73;0312706251;07/03/2025;TODAS
BETALOR;ACHÉ LABORATÓRIOS FARMACÊUTICOS S.A;60.659.463/0029-92;0501411259;11/04/2025;TODAS
RACECADOTRILA;ACHÉ LABORATÓRIOS FARMACÊUTICOS S.A;60.659.463/0029-92;2168604201;06/07/2020;TODAS
PASSIFLORINE PI;MR PHARMA LTDA;23.668.196/0001-92;0870335251;02/07/2025;TODAS
TRESDÊ;Althaia S.A Indústria Farmacêutica;48.344.725/0007-19;2861027215;22/07/2021;TODAS
metronidazol;LABORATÓRIO TEUTO BRASILEIRO S/A;17.159.229/0001-76;0809024250;17/06/2025;TODAS
Farmanguinhos rifampicina+isoniazida+pirazinamida+etambutol;FUNDAÇÃO OSWALDO CRUZ;33.781.055/0001-35;1403013233;08/12/2023;TODAS
TARTARATO DE METOPROLOL;ACHÉ LABORATÓRIOS FARMACÊUTICOS S.A;60.659.463/0029-92;0328374253;11/03/2025;TODAS
cloridrato de valganciclovir;DR. REDDYS FARMACÊUTICA DO BRASIL LTDA;03.978.166/0001-75;0435909258;31/03/2025;TODAS
Divalproato de Sódio;EMS S/A;57.507.378/0003-65;1679390244;09/12/2024;TODAS
cloridrato de tramadol + paracetamol;ACHÉ LABORATÓRIOS FARMACÊUTICOS S.A;60.659.463/0029-92;0784908249;12/06/2024;TODAS
MEALZ;TORRENT DO BRASIL LTDA;33.078.528/0001-32;2705649221;11/05/2022;TODAS
HYPOFLOX;HYPOFARMA - INSTITUTO DE HYPODERMIA E FARMÁCIA LTDA;17.174.657/0001-78;0059904232;19/01/2023;TODAS
LYNOZ;CRISTÁLIA PRODUTOS QUÍMICOS FARMACÊUTICOS LTDA.;44.734.671/0001-51;0806182253;17/06/2025;TODAS
cefalexina monoidratada;MULTILAB INDUSTRIA E COMERCIO DE PRODUTOS FARMACEUTICOS LTDA;92.265.552/0009-05;0224189247;26/02/2024;TODAS
alprazolam;EUROFARMA LABORATÓRIOS S.A.;61.190.096/0001-92;1363306243;03/10/2024;TODAS
LANTUS;SANOFI MEDLEY FARMACÊUTICA LTDA.;10.588.595/0010-92;0833965255;25/06/2025;TODAS
cetoconazol;LABORATÓRIO TEUTO BRASILEIRO S/A;17.159.229/0001-76;1638986240;29/11/2024;TODAS
cloridrato de pioglitazona;AUROBINDO PHARMA INDÚSTRIA FARMACÊUTICA LIMITADA;04.301.884/0001-75;0930131231;31/08/2023;TODAS
brometo de rocurônio;VIATRIS FARMACEUTICA DO BRASIL LTDA;11.643.096/0001-22;2481128222;20/04/2022;TODAS
teuvart;LABORATÓRIO TEUTO BRASILEIRO S/A;17.159.229/0001-76;0397895232;20/04/2023;TODAS
ciprofloxacino;BEKER PRODUTOS FÁRMACO HOSPITALARES LTDA;47.231.121/0001-08;4799496221;10/10/2022;TODAS
Zaltrap;SANOFI MEDLEY FARMACÊUTICA LTDA.;10.588.595/0010-92;0356710254;17/03/2025;TODAS
MYLZAR;VIATRIS FARMACEUTICA DO BRASIL LTDA;11.643.096/0001-22;4259158209;02/12/2020;TODAS
FOSFATO DISSÓDICO DE BETAMENTASONA;FRESENIUS KABI BRASIL LTDA;49.324.221/0001-04;1414339219;13/04/2021;TODAS
levodopa + cloridrato de benserazida;EMS S/A;57.507.378/0003-65;4560987220;16/08/2022;TODAS
LAMZEDE;CHIESI FARMACÊUTICA LTDA;61.363.032/0001-46;0854357254;30/06/2025;TODAS
Diclofenaco Sódico;FRESENIUS KABI BRASIL LTDA;49.324.221/0001-04;0052243257;14/01/2025;TODAS
LIPFITE;LABORATÓRIO GLOBO SA;17.115.437/0001-73;0302347259;06/03/2025;TODAS
CEFTAFOR;FRESENIUS KABI BRASIL LTDA;49.324.221/0001-04;0537810251;22/04/2025;TODAS
PAPILUP;GERMED FARMACEUTICA LTDA;45.992.062/0001-65;0336202253;12/03/2025;TODAS
DORENE LÍQUIDO;ACHÉ LABORATÓRIOS FARMACÊUTICOS S.A;60.659.463/0029-92;4711108220;19/09/2022;TODAS
LEXOTAN;BLANVER FARMOQUIMICA E FARMACEUTICA S.A.;53.359.824/0001-19;1268849227;21/03/2022;TODAS
cloridrato de fexofenadina;EUROFARMA LABORATÓRIOS S.A.;61.190.096/0001-92;4366954214;05/11/2021;TODAS
montelucaste de sódio;CIMED INDUSTRIA S.A;02.814.497/0001-07;1159393257;29/08/2025;TODAS
NOREGYNA;CIFARMA CIENTÍFICA FARMACÊUTICA LTDA;17.562.075/0001-69;0385742258;21/03/2025;TODAS
diclofenaco sódico;GEOLAB INDÚSTRIA FARMACÊUTICA S/A;03.485.572/0001-04;0681139251;21/05/2025;TODAS
propofol;LABORATÓRIO TEUTO BRASILEIRO S/A;17.159.229/0001-76;1200670256;10/09/2025;TODAS
succinato de metoprolol;SANOFI MEDLEY FARMACÊUTICA LTDA.;10.588.595/0010-92;0613365259;07/05/2025;TODAS
capecitabina;INSTITUTO VITAL BRAZIL S/A;30.064.034/0001-00;4207958223;25/05/2022;TODAS
NOAZY;NATCOFARMA DO BRASIL LTDA;08.157.293/0001-27;1686919247;10/12/2024;TODAS
mesilato de rasagilina;TEVA FARMACÊUTICA LTDA.;05.333.542/0001-08;1120956251;19/08/2025;TODAS
RIXUBIS;TAKEDA PHARMA LTDA.;60.397.775/0001-74;0480534225;08/02/2022;TODAS
omeprazol;GEOLAB INDÚSTRIA FARMACÊUTICA S/A;03.485.572/0001-04;4932073224;11/11/2022;TODAS
ANTARA;EUROFARMA LABORATÓRIOS S.A.;61.190.096/0001-92;1523280247;05/11/2024;TODAS
DPHAR;PHARLAB INDÚSTRIA FARMACÊUTICA S.A.;02.501.297/0001-02;0868887251;02/07/2025;TODAS
DALMADORM;MEDQUIMICA INDUSTRIA FARMACEUTICA LTDA.;17.875.154/0001-20;0846493250;27/06/2025;TODAS
carbidopa + levodopa;ZYDUS NIKKHO FARMACÊUTICA LTDA;05.254.971/0001-81;0687484251;22/05/2025;TODAS
ramelteona;APSEN FARMACEUTICA S/A;62.462.015/0001-29;0077873254;20/01/2025;TODAS
montelucaste de sódio + dicloridrato de levocetirizina;EUROFARMA LABORATÓRIOS S.A.;61.190.096/0001-92;0915571242;04/07/2024;TODAS
cloridrato de bendamustina;TEVA FARMACÊUTICA LTDA.;05.333.542/0001-08;4988756220;28/11/2022;TODAS
nimesulida betaciclodextrina;EUROFARMA LABORATÓRIOS S.A.;61.190.096/0001-92;0762726253;05/06/2025;TODAS
sofosbuvir;EMS S/A;57.507.378/0003-65;0132769239;08/02/2023;TODAS
NOXX;BLAU FARMACÊUTICA S.A.;58.430.828/0001-60;4339066222;24/06/2022;TODAS
DIOVASES;EMS S/A;57.507.378/0003-65;0476287251;07/04/2025;TODAS
MICOSTALAB;MULTILAB INDUSTRIA E COMERCIO DE PRODUTOS FARMACEUTICOS LTDA;92.265.552/0009-05;0271168251;26/02/2025;TODAS
NICOTINELL;PF Consumer Healthcare Brazil Importadora e Distribuidora de Medicamentos Ltda;30.872.270/0001-53;1397768217;12/04/2021;TODAS
cloridrato de venlafaxina;BRAINFARMA INDÚSTRIA QUÍMICA E FARMACÊUTICA S.A;05.161.069/0001-10;0894526235;24/08/2023;TODAS
PRONTOMID;LABORATORIOS B. BRAUN S/A;31.673.254/0001-02;0495845248;18/04/2024;TODAS
ELOME;EUROFARMA LABORATÓRIOS S.A.;61.190.096/0001-92;4487840228;02/08/2022;TODAS
UNICLARIN;UNIÃO QUÍMICA FARMACÊUTICA NACIONAL S/A;60.665.981/0001-18;0418270244;03/04/2024;TODAS
DIOPLEX DH;KLEY HERTZ FARMACEUTICA S.A;92.695.691/0001-03;4714337211;30/11/2021;TODAS
amoxicilina + clavulanato de potássio;LEGRAND PHARMA INDÚSTRIA FARMACÊUTICA LTDA;05.044.984/0001-26;1119574251;19/08/2025;TODAS
cloridrato de metoclopramida;BELFAR LTDA;18.324.343/0001-77;0244695245;29/02/2024;TODAS
cloridrato de tramadol;EMS S/A;57.507.378/0003-65;0001547259;02/01/2025;TODAS
ACTONEL;FARMA VISION IMPORTAÇÃO E EXPORTAÇÃO DE MEDICAMENTOS LTDA;09.058.502/0001-48;1008327247;24/07/2024;TODAS
desogestrel;EUROFARMA LABORATÓRIOS S.A.;61.190.096/0001-92;1129311252;21/08/2025;TODAS
Solução Glicofisiológica SNB;CRISTÁLIA PRODUTOS QUÍMICOS FARMACÊUTICOS LTDA.;44.734.671/0001-51;1021713214;16/03/2021;TODAS
SENE HERBARIUM;HERBARIUM LABORATORIO BOTANICO LTDA;78.950.011/0001-20;4930626226;11/11/2022;TODAS
GLINK MET;LIBBS FARMACÊUTICA LTDA;61.230.314/0001-75;1041173253;12/08/2025;TODAS
LEVOZINE;CRISTÁLIA PRODUTOS QUÍMICOS FARMACÊUTICOS LTDA.;44.734.671/0001-51;1729057241;18/12/2024;TODAS
SPARK;EUROFARMA LABORATÓRIOS S.A.;61.190.096/0001-92;1523520248;05/11/2024;TODAS
propofol;Camber Farmaceutica Ltda;24.633.934/0001-29;0162795254;05/02/2025;TODAS
SPIVA MCT-LCT;BAXTER HOSPITALAR LTDA;49.351.786/0002-61;1145604251;26/08/2025;TODAS
ESOL XR;COSMED INDUSTRIA DE COSMETICOS E MEDICAMENTOS S.A.;61.082.426/0002-07;1141494248;20/08/2024;TODAS
amoxicilina + claritromicina + esomeprazol;EMS S/A;57.507.378/0003-65;0645368253;13/05/2025;TODAS
STEZZA;FARMA VISION IMPORTAÇÃO E EXPORTAÇÃO DE MEDICAMENTOS LTDA;09.058.502/0001-48;0312722249;13/03/2024;TODAS
sinvastatina;MULTILAB INDUSTRIA E COMERCIO DE PRODUTOS FARMACEUTICOS LTDA;92.265.552/0009-05;0548945250;23/04/2025;TODAS
GLICEFOR;GEOLAB INDÚSTRIA FARMACÊUTICA S/A;03.485.572/0001-04;1178982254;04/09/2025;TODAS
bromidrato de citalopram;BIOLAB SANUS FARMACÊUTICA LTDA;49.475.833/0001-06;1724193244;17/12/2024;TODAS
levetiracetam;EUROFARMA LABORATÓRIOS S.A.;61.190.096/0001-92;0646255240;15/05/2024;TODAS
NEXVIAZYME;SANOFI MEDLEY FARMACÊUTICA LTDA.;10.588.595/0010-92;0517531259;15/04/2025;TODAS
Advil 12h;PF Consumer Healthcare Brazil Importadora e Distribuidora de Medicamentos Ltda;30.872.270/0001-53;1123069247;16/08/2024;TODAS
PERMESE;EUROFARMA LABORATÓRIOS S.A.;61.190.096/0001-92;0574937234;06/06/2023;TODAS
MEDATO;EUROFARMA LABORATÓRIOS S.A.;61.190.096/0001-92;0798583258;13/06/2025;TODAS
nitazoxanida;PHARLAB INDÚSTRIA FARMACÊUTICA S.A.;02.501.297/0001-02;0768722250;06/06/2025;TODAS
FULVY;ACCORD FARMACÊUTICA LTDA;64.171.697/0001-46;1055047255;13/08/2025;TODAS
OLSAR H;EUROFARMA LABORATÓRIOS S.A.;61.190.096/0001-92;0910912254;11/07/2025;TODAS
NIBISNU;DR. REDDYS FARMACÊUTICA DO BRASIL LTDA;03.978.166/0001-75;0715129252;27/05/2025;TODAS
CLORIDRATO DE TANSULOSINA;BIOLAB SANUS FARMACÊUTICA LTDA;49.475.833/0001-06;0060637251;15/01/2025;TODAS
CERMAZ;CRISTÁLIA PRODUTOS QUÍMICOS FARMACÊUTICOS LTDA.;44.734.671/0001-51;1333642245;27/09/2024;TODAS
SLOW-K;UNIÃO QUÍMICA FARMACÊUTICA NACIONAL S/A;60.665.981/0001-18;0579464253;29/04/2025;TODAS
RIVOTRIL;BLANVER FARMOQUIMICA E FARMACEUTICA S.A.;53.359.824/0001-19;0814760228;03/03/2022;TODAS
PEGASYS;INNOVATIVE MEDICINES BRASIL SP DISTRIBUICAO DE MEDICAMENTOS LTDA;21.810.980/0001-68;1053318243;01/08/2024;TODAS
hemitartarato de zolpidem;BIOLAB SANUS FARMACÊUTICA LTDA;49.475.833/0001-06;1176065246;27/08/2024;TODAS
cloridrato de moxifloxacino;GEOLAB INDÚSTRIA FARMACÊUTICA S/A;03.485.572/0001-04;1097195252;16/08/2025;TODAS
MONAX;EUROFARMA LABORATÓRIOS S.A.;61.190.096/0001-92;0925783251;16/07/2025;TODAS
VENTUS;EUROFARMA LABORATÓRIOS S.A.;61.190.096/0001-92;0925709255;16/07/2025;TODAS
SYNAGIS;ASTRAZENECA DO BRASIL LTDA;60.318.797/0001-00;0764553259;06/06/2025;TODAS
dienogeste;ACHÉ LABORATÓRIOS FARMACÊUTICOS S.A;60.659.463/0029-92;4556229219;17/11/2021;TODAS
INDOSSO;EUROFARMA LABORATÓRIOS S.A.;61.190.096/0001-92;0826715249;18/06/2024;TODAS
NEVRALGEX DIP;CIMED INDUSTRIA S.A;02.814.497/0001-07;0530222256;17/04/2025;TODAS
ATIVB;BIOLAB SANUS FARMACÊUTICA LTDA;49.475.833/0001-06;1670918246;06/12/2024;TODAS
ROX;EUROFARMA LABORATÓRIOS S.A.;61.190.096/0001-92;1069575259;14/08/2025;TODAS
cloridrato de ciclobenzaprina;LEGRAND PHARMA INDÚSTRIA FARMACÊUTICA LTDA;05.044.984/0001-26;0517753251;15/04/2025;TODAS
nimesulida;UNIÃO QUÍMICA FARMACÊUTICA NACIONAL S/A;60.665.981/0001-18;0455757259;03/04/2025;TODAS
QDENGA;TAKEDA PHARMA LTDA.;60.397.775/0001-74;0991199251;31/07/2025;TODAS
TRANQUIL;LABORATÓRIO GLOBO SA;17.115.437/0001-73;0832973254;25/06/2025;TODAS
LANEXAT;BIOPAS BRASIL PRODUTOS FARMACEUTICOS LTDA;31.327.287/0001-92;0687573246;23/05/2024;TODAS
TORXIS;ACHÉ LABORATÓRIOS FARMACÊUTICOS S.A;60.659.463/0029-92;0996975250;01/08/2025;TODAS
TYG;UNIÃO QUÍMICA FARMACÊUTICA NACIONAL S/A;60.665.981/0001-18;0044923252;13/01/2025;TODAS
DOZOITO;BIOLAB SANUS FARMACÊUTICA LTDA;49.475.833/0001-06;1057496235;04/10/2023;TODAS
ácido ursodesoxicólico;EMS S/A;57.507.378/0003-65;4370978220;01/07/2022;TODAS
alprazolam;MULTILAB INDUSTRIA E COMERCIO DE PRODUTOS FARMACEUTICOS LTDA;92.265.552/0009-05;4982030227;25/11/2022;TODAS
PERCOIDE;EUROFARMA LABORATÓRIOS S.A.;61.190.096/0001-92;4257739223;06/06/2022;TODAS
CITOBÊ-DEXA;EUROFARMA LABORATÓRIOS S.A.;61.190.096/0001-92;1392203236;07/12/2023;TODAS
VARICELL;FARMOQUÍMICA S/A;33.349.473/0001-58;0995537241;22/07/2024;TODAS
TURNO;EUROFARMA LABORATÓRIOS S.A.;61.190.096/0001-92;1597131245;21/11/2024;TODAS
DORSANOL;MULTILAB INDUSTRIA E COMERCIO DE PRODUTOS FARMACEUTICOS LTDA;92.265.552/0009-05;0643775242;15/05/2024;TODAS
IMUNOGLOBULINA HUMANA HEMOBRÁS;EMPRESA BRASILEIRA DE HEMODERIVADOS E BIOTECNOLOGIA;07.607.851/0001-46;0175898251;07/02/2025;TODAS
JANUVIA;MERCK SHARP & DOHME FARMACEUTICA LTDA.;03.560.974/0001-18;1425064248;17/10/2024;TODAS
fampridina;ACCORD FARMACÊUTICA LTDA;64.171.697/0001-46;0942263251;21/07/2025;TODAS
ácido clavulânico + amoxicilina;BLAU FARMACÊUTICA S.A.;58.430.828/0001-60;0836658230;10/08/2023;TODAS
dipropionato de betametasona + sulfato de gentamicina;EUROFARMA LABORATÓRIOS S.A.;61.190.096/0001-92;0425355233;27/04/2023;TODAS
CITTÀ;EUROFARMA LABORATÓRIOS S.A.;61.190.096/0001-92;0804032246;14/06/2024;TODAS
OPPY;LABORATÓRIO TEUTO BRASILEIRO S/A;17.159.229/0001-76;1275373241;17/09/2024;TODAS
benfotiamina;BIOLAB SANUS FARMACÊUTICA LTDA;49.475.833/0001-06;1658602242;04/12/2024;TODAS
VITAMINA D3;UNIÃO QUÍMICA FARMACÊUTICA NACIONAL S/A;60.665.981/0001-18;0674003250;19/05/2025;TODAS
HYPORIDROL;HYPOFARMA - INSTITUTO DE HYPODERMIA E FARMÁCIA LTDA;17.174.657/0001-78;0198404255;12/02/2025;TODAS
GLIOCORT;FRESENIUS KABI BRASIL LTDA;49.324.221/0001-04;1393438245;10/10/2024;TODAS
cabergolina;MULTILAB INDUSTRIA E COMERCIO DE PRODUTOS FARMACEUTICOS LTDA;92.265.552/0009-05;1701054248;12/12/2024;TODAS
ALIVETORE;ABBOTT LABORATÓRIOS DO BRASIL LTDA;56.998.701/0001-16;0419374256;27/03/2025;TODAS
BRITENS LC;UNIÃO QUÍMICA FARMACÊUTICA NACIONAL S/A;60.665.981/0001-18;1174493259;03/09/2025;TODAS
IBULIV;EMS S/A;57.507.378/0003-65;1472869249;25/10/2024;TODAS
KOZENIS;GLAXOSMITHKLINE BRASIL LTDA;33.247.743/0001-10;1145538258;26/08/2025;TODAS
PIPTA;LABORATÓRIO TEUTO BRASILEIRO S/A;17.159.229/0001-76;1368384242;04/10/2024;TODAS
Kymriah;NOVARTIS BIOCIENCIAS S.A;56.994.502/0001-30;1180103254;04/09/2025;TODAS
hemitartarato de zolpidem;EUROFARMA LABORATÓRIOS S.A.;61.190.096/0001-92;1597103241;22/11/2024;TODAS
GABANEURIN;EMS SIGMA PHARMA LTDA;00.923.140/0001-31;0688686257;22/05/2025;TODAS
TERROSA;GEDEON RICHTER DO BRASIL IMPORTADORA, EXPORTADORA E DISTRIBUIDORA S.A.;12.134.906/0002-69;1594421242;21/11/2024;TODAS
trometamol cetorolaco;GERMED FARMACEUTICA LTDA;45.992.062/0001-65;1182370250;05/09/2025;TODAS
claritromicina;BRAINFARMA INDÚSTRIA QUÍMICA E FARMACÊUTICA S.A;05.161.069/0001-10;0687127254;22/05/2025;TODAS
GLAMETIX;Laboratórios Bagó do Brasil S/A;04.748.181/0009-47;4519853222;08/08/2022;TODAS
FEMINA;ACHÉ LABORATÓRIOS FARMACÊUTICOS S.A;60.659.463/0029-92;0200886258;12/02/2025;TODAS
TAMOXIN;EUROFARMA LABORATÓRIOS S.A.;61.190.096/0001-92;1133187251;22/08/2025;TODAS
dimesilato de lisdexanfetamina;PHARLAB INDÚSTRIA FARMACÊUTICA S.A.;02.501.297/0001-02;0925726257;16/07/2025;TODAS
TRIQUILAR;UNIÃO QUÍMICA FARMACÊUTICA NACIONAL S/A;60.665.981/0001-18;0574498249;01/05/2024;TODAS
CUPRIMINE;MEDQUIMICA INDUSTRIA FARMACEUTICA LTDA.;17.875.154/0001-20;0835132251;25/06/2025;TODAS
HADLIMA;Samsung Bioepis br Pharmaceutical ltda.;24.563.776/0001-88;0247521230;13/03/2023;TODAS
FRONTAL;VIATRIS FARMACEUTICA DO BRASIL LTDA;11.643.096/0001-22;0788191250;11/06/2025;TODAS
SUTRIPTAN;BIOLAB SANUS FARMACÊUTICA LTDA;49.475.833/0001-06;1039177255;12/08/2025;TODAS
SITAREDDYS;DR. REDDYS FARMACÊUTICA DO BRASIL LTDA;03.978.166/0001-75;1622403240;27/11/2024;TODAS
brometo de ipratrópio;MULTILAB INDUSTRIA E COMERCIO DE PRODUTOS FARMACEUTICOS LTDA;92.265.552/0009-05;0478170254;07/04/2025;TODAS
cloridrato de fexofenadina;VITAMEDIC INDUSTRIA FARMACEUTICA LTDA;30.222.814/0001-31;0199447250;12/02/2025;TODAS
IBUPRIL CAPS;LABORATÓRIO TEUTO BRASILEIRO S/A;17.159.229/0001-76;1368404243;04/10/2024;TODAS
MANTIDAN;EUROFARMA LABORATÓRIOS S.A.;61.190.096/0001-92;0475785240;15/04/2024;TODAS
NESTA;ACHÉ LABORATÓRIOS FARMACÊUTICOS S.A;60.659.463/0029-92;0317824236;30/03/2023;TODAS
RECARBRIO;MERCK SHARP & DOHME FARMACEUTICA LTDA.;03.560.974/0001-18;1358345244;03/10/2024;TODAS
ANLUSBED;MULTILAB INDUSTRIA E COMERCIO DE PRODUTOS FARMACEUTICOS LTDA;92.265.552/0009-05;1438483244;18/10/2024;TODAS
MONOLATAN;UNIÃO QUÍMICA FARMACÊUTICA NACIONAL S/A;60.665.981/0001-18;0556801253;25/04/2025;TODAS
COLEMONO;COSMED INDUSTRIA DE COSMETICOS E MEDICAMENTOS S.A.;61.082.426/0002-07;1015300251;07/08/2025;TODAS
FEMIANE;UNIÃO QUÍMICA FARMACÊUTICA NACIONAL S/A;60.665.981/0001-18;0012158241;04/01/2024;TODAS
AEROGOLD;GLENMARK FARMACÊUTICA LTDA;44.363.661/0001-57;0678737258;20/05/2025;TODAS
dicloridrato de hidroxizina;LEGRAND PHARMA INDÚSTRIA FARMACÊUTICA LTDA;05.044.984/0001-26;0601183258;05/05/2025;TODAS
DESLORATADINA;ACHÉ LABORATÓRIOS FARMACÊUTICOS S.A;60.659.463/0029-92;1016321252;07/08/2025;TODAS
Epinefrina;HYPOFARMA - INSTITUTO DE HYPODERMIA E FARMÁCIA LTDA;17.174.657/0001-78;0060127252;15/01/2025;TODAS
ESALERG D12;ACHÉ LABORATÓRIOS FARMACÊUTICOS S.A;60.659.463/0029-92;0021638250;08/01/2025;TODAS
mesilato de imatinibe;LABORATORIO QUIMICO FARMACEUTICO DA AERONAUTICA;00.394.429/0099-14;0091869234;30/01/2023;TODAS
Numeta Neo;BAXTER HOSPITALAR LTDA;49.351.786/0002-61;1145579256;26/08/2025;TODAS
desogestrel;EMS S/A;57.507.378/0003-65;0313171254;07/03/2025;TODAS
pemetrexede dissodico;SUN FARMACÊUTICA DO BRASIL LTDA;05.035.244/0001-23;0861555252;01/07/2025;TODAS
Hemitartarato de Zolpidem;MEDQUIMICA INDUSTRIA FARMACEUTICA LTDA.;17.875.154/0001-20;0580988244;02/05/2024;TODAS
GLIMEPIRIDA;ACHÉ LABORATÓRIOS FARMACÊUTICOS S.A;60.659.463/0029-92;4523359204;21/12/2020;TODAS
desloratadina;EUROFARMA LABORATÓRIOS S.A.;61.190.096/0001-92;0987050257;30/07/2025;TODAS
SACFER;VASCONCELOS INDUSTRIA FARMACEUTICA E COMERCIO LTDA;05.155.425/0001-93;0845113259;27/06/2025;TODAS
SABRIL;SANOFI MEDLEY FARMACÊUTICA LTDA.;10.588.595/0010-92;0874466253;03/07/2025;TODAS
dipirona monoidratada;EMS S/A;57.507.378/0003-65;0508378257;14/04/2025;TODAS
levonorgestrel + etinilestradiol;CIFARMA CIENTÍFICA FARMACÊUTICA LTDA;17.562.075/0001-69;1257372246;12/09/2024;TODAS
EVOCARB;FARMARIN INDUSTRIA E COMERCIO LTDA;58.635.830/0001-75;0850228185;29/08/2018;TODAS
WOSULIN N;GERAIS, COMÉRCIO E IMPORTAÇÃO DE MATERIAIS E EQUIPAMENTOS MEDICOS LTDA;04.491.780/0001-70;0469229250;04/04/2025;TODAS
cloridrato de ciprofloxacino;NOVARTIS BIOCIENCIAS S.A;56.994.502/0001-30;0858059258;30/06/2025;TODAS
piperacilina sódica + tazobactam sódico;QUIMICA HALLER LTDA;33.036.815/0001-80;2052446193;26/08/2019;TODAS
ÁGUA PARA INJETAVÉIS;FARMARIN INDUSTRIA E COMERCIO LTDA;58.635.830/0001-75;2608787215;05/07/2021;TODAS
GEMCIT;SANDOZ DO BRASIL INDÚSTRIA FARMACÊUTICA LTDA;61.286.647/0001-16;1726254241;18/12/2024;TODAS
fosfato sódico de prednisolona;VITAMEDIC INDUSTRIA FARMACEUTICA LTDA;30.222.814/0001-31;0826286259;23/06/2025;TODAS
amoxicilina + clavulanato de potássio;CELLERA FARMACÊUTICA S.A.;33.173.097/0002-74;0226123243;26/02/2024;TODAS
GLICOSE HALEX ISTAR;HALEX ISTAR INDÚSTRIA FARMACÊUTICA SA;01.571.702/0001-98;2312550211;15/06/2021;TODAS
ISOFARMA - SOLUÇÃO DE SULFATO DE MAGNESIO;HALEX ISTAR INDÚSTRIA FARMACÊUTICA SA;01.571.702/0001-98;7102766211;15/12/2021;TODAS
PREGABALINA;ACHÉ LABORATÓRIOS FARMACÊUTICOS S.A;60.659.463/0029-92;1726096246;18/12/2024;TODAS
COGIT;BIOLAB SANUS FARMACÊUTICA LTDA;49.475.833/0001-06;0559818214;11/02/2021;TODAS
ibuprofeno;VITAMEDIC INDUSTRIA FARMACEUTICA LTDA;30.222.814/0001-31;1709679247;13/12/2024;TODAS
WOSULIN R;GERAIS, COMÉRCIO E IMPORTAÇÃO DE MATERIAIS E EQUIPAMENTOS MEDICOS LTDA;04.491.780/0001-70;0469246251;04/04/2025;TODAS
temozolomida;EUROFARMA LABORATÓRIOS S.A.;61.190.096/0001-92;1238274242;09/09/2024;TODAS
TRAUM;ACHÉ LABORATÓRIOS FARMACÊUTICOS S.A;60.659.463/0029-92;1736841246;19/12/2024;TODAS
DOVATO;GLAXOSMITHKLINE BRASIL LTDA;33.247.743/0001-10;0501283251;11/04/2025;TODAS
Naucloz;ACHÉ LABORATÓRIOS FARMACÊUTICOS S.A;60.659.463/0029-92;1176820257;04/09/2025;TODAS
PASMODEX;HALEX ISTAR INDÚSTRIA FARMACÊUTICA SA;01.571.702/0001-98;4339884207;08/12/2020;TODAS
meloxicam;GEOLAB INDÚSTRIA FARMACÊUTICA S/A;03.485.572/0001-04;1075203252;14/08/2025;TODAS
TREZETE;ACHÉ LABORATÓRIOS FARMACÊUTICOS S.A;60.659.463/0029-92;1726442241;18/12/2024;TODAS
acetato de abiraterona;SANDOZ DO BRASIL INDÚSTRIA FARMACÊUTICA LTDA;61.286.647/0001-16;4441329229;18/07/2022;TODAS
levofloxacino hemi-hidratado;EUROFARMA LABORATÓRIOS S.A.;61.190.096/0001-92;0646631250;13/05/2025;TODAS
levofloxacino;LABORATÓRIO GLOBO SA;17.115.437/0001-73;0787112259;11/06/2025;TODAS
montelucaste de sódio;ACHÉ LABORATÓRIOS FARMACÊUTICOS S.A;60.659.463/0029-92;0692633251;23/05/2025;TODAS
FERRO;BIOLAB SANUS FARMACÊUTICA LTDA;49.475.833/0001-06;0170513254;06/02/2025;TODAS
HEDERA CATARINENSE;LABORATORIO CATARINENSE LTDA;84.684.620/0001-87;0787086258;11/06/2025;TODAS
tartarato de brimonidina;EMS S/A;57.507.378/0003-65;1111186251;18/08/2025;TODAS
FABRAZYME;SANOFI MEDLEY FARMACÊUTICA LTDA.;10.588.595/0010-92;1153622254;28/08/2025;TODAS
SULFATO DE NEOMICINA + BACITRACINA ZÍNCICA;PHARLAB INDÚSTRIA FARMACÊUTICA S.A.;02.501.297/0001-02;0794119255;12/06/2025;TODAS
PROLIA;AMGEN BIOTECNOLOGIA DO BRASIL LTDA.;18.774.815/0001-93;1496334248;30/10/2024;TODAS
ZOMYLE;VIATRIS FARMACEUTICA DO BRASIL LTDA;11.643.096/0001-22;0536451231;26/05/2023;TODAS
RYTMISE;GERMED FARMACEUTICA LTDA;45.992.062/0001-65;1204520241;02/09/2024;TODAS
FLANAX XR;BAYER S.A.;18.459.628/0001-15;0916076253;14/07/2025;TODAS
OXA;ACCORD FARMACÊUTICA LTDA;64.171.697/0001-46;4928283228;10/11/2022;TODAS
dipropionato de beclometasona;GLENMARK FARMACÊUTICA LTDA;44.363.661/0001-57;0731056256;29/05/2025;TODAS
PERLID;PRATI DONADUZZI & CIA LTDA;73.856.593/0001-66;0798021250;13/06/2025;TODAS
ELIQUIS;PFIZER BRASIL LTDA;61.072.393/0001-33;1284177246;18/09/2024;TODAS
cloridrato de ondansetrona;SANOFI MEDLEY FARMACÊUTICA LTDA.;10.588.595/0010-92;1631012240;28/11/2024;TODAS
KOLPOCERVIX;ZYDUS NIKKHO FARMACÊUTICA LTDA;05.254.971/0001-81;0757037259;04/06/2025;TODAS
BACTRIM;FARMOQUÍMICA S/A;33.349.473/0001-58;0677257244;21/05/2024;TODAS
KOPLAN;FRESENIUS KABI BRASIL LTDA;49.324.221/0001-04;1130507254;21/08/2025;TODAS
CALMALEVHY;VIDORA FARMACÊUTICA LTDA;92.762.277/0001-70;2246222214;10/06/2021;TODAS
KALOBA;HERBARIUM LABORATORIO BOTANICO LTDA;78.950.011/0001-20;1138017256;25/08/2025;TODAS
SINCRO XR;EUROFARMA LABORATÓRIOS S.A.;61.190.096/0001-92;1332439241;27/09/2024;TODAS
Cloridrato de donepezila;BRAINFARMA INDÚSTRIA QUÍMICA E FARMACÊUTICA S.A;05.161.069/0001-10;0150127235;14/02/2023;TODAS
esomeprazol sódico;ACCORD FARMACÊUTICA LTDA;64.171.697/0001-46;1410857217;13/04/2021;TODAS
DANYELZA;ADIUM S.A.;55.980.684/0001-27;0730119254;29/05/2025;TODAS
letrozol;LABORATÓRIO QUÍMICO FARMACÊUTICO BERGAMO LTDA;61.282.661/0001-41;0625124235;20/06/2023;TODAS
BIOGRIPE;UNIÃO QUÍMICA FARMACÊUTICA NACIONAL S/A;60.665.981/0001-18;0381368254;20/03/2025;TODAS
cloridrato de trazodona;Althaia S.A Indústria Farmacêutica;48.344.725/0007-19;0192738259;11/02/2025;TODAS
ICADEN;LEO PHARMA LTDA;11.424.477/0001-10;0122574257;28/01/2025;TODAS
cloridrato de metformina;MULTILAB INDUSTRIA E COMERCIO DE PRODUTOS FARMACEUTICOS LTDA;92.265.552/0009-05;1182593259;05/09/2025;TODAS
GENOTROPIN;PFIZER BRASIL LTDA;61.072.393/0001-33;1058246259;13/08/2025;TODAS
bromoprida;CIMED INDUSTRIA S.A;02.814.497/0001-07;0594700221;18/02/2022;TODAS
cloridrato de paroxetina;CIMED INDUSTRIA S.A;02.814.497/0001-07;0029933234;11/01/2023;TODAS
MEROPENEM;FRESENIUS KABI BRASIL LTDA;49.324.221/0001-04;0306239256;06/03/2025;TODAS
captopril;BELFAR LTDA;18.324.343/0001-77;1332411240;27/09/2024;TODAS
cloridrato de ciprofloxacino;EMS S/A;57.507.378/0003-65;0370173252;19/03/2025;TODAS
TRICIT;EUROFARMA LABORATÓRIOS S.A.;61.190.096/0001-92;0718304250;27/05/2025;TODAS
PLAVIX;SANOFI MEDLEY FARMACÊUTICA LTDA.;10.588.595/0010-92;1726634248;18/12/2024;TODAS
FLEXIVE CDM;PROCTER & GAMBLE DO BRASIL LTDA.;59.476.770/0001-58;1019333227;11/03/2022;TODAS
Epocler Comprimido;COSMED INDUSTRIA DE COSMETICOS E MEDICAMENTOS S.A.;61.082.426/0002-07;1148775251;27/08/2025;TODAS
Xilbrilada;PFIZER BRASIL LTDA;61.072.393/0001-33;0569596246;30/04/2024;TODAS
AILUK;GLENMARK FARMACÊUTICA LTDA;44.363.661/0001-57;0737396253;30/05/2025;TODAS
ILUDRAL;ADIUM S.A.;55.980.684/0001-27;0141890258;31/01/2025;TODAS
SANY D CAPS;ACHÉ LABORATÓRIOS FARMACÊUTICOS S.A;60.659.463/0029-92;4524194205;21/12/2020;TODAS
LUBIP;TORRENT DO BRASIL LTDA;33.078.528/0001-32;0922443254;15/07/2025;TODAS
IRO;CRISTÁLIA PRODUTOS QUÍMICOS FARMACÊUTICOS LTDA.;44.734.671/0001-51;0318714248;14/03/2024;TODAS
estradiol + drospirenona;EUROFARMA LABORATÓRIOS S.A.;61.190.096/0001-92;1655485245;04/12/2024;TODAS
oxaliplatina;ACCORD FARMACÊUTICA LTDA;64.171.697/0001-46;4917869226;08/11/2022;TODAS
algestona acetofenida + enantato de estradiol;CIFARMA CIENTÍFICA FARMACÊUTICA LTDA;17.562.075/0001-69;1627157247;28/11/2024;TODAS
furosemida;CIMED INDUSTRIA S.A;02.814.497/0001-07;0582147221;17/02/2022;TODAS
Efluelda;SANOFI MEDLEY FARMACÊUTICA LTDA.;10.588.595/0010-92;0742362256;02/06/2025;TODAS
ibuprofeno;CIMED INDUSTRIA S.A;02.814.497/0001-07;1455372242;23/10/2024;TODAS
LUXTURNA;NOVARTIS BIOCIENCIAS S.A;56.994.502/0001-30;0720887259;28/05/2025;TODAS
Cuvitru;TAKEDA PHARMA LTDA.;60.397.775/0001-74;2871480214;23/07/2021;TODAS
BUSCOPAN COMPOSTO;COSMED INDUSTRIA DE COSMETICOS E MEDICAMENTOS S.A.;61.082.426/0002-07;0488200245;17/04/2024;TODAS
SYSTEN;FARMA VISION IMPORTAÇÃO E EXPORTAÇÃO DE MEDICAMENTOS LTDA;09.058.502/0001-48;1263602240;13/09/2024;TODAS
cloridrato de amiodarona;FRESENIUS KABI BRASIL LTDA;49.324.221/0001-04;0090881257;22/01/2025;TODAS
HEPTRIS;VIATRIS FARMACEUTICA DO BRASIL LTDA;11.643.096/0001-22;1084403251;15/08/2025;TODAS
PEGTIMA;BIONOVIS S.A. - COMPANHIA BRASILEIRA DE BIOTECNOLOGIA FARMACEUTICA;12.320.079/0001-17;0842053255;27/06/2025;TODAS
TRONVAZ;CIFARMA CIENTÍFICA FARMACÊUTICA LTDA;17.562.075/0001-69;4250312216;27/10/2021;TODAS
BENFIBE;MYRALIS INDÚSTRIA FARMACÊUTICA LTDA;17.440.261/0001-25;0684496259;21/05/2025;TODAS
sofosbuvir;FUNDAÇÃO PARA O REMÉDIO POPULAR - FURP;43.640.754/0001-19;1827320213;12/05/2021;TODAS
dolutegravir sódico;LABORATORIO FARMACEUTICO DO ESTADO DE PERNAMBUCO GOVERNADOR MIGUEL ARRAES S/A - LAFEPE;10.877.926/0001-13;0859945251;01/07/2025;TODAS
XANTINON;UNIÃO QUÍMICA FARMACÊUTICA NACIONAL S/A;60.665.981/0001-18;0309226252;07/03/2025;TODAS
ANTARA;EUROFARMA LABORATÓRIOS S.A.;61.190.096/0001-92;0646911244;15/05/2024;TODAS
SPARK;EUROFARMA LABORATÓRIOS S.A.;61.190.096/0001-92;1105514242;13/08/2024;TODAS
ALGICOD;EUROFARMA LABORATÓRIOS S.A.;61.190.096/0001-92;1068262231;06/10/2023;TODAS
DEPZEL;UNIÃO QUÍMICA FARMACÊUTICA NACIONAL S/A;60.665.981/0001-18;0682544256;21/05/2025;TODAS
TYLENOL SINUS;KENVUE LTDA.;59.748.988/0001-14;0726465259;28/05/2025;TODAS
ampicilina sódica;EUGIA PHARMA INDUSTRIA FARMACEUTICA LTDA;44.639.493/0001-80;0986766259;30/07/2025;TODAS
atenolol + clortalidona;GERMED FARMACEUTICA LTDA;45.992.062/0001-65;0889961255;07/07/2025;TODAS
ANADOR;OPELLA HEALTHCARE BRAZIL LTDA;38.391.432/0001-43;0135818257;30/01/2025;TODAS
ADVIPRO;PF Consumer Healthcare Brazil Importadora e Distribuidora de Medicamentos Ltda;30.872.270/0001-53;0725162244;29/05/2024;TODAS
ticagrelor;RANBAXY FARMACÊUTICA LTDA;73.663.650/0001-90;0808278258;17/06/2025;TODAS
FENBIP;MULTILAB INDUSTRIA E COMERCIO DE PRODUTOS FARMACEUTICOS LTDA;92.265.552/0009-05;0053177258;14/01/2025;TODAS
TRANQUIL;LABORATÓRIO GLOBO SA;17.115.437/0001-73;0813389259;18/06/2025;TODAS
EPKINLY;ABBVIE FARMACÊUTICA LTDA.;15.800.545/0001-50;0274311259;26/02/2025;TODAS
ALGILIVE;ACHÉ LABORATÓRIOS FARMACÊUTICOS S.A;60.659.463/0029-92;0611790246;08/05/2024;TODAS
VACINA MENINGOCÓCICA ACWY (CONJUGADA);FUNDAÇÃO EZEQUIEL DIAS - FUNED;17.503.475/0001-01;0243004257;20/02/2025;TODAS
IBUGLOBO;LABORATÓRIO GLOBO SA;17.115.437/0001-73;1612378242;26/11/2024;TODAS
HPROZ;CRISTÁLIA PRODUTOS QUÍMICOS FARMACÊUTICOS LTDA.;44.734.671/0001-51;0329299255;11/03/2025;TODAS
MIOGESIC LIS;EMS S/A;57.507.378/0003-65;1148246240;21/08/2024;TODAS
rivaroxabana;LABORATÓRIO GLOBO SA;17.115.437/0001-73;0797234250;13/06/2025;TODAS
adenosina;FRESENIUS KABI BRASIL LTDA;49.324.221/0001-04;0082274258;20/01/2025;TODAS
HISMERID;PRATI DONADUZZI & CIA LTDA;73.856.593/0001-66;1592954243;21/11/2024;TODAS
FORASEQ;SANDOZ DO BRASIL INDÚSTRIA FARMACÊUTICA LTDA;61.286.647/0001-16;0012458244;04/01/2024;TODAS
DEFLAZACORTE;MULTILAB INDUSTRIA E COMERCIO DE PRODUTOS FARMACEUTICOS LTDA;92.265.552/0009-05;0385003242;27/03/2024;TODAS
ATURGYL;COSMED INDUSTRIA DE COSMETICOS E MEDICAMENTOS S.A.;61.082.426/0002-07;4964472221;21/11/2022;TODAS
ADVIL;PF Consumer Healthcare Brazil Importadora e Distribuidora de Medicamentos Ltda;30.872.270/0001-53;0982330251;29/07/2025;TODAS
nimesulida;MULTILAB INDUSTRIA E COMERCIO DE PRODUTOS FARMACEUTICOS LTDA;92.265.552/0009-05;0756064252;04/06/2025;TODAS
ARACOR HCT;MULTILAB INDUSTRIA E COMERCIO DE PRODUTOS FARMACEUTICOS LTDA;92.265.552/0009-05;0001809253;02/01/2025;TODAS
DECONTOSSE;ACHÉ LABORATÓRIOS FARMACÊUTICOS S.A;60.659.463/0029-92;0681117257;21/05/2025;TODAS
cloridrato de ondansetrona;UNIÃO QUÍMICA FARMACÊUTICA NACIONAL S/A;60.665.981/0001-18;1729532241;18/12/2024;TODAS
OSBANT;MULTILAB INDUSTRIA E COMERCIO DE PRODUTOS FARMACEUTICOS LTDA;92.265.552/0009-05;1079435247;07/08/2024;TODAS
COMFECT DUO;ACHÉ LABORATÓRIOS FARMACÊUTICOS S.A;60.659.463/0029-92;1445145235;19/12/2023;TODAS
cloridrato de tramadol + diclofenaco sódico;ADIUM S.A.;55.980.684/0001-27;0808271253;17/06/2025;TODAS
CLORIDRATO DE MOXIFLOXACINO;MULTILAB INDUSTRIA E COMERCIO DE PRODUTOS FARMACEUTICOS LTDA;92.265.552/0009-05;0364161256;18/03/2025;TODAS
TEARFILM;GEOLAB INDÚSTRIA FARMACÊUTICA S/A;03.485.572/0001-04;0455513252;03/04/2025;TODAS
ZOXYLAB;MULTILAB INDUSTRIA E COMERCIO DE PRODUTOS FARMACEUTICOS LTDA;92.265.552/0009-05;1064827241;05/08/2024;TODAS
SOGROYA;NOVO NORDISK FARMACÊUTICA DO BRASIL LTDA;82.277.955/0001-55;1057215252;13/08/2025;TODAS
Qarziba;RECORDATI RARE DISEASES COMÉRCIO DE MEDICAMENTOS LTDA - ME;53.056.057/0001-79;0988052253;30/07/2025;TODAS
BIO-MANGUINHOS ADALIMUMABE;FUNDAÇÃO OSWALDO CRUZ;33.781.055/0001-35;0299501230;24/03/2023;TODAS
MEFLAGIN;MULTILAB INDUSTRIA E COMERCIO DE PRODUTOS FARMACEUTICOS LTDA;92.265.552/0009-05;0793819253;12/06/2025;TODAS
CETOCONAZOL + DIPROPIONATO DE BETAMETASONA;MULTILAB INDUSTRIA E COMERCIO DE PRODUTOS FARMACEUTICOS LTDA;92.265.552/0009-05;4982408220;25/11/2022;TODAS
hemitartarato de rivastigmina;LABORVIDA LABORATÓRIOS FARMACÊUTICOS LTDA.;31.111.412/0001-22;1169103251;02/09/2025;TODAS
TODUZE;EMS S/A;57.507.378/0003-65;0493809252;10/04/2025;TODAS
TACHOSIL;MANDALA BRASIL IMPORTAÇÃO E DISTRIBUIÇÃO DE PRODUTO MÉDICO HOSPITALAR LTDA;09.117.476/0001-81;4394259223;07/07/2022;TODAS
ALOFF;EUROFARMA LABORATÓRIOS S.A.;61.190.096/0001-92;0986267252;30/07/2025;TODAS
SPEVIGO;BOEHRINGER INGELHEIM DO BRASIL QUÍMICA E FARMACÊUTICA LTDA.;60.831.658/0001-77;0289020255;28/02/2025;TODAS
OXACILINA SÓDICA;EUGIA PHARMA INDUSTRIA FARMACEUTICA LTDA;44.639.493/0001-80;0950654230;06/09/2023;TODAS
ZERBAXA;MERCK SHARP & DOHME FARMACEUTICA LTDA.;03.560.974/0001-18;0834308258;25/06/2025;TODAS
dicloridrato de hidroxizina;GERMED FARMACEUTICA LTDA;45.992.062/0001-65;0857901257;30/06/2025;TODAS
BENICAR ODT;DAIICHI SANKYO BRASIL FARMACÊUTICA LTDA;60.874.187/0001-84;0816310254;18/06/2025;TODAS
dipirona;LABORATÓRIO TEUTO BRASILEIRO S/A;17.159.229/0001-76;0528841254;17/04/2025;TODAS
lacosamida;TORRENT DO BRASIL LTDA;33.078.528/0001-32;1430041242;17/10/2024;TODAS
CITOBÊ;EUROFARMA LABORATÓRIOS S.A.;61.190.096/0001-92;1103672240;13/08/2024;TODAS
ONDSET SOLUÇÃO ORAL;UNIÃO QUÍMICA FARMACÊUTICA NACIONAL S/A;60.665.981/0001-18;0625839251;08/05/2025;TODAS
cloridrato de naratriptana;MULTILAB INDUSTRIA E COMERCIO DE PRODUTOS FARMACEUTICOS LTDA;92.265.552/0009-05;1170428258;02/09/2025;TODAS
DNAREN;BLAU FARMACÊUTICA S.A.;58.430.828/0001-60;4327751227;22/06/2022;TODAS
AYMEE;LIBBS FARMACÊUTICA LTDA;61.230.314/0001-75;0463691253;04/04/2025;TODAS
NASONEX®;ORGANON FARMACÊUTICA LTDA.;45.987.013/0001-34;0565532251;27/04/2025;TODAS
dicloridrato de levocetirizina;GERMED FARMACEUTICA LTDA;45.992.062/0001-65;1443756245;21/10/2024;TODAS
nimesulida;GERMED FARMACEUTICA LTDA;45.992.062/0001-65;0756133254;04/06/2025;TODAS
CLOTRIMIX;FARMOQUÍMICA S/A;33.349.473/0001-58;1148651241;21/08/2024;TODAS
LYNDAVELUNO;HEMAFARMA COM E IND FARMACEUTICA LTDA;30.332.829/0001-52;1137690232;20/10/2023;TODAS
ALBUMINA HUMANA HEMOBRÁS;EMPRESA BRASILEIRA DE HEMODERIVADOS E BIOTECNOLOGIA;07.607.851/0001-46;1490110241;30/10/2024;TODAS
VALSARTANA;MULTILAB INDUSTRIA E COMERCIO DE PRODUTOS FARMACEUTICOS LTDA;92.265.552/0009-05;1174029251;03/09/2025;TODAS
BIXLYN;ACHÉ LABORATÓRIOS FARMACÊUTICOS S.A;60.659.463/0029-92;1111247251;18/08/2025;TODAS
MEKTOVI;PFIZER BRASIL LTDA;61.072.393/0001-33;1535559241;07/11/2024;TODAS
BEYFORTUS;SANOFI MEDLEY FARMACÊUTICA LTDA.;10.588.595/0010-92;0629490252;09/05/2025;TODAS
FLYKATO;DR. REDDYS FARMACÊUTICA DO BRASIL LTDA;03.978.166/0001-75;1128244250;21/08/2025;TODAS
hemitartarato de zolpidem;PRATI DONADUZZI & CIA LTDA;73.856.593/0001-66;0793511259;12/06/2025;TODAS
FERRIPROX BD;CHIESI FARMACÊUTICA LTDA;61.363.032/0001-46;0104522259;24/01/2025;TODAS
pregabalina;LABORATÓRIO GLOBO SA;17.115.437/0001-73;0138280240;05/02/2024;TODAS
ticagrelor;TORRENT DO BRASIL LTDA;33.078.528/0001-32;0780616251;10/06/2025;TODAS
KALYDECO;VERTEX FARMACEUTICA DO BRASIL LTDA.;21.798.065/0001-02;0927721244;08/07/2024;TODAS
NUVYOR;EUROFARMA LABORATÓRIOS S.A.;61.190.096/0001-92;1687494240;10/12/2024;TODAS
BRAFTOVI;PFIZER BRASIL LTDA;61.072.393/0001-33;1148671251;27/08/2025;TODAS
gabapentina;GERMED FARMACEUTICA LTDA;45.992.062/0001-65;1063440238;05/10/2023;TODAS
HYPOZAM;HYPOFARMA - INSTITUTO DE HYPODERMIA E FARMÁCIA LTDA;17.174.657/0001-78;0558575251;25/04/2025;TODAS
gabapentina;GERMED FARMACEUTICA LTDA;45.992.062/0001-65;0792491254;12/06/2025;TODAS
FUSOR;ACHÉ LABORATÓRIOS FARMACÊUTICOS S.A;60.659.463/0029-92;0901747246;02/07/2024;TODAS
cloridrato de fexofenadina;MULTILAB INDUSTRIA E COMERCIO DE PRODUTOS FARMACEUTICOS LTDA;92.265.552/0009-05;1652304240;03/12/2024;TODAS
cloridrato de fexofenadina;MULTILAB INDUSTRIA E COMERCIO DE PRODUTOS FARMACEUTICOS LTDA;92.265.552/0009-05;1652369244;03/12/2024;TODAS
LABIRIN XR;APSEN FARMACEUTICA S/A;62.462.015/0001-29;0546774253;23/04/2025;TODAS
esomeprazol magnésico;CIMED INDUSTRIA S.A;02.814.497/0001-07;1193063256;09/09/2025;TODAS
apixabana;BRAINFARMA INDÚSTRIA QUÍMICA E FARMACÊUTICA S.A;05.161.069/0001-10;0150013230;14/02/2023;TODAS
LOSEC;BIOPAS BRASIL PRODUTOS FARMACEUTICOS LTDA;31.327.287/0001-92;0897633253;08/07/2025;TODAS
RETSEVMO;ELI LILLY DO BRASIL LTDA;43.940.618/0001-44;0972045252;25/07/2025;TODAS
MEROPENEM;LABORATÓRIO TEUTO BRASILEIRO S/A;17.159.229/0001-76;1389172244;09/10/2024;TODAS
furoato de mometasona;GLENMARK FARMACÊUTICA LTDA;44.363.661/0001-57;0906635250;10/07/2025;TODAS
BUSONID;ACHÉ LABORATÓRIOS FARMACÊUTICOS S.A;60.659.463/0029-92;0961543248;15/07/2024;TODAS
WOSULIN 70/30;GERAIS, COMÉRCIO E IMPORTAÇÃO DE MATERIAIS E EQUIPAMENTOS MEDICOS LTDA;04.491.780/0001-70;3553933200;14/10/2020;TODAS
bissulfato de clopidogrel;ACHÉ LABORATÓRIOS FARMACÊUTICOS S.A;60.659.463/0029-92;0705650235;10/07/2023;TODAS
cloridrato de metformina;GEOLAB INDÚSTRIA FARMACÊUTICA S/A;03.485.572/0001-04;1178914259;04/09/2025;TODAS
NIMSY;MABRA FARMACEUTICA LTDA;09.545.589/0001-88;0764672258;06/06/2025;TODAS
nimesulida;CIFARMA CIENTÍFICA FARMACÊUTICA LTDA;17.562.075/0001-69;0764734253;06/06/2025;TODAS
MAXIFLOX D;CRISTÁLIA PRODUTOS QUÍMICOS FARMACÊUTICOS LTDA.;44.734.671/0001-51;0992725259;31/07/2025;TODAS
desogestrel;GERMED FARMACEUTICA LTDA;45.992.062/0001-65;0468410252;04/04/2025;TODAS
desogestrel;LEGRAND PHARMA INDÚSTRIA FARMACÊUTICA LTDA;05.044.984/0001-26;4628706221;30/08/2022;TODAS
CARELI;EMS S/A;57.507.378/0003-65;0372159257;19/03/2025;TODAS
MAYSA;LEGRAND PHARMA INDÚSTRIA FARMACÊUTICA LTDA;05.044.984/0001-26;4628196222;30/08/2022;TODAS
KELLY;EMS SIGMA PHARMA LTDA;00.923.140/0001-31;4628076227;30/08/2022;TODAS
Acitretina;GLENMARK FARMACÊUTICA LTDA;44.363.661/0001-57;4962553224;21/11/2022;TODAS
brometo de rocuronio;ANTIBIÓTICOS DO BRASIL LTDA;05.439.635/0001-03;0909233241;03/07/2024;TODAS
CALQUENCE;ASTRAZENECA DO BRASIL LTDA;60.318.797/0001-00;0268870211;21/01/2021;TODAS
BONAR;ACHÉ LABORATÓRIOS FARMACÊUTICOS S.A;60.659.463/0029-92;4923754222;09/11/2022;TODAS
rivaroxabana;LEGRAND PHARMA INDÚSTRIA FARMACÊUTICA LTDA;05.044.984/0001-26;1159377251;29/08/2025;TODAS
FluQuadri;SANOFI MEDLEY FARMACÊUTICA LTDA.;10.588.595/0010-92;0244028257;20/02/2025;TODAS
letrozol;ACCORD FARMACÊUTICA LTDA;64.171.697/0001-46;0996742255;01/08/2025;TODAS
gliclazida;CIMED INDUSTRIA S.A;02.814.497/0001-07;1021338249;26/07/2024;TODAS
hemitartarato de zolpidem;GEOLAB INDÚSTRIA FARMACÊUTICA S/A;03.485.572/0001-04;1742720242;20/12/2024;TODAS
COLTRIENO;MYRALIS INDÚSTRIA FARMACÊUTICA LTDA;17.440.261/0001-25;2016232214;25/05/2021;TODAS
DAGLI;LEGRAND PHARMA INDÚSTRIA FARMACÊUTICA LTDA;05.044.984/0001-26;0631527257;09/05/2025;TODAS
aciclovir sódico;BLAU FARMACÊUTICA S.A.;58.430.828/0001-60;1134295251;22/08/2025;TODAS
cloridrato de fluoxetina;NOVARTIS BIOCIENCIAS S.A;56.994.502/0001-30;4678225226;12/09/2022;TODAS
imipenem + cilastatina sódica;Midfarma Produtos Farmaceuticos Ltda;13.863.381/0001-84;1056329216;18/03/2021;TODAS
VANTIL;1FARMA INDUSTRIA FARMACEUTICA LTDA;48.113.906/0001-49;1426520221;28/03/2022;TODAS
PHOXILIUM;BAXTER HOSPITALAR LTDA;49.351.786/0002-61;0470450240;12/04/2024;TODAS
AGUD;BIOLAB SANUS FARMACÊUTICA LTDA;49.475.833/0001-06;1063844231;05/10/2023;TODAS
ACETATO DE CLORMADINONA + ETINILESTRADIOL;LEGRAND PHARMA INDÚSTRIA FARMACÊUTICA LTDA;05.044.984/0001-26;1164212257;01/09/2025;TODAS
HEDERA 1Farma;1FARMA INDUSTRIA FARMACEUTICA LTDA;48.113.906/0001-49;0617291191;15/07/2019;TODAS
EPCLUSA;GILEAD SCIENCES FARMACEUTICA DO BRASIL LTDA;15.670.288/0001-89;1054126241;01/08/2024;TODAS
FIQUEZEN;MEDQUIMICA INDUSTRIA FARMACEUTICA LTDA.;17.875.154/0001-20;0012345253;06/01/2025;TODAS
Restitue;EMS S/A;57.507.378/0003-65;0297481258;05/03/2025;TODAS
CLORIDRATO DE DULOXETINA;ACHÉ LABORATÓRIOS FARMACÊUTICOS S.A;60.659.463/0029-92;0075707233;25/01/2023;TODAS
FUCSIA FEM;MULTILAB INDUSTRIA E COMERCIO DE PRODUTOS FARMACEUTICOS LTDA;92.265.552/0009-05;0931261252;17/07/2025;TODAS
CORUS H;ACHÉ LABORATÓRIOS FARMACÊUTICOS S.A;60.659.463/0029-92;0356275256;17/03/2025;TODAS
MELOCOX;EUROFARMA LABORATÓRIOS S.A.;61.190.096/0001-92;1067521259;14/08/2025;TODAS
PROBENXIL;CIMED INDUSTRIA S.A;02.814.497/0001-07;0211279234;02/03/2023;TODAS
EPIKABI;FRESENIUS KABI BRASIL LTDA;49.324.221/0001-04;1708934243;13/12/2024;TODAS
BECA;HALEX ISTAR INDÚSTRIA FARMACÊUTICA SA;01.571.702/0001-98;2060310210;28/05/2021;TODAS
ALTIVA;EUROFARMA LABORATÓRIOS S.A.;61.190.096/0001-92;4366950219;05/11/2021;TODAS
ATENOLOL;ACHÉ LABORATÓRIOS FARMACÊUTICOS S.A;60.659.463/0029-92;0992376254;31/07/2025;TODAS
CLORIDRATO DE AMIODARONA;ACHÉ LABORATÓRIOS FARMACÊUTICOS S.A;60.659.463/0029-92;0435179197;16/05/2019;TODAS
paracetamol + cafeína;EMS S/A;57.507.378/0003-65;0710950250;26/05/2025;TODAS
HALAVEN;UNITED MEDICAL LTDA;68.949.239/0001-46;0775079251;09/06/2025;TODAS
ivermectina;LEGRAND PHARMA INDÚSTRIA FARMACÊUTICA LTDA;05.044.984/0001-26;1057691241;02/08/2024;TODAS
cloridrato de fexofenadina + cloridrato de pseudoefedrina;EMS S/A;57.507.378/0003-65;1117714250;19/08/2025;TODAS
FERANE 35;CIFARMA CIENTÍFICA FARMACÊUTICA LTDA;17.562.075/0001-69;0843967251;27/06/2025;TODAS
VOEXTOR;LIBBS FARMACÊUTICA LTDA;61.230.314/0001-75;1164278240;23/08/2024;TODAS
ABMETHA;CRISTÁLIA PRODUTOS QUÍMICOS FARMACÊUTICOS LTDA.;44.734.671/0001-51;0665963246;20/05/2024;TODAS
BRYONY;UNIÃO QUÍMICA FARMACÊUTICA NACIONAL S/A;60.665.981/0001-18;1560579242;13/11/2024;TODAS
NIENZA;ACHÉ LABORATÓRIOS FARMACÊUTICOS S.A;60.659.463/0029-92;1254396241;12/09/2024;TODAS
LEXLER;LEGRAND PHARMA INDÚSTRIA FARMACÊUTICA LTDA;05.044.984/0001-26;1652030247;03/12/2024;TODAS
Unizinco Comprimido;MYRALIS INDÚSTRIA FARMACÊUTICA LTDA;17.440.261/0001-25;0042337259;13/01/2025;TODAS
bortezomibe;BLAU FARMACÊUTICA S.A.;58.430.828/0001-60;1617925241;26/11/2024;TODAS
TAXILAN;LABORATÓRIO QUÍMICO FARMACÊUTICO BERGAMO LTDA;61.282.661/0001-41;0767293240;07/06/2024;TODAS
levonorgestrel + etinilestradiol;RANBAXY FARMACÊUTICA LTDA;73.663.650/0001-90;1411269218;13/04/2021;TODAS
omeprazol sódico;LABORATÓRIO TEUTO BRASILEIRO S/A;17.159.229/0001-76;0749948256;03/06/2025;TODAS
MOVINAU;NATULAB LABORATORIO S.A;02.456.955/0001-83;0909146241;03/07/2024;TODAS
ZINPASS® EZE;SANOFI MEDLEY FARMACÊUTICA LTDA.;10.588.595/0010-92;1341509249;30/09/2024;TODAS
cloridrato de midazolam;FRESENIUS KABI BRASIL LTDA;49.324.221/0001-04;1434996247;18/10/2024;TODAS
ampicilina sódica + sulbactam sódico;FRESENIUS KABI BRASIL LTDA;49.324.221/0001-04;1625547242;27/11/2024;TODAS
SOLUÇÃO DE MANITOL 20%;CRISTÁLIA PRODUTOS QUÍMICOS FARMACÊUTICOS LTDA.;44.734.671/0001-51;3878206216;01/10/2021;TODAS
brometo de pancurônio;FRESENIUS KABI BRASIL LTDA;49.324.221/0001-04;0411194241;02/04/2024;TODAS
paracetamol + fosfato de codeína;MULTILAB INDUSTRIA E COMERCIO DE PRODUTOS FARMACEUTICOS LTDA;92.265.552/0009-05;1409070247;14/10/2024;TODAS
SULPH;PRATI DONADUZZI & CIA LTDA;73.856.593/0001-66;0355412250;17/03/2025;TODAS
DUODEX;GEOLAB INDÚSTRIA FARMACÊUTICA S/A;03.485.572/0001-04;0545014239;29/05/2023;TODAS
ALBIOPLAS;ASP-FARMACÊUTICA LTDA;28.942.435/0001-74;0769196250;06/06/2025;TODAS
ivermectina;PRATI DONADUZZI & CIA LTDA;73.856.593/0001-66;0407310240;02/04/2024;TODAS
dicloridrato de trimetazidina;SANOFI MEDLEY FARMACÊUTICA LTDA.;10.588.595/0010-92;1542482241;08/11/2024;TODAS
amoxicilina + clavulanato de potássio;UNIÃO QUÍMICA FARMACÊUTICA NACIONAL S/A;60.665.981/0001-18;1738172244;19/12/2024;TODAS
besilato de levanlodipino;BRAINFARMA INDÚSTRIA QUÍMICA E FARMACÊUTICA S.A;05.161.069/0001-10;1111105251;18/08/2025;TODAS
SITGLU;GERMED FARMACEUTICA LTDA;45.992.062/0001-65;0061777251;15/01/2025;TODAS
GAPEM;PRATI DONADUZZI & CIA LTDA;73.856.593/0001-66;1043099255;12/08/2025;TODAS
cloridrato de ciprofloxacino;BIOLAB SANUS FARMACÊUTICA LTDA;49.475.833/0001-06;0069758255;17/01/2025;TODAS
tartarato de metoprolol;LABORATÓRIO TEUTO BRASILEIRO S/A;17.159.229/0001-76;0805065253;16/06/2025;TODAS
cloridrato de bupropiona;RANBAXY FARMACÊUTICA LTDA;73.663.650/0001-90;1112052259;18/08/2025;TODAS
Loratadina;AIRELA INDÚSTRIA FARMACÊUTICA LTDA.;01.858.973/0001-29;0342546252;13/03/2025;TODAS
COLEDUE R;COSMED INDUSTRIA DE COSMETICOS E MEDICAMENTOS S.A.;61.082.426/0002-07;1625159242;27/11/2024;TODAS
EZETIMIBA;BIOLAB SANUS FARMACÊUTICA LTDA;49.475.833/0001-06;1054649235;04/10/2023;TODAS
bromidrato de galantamina;BIOLAB SANUS FARMACÊUTICA LTDA;49.475.833/0001-06;1120242214;23/03/2021;TODAS
COLEDUE;COSMED INDUSTRIA DE COSMETICOS E MEDICAMENTOS S.A.;61.082.426/0002-07;0856621242;24/06/2024;TODAS
olmesartana medoxomila+hidroclorotiazida;GERMED FARMACEUTICA LTDA;45.992.062/0001-65;0919503250;15/07/2025;TODAS
OLMEDIX HCT;EMS S/A;57.507.378/0003-65;0919427251;15/07/2025;TODAS
desloratadina;LABORATÓRIO TEUTO BRASILEIRO S/A;17.159.229/0001-76;1138168254;25/08/2025;TODAS
AZOX;EUROFARMA LABORATÓRIOS S.A.;61.190.096/0001-92;0906535255;10/07/2025;TODAS
deferasirox;LABORATÓRIO QUÍMICO FARMACÊUTICO BERGAMO LTDA;61.282.661/0001-41;4702309218;29/11/2021;TODAS
Dexa-Citoneurin NFF;PROCTER & GAMBLE DO BRASIL LTDA.;59.476.770/0001-58;0553520245;26/04/2024;TODAS
BIOGAM;ASP-FARMACÊUTICA LTDA;28.942.435/0001-74;0957116250;22/07/2025;TODAS
PYPE;INSTITUTO BIOCHIMICO INDÚSTRIA FARMACÊUTICA LTDA;33.258.401/0001-03;0849164257;28/06/2025;TODAS
FENTANIL;ANTIBIÓTICOS DO BRASIL LTDA;05.439.635/0001-03;0436015251;31/03/2025;TODAS
LAFEPE fumarato de tenofovir desoproxila + lamivudina;LABORATORIO FARMACEUTICO DO ESTADO DE PERNAMBUCO GOVERNADOR MIGUEL ARRAES S/A - LAFEPE;10.877.926/0001-13;0912167254;11/07/2025;TODAS
MINJUVI;UNITED MEDICAL LTDA;68.949.239/0001-46;0921876254;15/07/2025;TODAS
DIGESAN;EUROFARMA LABORATÓRIOS S.A.;61.190.096/0001-92;1049184254;12/08/2025;TODAS
LEFOR;EMS S/A;57.507.378/0003-65;0985886251;30/07/2025;TODAS
LITFULO;PFIZER BRASIL LTDA;61.072.393/0001-33;1407235249;14/10/2024;TODAS
MECOBE;MYRALIS INDÚSTRIA FARMACÊUTICA LTDA;17.440.261/0001-25;1705160247;13/12/2024;TODAS
CEFOTAXIMA SÓDICA;EUGIA PHARMA INDUSTRIA FARMACEUTICA LTDA;44.639.493/0001-80;1753681243;23/12/2024;TODAS
ALERADINA;GERMED FARMACEUTICA LTDA;45.992.062/0001-65;1006352252;05/08/2025;TODAS
Linagliptina;MULTILAB INDUSTRIA E COMERCIO DE PRODUTOS FARMACEUTICOS LTDA;92.265.552/0009-05;0336587252;12/03/2025;TODAS
CLORIDRATO DE NAFAZOLINA;BELFAR LTDA;18.324.343/0001-77;0987575252;30/07/2025;TODAS
dipirona monoidratada;LABORATÓRIO GLOBO SA;17.115.437/0001-73;0386308250;21/03/2025;TODAS
IMBRUVICA;JANSSEN-CILAG FARMACÊUTICA LTDA;51.780.468/0001-87;0375891251;20/03/2025;TODAS
parecoxibe sódico;TEVA FARMACÊUTICA LTDA.;05.333.542/0001-08;1279352248;17/09/2024;TODAS
NOVOB;BIOLAB SANUS FARMACÊUTICA LTDA;49.475.833/0001-06;0393727246;28/03/2024;TODAS
SANTIAZEPAM;SANTISA LABORATÓRIO FARMACÊUTICO S/A;04.099.395/0001-82;1160139253;29/08/2025;TODAS
vacina varicela (atenuada);INSTITUTO BUTANTAN;61.821.344/0001-56;1027237258;11/08/2025;TODAS
hemitartarato de zolpidem;MULTILAB INDUSTRIA E COMERCIO DE PRODUTOS FARMACEUTICOS LTDA;92.265.552/0009-05;0034185259;09/01/2025;TODAS
desloratadina;MULTILAB INDUSTRIA E COMERCIO DE PRODUTOS FARMACEUTICOS LTDA;92.265.552/0009-05;1006337253;05/08/2025;TODAS
GOLTRITE;MULTILAB INDUSTRIA E COMERCIO DE PRODUTOS FARMACEUTICOS LTDA;92.265.552/0009-05;1593895241;21/11/2024;TODAS
IBUVIX;GEOLAB INDÚSTRIA FARMACÊUTICA S/A;03.485.572/0001-04;1735584240;19/12/2024;TODAS
RESFENOL;KLEY HERTZ FARMACEUTICA S.A;92.695.691/0001-03;1013221249;24/07/2024;TODAS
TANDUO;APSEN FARMACEUTICA S/A;62.462.015/0001-29;1073737250;14/08/2025;TODAS
norfloxacino;MULTILAB INDUSTRIA E COMERCIO DE PRODUTOS FARMACEUTICOS LTDA;92.265.552/0009-05;0611891255;06/05/2025;TODAS
maleato de fluvoxamina;BIOLAB SANUS FARMACÊUTICA LTDA;49.475.833/0001-06;0457644257;03/04/2025;TODAS
CIFOBAN;FRESENIUS MEDICAL CARE LTDA;01.440.590/0001-36;1416443240;15/10/2024;TODAS
TADALAFILA;MULTILAB INDUSTRIA E COMERCIO DE PRODUTOS FARMACEUTICOS LTDA;92.265.552/0009-05;0149761252;03/02/2025;TODAS
lansoprazol;MULTILAB INDUSTRIA E COMERCIO DE PRODUTOS FARMACEUTICOS LTDA;92.265.552/0009-05;1120512247;15/08/2024;TODAS
YONDELIS;ADIUM S.A.;55.980.684/0001-27;0932886256;18/07/2025;TODAS
AROTHAZY;BLAU FARMACÊUTICA S.A.;58.430.828/0001-60;1332154247;27/09/2024;TODAS
FRONTLEV;ACHÉ LABORATÓRIOS FARMACÊUTICOS S.A;60.659.463/0029-92;0832992241;19/06/2024;TODAS
SULPAN;COSMED INDUSTRIA DE COSMETICOS E MEDICAMENTOS S.A.;61.082.426/0002-07;0207505250;13/02/2025;TODAS
BRUKINSA;BEONE MEDICINES BRASIL LTDA;30.763.301/0003-08;0918266254;15/07/2025;TODAS
levetiracetam;EUROFARMA LABORATÓRIOS S.A.;61.190.096/0001-92;0215599250;14/02/2025;TODAS
DIATARCOM MR;LABORATÓRIOS SERVIER DO BRASIL LTDA;42.374.207/0001-76;1751687244;23/12/2024;TODAS
olanzapina;MULTILAB INDUSTRIA E COMERCIO DE PRODUTOS FARMACEUTICOS LTDA;92.265.552/0009-05;0601222253;05/05/2025;TODAS
ivermectina;LABORATÓRIO GLOBO SA;17.115.437/0001-73;0499636252;11/04/2025;TODAS
cloridrato de pioglitazona;LABORATÓRIO TEUTO BRASILEIRO S/A;17.159.229/0001-76;1068367237;06/10/2023;TODAS
EPITHELIZE;CRISTÁLIA PRODUTOS QUÍMICOS FARMACÊUTICOS LTDA.;44.734.671/0001-51;0347447252;14/03/2025;TODAS
DEFB;BIOLAB SANUS FARMACÊUTICA LTDA;49.475.833/0001-06;1701655241;12/12/2024;TODAS
OCYLIN;MULTILAB INDUSTRIA E COMERCIO DE PRODUTOS FARMACEUTICOS LTDA;92.265.552/0009-05;0967462258;24/07/2025;TODAS
COLTRAX;EUROFARMA LABORATÓRIOS S.A.;61.190.096/0001-92;1392141231;07/12/2023;TODAS
CEFAZOLINA SÓDICA;EUGIA PHARMA INDUSTRIA FARMACEUTICA LTDA;44.639.493/0001-80;1265353247;13/09/2024;TODAS
risperidona;INSTITUTO BIOCHIMICO INDÚSTRIA FARMACÊUTICA LTDA;33.258.401/0001-03;0848202252;28/06/2025;TODAS
JAYPIRCE;ELI LILLY DO BRASIL LTDA;43.940.618/0001-44;0386748250;21/03/2025;TODAS
fumarato de tenofovir desoproxila + lamivudina;FUNDAÇÃO PARA O REMÉDIO POPULAR - FURP;43.640.754/0001-19;0839455241;20/06/2024;TODAS
omeprazol;INSTITUTO BIOCHIMICO INDÚSTRIA FARMACÊUTICA LTDA;33.258.401/0001-03;0644223251;13/05/2025;TODAS
FATOR IX DE COAGULAÇÃO HEMOBRÁS;EMPRESA BRASILEIRA DE HEMODERIVADOS E BIOTECNOLOGIA;07.607.851/0001-46;0922347247;05/07/2024;TODAS
dicloridrato de levocetirizina;GLENMARK FARMACÊUTICA LTDA;44.363.661/0001-57;0762421258;05/06/2025;TODAS
ciprofibrato;LABORATÓRIO GLOBO SA;17.115.437/0001-73;0304192252;06/03/2025;TODAS
cloridrato de ondansetrona;PRATI DONADUZZI & CIA LTDA;73.856.593/0001-66;1375965247;07/10/2024;TODAS
SEDAVAN;FARMOQUÍMICA S/A;33.349.473/0001-58;1360716246;03/10/2024;TODAS
VITAMINA D3;BIOLAB SANUS FARMACÊUTICA LTDA;49.475.833/0001-06;1501377248;31/10/2024;TODAS
cloridrato de donepezila;BIOLAB SANUS FARMACÊUTICA LTDA;49.475.833/0001-06;5074199221;20/12/2022;TODAS
amoxicilina;MULTILAB INDUSTRIA E COMERCIO DE PRODUTOS FARMACEUTICOS LTDA;92.265.552/0009-05;0155377256;04/02/2025;TODAS
ASTRO IV;EUROFARMA LABORATÓRIOS S.A.;61.190.096/0001-92;1010905252;06/08/2025;TODAS
cloridrato de memantina;MULTILAB INDUSTRIA E COMERCIO DE PRODUTOS FARMACEUTICOS LTDA;92.265.552/0009-05;0314401237;29/03/2023;TODAS
succinato de desvenlafaxina;TORRENT DO BRASIL LTDA;33.078.528/0001-32;1210903245;03/09/2024;TODAS
domperidona;BRAINFARMA INDÚSTRIA QUÍMICA E FARMACÊUTICA S.A;05.161.069/0001-10;0985189258;30/07/2025;TODAS
etodolaco;Althaia S.A Indústria Farmacêutica;48.344.725/0007-19;0529033259;17/04/2025;TODAS
TERGLY;VOLPHARMA DISTRIBUIDORA DE PRODUTOS HOSPITALARES E FARMACÊUTICOS LTDA;14.665.928/0001-08;0451767233;05/05/2023;TODAS
CEBETYM;CIFARMA CIENTÍFICA FARMACÊUTICA LTDA;17.562.075/0001-69;1250150248;11/09/2024;TODAS
DOJOLVI;ULTRAGENYX BRASIL FARMACEUTICA LTDA;27.724.245/0001-18;1176711253;04/09/2025;TODAS
cloridrato de sertralina;MULTILAB INDUSTRIA E COMERCIO DE PRODUTOS FARMACEUTICOS LTDA;92.265.552/0009-05;1174965258;03/09/2025;TODAS
fosfato dissódico de dexametasona;EUROFARMA LABORATÓRIOS S.A.;61.190.096/0001-92;1254035249;12/09/2024;TODAS
etoricoxibe;BRAINFARMA INDÚSTRIA QUÍMICA E FARMACÊUTICA S.A;05.161.069/0001-10;0699039231;07/07/2023;TODAS
MINILAX;EUROFARMA LABORATÓRIOS S.A.;61.190.096/0001-92;0199848254;12/02/2025;TODAS
AQUARELA;ACHÉ LABORATÓRIOS FARMACÊUTICOS S.A;60.659.463/0029-92;0833514253;25/06/2025;TODAS
Wegovy;NOVO NORDISK FARMACÊUTICA DO BRASIL LTDA;82.277.955/0001-55;0910831254;11/07/2025;TODAS
PARINEX;HIPOLABOR FARMACEUTICA LTDA;19.570.720/0001-10;1452225249;22/10/2024;TODAS
COMBTOL;ACHÉ LABORATÓRIOS FARMACÊUTICOS S.A;60.659.463/0029-92;0795534256;13/06/2025;TODAS
LEXIN;LABORATÓRIO TEUTO BRASILEIRO S/A;17.159.229/0001-76;1247967247;11/09/2024;TODAS
HORA H;ACHÉ LABORATÓRIOS FARMACÊUTICOS S.A;60.659.463/0029-92;0184147255;10/02/2025;TODAS
RIVAR;EUROFARMA LABORATÓRIOS S.A.;61.190.096/0001-92;0191244252;11/02/2025;TODAS
LONADIAL;FRESENIUS MEDICAL CARE LTDA;01.440.590/0001-36;1005080232;21/09/2023;TODAS
VOXZOGO;BIOMARIN BRASIL FARMACÊUTICA LTDA;08.002.360/0001-34;0997680253;01/08/2025;TODAS
cloridrato de prometazina;PRATI DONADUZZI & CIA LTDA;73.856.593/0001-66;1114454249;14/08/2024;TODAS
maleato de bronfeniramina + cloridrato de fenilefrina;BRAINFARMA INDÚSTRIA QUÍMICA E FARMACÊUTICA S.A;05.161.069/0001-10;0572002254;28/04/2025;TODAS
desloratadina;PHARLAB INDÚSTRIA FARMACÊUTICA S.A.;02.501.297/0001-02;1015500251;07/08/2025;TODAS
BIOVARIXON;VITAMEDIC INDUSTRIA FARMACEUTICA LTDA;30.222.814/0001-31;4334217222;23/06/2022;TODAS
AD-TIL;COSMED INDUSTRIA DE COSMETICOS E MEDICAMENTOS S.A.;61.082.426/0002-07;3541682213;08/09/2021;TODAS
MIXISTAR;HALEX ISTAR INDÚSTRIA FARMACÊUTICA SA;01.571.702/0001-98;2977550216;30/07/2021;TODAS
enantato de noretisterona + valerato de estradiol;CIFARMA CIENTÍFICA FARMACÊUTICA LTDA;17.562.075/0001-69;1731767213;05/05/2021;TODAS
trometamol cetorolaco;ADIUM S.A.;55.980.684/0001-27;0604753241;07/05/2024;TODAS
VOGNUS;EMS S/A;57.507.378/0003-65;1170782248;26/08/2024;TODAS
ALYVIAZES;AIRELA INDÚSTRIA FARMACÊUTICA LTDA.;01.858.973/0001-29;0175813230;22/02/2023;TODAS
DUEPOLI ER;APSEN FARMACEUTICA S/A;62.462.015/0001-29;0311298257;07/03/2025;TODAS
ONO;SUN FARMACÊUTICA DO BRASIL LTDA;05.035.244/0001-23;1463463235;22/12/2023;TODAS
ZEVUXA;EMS S/A;57.507.378/0003-65;0243795254;20/02/2025;TODAS
HANAZ;Camber Farmaceutica Ltda;24.633.934/0001-29;0790647257;12/06/2025;TODAS
FORFIG;EUROFARMA LABORATÓRIOS S.A.;61.190.096/0001-92;1644402246;02/12/2024;TODAS
SUVERSADEX;DR. REDDYS FARMACÊUTICA DO BRASIL LTDA;03.978.166/0001-75;1687834245;10/12/2024;TODAS
FIDEGERP;TAKEDA PHARMA LTDA.;60.397.775/0001-74;0348117230;06/04/2023;TODAS
amoxicilina + clavulanato de potássio;ACHÉ LABORATÓRIOS FARMACÊUTICOS S.A;60.659.463/0029-92;0823358232;07/08/2023;TODAS
METILDOPA;ACHÉ LABORATÓRIOS FARMACÊUTICOS S.A;60.659.463/0029-92;0315747194;08/04/2019;TODAS
CLORIDRATO DE VENLAFAXINA (PORT. 344/98 L-C1);ACHÉ LABORATÓRIOS FARMACÊUTICOS S.A;60.659.463/0029-92;0195872258;12/02/2025;TODAS
BENERVA;CELLERA FARMACÊUTICA S.A.;33.173.097/0002-74;0165797258;06/02/2025;TODAS
fumarato de dimetila;ACCORD FARMACÊUTICA LTDA;64.171.697/0001-46;0641079231;23/06/2023;TODAS
XTANDI;ASTELLAS FARMA BRASIL IMPORTAÇÃO E DISTRIBUIÇÃO DE MEDICAMENTOS LTDA.;07.768.134/0001-04;1148171258;27/08/2025;TODAS
FLAXXIL;CIMED INDUSTRIA S.A;02.814.497/0001-07;1440021209;08/05/2020;TODAS
RUBIDEX;CAZI QUIMICA FARMACEUTICA INDUSTRIA E COMERCIO LTDA;44.010.437/0001-81;1200151211;29/03/2021;TODAS
RAPAMUNE;PFIZER BRASIL LTDA;61.072.393/0001-33;0536057249;23/04/2024;TODAS
Lamotrigina;ZYDUS NIKKHO FARMACÊUTICA LTDA;05.254.971/0001-81;1202173250;10/09/2025;TODAS
Coniso;UNIÃO QUÍMICA FARMACÊUTICA NACIONAL S/A;60.665.981/0001-18;8451528210;23/12/2021;TODAS
BREELET;LABORATÓRIO QUÍMICO FARMACÊUTICO BERGAMO LTDA;61.282.661/0001-41;0625490231;20/06/2023;TODAS
XELODA;BIOPAS BRASIL PRODUTOS FARMACEUTICOS LTDA;31.327.287/0001-92;0308684231;28/03/2023;TODAS
tobramicina;ACHÉ LABORATÓRIOS FARMACÊUTICOS S.A;60.659.463/0029-92;0643689197;23/07/2019;TODAS
CLARITROMICINA;MR PHARMA LTDA;23.668.196/0001-92;0870730258;02/07/2025;TODAS
VENOLISE;MYRALIS INDÚSTRIA FARMACÊUTICA LTDA;17.440.261/0001-25;0441258255;01/04/2025;TODAS
GLUCOREUMIN;VIATRIS FARMACEUTICA DO BRASIL LTDA;11.643.096/0001-22;0961677244;15/07/2024;TODAS
SLINDA;EXELTIS LABORATORIO FARMACEUTICO LTDA;19.136.432/0001-52;1496642244;30/10/2024;TODAS
DODOY;Jarrell Farmacêutica Ltda EPP;68.240.779/0001-56;4434020226;15/07/2022;TODAS
mirtazapina;NOVARTIS BIOCIENCIAS S.A;56.994.502/0001-30;1552738217;23/04/2021;TODAS
COD;SUPERA FARMA LABORATÓRIOS S.A;43.312.503/0001-05;0184676258;10/02/2025;TODAS
MESILATO DE IMATINIBE;RANBAXY FARMACÊUTICA LTDA;73.663.650/0001-90;4382554225;05/07/2022;TODAS
ACICLOVIR;ACHÉ LABORATÓRIOS FARMACÊUTICOS S.A;60.659.463/0029-92;1346024212;08/04/2021;TODAS
ESOMEPRAZOL SÓDICO;Camber Farmaceutica Ltda;24.633.934/0001-29;4044267219;13/10/2021;TODAS
fluconazol;HALEX ISTAR INDÚSTRIA FARMACÊUTICA SA;01.571.702/0001-98;0013316257;06/01/2025;TODAS
BRASART HCT;EMS SIGMA PHARMA LTDA;00.923.140/0001-31;0710141254;26/05/2025;TODAS
PLASIL;SANOFI MEDLEY FARMACÊUTICA LTDA.;10.588.595/0010-92;1533477248;07/11/2024;TODAS
ibuprofeno;CIMED INDUSTRIA S.A;02.814.497/0001-07;1562177249;13/11/2024;TODAS
INSTITUTO BUTANTAN - ADALIMUMABE;INSTITUTO BUTANTAN;61.821.344/0001-56;1184259259;05/09/2025;TODAS
JEVTANA;SANOFI MEDLEY FARMACÊUTICA LTDA.;10.588.595/0010-92;0923129251;16/07/2025;TODAS
RINGER;FARMARIN INDUSTRIA E COMERCIO LTDA;58.635.830/0001-75;0165891213;13/01/2021;TODAS
EVOTAXEL;FARMARIN INDUSTRIA E COMERCIO LTDA;58.635.830/0001-75;0493854240;18/04/2024;TODAS
CITALOPRAM;EUROFARMA LABORATÓRIOS S.A.;61.190.096/0001-92;0295556234;24/03/2023;TODAS
VZOM;Camber Farmaceutica Ltda;24.633.934/0001-29;1622842243;27/11/2024;TODAS
sinvastatina;BIOLAB SANUS FARMACÊUTICA LTDA;49.475.833/0001-06;0153490250;04/02/2025;TODAS
valsartana + hidroclorotiazida;ACHÉ LABORATÓRIOS FARMACÊUTICOS S.A;60.659.463/0029-92;1728691249;18/12/2024;TODAS
VASOGARD;ACHÉ LABORATÓRIOS FARMACÊUTICOS S.A;60.659.463/0029-92;0711040257;26/05/2025;TODAS
OMEPRAZOL;PHARLAB INDÚSTRIA FARMACÊUTICA S.A.;02.501.297/0001-02;4288159211;29/10/2021;TODAS
IBAND;LEGRAND PHARMA INDÚSTRIA FARMACÊUTICA LTDA;05.044.984/0001-26;1079195246;07/08/2024;TODAS
DEP;EUROFARMA LABORATÓRIOS S.A.;61.190.096/0001-92;0717589251;27/05/2025;TODAS
ISOFARMA - SOLUÇÃO DE GLICOSE;HALEX ISTAR INDÚSTRIA FARMACÊUTICA SA;01.571.702/0001-98;7104619216;15/12/2021;TODAS
albendazol;ACHÉ LABORATÓRIOS FARMACÊUTICOS S.A;60.659.463/0029-92;0303905247;12/03/2024;TODAS
BOSENTANA;JANSSEN-CILAG FARMACÊUTICA LTDA;51.780.468/0001-87;0237372258;19/02/2025;TODAS
DACTIL OB;SANOFI MEDLEY FARMACÊUTICA LTDA.;10.588.595/0010-92;1726238245;18/12/2024;TODAS
Divalproato de sódio;GERMED FARMACEUTICA LTDA;45.992.062/0001-65;1679279246;09/12/2024;TODAS
PURAN T4;SANOFI MEDLEY FARMACÊUTICA LTDA.;10.588.595/0010-92;0459776240;11/04/2024;TODAS
valerato de betametasona + sulfato de gentamicina + tolnaftato + clioquinol;CELLERA FARMACÊUTICA S.A.;33.173.097/0002-74;0880547251;04/07/2025;TODAS
MYLETIN;PRATI DONADUZZI & CIA LTDA;73.856.593/0001-66;0801545234;01/08/2023;TODAS
BIO-MANGUINHOS GOLIMUMABE;FUNDAÇÃO OSWALDO CRUZ;33.781.055/0001-35;1326065246;26/09/2024;TODAS
ACU FRESH G;GEOLAB INDÚSTRIA FARMACÊUTICA S/A;03.485.572/0001-04;1024660257;09/08/2025;TODAS
FARMANGUINHOS PRIMAQUINA;FUNDAÇÃO OSWALDO CRUZ;33.781.055/0001-35;0956855253;22/07/2025;TODAS
ibuprofeno;LABORATÓRIO GLOBO SA;17.115.437/0001-73;0677256256;20/05/2025;TODAS
BIMZELX;UCB BIOPHARMA LTDA.;64.711.500/0001-14;1162960256;01/09/2025;TODAS
KAMPPI;BIOLAB SANUS FARMACÊUTICA LTDA;49.475.833/0001-06;1119058212;23/03/2021;TODAS
SUBTRAX;EUROFARMA LABORATÓRIOS S.A.;61.190.096/0001-92;1175744247;27/08/2024;TODAS
topiramato;LEGRAND PHARMA INDÚSTRIA FARMACÊUTICA LTDA;05.044.984/0001-26;1437600247;18/10/2024;TODAS
TRIMBOW;CHIESI FARMACÊUTICA LTDA;61.363.032/0001-46;0013763253;06/01/2025;TODAS
Alginac;PROCTER & GAMBLE DO BRASIL LTDA.;59.476.770/0001-58;0007024258;03/01/2025;TODAS
hemitartarato de zolpidem;UNICHEM FARMACÊUTICA DO BRASIL LTDA;05.399.786/0001-85;0672090252;19/05/2025;TODAS
SOLUÇÃO ENEMA DE GLICERINA;CRISTÁLIA PRODUTOS QUÍMICOS FARMACÊUTICOS LTDA.;44.734.671/0001-51;0969979211;12/03/2021;TODAS
SOLUÇÃO FISIOLÓGICA A 0,9%;CRISTÁLIA PRODUTOS QUÍMICOS FARMACÊUTICOS LTDA.;44.734.671/0001-51;0364296259;18/03/2025;TODAS
TENSART PRO;MYRALIS INDÚSTRIA FARMACÊUTICA LTDA;17.440.261/0001-25;1464717222;31/03/2022;TODAS
ADLYV;PHARLAB INDÚSTRIA FARMACÊUTICA S.A.;02.501.297/0001-02;0843828251;27/06/2025;TODAS
cloridrato de fexofenadina;EMS S/A;57.507.378/0003-65;1651845247;03/12/2024;TODAS
XUMER;ADIUM S.A.;55.980.684/0001-27;0742306259;02/06/2025;TODAS
levetiracetam;ZYDUS NIKKHO FARMACÊUTICA LTDA;05.254.971/0001-81;0330218255;11/03/2025;TODAS
CLARILIB;BLAU FARMACÊUTICA S.A.;58.430.828/0001-60;0201953234;01/03/2023;TODAS
Vacina COVID-19 (recombinante);ZALIKA FARMACEUTICA LTDA;29.536.205/0001-78;0865365245;25/06/2024;TODAS
SONDELBAY;ACCORD FARMACÊUTICA LTDA;64.171.697/0001-46;0999304259;01/08/2025;TODAS
MYLOTARG;PFIZER BRASIL LTDA;61.072.393/0001-33;0828606242;18/06/2024;TODAS
QUEPSIA LP;EUROFARMA LABORATÓRIOS S.A.;61.190.096/0001-92;0858523248;24/06/2024;TODAS
ivermectina;GERMED FARMACEUTICA LTDA;45.992.062/0001-65;1646196244;02/12/2024;TODAS
POMALYST;BRISTOL-MYERS SQUIBB FARMACÊUTICA LTDA;56.998.982/0001-07;1196332240;30/08/2024;TODAS
ONDIF;COSMED INDUSTRIA DE COSMETICOS E MEDICAMENTOS S.A.;61.082.426/0002-07;4413126220;12/07/2022;TODAS
Prothromplex;TAKEDA PHARMA LTDA.;60.397.775/0001-74;1377432246;07/10/2024;TODAS
etoricoxibe;BRAINFARMA INDÚSTRIA QUÍMICA E FARMACÊUTICA S.A;05.161.069/0001-10;0795871244;13/06/2024;TODAS
topiramato;VITAMEDIC INDUSTRIA FARMACEUTICA LTDA;30.222.814/0001-31;1671866240;06/12/2024;TODAS
succinato de desvenlafaxina;ZYDUS NIKKHO FARMACÊUTICA LTDA;05.254.971/0001-81;1542456240;08/11/2024;TODAS
NOPASURE;Camber Farmaceutica Ltda;24.633.934/0001-29;4226611217;26/10/2021;TODAS
cloridrato de donepezila;DR. REDDYS FARMACÊUTICA DO BRASIL LTDA;03.978.166/0001-75;0482079258;08/04/2025;TODAS
ZAPSY;PRATI DONADUZZI & CIA LTDA;73.856.593/0001-66;0814442251;18/06/2025;TODAS
cloridrato de donepezila;AUROBINDO PHARMA INDÚSTRIA FARMACÊUTICA LIMITADA;04.301.884/0001-75;0384077234;17/04/2023;TODAS
CIMEGRIPE;CIMED INDUSTRIA S.A;02.814.497/0001-07;0723011257;28/05/2025;TODAS
RUKOBIA;GLAXOSMITHKLINE BRASIL LTDA;33.247.743/0001-10;1179030257;04/09/2025;TODAS
LOXONIN FLEX;DAIICHI SANKYO BRASIL FARMACÊUTICA LTDA;60.874.187/0001-84;0724778241;29/05/2024;TODAS
levetiracetam;AUROBINDO PHARMA INDÚSTRIA FARMACÊUTICA LIMITADA;04.301.884/0001-75;1086991257;15/08/2025;TODAS
ESTREVA;FARMA VISION IMPORTAÇÃO E EXPORTAÇÃO DE MEDICAMENTOS LTDA;09.058.502/0001-48;1528753241;06/11/2024;TODAS
AMORA;EUROFARMA LABORATÓRIOS S.A.;61.190.096/0001-92;1078395250;14/08/2025;TODAS
dutasterida + cloridrato de tansulosina;ZYDUS NIKKHO FARMACÊUTICA LTDA;05.254.971/0001-81;0345509251;14/03/2025;TODAS
FIRIALTA;BAYER S.A.;18.459.628/0001-15;0858510251;30/06/2025;TODAS
TACE;CRISTÁLIA PRODUTOS QUÍMICOS FARMACÊUTICOS LTDA.;44.734.671/0001-51;0404920233;24/04/2023;TODAS
MENELAT ODT;TORRENT DO BRASIL LTDA;33.078.528/0001-32;4704286223;16/09/2022;TODAS
OROXADIN;SANOFI MEDLEY FARMACÊUTICA LTDA.;10.588.595/0010-92;1671101243;06/12/2024;TODAS
DAONIL;SANOFI MEDLEY FARMACÊUTICA LTDA.;10.588.595/0010-92;1720180245;17/12/2024;TODAS
MYDULO;GERMED FARMACEUTICA LTDA;45.992.062/0001-65;4755774225;28/09/2022;TODAS
NEOSULIDA;BRAINFARMA INDÚSTRIA QUÍMICA E FARMACÊUTICA S.A;05.161.069/0001-10;0193197235;27/02/2023;TODAS
fenobarbital;INSTITUTO BIOCHIMICO INDÚSTRIA FARMACÊUTICA LTDA;33.258.401/0001-03;0848089251;28/06/2025;TODAS
ANAFRANIL;SANDOZ DO BRASIL INDÚSTRIA FARMACÊUTICA LTDA;61.286.647/0001-16;0012382248;04/01/2024;TODAS
TEVIMBRA;BEONE MEDICINES BRASIL LTDA;30.763.301/0003-08;1044087251;12/08/2025;TODAS
NARATANO;MULTILAB INDUSTRIA E COMERCIO DE PRODUTOS FARMACEUTICOS LTDA;92.265.552/0009-05;1170010253;02/09/2025;TODAS
SUZOPA;DR. REDDYS FARMACÊUTICA DO BRASIL LTDA;03.978.166/0001-75;0878807250;04/07/2025;TODAS
ibuprofeno;VITAMEDIC INDUSTRIA FARMACEUTICA LTDA;30.222.814/0001-31;1709560240;13/12/2024;TODAS
DROALFA;ACHÉ LABORATÓRIOS FARMACÊUTICOS S.A;60.659.463/0029-92;0857639234;15/08/2023;TODAS
telmisartana + hidroclorotiazida;BRAINFARMA INDÚSTRIA QUÍMICA E FARMACÊUTICA S.A;05.161.069/0001-10;0198985258;12/02/2025;TODAS
BROMOPRIDA;AIRELA INDÚSTRIA FARMACÊUTICA LTDA.;01.858.973/0001-29;0306667258;06/03/2025;TODAS
lacosamida;LABORATÓRIO TEUTO BRASILEIRO S/A;17.159.229/0001-76;1605740241;25/11/2024;TODAS
fosfato sódico de prednisolona;EUROFARMA LABORATÓRIOS S.A.;61.190.096/0001-92;0810590255;17/06/2025;TODAS
cloridrato de escetamina;HIPOLABOR FARMACEUTICA LTDA;19.570.720/0001-10;0759890242;06/06/2024;TODAS
oxalato de escitalopram;MULTILAB INDUSTRIA E COMERCIO DE PRODUTOS FARMACEUTICOS LTDA;92.265.552/0009-05;1044133252;12/08/2025;TODAS
COLÍRIO MOURA BRASIL;OPELLA HEALTHCARE BRAZIL LTDA;38.391.432/0001-43;0637859251;12/05/2025;TODAS
cloridrato de metformina;VITAMEDIC INDUSTRIA FARMACEUTICA LTDA;30.222.814/0001-31;1174968257;03/09/2025;TODAS
rivaroxabana;BRAINFARMA INDÚSTRIA QUÍMICA E FARMACÊUTICA S.A;05.161.069/0001-10;0734362251;30/05/2025;TODAS
NICORETTE;KENVUE LTDA.;59.748.988/0001-14;0839162251;26/06/2025;TODAS
OXA-PLATIN;BLAU FARMACÊUTICA S.A.;58.430.828/0001-60;0982838255;29/07/2025;TODAS
CEFTRIAXONA SÓDICA;EUGIA PHARMA INDUSTRIA FARMACEUTICA LTDA;44.639.493/0001-80;1085586251;15/08/2025;TODAS
OLZICAR ANLO;COSMED INDUSTRIA DE COSMETICOS E MEDICAMENTOS S.A.;61.082.426/0002-07;0233790250;19/02/2025;TODAS
ACLASTA;SANDOZ DO BRASIL INDÚSTRIA FARMACÊUTICA LTDA;61.286.647/0001-16;1029093237;27/09/2023;TODAS
PREDNISONA;MULTILAB INDUSTRIA E COMERCIO DE PRODUTOS FARMACEUTICOS LTDA;92.265.552/0009-05;1058872257;13/08/2025;TODAS
AFETUS;EUROFARMA LABORATÓRIOS S.A.;61.190.096/0001-92;0838508251;26/06/2025;TODAS
desloratadina;GERMED FARMACEUTICA LTDA;45.992.062/0001-65;1006415254;05/08/2025;TODAS
meropenem;EUGIA PHARMA INDUSTRIA FARMACEUTICA LTDA;44.639.493/0001-80;1757110241;24/12/2024;TODAS
NIMUS BETA;EUROFARMA LABORATÓRIOS S.A.;61.190.096/0001-92;0221741259;17/02/2025;TODAS
COMPLEXO SENNA ALMEIDA PRADO Nº 46;MEGALABS FARMACEUTICA S.A.;33.026.055/0001-20;0893901245;01/07/2024;TODAS
Omlyclo;CELLTRION HEALTHCARE DISTRIBUICAO DE PRODUTOS FARMACEUTICOS DOS BRASIL LTDA;05.452.889/0001-61;1199552259;10/09/2025;TODAS
TORVILIP;MULTILAB INDUSTRIA E COMERCIO DE PRODUTOS FARMACEUTICOS LTDA;92.265.552/0009-05;0921552254;15/07/2025;TODAS
ARACOR ANLO;MULTILAB INDUSTRIA E COMERCIO DE PRODUTOS FARMACEUTICOS LTDA;92.265.552/0009-05;1525241249;05/11/2024;TODAS
REACTINE;KENVUE LTDA.;59.748.988/0001-14;1004341253;04/08/2025;TODAS
KAZFONA;DR. REDDYS FARMACÊUTICA DO BRASIL LTDA;03.978.166/0001-75;0138374252;31/01/2025;TODAS
CORISTINA D CONGEST;COSMED INDUSTRIA DE COSMETICOS E MEDICAMENTOS S.A.;61.082.426/0002-07;0551345250;24/04/2025;TODAS
levofloxacino;MULTILAB INDUSTRIA E COMERCIO DE PRODUTOS FARMACEUTICOS LTDA;92.265.552/0009-05;0571557252;28/04/2025;TODAS
desloratadina;EMS S/A;57.507.378/0003-65;1006447253;05/08/2025;TODAS
VITRAKVI;BAYER S.A.;18.459.628/0001-15;0539705250;22/04/2025;TODAS
cloridrato de trazodona;LABORATÓRIO GLOBO SA;17.115.437/0001-73;0508180252;14/04/2025;TODAS
PEGNEUCYTE;LABORATÓRIO TEUTO BRASILEIRO S/A;17.159.229/0001-76;0901981257;09/07/2025;TODAS
aciclovir;INSTITUTO BIOCHIMICO INDÚSTRIA FARMACÊUTICA LTDA;33.258.401/0001-03;0864614250;02/07/2025;TODAS
COLTRAX INJ;EUROFARMA LABORATÓRIOS S.A.;61.190.096/0001-92;1529916241;06/11/2024;TODAS
glibenclamida;MULTILAB INDUSTRIA E COMERCIO DE PRODUTOS FARMACEUTICOS LTDA;92.265.552/0009-05;0289250251;28/02/2025;TODAS
CETOCONAZOL+DIPROPIONATO DE BETAMETASONA+SULFATO DE NEOMICINA;GERMED FARMACEUTICA LTDA;45.992.062/0001-65;0443190259;01/04/2025;TODAS
HYFOL;BRAINFARMA INDÚSTRIA QUÍMICA E FARMACÊUTICA S.A;05.161.069/0001-10;0472884255;07/04/2025;TODAS
omeprazol;MULTILAB INDUSTRIA E COMERCIO DE PRODUTOS FARMACEUTICOS LTDA;92.265.552/0009-05;1672114241;06/12/2024;TODAS
FLORALON;CIFARMA CIENTÍFICA FARMACÊUTICA LTDA;17.562.075/0001-69;1268255246;16/09/2024;TODAS
acetato de ciproterona + etinilestradiol;ACHÉ LABORATÓRIOS FARMACÊUTICOS S.A;60.659.463/0029-92;1193270251;09/09/2025;TODAS
dapagliflozina propanodiol;ASTRAZENECA DO BRASIL LTDA;60.318.797/0001-00;1018537252;07/08/2025;TODAS
cefalexina;EMS S/A;57.507.378/0003-65;2536978214;30/06/2021;TODAS
hemitartarato de zolpidem;CIMED INDUSTRIA S.A;02.814.497/0001-07;0048584258;14/01/2025;TODAS
RENOVI B;SUPERA FARMA LABORATÓRIOS S.A;43.312.503/0001-05;0896328252;08/07/2025;TODAS
EZ-TEC99m;ECKERT & ZIEGLER BRASIL COMERCIAL LTDA;02.887.124/0002-47;0264559258;25/02/2025;TODAS
HEDERA HERBARIUM;LABORATORIO CATARINENSE LTDA;84.684.620/0001-87;0180712233;23/02/2023;TODAS
SCOLYDRIN;EMS S/A;57.507.378/0003-65;2827255219;20/07/2021;TODAS
cloridrato de ondansetrona;Althaia S.A Indústria Farmacêutica;48.344.725/0007-19;1562998242;13/11/2024;TODAS
IBANDRONATO DE SÓDIO;BIOLAB SANUS FARMACÊUTICA LTDA;49.475.833/0001-06;0321657233;30/03/2023;TODAS
azacitidina;BLAU FARMACÊUTICA S.A.;58.430.828/0001-60;0380341255;20/03/2025;TODAS
BOSULIF;PFIZER BRASIL LTDA;61.072.393/0001-33;1467245241;24/10/2024;TODAS
ALENDRONATO DE SÓDIO;MULTILAB INDUSTRIA E COMERCIO DE PRODUTOS FARMACEUTICOS LTDA;92.265.552/0009-05;0049965239;17/01/2023;TODAS
EKNUS;VIATRIS FARMACEUTICA DO BRASIL LTDA;11.643.096/0001-22;1074546245;07/08/2024;TODAS
RYBREVANT;JANSSEN-CILAG FARMACÊUTICA LTDA;51.780.468/0001-87;0585824258;30/04/2025;TODAS
DORILEN DIP;LEGRAND PHARMA INDÚSTRIA FARMACÊUTICA LTDA;05.044.984/0001-26;0508586259;14/04/2025;TODAS
dipirona monoidratada;GERMED FARMACEUTICA LTDA;45.992.062/0001-65;0508478251;14/04/2025;TODAS
VASCOR MR;EUROFARMA LABORATÓRIOS S.A.;61.190.096/0001-92;0372827241;26/03/2024;TODAS
carvedilol;BIOLAB SANUS FARMACÊUTICA LTDA;49.475.833/0001-06;0221194258;17/02/2025;TODAS
JOLIK;LIBBS FARMACÊUTICA LTDA;61.230.314/0001-75;0873467248;26/06/2024;TODAS
DERMACERIUM;CRISTÁLIA PRODUTOS QUÍMICOS FARMACÊUTICOS LTDA.;44.734.671/0001-51;0709343256;26/05/2025;TODAS
PEMDIA;TEVA FARMACÊUTICA LTDA.;05.333.542/0001-08;1637459246;29/11/2024;TODAS
CIBINQO;PFIZER BRASIL LTDA;61.072.393/0001-33;0774444258;09/06/2025;TODAS
mesilato de rasagilina;ZYDUS NIKKHO FARMACÊUTICA LTDA;05.254.971/0001-81;0400093243;01/04/2024;TODAS
NEOPLEXUS;KLEY HERTZ FARMACEUTICA S.A;92.695.691/0001-03;0203710231;01/03/2023;TODAS
ELOVIE;LIBBS FARMACÊUTICA LTDA;61.230.314/0001-75;1170708251;02/09/2025;TODAS
sugamadex sódico;Camber Farmaceutica Ltda;24.633.934/0001-29;1686621248;10/12/2024;TODAS
VIAGRA;VIATRIS FARMACEUTICA DO BRASIL LTDA;11.643.096/0001-22;0982296258;29/07/2025;TODAS
trometamol cetorolaco;BRAINFARMA INDÚSTRIA QUÍMICA E FARMACÊUTICA S.A;05.161.069/0001-10;1666734241;05/12/2024;TODAS
NALDECON MULTI;RECKITT BENCKISER (BRASIL) LTDA;59.557.124/0001-15;0040669238;13/01/2023;TODAS
ZEJULA;GLAXOSMITHKLINE BRASIL LTDA;33.247.743/0001-10;0489616259;09/04/2025;TODAS
levetiracetam;SANDOZ DO BRASIL INDÚSTRIA FARMACÊUTICA LTDA;61.286.647/0001-16;0849306248;21/06/2024;TODAS
SYBRAVA;NOVARTIS BIOCIENCIAS S.A;56.994.502/0001-30;0868453251;02/07/2025;TODAS
DICOXIBE;VIATRIS FARMACEUTICA DO BRASIL LTDA;11.643.096/0001-22;1687908249;10/12/2024;TODAS
HISBILA;EUROFARMA LABORATÓRIOS S.A.;61.190.096/0001-92;1173337253;03/09/2025;TODAS
TYNNA;SUPERA FARMA LABORATÓRIOS S.A;43.312.503/0001-05;1522820221;04/04/2022;TODAS
DRAMIN B6 DL;COSMED INDUSTRIA DE COSMETICOS E MEDICAMENTOS S.A.;61.082.426/0002-07;1051401232;03/10/2023;TODAS
AMMY;COSMED INDUSTRIA DE COSMETICOS E MEDICAMENTOS S.A.;61.082.426/0002-07;0057461244;17/01/2024;TODAS
mirabegrona;APSEN FARMACEUTICA S/A;62.462.015/0001-29;1650874243;03/12/2024;TODAS
montelucaste de sódio;BIOLAB SANUS FARMACÊUTICA LTDA;49.475.833/0001-06;0473904241;15/04/2024;TODAS
fosfato de sitagliptina;RANBAXY FARMACÊUTICA LTDA;73.663.650/0001-90;1694189244;11/12/2024;TODAS
ENHERTU;DAIICHI SANKYO BRASIL FARMACÊUTICA LTDA;60.874.187/0001-84;1187987255;08/09/2025;TODAS
rivaroxabana;EUROFARMA LABORATÓRIOS S.A.;61.190.096/0001-92;0648876250;14/05/2025;TODAS
ESPASMO DIMETILIV;EMS S/A;57.507.378/0003-65;2704843210;12/07/2021;TODAS
MOVYDIA;ABBOTT LABORATÓRIOS DO BRASIL LTDA;56.998.701/0001-16;0287788253;28/02/2025;TODAS
NORVASC;VIATRIS FARMACEUTICA DO BRASIL LTDA;11.643.096/0001-22;0514805251;15/04/2025;TODAS
furoato de mometasona;EUROFARMA LABORATÓRIOS S.A.;61.190.096/0001-92;0925889253;16/07/2025;TODAS
AMVUTTRA;SPECIALTY PHARMA GOIAS LTDA;31.731.807/0001-28;0455510253;03/04/2025;TODAS
ZISQUE;COSMED INDUSTRIA DE COSMETICOS E MEDICAMENTOS S.A.;61.082.426/0002-07;0017028256;07/01/2025;TODAS
cetoprofeno;MULTILAB INDUSTRIA E COMERCIO DE PRODUTOS FARMACEUTICOS LTDA;92.265.552/0009-05;0053248252;14/01/2025;TODAS
BIPHOZYL;BAXTER HOSPITALAR LTDA;49.351.786/0002-61;0470111241;12/04/2024;TODAS
CIPROFIBRATO;LABORATÓRIO TEUTO BRASILEIRO S/A;17.159.229/0001-76;1200943236;01/11/2023;TODAS
Amoxicilina + clavulanato de Potássio;CELLERA FARMACÊUTICA S.A.;33.173.097/0002-74;0226036243;26/02/2024;TODAS
ceftriaxona dissódica;LABORATÓRIO TEUTO BRASILEIRO S/A;17.159.229/0001-76;1153797259;28/08/2025;TODAS
BICERTO;EUROFARMA LABORATÓRIOS S.A.;61.190.096/0001-92;0835901246;19/06/2024;TODAS
Besponsa;PFIZER BRASIL LTDA;61.072.393/0001-33;1107850240;13/08/2024;TODAS
MIBI-TEC;COMISSAO NACIONAL DE ENERGIA NUCLEAR;00.402.552/0001-26;1253085234;13/11/2023;TODAS
Tegsedi;PTC FARMACEUTICA DO BRASIL LTDA.;25.210.463/0001-09;0952693241;12/07/2024;TODAS
PRIMACOR;SANOFI MEDLEY FARMACÊUTICA LTDA.;10.588.595/0010-92;1073220257;14/08/2025;TODAS
cloridrato de clomipramina;SANDOZ DO BRASIL INDÚSTRIA FARMACÊUTICA LTDA;61.286.647/0001-16;1608287217;27/04/2021;TODAS
CAPRELSA;SANOFI MEDLEY FARMACÊUTICA LTDA.;10.588.595/0010-92;1163509256;01/09/2025;TODAS
ROTEAS;DAIICHI SANKYO BRASIL FARMACÊUTICA LTDA;60.874.187/0001-84;0719366241;29/05/2024;TODAS
cloridrato de venlafaxina;EMS S/A;57.507.378/0003-65;0039816257;10/01/2025;TODAS
SKYRIZI;ABBVIE FARMACÊUTICA LTDA.;15.800.545/0001-50;0990953254;31/07/2025;TODAS
hemitartarato de zolpidem;EUROFARMA LABORATÓRIOS S.A.;61.190.096/0001-92;0231403259;18/02/2025;TODAS
CARISOPRODOL + DICLOFENACO DE SÓDIO + PARACETAMOL+ CAFEÍNA;EUROFARMA LABORATÓRIOS S.A.;61.190.096/0001-92;1155232241;22/08/2024;TODAS
PROEXTY;EUROFARMA LABORATÓRIOS S.A.;61.190.096/0001-92;4263412214;28/10/2021;TODAS
levetiracetam;TORRENT DO BRASIL LTDA;33.078.528/0001-32;1308913249;24/09/2024;TODAS
DENGVAXIA;SANOFI MEDLEY FARMACÊUTICA LTDA.;10.588.595/0010-92;5087796222;22/12/2022;TODAS
NEBIPRE;LEGRAND PHARMA INDÚSTRIA FARMACÊUTICA LTDA;05.044.984/0001-26;1119649234;18/10/2023;TODAS
SINVASTATINA;ACHÉ LABORATÓRIOS FARMACÊUTICOS S.A;60.659.463/0029-92;0474759193;28/05/2019;TODAS
Waryz;CIMED INDUSTRIA S.A;02.814.497/0001-07;1168929253;02/09/2025;TODAS
CALT;CRISTÁLIA PRODUTOS QUÍMICOS FARMACÊUTICOS LTDA.;44.734.671/0001-51;0774484250;09/06/2025;TODAS
bromazepam;ACHÉ LABORATÓRIOS FARMACÊUTICOS S.A;60.659.463/0029-92;0455440255;03/04/2025;TODAS
MIRTAZAPINA;BRAINFARMA INDÚSTRIA QUÍMICA E FARMACÊUTICA S.A;05.161.069/0001-10;1200142250;10/09/2025;TODAS
voriconazol;DR. REDDYS FARMACÊUTICA DO BRASIL LTDA;03.978.166/0001-75;1132641250;22/08/2025;TODAS
brometo de ipratrópio;ACHÉ LABORATÓRIOS FARMACÊUTICOS S.A;60.659.463/0029-92;0343719258;13/03/2025;TODAS
amoxicilina triidratada;ACHÉ LABORATÓRIOS FARMACÊUTICOS S.A;60.659.463/0029-92;3721436211;20/09/2021;TODAS
ZINA ODT;EUROFARMA LABORATÓRIOS S.A.;61.190.096/0001-92;0207683247;22/02/2024;TODAS
FOSMORYL;PHARMASCIENCE INDUSTRIA FARMACEUTICA S.A;25.773.037/0001-83;0787331252;11/06/2025;TODAS
furosemida;BLAU FARMACÊUTICA S.A.;58.430.828/0001-60;1527154246;06/11/2024;TODAS
TOLREST;ACHÉ LABORATÓRIOS FARMACÊUTICOS S.A;60.659.463/0029-92;0257884254;24/02/2025;TODAS
dutasterida;ACHÉ LABORATÓRIOS FARMACÊUTICOS S.A;60.659.463/0029-92;0383102251;21/03/2025;TODAS
COALY;LEGRAND PHARMA INDÚSTRIA FARMACÊUTICA LTDA;05.044.984/0001-26;1138061255;25/08/2025;TODAS
OKÓTICO;SUPERA FARMA LABORATÓRIOS S.A;43.312.503/0001-05;0775106259;09/06/2025;TODAS
B-TABLOCK;CRISTÁLIA PRODUTOS QUÍMICOS FARMACÊUTICOS LTDA.;44.734.671/0001-51;1591294240;21/11/2024;TODAS
tacrolimo;MULTILAB INDUSTRIA E COMERCIO DE PRODUTOS FARMACEUTICOS LTDA;92.265.552/0009-05;1201512255;10/09/2025;TODAS
diclofenaco sódico;MULTILAB INDUSTRIA E COMERCIO DE PRODUTOS FARMACEUTICOS LTDA;92.265.552/0009-05;1110535252;18/08/2025;TODAS
succinato de desvenlafaxina monoidratado;BRAINFARMA INDÚSTRIA QUÍMICA E FARMACÊUTICA S.A;05.161.069/0001-10;1230007237;08/11/2023;TODAS
Teriflunomida;NATCOFARMA DO BRASIL LTDA;08.157.293/0001-27;1479508233;28/12/2023;TODAS
ticagrelor;GERMED FARMACEUTICA LTDA;45.992.062/0001-65;1138082252;25/08/2025;TODAS
CEFTFENPRO LP;GERMED FARMACEUTICA LTDA;45.992.062/0001-65;0053133251;14/01/2025;TODAS
NEPRAZOL;1FARMA INDUSTRIA FARMACEUTICA LTDA;48.113.906/0001-49;7679308217;17/12/2021;TODAS
ceftriaxona dissódica hemieptaidratada;ANTIBIÓTICOS DO BRASIL LTDA;05.439.635/0001-03;0142754242;06/02/2024;TODAS
KIENDRA;NOVARTIS BIOCIENCIAS S.A;56.994.502/0001-30;1709760249;13/12/2024;TODAS
SECNIDAL;SANOFI MEDLEY FARMACÊUTICA LTDA.;10.588.595/0010-92;1723383244;17/12/2024;TODAS
ZINLERG;LEGRAND PHARMA INDÚSTRIA FARMACÊUTICA LTDA;05.044.984/0001-26;1443622249;21/10/2024;TODAS
etoricoxibe;EMS S/A;57.507.378/0003-65;1187838250;08/09/2025;TODAS
SOLUÇÃO DE GLICOSE;CRISTÁLIA PRODUTOS QUÍMICOS FARMACÊUTICOS LTDA.;44.734.671/0001-51;0970668212;12/03/2021;TODAS
agomelatina;LABORATÓRIOS SERVIER DO BRASIL LTDA;42.374.207/0001-76;3795166201;30/10/2020;TODAS
enantato de noretisterona + valerato de estradiol;CIFARMA CIENTÍFICA FARMACÊUTICA LTDA;17.562.075/0001-69;1497867240;31/10/2024;TODAS
CLORATADD CAPS;EMS S/A;57.507.378/0003-65;4906726224;04/11/2022;TODAS
cetoconazol + betametasona + sulfato de neomicina;PHARLAB INDÚSTRIA FARMACÊUTICA S.A.;02.501.297/0001-02;0732779251;29/05/2025;TODAS
EQUILIBRISSE;BRAINFARMA INDÚSTRIA QUÍMICA E FARMACÊUTICA S.A;05.161.069/0001-10;0920579256;15/07/2025;TODAS
LÁBREA DUO;CRISTÁLIA PRODUTOS QUÍMICOS FARMACÊUTICOS LTDA.;44.734.671/0001-51;0738322253;30/05/2025;TODAS
rivaroxabana;CIMED INDUSTRIA S.A;02.814.497/0001-07;0939227258;21/07/2025;TODAS
CABLIVI;SANOFI MEDLEY FARMACÊUTICA LTDA.;10.588.595/0010-92;1311819231;23/11/2023;TODAS
celecoxibe;GERMED FARMACEUTICA LTDA;45.992.062/0001-65;0309653258;07/03/2025;TODAS
lamotrigina;BIOLAB SANUS FARMACÊUTICA LTDA;49.475.833/0001-06;0812481259;18/06/2025;TODAS
BIANCORT;GERMED FARMACEUTICA LTDA;45.992.062/0001-65;0874562252;03/07/2025;TODAS
CEFTRIONA;FRESENIUS KABI BRASIL LTDA;49.324.221/0001-04;1565192249;13/11/2024;TODAS
REZIMORP;CIPLA BRASIL IMPORTADORA E DISTRIBUIDORA DE MEDICAMENTOS LTDA;18.268.051/0001-64;0801377251;16/06/2025;TODAS
ARTAG;LIBBS FARMACÊUTICA LTDA;61.230.314/0001-75;0845247255;27/06/2025;TODAS
fluconazol;BEKER PRODUTOS FÁRMACO HOSPITALARES LTDA;47.231.121/0001-08;0013121251;06/01/2025;TODAS
ATESTO;SUPERA FARMA LABORATÓRIOS S.A;43.312.503/0001-05;0495716243;18/04/2024;TODAS
ELOXATIN;SANOFI MEDLEY FARMACÊUTICA LTDA.;10.588.595/0010-92;0528905252;17/04/2025;TODAS
ácido ursodesoxicólico;RANBAXY FARMACÊUTICA LTDA;73.663.650/0001-90;1735631248;19/12/2024;TODAS
paracetamol + fosfato de codeína;UNIÃO QUÍMICA FARMACÊUTICA NACIONAL S/A;60.665.981/0001-18;1428673245;17/10/2024;TODAS
fosfato de sitagliptina;SANDOZ DO BRASIL INDÚSTRIA FARMACÊUTICA LTDA;61.286.647/0001-16;1671447247;06/12/2024;TODAS
AVIANT;ORGANON FARMACÊUTICA LTDA.;45.987.013/0001-34;4254506228;03/06/2022;TODAS
REVERT;FARMOQUÍMICA S/A;33.349.473/0001-58;0669217247;20/05/2024;TODAS
BUSCOPAN;COSMED INDUSTRIA DE COSMETICOS E MEDICAMENTOS S.A.;61.082.426/0002-07;0673688232;30/06/2023;TODAS
cabergolina;RANBAXY FARMACÊUTICA LTDA;73.663.650/0001-90;1579704247;18/11/2024;TODAS
RIFALDIN;SANOFI MEDLEY FARMACÊUTICA LTDA.;10.588.595/0010-92;0833225251;25/06/2025;TODAS
TALZENNA;PFIZER BRASIL LTDA;61.072.393/0001-33;0829570250;24/06/2025;TODAS
Aciclovir;NOVARTIS BIOCIENCIAS S.A;56.994.502/0001-30;2049008219;27/05/2021;TODAS
ILUDRAL;ADIUM S.A.;55.980.684/0001-27;0515528251;15/04/2025;TODAS
PROSOY;FARMOQUÍMICA S/A;33.349.473/0001-58;1176979248;27/08/2024;TODAS
POLAPIC;EMS S/A;57.507.378/0003-65;4944322224;16/11/2022;TODAS
PLUTO;SUN FARMACÊUTICA DO BRASIL LTDA;05.035.244/0001-23;0833638254;25/06/2025;TODAS
TEBONIN;HERBARIUM LABORATORIO BOTANICO LTDA;78.950.011/0001-20;0155303252;04/02/2025;TODAS
Elaprase;TAKEDA PHARMA LTDA.;60.397.775/0001-74;0275979245;06/03/2024;TODAS
PYVERM;CIFARMA CIENTÍFICA FARMACÊUTICA LTDA;17.562.075/0001-69;0839946252;26/06/2025;TODAS
PRAZY;LEGRAND PHARMA INDÚSTRIA FARMACÊUTICA LTDA;05.044.984/0001-26;0342012258;13/03/2025;TODAS
Sulfato de Amicacina;FRESENIUS KABI BRASIL LTDA;49.324.221/0001-04;1393392245;10/10/2024;TODAS
PRENI;EUROFARMA LABORATÓRIOS S.A.;61.190.096/0001-92;0809359251;17/06/2025;TODAS
mesilato de imatinibe;ZYDUS NIKKHO FARMACÊUTICA LTDA;05.254.971/0001-81;0281990255;27/02/2025;TODAS
JEMPERLI;GLAXOSMITHKLINE BRASIL LTDA;33.247.743/0001-10;1528983246;06/11/2024;TODAS
GENTAMICIN;FRESENIUS KABI BRASIL LTDA;49.324.221/0001-04;1471917240;25/10/2024;TODAS
azitromicina di-hidratada;LABORATÓRIO TEUTO BRASILEIRO S/A;17.159.229/0001-76;0680501258;21/05/2025;TODAS
BHENA;BIOLAB SANUS FARMACÊUTICA LTDA;49.475.833/0001-06;0483072257;08/04/2025;TODAS
COMBFIX;ACHÉ LABORATÓRIOS FARMACÊUTICOS S.A;60.659.463/0029-92;0982664257;29/07/2025;TODAS
MELYSSE;ACHÉ LABORATÓRIOS FARMACÊUTICOS S.A;60.659.463/0029-92;0607113251;06/05/2025;TODAS
NEXOPRAX;MULTILAB INDUSTRIA E COMERCIO DE PRODUTOS FARMACEUTICOS LTDA;92.265.552/0009-05;1161349243;23/08/2024;TODAS
CLORIDRATO DE CEFEPIME;EUGIA PHARMA INDUSTRIA FARMACEUTICA LTDA;44.639.493/0001-80;1085683257;15/08/2025;TODAS
CONSIV;ADIUM S.A.;55.980.684/0001-27;0288894251;28/02/2025;TODAS
BUCLINA;COSMED INDUSTRIA DE COSMETICOS E MEDICAMENTOS S.A.;61.082.426/0002-07;0905825241;03/07/2024;TODAS
POLARAX;AIRELA INDÚSTRIA FARMACÊUTICA LTDA.;01.858.973/0001-29;0134305256;30/01/2025;TODAS
tibolona;MULTILAB INDUSTRIA E COMERCIO DE PRODUTOS FARMACEUTICOS LTDA;92.265.552/0009-05;0289254256;28/02/2025;TODAS
Rosucor EZE;TORRENT DO BRASIL LTDA;33.078.528/0001-32;0965273245;16/07/2024;TODAS
cloridrato de escetamina;UNIÃO QUÍMICA FARMACÊUTICA NACIONAL S/A;60.665.981/0001-18;0549300252;23/04/2025;TODAS
ISTURISA;RECORDATI RARE DISEASES COMÉRCIO DE MEDICAMENTOS LTDA - ME;53.056.057/0001-79;0734628251;30/05/2025;TODAS
MYLANTA PLUS;KENVUE LTDA.;59.748.988/0001-14;0726931250;28/05/2025;TODAS
KETTO;EUROFARMA LABORATÓRIOS S.A.;61.190.096/0001-92;0826554245;18/06/2024;TODAS
VÓRIC;EUROFARMA LABORATÓRIOS S.A.;61.190.096/0001-92;1412430232;12/12/2023;TODAS
DRUSOLOL LC;UNIÃO QUÍMICA FARMACÊUTICA NACIONAL S/A;60.665.981/0001-18;1116264251;19/08/2025;TODAS
oxalato de escitalopram;INSTITUTO BIOCHIMICO INDÚSTRIA FARMACÊUTICA LTDA;33.258.401/0001-03;0848169255;28/06/2025;TODAS
DORFLEX DIP;OPELLA HEALTHCARE BRAZIL LTDA;38.391.432/0001-43;0148527256;03/02/2025;TODAS
PRALÍVIO;CIMED INDUSTRIA S.A;02.814.497/0001-07;1456659243;23/10/2024;TODAS
ÁGUA PARA INJETÁVEIS;FARMA VISION IMPORTAÇÃO E EXPORTAÇÃO DE MEDICAMENTOS LTDA;09.058.502/0001-48;1308502231;23/11/2023;TODAS
mupirocina;INSTITUTO BIOCHIMICO INDÚSTRIA FARMACÊUTICA LTDA;33.258.401/0001-03;1767929242;27/12/2024;TODAS
besilato de atracúrio;EUGIA PHARMA INDUSTRIA FARMACEUTICA LTDA;44.639.493/0001-80;0261156233;15/03/2023;TODAS
desloratadina;LABORATÓRIO GLOBO SA;17.115.437/0001-73;0984926259;30/07/2025;TODAS
desloratadina;LABORATÓRIO GLOBO SA;17.115.437/0001-73;0971399255;25/07/2025;TODAS
JOGGER;ACHÉ LABORATÓRIOS FARMACÊUTICOS S.A;60.659.463/0029-92;1007382252;05/08/2025;TODAS
drospirenona + etinilestradiol;MULTILAB INDUSTRIA E COMERCIO DE PRODUTOS FARMACEUTICOS LTDA;92.265.552/0009-05;0930946251;17/07/2025;TODAS
FENTANEST BOLSA;CRISTÁLIA PRODUTOS QUÍMICOS FARMACÊUTICOS LTDA.;44.734.671/0001-51;0015779246;05/01/2024;TODAS
ZYPTAN;ZYDUS NIKKHO FARMACÊUTICA LTDA;05.254.971/0001-81;1543103243;08/11/2024;TODAS
valerato de betametasona + sulfato de gentamicina + clioquinol + tolnaftato;MULTILAB INDUSTRIA E COMERCIO DE PRODUTOS FARMACEUTICOS LTDA;92.265.552/0009-05;0100736238;01/02/2023;TODAS
cloridrato de bupropiona;GERMED FARMACEUTICA LTDA;45.992.062/0001-65;1487942249;29/10/2024;TODAS
pitavastatina cálcica;GERMED FARMACEUTICA LTDA;45.992.062/0001-65;0347991254;14/03/2025;TODAS
dimesilato de lisdexanfetamina;EUROFARMA LABORATÓRIOS S.A.;61.190.096/0001-92;0934353255;18/07/2025;TODAS
DIVALPROATO DE SÓDIO;EUROFARMA LABORATÓRIOS S.A.;61.190.096/0001-92;1268200247;16/09/2024;TODAS
clonazepam;INSTITUTO BIOCHIMICO INDÚSTRIA FARMACÊUTICA LTDA;33.258.401/0001-03;0523630255;16/04/2025;TODAS
cloridrato de tramadol;MULTILAB INDUSTRIA E COMERCIO DE PRODUTOS FARMACEUTICOS LTDA;92.265.552/0009-05;1730819249;18/12/2024;TODAS
TANDRIFLAN;UNIÃO QUÍMICA FARMACÊUTICA NACIONAL S/A;60.665.981/0001-18;0126290245;01/02/2024;TODAS
XAROPE BENETOSSE;COSMED INDUSTRIA DE COSMETICOS E MEDICAMENTOS S.A.;61.082.426/0002-07;0892839252;08/07/2025;TODAS
mirabegrona;Althaia S.A Indústria Farmacêutica;48.344.725/0007-19;0094916250;22/01/2025;TODAS
LIDE;BIOLAB SANUS FARMACÊUTICA LTDA;49.475.833/0001-06;1623820243;27/11/2024;TODAS
DIPIRONA SODICA;BELFAR LTDA;18.324.343/0001-77;0907883257;11/07/2025;TODAS
VITAMINA D3;BRAINFARMA INDÚSTRIA QUÍMICA E FARMACÊUTICA S.A;05.161.069/0001-10;0937240249;09/07/2024;TODAS
PAXIBE;EUROFARMA LABORATÓRIOS S.A.;61.190.096/0001-92;0906174252;10/07/2025;TODAS
ESTRADOT;SANDOZ DO BRASIL INDÚSTRIA FARMACÊUTICA LTDA;61.286.647/0001-16;0429150245;04/04/2024;TODAS
atorvastatina cálcica;MULTILAB INDUSTRIA E COMERCIO DE PRODUTOS FARMACEUTICOS LTDA;92.265.552/0009-05;0921393253;15/07/2025;TODAS
aripiprazol;MULTILAB INDUSTRIA E COMERCIO DE PRODUTOS FARMACEUTICOS LTDA;92.265.552/0009-05;0256940258;24/02/2025;TODAS
BMAST;DROXTER INDUSTRIA, COMÉRCIO E PARTICIPAÇÕES LTDA;05.090.043/0001-29;1025372247;26/07/2024;TODAS
temozolomida;BLAU FARMACÊUTICA S.A.;58.430.828/0001-60;1196270244;30/08/2024;TODAS
REKAMBYS;JANSSEN-CILAG FARMACÊUTICA LTDA;51.780.468/0001-87;0542554259;23/04/2025;TODAS
vildagliptina;NATCOFARMA DO BRASIL LTDA;08.157.293/0001-27;1004696256;04/08/2025;TODAS
NARCEF;GERMED FARMACEUTICA LTDA;45.992.062/0001-65;1169673252;02/09/2025;TODAS
rivaroxabana;UNIÃO QUÍMICA FARMACÊUTICA NACIONAL S/A;60.665.981/0001-18;0674035259;19/05/2025;TODAS
SOLARDRIL;UNIÃO QUÍMICA FARMACÊUTICA NACIONAL S/A;60.665.981/0001-18;0481661221;08/02/2022;TODAS
EQUITAM;EUROFARMA LABORATÓRIOS S.A.;61.190.096/0001-92;1297460243;20/09/2024;TODAS
Carbamazepina;HIPOLABOR FARMACEUTICA LTDA;19.570.720/0001-10;0477238220;08/02/2022;TODAS
MIOSAN ODT;APSEN FARMACEUTICA S/A;62.462.015/0001-29;0138564256;31/01/2025;TODAS
cloridrato de paroxetina;BRAINFARMA INDÚSTRIA QUÍMICA E FARMACÊUTICA S.A;05.161.069/0001-10;0152541233;14/02/2023;TODAS
paracetamol + fosfato de codeína;BIOLAB SANUS FARMACÊUTICA LTDA;49.475.833/0001-06;0461937239;08/05/2023;TODAS
WELIREG;MERCK SHARP & DOHME FARMACEUTICA LTDA.;03.560.974/0001-18;1133931251;22/08/2025;TODAS
LIPITOR;VIATRIS FARMACEUTICA DO BRASIL LTDA;11.643.096/0001-22;0525106251;16/04/2025;TODAS
Dramin;COSMED INDUSTRIA DE COSMETICOS E MEDICAMENTOS S.A.;61.082.426/0002-07;2404419218;21/06/2021;TODAS
cloridrato de metilfenidato;ADIUM S.A.;55.980.684/0001-27;0288972252;28/02/2025;TODAS
cloridrato de ciprofloxacino;MULTILAB INDUSTRIA E COMERCIO DE PRODUTOS FARMACEUTICOS LTDA;92.265.552/0009-05;0370935250;19/03/2025;TODAS
hemifumarato de quetiapina;BIOLAB SANUS FARMACÊUTICA LTDA;49.475.833/0001-06;0675541255;20/05/2025;TODAS
VEEPI;TORRENT DO BRASIL LTDA;33.078.528/0001-32;0922748233;30/08/2023;TODAS
REVERSO;CRISTÁLIA PRODUTOS QUÍMICOS FARMACÊUTICOS LTDA.;44.734.671/0001-51;0018967248;08/01/2024;TODAS
BUSCOVERAN COMPOSTO;UNIÃO QUÍMICA FARMACÊUTICA NACIONAL S/A;60.665.981/0001-18;1444366246;21/10/2024;TODAS
UNIANORA;UNIÃO QUÍMICA FARMACÊUTICA NACIONAL S/A;60.665.981/0001-18;1729507247;18/12/2024;TODAS
lamotrigina;Althaia S.A Indústria Farmacêutica;48.344.725/0007-19;0843715251;27/06/2025;TODAS
CALMINEX DICLO;COSMED INDUSTRIA DE COSMETICOS E MEDICAMENTOS S.A.;61.082.426/0002-07;1194534252;09/09/2025;TODAS
Crysvita;ULTRAGENYX BRASIL FARMACEUTICA LTDA;27.724.245/0001-18;0759010242;06/06/2024;TODAS
vildagliptina;PHARLAB INDÚSTRIA FARMACÊUTICA S.A.;02.501.297/0001-02;1179753259;04/09/2025;TODAS
AKALMESE;AIRELA INDÚSTRIA FARMACÊUTICA LTDA.;01.858.973/0001-29;2454210223;18/04/2022;TODAS
hemitartarato de zolpidem;MULTILAB INDUSTRIA E COMERCIO DE PRODUTOS FARMACEUTICOS LTDA;92.265.552/0009-05;0053483251;14/01/2025;TODAS
LINCOVAX;UNIÃO QUÍMICA FARMACÊUTICA NACIONAL S/A;60.665.981/0001-18;0491903227;09/02/2022;TODAS
TUKELIX;LABORATORIO CATARINENSE LTDA;84.684.620/0001-87;0164886222;13/01/2022;TODAS
CRONOCOR;BIOLAB SANUS FARMACÊUTICA LTDA;49.475.833/0001-06;0221161252;17/02/2025;TODAS
RELDAPTOS;CIPLA BRASIL IMPORTADORA E DISTRIBUIDORA DE MEDICAMENTOS LTDA;18.268.051/0001-64;0127198245;01/02/2024;TODAS
apixabana;SANDOZ DO BRASIL INDÚSTRIA FARMACÊUTICA LTDA;61.286.647/0001-16;1029700231;27/09/2023;TODAS
EDISTRIDE;ASTRAZENECA DO BRASIL LTDA;60.318.797/0001-00;1018569251;07/08/2025;TODAS
NEOSALDINA DIP;COSMED INDUSTRIA DE COSMETICOS E MEDICAMENTOS S.A.;61.082.426/0002-07;0629520259;09/05/2025;TODAS
ILUMYA;SUN FARMACÊUTICA DO BRASIL LTDA;05.035.244/0001-23;0600508251;05/05/2025;TODAS
besilato de cisatracúrio;FRESENIUS KABI BRASIL LTDA;49.324.221/0001-04;0225280256;18/02/2025;TODAS
TRADEP;MULTILAB INDUSTRIA E COMERCIO DE PRODUTOS FARMACEUTICOS LTDA;92.265.552/0009-05;0212614258;14/02/2025;TODAS
CEFUROXIMA SÓDICA;BRAINFARMA INDÚSTRIA QUÍMICA E FARMACÊUTICA S.A;05.161.069/0001-10;1666053244;05/12/2024;TODAS
LESSAV;ACHÉ LABORATÓRIOS FARMACÊUTICOS S.A;60.659.463/0029-92;4793690220;07/10/2022;TODAS
ALEKTOS;COSMED INDUSTRIA DE COSMETICOS E MEDICAMENTOS S.A.;61.082.426/0002-07;1187666254;08/09/2025;TODAS
NIDAZOLIN;UNIÃO QUÍMICA FARMACÊUTICA NACIONAL S/A;60.665.981/0001-18;0274929228;21/01/2022;TODAS
CLORIDRATO DE MEMANTINA;BIOLAB SANUS FARMACÊUTICA LTDA;49.475.833/0001-06;3831017212;28/09/2021;TODAS
TRIKAFTA;VERTEX FARMACEUTICA DO BRASIL LTDA.;21.798.065/0001-02;0587090251;30/04/2025;TODAS
ISOY;FARMOQUÍMICA S/A;33.349.473/0001-58;1680316249;09/12/2024;TODAS
omeprazol;UNIÃO QUÍMICA FARMACÊUTICA NACIONAL S/A;60.665.981/0001-18;1307783228;22/03/2022;TODAS
PREDSIM;COSMED INDUSTRIA DE COSMETICOS E MEDICAMENTOS S.A.;61.082.426/0002-07;1185699252;06/09/2025;TODAS
CICLOMIDRIN;CRISTÁLIA PRODUTOS QUÍMICOS FARMACÊUTICOS LTDA.;44.734.671/0001-51;1476999244;28/10/2024;TODAS
LORATADINA;ACHÉ LABORATÓRIOS FARMACÊUTICOS S.A;60.659.463/0029-92;0970276257;25/07/2025;TODAS
Sirturo;JANSSEN-CILAG FARMACÊUTICA LTDA;51.780.468/0001-87;0693571241;24/05/2024;TODAS
VATIS;LIBBS FARMACÊUTICA LTDA;61.230.314/0001-75;0669876259;19/05/2025;TODAS
ALENDRONATO DE SODIO;ACHÉ LABORATÓRIOS FARMACÊUTICOS S.A;60.659.463/0029-92;4959349221;21/11/2022;TODAS
LEVODOPA+CLORIDRATO DE BENSERAZIDA;ACHÉ LABORATÓRIOS FARMACÊUTICOS S.A;60.659.463/0029-92;0772362198;24/07/2019;TODAS
mirtazapina;LEGRAND PHARMA INDÚSTRIA FARMACÊUTICA LTDA;05.044.984/0001-26;2537361229;26/04/2022;TODAS
MIODARON;ACHÉ LABORATÓRIOS FARMACÊUTICOS S.A;60.659.463/0029-92;0315616198;08/04/2019;TODAS
ZARGUS;ACHÉ LABORATÓRIOS FARMACÊUTICOS S.A;60.659.463/0029-92;1207032255;11/09/2025;TODAS
azitromicina;GERMED FARMACEUTICA LTDA;45.992.062/0001-65;4422121227;13/07/2022;TODAS
CLOPIN DUO;ACHÉ LABORATÓRIOS FARMACÊUTICOS S.A;60.659.463/0029-92;0356318257;17/03/2025;TODAS
MIFLONIDE BRIZZ;NOVARTIS BIOCIENCIAS S.A;56.994.502/0001-30;4366336227;30/06/2022;TODAS
ACETILCISTEINA;ACHÉ LABORATÓRIOS FARMACÊUTICOS S.A;60.659.463/0029-92;0067217257;16/01/2025;TODAS
RIZI;COSMED INDUSTRIA DE COSMETICOS E MEDICAMENTOS S.A.;61.082.426/0002-07;2670606211;09/07/2021;TODAS
sulfametoxazol + trimetoprima;CIMED INDUSTRIA S.A;02.814.497/0001-07;0751273202;12/03/2020;TODAS
sofosbuvir;FUNDAÇÃO OSWALDO CRUZ;33.781.055/0001-35;0949579246;11/07/2024;TODAS
Vemlidy;GILEAD SCIENCES FARMACEUTICA DO BRASIL LTDA;15.670.288/0001-89;0499603249;19/04/2024;TODAS
rivaroxabana;GERMED FARMACEUTICA LTDA;45.992.062/0001-65;0957004257;22/07/2025;TODAS
Pondera XR;EUROFARMA LABORATÓRIOS S.A.;61.190.096/0001-92;2478663228;20/04/2022;TODAS
levonorgestrel;CIFARMA CIENTÍFICA FARMACÊUTICA LTDA;17.562.075/0001-69;1061816249;05/08/2024;TODAS
ACEZO;CRISTÁLIA PRODUTOS QUÍMICOS FARMACÊUTICOS LTDA.;44.734.671/0001-51;4931014224;11/11/2022;TODAS
cloridrato de doxorrubicina;ACCORD FARMACÊUTICA LTDA;64.171.697/0001-46;3880440212;01/10/2021;TODAS
cloridrato de tansulosina;GERMED FARMACEUTICA LTDA;45.992.062/0001-65;1445533243;21/10/2024;TODAS
malato de sunitinibe;NATCOFARMA DO BRASIL LTDA;08.157.293/0001-27;1339995247;30/09/2024;TODAS
DEWS;UNIÃO QUÍMICA FARMACÊUTICA NACIONAL S/A;60.665.981/0001-18;1651122245;03/12/2024;TODAS
HEVELAIR;BRASTERAPICA PHARMACEUTICA LTDA.;46.179.008/0001-68;0356060233;10/04/2023;TODAS
cloridrato de nebivolol;PHARLAB INDÚSTRIA FARMACÊUTICA S.A.;02.501.297/0001-02;0794040250;12/06/2025;TODAS
ALPHALIV;MABRA FARMACEUTICA LTDA;09.545.589/0001-88;0839314256;26/06/2025;TODAS
CANDESARTANA CILEXETILA;ACHÉ LABORATÓRIOS FARMACÊUTICOS S.A;60.659.463/0029-92;0927597250;17/07/2025;TODAS
TAZOMAZ;UNIÃO QUÍMICA FARMACÊUTICA NACIONAL S/A;60.665.981/0001-18;1437624243;18/10/2024;TODAS
ARISTAB;ACHÉ LABORATÓRIOS FARMACÊUTICOS S.A;60.659.463/0029-92;1147399239;23/10/2023;TODAS
Kovaltry;BAYER S.A.;18.459.628/0001-15;1438553234;18/12/2023;TODAS
DIOST;MYRALIS INDÚSTRIA FARMACÊUTICA LTDA;17.440.261/0001-25;3830739214;28/09/2021;TODAS
olanzapina;UNIVERSIDADE FEDERAL DO RIO GRANDE DO NORTE;24.365.710/0001-83;0505349230;18/05/2023;TODAS
DIPIRONA SÓDICA;ACHÉ LABORATÓRIOS FARMACÊUTICOS S.A;60.659.463/0029-92;0460697251;03/04/2025;TODAS
Fycompa;UNITED MEDICAL LTDA;68.949.239/0001-46;0445004258;01/04/2025;TODAS
vacina raiva(inativada);INSTITUTO BUTANTAN;61.821.344/0001-56;1160971251;29/08/2025;TODAS
PLANTABEN;VIATRIS FARMACEUTICA DO BRASIL LTDA;11.643.096/0001-22;0838918255;26/06/2025;TODAS
NIVUX;EMS S/A;57.507.378/0003-65;0515866253;15/04/2025;TODAS
Exfuno;DR. REDDYS FARMACÊUTICA DO BRASIL LTDA;03.978.166/0001-75;1759941247;26/12/2024;TODAS
Hylo-Comod;FBM INDÚSTRIA FARMACÊUTICA LTDA;02.060.549/0001-05;1069428256;14/08/2025;TODAS
Citoplax;LABORATÓRIO QUÍMICO FARMACÊUTICO BERGAMO LTDA;61.282.661/0001-41;1250659248;11/09/2024;TODAS
OSTEOBLOCK;GERMED FARMACEUTICA LTDA;45.992.062/0001-65;4991779227;29/11/2022;TODAS
Panhematin;RECORDATI RARE DISEASES COMÉRCIO DE MEDICAMENTOS LTDA - ME;53.056.057/0001-79;0168961253;06/02/2025;TODAS
losartana potássica+hidroclorotiazida;PRATI DONADUZZI & CIA LTDA;73.856.593/0001-66;0354229257;17/03/2025;TODAS
Torgena;PFIZER BRASIL LTDA;61.072.393/0001-33;1058332252;13/08/2025;TODAS
ácido acetilsalicílico;1FARMA INDUSTRIA FARMACEUTICA LTDA;48.113.906/0001-49;2259131201;13/07/2020;TODAS
cloridrato de nebivolol;GERMED FARMACEUTICA LTDA;45.992.062/0001-65;0109530241;29/01/2024;TODAS
pregabalina;BRAINFARMA INDÚSTRIA QUÍMICA E FARMACÊUTICA S.A;05.161.069/0001-10;0012163252;06/01/2025;TODAS
cloridrato de venlafaxina;ZYDUS NIKKHO FARMACÊUTICA LTDA;05.254.971/0001-81;4677951225;12/09/2022;TODAS
AMPICILINA SÓDICA + SULBACTAM SÓDICA;EUGIA PHARMA INDUSTRIA FARMACEUTICA LTDA;44.639.493/0001-80;1757216243;24/12/2024;TODAS
CITONEURIN;PROCTER & GAMBLE DO BRASIL LTDA.;59.476.770/0001-58;0433593253;31/03/2025;TODAS
cloridrato de pioglitazona;MULTILAB INDUSTRIA E COMERCIO DE PRODUTOS FARMACEUTICOS LTDA;92.265.552/0009-05;1196034257;09/09/2025;TODAS
BIQUIZ;SUPERA FARMA LABORATÓRIOS S.A;43.312.503/0001-05;1493868241;30/10/2024;TODAS
loratadina;GEOLAB INDÚSTRIA FARMACÊUTICA S/A;03.485.572/0001-04;1766721249;27/12/2024;TODAS
CEFAZOLINA SÓDICA;FRESENIUS KABI BRASIL LTDA;49.324.221/0001-04;1494923246;30/10/2024;TODAS
VACINA COVID-19 (RECOMBINANTE);FUNDAÇÃO OSWALDO CRUZ;33.781.055/0001-35;1190705231;31/10/2023;TODAS
REBLOZYL;BRISTOL-MYERS SQUIBB FARMACÊUTICA LTDA;56.998.982/0001-07;1060310252;13/08/2025;TODAS
Xospata®;ASTELLAS FARMA BRASIL IMPORTAÇÃO E DISTRIBUIÇÃO DE MEDICAMENTOS LTDA.;07.768.134/0001-04;1639219242;29/11/2024;TODAS
hidroclorotiazida;SANOFI MEDLEY FARMACÊUTICA LTDA.;10.588.595/0010-92;0228939259;18/02/2025;TODAS
GULSHEN;SUN FARMACÊUTICA DO BRASIL LTDA;05.035.244/0001-23;0419184252;27/03/2025;TODAS
MAIZHER;PRATI DONADUZZI & CIA LTDA;73.856.593/0001-66;1705187242;13/12/2024;TODAS
ibuprofeno;Althaia S.A Indústria Farmacêutica;48.344.725/0007-19;1126956252;21/08/2025;TODAS
tinidazol + nitrato de miconazol;EUROFARMA LABORATÓRIOS S.A.;61.190.096/0001-92;0897302257;08/07/2025;TODAS
FIXENATO;GERMED FARMACEUTICA LTDA;45.992.062/0001-65;1013342259;06/08/2025;TODAS
piperacilina sódica + tazobactam sódico;FRESENIUS KABI BRASIL LTDA;49.324.221/0001-04;1408151243;14/10/2024;TODAS
NEXTELA;LIBBS FARMACÊUTICA LTDA;61.230.314/0001-75;1087973252;15/08/2025;TODAS
BIO-MANGUINHOS TRASTUZUMABE;FUNDAÇÃO OSWALDO CRUZ;33.781.055/0001-35;0443876231;04/05/2023;TODAS
DERMATOP;SANOFI MEDLEY FARMACÊUTICA LTDA.;10.588.595/0010-92;4063310213;14/10/2021;TODAS
succinato sódico de metilpredinisolona;FRESENIUS KABI BRASIL LTDA;49.324.221/0001-04;3300626226;20/05/2022;TODAS
MEPSEVII;ULTRAGENYX BRASIL FARMACEUTICA LTDA;27.724.245/0001-18;0273470248;06/03/2024;TODAS
Cresemba;UNITED MEDICAL LTDA;68.949.239/0001-46;1126994251;21/08/2025;TODAS
TRIPLOA;SUPERA FARMA LABORATÓRIOS S.A;43.312.503/0001-05;1630103241;28/11/2024;TODAS
Enspryng;PRODUTOS ROCHE QUÍMICOS E FARMACÊUTICOS S.A.;33.009.945/0001-23;1025974255;11/08/2025;TODAS
NUVIGIL;TEVA FARMACÊUTICA LTDA.;05.333.542/0001-08;1319245234;24/11/2023;TODAS
Turno SL;EUROFARMA LABORATÓRIOS S.A.;61.190.096/0001-92;0231201257;18/02/2025;TODAS
MENOPRIN;CIFARMA CIENTÍFICA FARMACÊUTICA LTDA;17.562.075/0001-69;0840533250;26/06/2025;TODAS
Jivi;BAYER S.A.;18.459.628/0001-15;1006143254;05/08/2025;TODAS
cloridrato de gencitabina;CRISTÁLIA PRODUTOS QUÍMICOS FARMACÊUTICOS LTDA.;44.734.671/0001-51;4240340205;01/12/2020;TODAS
LIVANEL;ABBOTT LABORATÓRIOS DO BRASIL LTDA;56.998.701/0001-16;1400011248;11/10/2024;TODAS
KUVAN;BIOMARIN BRASIL FARMACÊUTICA LTDA;08.002.360/0001-34;0845994255;27/06/2025;TODAS
ALERGOMINE;CIMED INDUSTRIA S.A;02.814.497/0001-07;0423028235;27/04/2023;TODAS
DVITERD3;NATULAB LABORATORIO S.A;02.456.955/0001-83;0054763223;04/01/2022;TODAS
FAXXA;GERMED FARMACEUTICA LTDA;45.992.062/0001-65;0957383258;22/07/2025;TODAS
cloridrato de ondansetrona;FRESENIUS KABI BRASIL LTDA;49.324.221/0001-04;1081016230;10/10/2023;TODAS
NIDUE;GERMED FARMACEUTICA LTDA;45.992.062/0001-65;0538637251;22/04/2025;TODAS
REVESTIVE;TAKEDA PHARMA LTDA.;60.397.775/0001-74;0066913250;16/01/2025;TODAS
KINOF;FARMARIN INDUSTRIA E COMERCIO LTDA;58.635.830/0001-75;5113224235;02/01/2023;TODAS
Sarclisa;SANOFI MEDLEY FARMACÊUTICA LTDA.;10.588.595/0010-92;1164240251;01/09/2025;TODAS
RISPERIDONA;BIOLAB SANUS FARMACÊUTICA LTDA;49.475.833/0001-06;0156013258;04/02/2025;TODAS
SUG;BIOLAB SANUS FARMACÊUTICA LTDA;49.475.833/0001-06;1478993243;28/10/2024;TODAS
pemetrexede dissódico;VIATRIS FARMACEUTICA DO BRASIL LTDA;11.643.096/0001-22;2535666227;26/04/2022;TODAS
TORFLAY;LEGRAND PHARMA INDÚSTRIA FARMACÊUTICA LTDA;05.044.984/0001-26;1110286244;14/08/2024;TODAS
ONDAALIVE;LABORATÓRIO GLOBO SA;17.115.437/0001-73;0587728256;30/04/2025;TODAS
cloridrato de diltiazem;MULTILAB INDUSTRIA E COMERCIO DE PRODUTOS FARMACEUTICOS LTDA;92.265.552/0009-05;1685640249;10/12/2024;TODAS
esomeprazol magnésico tri-hidratado;MULTILAB INDUSTRIA E COMERCIO DE PRODUTOS FARMACEUTICOS LTDA;92.265.552/0009-05;0642028257;13/05/2025;TODAS
EFURIX;MEDQUIMICA INDUSTRIA FARMACEUTICA LTDA.;17.875.154/0001-20;0466010231;09/05/2023;TODAS
DAKTARIN GEL ORAL;KENVUE LTDA.;59.748.988/0001-14;0047950242;15/01/2024;TODAS
FUNOK;MULTILAB INDUSTRIA E COMERCIO DE PRODUTOS FARMACEUTICOS LTDA;92.265.552/0009-05;0013654250;06/01/2025;TODAS
NAVELBINE;BLANVER FARMOQUIMICA E FARMACEUTICA S.A.;53.359.824/0001-19;0790130246;12/06/2024;TODAS
cloridrato de tramadol + paracetamol;GERMED FARMACEUTICA LTDA;45.992.062/0001-65;0981104258;29/07/2025;TODAS
cloridrato de donepezila;INSTITUTO BIOCHIMICO INDÚSTRIA FARMACÊUTICA LTDA;33.258.401/0001-03;0848185251;28/06/2025;TODAS
MYLICON;KENVUE LTDA.;59.748.988/0001-14;0048328243;15/01/2024;TODAS
dimesilato de lisdexanfetamina;MULTILAB INDUSTRIA E COMERCIO DE PRODUTOS FARMACEUTICOS LTDA;92.265.552/0009-05;0924036257;16/07/2025;TODAS
RAVUMA;ACHÉ LABORATÓRIOS FARMACÊUTICOS S.A;60.659.463/0029-92;0372470238;13/04/2023;TODAS
montelucaste de sódio + dicloridrato de levocetirizina;GLENMARK FARMACÊUTICA LTDA;44.363.661/0001-57;0972581251;25/07/2025;TODAS
ALGY GOTAS;VITAMEDIC INDUSTRIA FARMACEUTICA LTDA;30.222.814/0001-31;1709636246;13/12/2024;TODAS
DULCOLAX GOTAS;OPELLA HEALTHCARE BRAZIL LTDA;38.391.432/0001-43;0105231240;29/01/2024;TODAS
lactato de milrinona;FARMA VISION IMPORTAÇÃO E EXPORTAÇÃO DE MEDICAMENTOS LTDA;09.058.502/0001-48;1742860249;20/12/2024;TODAS
MOTILIUM;KENVUE LTDA.;59.748.988/0001-14;0736772251;30/05/2025;TODAS
OFTALMOX;GEOLAB INDÚSTRIA FARMACÊUTICA S/A;03.485.572/0001-04;0990802256;31/07/2025;TODAS
propionato de clobetasol;MULTILAB INDUSTRIA E COMERCIO DE PRODUTOS FARMACEUTICOS LTDA;92.265.552/0009-05;1709791241;13/12/2024;TODAS
ORLADEYO;PINT PHARMA PRODUTOS MEDICO-HOSPITALARES E FARMACEUTICOS LTDA;21.896.000/0001-91;0338932259;13/03/2025;TODAS
cloridrato de dorzolamida;MULTILAB INDUSTRIA E COMERCIO DE PRODUTOS FARMACEUTICOS LTDA;92.265.552/0009-05;0100463231;01/02/2023;TODAS
cloridrato de ondansetrona;GEOLAB INDÚSTRIA FARMACÊUTICA S/A;03.485.572/0001-04;0140176250;31/01/2025;TODAS
levetiracetam;GERMED FARMACEUTICA LTDA;45.992.062/0001-65;1477486241;28/10/2024;TODAS
ALLEGRA;OPELLA HEALTHCARE BRAZIL LTDA;38.391.432/0001-43;1225273242;05/09/2024;TODAS
DIPATE;Mawdsleys Pharmaceuticals do Brasil Ltda;19.501.429/0001-90;1694097242;11/12/2024;TODAS
triancinolona acetonida;CIMED INDUSTRIA S.A;02.814.497/0001-07;0762696257;05/06/2025;TODAS
DIGLIXX;LABORATÓRIO GLOBO SA;17.115.437/0001-73;1072384256;14/08/2025;TODAS
TOLZA IV;LABORATÓRIO TEUTO BRASILEIRO S/A;17.159.229/0001-76;0787128252;11/06/2025;TODAS
AKYNZEO;UNITED MEDICAL LTDA;68.949.239/0001-46;1322535230;27/11/2023;TODAS
PERSUR;COSMED INDUSTRIA DE COSMETICOS E MEDICAMENTOS S.A.;61.082.426/0002-07;0964153238;12/09/2023;TODAS
ABRYSVO;PFIZER BRASIL LTDA;61.072.393/0001-33;0917904257;15/07/2025;TODAS
ANSIODORON;WELEDA DO BRASIL LABORATÓRIO E FARMÁCIA LTDA;56.992.217/0001-80;1179629256;04/09/2025;TODAS
albendazol;GEOLAB INDÚSTRIA FARMACÊUTICA S/A;03.485.572/0001-04;0760179239;21/07/2023;TODAS
OTRIVINA;PF Consumer Healthcare Brazil Importadora e Distribuidora de Medicamentos Ltda;30.872.270/0001-53;0836892232;10/08/2023;TODAS
desloratadina;CIFARMA CIENTÍFICA FARMACÊUTICA LTDA;17.562.075/0001-69;0661710254;16/05/2025;TODAS
azitromicina di-hidratada;MULTILAB INDUSTRIA E COMERCIO DE PRODUTOS FARMACEUTICOS LTDA;92.265.552/0009-05;1222575248;05/09/2024;TODAS
ADZYNMA;TAKEDA PHARMA LTDA.;60.397.775/0001-74;0966414250;24/07/2025;TODAS
FUCSIA MINUS;MULTILAB INDUSTRIA E COMERCIO DE PRODUTOS FARMACEUTICOS LTDA;92.265.552/0009-05;0975353250;28/07/2025;TODAS
TAXBAC;VITAMEDIC INDUSTRIA FARMACEUTICA LTDA;30.222.814/0001-31;0380933233;17/04/2023;TODAS
FULVAFIT;EUGIA PHARMA INDUSTRIA FARMACEUTICA LTDA;44.639.493/0001-80;0943750253;21/07/2025;TODAS
EDIFICAN;ACHÉ LABORATÓRIOS FARMACÊUTICOS S.A;60.659.463/0029-92;0839942231;10/08/2023;TODAS
LIRUX;EMS S/A;57.507.378/0003-65;0982243251;29/07/2025;TODAS
ESPASMOPAN COMPOSTO;UNIÃO QUÍMICA FARMACÊUTICA NACIONAL S/A;60.665.981/0001-18;0326506233;31/03/2023;TODAS
IBUFLEX;LEGRAND PHARMA INDÚSTRIA FARMACÊUTICA LTDA;05.044.984/0001-26;1472174241;25/10/2024;TODAS
olanzapina;INSTITUTO BIOCHIMICO INDÚSTRIA FARMACÊUTICA LTDA;33.258.401/0001-03;0848147251;28/06/2025;TODAS
cloridrato de tramadol;GERMED FARMACEUTICA LTDA;45.992.062/0001-65;0001573250;02/01/2025;TODAS
Abraxane;UNITED MEDICAL LTDA;68.949.239/0001-46;0922936242;05/07/2024;TODAS
cloridrato de dexmedetomidina;EUGIA PHARMA INDUSTRIA FARMACEUTICA LTDA;44.639.493/0001-80;1390415244;09/10/2024;TODAS
OLMECOR TRIPLO;TORRENT DO BRASIL LTDA;33.078.528/0001-32;0515985252;15/04/2025;TODAS
CAPITRAT MEN;KLEY HERTZ FARMACEUTICA S.A;92.695.691/0001-03;1444790234;19/12/2023;TODAS
AIRES;EUROFARMA LABORATÓRIOS S.A.;61.190.096/0001-92;1201877253;10/09/2025;TODAS
rivaroxabana;PHARLAB INDÚSTRIA FARMACÊUTICA S.A.;02.501.297/0001-02;0734210256;30/05/2025;TODAS
ENLUTOZA;DR. REDDYS FARMACÊUTICA DO BRASIL LTDA;03.978.166/0001-75;1172365253;03/09/2025;TODAS
FOQ XR;COSMED INDUSTRIA DE COSMETICOS E MEDICAMENTOS S.A.;61.082.426/0002-07;0715238256;27/05/2025;TODAS
bissulfato de clopidogrel;BIOLAB SANUS FARMACÊUTICA LTDA;49.475.833/0001-06;0053171250;14/01/2025;TODAS
hidroxiureia;BLAU FARMACÊUTICA S.A.;58.430.828/0001-60;0494045256;10/04/2025;TODAS
JARDIANCE DUO;BOEHRINGER INGELHEIM DO BRASIL QUÍMICA E FARMACÊUTICA LTDA.;60.831.658/0001-77;0665449259;16/05/2025;TODAS
rivaroxabana;BRAINFARMA INDÚSTRIA QUÍMICA E FARMACÊUTICA S.A;05.161.069/0001-10;0840856253;26/06/2025;TODAS
RIVNEO;BRAINFARMA INDÚSTRIA QUÍMICA E FARMACÊUTICA S.A;05.161.069/0001-10;0840882254;26/06/2025;TODAS
ONDRAU;GEOLAB INDÚSTRIA FARMACÊUTICA S/A;03.485.572/0001-04;0976753251;28/07/2025;TODAS
ALGY-FLANDERIL CAPS;VITAMEDIC INDUSTRIA FARMACEUTICA LTDA;30.222.814/0001-31;1694587240;11/12/2024;TODAS
ondansetrona;BLAU FARMACÊUTICA S.A.;58.430.828/0001-60;4117304216;18/10/2021;TODAS
DERMAZINE;CRISTÁLIA PRODUTOS QUÍMICOS FARMACÊUTICOS LTDA.;44.734.671/0001-51;0991762258;31/07/2025;TODAS
CAMZYOS;BRISTOL-MYERS SQUIBB FARMACÊUTICA LTDA;56.998.982/0001-07;0752560255;03/06/2025;TODAS
maleato de dexclorfeniramina;CIMED INDUSTRIA S.A;02.814.497/0001-07;0527064246;22/04/2024;TODAS
simeticona + metilbrometo de homatropina;EMS S/A;57.507.378/0003-65;2704336211;12/07/2021;TODAS
CEBETYM;CIFARMA CIENTÍFICA FARMACÊUTICA LTDA;17.562.075/0001-69;1250169241;11/09/2024;TODAS
ALOFF XPE;EUROFARMA LABORATÓRIOS S.A.;61.190.096/0001-92;4454601224;27/07/2022;TODAS
BUONA;EUROFARMA LABORATÓRIOS S.A.;61.190.096/0001-92;1416839224;28/03/2022;TODAS
Nebic;MULTILAB INDUSTRIA E COMERCIO DE PRODUTOS FARMACEUTICOS LTDA;92.265.552/0009-05;1119658233;18/10/2023;TODAS
DOXPROVIR;EMS S/A;57.507.378/0003-65;1001797256;04/08/2025;TODAS
pregabalina;BIOLAB SANUS FARMACÊUTICA LTDA;49.475.833/0001-06;0652947255;14/05/2025;TODAS
RECONTER ODT;LIBBS FARMACÊUTICA LTDA;61.230.314/0001-75;0252887239;14/03/2023;TODAS
MYTRO;MYRALIS INDÚSTRIA FARMACÊUTICA LTDA;17.440.261/0001-25;0788816250;11/06/2025;TODAS
MUD ORAL;EUROFARMA LABORATÓRIOS S.A.;61.190.096/0001-92;0744868246;04/06/2024;TODAS
hemitartarato de zolpidem;GERMED FARMACEUTICA LTDA;45.992.062/0001-65;0053055250;14/01/2025;TODAS
axetilcefuroxima;EUROFARMA LABORATÓRIOS S.A.;61.190.096/0001-92;0798901241;14/06/2024;TODAS
desogestrel + etinilestradiol;ACHÉ LABORATÓRIOS FARMACÊUTICOS S.A;60.659.463/0029-92;4750786225;28/09/2022;TODAS
NAIRE;EUROFARMA LABORATÓRIOS S.A.;61.190.096/0001-92;4528071223;09/08/2022;TODAS
DESTYC;EPHAR PESQUISA E DESENVOLVIMENTO LTDA;36.130.126/0001-28;0808695240;17/06/2024;TODAS
HEXOMEDINE;COSMED INDUSTRIA DE COSMETICOS E MEDICAMENTOS S.A.;61.082.426/0002-07;1244697249;10/09/2024;TODAS
cloridrato de ciclobenzaprina;GERMED FARMACEUTICA LTDA;45.992.062/0001-65;0517087251;15/04/2025;TODAS
Nesina Met;COSMED INDUSTRIA DE COSMETICOS E MEDICAMENTOS S.A.;61.082.426/0002-07;2957741211;29/07/2021;TODAS
cloridrato de olopatadina;RANBAXY FARMACÊUTICA LTDA;73.663.650/0001-90;0749535253;03/06/2025;TODAS
ZOLOFT;VIATRIS FARMACEUTICA DO BRASIL LTDA;11.643.096/0001-22;0940944251;21/07/2025;TODAS
FLORATIL;FARMOQUÍMICA S/A;33.349.473/0001-58;0216034256;14/02/2025;TODAS
IBUFRAN;BRAINFARMA INDÚSTRIA QUÍMICA E FARMACÊUTICA S.A;05.161.069/0001-10;0255897243;01/03/2024;TODAS
cloridrato de ciclobenzaprina;EMS S/A;57.507.378/0003-65;0519519256;16/04/2025;TODAS
KYNTHEUM;LEO PHARMA LTDA;11.424.477/0001-10;1172423253;03/09/2025;TODAS
cloridrato de donepezila + cloridrato de memantina;EMS S/A;57.507.378/0003-65;0207095256;13/02/2025;TODAS
NESINA;COSMED INDUSTRIA DE COSMETICOS E MEDICAMENTOS S.A.;61.082.426/0002-07;1362905241;03/10/2024;TODAS
DORIL DC 500;COSMED INDUSTRIA DE COSMETICOS E MEDICAMENTOS S.A.;61.082.426/0002-07;0295727192;02/04/2019;TODAS
Inovelon;UNITED MEDICAL LTDA;68.949.239/0001-46;1346525234;29/11/2023;TODAS
VARISBEM;VIDORA FARMACÊUTICA LTDA;92.762.277/0001-70;2420226216;22/06/2021;TODAS
POEMMY;LIBBS FARMACÊUTICA LTDA;61.230.314/0001-75;0815390254;18/06/2025;TODAS
HYVIT K;HYPOFARMA - INSTITUTO DE HYPODERMIA E FARMÁCIA LTDA;17.174.657/0001-78;1039540217;17/03/2021;TODAS
CLORETO DE POTÁSSIO 19,1%;FARMARIN INDUSTRIA E COMERCIO LTDA;58.635.830/0001-75;0430200211;02/02/2021;TODAS
secnidazol;LABORATÓRIO GLOBO SA;17.115.437/0001-73;0992148251;31/07/2025;TODAS
SOMINEX COMPOSTO;EMS S/A;57.507.378/0003-65;3266654218;19/08/2021;TODAS
CLORETO DE SÓDIO;HYPOFARMA - INSTITUTO DE HYPODERMIA E FARMÁCIA LTDA;17.174.657/0001-78;1717097243;16/12/2024;TODAS
Cresemba;UNITED MEDICAL LTDA;68.949.239/0001-46;1126960250;21/08/2025;TODAS
nimesulida;LABORATÓRIO GLOBO SA;17.115.437/0001-73;0753696258;04/06/2025;TODAS
Hemifumarato de Quetiapina;AUROBINDO PHARMA INDÚSTRIA FARMACÊUTICA LIMITADA;04.301.884/0001-75;0528000250;17/04/2025;TODAS
alopurinol;NOVARTIS BIOCIENCIAS S.A;56.994.502/0001-30;0826753256;23/06/2025;TODAS
EVOMIXAN;FARMARIN INDUSTRIA E COMERCIO LTDA;58.635.830/0001-75;1233361211;31/03/2021;TODAS
CETOPROFENO;HIPOLABOR FARMACEUTICA LTDA;19.570.720/0001-10;1450270247;22/10/2024;TODAS
LEG;EUROFARMA LABORATÓRIOS S.A.;61.190.096/0001-92;1140291254;25/08/2025;TODAS
besilato de levanlodipino;LEGRAND PHARMA INDÚSTRIA FARMACÊUTICA LTDA;05.044.984/0001-26;4266986220;07/06/2022;TODAS
hemitartarato de zolpidem;BIOLAB SANUS FARMACÊUTICA LTDA;49.475.833/0001-06;1176103245;27/08/2024;TODAS
cloridrato de gencitabina;Camber Farmaceutica Ltda;24.633.934/0001-29;3180527218;13/08/2021;TODAS
bissulfato de clopidogrel;GERMED FARMACEUTICA LTDA;45.992.062/0001-65;0347168256;14/03/2025;TODAS
HERMAB;EUROFARMA LABORATÓRIOS S.A.;61.190.096/0001-92;1601311249;22/11/2024;TODAS
fenofibrato;CIMED INDUSTRIA S.A;02.814.497/0001-07;2358262206;20/07/2020;TODAS
CLORIDRATO DE BUPROPIONA;GERMED FARMACEUTICA LTDA;45.992.062/0001-65;0857791257;30/06/2025;TODAS
acetato de abiraterona;SUN FARMACÊUTICA DO BRASIL LTDA;05.035.244/0001-23;0797398252;13/06/2025;TODAS
fulvestranto;SANDOZ DO BRASIL INDÚSTRIA FARMACÊUTICA LTDA;61.286.647/0001-16;4178817206;26/11/2020;TODAS
Glivance XR;MERCK S/A;33.069.212/0001-84;0635202255;12/05/2025;TODAS
NINLARO;TAKEDA PHARMA LTDA.;60.397.775/0001-74;1159274258;29/08/2025;TODAS
EVOFLUBINA;FARMARIN INDUSTRIA E COMERCIO LTDA;58.635.830/0001-75;1201065211;29/03/2021;TODAS
ENEMIN;KLEY HERTZ FARMACEUTICA S.A;92.695.691/0001-03;1380166233;05/12/2023;TODAS
CONCOR ANLO;MERCK S/A;33.069.212/0001-84;4900330221;03/11/2022;TODAS
estriol;BIOLAB SANUS FARMACÊUTICA LTDA;49.475.833/0001-06;1571127241;14/11/2024;TODAS
GLICOFISIOLÓGICO;FARMARIN INDUSTRIA E COMERCIO LTDA;58.635.830/0001-75;1045470236;02/10/2023;TODAS
Fenofibrato;BRAINFARMA INDÚSTRIA QUÍMICA E FARMACÊUTICA S.A;05.161.069/0001-10;0458491250;03/04/2025;TODAS
Nuit flash;BIOLAB SANUS FARMACÊUTICA LTDA;49.475.833/0001-06;0043571255;13/01/2025;TODAS
hemitartarato de zolpidem;BRAINFARMA INDÚSTRIA QUÍMICA E FARMACÊUTICA S.A;05.161.069/0001-10;0153206233;14/02/2023;TODAS
letrozol;SUN FARMACÊUTICA DO BRASIL LTDA;05.035.244/0001-23;1688182241;10/12/2024;TODAS
bosentana;ACCORD FARMACÊUTICA LTDA;64.171.697/0001-46;4827934223;17/10/2022;TODAS
LOZAN;LABORATÓRIO TEUTO BRASILEIRO S/A;17.159.229/0001-76;1639165240;29/11/2024;TODAS
linezolida;HYPOFARMA - INSTITUTO DE HYPODERMIA E FARMÁCIA LTDA;17.174.657/0001-78;0225321254;18/02/2025;TODAS
dipirona monohidratada;LEGRAND PHARMA INDÚSTRIA FARMACÊUTICA LTDA;05.044.984/0001-26;0443872252;01/04/2025;TODAS
Salonpas Adesivo;HISAMITSU FARMACÊUTICA DO BRASIL LTDA;49.383.250/0001-47;1222651246;05/09/2024;TODAS
sinvastatina;GERMED FARMACEUTICA LTDA;45.992.062/0001-65;0548683255;23/04/2025;TODAS
meloxicam;CIMED INDUSTRIA S.A;02.814.497/0001-07;0563030241;29/04/2024;TODAS
celecoxibe;ZYDUS NIKKHO FARMACÊUTICA LTDA;05.254.971/0001-81;0831538236;09/08/2023;TODAS
BORTEZOMIBE;SUN FARMACÊUTICA DO BRASIL LTDA;05.035.244/0001-23;1617397245;26/11/2024;TODAS
Risedronato sódico;Althaia S.A Indústria Farmacêutica;48.344.725/0007-19;0094115257;22/01/2025;TODAS
SUPRENIQ;TEVA FARMACÊUTICA LTDA.;05.333.542/0001-08;1032629240;29/07/2024;TODAS
meloxicam;CELLERA FARMACÊUTICA S.A.;33.173.097/0002-74;1027454259;11/08/2025;TODAS
PANT SEC;ACHÉ LABORATÓRIOS FARMACÊUTICOS S.A;60.659.463/0029-92;0375740252;20/03/2025;TODAS
bilastina;EUROFARMA LABORATÓRIOS S.A.;61.190.096/0001-92;4528554224;09/08/2022;TODAS
claritromicina;MANDALA BRASIL IMPORTAÇÃO E DISTRIBUIÇÃO DE PRODUTO MÉDICO HOSPITALAR LTDA;09.117.476/0001-81;1010572253;06/08/2025;TODAS
FLUX SR;BIOLAB SANUS FARMACÊUTICA LTDA;49.475.833/0001-06;0542883244;24/04/2024;TODAS
TEROCOXI;CRISTÁLIA PRODUTOS QUÍMICOS FARMACÊUTICOS LTDA.;44.734.671/0001-51;0779074254;10/06/2025;TODAS
BUSCODUO;COSMED INDUSTRIA DE COSMETICOS E MEDICAMENTOS S.A.;61.082.426/0002-07;0673568237;30/06/2023;TODAS
XANTINON COMPLEX;UNIÃO QUÍMICA FARMACÊUTICA NACIONAL S/A;60.665.981/0001-18;0579401251;29/04/2025;TODAS
DORSANOL;MULTILAB INDUSTRIA E COMERCIO DE PRODUTOS FARMACEUTICOS LTDA;92.265.552/0009-05;1723661244;17/12/2024;TODAS
sulfato de neomicina + bacitracina zíncica;UNIÃO QUÍMICA FARMACÊUTICA NACIONAL S/A;60.665.981/0001-18;2610111215;05/07/2021;TODAS
IMMUNATE;TAKEDA PHARMA LTDA.;60.397.775/0001-74;0118994247;31/01/2024;TODAS
bicalutamida;BLAU FARMACÊUTICA S.A.;58.430.828/0001-60;1153889242;22/08/2024;TODAS
EFEXOR;VIATRIS FARMACEUTICA DO BRASIL LTDA;11.643.096/0001-22;1083987241;08/08/2024;TODAS
ACLAF;LABORATÓRIO FARMACÊUTICO ELOFAR LTDA;83.874.628/0001-43;1286203244;18/09/2024;TODAS
ARTRINID IV;UNIÃO QUÍMICA FARMACÊUTICA NACIONAL S/A;60.665.981/0001-18;0093938250;22/01/2025;TODAS
STALEVO;SANDOZ DO BRASIL INDÚSTRIA FARMACÊUTICA LTDA;61.286.647/0001-16;0741992219;24/02/2021;TODAS
SONIC;EUROFARMA LABORATÓRIOS S.A.;61.190.096/0001-92;0569879256;28/04/2025;TODAS
acetato de abiraterona;TEVA FARMACÊUTICA LTDA.;05.333.542/0001-08;0204555248;21/02/2024;TODAS
ATLANSIL;SANOFI MEDLEY FARMACÊUTICA LTDA.;10.588.595/0010-92;1726316246;18/12/2024;TODAS
cloridrato de duloxetina;GEOLAB INDÚSTRIA FARMACÊUTICA S/A;03.485.572/0001-04;1004046251;04/08/2025;TODAS
CyPcino;CIFARMA CIENTÍFICA FARMACÊUTICA LTDA;17.562.075/0001-69;1157202250;29/08/2025;TODAS
BLOQUERON;LABORATORIOS B. BRAUN S/A;31.673.254/0001-02;1132531241;19/08/2024;TODAS
ZIEXTENZO;SANDOZ DO BRASIL INDÚSTRIA FARMACÊUTICA LTDA;61.286.647/0001-16;0085657255;21/01/2025;TODAS
KESIMPTA;NOVARTIS BIOCIENCIAS S.A;56.994.502/0001-30;0220941254;17/02/2025;TODAS
CANEPHRON;BIONORICA DO BRASIL DISTRIBUICAO E IMPORTACAO LTDA;19.585.186/0001-16;0784739251;11/06/2025;TODAS
ORFADIN;INNOVATIVE MEDICINES BRASIL SP DISTRIBUICAO DE MEDICAMENTOS LTDA;21.810.980/0001-68;1112435247;14/08/2024;TODAS
NAPRONAX;BRAINFARMA INDÚSTRIA QUÍMICA E FARMACÊUTICA S.A;05.161.069/0001-10;1351637240;02/10/2024;TODAS
prednisona;LABORATÓRIO GLOBO SA;17.115.437/0001-73;1351490249;02/10/2024;TODAS
cloridrato de tansulosina;BRAINFARMA INDÚSTRIA QUÍMICA E FARMACÊUTICA S.A;05.161.069/0001-10;1354730232;30/11/2023;TODAS
CLORIDRATO DE CEFEPIMA;FRESENIUS KABI BRASIL LTDA;49.324.221/0001-04;1723021245;17/12/2024;TODAS
TANDERALGIN;CELLERA FARMACÊUTICA S.A.;33.173.097/0002-74;1143259246;20/08/2024;TODAS
azacitidina;NATCOFARMA DO BRASIL LTDA;08.157.293/0001-27;0379355256;20/03/2025;TODAS
ÁPICE;SUPERA FARMA LABORATÓRIOS S.A;43.312.503/0001-05;1556350244;12/11/2024;TODAS
LIMIAR;EUROFARMA LABORATÓRIOS S.A.;61.190.096/0001-92;0327201240;15/03/2024;TODAS
NEOCOPAN COMPOSTO;UNIÃO QUÍMICA FARMACÊUTICA NACIONAL S/A;60.665.981/0001-18;1347971246;01/10/2024;TODAS
hemifumarato de quetiapina;BRAINFARMA INDÚSTRIA QUÍMICA E FARMACÊUTICA S.A;05.161.069/0001-10;4982387222;25/11/2022;TODAS
Arpejo;EMS S/A;57.507.378/0003-65;0059646250;15/01/2025;TODAS
BENESTARE;ASPEN PHARMA INDÚSTRIA FARMACÊUTICA LTDA;02.433.631/0001-20;4567471229;17/08/2022;TODAS
FERTNON;CIFARMA CIENTÍFICA FARMACÊUTICA LTDA;17.562.075/0001-69;0747668256;03/06/2025;TODAS
Roxetin;CRISTÁLIA PRODUTOS QUÍMICOS FARMACÊUTICOS LTDA.;44.734.671/0001-51;0767072251;06/06/2025;TODAS
UNIFLU;UNIÃO QUÍMICA FARMACÊUTICA NACIONAL S/A;60.665.981/0001-18;0365912255;18/03/2025;TODAS
Monboc;EMS S/A;57.507.378/0003-65;1357010249;02/10/2024;TODAS
OPONAP®;Camber Farmaceutica Ltda;24.633.934/0001-29;0163006253;05/02/2025;TODAS
VIZURIA;EXELTIS LABORATORIO FARMACEUTICO LTDA;19.136.432/0001-52;1632192241;28/11/2024;TODAS
VOLIG;LEGRAND PHARMA INDÚSTRIA FARMACÊUTICA LTDA;05.044.984/0001-26;0122545257;28/01/2025;TODAS
mesilato de imatinibe;SUN FARMACÊUTICA DO BRASIL LTDA;05.035.244/0001-23;0844554251;27/06/2025;TODAS
SNIF 3%;EUROFARMA LABORATÓRIOS S.A.;61.190.096/0001-92;1526942216;21/04/2021;TODAS
cloridrato de dexmedetomidina;SANVAL COMERCIO E INDUSTRIA LTDA;61.068.755/0007-08;1740398246;20/12/2024;TODAS
MELLERIL;MEDQUIMICA INDUSTRIA FARMACEUTICA LTDA.;17.875.154/0001-20;0575291231;06/06/2023;TODAS
BACROCIN;MEDQUIMICA INDUSTRIA FARMACEUTICA LTDA.;17.875.154/0001-20;0451782232;05/05/2023;TODAS
EZHYUM;BRAINFARMA INDÚSTRIA QUÍMICA E FARMACÊUTICA S.A;05.161.069/0001-10;1737623242;19/12/2024;TODAS
AILUK;GLENMARK FARMACÊUTICA LTDA;44.363.661/0001-57;0737305258;30/05/2025;TODAS
MIRADOR CÓLICA;BRAINFARMA INDÚSTRIA QUÍMICA E FARMACÊUTICA S.A;05.161.069/0001-10;0710693231;11/07/2023;TODAS
axetilcefuroxima;LABORATÓRIO TEUTO BRASILEIRO S/A;17.159.229/0001-76;0882230247;27/06/2024;TODAS
TOTTI SL;ACHÉ LABORATÓRIOS FARMACÊUTICOS S.A;60.659.463/0029-92;0397085231;20/04/2023;TODAS
XANEV;VIATRIS FARMACEUTICA DO BRASIL LTDA;11.643.096/0001-22;0099303256;23/01/2025;TODAS
captopril;INSTITUTO BIOCHIMICO INDÚSTRIA FARMACÊUTICA LTDA;33.258.401/0001-03;1117080251;19/08/2025;TODAS
FEMINIQUE 30;ACHÉ LABORATÓRIOS FARMACÊUTICOS S.A;60.659.463/0029-92;0165610255;06/02/2025;TODAS
ibuprofeno;COLBRÁS INDÚSTRIA E COMÉRCIO LTDA;00.413.925/0001-64;0438915259;31/03/2025;TODAS
succinato de solifenacina;MULTILAB INDUSTRIA E COMERCIO DE PRODUTOS FARMACEUTICOS LTDA;92.265.552/0009-05;0571381251;28/04/2025;TODAS
piperacilina sódica + tazobactam sódico;EUGIA PHARMA INDUSTRIA FARMACEUTICA LTDA;44.639.493/0001-80;1326400240;26/09/2024;TODAS
cloridrato de paroxetina;INSTITUTO BIOCHIMICO INDÚSTRIA FARMACÊUTICA LTDA;33.258.401/0001-03;1026202256;11/08/2025;TODAS
benzilpenicilina benzatina;EUROFARMA LABORATÓRIOS S.A.;61.190.096/0001-92;0871325250;03/07/2025;TODAS
DORALGINA;BRAINFARMA INDÚSTRIA QUÍMICA E FARMACÊUTICA S.A;05.161.069/0001-10;0068535244;18/01/2024;TODAS
REZZAYO;MUNDIPHARMA BRASIL PRODUTOS MÉDICOS E FARMACÊUTICOS LTDA;15.127.898/0001-30;1742502245;20/12/2024;TODAS
COMFECT;ACHÉ LABORATÓRIOS FARMACÊUTICOS S.A;60.659.463/0029-92;0706658256;26/05/2025;TODAS
IVECTE;VITAMEDIC INDUSTRIA FARMACEUTICA LTDA;30.222.814/0001-31;0235252255;19/02/2025;TODAS
tosilato de sorafenibe;ACCORD FARMACÊUTICA LTDA;64.171.697/0001-46;0647526247;15/05/2024;TODAS
SONRIDOR CAF;PF Consumer Healthcare Brazil Importadora e Distribuidora de Medicamentos Ltda;30.872.270/0001-53;0376761237;14/04/2023;TODAS
LEPS ER;TORRENT DO BRASIL LTDA;33.078.528/0001-32;0191978256;11/02/2025;TODAS
risperidona;MULTILAB INDUSTRIA E COMERCIO DE PRODUTOS FARMACEUTICOS LTDA;92.265.552/0009-05;0121761258;28/01/2025;TODAS
levotiroxina sódica;MERCK S/A;33.069.212/0001-84;1681040247;09/12/2024;TODAS
Hipovit B;HIPOLABOR FARMACEUTICA LTDA;19.570.720/0001-10;1457691248;23/10/2024;TODAS
VALERIANA LABORATÓRIOS OSÓRIO DE MORAES;LABORATÓRIOS OSÓRIO DE MORAES LTDA;19.791.813/0001-75;0445414251;01/04/2025;TODAS
amoxicilina triidratada;MULTILAB INDUSTRIA E COMERCIO DE PRODUTOS FARMACEUTICOS LTDA;92.265.552/0009-05;0966995252;24/07/2025;TODAS
valsartana + hidroclorotiazida;MULTILAB INDUSTRIA E COMERCIO DE PRODUTOS FARMACEUTICOS LTDA;92.265.552/0009-05;0001803255;02/01/2025;TODAS
LIPISTATINA;MULTILAB INDUSTRIA E COMERCIO DE PRODUTOS FARMACEUTICOS LTDA;92.265.552/0009-05;0977358259;28/07/2025;TODAS
ORLIBESI;MULTILAB INDUSTRIA E COMERCIO DE PRODUTOS FARMACEUTICOS LTDA;92.265.552/0009-05;0563752246;29/04/2024;TODAS
Propionato de clobetasol;MULTILAB INDUSTRIA E COMERCIO DE PRODUTOS FARMACEUTICOS LTDA;92.265.552/0009-05;0081125259;20/01/2025;TODAS
COMBIWAVE;GLENMARK FARMACÊUTICA LTDA;44.363.661/0001-57;0455167249;10/04/2024;TODAS
CATAFLAMPRO;PF Consumer Healthcare Brazil Importadora e Distribuidora de Medicamentos Ltda;30.872.270/0001-53;0579594254;29/04/2025;TODAS
NEVRALGEX DC;CIMED INDUSTRIA S.A;02.814.497/0001-07;1397186232;08/12/2023;TODAS
Niflag;MULTILAB INDUSTRIA E COMERCIO DE PRODUTOS FARMACEUTICOS LTDA;92.265.552/0009-05;0755873254;04/06/2025;TODAS
KAODINE;GEOLAB INDÚSTRIA FARMACÊUTICA S/A;03.485.572/0001-04;0969737238;13/09/2023;TODAS
levetiracetam;TORRENT DO BRASIL LTDA;33.078.528/0001-32;0088729249;24/01/2024;TODAS
NISTATINA + ÓXIDO DE ZINCO;MULTILAB INDUSTRIA E COMERCIO DE PRODUTOS FARMACEUTICOS LTDA;92.265.552/0009-05;1707113246;13/12/2024;TODAS
XAGLUSEF;DR. REDDYS FARMACÊUTICA DO BRASIL LTDA;03.978.166/0001-75;0532115252;17/04/2025;TODAS
OLANEXYN;ACHÉ LABORATÓRIOS FARMACÊUTICOS S.A;60.659.463/0029-92;0416738257;27/03/2025;TODAS
cloridrato de ciprofloxacino;MULTILAB INDUSTRIA E COMERCIO DE PRODUTOS FARMACEUTICOS LTDA;92.265.552/0009-05;0371474256;19/03/2025;TODAS
hemifumarato de bisoprolol;MULTILAB INDUSTRIA E COMERCIO DE PRODUTOS FARMACEUTICOS LTDA;92.265.552/0009-05;0966395255;24/07/2025;TODAS
acetato de abiraterona;GLENMARK FARMACÊUTICA LTDA;44.363.661/0001-57;1582239240;19/11/2024;TODAS
TERZA;EUROFARMA LABORATÓRIOS S.A.;61.190.096/0001-92;0999310259;01/08/2025;TODAS
VEVASO;MULTILAB INDUSTRIA E COMERCIO DE PRODUTOS FARMACEUTICOS LTDA;92.265.552/0009-05;4698356229;15/09/2022;TODAS
SOANZA XR;ACHÉ LABORATÓRIOS FARMACÊUTICOS S.A;60.659.463/0029-92;7287513218;16/12/2021;TODAS
acetato de icatibanto;CIPLA BRASIL IMPORTADORA E DISTRIBUIDORA DE MEDICAMENTOS LTDA;18.268.051/0001-64;0835372251;25/06/2025;TODAS
EPAREMA;COSMED INDUSTRIA DE COSMETICOS E MEDICAMENTOS S.A.;61.082.426/0002-07;0232873232;08/03/2023;TODAS
BIVOLET;BIOLAB SANUS FARMACÊUTICA LTDA;49.475.833/0001-06;1144399254;26/08/2025;TODAS
TEPEV FF;EMS S/A;57.507.378/0003-65;1333135238;28/11/2023;TODAS
vildagliptina;BRAINFARMA INDÚSTRIA QUÍMICA E FARMACÊUTICA S.A;05.161.069/0001-10;1194224253;09/09/2025;TODAS
PROMETAZOL;HIPOLABOR FARMACEUTICA LTDA;19.570.720/0001-10;1476687242;28/10/2024;TODAS
PIVAST;EUROFARMA LABORATÓRIOS S.A.;61.190.096/0001-92;0428330258;28/03/2025;TODAS
CORTITOP;MULTILAB INDUSTRIA E COMERCIO DE PRODUTOS FARMACEUTICOS LTDA;92.265.552/0009-05;0365191256;18/03/2025;TODAS
NUANCE;EUROFARMA LABORATÓRIOS S.A.;61.190.096/0001-92;1655613243;04/12/2024;TODAS
DARVYR;CRISTÁLIA PRODUTOS QUÍMICOS FARMACÊUTICOS LTDA.;44.734.671/0001-51;0630864250;09/05/2025;TODAS
KOSELUGO;ASTRAZENECA DO BRASIL LTDA;60.318.797/0001-00;0985180251;30/07/2025;TODAS
TENSALIV;BRAINFARMA INDÚSTRIA QUÍMICA E FARMACÊUTICA S.A;05.161.069/0001-10;1443957241;21/10/2024;TODAS
VABYSMO;PRODUTOS ROCHE QUÍMICOS E FARMACÊUTICOS S.A.;33.009.945/0001-23;0773819258;09/06/2025;TODAS
Vivencia Patch;ACHÉ LABORATÓRIOS FARMACÊUTICOS S.A;60.659.463/0029-92;1020301252;08/08/2025;TODAS
losartana potássica;RANBAXY FARMACÊUTICA LTDA;73.663.650/0001-90;1118792201;13/04/2020;TODAS
sugamadex sódico;BLAU FARMACÊUTICA S.A.;58.430.828/0001-60;7071721211;15/12/2021;TODAS
docetaxel;BLAU FARMACÊUTICA S.A.;58.430.828/0001-60;0421231254;27/03/2025;TODAS
sulfato de polimixina B;BLAU FARMACÊUTICA S.A.;58.430.828/0001-60;0488072255;09/04/2025;TODAS
Cloridrato de tramadol + paracetamol;BRAINFARMA INDÚSTRIA QUÍMICA E FARMACÊUTICA S.A;05.161.069/0001-10;1165799235;25/10/2023;TODAS
ALPES XL;SUPERA FARMA LABORATÓRIOS S.A;43.312.503/0001-05;1084955253;15/08/2025;TODAS
cloridrato de bupropiona;EUROFARMA LABORATÓRIOS S.A.;61.190.096/0001-92;1008544256;05/08/2025;TODAS
cetoprofeno;UNIÃO QUÍMICA FARMACÊUTICA NACIONAL S/A;60.665.981/0001-18;1578564247;18/11/2024;TODAS
fosfato dissódico de betametasona + dipropionato de betametasona;UNIÃO QUÍMICA FARMACÊUTICA NACIONAL S/A;60.665.981/0001-18;0466508255;04/04/2025;TODAS
ROCAB;EMS S/A;57.507.378/0003-65;4876893225;27/10/2022;TODAS
VALIUM;BELFAR LTDA;18.324.343/0001-77;0693017252;23/05/2025;TODAS
ONCILEG CORT;LEGRAND PHARMA INDÚSTRIA FARMACÊUTICA LTDA;05.044.984/0001-26;0086253239;27/01/2023;TODAS
ACALMILFITO;MULTILAB INDUSTRIA E COMERCIO DE PRODUTOS FARMACEUTICOS LTDA;92.265.552/0009-05;3377925210;27/08/2021;TODAS
MELIK;ACHÉ LABORATÓRIOS FARMACÊUTICOS S.A;60.659.463/0029-92;0281588236;21/03/2023;TODAS
succinato de desvenlafaxina monoidratado;PHARLAB INDÚSTRIA FARMACÊUTICA S.A.;02.501.297/0001-02;0284682250;28/02/2025;TODAS
VENALOT;COSMED INDUSTRIA DE COSMETICOS E MEDICAMENTOS S.A.;61.082.426/0002-07;3537769211;08/09/2021;TODAS
NOVOTRAM PAR;COSMED INDUSTRIA DE COSMETICOS E MEDICAMENTOS S.A.;61.082.426/0002-07;1165794233;25/10/2023;TODAS
BUSCOFEM;COSMED INDUSTRIA DE COSMETICOS E MEDICAMENTOS S.A.;61.082.426/0002-07;0759879231;21/07/2023;TODAS
XENPOZYME;SANOFI MEDLEY FARMACÊUTICA LTDA.;10.588.595/0010-92;0664566251;16/05/2025;TODAS
VITAMINA D3;UNIÃO QUÍMICA FARMACÊUTICA NACIONAL S/A;60.665.981/0001-18;0511461241;22/04/2024;TODAS
FAMOX;ACHÉ LABORATÓRIOS FARMACÊUTICOS S.A;60.659.463/0029-92;0384953247;27/03/2024;TODAS
micafungina sódica;ACCORD FARMACÊUTICA LTDA;64.171.697/0001-46;0941918254;21/07/2025;TODAS
trometamol cetorolaco;Althaia S.A Indústria Farmacêutica;48.344.725/0007-19;1126926256;21/08/2025;TODAS
BEDOZE;EUROFARMA LABORATÓRIOS S.A.;61.190.096/0001-92;0081295235;26/01/2023;TODAS
EMGALITY;LIBBS FARMACÊUTICA LTDA;61.230.314/0001-75;0014225247;05/01/2024;TODAS
COLPOTROFINE;FARMA VISION IMPORTAÇÃO E EXPORTAÇÃO DE MEDICAMENTOS LTDA;09.058.502/0001-48;0273482246;06/03/2024;TODAS
EZETIMIBA;MULTILAB INDUSTRIA E COMERCIO DE PRODUTOS FARMACEUTICOS LTDA;92.265.552/0009-05;1042557250;12/08/2025;TODAS
dipirona monoidratada;MULTILAB INDUSTRIA E COMERCIO DE PRODUTOS FARMACEUTICOS LTDA;92.265.552/0009-05;0443896259;01/04/2025;TODAS
itraconazol;LEGRAND PHARMA INDÚSTRIA FARMACÊUTICA LTDA;05.044.984/0001-26;0060105259;15/01/2025;TODAS
rivaroxabana;MEDQUIMICA INDUSTRIA FARMACEUTICA LTDA.;17.875.154/0001-20;0915945258;14/07/2025;TODAS
TODOC;LEGRAND PHARMA INDÚSTRIA FARMACÊUTICA LTDA;05.044.984/0001-26;0845491253;27/06/2025;TODAS
MEZP;CRISTÁLIA PRODUTOS QUÍMICOS FARMACÊUTICOS LTDA.;44.734.671/0001-51;1331772215;07/04/2021;TODAS
TRIPLENEX;ALLERGAN PRODUTOS FARMACÊUTICOS LTDA;43.426.626/0001-77;0199484236;28/02/2023;TODAS
acetilcisteína;LEGRAND PHARMA INDÚSTRIA FARMACÊUTICA LTDA;05.044.984/0001-26;0709834250;26/05/2025;TODAS
DORALGINA DIPCAF;BRAINFARMA INDÚSTRIA QUÍMICA E FARMACÊUTICA S.A;05.161.069/0001-10;4193021205;27/11/2020;TODAS
DULCOLAX;OPELLA HEALTHCARE BRAZIL LTDA;38.391.432/0001-43;0535778252;22/04/2025;TODAS
oxcarbazepina;UNIÃO QUÍMICA FARMACÊUTICA NACIONAL S/A;60.665.981/0001-18;0640580254;12/05/2025;TODAS
pantoprazol sódico sesqui-hidratado;MEDQUIMICA INDUSTRIA FARMACEUTICA LTDA.;17.875.154/0001-20;1111382255;18/08/2025;TODAS
fosaprepitanto dimeglumina;DR. REDDYS FARMACÊUTICA DO BRASIL LTDA;03.978.166/0001-75;0747203253;03/06/2025;TODAS
AXIFLENNID;HALEX ISTAR INDÚSTRIA FARMACÊUTICA SA;01.571.702/0001-98;1162537256;01/09/2025;TODAS
EVOMID;FARMARIN INDUSTRIA E COMERCIO LTDA;58.635.830/0001-75;1200802218;29/03/2021;TODAS
Besilato de cisatracúrio;VOLPHARMA DISTRIBUIDORA DE PRODUTOS HOSPITALARES E FARMACÊUTICOS LTDA;14.665.928/0001-08;0521837183;29/06/2018;TODAS
FACOBA®;LEGRAND PHARMA INDÚSTRIA FARMACÊUTICA LTDA;05.044.984/0001-26;0997638257;01/08/2025;TODAS
EVOLOX;FARMARIN INDUSTRIA E COMERCIO LTDA;58.635.830/0001-75;1135235244;19/08/2024;TODAS
TYLEX;CELLERA FARMACÊUTICA S.A.;33.173.097/0002-74;0483978256;08/04/2025;TODAS
DEX;CRISTÁLIA PRODUTOS QUÍMICOS FARMACÊUTICOS LTDA.;44.734.671/0001-51;1473874246;25/10/2024;TODAS
tacrolimo;EMS S/A;57.507.378/0003-65;1200532252;10/09/2025;TODAS
DUGAR;EUROFARMA LABORATÓRIOS S.A.;61.190.096/0001-92;0436996251;31/03/2025;TODAS
Uno-Ciclo;UNIÃO QUÍMICA FARMACÊUTICA NACIONAL S/A;60.665.981/0001-18;4339115200;08/12/2020;TODAS
DOSS;BIOLAB SANUS FARMACÊUTICA LTDA;49.475.833/0001-06;4774506222;03/10/2022;TODAS
CLORIDRATO DE TANSULOSINA;LEGRAND PHARMA INDÚSTRIA FARMACÊUTICA LTDA;05.044.984/0001-26;0862763258;01/07/2025;TODAS
CIPROBACTER;HALEX ISTAR INDÚSTRIA FARMACÊUTICA SA;01.571.702/0001-98;4239272220;01/06/2022;TODAS
EVOTABINA;FARMARIN INDUSTRIA E COMERCIO LTDA;58.635.830/0001-75;0953409181;02/10/2018;TODAS
EVOTECAN;FARMARIN INDUSTRIA E COMERCIO LTDA;58.635.830/0001-75;0403404190;07/05/2019;TODAS
MEVA;LEGRAND PHARMA INDÚSTRIA FARMACÊUTICA LTDA;05.044.984/0001-26;1100574247;12/08/2024;TODAS
ARIPIPRAZOL;BRAINFARMA INDÚSTRIA QUÍMICA E FARMACÊUTICA S.A;05.161.069/0001-10;1192526236;31/10/2023;TODAS
bromoprida;NATIVITA IND. COM. LTDA.;65.271.900/0001-19;0798471221;02/03/2022;TODAS
Anastrozol;SANDOZ DO BRASIL INDÚSTRIA FARMACÊUTICA LTDA;61.286.647/0001-16;1263703241;13/09/2024;TODAS
Micend;LABORATÓRIO QUÍMICO FARMACÊUTICO BERGAMO LTDA;61.282.661/0001-41;1152866257;28/08/2025;TODAS
GINO-CANESTEN;BAYER S.A.;18.459.628/0001-15;1655550241;04/12/2024;TODAS
HORMUS;EUROFARMA LABORATÓRIOS S.A.;61.190.096/0001-92;1163449253;01/09/2025;TODAS
risedronato sódico;EUROFARMA LABORATÓRIOS S.A.;61.190.096/0001-92;4143517206;24/11/2020;TODAS
ticagrelor;LEGRAND PHARMA INDÚSTRIA FARMACÊUTICA LTDA;05.044.984/0001-26;1138044253;25/08/2025;TODAS
GRAN-D;CRISTÁLIA PRODUTOS QUÍMICOS FARMACÊUTICOS LTDA.;44.734.671/0001-51;1497506218;19/04/2021;TODAS
amoxicilina tri-hidratada + clavulanato de potássio;NOVARTIS BIOCIENCIAS S.A;56.994.502/0001-30;0242083242;28/02/2024;TODAS
cloridrato de dexmedetomidina;EUROFARMA LABORATÓRIOS S.A.;61.190.096/0001-92;1324519240;26/09/2024;TODAS
mesalazina;ZYDUS NIKKHO FARMACÊUTICA LTDA;05.254.971/0001-81;0528290231;24/05/2023;TODAS
meloxicam;PHARLAB INDÚSTRIA FARMACÊUTICA S.A.;02.501.297/0001-02;1022068253;08/08/2025;TODAS
Ternasil;LABORATÓRIO TEUTO BRASILEIRO S/A;17.159.229/0001-76;0764383217;26/02/2021;TODAS
DURATOCIN;LABORATÓRIOS FERRING LTDA;74.232.034/0001-48;0249275244;29/02/2024;TODAS
cloridrato de ambroxol;LABORATÓRIO GLOBO SA;17.115.437/0001-73;0825837251;23/06/2025;TODAS
ADORLAN;GRÜNENTHAL DO BRASIL FARMACÊUTICA LTDA.;10.555.143/0001-13;1514128241;04/11/2024;TODAS
fulvestranto;DR. REDDYS FARMACÊUTICA DO BRASIL LTDA;03.978.166/0001-75;0677783256;20/05/2025;TODAS
AIPRI;COSMED INDUSTRIA DE COSMETICOS E MEDICAMENTOS S.A.;61.082.426/0002-07;1192385233;31/10/2023;TODAS
AUSTEDO;TEVA FARMACÊUTICA LTDA.;05.333.542/0001-08;1604106247;22/11/2024;TODAS
CETAZIMA;FRESENIUS KABI BRASIL LTDA;49.324.221/0001-04;1393285244;10/10/2024;TODAS
FIRAZYR;TAKEDA PHARMA LTDA.;60.397.775/0001-74;1354413237;30/11/2023;TODAS
captopril;MULTILAB INDUSTRIA E COMERCIO DE PRODUTOS FARMACEUTICOS LTDA;92.265.552/0009-05;0652771254;14/05/2025;TODAS
imipenem + cilastatina sódica;FRESENIUS KABI BRASIL LTDA;49.324.221/0001-04;1412773213;13/04/2021;TODAS
succinato de desvenlafaxina;LABORATÓRIO TEUTO BRASILEIRO S/A;17.159.229/0001-76;0750101253;03/06/2025;TODAS
PRUROK;LEGRAND PHARMA INDÚSTRIA FARMACÊUTICA LTDA;05.044.984/0001-26;0838569251;26/06/2025;TODAS
BRAVAN DUO;ACHÉ LABORATÓRIOS FARMACÊUTICOS S.A;60.659.463/0029-92;0193807254;11/02/2025;TODAS
IVB - INSULINA ISOFANA NPH;INSTITUTO VITAL BRAZIL S/A;30.064.034/0001-00;2250123191;24/09/2019;TODAS
Dozemast;MARJAN INDÚSTRIA E COMÉRCIO LTDA;60.726.692/0001-81;0309328250;07/03/2025;TODAS
linezolida;DR. REDDYS FARMACÊUTICA DO BRASIL LTDA;03.978.166/0001-75;0153933259;04/02/2025;TODAS
SELIT;OPEM REPRESENTAÇÃO IMPORTADORA EXPORTADORA E DISTRIBUIDORA LTDA;38.909.503/0001-57;2361580217;18/06/2021;TODAS
cloridrato de nortriptilina;CELLERA FARMACÊUTICA S.A.;33.173.097/0002-74;1493761242;30/10/2024;TODAS
TENOXICAM;CIFARMA CIENTÍFICA FARMACÊUTICA LTDA;17.562.075/0001-69;0675295254;20/05/2025;TODAS
acetato de dexametasona;MULTILAB INDUSTRIA E COMERCIO DE PRODUTOS FARMACEUTICOS LTDA;92.265.552/0009-05;4805883227;11/10/2022;TODAS
NESINA PIO;COSMED INDUSTRIA DE COSMETICOS E MEDICAMENTOS S.A.;61.082.426/0002-07;2941915214;28/07/2021;TODAS
maleato de dexclorfeniramina;1FARMA INDUSTRIA FARMACEUTICA LTDA;48.113.906/0001-49;4633938223;31/08/2022;TODAS
DIXIL;EUROFARMA LABORATÓRIOS S.A.;61.190.096/0001-92;0037282255;10/01/2025;TODAS
DBRIZ;SUPERA FARMA LABORATÓRIOS S.A;43.312.503/0001-05;0104660252;24/01/2025;TODAS
FLUXON;BRAINFARMA INDÚSTRIA QUÍMICA E FARMACÊUTICA S.A;05.161.069/0001-10;1175164259;03/09/2025;TODAS
RUVA;EUROFARMA LABORATÓRIOS S.A.;61.190.096/0001-92;1066335257;14/08/2025;TODAS
LIPNEO;BRAINFARMA INDÚSTRIA QUÍMICA E FARMACÊUTICA S.A;05.161.069/0001-10;0948684214;11/03/2021;TODAS
amoxicilina + clavulanato de potássio;BEKER PRODUTOS FÁRMACO HOSPITALARES LTDA;47.231.121/0001-08;0311240241;13/03/2024;TODAS
LEUX;CRISTÁLIA PRODUTOS QUÍMICOS FARMACÊUTICOS LTDA.;44.734.671/0001-51;0615661254;07/05/2025;TODAS
cloridrato de trazodona;BRAINFARMA INDÚSTRIA QUÍMICA E FARMACÊUTICA S.A;05.161.069/0001-10;1372443240;07/10/2024;TODAS
H.BACTER;CIFARMA CIENTÍFICA FARMACÊUTICA LTDA;17.562.075/0001-69;0648616258;14/05/2025;TODAS
cloridrato de memantina;NOVARTIS BIOCIENCIAS S.A;56.994.502/0001-30;4325993223;22/06/2022;TODAS
ezetimiba + sinvastatina;BRAINFARMA INDÚSTRIA QUÍMICA E FARMACÊUTICA S.A;05.161.069/0001-10;1153076250;28/08/2025;TODAS
levonorgestrel + etinilestradiol;BIOLAB SANUS FARMACÊUTICA LTDA;49.475.833/0001-06;1113197242;14/08/2024;TODAS
M-LIX;COSMED INDUSTRIA DE COSMETICOS E MEDICAMENTOS S.A.;61.082.426/0002-07;1090176252;15/08/2025;TODAS
CINETOL;CRISTÁLIA PRODUTOS QUÍMICOS FARMACÊUTICOS LTDA.;44.734.671/0001-51;1467011240;24/10/2024;TODAS
Evenity;AMGEN BIOTECNOLOGIA DO BRASIL LTDA.;18.774.815/0001-93;0412449242;03/04/2024;TODAS
AMENIFLAC;LABORATORIOS B. BRAUN S/A;31.673.254/0001-02;0221999248;26/02/2024;TODAS
KOLI D3;EMS SIGMA PHARMA LTDA;00.923.140/0001-31;0789033241;12/06/2024;TODAS
IBAN;EUROFARMA LABORATÓRIOS S.A.;61.190.096/0001-92;0410647233;25/04/2023;TODAS
FUCIDIN;LEO PHARMA LTDA;11.424.477/0001-10;0280739249;07/03/2024;TODAS
hemitartarato de zolpidem;BRAINFARMA INDÚSTRIA QUÍMICA E FARMACÊUTICA S.A;05.161.069/0001-10;1653802243;03/12/2024;TODAS
LUNE SL;COSMED INDUSTRIA DE COSMETICOS E MEDICAMENTOS S.A.;61.082.426/0002-07;0152185232;14/02/2023;TODAS
ZYLINOX SL;ZYDUS NIKKHO FARMACÊUTICA LTDA;05.254.971/0001-81;0617033251;07/05/2025;TODAS
cetoprofeno;SANOFI MEDLEY FARMACÊUTICA LTDA.;10.588.595/0010-92;1053045255;13/08/2025;TODAS
isotretinoína;MULTILAB INDUSTRIA E COMERCIO DE PRODUTOS FARMACEUTICOS LTDA;92.265.552/0009-05;0357803248;22/03/2024;TODAS
IVB - INSULINA HUMANA R;INSTITUTO VITAL BRAZIL S/A;30.064.034/0001-00;2256854199;25/09/2019;TODAS
cloridrato de moxifloxacino;BEKER PRODUTOS FÁRMACO HOSPITALARES LTDA;47.231.121/0001-08;0919073247;05/07/2024;TODAS
cloridrato de memantina;EMS S/A;57.507.378/0003-65;0297948237;24/03/2023;TODAS
secnidazol;VITAMEDIC INDUSTRIA FARMACEUTICA LTDA;30.222.814/0001-31;0349844259;14/03/2025;TODAS
succinato de solifenacina;BIOLAB SANUS FARMACÊUTICA LTDA;49.475.833/0001-06;1021474258;08/08/2025;TODAS
PLUVICTO;NOVARTIS BIOCIENCIAS S.A;56.994.502/0001-30;0806103256;17/06/2025;TODAS
cloridrato de valaciclovir;EUROFARMA LABORATÓRIOS S.A.;61.190.096/0001-92;0254988253;24/02/2025;TODAS
tobramicina;MULTILAB INDUSTRIA E COMERCIO DE PRODUTOS FARMACEUTICOS LTDA;92.265.552/0009-05;0906886252;10/07/2025;TODAS
aciclovir;MULTILAB INDUSTRIA E COMERCIO DE PRODUTOS FARMACEUTICOS LTDA;92.265.552/0009-05;0040541258;10/01/2025;TODAS
ESPASMOPAN COMPOSTO;UNIÃO QUÍMICA FARMACÊUTICA NACIONAL S/A;60.665.981/0001-18;1241607249;10/09/2024;TODAS
Xô! Pós Picada;CIMED INDUSTRIA S.A;02.814.497/0001-07;0651818231;26/06/2023;TODAS
MICPURE;APSEN FARMACEUTICA S/A;62.462.015/0001-29;1648158242;03/12/2024;TODAS
HISCONGEX;BRAINFARMA INDÚSTRIA QUÍMICA E FARMACÊUTICA S.A;05.161.069/0001-10;0550743251;24/04/2025;TODAS
besilato de anlodipino;INSTITUTO BIOCHIMICO INDÚSTRIA FARMACÊUTICA LTDA;33.258.401/0001-03;0857892258;30/06/2025;TODAS
LIMBITROL;MEDQUIMICA INDUSTRIA FARMACEUTICA LTDA.;17.875.154/0001-20;0846576252;27/06/2025;TODAS
hemifumarato de bisoprolol;GERMED FARMACEUTICA LTDA;45.992.062/0001-65;0966423259;24/07/2025;TODAS
agomelatina;TEVA FARMACÊUTICA LTDA.;05.333.542/0001-08;0571110240;30/04/2024;TODAS
bromidrato de citalopram;MULTILAB INDUSTRIA E COMERCIO DE PRODUTOS FARMACEUTICOS LTDA;92.265.552/0009-05;0333524233;03/04/2023;TODAS
RESSALIVDOR;1FARMA INDUSTRIA FARMACEUTICA LTDA;48.113.906/0001-49;1203675232;02/11/2023;TODAS
TIBSOVO;LABORATÓRIOS SERVIER DO BRASIL LTDA;42.374.207/0001-76;1122791259;20/08/2025;TODAS
cloridrato de bendamustina;NATCOFARMA DO BRASIL LTDA;08.157.293/0001-27;0588135241;03/05/2024;TODAS
cloridrato de dorzolamida + maleato de timolol;MULTILAB INDUSTRIA E COMERCIO DE PRODUTOS FARMACEUTICOS LTDA;92.265.552/0009-05;1188247255;08/09/2025;TODAS
TIMB;EUROFARMA LABORATÓRIOS S.A.;61.190.096/0001-92;0920927254;15/07/2025;TODAS
orlistate;MULTILAB INDUSTRIA E COMERCIO DE PRODUTOS FARMACEUTICOS LTDA;92.265.552/0009-05;0563697245;29/04/2024;TODAS
LORITIL;GEOLAB INDÚSTRIA FARMACÊUTICA S/A;03.485.572/0001-04;1764292243;27/12/2024;TODAS
FLEXSPORT;CRISTÁLIA PRODUTOS QUÍMICOS FARMACÊUTICOS LTDA.;44.734.671/0001-51;0523196237;23/05/2023;TODAS
MULTIPIRAL;MULTILAB INDUSTRIA E COMERCIO DE PRODUTOS FARMACEUTICOS LTDA;92.265.552/0009-05;0508779251;14/04/2025;TODAS
REDUCOFEN;MULTILAB INDUSTRIA E COMERCIO DE PRODUTOS FARMACEUTICOS LTDA;92.265.552/0009-05;0244520259;20/02/2025;TODAS
VENOXIDE;ACHÉ LABORATÓRIOS FARMACÊUTICOS S.A;60.659.463/0029-92;1176666258;04/09/2025;TODAS
HIDANTAL;COSMED INDUSTRIA DE COSMETICOS E MEDICAMENTOS S.A.;61.082.426/0002-07;1116753251;19/08/2025;TODAS
RESOLOR;Laboratórios Bagó do Brasil S/A;04.748.181/0009-47;1247962245;11/09/2024;TODAS
dicloridrato de hidroxizina;MULTILAB INDUSTRIA E COMERCIO DE PRODUTOS FARMACEUTICOS LTDA;92.265.552/0009-05;0857850253;30/06/2025;TODAS
PAXLOVID;PFIZER BRASIL LTDA;61.072.393/0001-33;1038929253;12/08/2025;TODAS
hemifumarato de quetiapina;INSTITUTO BIOCHIMICO INDÚSTRIA FARMACÊUTICA LTDA;33.258.401/0001-03;0848863259;28/06/2025;TODAS
BISOLVON;OPELLA HEALTHCARE BRAZIL LTDA;38.391.432/0001-43;0762862254;05/06/2025;TODAS
cloridrato de propranolol;VITAMEDIC INDUSTRIA FARMACEUTICA LTDA;30.222.814/0001-31;0538175257;22/04/2025;TODAS
hemifumarato de quetiapina;MULTILAB INDUSTRIA E COMERCIO DE PRODUTOS FARMACEUTICOS LTDA;92.265.552/0009-05;1006910255;05/08/2025;TODAS
LETHOZY;BLAU FARMACÊUTICA S.A.;58.430.828/0001-60;1688730249;10/12/2024;TODAS
REVIPEL;UNIÃO QUÍMICA FARMACÊUTICA NACIONAL S/A;60.665.981/0001-18;0608228257;06/05/2025;TODAS
SOLAQUIN;MEDQUIMICA INDUSTRIA FARMACEUTICA LTDA.;17.875.154/0001-20;0844981257;27/06/2025;TODAS
TITENIL;GEOLAB INDÚSTRIA FARMACÊUTICA S/A;03.485.572/0001-04;0684730251;21/05/2025;TODAS
trometamol cetorolaco;UNIÃO QUÍMICA FARMACÊUTICA NACIONAL S/A;60.665.981/0001-18;1325151246;26/09/2024;TODAS
RENAPRIL;VITAMEDIC INDUSTRIA FARMACEUTICA LTDA;30.222.814/0001-31;0986998257;30/07/2025;TODAS
SIRDALUD;SANDOZ DO BRASIL INDÚSTRIA FARMACÊUTICA LTDA;61.286.647/0001-16;0012328243;04/01/2024;TODAS
HISCONGEX;BRAINFARMA INDÚSTRIA QUÍMICA E FARMACÊUTICA S.A;05.161.069/0001-10;0572106254;28/04/2025;TODAS
cloridrato de metoclopramida;AIRELA INDÚSTRIA FARMACÊUTICA LTDA.;01.858.973/0001-29;0982253249;18/07/2024;TODAS
TYLENOL;KENVUE LTDA.;59.748.988/0001-14;0461586240;11/04/2024;TODAS
CLORETO DE SÓDIO 0,9%;FARMA VISION IMPORTAÇÃO E EXPORTAÇÃO DE MEDICAMENTOS LTDA;09.058.502/0001-48;1308499230;23/11/2023;TODAS
cloridrato de tramadol + paracetamol;MCG INDUSTRIA FARMACEUTICA E IMPORTAÇAO LTDA;18.755.529/0001-80;0645105252;13/05/2025;TODAS
FUNED INSULINA R;FUNDAÇÃO EZEQUIEL DIAS - FUNED;17.503.475/0001-01;1142426254;26/08/2025;TODAS
BIOLME H;BIOLAB SANUS FARMACÊUTICA LTDA;49.475.833/0001-06;0918116252;15/07/2025;TODAS
MADUN;PRATI DONADUZZI & CIA LTDA;73.856.593/0001-66;0825579252;23/06/2025;TODAS
cloridrato de donepezila;MCG INDUSTRIA FARMACEUTICA E IMPORTAÇAO LTDA;18.755.529/0001-80;0643753257;13/05/2025;TODAS
EVORTIA;COSMED INDUSTRIA DE COSMETICOS E MEDICAMENTOS S.A.;61.082.426/0002-07;1019933241;25/07/2024;TODAS
etoricoxibe;LABORATÓRIO GLOBO SA;17.115.437/0001-73;1148050256;27/08/2025;TODAS
NISVO;PRATI DONADUZZI & CIA LTDA;73.856.593/0001-66;0808315251;17/06/2025;TODAS
VYLOY;ASTELLAS FARMA BRASIL IMPORTAÇÃO E DISTRIBUIÇÃO DE MEDICAMENTOS LTDA.;07.768.134/0001-04;1737269244;19/12/2024;TODAS
dicloridrato de trimetazidina;BRAINFARMA INDÚSTRIA QUÍMICA E FARMACÊUTICA S.A;05.161.069/0001-10;0244064253;20/02/2025;TODAS
sulfadiazina de prata;PRATI DONADUZZI & CIA LTDA;73.856.593/0001-66;0355598256;17/03/2025;TODAS
LOJUXTA®;CHIESI FARMACÊUTICA LTDA;61.363.032/0001-46;0854196251;30/06/2025;TODAS
NIB;EUROFARMA LABORATÓRIOS S.A.;61.190.096/0001-92;0170121259;06/02/2025;TODAS
hemitartarato de zolpidem;UNIÃO QUÍMICA FARMACÊUTICA NACIONAL S/A;60.665.981/0001-18;0066686253;16/01/2025;TODAS
INFOC;ACHÉ LABORATÓRIOS FARMACÊUTICOS S.A;60.659.463/0029-92;1011025248;24/07/2024;TODAS
LIBTAYO;ADIUM S.A.;55.980.684/0001-27;0878897259;04/07/2025;TODAS
Kanuma;ASTRAZENECA DO BRASIL LTDA;60.318.797/0001-00;1155780256;28/08/2025;TODAS
ENRIZA;ACHÉ LABORATÓRIOS FARMACÊUTICOS S.A;60.659.463/0029-92;0932666256;18/07/2025;TODAS
PENTAGLOBIN;GRIFOLS BRASIL LTDA;02.513.899/0001-71;0759500258;05/06/2025;TODAS
VORPRO;GERMED FARMACEUTICA LTDA;45.992.062/0001-65;0387859250;21/03/2025;TODAS
LYRICA;VIATRIS FARMACEUTICA DO BRASIL LTDA;11.643.096/0001-22;0205166253;13/02/2025;TODAS
tacrolimo;LEO PHARMA LTDA;11.424.477/0001-10;1157392253;29/08/2025;TODAS
SEVOQ;CRISTÁLIA PRODUTOS QUÍMICOS FARMACÊUTICOS LTDA.;44.734.671/0001-51;1415294241;15/10/2024;TODAS
bilastina;ACHÉ LABORATÓRIOS FARMACÊUTICOS S.A;60.659.463/0029-92;1066366250;14/08/2025;TODAS
XALACOM;VIATRIS FARMACEUTICA DO BRASIL LTDA;11.643.096/0001-22;0220452253;17/02/2025;TODAS
DIVA;CRISTÁLIA PRODUTOS QUÍMICOS FARMACÊUTICOS LTDA.;44.734.671/0001-51;0379125251;20/03/2025;TODAS
LIVMARLI;BIOPAS BRASIL PRODUTOS FARMACEUTICOS LTDA;31.327.287/0001-92;0176150251;07/02/2025;TODAS
HYPONIBE;HYPOFARMA - INSTITUTO DE HYPODERMIA E FARMÁCIA LTDA;17.174.657/0001-78;0558668259;25/04/2025;TODAS
maleato de dexclorfeniramina;VITAMEDIC INDUSTRIA FARMACEUTICA LTDA;30.222.814/0001-31;0185390251;10/02/2025;TODAS
citrato de tofacitinibe;FUNDAÇÃO OSWALDO CRUZ;33.781.055/0001-35;0843604255;27/06/2025;TODAS
PERIGITE;BELFAR LTDA;18.324.343/0001-77;0271772255;26/02/2025;TODAS
CUTISANOL;CRISTÁLIA PRODUTOS QUÍMICOS FARMACÊUTICOS LTDA.;44.734.671/0001-51;0910411255;11/07/2025;TODAS
Albiomin;GRIFOLS BRASIL LTDA;02.513.899/0001-71;0751866253;03/06/2025;TODAS
TRINIZOL-M;BELFAR LTDA;18.324.343/0001-77;0281736251;27/02/2025;TODAS
cloridrato de donepezila;MEDQUIMICA INDUSTRIA FARMACEUTICA LTDA.;17.875.154/0001-20;0718327250;27/05/2025;TODAS
GARDENAL;PHARLAB INDÚSTRIA FARMACÊUTICA S.A.;02.501.297/0001-02;0249715252;21/02/2025;TODAS
DUALGI;EUROFARMA LABORATÓRIOS S.A.;61.190.096/0001-92;1350667242;02/10/2024;TODAS
GEODON;VIATRIS FARMACEUTICA DO BRASIL LTDA;11.643.096/0001-22;1202964257;10/09/2025;TODAS
VALASKI;SUPERA FARMA LABORATÓRIOS S.A;43.312.503/0001-05;0348589255;14/03/2025;TODAS
LAZCLUZE;JANSSEN-CILAG FARMACÊUTICA LTDA;51.780.468/0001-87;0866127259;02/07/2025;TODAS
NEOZINE;BLANVER FARMOQUIMICA E FARMACEUTICA S.A.;53.359.824/0001-19;0445897252;01/04/2025;TODAS
nitazoxanida;EUROFARMA LABORATÓRIOS S.A.;61.190.096/0001-92;0905667255;10/07/2025;TODAS
MULTIPIRAL;MULTILAB INDUSTRIA E COMERCIO DE PRODUTOS FARMACEUTICOS LTDA;92.265.552/0009-05;0443849251;01/04/2025;TODAS
DESLORANA;LEGRAND PHARMA INDÚSTRIA FARMACÊUTICA LTDA;05.044.984/0001-26;1006239251;05/08/2025;TODAS
acetato de dexametasona;VITAMEDIC INDUSTRIA FARMACEUTICA LTDA;30.222.814/0001-31;1535438240;07/11/2024;TODAS
dapagliflozina;EUROFARMA LABORATÓRIOS S.A.;61.190.096/0001-92;1152894251;28/08/2025;TODAS
LIDEXOR;GERMED FARMACEUTICA LTDA;45.992.062/0001-65;0924002255;16/07/2025;TODAS
ECTEVO;PRATI DONADUZZI & CIA LTDA;73.856.593/0001-66;1012042251;06/08/2025;TODAS
DEXPOLARIM;VITAMEDIC INDUSTRIA FARMACEUTICA LTDA;30.222.814/0001-31;0186383258;10/02/2025;TODAS
FRISIUM;PHARLAB INDÚSTRIA FARMACÊUTICA S.A.;02.501.297/0001-02;0274550253;26/02/2025;TODAS
VILGLI;TORRENT DO BRASIL LTDA;33.078.528/0001-32;1177059258;04/09/2025;TODAS
ULTOMIRIS;ASTRAZENECA DO BRASIL LTDA;60.318.797/0001-00;0784599254;11/06/2025;TODAS
OPTIRAY;GUERBET PRODUTOS RADIOLÓGICOS LTDA;42.180.406/0001-43;1199970247;30/08/2024;TODAS
succinato de desvenlafaxina;PRATI DONADUZZI & CIA LTDA;73.856.593/0001-66;0905974247;03/07/2024;TODAS
AFAX;PRATI DONADUZZI & CIA LTDA;73.856.593/0001-66;1474303242;25/10/2024;TODAS
RILAN;BELFAR LTDA;18.324.343/0001-77;0283280255;27/02/2025;TODAS
GYNBEN;BELFAR LTDA;18.324.343/0001-77;0220159254;17/02/2025;TODAS
ELFI;PRATI DONADUZZI & CIA LTDA;73.856.593/0001-66;1159090254;29/08/2025;TODAS
ATIOVIL;PRATI DONADUZZI & CIA LTDA;73.856.593/0001-66;0579082253;29/04/2025;TODAS
ANTARA XR;EUROFARMA LABORATÓRIOS S.A.;61.190.096/0001-92;0215579259;14/02/2025;TODAS
olmesartana medoxomila;LABORATÓRIO TEUTO BRASILEIRO S/A;17.159.229/0001-76;0458143251;03/04/2025;TODAS
SPYLGLEN;GLENMARK FARMACÊUTICA LTDA;44.363.661/0001-57;0457185252;03/04/2025;TODAS
INFOC;ACHÉ LABORATÓRIOS FARMACÊUTICOS S.A;60.659.463/0029-92;1112964240;14/08/2024;TODAS
DYFUCERT;DR. REDDYS FARMACÊUTICA DO BRASIL LTDA;03.978.166/0001-75;0153791250;04/02/2025;TODAS
HEPATECT;GRIFOLS BRASIL LTDA;02.513.899/0001-71;0752011251;03/06/2025;TODAS
ROACUTAN;FARMOQUÍMICA S/A;33.349.473/0001-58;0372259251;19/03/2025;TODAS
MANITOL;EQUIPLEX INDÚSTRIA FARMACÊUTICA LTDA;01.784.792/0001-03;1147826251;27/08/2025;TODAS
acebrofilina;AIRELA INDÚSTRIA FARMACÊUTICA LTDA.;01.858.973/0001-29;1138666254;25/08/2025;TODAS
SOLUÇÃO GLICOFISIOLÓGICA;EQUIPLEX INDÚSTRIA FARMACÊUTICA LTDA;01.784.792/0001-03;1152451251;28/08/2025;TODAS
cloreto de sódio 0,9%;VITAMED MEDICAMENTOS E PRODUTOS PARA SAUDE LTDA;44.593.084/0001-90;1182621252;05/09/2025;TODAS
TOLREST;ACHÉ LABORATÓRIOS FARMACÊUTICOS S.A;60.659.463/0029-92;1207174254;11/09/2025;TODAS
PERFENOL MULTI;UNIÃO QUÍMICA FARMACÊUTICA NACIONAL S/A;60.665.981/0001-18;0826819257;23/06/2025;TODAS
cloreto de sódio + glicose;VITAMED MEDICAMENTOS E PRODUTOS PARA SAUDE LTDA;44.593.084/0001-90;1184173257;05/09/2025;TODAS
sulfametoxazol + trimetoprima;AIRELA INDÚSTRIA FARMACÊUTICA LTDA.;01.858.973/0001-29;1189050251;08/09/2025;TODAS
NAUSICALM B6;UNIÃO QUÍMICA FARMACÊUTICA NACIONAL S/A;60.665.981/0001-18;1296607241;20/09/2024;TODAS
sulfato de salbutamol;LABORATÓRIO TEUTO BRASILEIRO S/A;17.159.229/0001-76;0694054259;23/05/2025;TODAS
BUSCOPAN COMPOSTO;COSMED INDUSTRIA DE COSMETICOS E MEDICAMENTOS S.A.;61.082.426/0002-07;1384049240;08/10/2024;TODAS
TEROLAC;CRISTÁLIA PRODUTOS QUÍMICOS FARMACÊUTICOS LTDA.;44.734.671/0001-51;0915604248;04/07/2024;TODAS
IQIRVO;BEAUFOUR IPSEN FARMACÊUTICA LTDA;07.718.721/0001-80;1057475254;13/08/2025;TODAS
mirtazapina;LABORATÓRIO TEUTO BRASILEIRO S/A;17.159.229/0001-76;0768199255;06/06/2025;TODAS
TAM XR;SUPERA FARMA LABORATÓRIOS S.A;43.312.503/0001-05;1284286240;18/09/2024;TODAS
fenofibrato;TORRENT DO BRASIL LTDA;33.078.528/0001-32;0195941250;12/02/2025;TODAS
cloridrato de donepezila;SANOFI MEDLEY FARMACÊUTICA LTDA.;10.588.595/0010-92;0416935257;27/03/2025;TODAS
ESTOMAZIL;COSMED INDUSTRIA DE COSMETICOS E MEDICAMENTOS S.A.;61.082.426/0002-07;1740722248;20/12/2024;TODAS
VANLURE;EUROFARMA LABORATÓRIOS S.A.;61.190.096/0001-92;0185477259;10/02/2025;TODAS
VILAXY;EUROFARMA LABORATÓRIOS S.A.;61.190.096/0001-92;0227930258;18/02/2025;TODAS
bilastina;GERMED FARMACEUTICA LTDA;45.992.062/0001-65;1288500246;19/09/2024;TODAS
dipirona monoidratada;VITAMEDIC INDUSTRIA FARMACEUTICA LTDA;30.222.814/0001-31;0353951251;17/03/2025;TODAS
AQUARELA;ACHÉ LABORATÓRIOS FARMACÊUTICOS S.A;60.659.463/0029-92;1081457244;08/08/2024;TODAS
MULTIPIRAL;MULTILAB INDUSTRIA E COMERCIO DE PRODUTOS FARMACEUTICOS LTDA;92.265.552/0009-05;0443773254;01/04/2025;TODAS
MYCAFREM;ACCORD FARMACÊUTICA LTDA;64.171.697/0001-46;1119923255;19/08/2025;TODAS
DESENVO;ACHÉ LABORATÓRIOS FARMACÊUTICOS S.A;60.659.463/0029-92;1449974244;22/10/2024;TODAS
TEROQUATRO;CRISTÁLIA PRODUTOS QUÍMICOS FARMACÊUTICOS LTDA.;44.734.671/0001-51;0915725240;04/07/2024;TODAS
LUR D12;ACHÉ LABORATÓRIOS FARMACÊUTICOS S.A;60.659.463/0029-92;0021649251;08/01/2025;TODAS
bromidrato de vortioxetina;BRAINFARMA INDÚSTRIA QUÍMICA E FARMACÊUTICA S.A;05.161.069/0001-10;0906727251;10/07/2025;TODAS
hemitartarato de zolpidem;MEDQUIMICA INDUSTRIA FARMACEUTICA LTDA.;17.875.154/0001-20;1638431248;29/11/2024;TODAS
SKYCLARYS;BIOGEN BRASIL PRODUTOS FARMACÊUTICOS LTDA;07.986.222/0001-74;0826651259;23/06/2025;TODAS
UNITRAM;FARMOQUÍMICA S/A;33.349.473/0001-58;1306563241;23/09/2024;TODAS
MECOBALAMINA;BIOLAB SANUS FARMACÊUTICA LTDA;49.475.833/0001-06;1701592240;12/12/2024;TODAS
LISVENX;PHARLAB INDÚSTRIA FARMACÊUTICA S.A.;02.501.297/0001-02;0925819255;16/07/2025;TODAS
ZYDCOL MR;ZYDUS NIKKHO FARMACÊUTICA LTDA;05.254.971/0001-81;0762719257;05/06/2025;TODAS
MERIONAL HG;Besins Healthcare Brasil Comercial e Distribuidora de Medicamentos Ltda;11.082.598/0003-93;0754585247;05/06/2024;TODAS
AUROM;PRATI DONADUZZI & CIA LTDA;73.856.593/0001-66;1082851248;08/08/2024;TODAS
ondansetrona;RANBAXY FARMACÊUTICA LTDA;73.663.650/0001-90;0101770251;23/01/2025;TODAS
BLAUTOX;BLAU FARMACÊUTICA S.A.;58.430.828/0001-60;0134554256;30/01/2025;TODAS
MYCAMINE;SANDOZ DO BRASIL INDÚSTRIA FARMACÊUTICA LTDA;61.286.647/0001-16;1206013249;02/09/2024;TODAS
DIAVITALITY;HEMAFARMA COM E IND FARMACEUTICA LTDA;30.332.829/0001-52;1164912259;01/09/2025;TODAS
etoricoxibe;ACHÉ LABORATÓRIOS FARMACÊUTICOS S.A;60.659.463/0029-92;1045112259;12/08/2025;TODAS
ETORBEN;ACHÉ LABORATÓRIOS FARMACÊUTICOS S.A;60.659.463/0029-92;1084181258;15/08/2025;TODAS
DIPIRONA;BRAINFARMA INDÚSTRIA QUÍMICA E FARMACÊUTICA S.A;05.161.069/0001-10;0529891255;17/04/2025;TODAS
sulfato de neomicina + bacitracina zíncica;VITAMEDIC INDUSTRIA FARMACEUTICA LTDA;30.222.814/0001-31;0723069247;29/05/2024;TODAS
omeprazol;PRATI DONADUZZI & CIA LTDA;73.856.593/0001-66;0095194258;22/01/2025;TODAS
PIOTRATY;VIDORA FARMACÊUTICA LTDA;92.762.277/0001-70;0494212250;10/04/2025;TODAS
besilato de levanlodipino hemipentaidratado;TORRENT DO BRASIL LTDA;33.078.528/0001-32;0682666254;21/05/2025;TODAS
EQUILID;BLANVER FARMOQUIMICA E FARMACEUTICA S.A.;53.359.824/0001-19;0445884258;01/04/2025;TODAS
MINUSORB;BELFAR LTDA;18.324.343/0001-77;0271534257;26/02/2025;TODAS
LYCERAH;PRATI DONADUZZI & CIA LTDA;73.856.593/0001-66;0426995252;28/03/2025;TODAS
SIPUL;PRATI DONADUZZI & CIA LTDA;73.856.593/0001-66;0516641255;15/04/2025;TODAS
NAUSICALM CÁPSULA MOLE;UNIÃO QUÍMICA FARMACÊUTICA NACIONAL S/A;60.665.981/0001-18;1296507246;20/09/2024;TODAS
HISTADIN;UNIÃO QUÍMICA FARMACÊUTICA NACIONAL S/A;60.665.981/0001-18;1736820249;19/12/2024;TODAS
DIVA 20;CRISTÁLIA PRODUTOS QUÍMICOS FARMACÊUTICOS LTDA.;44.734.671/0001-51;0395022258;24/03/2025;TODAS
KETAH;UNIÃO QUÍMICA FARMACÊUTICA NACIONAL S/A;60.665.981/0001-18;1165588251;01/09/2025;TODAS
NASOCLEAN;MEDQUIMICA INDUSTRIA FARMACEUTICA LTDA.;17.875.154/0001-20;1652599240;03/12/2024;TODAS
budesonida;ACHÉ LABORATÓRIOS FARMACÊUTICOS S.A;60.659.463/0029-92;0688695256;22/05/2025;TODAS
DUAKLIR GENUAIR;GLENMARK FARMACÊUTICA LTDA;44.363.661/0001-57;0244165254;20/02/2025;TODAS
FLUIDSORO;VITAMEDIC INDUSTRIA FARMACEUTICA LTDA;30.222.814/0001-31;0299383253;05/03/2025;TODAS
HIRUDOID INFANTIL;DAIICHI SANKYO BRASIL FARMACÊUTICA LTDA;60.874.187/0001-84;0330078259;11/03/2025;TODAS
FENDICAL;BELFAR LTDA;18.324.343/0001-77;0271800259;26/02/2025;TODAS
Perigite;BELFAR LTDA;18.324.343/0001-77;0215589254;14/02/2025;TODAS
GUACO VITAMEDIC;VITAMEDIC INDUSTRIA FARMACEUTICA LTDA;30.222.814/0001-31;0999159259;01/08/2025;TODAS
RECAPSER;BELFAR LTDA;18.324.343/0001-77;0207713251;13/02/2025;TODAS
APRESOLINA;UNIÃO QUÍMICA FARMACÊUTICA NACIONAL S/A;60.665.981/0001-18;1729484247;18/12/2024;TODAS
PLIAGLIS;MEGALABS FARMACEUTICA S.A.;33.026.055/0001-20;0338676252;13/03/2025;TODAS
ESPECBAC;PRATI DONADUZZI & CIA LTDA;73.856.593/0001-66;0305895257;06/03/2025;TODAS
DUZOR;PRATI DONADUZZI & CIA LTDA;73.856.593/0001-66;0554222256;24/04/2025;TODAS
GUAKOEXPEC;VITAMEDIC INDUSTRIA FARMACEUTICA LTDA;30.222.814/0001-31;0891788255;07/07/2025;TODAS
Fulphila;BIOCON BIOLOGICS DO BRASIL LTDA;38.108.988/0001-80;0711651256;26/05/2025;TODAS
minoxidil;UNIÃO QUÍMICA FARMACÊUTICA NACIONAL S/A;60.665.981/0001-18;0609248251;06/05/2025;TODAS
TANDRILAX;ACHÉ LABORATÓRIOS FARMACÊUTICOS S.A;60.659.463/0029-92;0012081256;06/01/2025;TODAS
CALCIOFAR PLUS;BELFAR LTDA;18.324.343/0001-77;0678356254;20/05/2025;TODAS
ANDROCUR;Laboratórios Bagó do Brasil S/A;04.748.181/0009-47;0451500253;02/04/2025;TODAS
olmesartana medoxomila;PRATI DONADUZZI & CIA LTDA;73.856.593/0001-66;0923789251;16/07/2025;TODAS
diazepam;INSTITUTO BIOCHIMICO INDÚSTRIA FARMACÊUTICA LTDA;33.258.401/0001-03;0119921251;28/01/2025;TODAS
VABAM;COSMED INDUSTRIA DE COSMETICOS E MEDICAMENTOS S.A.;61.082.426/0002-07;0737061251;30/05/2025;TODAS
lansoprazol +claritromicina +amoxicilina;CIFARMA CIENTÍFICA FARMACÊUTICA LTDA;17.562.075/0001-69;0641853254;13/05/2025;TODAS
GINKGO BILOBA LABORATÓRIOS OSÓRIO DE MORAES;LABORATÓRIOS OSÓRIO DE MORAES LTDA;19.791.813/0001-75;1723509248;17/12/2024;TODAS
SARRA;SUN FARMACÊUTICA DO BRASIL LTDA;05.035.244/0001-23;0804433259;16/06/2025;TODAS
LOFERNIM;PRATI DONADUZZI & CIA LTDA;73.856.593/0001-66;0334147255;12/03/2025;TODAS
AMPLICTIL;BLANVER FARMOQUIMICA E FARMACEUTICA S.A.;53.359.824/0001-19;0445803258;01/04/2025;TODAS
ABEVMY;BIOCON BIOLOGICS DO BRASIL LTDA;38.108.988/0001-80;0711606251;26/05/2025;TODAS
trometamol cetorolaco;MULTILAB INDUSTRIA E COMERCIO DE PRODUTOS FARMACEUTICOS LTDA;92.265.552/0009-05;1182722253;05/09/2025;TODAS
URBANIL;PHARLAB INDÚSTRIA FARMACÊUTICA S.A.;02.501.297/0001-02;0277086256;27/02/2025;TODAS
LETYBO;GLOBAL REGULATORY PARTNERS BRASIL LTDA;29.190.430/0001-03;1206419253;11/09/2025;TODAS
DUELLE;ZYDUS NIKKHO FARMACÊUTICA LTDA;05.254.971/0001-81;0266304257;25/02/2025;TODAS
LOFERNIM BETA;PRATI DONADUZZI & CIA LTDA;73.856.593/0001-66;0515484253;15/04/2025;TODAS
bromoprida;VITAMEDIC INDUSTRIA FARMACEUTICA LTDA;30.222.814/0001-31;0183017251;10/02/2025;TODAS
ZEFORUS;VIATRIS FARMACEUTICA DO BRASIL LTDA;11.643.096/0001-22;0250936259;21/02/2025;TODAS
EKLIRA GENUAIR;GLENMARK FARMACÊUTICA LTDA;44.363.661/0001-57;0325075255;10/03/2025;TODAS
TERCEN;EUROFARMA LABORATÓRIOS S.A.;61.190.096/0001-92;0906340250;10/07/2025;TODAS
TEPEZZA;AMGEN BIOTECNOLOGIA DO BRASIL LTDA.;18.774.815/0001-93;0660522250;15/05/2025;TODAS
INSPRA;VIATRIS FARMACEUTICA DO BRASIL LTDA;11.643.096/0001-22;0629657254;09/05/2025;TODAS
PROPIOSOL;BRAINFARMA INDÚSTRIA QUÍMICA E FARMACÊUTICA S.A;05.161.069/0001-10;0403246253;25/03/2025;TODAS
bromidrato de vortioxetina;EMS S/A;57.507.378/0003-65;1168712254;02/09/2025;TODAS
DECONLERG;ACHÉ LABORATÓRIOS FARMACÊUTICOS S.A;60.659.463/0029-92;0577608258;29/04/2025;TODAS
ATIOVIL;PRATI DONADUZZI & CIA LTDA;73.856.593/0001-66;0584067259;30/04/2025;TODAS
XALATAN;VIATRIS FARMACEUTICA DO BRASIL LTDA;11.643.096/0001-22;0236364251;19/02/2025;TODAS
Uplizna;AMGEN BIOTECNOLOGIA DO BRASIL LTDA.;18.774.815/0001-93;0681136251;21/05/2025;TODAS
BEVANOVIS;BIONOVIS S.A. - COMPANHIA BRASILEIRA DE BIOTECNOLOGIA FARMACEUTICA;12.320.079/0001-17;1157276253;29/08/2025;TODAS
KIMMTRAK;MEDISON PHARMA BRASIL PRODUTOS FARMACEUTICOS LTDA.;48.682.588/0001-37;0192823256;11/02/2025;TODAS
DOXAPROST;UNIÃO QUÍMICA FARMACÊUTICA NACIONAL S/A;60.665.981/0001-18;0743480252;02/06/2025;TODAS
LIDEXOR GOTAS;GERMED FARMACEUTICA LTDA;45.992.062/0001-65;0530496259;17/04/2025;TODAS
ATACAND HCT;BIOPAS BRASIL PRODUTOS FARMACEUTICOS LTDA;31.327.287/0001-92;1199858251;10/09/2025;TODAS
SALIPREVI;EUROFARMA LABORATÓRIOS S.A.;61.190.096/0001-92;1001994256;04/08/2025;TODAS
fosfomicina trometamol;PHARMASCIENCE INDUSTRIA FARMACEUTICA S.A;25.773.037/0001-83;0717222250;27/05/2025;TODAS
gabapentina;EUROFARMA LABORATÓRIOS S.A.;61.190.096/0001-92;0371175259;19/03/2025;TODAS
V-TOSSE;EUROFARMA LABORATÓRIOS S.A.;61.190.096/0001-92;1016557256;07/08/2025;TODAS
SAUMYA;SUN FARMACÊUTICA DO BRASIL LTDA;05.035.244/0001-23;1543043241;08/11/2024;TODAS
IMDELLTRA;AMGEN BIOTECNOLOGIA DO BRASIL LTDA.;18.774.815/0001-93;1580525245;18/11/2024;TODAS
TARCEVA;BIOPAS BRASIL PRODUTOS FARMACEUTICOS LTDA;31.327.287/0001-92;0863651259;01/07/2025;TODAS
HYVORA;BRAINFARMA INDÚSTRIA QUÍMICA E FARMACÊUTICA S.A;05.161.069/0001-10;1178080251;04/09/2025;TODAS
KARBO;EUROFARMA LABORATÓRIOS S.A.;61.190.096/0001-92;1012053253;06/08/2025;TODAS
aripiprazol;MCG INDUSTRIA FARMACEUTICA E IMPORTAÇAO LTDA;18.755.529/0001-80;0868171255;02/07/2025;TODAS
VARYLIFT;UNIÃO QUÍMICA FARMACÊUTICA NACIONAL S/A;60.665.981/0001-18;0403834244;01/04/2024;TODAS
ELIM;PRATI DONADUZZI & CIA LTDA;73.856.593/0001-66;0932929257;18/07/2025;TODAS
manitol 20%;COPERMED COMERCIAL IMPORTADORA LTDA;09.029.404/0001-82;1175026255;03/09/2025;TODAS
ASPDIP;BAYER S.A.;18.459.628/0001-15;1017486255;07/08/2025;TODAS
DOZI;EUROFARMA LABORATÓRIOS S.A.;61.190.096/0001-92;0481460250;08/04/2025;TODAS
ONICIT;UNITED MEDICAL LTDA;68.949.239/0001-46;1132788251;22/08/2025;TODAS
GLOBOXAREL;LABORATÓRIO GLOBO SA;17.115.437/0001-73;0578874253;29/04/2025;TODAS
HALDOL DECANOATO;MOKSHA8 BRASIL INDUSTRIA E COMERCIO DE MEDICAMENTOS LTDA;07.591.326/0001-80;0956859259;22/07/2025;TODAS
hemitartarato de zolpidem;MCG INDUSTRIA FARMACEUTICA E IMPORTAÇAO LTDA;18.755.529/0001-80;0646092251;13/05/2025;TODAS
MIRAB;EUROFARMA LABORATÓRIOS S.A.;61.190.096/0001-92;0623861259;08/05/2025;TODAS
cloridrato de donepezila;LABORATÓRIO GLOBO SA;17.115.437/0001-73;0558950256;25/04/2025;TODAS
NEPEXTO;BIOCON BIOLOGICS DO BRASIL LTDA;38.108.988/0001-80;0779733258;10/06/2025;TODAS
HALDOL;MOKSHA8 BRASIL INDUSTRIA E COMERCIO DE MEDICAMENTOS LTDA;07.591.326/0001-80;0956623255;22/07/2025;TODAS
EMPAVELI;PINT PHARMA PRODUTOS MEDICO-HOSPITALARES E FARMACEUTICOS LTDA;21.896.000/0001-91;1003330258;04/08/2025;TODAS
cloridrato de loperamida;PHARMASCIENCE INDUSTRIA FARMACEUTICA S.A;25.773.037/0001-83;0419271252;27/03/2025;TODAS
PEMAZYRE;UNITED MEDICAL LTDA;68.949.239/0001-46;1194628257;09/09/2025;TODAS
Diaglits;LABORATÓRIO GLOBO SA;17.115.437/0001-73;1153500256;28/08/2025;TODAS
CALMLIVE;PHARMASCIENCE INDUSTRIA FARMACEUTICA S.A;25.773.037/0001-83;0744383251;02/06/2025;TODAS
FUNED INSULINA N;FUNDAÇÃO EZEQUIEL DIAS - FUNED;17.503.475/0001-01;1142420256;26/08/2025;TODAS
HULIO;BIOCON BIOLOGICS DO BRASIL LTDA;38.108.988/0001-80;0961912251;23/07/2025;TODAS
SEROQUEL;PHARLAB INDÚSTRIA FARMACÊUTICA S.A.;02.501.297/0001-02;0844614254;27/06/2025;TODAS
INSUNORM N;BIOCON BIOLOGICS DO BRASIL LTDA;38.108.988/0001-80;0973010258;25/07/2025;TODAS
fenofibrato;RANBAXY FARMACÊUTICA LTDA;73.663.650/0001-90;0762666251;05/06/2025;TODAS
FRONTLEV;ACHÉ LABORATÓRIOS FARMACÊUTICOS S.A;60.659.463/0029-92;0848474244;21/06/2024;TODAS
ATACAND;BIOPAS BRASIL PRODUTOS FARMACEUTICOS LTDA;31.327.287/0001-92;1003523251;04/08/2025;TODAS
dicloridrato de levocetirizina;LABORATÓRIO GLOBO SA;17.115.437/0001-73;0827948255;24/06/2025;TODAS
MEC 12;EUROFARMA LABORATÓRIOS S.A.;61.190.096/0001-92;0487938259;09/04/2025;TODAS
ácido tranexâmico;LEGRAND PHARMA INDÚSTRIA FARMACÊUTICA LTDA;05.044.984/0001-26;0905674251;10/07/2025;TODAS
ZYPREXA;BIOPAS BRASIL PRODUTOS FARMACEUTICOS LTDA;31.327.287/0001-92;0912345250;11/07/2025;TODAS
SEDECIB;CIPLA BRASIL IMPORTADORA E DISTRIBUIDORA DE MEDICAMENTOS LTDA;18.268.051/0001-64;0638012252;12/05/2025;TODAS
LIDEXTRIN;BIOLAB SANUS FARMACÊUTICA LTDA;49.475.833/0001-06;1085784258;15/08/2025;TODAS
lamotrigina;MEDQUIMICA INDUSTRIA FARMACEUTICA LTDA.;17.875.154/0001-20;1086475259;15/08/2025;TODAS
BIOLME;BIOLAB SANUS FARMACÊUTICA LTDA;49.475.833/0001-06;0918079250;15/07/2025;TODAS
naproxeno;UNIÃO QUÍMICA FARMACÊUTICA NACIONAL S/A;60.665.981/0001-18;0259156256;24/02/2025;TODAS
água para injetáveis;EQUIPLEX INDÚSTRIA FARMACÊUTICA LTDA;01.784.792/0001-03;1145567258;26/08/2025;TODAS
NORI-1;BIOLAB SANUS FARMACÊUTICA LTDA;49.475.833/0001-06;0183940253;10/02/2025;TODAS
telmisartana + hidroclorotiazida;EUROFARMA LABORATÓRIOS S.A.;61.190.096/0001-92;0858934256;30/06/2025;TODAS
