Medicamento;Empresa;CNPJ;Expediente;Data de Publicação_rel;Data de Publicação_cat;Data de Publicação (dt)_rel;Data de Publicação (dt)_cat;Categoria;status
Aciclovir TESTE;EMPRESA DE TESTE LTDA. (VS01);11.111.111/0001-91;1920763218;31/10/2023;28/04/2023;2023-10-31;2023-04-28;;mais_recente_em_relatorio
GENFIBROZILA;EMS S/A;57.507.378/0003-65;1734513241;19/12/2024;;2024-12-19;;;novo_em_relatorio
SUCCINATO SODICO DE HIDROCORTISONA;BLAU FARMACÊUTICA S.A.;58.430.828/0001-60;996020233;19/09/2023;;2023-09-19;;;novo_em_relatorio
OXALATO DE ESCITALOPRAM;LABORATÓRIO TEUTO BRASILEIRO S/A;17.159.229/0001-76;648697258;14/05/2025;;2025-05-14;;;novo_em_relatorio
FENOSUPREX;GERMED FARMACEUTICA LTDA;45.992.062/0001-65;834938251;25/06/2025;;2025-06-25;;;novo_em_relatorio
VIDMAX;ACHÉ LABORATÓRIOS FARMACÊUTICOS S.A;60.659.463/0029-92;218887230;06/03/2023;;2023-03-06;;;novo_em_relatorio
LFM ZIPRASIDONA;LABORATÓRIO FARMACÊUTICO DA MARINHA;00.394.502/0071-57;2548887162;01/12/2016;;2016-12-01;;;novo_em_relatorio
LEXAPRASS;LABORATÓRIO TEUTO BRASILEIRO S/A;17.159.229/0001-76;711172234;11/07/2023;;2023-07-11;;;novo_em_relatorio
NEVANAC;NOVARTIS BIOCIENCIAS S.A;56.994.502/0001-30;805015256;16/06/2025;;2025-06-16;;;novo_em_relatorio
HIDROCLOROTIAZIDA;MEDQUIMICA INDUSTRIA FARMACEUTICA LTDA.;17.875.154/0001-20;128625252;29/01/2025;;2025-01-29;;;novo_em_relatorio
GINKOTAB;BRAINFARMA INDÚSTRIA QUÍMICA E FARMACÊUTICA S.A;05.161.069/0001-10;134324186;21/02/2018;;2018-02-21;;;novo_em_relatorio
acetilcisteína;UNIÃO QUÍMICA FARMACÊUTICA NACIONAL S/A;60.665.981/0001-18;307359247;13/03/2024;;2024-03-13;;;novo_em_relatorio
TRAVATAN;NOVARTIS BIOCIENCIAS S.A;56.994.502/0001-30;484444247;17/04/2024;;2024-04-17;;;novo_em_relatorio
FILINAR G;EUROFARMA LABORATÓRIOS S.A.;61.190.096/0001-92;781083257;10/06/2025;;2025-06-10;;;novo_em_relatorio
OXALATO DE ESCITALOPRAM;GEOLAB INDÚSTRIA FARMACÊUTICA S/A;03.485.572/0001-04;720526230;13/07/2023;;2023-07-13;;;novo_em_relatorio
TENOXICAM;GEOLAB INDÚSTRIA FARMACÊUTICA S/A;03.485.572/0001-04;684978253;21/05/2025;;2025-05-21;;;novo_em_relatorio
CLORIDRATO DE METOCLOPRAMIDA;CIMED INDUSTRIA S.A;02.814.497/0001-07;2477480227;20/04/2022;;2022-04-20;;;novo_em_relatorio
ANDROGEL;Besins Healthcare Brasil Comercial e Distribuidora de Medicamentos Ltda;11.082.598/0003-93;1006700251;05/08/2025;;2025-08-05;;;novo_em_relatorio
FURP-GLIBENCLAMIDA;FUNDAÇÃO PARA O REMÉDIO POPULAR - FURP;43.640.754/0001-19;349163251;14/03/2025;;2025-03-14;;;novo_em_relatorio
sulfametoxazol+trimetoprima;VITAMEDIC INDUSTRIA FARMACEUTICA LTDA;30.222.814/0001-31;1318284244;25/09/2024;;2024-09-25;;;novo_em_relatorio
hemifumarato de quetiapina;LABORATÓRIO TEUTO BRASILEIRO S/A;17.159.229/0001-76;1001230256;04/08/2025;;2025-08-04;;;novo_em_relatorio
OLANZAPINA;AUROBINDO PHARMA INDÚSTRIA FARMACÊUTICA LIMITADA;04.301.884/0001-75;2499163195;15/10/2019;;2019-10-15;;;novo_em_relatorio
maleato de dexclorfeniramina;BRAINFARMA INDÚSTRIA QUÍMICA E FARMACÊUTICA S.A;05.161.069/0001-10;133860189;21/02/2018;;2018-02-21;;;novo_em_relatorio
CANDESARTANA CILEXETILA;EMS S/A;57.507.378/0003-65;618384251;07/05/2025;;2025-05-07;;;novo_em_relatorio
NOTUSS TSS;ACHÉ LABORATÓRIOS FARMACÊUTICOS S.A;60.659.463/0029-92;405477252;25/03/2025;;2025-03-25;;;novo_em_relatorio
DONILA DUO;ACHÉ LABORATÓRIOS FARMACÊUTICOS S.A;60.659.463/0029-92;247154229;19/01/2022;;2022-01-19;;;novo_em_relatorio
ONICORYL;GERMED FARMACEUTICA LTDA;45.992.062/0001-65;240233255;20/02/2025;;2025-02-20;;;novo_em_relatorio
ESALERG;ACHÉ LABORATÓRIOS FARMACÊUTICOS S.A;60.659.463/0029-92;1016501251;07/08/2025;;2025-08-07;;;novo_em_relatorio
PERMETRINA;PRATI DONADUZZI & CIA LTDA;73.856.593/0001-66;514965258;15/04/2025;;2025-04-15;;;novo_em_relatorio
PLENANCE;LIBBS FARMACÊUTICA LTDA;61.230.314/0001-75;1170716253;02/09/2025;;2025-09-02;;;novo_em_relatorio
MESILATO DE IMATINIBE;FUNDAÇÃO OSWALDO CRUZ;33.781.055/0001-35;195922255;12/02/2025;;2025-02-12;;;novo_em_relatorio
TIOCOLCHICOSÍDEO;BLAU FARMACÊUTICA S.A.;58.430.828/0001-60;156591251;04/02/2025;;2025-02-04;;;novo_em_relatorio
VESOMNI;ASTELLAS FARMA BRASIL IMPORTAÇÃO E DISTRIBUIÇÃO DE MEDICAMENTOS LTDA.;07.768.134/0001-04;900984236;25/08/2023;;2023-08-25;;;novo_em_relatorio
ARISCORTEN;BLAU FARMACÊUTICA S.A.;58.430.828/0001-60;1201884233;01/11/2023;;2023-11-01;;;novo_em_relatorio
METAXON;BLAU FARMACÊUTICA S.A.;58.430.828/0001-60;1024414248;26/07/2024;;2024-07-26;;;novo_em_relatorio
VANCOSON;BLAU FARMACÊUTICA S.A.;58.430.828/0001-60;473141256;07/04/2025;;2025-04-07;;;novo_em_relatorio
MICOFENOLATO DE SÓDIO;EMS S/A;57.507.378/0003-65;834591251;25/06/2025;;2025-06-25;;;novo_em_relatorio
GENGIMIN;FARMOQUÍMICA S/A;33.349.473/0001-58;102514241;26/01/2024;;2024-01-26;;;novo_em_relatorio
OESTROGEL;Besins Healthcare Brasil Comercial e Distribuidora de Medicamentos Ltda;11.082.598/0003-93;1149793252;27/08/2025;;2025-08-27;;;novo_em_relatorio
OPRAZON;BLAU FARMACÊUTICA S.A.;58.430.828/0001-60;1076470238;09/10/2023;;2023-10-09;;;novo_em_relatorio
CLORIDRATO DE ZIPRASIDONA;LABORATÓRIO FARMACÊUTICO DA MARINHA;00.394.502/0071-57;1523451246;05/11/2024;;2024-11-05;;;novo_em_relatorio
RINGER;HALEX ISTAR INDÚSTRIA FARMACÊUTICA SA;01.571.702/0001-98;2493003202;29/07/2020;;2020-07-29;;;novo_em_relatorio
ATORVASTATINA CÁLCICA;BRAINFARMA INDÚSTRIA QUÍMICA E FARMACÊUTICA S.A;05.161.069/0001-10;1058061181;05/11/2018;;2018-11-05;;;novo_em_relatorio
candesartana cilexetila + hidroclorotiazida;GERMED FARMACEUTICA LTDA;45.992.062/0001-65;792537254;12/06/2025;;2025-06-12;;;novo_em_relatorio
LANSOPRAZOL;GERMED FARMACEUTICA LTDA;45.992.062/0001-65;1736111248;19/12/2024;;2024-12-19;;;novo_em_relatorio
DUOMO HP;EUROFARMA LABORATÓRIOS S.A.;61.190.096/0001-92;942077253;21/07/2025;;2025-07-21;;;novo_em_relatorio
ALENDRONATO DE SÓDIO;BRAINFARMA INDÚSTRIA QUÍMICA E FARMACÊUTICA S.A;05.161.069/0001-10;1372370234;04/12/2023;;2023-12-04;;;novo_em_relatorio
TISSEEL;BAXTER HOSPITALAR LTDA;49.351.786/0002-61;1230775242;06/09/2024;;2024-09-06;;;novo_em_relatorio
CLORIDRATO DE HIDROXIZINA;PHARLAB INDÚSTRIA FARMACÊUTICA S.A.;02.501.297/0001-02;793945259;12/06/2025;;2025-06-12;;;novo_em_relatorio
TIVICAY;GLAXOSMITHKLINE BRASIL LTDA;33.247.743/0001-10;452108250;02/04/2025;;2025-04-02;;;novo_em_relatorio
HERZUMA;CELLTRION HEALTHCARE DISTRIBUICAO DE PRODUTOS FARMACEUTICOS DOS BRASIL LTDA;05.452.889/0001-61;1605933244;25/11/2024;;2024-11-25;;;novo_em_relatorio
LONQUEX;TEVA FARMACÊUTICA LTDA.;05.333.542/0001-08;127572252;29/01/2025;;2025-01-29;;;novo_em_relatorio
TEICOSTON;BLAU FARMACÊUTICA S.A.;58.430.828/0001-60;431266247;05/04/2024;;2024-04-05;;;novo_em_relatorio
HOLMES H;EUROFARMA LABORATÓRIOS S.A.;61.190.096/0001-92;910294259;11/07/2025;;2025-07-11;;;novo_em_relatorio
CLORIDRATO DE MEMANTINA;LABORATÓRIO TEUTO BRASILEIRO S/A;17.159.229/0001-76;662349253;16/05/2025;;2025-05-16;;;novo_em_relatorio
OLMECOR;TORRENT DO BRASIL LTDA;33.078.528/0001-32;1086391250;15/08/2025;;2025-08-15;;;novo_em_relatorio
OMEPRAZOL;BRAINFARMA INDÚSTRIA QUÍMICA E FARMACÊUTICA S.A;05.161.069/0001-10;1389479242;09/10/2024;;2024-10-09;;;novo_em_relatorio
MEPICAIN 3%;CRISTÁLIA PRODUTOS QUÍMICOS FARMACÊUTICOS LTDA.;44.734.671/0001-51;753364255;04/06/2025;;2025-06-04;;;novo_em_relatorio
Simponi;JANSSEN-CILAG FARMACÊUTICA LTDA;51.780.468/0001-87;869069250;02/07/2025;;2025-07-02;;;novo_em_relatorio
LIPIDIL;ABBOTT LABORATÓRIOS DO BRASIL LTDA;56.998.701/0001-16;35244259;10/01/2025;;2025-01-10;;;novo_em_relatorio
CELECOXIBE;LABORATÓRIO TEUTO BRASILEIRO S/A;17.159.229/0001-76;516716255;15/04/2025;;2025-04-15;;;novo_em_relatorio
TAMIRAM;EUROFARMA LABORATÓRIOS S.A.;61.190.096/0001-92;329167251;11/03/2025;;2025-03-11;;;novo_em_relatorio
LEFLUNOMIDA;LABORATÓRIO FARMACÊUTICO DA MARINHA;00.394.502/0071-57;792547250;12/06/2025;;2025-06-12;;;novo_em_relatorio
ESPINHEIRA SANTA NATULAB;NATULAB LABORATORIO S.A;02.456.955/0001-83;4754483227;28/09/2022;;2022-09-28;;;novo_em_relatorio
BENEROC;BAYER S.A.;18.459.628/0001-15;1176855247;27/08/2024;;2024-08-27;;;novo_em_relatorio
PREGABALINA;LABORATÓRIO TEUTO BRASILEIRO S/A;17.159.229/0001-76;593191251;02/05/2025;;2025-05-02;;;novo_em_relatorio
NEUROCONTROL;LABORATÓRIO TEUTO BRASILEIRO S/A;17.159.229/0001-76;1456840231;21/12/2023;;2023-12-21;;;novo_em_relatorio
TRIMEB;EUROFARMA LABORATÓRIOS S.A.;61.190.096/0001-92;579145239;06/06/2023;;2023-06-06;;;novo_em_relatorio
DOPABANE;BLAU FARMACÊUTICA S.A.;58.430.828/0001-60;1174188251;03/09/2025;;2025-09-03;;;novo_em_relatorio
AMLODIL;VITAMEDIC INDUSTRIA FARMACEUTICA LTDA;30.222.814/0001-31;1445559242;21/10/2024;;2024-10-21;;;novo_em_relatorio
maleato de trimebutina;Althaia S.A Indústria Farmacêutica;48.344.725/0007-19;231099258;18/02/2025;;2025-02-18;;;novo_em_relatorio
CLORIDRATO DE ZIPRASIDONA;EMS S/A;57.507.378/0003-65;640599257;12/05/2025;;2025-05-12;;;novo_em_relatorio
ácido tranexâmico;BLAU FARMACÊUTICA S.A.;58.430.828/0001-60;741926245;04/06/2024;;2024-06-04;;;novo_em_relatorio
ADIPEPT;ACHÉ LABORATÓRIOS FARMACÊUTICOS S.A;60.659.463/0029-92;1020349255;08/08/2025;;2025-08-08;;;novo_em_relatorio
MYCOSODIUM;EMS S/A;57.507.378/0003-65;834740257;25/06/2025;;2025-06-25;;;novo_em_relatorio
CLORIDRATO DE SERTRALINA;BRAINFARMA INDÚSTRIA QUÍMICA E FARMACÊUTICA S.A;05.161.069/0001-10;2324905196;03/10/2019;;2019-10-03;;;novo_em_relatorio
OXALATO DE ESCITALOPRAM;GEOLAB INDÚSTRIA FARMACÊUTICA S/A;03.485.572/0001-04;720454239;13/07/2023;;2023-07-13;;;novo_em_relatorio
PARACETAMOL + FOSFATO DE CODEÍNA;GEOLAB INDÚSTRIA FARMACÊUTICA S/A;03.485.572/0001-04;1429703245;17/10/2024;;2024-10-17;;;novo_em_relatorio
risperidona;PRATI DONADUZZI & CIA LTDA;73.856.593/0001-66;379046253;20/03/2025;;2025-03-20;;;novo_em_relatorio
GABAPENTINA;AUROBINDO PHARMA INDÚSTRIA FARMACÊUTICA LIMITADA;04.301.884/0001-75;482548258;08/04/2025;;2025-04-08;;;novo_em_relatorio
TIMONEO;BRAINFARMA INDÚSTRIA QUÍMICA E FARMACÊUTICA S.A;05.161.069/0001-10;732400156;18/08/2015;;2015-08-18;;;novo_em_relatorio
ACECLO-GRAN;LEGRAND PHARMA INDÚSTRIA FARMACÊUTICA LTDA;05.044.984/0001-26;1387942239;06/12/2023;;2023-12-06;;;novo_em_relatorio
IRBESARTANA+ HIDROCLOROTIAZIDA;EUROFARMA LABORATÓRIOS S.A.;61.190.096/0001-92;940143259;21/07/2025;;2025-07-21;;;novo_em_relatorio
CLORIDRATO DE NAFAZOLINA+MALEATO DE FENIRAMINA;GEOLAB INDÚSTRIA FARMACÊUTICA S/A;03.485.572/0001-04;4681397229;13/09/2022;;2022-09-13;;;novo_em_relatorio
VIMIZIM;BIOMARIN BRASIL FARMACÊUTICA LTDA;08.002.360/0001-34;834326256;25/06/2025;;2025-06-25;;;novo_em_relatorio
TREBYXAN;LABORATÓRIO QUÍMICO FARMACÊUTICO BERGAMO LTDA;61.282.661/0001-41;247634255;21/02/2025;;2025-02-21;;;novo_em_relatorio
VELIJA;LIBBS FARMACÊUTICA LTDA;61.230.314/0001-75;840427255;26/06/2025;;2025-06-26;;;novo_em_relatorio
GINNA;EUROFARMA LABORATÓRIOS S.A.;61.190.096/0001-92;949771236;06/09/2023;;2023-09-06;;;novo_em_relatorio
ALCACHOFRA NATULAB;NATULAB LABORATORIO S.A;02.456.955/0001-83;228491223;18/01/2022;;2022-01-18;;;novo_em_relatorio
SANDOGLOBULINA;CSL BEHRING COMÉRCIO DE PRODUTOS FARMACÊUTICOS LTDA;62.969.589/0001-98;1313313246;24/09/2024;;2024-09-24;;;novo_em_relatorio
Amoxicilina;CIMED INDUSTRIA S.A;02.814.497/0001-07;1118916255;19/08/2025;;2025-08-19;;;novo_em_relatorio
COLCHICINA;GEOLAB INDÚSTRIA FARMACÊUTICA S/A;03.485.572/0001-04;1771493241;30/12/2024;;2024-12-30;;;novo_em_relatorio
EPAPHYTO;NATULAB LABORATORIO S.A;02.456.955/0001-83;1479932221;01/04/2022;;2022-04-01;;;novo_em_relatorio
EXFORGE HCT;NOVARTIS BIOCIENCIAS S.A;56.994.502/0001-30;1149756241;21/08/2024;;2024-08-21;;;novo_em_relatorio
CANDESARTANA CILEXETILA;GERMED FARMACEUTICA LTDA;45.992.062/0001-65;601698258;05/05/2025;;2025-05-05;;;novo_em_relatorio
SUCCITRAT;BLAU FARMACÊUTICA S.A.;58.430.828/0001-60;487895240;17/04/2024;;2024-04-17;;;novo_em_relatorio
ESALERG GOTAS;ACHÉ LABORATÓRIOS FARMACÊUTICOS S.A;60.659.463/0029-92;455680256;03/04/2025;;2025-04-03;;;novo_em_relatorio
TECFIDERA;BIOGEN BRASIL PRODUTOS FARMACÊUTICOS LTDA;07.986.222/0001-74;829935258;24/06/2025;;2025-06-24;;;novo_em_relatorio
CLAFORDIL;BLAU FARMACÊUTICA S.A.;58.430.828/0001-60;11497254;06/01/2025;;2025-01-06;;;novo_em_relatorio
MIRTAZAPINA;SANDOZ DO BRASIL INDÚSTRIA FARMACÊUTICA LTDA;61.286.647/0001-16;433970251;31/03/2025;;2025-03-31;;;novo_em_relatorio
LABREA;CRISTÁLIA PRODUTOS QUÍMICOS FARMACÊUTICOS LTDA.;44.734.671/0001-51;441420257;01/04/2025;;2025-04-01;;;novo_em_relatorio
NEO FRESH;BRAINFARMA INDÚSTRIA QUÍMICA E FARMACÊUTICA S.A;05.161.069/0001-10;802898254;16/06/2025;;2025-06-16;;;novo_em_relatorio
EXPECTOVIC;AIRELA INDÚSTRIA FARMACÊUTICA LTDA.;01.858.973/0001-29;1424051223;28/03/2022;;2022-03-28;;;novo_em_relatorio
DROSPIRENONA + ETINILESTRADIOL;Althaia S.A Indústria Farmacêutica;48.344.725/0007-19;1486841244;29/10/2024;;2024-10-29;;;novo_em_relatorio
CLORIDRATO DE TRAMADOL;HALEX ISTAR INDÚSTRIA FARMACÊUTICA SA;01.571.702/0001-98;1750890241;23/12/2024;;2024-12-23;;;novo_em_relatorio
SILIMALON;ZYDUS NIKKHO FARMACÊUTICA LTDA;05.254.971/0001-81;764694251;06/06/2025;;2025-06-06;;;novo_em_relatorio
NACTALI;LIBBS FARMACÊUTICA LTDA;61.230.314/0001-75;297546252;05/03/2025;;2025-03-05;;;novo_em_relatorio
Loratadina;CIMED INDUSTRIA S.A;02.814.497/0001-07;229047254;18/02/2025;;2025-02-18;;;novo_em_relatorio
BROMETO DE PINAVÉRIO;GERMED FARMACEUTICA LTDA;45.992.062/0001-65;772884251;09/06/2025;;2025-06-09;;;novo_em_relatorio
KEPPRA;UCB BIOPHARMA LTDA.;64.711.500/0001-14;1077125259;14/08/2025;;2025-08-14;;;novo_em_relatorio
ESC;EUROFARMA LABORATÓRIOS S.A.;61.190.096/0001-92;128409240;01/02/2024;;2024-02-01;;;novo_em_relatorio
RIBOMUSTIN;JANSSEN-CILAG FARMACÊUTICA LTDA;51.780.468/0001-87;4339773221;24/06/2022;;2022-06-24;;;novo_em_relatorio
ALOXIDIL;THERASKIN FARMACEUTICA LTDA.;61.517.397/0001-88;1753757240;23/12/2024;;2024-12-23;;;novo_em_relatorio
XTANDI;ASTELLAS FARMA BRASIL IMPORTAÇÃO E DISTRIBUIÇÃO DE MEDICAMENTOS LTDA.;07.768.134/0001-04;1148051252;27/08/2025;;2025-08-27;;;novo_em_relatorio
CLORIDRATO DE AMBROXOL;BRAINFARMA INDÚSTRIA QUÍMICA E FARMACÊUTICA S.A;05.161.069/0001-10;711241236;11/07/2023;;2023-07-11;;;novo_em_relatorio
CLORIDRATO DE LINCOMICINA;BRAINFARMA INDÚSTRIA QUÍMICA E FARMACÊUTICA S.A;05.161.069/0001-10;336602182;27/04/2018;;2018-04-27;;;novo_em_relatorio
OSTEOTRAT;ACHÉ LABORATÓRIOS FARMACÊUTICOS S.A;60.659.463/0029-92;4447810212;10/11/2021;;2021-11-10;;;novo_em_relatorio
TARTARATO DE BRIMONIDINA;BRAINFARMA INDÚSTRIA QUÍMICA E FARMACÊUTICA S.A;05.161.069/0001-10;813949254;18/06/2025;;2025-06-18;;;novo_em_relatorio
PEPSOGEL;LEGRAND PHARMA INDÚSTRIA FARMACÊUTICA LTDA;05.044.984/0001-26;1546858245;11/11/2024;;2024-11-11;;;novo_em_relatorio
BAC-SULFITRIN;BRAINFARMA INDÚSTRIA QUÍMICA E FARMACÊUTICA S.A;05.161.069/0001-10;185383254;10/02/2025;;2025-02-10;;;novo_em_relatorio
NITROFURANTOINA;LABORATÓRIO TEUTO BRASILEIRO S/A;17.159.229/0001-76;615095259;07/05/2025;;2025-05-07;;;novo_em_relatorio
SOL-CART B;LABORATORIOS B. BRAUN S/A;31.673.254/0001-02;114355240;30/01/2024;;2024-01-30;;;novo_em_relatorio
ESOMEPRAZOL SODICO;SUN FARMACÊUTICA DO BRASIL LTDA;05.035.244/0001-23;311180221;24/01/2022;;2022-01-24;;;novo_em_relatorio
IPSILON;ZYDUS NIKKHO FARMACÊUTICA LTDA;05.254.971/0001-81;468177248;12/04/2024;;2024-04-12;;;novo_em_relatorio
Perjeta;PRODUTOS ROCHE QUÍMICOS E FARMACÊUTICOS S.A.;33.009.945/0001-23;530902249;23/04/2024;;2024-04-23;;;novo_em_relatorio
BROMAZEPAM (PORTARIA 344/98 - LISTA B1);BRAINFARMA INDÚSTRIA QUÍMICA E FARMACÊUTICA S.A;05.161.069/0001-10;1158963254;29/08/2025;;2025-08-29;;;novo_em_relatorio
ZITRONEO;BRAINFARMA INDÚSTRIA QUÍMICA E FARMACÊUTICA S.A;05.161.069/0001-10;4360282222;29/06/2022;;2022-06-29;;;novo_em_relatorio
STANGLIT;LIBBS FARMACÊUTICA LTDA;61.230.314/0001-75;794359256;12/06/2025;;2025-06-12;;;novo_em_relatorio
VISIPAQUE;GE HEALTHCARE DO BRASIL COMÉRCIO E SERVIÇOS PARA EQUIPAMENTOS MEDICO-HOSPITALARES LTDA;00.029.372/0001-40;1569307245;14/11/2024;;2024-11-14;;;novo_em_relatorio
FURP-HIDROCLOROTIAZIDA;FUNDAÇÃO PARA O REMÉDIO POPULAR - FURP;43.640.754/0001-19;284693251;28/02/2025;;2025-02-28;;;novo_em_relatorio
TRANSAMIN;ZYDUS NIKKHO FARMACÊUTICA LTDA;05.254.971/0001-81;1277973237;17/11/2023;;2023-11-17;;;novo_em_relatorio
LANVIS;ASPEN PHARMA INDÚSTRIA FARMACÊUTICA LTDA;02.433.631/0001-20;243329253;20/02/2025;;2025-02-20;;;novo_em_relatorio
GINKOBA;ZYDUS NIKKHO FARMACÊUTICA LTDA;05.254.971/0001-81;808302256;17/06/2025;;2025-06-17;;;novo_em_relatorio
cloridrato de propranolol;LABORATÓRIOS OSÓRIO DE MORAES LTDA;19.791.813/0001-75;905790251;10/07/2025;;2025-07-10;;;novo_em_relatorio
MASSAGEOL;BRAINFARMA INDÚSTRIA QUÍMICA E FARMACÊUTICA S.A;05.161.069/0001-10;558290213;11/02/2021;;2021-02-11;;;novo_em_relatorio
MESALAZINA;BRAINFARMA INDÚSTRIA QUÍMICA E FARMACÊUTICA S.A;05.161.069/0001-10;976146240;17/07/2024;;2024-07-17;;;novo_em_relatorio
ZEEL-ARTRO;HEEL DO BRASIL BIOMÉDICA LTDA;05.994.539/0001-27;1187422231;30/10/2023;;2023-10-30;;;novo_em_relatorio
UTROGESTAN;Besins Healthcare Brasil Comercial e Distribuidora de Medicamentos Ltda;11.082.598/0003-93;906640253;10/07/2025;;2025-07-10;;;novo_em_relatorio
CILODEX;NOVARTIS BIOCIENCIAS S.A;56.994.502/0001-30;603177255;05/05/2025;;2025-05-05;;;novo_em_relatorio
BROMUC;BLAU FARMACÊUTICA S.A.;58.430.828/0001-60;1418029246;16/10/2024;;2024-10-16;;;novo_em_relatorio
ZICLAGUE;INFAN INDUSTRIA QUIMICA FARMACEUTICA NACIONAL S/A;08.939.548/0001-03;2609732160;03/01/2023;;2023-01-03;;;novo_em_relatorio
LUR GOTAS;ACHÉ LABORATÓRIOS FARMACÊUTICOS S.A;60.659.463/0029-92;192316231;27/02/2023;;2023-02-27;;;novo_em_relatorio
diclofenaco dietilamônio;CIMED INDUSTRIA S.A;02.814.497/0001-07;228529255;18/02/2025;;2025-02-18;;;novo_em_relatorio
TACROZ;GLENMARK FARMACÊUTICA LTDA;44.363.661/0001-57;5017143220;05/12/2022;;2022-12-05;;;novo_em_relatorio
CILOXAN;NOVARTIS BIOCIENCIAS S.A;56.994.502/0001-30;602439256;05/05/2025;;2025-05-05;;;novo_em_relatorio
OXANON;BLAU FARMACÊUTICA S.A.;58.430.828/0001-60;1079797246;07/08/2024;;2024-08-07;;;novo_em_relatorio
SONOVUE;Bracco Imaging do Brasil Importação e Distribuição de Medicamentos Ltda;10.742.412/0004-01;844569259;27/06/2025;;2025-06-27;;;novo_em_relatorio
ANIDULAFUNGINA;PFIZER BRASIL LTDA;61.072.393/0001-33;884257240;28/06/2024;;2024-06-28;;;novo_em_relatorio
VÊNULA;BIOLAB SANUS FARMACÊUTICA LTDA;49.475.833/0001-06;1058218255;13/08/2025;;2025-08-13;;;novo_em_relatorio
DRAMAVIT B6;BRAINFARMA INDÚSTRIA QUÍMICA E FARMACÊUTICA S.A;05.161.069/0001-10;387281258;21/03/2025;;2025-03-21;;;novo_em_relatorio
ACETATO DE CIPROTERONA+ETINILESTRADIOL;BRAINFARMA INDÚSTRIA QUÍMICA E FARMACÊUTICA S.A;05.161.069/0001-10;3581241218;10/09/2021;;2021-09-10;;;novo_em_relatorio
JARDIANCE;BOEHRINGER INGELHEIM DO BRASIL QUÍMICA E FARMACÊUTICA LTDA.;60.831.658/0001-77;194250253;11/02/2025;;2025-02-11;;;novo_em_relatorio
Prebictal;ADIUM S.A.;55.980.684/0001-27;553122240;26/04/2024;;2024-04-26;;;novo_em_relatorio
STRIVERDI RESPIMAT;BOEHRINGER INGELHEIM DO BRASIL QUÍMICA E FARMACÊUTICA LTDA.;60.831.658/0001-77;59618256;15/01/2025;;2025-01-15;;;novo_em_relatorio
CLORIDRATO DE VANCOMICINA;BLAU FARMACÊUTICA S.A.;58.430.828/0001-60;205226248;21/02/2024;;2024-02-21;;;novo_em_relatorio
meropeném;INSTITUTO BIOCHIMICO INDÚSTRIA FARMACÊUTICA LTDA;33.258.401/0001-03;322265258;10/03/2025;;2025-03-10;;;novo_em_relatorio
BIMAGAN;GEOLAB INDÚSTRIA FARMACÊUTICA S/A;03.485.572/0001-04;1197331247;30/08/2024;;2024-08-30;;;novo_em_relatorio
TOBRADEX;NOVARTIS BIOCIENCIAS S.A;56.994.502/0001-30;1200054253;10/09/2025;;2025-09-10;;;novo_em_relatorio
ALIVPRESS;CIMED INDUSTRIA S.A;02.814.497/0001-07;1968513191;12/08/2019;;2019-08-12;;;novo_em_relatorio
LERGIDRIN;LABORATÓRIO GLOBO SA;17.115.437/0001-73;793447259;12/06/2025;;2025-06-12;;;novo_em_relatorio
TRAVOPROSTA;GEOLAB INDÚSTRIA FARMACÊUTICA S/A;03.485.572/0001-04;776814231;26/07/2023;;2023-07-26;;;novo_em_relatorio
bromidrato de citalopram;LABORATÓRIO TEUTO BRASILEIRO S/A;17.159.229/0001-76;680489258;21/05/2025;;2025-05-21;;;novo_em_relatorio
cloridrato de memantina;UNICHEM FARMACÊUTICA DO BRASIL LTDA;05.399.786/0001-85;672406250;19/05/2025;;2025-05-19;;;novo_em_relatorio
Benegrip Multi;COSMED INDUSTRIA DE COSMETICOS E MEDICAMENTOS S.A.;61.082.426/0002-07;986450235;18/09/2023;;2023-09-18;;;novo_em_relatorio
celecoxibe;EMS S/A;57.507.378/0003-65;309796253;07/03/2025;;2025-03-07;;;novo_em_relatorio
AZOPT;NOVARTIS BIOCIENCIAS S.A;56.994.502/0001-30;1638252246;29/11/2024;;2024-11-29;;;novo_em_relatorio
AZORGA;NOVARTIS BIOCIENCIAS S.A;56.994.502/0001-30;640491251;12/05/2025;;2025-05-12;;;novo_em_relatorio
MARACUJÁ HERBARIUM;HERBARIUM LABORATORIO BOTANICO LTDA;78.950.011/0001-20;1187244252;08/09/2025;;2025-09-08;;;novo_em_relatorio
GLIBENCLAMIDA;GEOLAB INDÚSTRIA FARMACÊUTICA S/A;03.485.572/0001-04;362824258;18/03/2025;;2025-03-18;;;novo_em_relatorio
MONTELUCASTE DE SODIO;LABORATÓRIO TEUTO BRASILEIRO S/A;17.159.229/0001-76;221196251;17/02/2025;;2025-02-17;;;novo_em_relatorio
NAPRIX D;LIBBS FARMACÊUTICA LTDA;61.230.314/0001-75;665689250;16/05/2025;;2025-05-16;;;novo_em_relatorio
bimatoprosta;GEOLAB INDÚSTRIA FARMACÊUTICA S/A;03.485.572/0001-04;777935236;26/07/2023;;2023-07-26;;;novo_em_relatorio
TOPERMA;GRÜNENTHAL DO BRASIL FARMACÊUTICA LTDA.;10.555.143/0001-13;547670257;23/04/2025;;2025-04-23;;;novo_em_relatorio
LOSARTANA POTÁSSICA;SANDOZ DO BRASIL INDÚSTRIA FARMACÊUTICA LTDA;61.286.647/0001-16;578827255;29/04/2025;;2025-04-29;;;novo_em_relatorio
TRULICITY;ELI LILLY DO BRASIL LTDA;43.940.618/0001-44;814519253;18/06/2025;;2025-06-18;;;novo_em_relatorio
CITRATO DE SILDENAFILA;GEOLAB INDÚSTRIA FARMACÊUTICA S/A;03.485.572/0001-04;1045862180;31/10/2018;;2018-10-31;;;novo_em_relatorio
CITALOPRAM;ACHÉ LABORATÓRIOS FARMACÊUTICOS S.A;60.659.463/0029-92;1119635250;19/08/2025;;2025-08-19;;;novo_em_relatorio
OXYCONTIN;MUNDIPHARMA BRASIL PRODUTOS MÉDICOS E FARMACÊUTICOS LTDA;15.127.898/0001-30;963891235;12/09/2023;;2023-09-12;;;novo_em_relatorio
atenolol;CIMED INDUSTRIA S.A;02.814.497/0001-07;977500205;01/04/2020;;2020-04-01;;;novo_em_relatorio
CABERGOLINA;FUNDAÇÃO BAIANA DE PESQ. CIENTIFICA E DESENV. TECNOLOGICO, FORNECIMENTO E DISTRIBUIÇÃO DE MEDICAMENTOS-BAHIAFARMA;13.078.518/0001-90;839526218;03/03/2021;;2021-03-03;;;novo_em_relatorio
FLYARE;CIFARMA CIENTÍFICA FARMACÊUTICA LTDA;17.562.075/0001-69;843926252;27/06/2025;;2025-06-27;;;novo_em_relatorio
CARDOMARIN;NATULAB LABORATORIO S.A;02.456.955/0001-83;1516105249;04/11/2024;;2024-11-04;;;novo_em_relatorio
SECNIDAZOL;BRASTERAPICA PHARMACEUTICA LTDA.;46.179.008/0001-68;556917251;25/04/2025;;2025-04-25;;;novo_em_relatorio
COGNITUS;HERBARIUM LABORATORIO BOTANICO LTDA;78.950.011/0001-20;155228251;04/02/2025;;2025-02-04;;;novo_em_relatorio
COCICHIMIL;MULTILAB INDUSTRIA E COMERCIO DE PRODUTOS FARMACEUTICOS LTDA;92.265.552/0009-05;1593658249;21/11/2024;;2024-11-21;;;novo_em_relatorio
SECTIL;BRASTERAPICA PHARMACEUTICA LTDA.;46.179.008/0001-68;556922255;25/04/2025;;2025-04-25;;;novo_em_relatorio
cloridrato de irinotecano;FRESENIUS KABI BRASIL LTDA;49.324.221/0001-04;1067472258;14/08/2025;;2025-08-14;;;novo_em_relatorio
SPECTOFLUX;LABORATÓRIO GLOBO SA;17.115.437/0001-73;825966256;23/06/2025;;2025-06-23;;;novo_em_relatorio
KADCYLA;PRODUTOS ROCHE QUÍMICOS E FARMACÊUTICOS S.A.;33.009.945/0001-23;824768256;23/06/2025;;2025-06-23;;;novo_em_relatorio
TIBOLONA;BRAINFARMA INDÚSTRIA QUÍMICA E FARMACÊUTICA S.A;05.161.069/0001-10;1730342248;18/12/2024;;2024-12-18;;;novo_em_relatorio
ácido zoledrônico;SUN FARMACÊUTICA DO BRASIL LTDA;05.035.244/0001-23;445388251;01/04/2025;;2025-04-01;;;novo_em_relatorio
Remsima;CELLTRION HEALTHCARE DISTRIBUICAO DE PRODUTOS FARMACEUTICOS DOS BRASIL LTDA;05.452.889/0001-61;1020205253;08/08/2025;;2025-08-08;;;novo_em_relatorio
SECDAZOL;VITAMEDIC INDUSTRIA FARMACEUTICA LTDA;30.222.814/0001-31;349390258;14/03/2025;;2025-03-14;;;novo_em_relatorio
PURINETHOL;ASPEN PHARMA INDÚSTRIA FARMACÊUTICA LTDA;02.433.631/0001-20;355278251;17/03/2025;;2025-03-17;;;novo_em_relatorio
DIPIRONA SÓDICA;BRAINFARMA INDÚSTRIA QUÍMICA E FARMACÊUTICA S.A;05.161.069/0001-10;529567253;17/04/2025;;2025-04-17;;;novo_em_relatorio
NEOCOFLAN;BRAINFARMA INDÚSTRIA QUÍMICA E FARMACÊUTICA S.A;05.161.069/0001-10;928625249;08/07/2024;;2024-07-08;;;novo_em_relatorio
HEMITARTARATO DE RIVASTIGMINA;INSTITUTO VITAL BRAZIL S/A;30.064.034/0001-00;1021325252;08/08/2025;;2025-08-08;;;novo_em_relatorio
GABALLON;ZYDUS NIKKHO FARMACÊUTICA LTDA;05.254.971/0001-81;768699258;06/06/2025;;2025-06-06;;;novo_em_relatorio
NIKI;EMS SIGMA PHARMA LTDA;00.923.140/0001-31;766428257;06/06/2025;;2025-06-06;;;novo_em_relatorio
GASTROL;BRAINFARMA INDÚSTRIA QUÍMICA E FARMACÊUTICA S.A;05.161.069/0001-10;549735232;30/05/2023;;2023-05-30;;;novo_em_relatorio
Dorene;ACHÉ LABORATÓRIOS FARMACÊUTICOS S.A;60.659.463/0029-92;303966246;12/03/2024;;2024-03-12;;;novo_em_relatorio
SENARETI;BRAINFARMA INDÚSTRIA QUÍMICA E FARMACÊUTICA S.A;05.161.069/0001-10;2755526211;15/07/2021;;2021-07-15;;;novo_em_relatorio
PARNATE;GLAXOSMITHKLINE BRASIL LTDA;33.247.743/0001-10;793476259;12/06/2025;;2025-06-12;;;novo_em_relatorio
MESILATO DE IMATINIBE;CRISTÁLIA PRODUTOS QUÍMICOS FARMACÊUTICOS LTDA.;44.734.671/0001-51;601076257;05/05/2025;;2025-05-05;;;novo_em_relatorio
INTHOS;FARMOQUÍMICA S/A;33.349.473/0001-58;1371800235;04/12/2023;;2023-12-04;;;novo_em_relatorio
HISTAMIN;BRAINFARMA INDÚSTRIA QUÍMICA E FARMACÊUTICA S.A;05.161.069/0001-10;3448079219;01/09/2021;;2021-09-01;;;novo_em_relatorio
SUMAXPRO;LIBBS FARMACÊUTICA LTDA;61.230.314/0001-75;1161307257;29/08/2025;;2025-08-29;;;novo_em_relatorio
FLUTAMIDA;BLAU FARMACÊUTICA S.A.;58.430.828/0001-60;211706248;22/02/2024;;2024-02-22;;;novo_em_relatorio
GLIADEL;EISAI LABORATÓRIOS LTDA;08.416.362/0001-70;701666212;22/02/2021;;2021-02-22;;;novo_em_relatorio
DICLOFENACO RESINATO;CIMED INDUSTRIA S.A;02.814.497/0001-07;2667237226;03/05/2022;;2022-05-03;;;novo_em_relatorio
CODYLEX;GEOLAB INDÚSTRIA FARMACÊUTICA S/A;03.485.572/0001-04;1143327182;04/12/2018;;2018-12-04;;;novo_em_relatorio
LORSACOR;SANDOZ DO BRASIL INDÚSTRIA FARMACÊUTICA LTDA;61.286.647/0001-16;509960251;14/04/2025;;2025-04-14;;;novo_em_relatorio
cloridrato de fluoxetina;AUROBINDO PHARMA INDÚSTRIA FARMACÊUTICA LIMITADA;04.301.884/0001-75;4244297204;01/12/2020;;2020-12-01;;;novo_em_relatorio
CIPIDE;ACHÉ LABORATÓRIOS FARMACÊUTICOS S.A;60.659.463/0029-92;1025598253;11/08/2025;;2025-08-11;;;novo_em_relatorio
BACTRONEO;BRAINFARMA INDÚSTRIA QUÍMICA E FARMACÊUTICA S.A;05.161.069/0001-10;3963606202;11/11/2020;;2020-11-11;;;novo_em_relatorio
FLEBOGAMMA;GRIFOLS BRASIL LTDA;02.513.899/0001-71;192583255;11/02/2025;;2025-02-11;;;novo_em_relatorio
FORTEVIT;AIRELA INDÚSTRIA FARMACÊUTICA LTDA.;01.858.973/0001-29;3867813206;04/11/2020;;2020-11-04;;;novo_em_relatorio
VAST;EUROFARMA LABORATÓRIOS S.A.;61.190.096/0001-92;712680250;27/05/2025;;2025-05-27;;;novo_em_relatorio
ARISTAB;ACHÉ LABORATÓRIOS FARMACÊUTICOS S.A;60.659.463/0029-92;73031241;19/01/2024;;2024-01-19;;;novo_em_relatorio
MYRBETRIC;ASTELLAS FARMA BRASIL IMPORTAÇÃO E DISTRIBUIÇÃO DE MEDICAMENTOS LTDA.;07.768.134/0001-04;1639778241;29/11/2024;;2024-11-29;;;novo_em_relatorio
BENECTRIN;LEGRAND PHARMA INDÚSTRIA FARMACÊUTICA LTDA;05.044.984/0001-26;1054223246;01/08/2024;;2024-08-01;;;novo_em_relatorio
amoxicilina + clavulanato de potássio;SANDOZ DO BRASIL INDÚSTRIA FARMACÊUTICA LTDA;61.286.647/0001-16;187966249;19/02/2024;;2024-02-19;;;novo_em_relatorio
PROGRAF;ASTELLAS FARMA BRASIL IMPORTAÇÃO E DISTRIBUIÇÃO DE MEDICAMENTOS LTDA.;07.768.134/0001-04;943824257;21/07/2025;;2025-07-21;;;novo_em_relatorio
SUMAX;LIBBS FARMACÊUTICA LTDA;61.230.314/0001-75;1161158251;29/08/2025;;2025-08-29;;;novo_em_relatorio
LEFLUNOMIDA;CRISTÁLIA PRODUTOS QUÍMICOS FARMACÊUTICOS LTDA.;44.734.671/0001-51;1656911248;04/12/2024;;2024-12-04;;;novo_em_relatorio
FINALOP;LIBBS FARMACÊUTICA LTDA;61.230.314/0001-75;966606256;24/07/2025;;2025-07-24;;;novo_em_relatorio
SEEBRI;NOVARTIS BIOCIENCIAS S.A;56.994.502/0001-30;725317256;28/05/2025;;2025-05-28;;;novo_em_relatorio
levofloxacino;CIMED INDUSTRIA S.A;02.814.497/0001-07;808738259;17/06/2025;;2025-06-17;;;novo_em_relatorio
GLIBENCLAMIDA;BRAINFARMA INDÚSTRIA QUÍMICA E FARMACÊUTICA S.A;05.161.069/0001-10;2285678223;12/04/2022;;2022-04-12;;;novo_em_relatorio
diclofenaco sódico;BRAINFARMA INDÚSTRIA QUÍMICA E FARMACÊUTICA S.A;05.161.069/0001-10;5107220223;29/12/2022;;2022-12-29;;;novo_em_relatorio
GABAPENTINA;PRATI DONADUZZI & CIA LTDA;73.856.593/0001-66;1042936251;12/08/2025;;2025-08-12;;;novo_em_relatorio
olanzapina;EUROFARMA LABORATÓRIOS S.A.;61.190.096/0001-92;128840242;01/02/2024;;2024-02-01;;;novo_em_relatorio
HECLIVIR;BRAINFARMA INDÚSTRIA QUÍMICA E FARMACÊUTICA S.A;05.161.069/0001-10;557393199;25/06/2019;;2019-06-25;;;novo_em_relatorio
dicloridrato de pramipexol;FUNDAÇÃO OSWALDO CRUZ;33.781.055/0001-35;271868252;26/02/2025;;2025-02-26;;;novo_em_relatorio
OMNISCAN;GE HEALTHCARE DO BRASIL COMÉRCIO E SERVIÇOS PARA EQUIPAMENTOS MEDICO-HOSPITALARES LTDA;00.029.372/0001-40;759464243;06/06/2024;;2024-06-06;;;novo_em_relatorio
mirtazapina;LABORATÓRIO GLOBO SA;17.115.437/0001-73;1101740230;16/10/2023;;2023-10-16;;;novo_em_relatorio
VACINA POLIOMIELITE 1, 2 E 3 (INATIVADA);FUNDAÇÃO OSWALDO CRUZ;33.781.055/0001-35;1017684251;07/08/2025;;2025-08-07;;;novo_em_relatorio
RELVAR ELLIPTA;GLAXOSMITHKLINE BRASIL LTDA;33.247.743/0001-10;611144255;06/05/2025;;2025-05-06;;;novo_em_relatorio
DUPLIVIR;BLANVER FARMOQUIMICA E FARMACEUTICA S.A.;53.359.824/0001-19;3816021212;27/09/2021;;2021-09-27;;;novo_em_relatorio
EUCAPROL;APIS FLORA INDUSTRIAL E COMERCIAL LTDA;49.345.358/0001-45;4288215226;13/06/2022;;2022-06-13;;;novo_em_relatorio
RINGER COM LACTATO;HALEX ISTAR INDÚSTRIA FARMACÊUTICA SA;01.571.702/0001-98;2493014208;29/07/2020;;2020-07-29;;;novo_em_relatorio
VALERIANE;ZYDUS NIKKHO FARMACÊUTICA LTDA;05.254.971/0001-81;615277250;07/05/2025;;2025-05-07;;;novo_em_relatorio
LATANOPROSTA + MALEATO DE TIMOLOL;GEOLAB INDÚSTRIA FARMACÊUTICA S/A;03.485.572/0001-04;665022255;16/05/2025;;2025-05-16;;;novo_em_relatorio
cloridrato de loperamida;SANDOZ DO BRASIL INDÚSTRIA FARMACÊUTICA LTDA;61.286.647/0001-16;732143250;29/05/2025;;2025-05-29;;;novo_em_relatorio
ATRED;LIBBS FARMACÊUTICA LTDA;61.230.314/0001-75;857086251;30/06/2025;;2025-06-30;;;novo_em_relatorio
maleato de bronfeniramina + cloridrato de fenilefrina;BRAINFARMA INDÚSTRIA QUÍMICA E FARMACÊUTICA S.A;05.161.069/0001-10;550566252;24/04/2025;;2025-04-24;;;novo_em_relatorio
ARPYNFLAN;NATULAB LABORATORIO S.A;02.456.955/0001-83;4246398225;02/06/2022;;2022-06-02;;;novo_em_relatorio
LANSOPRAZOL;LEGRAND PHARMA INDÚSTRIA FARMACÊUTICA LTDA;05.044.984/0001-26;1183656254;05/09/2025;;2025-09-05;;;novo_em_relatorio
esomeprazol magnésico;RANBAXY FARMACÊUTICA LTDA;73.663.650/0001-90;1173592253;03/09/2025;;2025-09-03;;;novo_em_relatorio
ERIVEDGE;PRODUTOS ROCHE QUÍMICOS E FARMACÊUTICOS S.A.;33.009.945/0001-23;761212256;05/06/2025;;2025-06-05;;;novo_em_relatorio
SULFATO DE ATAZANAVIR;FUNDAÇÃO OSWALDO CRUZ;33.781.055/0001-35;934880255;18/07/2025;;2025-07-18;;;novo_em_relatorio
METRONIDAZOL;JP INDUSTRIA FARMACEUTICA S/A;55.972.087/0001-50;801412251;16/06/2025;;2025-06-16;;;novo_em_relatorio
SULFATO DE EFEDRINA;HIPOLABOR FARMACEUTICA LTDA;19.570.720/0001-10;1200974239;01/11/2023;;2023-11-01;;;novo_em_relatorio
RENOPRIL;BELFAR LTDA;18.324.343/0001-77;969812256;25/07/2025;;2025-07-25;;;novo_em_relatorio
hemitartarato de zolpidem;BRAINFARMA INDÚSTRIA QUÍMICA E FARMACÊUTICA S.A;05.161.069/0001-10;1041057253;12/08/2025;;2025-08-12;;;novo_em_relatorio
OTOCIRIAX;FARMOQUÍMICA S/A;33.349.473/0001-58;1349328243;01/10/2024;;2024-10-01;;;novo_em_relatorio
MOFILEN;INSTITUTO BIOCHIMICO INDÚSTRIA FARMACÊUTICA LTDA;33.258.401/0001-03;866239251;02/07/2025;;2025-07-02;;;novo_em_relatorio
BLUMEL HEDERA;BRAINFARMA INDÚSTRIA QUÍMICA E FARMACÊUTICA S.A;05.161.069/0001-10;396596258;24/03/2025;;2025-03-24;;;novo_em_relatorio
ZOLPROX;LABORATÓRIO GLOBO SA;17.115.437/0001-73;826414257;23/06/2025;;2025-06-23;;;novo_em_relatorio
VALESSONE;NATULAB LABORATORIO S.A;02.456.955/0001-83;1173726233;26/10/2023;;2023-10-26;;;novo_em_relatorio
FAZOLON;BLAU FARMACÊUTICA S.A.;58.430.828/0001-60;1257141236;14/11/2023;;2023-11-14;;;novo_em_relatorio
CLORIDRATO DE CIPROFLOXACINO;BRASTERAPICA PHARMACEUTICA LTDA.;46.179.008/0001-68;64771237;20/01/2023;;2023-01-20;;;novo_em_relatorio
CLORIDRATO DE GENCITABINA;BLAU FARMACÊUTICA S.A.;58.430.828/0001-60;867913258;02/07/2025;;2025-07-02;;;novo_em_relatorio
FOSFATO DISSODICO DE DEXAMETASONA;LABORATÓRIO TEUTO BRASILEIRO S/A;17.159.229/0001-76;963327241;15/07/2024;;2024-07-15;;;novo_em_relatorio
sulfato de neomicina + bacitracina zíncica;BRAINFARMA INDÚSTRIA QUÍMICA E FARMACÊUTICA S.A;05.161.069/0001-10;63978253;16/01/2025;;2025-01-16;;;novo_em_relatorio
EFRINALIN;BLAU FARMACÊUTICA S.A.;58.430.828/0001-60;1150692251;27/08/2025;;2025-08-27;;;novo_em_relatorio
AMIXAL;LABORATORIOS B. BRAUN S/A;31.673.254/0001-02;116602244;30/01/2024;;2024-01-30;;;novo_em_relatorio
LOXAM;BRAINFARMA INDÚSTRIA QUÍMICA E FARMACÊUTICA S.A;05.161.069/0001-10;1175133256;03/09/2025;;2025-09-03;;;novo_em_relatorio
NOVALGINA;OPELLA HEALTHCARE BRAZIL LTDA;38.391.432/0001-43;73370258;17/01/2025;;2025-01-17;;;novo_em_relatorio
hemitartarato de zolpidem;EMS S/A;57.507.378/0003-65;32810253;09/01/2025;;2025-01-09;;;novo_em_relatorio
cloridrato de hidroxizina;BRAINFARMA INDÚSTRIA QUÍMICA E FARMACÊUTICA S.A;05.161.069/0001-10;1064635213;19/03/2021;;2021-03-19;;;novo_em_relatorio
SULFAMETOXAZOL + TRIMETOPRIMA;EMS S/A;57.507.378/0003-65;1054407240;01/08/2024;;2024-08-01;;;novo_em_relatorio
NEOTAREN;BRAINFARMA INDÚSTRIA QUÍMICA E FARMACÊUTICA S.A;05.161.069/0001-10;274292254;26/02/2025;;2025-02-26;;;novo_em_relatorio
CLORIDRATO DE DONEPEZILA;CRISTÁLIA PRODUTOS QUÍMICOS FARMACÊUTICOS LTDA.;44.734.671/0001-51;573261237;05/06/2023;;2023-06-05;;;novo_em_relatorio
DRENATAN;GERMED FARMACEUTICA LTDA;45.992.062/0001-65;600218252;05/05/2025;;2025-05-05;;;novo_em_relatorio
NEOPIRIDIN;BRAINFARMA INDÚSTRIA QUÍMICA E FARMACÊUTICA S.A;05.161.069/0001-10;1289821241;19/09/2024;;2024-09-19;;;novo_em_relatorio
maleato de dexclorfeniramina + sulfato de pseudoefedrina + guaifenesina;EMS S/A;57.507.378/0003-65;1152882252;28/08/2025;;2025-08-28;;;novo_em_relatorio
FORTEO;ELI LILLY DO BRASIL LTDA;43.940.618/0001-44;788537253;11/06/2025;;2025-06-11;;;novo_em_relatorio
HEBLAX;INFAN INDUSTRIA QUIMICA FARMACEUTICA NACIONAL S/A;08.939.548/0001-03;2594927166;03/01/2023;;2023-01-03;;;novo_em_relatorio
MOTORE;ACHÉ LABORATÓRIOS FARMACÊUTICOS S.A;60.659.463/0029-92;1176947249;27/08/2024;;2024-08-27;;;novo_em_relatorio
FURP - SULFADIAZINA;FUNDAÇÃO PARA O REMÉDIO POPULAR - FURP;43.640.754/0001-19;1152120247;22/08/2024;;2024-08-22;;;novo_em_relatorio
NEOPRAZOL;BRAINFARMA INDÚSTRIA QUÍMICA E FARMACÊUTICA S.A;05.161.069/0001-10;1289965242;19/09/2024;;2024-09-19;;;novo_em_relatorio
CLONAZEPAM (PORT. 344/98 – LISTA B1);PRATI DONADUZZI & CIA LTDA;73.856.593/0001-66;4609728207;28/12/2020;;2020-12-28;;;novo_em_relatorio
MICLOX;MULTILAB INDUSTRIA E COMERCIO DE PRODUTOS FARMACEUTICOS LTDA;92.265.552/0009-05;359652247;22/03/2024;;2024-03-22;;;novo_em_relatorio
DICLORIDRATO DE PRAMIPEXOL;EMS S/A;57.507.378/0003-65;1013302249;24/07/2024;;2024-07-24;;;novo_em_relatorio
ACEBROFILINA;BRAINFARMA INDÚSTRIA QUÍMICA E FARMACÊUTICA S.A;05.161.069/0001-10;793024251;12/06/2025;;2025-06-12;;;novo_em_relatorio
oxalato de escitalopram;SANDOZ DO BRASIL INDÚSTRIA FARMACÊUTICA LTDA;61.286.647/0001-16;543166236;29/05/2023;;2023-05-29;;;novo_em_relatorio
PERJETA HER;PRODUTOS ROCHE QUÍMICOS E FARMACÊUTICOS S.A.;33.009.945/0001-23;532139241;23/04/2024;;2024-04-23;;;novo_em_relatorio
REMICADE;JANSSEN-CILAG FARMACÊUTICA LTDA;51.780.468/0001-87;792507258;12/06/2025;;2025-06-12;;;novo_em_relatorio
DICLOFENACO SÓDICO;HALEX ISTAR INDÚSTRIA FARMACÊUTICA SA;01.571.702/0001-98;2202350190;18/09/2019;;2019-09-18;;;novo_em_relatorio
TRESIBA;NOVO NORDISK FARMACÊUTICA DO BRASIL LTDA;82.277.955/0001-55;547070250;23/04/2025;;2025-04-23;;;novo_em_relatorio
ELIGARD;ADIUM S.A.;55.980.684/0001-27;420439251;27/03/2025;;2025-03-27;;;novo_em_relatorio
XALANOFT;GEOLAB INDÚSTRIA FARMACÊUTICA S/A;03.485.572/0001-04;662430255;16/05/2025;;2025-05-16;;;novo_em_relatorio
ADCETRIS;TAKEDA PHARMA LTDA.;60.397.775/0001-74;1318145244;25/09/2024;;2024-09-25;;;novo_em_relatorio
XALOFTAL;GEOLAB INDÚSTRIA FARMACÊUTICA S/A;03.485.572/0001-04;679304258;20/05/2025;;2025-05-20;;;novo_em_relatorio
ANCORON;LIBBS FARMACÊUTICA LTDA;61.230.314/0001-75;260695254;24/02/2025;;2025-02-24;;;novo_em_relatorio
PATZ SL;EMS SIGMA PHARMA LTDA;00.923.140/0001-31;52724255;14/01/2025;;2025-01-14;;;novo_em_relatorio
CREON;ABBOTT LABORATÓRIOS DO BRASIL LTDA;56.998.701/0001-16;368323251;19/03/2025;;2025-03-19;;;novo_em_relatorio
BENEGRIP;COSMED INDUSTRIA DE COSMETICOS E MEDICAMENTOS S.A.;61.082.426/0002-07;531309258;17/04/2025;;2025-04-17;;;novo_em_relatorio
ZIDER;LIBBS FARMACÊUTICA LTDA;61.230.314/0001-75;1368442242;04/10/2024;;2024-10-04;;;novo_em_relatorio
CLORIDRATO DE TANSULOSINA;GEOLAB INDÚSTRIA FARMACÊUTICA S/A;03.485.572/0001-04;1159320250;29/08/2025;;2025-08-29;;;novo_em_relatorio
TOPIRAMATO;ZYDUS NIKKHO FARMACÊUTICA LTDA;05.254.971/0001-81;329940252;11/03/2025;;2025-03-11;;;novo_em_relatorio
NISOFLAN;GEOLAB INDÚSTRIA FARMACÊUTICA S/A;03.485.572/0001-04;4931986226;11/11/2022;;2022-11-11;;;novo_em_relatorio
DEXTAMINE;CIFARMA CIENTÍFICA FARMACÊUTICA LTDA;17.562.075/0001-69;661694259;16/05/2025;;2025-05-16;;;novo_em_relatorio
FEMOSTON;ABBOTT LABORATÓRIOS DO BRASIL LTDA;56.998.701/0001-16;235571253;19/02/2025;;2025-02-19;;;novo_em_relatorio
ORLISTATE;EMS S/A;57.507.378/0003-65;1011185253;06/08/2025;;2025-08-06;;;novo_em_relatorio
diclofenaco sódico;GERMED FARMACEUTICA LTDA;45.992.062/0001-65;579186253;29/04/2025;;2025-04-29;;;novo_em_relatorio
PREDNISOLONA;EMS S/A;57.507.378/0003-65;662061250;16/05/2025;;2025-05-16;;;novo_em_relatorio
DUPHASTON;ABBOTT LABORATÓRIOS DO BRASIL LTDA;56.998.701/0001-16;779101251;10/06/2025;;2025-06-10;;;novo_em_relatorio
BETASERC;ABBOTT LABORATÓRIOS DO BRASIL LTDA;56.998.701/0001-16;655192255;15/05/2025;;2025-05-15;;;novo_em_relatorio
XAROPE VICK;PROCTER & GAMBLE DO BRASIL LTDA.;59.476.770/0001-58;4859061225;24/10/2022;;2022-10-24;;;novo_em_relatorio
CARBOCISTEÍNA;CIMED INDUSTRIA S.A;02.814.497/0001-07;1081155189;13/11/2018;;2018-11-13;;;novo_em_relatorio
BALSAMO BENGUE;EMS S/A;57.507.378/0003-65;971478252;25/07/2025;;2025-07-25;;;novo_em_relatorio
AMPICILINA SÓDICA + SULBACTAM SÓDICO;VIATRIS FARMACEUTICA DO BRASIL LTDA;11.643.096/0001-22;147898251;03/02/2025;;2025-02-03;;;novo_em_relatorio
COBAVITAL;ABBOTT LABORATÓRIOS DO BRASIL LTDA;56.998.701/0001-16;1339850249;30/09/2024;;2024-09-30;;;novo_em_relatorio
TEMODAL;MERCK SHARP & DOHME FARMACEUTICA LTDA.;03.560.974/0001-18;781227241;11/06/2024;;2024-06-11;;;novo_em_relatorio
IBUVIX;GEOLAB INDÚSTRIA FARMACÊUTICA S/A;03.485.572/0001-04;1564844242;13/11/2024;;2024-11-13;;;novo_em_relatorio
TASULIL;GEOLAB INDÚSTRIA FARMACÊUTICA S/A;03.485.572/0001-04;51838231;17/01/2023;;2023-01-17;;;novo_em_relatorio
piperacilina sódica + tazobactam sódico;VIATRIS FARMACEUTICA DO BRASIL LTDA;11.643.096/0001-22;1084032244;08/08/2024;;2024-08-08;;;novo_em_relatorio
NOXAFIL;MERCK SHARP & DOHME FARMACEUTICA LTDA.;03.560.974/0001-18;360694250;18/03/2025;;2025-03-18;;;novo_em_relatorio
GAMA ANTI-HEPATITE B GRIFOLS;GRIFOLS BRASIL LTDA;02.513.899/0001-71;192621254;11/02/2025;;2025-02-11;;;novo_em_relatorio
COMBODART;GLAXOSMITHKLINE BRASIL LTDA;33.247.743/0001-10;935048251;18/07/2025;;2025-07-18;;;novo_em_relatorio
TOPIRAMATO;LABORATÓRIO TEUTO BRASILEIRO S/A;17.159.229/0001-76;1503151247;31/10/2024;;2024-10-31;;;novo_em_relatorio
DERMOTIL FUSID;GLENMARK FARMACÊUTICA LTDA;44.363.661/0001-57;1624515240;27/11/2024;;2024-11-27;;;novo_em_relatorio
L-ENEMA;NATULAB LABORATORIO S.A;02.456.955/0001-83;1027183150;25/11/2015;;2015-11-25;;;novo_em_relatorio
FUMARATO DE TENOFOVIR DESOPROXILA;LABORATORIO FARMACEUTICO DO ESTADO DE PERNAMBUCO GOVERNADOR MIGUEL ARRAES S/A - LAFEPE;10.877.926/0001-13;911663258;11/07/2025;;2025-07-11;;;novo_em_relatorio
HIRUDOID;DAIICHI SANKYO BRASIL FARMACÊUTICA LTDA;60.874.187/0001-84;747915245;04/06/2024;;2024-06-04;;;novo_em_relatorio
ALLEXOFEDRIN D;EMS S/A;57.507.378/0003-65;1117686256;19/08/2025;;2025-08-19;;;novo_em_relatorio
LEVOTAC;CRISTÁLIA PRODUTOS QUÍMICOS FARMACÊUTICOS LTDA.;44.734.671/0001-51;361744251;18/03/2025;;2025-03-18;;;novo_em_relatorio
SOMALGIN CARDIO;EMS SIGMA PHARMA LTDA;00.923.140/0001-31;2732478229;17/05/2022;;2022-05-17;;;novo_em_relatorio
Eylia;BAYER S.A.;18.459.628/0001-15;907956254;11/07/2025;;2025-07-11;;;novo_em_relatorio
TACROLIMO;FUNDAÇÃO OSWALDO CRUZ;33.781.055/0001-35;909259241;03/07/2024;;2024-07-03;;;novo_em_relatorio
ZYTIGA;JANSSEN-CILAG FARMACÊUTICA LTDA;51.780.468/0001-87;1211641244;03/09/2024;;2024-09-03;;;novo_em_relatorio
PRIMOVIST;BAYER S.A.;18.459.628/0001-15;1304364241;23/09/2024;;2024-09-23;;;novo_em_relatorio
SUSTRATE;FARMOQUÍMICA S/A;33.349.473/0001-58;840200251;26/06/2025;;2025-06-26;;;novo_em_relatorio
POLAREN;CIFARMA CIENTÍFICA FARMACÊUTICA LTDA;17.562.075/0001-69;922126241;05/07/2024;;2024-07-05;;;novo_em_relatorio
HEDRA EXPEC;LEGRAND PHARMA INDÚSTRIA FARMACÊUTICA LTDA;05.044.984/0001-26;200816250;12/02/2025;;2025-02-12;;;novo_em_relatorio
ALENTHUS XR;SANOFI MEDLEY FARMACÊUTICA LTDA.;10.588.595/0010-92;1219040240;04/09/2024;;2024-09-04;;;novo_em_relatorio
SELOZOK FIX;ASTRAZENECA DO BRASIL LTDA;60.318.797/0001-00;1181559251;05/09/2025;;2025-09-05;;;novo_em_relatorio
TENOXIL;MEDQUIMICA INDUSTRIA FARMACEUTICA LTDA.;17.875.154/0001-20;679350250;20/05/2025;;2025-05-20;;;novo_em_relatorio
LASTACAFT;ALLERGAN PRODUTOS FARMACÊUTICOS LTDA;43.426.626/0001-77;564493236;02/06/2023;;2023-06-02;;;novo_em_relatorio
cloridrato de ambroxol;CIMED INDUSTRIA S.A;02.814.497/0001-07;1137454253;25/08/2025;;2025-08-25;;;novo_em_relatorio
Avonex;BIOGEN BRASIL PRODUTOS FARMACÊUTICOS LTDA;07.986.222/0001-74;787326259;11/06/2025;;2025-06-11;;;novo_em_relatorio
XAROPE DE GUACO NATULAB;NATULAB LABORATORIO S.A;02.456.955/0001-83;1368331246;04/10/2024;;2024-10-04;;;novo_em_relatorio
CLORIDRATO DE TETRACICLINA;LABORATÓRIO TEUTO BRASILEIRO S/A;17.159.229/0001-76;106337254;24/01/2025;;2025-01-24;;;novo_em_relatorio
Ibuprofeno;GEOLAB INDÚSTRIA FARMACÊUTICA S/A;03.485.572/0001-04;324749180;25/04/2018;;2018-04-25;;;novo_em_relatorio
ZELBORAF;PRODUTOS ROCHE QUÍMICOS E FARMACÊUTICOS S.A.;33.009.945/0001-23;809907259;17/06/2025;;2025-06-17;;;novo_em_relatorio
Ácido Fusídico;BRAINFARMA INDÚSTRIA QUÍMICA E FARMACÊUTICA S.A;05.161.069/0001-10;522522181;29/06/2018;;2018-06-29;;;novo_em_relatorio
IVERNEO;BRAINFARMA INDÚSTRIA QUÍMICA E FARMACÊUTICA S.A;05.161.069/0001-10;657455237;27/06/2023;;2023-06-27;;;novo_em_relatorio
Cloridrato de Tramadol;BRAINFARMA INDÚSTRIA QUÍMICA E FARMACÊUTICA S.A;05.161.069/0001-10;11854251;06/01/2025;;2025-01-06;;;novo_em_relatorio
BABYNEO;BRAINFARMA INDÚSTRIA QUÍMICA E FARMACÊUTICA S.A;05.161.069/0001-10;3652529219;15/09/2021;;2021-09-15;;;novo_em_relatorio
ALPHANINE;GRIFOLS BRASIL LTDA;02.513.899/0001-71;193106256;11/02/2025;;2025-02-11;;;novo_em_relatorio
OMNIPAQUE;GE HEALTHCARE DO BRASIL COMÉRCIO E SERVIÇOS PARA EQUIPAMENTOS MEDICO-HOSPITALARES LTDA;00.029.372/0001-40;334067251;12/03/2025;;2025-03-12;;;novo_em_relatorio
tenoxicam;BRAINFARMA INDÚSTRIA QUÍMICA E FARMACÊUTICA S.A;05.161.069/0001-10;774565250;09/06/2025;;2025-06-09;;;novo_em_relatorio
NIMESULIDA;BRAINFARMA INDÚSTRIA QUÍMICA E FARMACÊUTICA S.A;05.161.069/0001-10;1380979234;05/12/2023;;2023-12-05;;;novo_em_relatorio
INSONOX;LABORATÓRIO TEUTO BRASILEIRO S/A;17.159.229/0001-76;149719248;07/02/2024;;2024-02-07;;;novo_em_relatorio
diazepam;BRAINFARMA INDÚSTRIA QUÍMICA E FARMACÊUTICA S.A;05.161.069/0001-10;43282237;16/01/2023;;2023-01-16;;;novo_em_relatorio
CIPROFLOXACINO;BRAINFARMA INDÚSTRIA QUÍMICA E FARMACÊUTICA S.A;05.161.069/0001-10;377852252;20/03/2025;;2025-03-20;;;novo_em_relatorio
LEVONORGESTREL;BRAINFARMA INDÚSTRIA QUÍMICA E FARMACÊUTICA S.A;05.161.069/0001-10;1169539254;02/09/2025;;2025-09-02;;;novo_em_relatorio
RISPERIDONA;ACCORD FARMACÊUTICA LTDA;64.171.697/0001-46;612995259;07/05/2025;;2025-05-07;;;novo_em_relatorio
piroxicam;BRAINFARMA INDÚSTRIA QUÍMICA E FARMACÊUTICA S.A;05.161.069/0001-10;4298263223;15/06/2022;;2022-06-15;;;novo_em_relatorio
DUSPATALIN;ABBOTT LABORATÓRIOS DO BRASIL LTDA;56.998.701/0001-16;244523258;20/02/2025;;2025-02-20;;;novo_em_relatorio
RESFRILIV;GEOLAB INDÚSTRIA FARMACÊUTICA S/A;03.485.572/0001-04;835236251;25/06/2025;;2025-06-25;;;novo_em_relatorio
PRESSAT;BIOLAB SANUS FARMACÊUTICA LTDA;49.475.833/0001-06;1435455240;18/10/2024;;2024-10-18;;;novo_em_relatorio
HAEMATE P;CSL BEHRING COMÉRCIO DE PRODUTOS FARMACÊUTICOS LTDA;62.969.589/0001-98;1175390259;03/09/2025;;2025-09-03;;;novo_em_relatorio
EFFIENT;DAIICHI SANKYO BRASIL FARMACÊUTICA LTDA;60.874.187/0001-84;538952253;22/04/2025;;2025-04-22;;;novo_em_relatorio
NEODIA;BRAINFARMA INDÚSTRIA QUÍMICA E FARMACÊUTICA S.A;05.161.069/0001-10;1169625258;02/09/2025;;2025-09-02;;;novo_em_relatorio
RENALAPRIL;BRAINFARMA INDÚSTRIA QUÍMICA E FARMACÊUTICA S.A;05.161.069/0001-10;417575238;26/04/2023;;2023-04-26;;;novo_em_relatorio
GAMMAR;ZYDUS NIKKHO FARMACÊUTICA LTDA;05.254.971/0001-81;4431425225;15/07/2022;;2022-07-15;;;novo_em_relatorio
Naproxeno sódico;BRAINFARMA INDÚSTRIA QUÍMICA E FARMACÊUTICA S.A;05.161.069/0001-10;1351593242;02/10/2024;;2024-10-02;;;novo_em_relatorio
TILUGEN;BRAINFARMA INDÚSTRIA QUÍMICA E FARMACÊUTICA S.A;05.161.069/0001-10;1343264218;08/04/2021;;2021-04-08;;;novo_em_relatorio
VALERATO DE BETAMETASONA;BRAINFARMA INDÚSTRIA QUÍMICA E FARMACÊUTICA S.A;05.161.069/0001-10;306504251;06/03/2025;;2025-03-06;;;novo_em_relatorio
TOBRAMICINA;BRAINFARMA INDÚSTRIA QUÍMICA E FARMACÊUTICA S.A;05.161.069/0001-10;1074343255;14/08/2025;;2025-08-14;;;novo_em_relatorio
VALPROATO DE SODIO;PRATI DONADUZZI & CIA LTDA;73.856.593/0001-66;228722250;18/02/2025;;2025-02-18;;;novo_em_relatorio
NEOSORO;BRAINFARMA INDÚSTRIA QUÍMICA E FARMACÊUTICA S.A;05.161.069/0001-10;494447257;10/04/2025;;2025-04-10;;;novo_em_relatorio
MALEATO DE DEXCLORFENIRAMINA;BRAINFARMA INDÚSTRIA QUÍMICA E FARMACÊUTICA S.A;05.161.069/0001-10;347855253;14/03/2025;;2025-03-14;;;novo_em_relatorio
NEOPANTOL;BRAINFARMA INDÚSTRIA QUÍMICA E FARMACÊUTICA S.A;05.161.069/0001-10;2161245175;31/10/2017;;2017-10-31;;;novo_em_relatorio
DEXILANT;TAKEDA PHARMA LTDA.;60.397.775/0001-74;824370252;23/06/2025;;2025-06-23;;;novo_em_relatorio
captopril;BRAINFARMA INDÚSTRIA QUÍMICA E FARMACÊUTICA S.A;05.161.069/0001-10;3366662212;26/08/2021;;2021-08-26;;;novo_em_relatorio
tioconazol + tinidazol;BRAINFARMA INDÚSTRIA QUÍMICA E FARMACÊUTICA S.A;05.161.069/0001-10;543249239;29/05/2023;;2023-05-29;;;novo_em_relatorio
VITAMINA B1 NEO QUÍMICA;BRAINFARMA INDÚSTRIA QUÍMICA E FARMACÊUTICA S.A;05.161.069/0001-10;908141211;08/03/2021;;2021-03-08;;;novo_em_relatorio
CARBAMAZEPINA;BRAINFARMA INDÚSTRIA QUÍMICA E FARMACÊUTICA S.A;05.161.069/0001-10;75019181;30/01/2018;;2018-01-30;;;novo_em_relatorio
Maleato de dexclorfeniramina + Betametasona;BRAINFARMA INDÚSTRIA QUÍMICA E FARMACÊUTICA S.A;05.161.069/0001-10;1362127221;24/03/2022;;2022-03-24;;;novo_em_relatorio
nistatina + óxido de zinco;BRAINFARMA INDÚSTRIA QUÍMICA E FARMACÊUTICA S.A;05.161.069/0001-10;19513232;09/01/2023;;2023-01-09;;;novo_em_relatorio
BESILATO DE ANLODIPINO;BRAINFARMA INDÚSTRIA QUÍMICA E FARMACÊUTICA S.A;05.161.069/0001-10;1477835245;28/10/2024;;2024-10-28;;;novo_em_relatorio
NIMESULIDA;BRAINFARMA INDÚSTRIA QUÍMICA E FARMACÊUTICA S.A;05.161.069/0001-10;479020230;11/05/2023;;2023-05-11;;;novo_em_relatorio
meloxicam;BRAINFARMA INDÚSTRIA QUÍMICA E FARMACÊUTICA S.A;05.161.069/0001-10;975041240;17/07/2024;;2024-07-17;;;novo_em_relatorio
cefalexina;BRAINFARMA INDÚSTRIA QUÍMICA E FARMACÊUTICA S.A;05.161.069/0001-10;761724257;05/06/2025;;2025-06-05;;;novo_em_relatorio
PNEUMUCIL;LABORATÓRIO TEUTO BRASILEIRO S/A;17.159.229/0001-76;1668498227;08/04/2022;;2022-04-08;;;novo_em_relatorio
DICLOFENACO DE DIETILAMÔMIO;BRAINFARMA INDÚSTRIA QUÍMICA E FARMACÊUTICA S.A;05.161.069/0001-10;644155230;23/06/2023;;2023-06-23;;;novo_em_relatorio
BROMIFEN;BRAINFARMA INDÚSTRIA QUÍMICA E FARMACÊUTICA S.A;05.161.069/0001-10;410111191;08/05/2019;;2019-05-08;;;novo_em_relatorio
EACA BALSÂMICO;ZYDUS NIKKHO FARMACÊUTICA LTDA;05.254.971/0001-81;503996147;26/06/2014;;2014-06-26;;;novo_em_relatorio
VERTIGIUM;BRAINFARMA INDÚSTRIA QUÍMICA E FARMACÊUTICA S.A;05.161.069/0001-10;1130580245;19/08/2024;;2024-08-19;;;novo_em_relatorio
NEOTOSS;BRAINFARMA INDÚSTRIA QUÍMICA E FARMACÊUTICA S.A;05.161.069/0001-10;503259225;10/02/2022;;2022-02-10;;;novo_em_relatorio
ALERGIDEX;BRAINFARMA INDÚSTRIA QUÍMICA E FARMACÊUTICA S.A;05.161.069/0001-10;490337252;09/04/2025;;2025-04-09;;;novo_em_relatorio
ESOMEPRAZOL MAGNÉSIO TRIIDRATADO;ASTRAZENECA DO BRASIL LTDA;60.318.797/0001-00;789057255;11/06/2025;;2025-06-11;;;novo_em_relatorio
VALERATO DE BETAMETASONA;BRAINFARMA INDÚSTRIA QUÍMICA E FARMACÊUTICA S.A;05.161.069/0001-10;1044742232;02/10/2023;;2023-10-02;;;novo_em_relatorio
STOMALIV;GEOLAB INDÚSTRIA FARMACÊUTICA S/A;03.485.572/0001-04;141966254;31/01/2025;;2025-01-31;;;novo_em_relatorio
CORTICORTEN;BRAINFARMA INDÚSTRIA QUÍMICA E FARMACÊUTICA S.A;05.161.069/0001-10;953698254;22/07/2025;;2025-07-22;;;novo_em_relatorio
cloridrato de amitriptilina;BRAINFARMA INDÚSTRIA QUÍMICA E FARMACÊUTICA S.A;05.161.069/0001-10;1543041248;08/11/2024;;2024-11-08;;;novo_em_relatorio
ciprofibrato;BRAINFARMA INDÚSTRIA QUÍMICA E FARMACÊUTICA S.A;05.161.069/0001-10;1728573246;18/12/2024;;2024-12-18;;;novo_em_relatorio
Fiprima;EUROFARMA LABORATÓRIOS S.A.;61.190.096/0001-92;403374251;25/03/2025;;2025-03-25;;;novo_em_relatorio
Gama anti-D Grifols;GRIFOLS BRASIL LTDA;02.513.899/0001-71;128750251;29/01/2025;;2025-01-29;;;novo_em_relatorio
COBAPETIT;CIFARMA CIENTÍFICA FARMACÊUTICA LTDA;17.562.075/0001-69;764839250;06/06/2025;;2025-06-06;;;novo_em_relatorio
PLESONAX;BRAINFARMA INDÚSTRIA QUÍMICA E FARMACÊUTICA S.A;05.161.069/0001-10;1194452256;09/09/2025;;2025-09-09;;;novo_em_relatorio
GAMA ANTI-TETANO GRIFOLS;GRIFOLS BRASIL LTDA;02.513.899/0001-71;192639251;11/02/2025;;2025-02-11;;;novo_em_relatorio
NEOMETRODAZOL;BRAINFARMA INDÚSTRIA QUÍMICA E FARMACÊUTICA S.A;05.161.069/0001-10;833473255;25/06/2025;;2025-06-25;;;novo_em_relatorio
BRONQTRAT;NATULAB LABORATORIO S.A;02.456.955/0001-83;1290308241;19/09/2024;;2024-09-19;;;novo_em_relatorio
NEO FEDIPINA;BRAINFARMA INDÚSTRIA QUÍMICA E FARMACÊUTICA S.A;05.161.069/0001-10;865625247;25/06/2024;;2024-06-25;;;novo_em_relatorio
TILOXINEO;BRAINFARMA INDÚSTRIA QUÍMICA E FARMACÊUTICA S.A;05.161.069/0001-10;3298301198;29/11/2019;;2019-11-29;;;novo_em_relatorio
CLORIDRATO DE PROPRANOLOL;BRAINFARMA INDÚSTRIA QUÍMICA E FARMACÊUTICA S.A;05.161.069/0001-10;1388853248;09/10/2024;;2024-10-09;;;novo_em_relatorio
LOSARTANA POTASSICA;BRAINFARMA INDÚSTRIA QUÍMICA E FARMACÊUTICA S.A;05.161.069/0001-10;367888254;19/03/2025;;2025-03-19;;;novo_em_relatorio
CETONEO;BRAINFARMA INDÚSTRIA QUÍMICA E FARMACÊUTICA S.A;05.161.069/0001-10;2321280172;27/12/2017;;2017-12-27;;;novo_em_relatorio
MESALAZINA;BRAINFARMA INDÚSTRIA QUÍMICA E FARMACÊUTICA S.A;05.161.069/0001-10;405685254;25/03/2025;;2025-03-25;;;novo_em_relatorio
CALAMYN;BRAINFARMA INDÚSTRIA QUÍMICA E FARMACÊUTICA S.A;05.161.069/0001-10;2250114172;30/11/2017;;2017-11-30;;;novo_em_relatorio
HEMOLENTA;EUROFARMA LABORATÓRIOS S.A.;61.190.096/0001-92;285280244;08/03/2024;;2024-03-08;;;novo_em_relatorio
METRONIDAZOL;BRAINFARMA INDÚSTRIA QUÍMICA E FARMACÊUTICA S.A;05.161.069/0001-10;833238256;25/06/2025;;2025-06-25;;;novo_em_relatorio
TARGUS;Laboratórios Bagó do Brasil S/A;04.748.181/0009-47;1312223235;23/11/2023;;2023-11-23;;;novo_em_relatorio
AMOXICILINA;BRAINFARMA INDÚSTRIA QUÍMICA E FARMACÊUTICA S.A;05.161.069/0001-10;1182646255;05/09/2025;;2025-09-05;;;novo_em_relatorio
AMOXICILINA;BRAINFARMA INDÚSTRIA QUÍMICA E FARMACÊUTICA S.A;05.161.069/0001-10;1182681255;05/09/2025;;2025-09-05;;;novo_em_relatorio
cloridrato de tramadol;BRAINFARMA INDÚSTRIA QUÍMICA E FARMACÊUTICA S.A;05.161.069/0001-10;1200050231;01/11/2023;;2023-11-01;;;novo_em_relatorio
PROPIONATO DE CLOBETASOL;BRAINFARMA INDÚSTRIA QUÍMICA E FARMACÊUTICA S.A;05.161.069/0001-10;280563256;27/02/2025;;2025-02-27;;;novo_em_relatorio
UROTROBEL;BELFAR LTDA;18.324.343/0001-77;38215250;10/01/2025;;2025-01-10;;;novo_em_relatorio
FUROATO DE MOMETASONA;BRAINFARMA INDÚSTRIA QUÍMICA E FARMACÊUTICA S.A;05.161.069/0001-10;398202257;24/03/2025;;2025-03-24;;;novo_em_relatorio
FOSFATO DE POTÁSSIO;FARMACE INDÚSTRIA QUÍMICO-FARMACÊUTICA CEARENSE LTDA;06.628.333/0001-46;215813243;23/02/2024;;2024-02-23;;;novo_em_relatorio
IBUFRAN;BRAINFARMA INDÚSTRIA QUÍMICA E FARMACÊUTICA S.A;05.161.069/0001-10;1620354241;27/11/2024;;2024-11-27;;;novo_em_relatorio
FLAVONID;BRAINFARMA INDÚSTRIA QUÍMICA E FARMACÊUTICA S.A;05.161.069/0001-10;1286692245;18/09/2024;;2024-09-18;;;novo_em_relatorio
CLANISTIL;BRAINFARMA INDÚSTRIA QUÍMICA E FARMACÊUTICA S.A;05.161.069/0001-10;444257233;04/05/2023;;2023-05-04;;;novo_em_relatorio
PEMETREXEDE;GLENMARK FARMACÊUTICA LTDA;44.363.661/0001-57;866431250;02/07/2025;;2025-07-02;;;novo_em_relatorio
CITRATO DE SILDENAFILA;BRAINFARMA INDÚSTRIA QUÍMICA E FARMACÊUTICA S.A;05.161.069/0001-10;656224240;16/05/2024;;2024-05-16;;;novo_em_relatorio
MAGNOSTASE;BRAINFARMA INDÚSTRIA QUÍMICA E FARMACÊUTICA S.A;05.161.069/0001-10;378789252;20/03/2025;;2025-03-20;;;novo_em_relatorio
propionato de clobetasol;BRAINFARMA INDÚSTRIA QUÍMICA E FARMACÊUTICA S.A;05.161.069/0001-10;281598258;27/02/2025;;2025-02-27;;;novo_em_relatorio
PEMEGLENN;GLENMARK FARMACÊUTICA LTDA;44.363.661/0001-57;868170259;02/07/2025;;2025-07-02;;;novo_em_relatorio
NEOLEFRIN;BRAINFARMA INDÚSTRIA QUÍMICA E FARMACÊUTICA S.A;05.161.069/0001-10;371702232;13/04/2023;;2023-04-13;;;novo_em_relatorio
KOLLANGEL TABS;NATULAB LABORATORIO S.A;02.456.955/0001-83;1026101150;25/11/2015;;2015-11-25;;;novo_em_relatorio
IBUPROFENO;BRAINFARMA INDÚSTRIA QUÍMICA E FARMACÊUTICA S.A;05.161.069/0001-10;4652436220;05/09/2022;;2022-09-05;;;novo_em_relatorio
PRED-GRAN;LEGRAND PHARMA INDÚSTRIA FARMACÊUTICA LTDA;05.044.984/0001-26;645729256;13/05/2025;;2025-05-13;;;novo_em_relatorio
NEO FÓLICO;BRAINFARMA INDÚSTRIA QUÍMICA E FARMACÊUTICA S.A;05.161.069/0001-10;4851947224;21/10/2022;;2022-10-21;;;novo_em_relatorio
dropropizina;BRAINFARMA INDÚSTRIA QUÍMICA E FARMACÊUTICA S.A;05.161.069/0001-10;985195180;10/10/2018;;2018-10-10;;;novo_em_relatorio
TORSILAX;BRAINFARMA INDÚSTRIA QUÍMICA E FARMACÊUTICA S.A;05.161.069/0001-10;663086248;17/05/2024;;2024-05-17;;;novo_em_relatorio
LUVOX;ABBOTT LABORATÓRIOS DO BRASIL LTDA;56.998.701/0001-16;131232258;30/01/2025;;2025-01-30;;;novo_em_relatorio
OSTEOBAN;ACHÉ LABORATÓRIOS FARMACÊUTICOS S.A;60.659.463/0029-92;463371232;09/05/2023;;2023-05-09;;;novo_em_relatorio
BROMETO DE IPRATRÓPIO;BRAINFARMA INDÚSTRIA QUÍMICA E FARMACÊUTICA S.A;05.161.069/0001-10;621997251;08/05/2025;;2025-05-08;;;novo_em_relatorio
LIDOGEL;BRAINFARMA INDÚSTRIA QUÍMICA E FARMACÊUTICA S.A;05.161.069/0001-10;528417258;17/04/2025;;2025-04-17;;;novo_em_relatorio
INVOKANA;JANSSEN-CILAG FARMACÊUTICA LTDA;51.780.468/0001-87;134832256;30/01/2025;;2025-01-30;;;novo_em_relatorio
OCUTIL;GEOLAB INDÚSTRIA FARMACÊUTICA S/A;03.485.572/0001-04;4619163228;29/08/2022;;2022-08-29;;;novo_em_relatorio
OXALATO DE ESCITALOPRAM;EMS S/A;57.507.378/0003-65;265157251;25/02/2025;;2025-02-25;;;novo_em_relatorio
MESILATO DE IMATINIBE;EMS S/A;57.507.378/0003-65;114731250;27/01/2025;;2025-01-27;;;novo_em_relatorio
LIBERAFLUX;ACHÉ LABORATÓRIOS FARMACÊUTICOS S.A;60.659.463/0029-92;1712925245;16/12/2024;;2024-12-16;;;novo_em_relatorio
ESOGASTRO;EMS S/A;57.507.378/0003-65;643588256;13/05/2025;;2025-05-13;;;novo_em_relatorio
VENIZ XR;SUN FARMACÊUTICA DO BRASIL LTDA;05.035.244/0001-23;3781530213;24/09/2021;;2021-09-24;;;novo_em_relatorio
PANTOCAL;EUROFARMA LABORATÓRIOS S.A.;61.190.096/0001-92;1066362254;14/08/2025;;2025-08-14;;;novo_em_relatorio
MESILATO DE IMATINIBE;INSTITUTO VITAL BRAZIL S/A;30.064.034/0001-00;178879258;07/02/2025;;2025-02-07;;;novo_em_relatorio
APIGUACO;APIS FLORA INDUSTRIAL E COMERCIAL LTDA;49.345.358/0001-45;1278637222;21/03/2022;;2022-03-21;;;novo_em_relatorio
LISOMUC;LABORATÓRIO FARMACÊUTICO ELOFAR LTDA;83.874.628/0001-43;806176253;17/06/2025;;2025-06-17;;;novo_em_relatorio
FURP - METOCLOPRAMIDA;FUNDAÇÃO PARA O REMÉDIO POPULAR - FURP;43.640.754/0001-19;154155250;04/02/2025;;2025-02-04;;;novo_em_relatorio
VALYANNE;GEOLAB INDÚSTRIA FARMACÊUTICA S/A;03.485.572/0001-04;1123167257;20/08/2025;;2025-08-20;;;novo_em_relatorio
AZITROMICINA;EUROFARMA LABORATÓRIOS S.A.;61.190.096/0001-92;961047259;23/07/2025;;2025-07-23;;;novo_em_relatorio
SPASCUPREEL;HEEL DO BRASIL BIOMÉDICA LTDA;05.994.539/0001-27;4370719224;01/07/2022;;2022-07-01;;;novo_em_relatorio
LUFTAGASTRO;RECKITT BENCKISER (BRASIL) LTDA;59.557.124/0001-15;417575246;03/04/2024;;2024-04-03;;;novo_em_relatorio
tartarato de brimonidina+maleato de timolol;BRAINFARMA INDÚSTRIA QUÍMICA E FARMACÊUTICA S.A;05.161.069/0001-10;184673241;16/02/2024;;2024-02-16;;;novo_em_relatorio
REFORGAN;ZYDUS NIKKHO FARMACÊUTICA LTDA;05.254.971/0001-81;4314637226;20/06/2022;;2022-06-20;;;novo_em_relatorio
MALEATO DE DEXCLORFENIRAMINA;BRAINFARMA INDÚSTRIA QUÍMICA E FARMACÊUTICA S.A;05.161.069/0001-10;1163329231;25/10/2023;;2023-10-25;;;novo_em_relatorio
GAZYVA;PRODUTOS ROCHE QUÍMICOS E FARMACÊUTICOS S.A.;33.009.945/0001-23;574151257;29/04/2025;;2025-04-29;;;novo_em_relatorio
Hemo-8r;EMPRESA BRASILEIRA DE HEMODERIVADOS E BIOTECNOLOGIA;07.607.851/0001-46;877014256;03/07/2025;;2025-07-03;;;novo_em_relatorio
cloridrato de duloxetina;EMS S/A;57.507.378/0003-65;986059251;30/07/2025;;2025-07-30;;;novo_em_relatorio
QUETIBUX;GEOLAB INDÚSTRIA FARMACÊUTICA S/A;03.485.572/0001-04;984048186;10/10/2018;;2018-10-10;;;novo_em_relatorio
NEOSSOLVAN;BRAINFARMA INDÚSTRIA QUÍMICA E FARMACÊUTICA S.A;05.161.069/0001-10;3943784201;10/11/2020;;2020-11-10;;;novo_em_relatorio
GENCIX;LABORATÓRIO QUÍMICO FARMACÊUTICO BERGAMO LTDA;61.282.661/0001-41;867358254;02/07/2025;;2025-07-02;;;novo_em_relatorio
GABAPENTINA;LABORATÓRIO TEUTO BRASILEIRO S/A;17.159.229/0001-76;1456455231;21/12/2023;;2023-12-21;;;novo_em_relatorio
EKSON;ACHÉ LABORATÓRIOS FARMACÊUTICOS S.A;60.659.463/0029-92;1148595252;27/08/2025;;2025-08-27;;;novo_em_relatorio
DORENE TABS;ACHÉ LABORATÓRIOS FARMACÊUTICOS S.A;60.659.463/0029-92;447023241;09/04/2024;;2024-04-09;;;novo_em_relatorio
OLANZAPINA;LABORATORIO FARMACEUTICO DO ESTADO DE PERNAMBUCO GOVERNADOR MIGUEL ARRAES S/A - LAFEPE;10.877.926/0001-13;911271252;11/07/2025;;2025-07-11;;;novo_em_relatorio
LIPOXEN;BRAINFARMA INDÚSTRIA QUÍMICA E FARMACÊUTICA S.A;05.161.069/0001-10;528013254;17/04/2025;;2025-04-17;;;novo_em_relatorio
METRONIDAZOL;BRAINFARMA INDÚSTRIA QUÍMICA E FARMACÊUTICA S.A;05.161.069/0001-10;833303252;25/06/2025;;2025-06-25;;;novo_em_relatorio
ENABLEX;ASPEN PHARMA INDÚSTRIA FARMACÊUTICA LTDA;02.433.631/0001-20;4482078221;01/08/2022;;2022-08-01;;;novo_em_relatorio
COSARTAN ALP;GERMED FARMACEUTICA LTDA;45.992.062/0001-65;1525122240;05/11/2024;;2024-11-05;;;novo_em_relatorio
IRRITRATIL;Althaia S.A Indústria Farmacêutica;48.344.725/0007-19;244191255;20/02/2025;;2025-02-20;;;novo_em_relatorio
BRINTELLIX;LUNDBECK BRASIL LTDA;04.522.600/0001-70;713244241;28/05/2024;;2024-05-28;;;novo_em_relatorio
TRIAXTON;BLAU FARMACÊUTICA S.A.;58.430.828/0001-60;66919240;18/01/2024;;2024-01-18;;;novo_em_relatorio
DELTA - IFAL;IFAL INDUSTRIA E COMERCIO DE PRODUTOS FARMAC LTDA;00.376.959/0001-26;553302173;06/04/2017;;2017-04-06;;;novo_em_relatorio
VALSARTANA;BRAINFARMA INDÚSTRIA QUÍMICA E FARMACÊUTICA S.A;05.161.069/0001-10;937292249;09/07/2024;;2024-07-09;;;novo_em_relatorio
GUAIFENESINA;BRAINFARMA INDÚSTRIA QUÍMICA E FARMACÊUTICA S.A;05.161.069/0001-10;4745186223;27/09/2022;;2022-09-27;;;novo_em_relatorio
LATANOPROSTA;GEOLAB INDÚSTRIA FARMACÊUTICA S/A;03.485.572/0001-04;679274251;20/05/2025;;2025-05-20;;;novo_em_relatorio
CARBOCIN;CIMED INDUSTRIA S.A;02.814.497/0001-07;330418193;12/04/2019;;2019-04-12;;;novo_em_relatorio
ESCIP;GEOLAB INDÚSTRIA FARMACÊUTICA S/A;03.485.572/0001-04;944941188;28/09/2018;;2018-09-28;;;novo_em_relatorio
VIMPAT;UCB BIOPHARMA LTDA.;64.711.500/0001-14;1171481241;26/08/2024;;2024-08-26;;;novo_em_relatorio
NEUPRO;UCB BIOPHARMA LTDA.;64.711.500/0001-14;1049851242;31/07/2024;;2024-07-31;;;novo_em_relatorio
ACIDO ZOLEDRONICO;ANTIBIÓTICOS DO BRASIL LTDA;05.439.635/0001-03;1001528255;04/08/2025;;2025-08-04;;;novo_em_relatorio
VARTAZ;EUROFARMA LABORATÓRIOS S.A.;61.190.096/0001-92;1039848257;12/08/2025;;2025-08-12;;;novo_em_relatorio
LIVEPAX;ACHÉ LABORATÓRIOS FARMACÊUTICOS S.A;60.659.463/0029-92;774524251;09/06/2025;;2025-06-09;;;novo_em_relatorio
hemifumarato de quetiapina;GEOLAB INDÚSTRIA FARMACÊUTICA S/A;03.485.572/0001-04;1081576235;10/10/2023;;2023-10-10;;;novo_em_relatorio
DEXPROTENOL;PRATI DONADUZZI & CIA LTDA;73.856.593/0001-66;1087719259;15/08/2025;;2025-08-15;;;novo_em_relatorio
KEFLEX;Laboratórios Bagó do Brasil S/A;04.748.181/0009-47;1129430251;21/08/2025;;2025-08-21;;;novo_em_relatorio
Betogenta;GEOLAB INDÚSTRIA FARMACÊUTICA S/A;03.485.572/0001-04;1312247240;24/09/2024;;2024-09-24;;;novo_em_relatorio
cloridrato de ciprofloxacino + dexametasona;GEOLAB INDÚSTRIA FARMACÊUTICA S/A;03.485.572/0001-04;4655464224;06/09/2022;;2022-09-06;;;novo_em_relatorio
CLORIDRATO DE DORZOLAMIDA + MALEATO DE TIMOLOL;LABORATÓRIO TEUTO BRASILEIRO S/A;17.159.229/0001-76;1177398257;04/09/2025;;2025-09-04;;;novo_em_relatorio
MEBENDAZOL;BELFAR LTDA;18.324.343/0001-77;681380241;22/05/2024;;2024-05-22;;;novo_em_relatorio
VOLIBRIS;GLAXOSMITHKLINE BRASIL LTDA;33.247.743/0001-10;1144972256;26/08/2025;;2025-08-26;;;novo_em_relatorio
CLORIDRATO DE CIPROFLOXACINO;GEOLAB INDÚSTRIA FARMACÊUTICA S/A;03.485.572/0001-04;378123254;20/03/2025;;2025-03-20;;;novo_em_relatorio
CICLOPIROX OLAMINA;EMS S/A;57.507.378/0003-65;1023234254;08/08/2025;;2025-08-08;;;novo_em_relatorio
cloridrato de loperamida;LABORATÓRIO GLOBO SA;17.115.437/0001-73;577940252;29/04/2025;;2025-04-29;;;novo_em_relatorio
CARBONATO DE LÍTIO;HIPOLABOR FARMACEUTICA LTDA;19.570.720/0001-10;1409528243;14/10/2024;;2024-10-14;;;novo_em_relatorio
cloridrato de paroxetina;AUROBINDO PHARMA INDÚSTRIA FARMACÊUTICA LIMITADA;04.301.884/0001-75;127993258;29/01/2025;;2025-01-29;;;novo_em_relatorio
oxcarbazepina;RANBAXY FARMACÊUTICA LTDA;73.663.650/0001-90;729933253;29/05/2025;;2025-05-29;;;novo_em_relatorio
HIDROQUINONA+ TRETINOINA + FLUOCINOLONA ACETONIDA;EMS S/A;57.507.378/0003-65;79934251;20/01/2025;;2025-01-20;;;novo_em_relatorio
risperidona;RANBAXY FARMACÊUTICA LTDA;73.663.650/0001-90;1937236211;19/05/2021;;2021-05-19;;;novo_em_relatorio
sulfato de terbutalina;HIPOLABOR FARMACEUTICA LTDA;19.570.720/0001-10;1466061243;24/10/2024;;2024-10-24;;;novo_em_relatorio
RAZAPINA;SANDOZ DO BRASIL INDÚSTRIA FARMACÊUTICA LTDA;61.286.647/0001-16;833844253;25/06/2025;;2025-06-25;;;novo_em_relatorio
cloridrato de dorzolamida+maleato de timolol;EMS S/A;57.507.378/0003-65;1188116258;08/09/2025;;2025-09-08;;;novo_em_relatorio
MEBENDAZOL;GEOLAB INDÚSTRIA FARMACÊUTICA S/A;03.485.572/0001-04;764537186;03/08/2018;;2018-08-03;;;novo_em_relatorio
ALPRAZOLAM;ZYDUS NIKKHO FARMACÊUTICA LTDA;05.254.971/0001-81;1556397219;23/04/2021;;2021-04-23;;;novo_em_relatorio
AFINITOR;NOVARTIS BIOCIENCIAS S.A;56.994.502/0001-30;806626241;17/06/2024;;2024-06-17;;;novo_em_relatorio
HELMILAB;NATULAB LABORATORIO S.A;02.456.955/0001-83;1481662228;01/04/2022;;2022-04-01;;;novo_em_relatorio
CLORIDRATO DE BUPIVACAÍNA + GLICOSE;HIPOLABOR FARMACEUTICA LTDA;19.570.720/0001-10;1502732246;31/10/2024;;2024-10-31;;;novo_em_relatorio
FLANAX;BAYER S.A.;18.459.628/0001-15;881452246;27/06/2024;;2024-06-27;;;novo_em_relatorio
CALCIOVITAL B12;NATULAB LABORATORIO S.A;02.456.955/0001-83;930532157;22/10/2015;;2015-10-22;;;novo_em_relatorio
SEAKALM;NATULAB LABORATORIO S.A;02.456.955/0001-83;1275554245;17/09/2024;;2024-09-17;;;novo_em_relatorio
Xarelto;BAYER S.A.;18.459.628/0001-15;543013251;23/04/2025;;2025-04-23;;;novo_em_relatorio
ADINOS;ACHÉ LABORATÓRIOS FARMACÊUTICOS S.A;60.659.463/0029-92;328950254;11/03/2025;;2025-03-11;;;novo_em_relatorio
YAZ;BAYER S.A.;18.459.628/0001-15;1408967243;14/10/2024;;2024-10-14;;;novo_em_relatorio
VANNAIR;ASTRAZENECA DO BRASIL LTDA;60.318.797/0001-00;1013395255;06/08/2025;;2025-08-06;;;novo_em_relatorio
BRYOPHYLLUM ARGENTO CULTUM;WELEDA DO BRASIL LABORATÓRIO E FARMÁCIA LTDA;56.992.217/0001-80;1187099252;08/09/2025;;2025-09-08;;;novo_em_relatorio
Cloridrato de ciprofloxacino;LEGRAND PHARMA INDÚSTRIA FARMACÊUTICA LTDA;05.044.984/0001-26;300511209;30/01/2020;;2020-01-30;;;novo_em_relatorio
Vidaza;UNITED MEDICAL LTDA;68.949.239/0001-46;1740318242;20/12/2024;;2024-12-20;;;novo_em_relatorio
Leg;EUROFARMA LABORATÓRIOS S.A.;61.190.096/0001-92;986189251;30/07/2025;;2025-07-30;;;novo_em_relatorio
LYMPHOMYOSOT;HEEL DO BRASIL BIOMÉDICA LTDA;05.994.539/0001-27;4370592224;01/07/2022;;2022-07-01;;;novo_em_relatorio
Fenofibrato micronizado;EMS SIGMA PHARMA LTDA;00.923.140/0001-31;242483259;20/02/2025;;2025-02-20;;;novo_em_relatorio
CARBOTRAT;NATIVITA IND. COM. LTDA.;65.271.900/0001-19;833267256;25/06/2025;;2025-06-25;;;novo_em_relatorio
bromidrato de citalopram;TORRENT DO BRASIL LTDA;33.078.528/0001-32;66766249;18/01/2024;;2024-01-18;;;novo_em_relatorio
VICTOZA;NOVO NORDISK FARMACÊUTICA DO BRASIL LTDA;82.277.955/0001-55;1726425240;18/12/2024;;2024-12-18;;;novo_em_relatorio
ALERGOMINE;CIMED INDUSTRIA S.A;02.814.497/0001-07;962189251;23/07/2025;;2025-07-23;;;novo_em_relatorio
FOSTAIR;CHIESI FARMACÊUTICA LTDA;61.363.032/0001-46;13809253;06/01/2025;;2025-01-06;;;novo_em_relatorio
VASTIGMA;EMS SIGMA PHARMA LTDA;00.923.140/0001-31;1007570253;05/08/2025;;2025-08-05;;;novo_em_relatorio
ALDOMET;ASPEN PHARMA INDÚSTRIA FARMACÊUTICA LTDA;02.433.631/0001-20;172494257;07/02/2025;;2025-02-07;;;novo_em_relatorio
PERGOVERIS;MERCK S/A;33.069.212/0001-84;1355069238;30/11/2023;;2023-11-30;;;novo_em_relatorio
VARIVAX;NATULAB LABORATORIO S.A;02.456.955/0001-83;6269797217;13/12/2021;;2021-12-13;;;novo_em_relatorio
METAMUCIL;PROCTER & GAMBLE DO BRASIL LTDA.;59.476.770/0001-58;3076556215;06/08/2021;;2021-08-06;;;novo_em_relatorio
WEZENLA;AMGEN BIOTECNOLOGIA DO BRASIL LTDA.;18.774.815/0001-93;857583255;30/06/2025;;2025-06-30;;;novo_em_relatorio
Cetofenid;LABORATÓRIO TEUTO BRASILEIRO S/A;17.159.229/0001-76;747880255;03/06/2025;;2025-06-03;;;novo_em_relatorio
diazepam;SANTISA LABORATÓRIO FARMACÊUTICO S/A;04.099.395/0001-82;1159383251;29/08/2025;;2025-08-29;;;novo_em_relatorio
CLOZAPINA;CRISTÁLIA PRODUTOS QUÍMICOS FARMACÊUTICOS LTDA.;44.734.671/0001-51;688130259;22/05/2025;;2025-05-22;;;novo_em_relatorio
QUETIPIN;CRISTÁLIA PRODUTOS QUÍMICOS FARMACÊUTICOS LTDA.;44.734.671/0001-51;940308258;21/07/2025;;2025-07-21;;;novo_em_relatorio
FEXXOLYV;LABORATÓRIO TEUTO BRASILEIRO S/A;17.159.229/0001-76;787386251;11/06/2025;;2025-06-11;;;novo_em_relatorio
DOBEVEN;APSEN FARMACEUTICA S/A;62.462.015/0001-29;891632247;01/07/2024;;2024-07-01;;;novo_em_relatorio
XAFAC;APSEN FARMACEUTICA S/A;62.462.015/0001-29;692635254;23/05/2025;;2025-05-23;;;novo_em_relatorio
ivermectina;BRAINFARMA INDÚSTRIA QUÍMICA E FARMACÊUTICA S.A;05.161.069/0001-10;373113251;19/03/2025;;2025-03-19;;;novo_em_relatorio
GESTODENO + ETINILESTRADIOL;SANDOZ DO BRASIL INDÚSTRIA FARMACÊUTICA LTDA;61.286.647/0001-16;341202240;19/03/2024;;2024-03-19;;;novo_em_relatorio
VIDENFIL;SANDOZ DO BRASIL INDÚSTRIA FARMACÊUTICA LTDA;61.286.647/0001-16;732242258;29/05/2025;;2025-05-29;;;novo_em_relatorio
oxalato de escitalopram;RANBAXY FARMACÊUTICA LTDA;73.663.650/0001-90;1304234240;23/09/2024;;2024-09-23;;;novo_em_relatorio
CETOFENID;LABORATÓRIO TEUTO BRASILEIRO S/A;17.159.229/0001-76;800918240;14/06/2024;;2024-06-14;;;novo_em_relatorio
hemifumarato de quetiapina;EMS S/A;57.507.378/0003-65;1004207255;04/08/2025;;2025-08-04;;;novo_em_relatorio
NITROFEN;LABORATÓRIO TEUTO BRASILEIRO S/A;17.159.229/0001-76;749868252;03/06/2025;;2025-06-03;;;novo_em_relatorio
ácido zoledrônico;EUROFARMA LABORATÓRIOS S.A.;61.190.096/0001-92;434044245;05/04/2024;;2024-04-05;;;novo_em_relatorio
OSTEOTEC;ADIUM S.A.;55.980.684/0001-27;745491251;02/06/2025;;2025-06-02;;;novo_em_relatorio
LISON;CIFARMA CIENTÍFICA FARMACÊUTICA LTDA;17.562.075/0001-69;855752254;30/06/2025;;2025-06-30;;;novo_em_relatorio
ROSUCOR;TORRENT DO BRASIL LTDA;33.078.528/0001-32;1174851252;03/09/2025;;2025-09-03;;;novo_em_relatorio
TRIFAMOX;Laboratórios Bagó do Brasil S/A;04.748.181/0009-47;1773075241;30/12/2024;;2024-12-30;;;novo_em_relatorio
ACECLOFENACO;VITAMEDIC INDUSTRIA FARMACEUTICA LTDA;30.222.814/0001-31;468374248;12/04/2024;;2024-04-12;;;novo_em_relatorio
ibuprofeno;LABORATÓRIO TEUTO BRASILEIRO S/A;17.159.229/0001-76;1733673245;19/12/2024;;2024-12-19;;;novo_em_relatorio
olmesartana medoxomila+hidroclorotiazida;MULTILAB INDUSTRIA E COMERCIO DE PRODUTOS FARMACEUTICOS LTDA;92.265.552/0009-05;919582257;15/07/2025;;2025-07-15;;;novo_em_relatorio
MODIK;GERMED FARMACEUTICA LTDA;45.992.062/0001-65;1671245245;06/12/2024;;2024-12-06;;;novo_em_relatorio
NATULAXE;NATULAB LABORATORIO S.A;02.456.955/0001-83;1479830224;01/04/2022;;2022-04-01;;;novo_em_relatorio
bromoprida;GERMED FARMACEUTICA LTDA;45.992.062/0001-65;418671249;03/04/2024;;2024-04-03;;;novo_em_relatorio
hemitartarato de rivastigmina;INSTITUTO BIOCHIMICO INDÚSTRIA FARMACÊUTICA LTDA;33.258.401/0001-03;1056033258;13/08/2025;;2025-08-13;;;novo_em_relatorio
PREZISTA;JANSSEN-CILAG FARMACÊUTICA LTDA;51.780.468/0001-87;334053251;12/03/2025;;2025-03-12;;;novo_em_relatorio
ZYPRED;ALLERGAN PRODUTOS FARMACÊUTICOS LTDA;43.426.626/0001-77;537639233;26/05/2023;;2023-05-26;;;novo_em_relatorio
ACERTIL;LABORATÓRIOS SERVIER DO BRASIL LTDA;42.374.207/0001-76;773436251;09/06/2025;;2025-06-09;;;novo_em_relatorio
citrato de sildenafila;SANDOZ DO BRASIL INDÚSTRIA FARMACÊUTICA LTDA;61.286.647/0001-16;829567259;24/06/2025;;2025-06-24;;;novo_em_relatorio
OMNIC OCAS;ASTELLAS FARMA BRASIL IMPORTAÇÃO E DISTRIBUIÇÃO DE MEDICAMENTOS LTDA.;07.768.134/0001-04;129032255;29/01/2025;;2025-01-29;;;novo_em_relatorio
MONTELAIR;ACHÉ LABORATÓRIOS FARMACÊUTICOS S.A;60.659.463/0029-92;611327252;06/05/2025;;2025-05-06;;;novo_em_relatorio
PREDOPTIC;GEOLAB INDÚSTRIA FARMACÊUTICA S/A;03.485.572/0001-04;1136337253;23/08/2025;;2025-08-23;;;novo_em_relatorio
CLORIDRATO DE BROMEXINA;GEOLAB INDÚSTRIA FARMACÊUTICA S/A;03.485.572/0001-04;775074189;06/08/2018;;2018-08-06;;;novo_em_relatorio
TACROLIMO;EMS S/A;57.507.378/0003-65;908776241;03/07/2024;;2024-07-03;;;novo_em_relatorio
NIMESULIDA;VITAMEDIC INDUSTRIA FARMACEUTICA LTDA;30.222.814/0001-31;762659254;05/06/2025;;2025-06-05;;;novo_em_relatorio
LORATADINA;BRAINFARMA INDÚSTRIA QUÍMICA E FARMACÊUTICA S.A;05.161.069/0001-10;257608257;24/02/2025;;2025-02-24;;;novo_em_relatorio
AFOLIC;NATULAB LABORATORIO S.A;02.456.955/0001-83;533269253;19/04/2025;;2025-04-19;;;novo_em_relatorio
PERITOSTERIL;FRESENIUS MEDICAL CARE LTDA;01.440.590/0001-36;1381503233;05/12/2023;;2023-12-05;;;novo_em_relatorio
HIDRALYTE;NATULAB LABORATORIO S.A;02.456.955/0001-83;1025296157;25/11/2015;;2015-11-25;;;novo_em_relatorio
TACROLIL;EMS S/A;57.507.378/0003-65;1016213255;07/08/2025;;2025-08-07;;;novo_em_relatorio
COMPLE B;NATULAB LABORATORIO S.A;02.456.955/0001-83;1339378221;23/03/2022;;2022-03-23;;;novo_em_relatorio
CLORIDRATO DE PIOGLITAZONA;EMS S/A;57.507.378/0003-65;1189112256;08/09/2025;;2025-09-08;;;novo_em_relatorio
CLOZAPINA;LABORATORIO FARMACEUTICO DO ESTADO DE PERNAMBUCO GOVERNADOR MIGUEL ARRAES S/A - LAFEPE;10.877.926/0001-13;858649250;30/06/2025;;2025-06-30;;;novo_em_relatorio
CRISAPINA;CRISTÁLIA PRODUTOS QUÍMICOS FARMACÊUTICOS LTDA.;44.734.671/0001-51;271299258;26/02/2025;;2025-02-26;;;novo_em_relatorio
Alburex 20;CSL BEHRING COMÉRCIO DE PRODUTOS FARMACÊUTICOS LTDA;62.969.589/0001-98;185792251;10/02/2025;;2025-02-10;;;novo_em_relatorio
COLÍRIO NEO BRASIL;BRAINFARMA INDÚSTRIA QUÍMICA E FARMACÊUTICA S.A;05.161.069/0001-10;1165867257;01/09/2025;;2025-09-01;;;novo_em_relatorio
DUCODIL;CIMED INDUSTRIA S.A;02.814.497/0001-07;609578251;06/05/2025;;2025-05-06;;;novo_em_relatorio
AMICORED;VASCONCELOS INDUSTRIA FARMACEUTICA E COMERCIO LTDA;05.155.425/0001-93;921296240;05/07/2024;;2024-07-05;;;novo_em_relatorio
ATORLESS;GERMED FARMACEUTICA LTDA;45.992.062/0001-65;920984258;15/07/2025;;2025-07-15;;;novo_em_relatorio
INDOCID;ASPEN PHARMA INDÚSTRIA FARMACÊUTICA LTDA;02.433.631/0001-20;140142258;31/01/2025;;2025-01-31;;;novo_em_relatorio
TARFIC;LIBBS FARMACÊUTICA LTDA;61.230.314/0001-75;862502250;01/07/2025;;2025-07-01;;;novo_em_relatorio
NEVRALPRO;CIMED INDUSTRIA S.A;02.814.497/0001-07;1414289235;12/12/2023;;2023-12-12;;;novo_em_relatorio
IRESSA;ASTRAZENECA DO BRASIL LTDA;60.318.797/0001-00;529252252;17/04/2025;;2025-04-17;;;novo_em_relatorio
ÉGIDE;LIBBS FARMACÊUTICA LTDA;61.230.314/0001-75;387573259;21/03/2025;;2025-03-21;;;novo_em_relatorio
ARARTAN;GEOLAB INDÚSTRIA FARMACÊUTICA S/A;03.485.572/0001-04;963046250;23/07/2025;;2025-07-23;;;novo_em_relatorio
DIANE 35;BAYER S.A.;18.459.628/0001-15;627392237;20/06/2023;;2023-06-20;;;novo_em_relatorio
ARLIVRY;NATULAB LABORATORIO S.A;02.456.955/0001-83;4809567214;06/12/2021;;2021-12-06;;;novo_em_relatorio
olanzapina;EMS S/A;57.507.378/0003-65;59382252;15/01/2025;;2025-01-15;;;novo_em_relatorio
LAMOTRIGINA;LABORATÓRIO TEUTO BRASILEIRO S/A;17.159.229/0001-76;645233251;13/05/2025;;2025-05-13;;;novo_em_relatorio
CLORIDRATO DE HIDROXIZINE;LABORATÓRIO GLOBO SA;17.115.437/0001-73;813371252;18/06/2025;;2025-06-18;;;novo_em_relatorio
FLUOCINOLONA ACETONIDA + SULFATO DE POLIMIXINA B + SULFATO DE NEOMICINA + CLORIDRATO DE LIDOCAINA;GEOLAB INDÚSTRIA FARMACÊUTICA S/A;03.485.572/0001-04;501509180;22/06/2018;;2018-06-22;;;novo_em_relatorio
CELSENTRI;GLAXOSMITHKLINE BRASIL LTDA;33.247.743/0001-10;608006254;06/05/2025;;2025-05-06;;;novo_em_relatorio
XAROPE DE GUACO BELFAR;BELFAR LTDA;18.324.343/0001-77;1476156239;27/12/2023;;2023-12-27;;;novo_em_relatorio
cloridrato de naratriptana;EMS S/A;57.507.378/0003-65;1169531253;02/09/2025;;2025-09-02;;;novo_em_relatorio
VALSARTANA;EMS S/A;57.507.378/0003-65;1174004258;03/09/2025;;2025-09-03;;;novo_em_relatorio
SIL-HP;APSEN FARMACEUTICA S/A;62.462.015/0001-29;1158595255;29/08/2025;;2025-08-29;;;novo_em_relatorio
ivermectina;VITAMEDIC INDUSTRIA FARMACEUTICA LTDA;30.222.814/0001-31;230400256;18/02/2025;;2025-02-18;;;novo_em_relatorio
vildagliptina + cloridrato de metformina;Althaia S.A Indústria Farmacêutica;48.344.725/0007-19;1015012256;07/08/2025;;2025-08-07;;;novo_em_relatorio
IMURAN;ASPEN PHARMA INDÚSTRIA FARMACÊUTICA LTDA;02.433.631/0001-20;550719253;24/04/2025;;2025-04-24;;;novo_em_relatorio
CETOFENID;LABORATÓRIO TEUTO BRASILEIRO S/A;17.159.229/0001-76;800847245;14/06/2024;;2024-06-14;;;novo_em_relatorio
DROTIZIN;GEOLAB INDÚSTRIA FARMACÊUTICA S/A;03.485.572/0001-04;1709892242;13/12/2024;;2024-12-13;;;novo_em_relatorio
IUMI;LIBBS FARMACÊUTICA LTDA;61.230.314/0001-75;659427257;15/05/2025;;2025-05-15;;;novo_em_relatorio
VITACID ACNE;THERASKIN FARMACEUTICA LTDA.;61.517.397/0001-88;1679620240;09/12/2024;;2024-12-09;;;novo_em_relatorio
PROVIVE;UNIÃO QUÍMICA FARMACÊUTICA NACIONAL S/A;60.665.981/0001-18;1181854253;05/09/2025;;2025-09-05;;;novo_em_relatorio
CETOPROFENO;LABORATÓRIO TEUTO BRASILEIRO S/A;17.159.229/0001-76;800790243;14/06/2024;;2024-06-14;;;novo_em_relatorio
DESLORATADINA;PRATI DONADUZZI & CIA LTDA;73.856.593/0001-66;1132505259;22/08/2025;;2025-08-22;;;novo_em_relatorio
HEMOPROCT;BELFAR LTDA;18.324.343/0001-77;966589254;24/07/2025;;2025-07-24;;;novo_em_relatorio
PEYONA;CHIESI FARMACÊUTICA LTDA;61.363.032/0001-46;840841256;26/06/2025;;2025-06-26;;;novo_em_relatorio
CLORIDRATO DE PAROXETINA;LEGRAND PHARMA INDÚSTRIA FARMACÊUTICA LTDA;05.044.984/0001-26;300228252;05/03/2025;;2025-03-05;;;novo_em_relatorio
CLORIDRATO DE PAROXETINA;EMS S/A;57.507.378/0003-65;301012253;05/03/2025;;2025-03-05;;;novo_em_relatorio
MAGNEVISTAN;BAYER S.A.;18.459.628/0001-15;141268255;31/01/2025;;2025-01-31;;;novo_em_relatorio
VONAU;BIOLAB SANUS FARMACÊUTICA LTDA;49.475.833/0001-06;1495571246;30/10/2024;;2024-10-30;;;novo_em_relatorio
ALLEXOFEDRIN;EMS S/A;57.507.378/0003-65;1651752249;03/12/2024;;2024-12-03;;;novo_em_relatorio
OTOSYLASE;GEOLAB INDÚSTRIA FARMACÊUTICA S/A;03.485.572/0001-04;519096187;28/06/2018;;2018-06-28;;;novo_em_relatorio
SEVONESS;BAXTER HOSPITALAR LTDA;49.351.786/0002-61;658992252;15/05/2025;;2025-05-15;;;novo_em_relatorio
PROPIONATO DE CLOBETASOL;PRATI DONADUZZI & CIA LTDA;73.856.593/0001-66;1437935249;18/10/2024;;2024-10-18;;;novo_em_relatorio
LONIUM;APSEN FARMACEUTICA S/A;62.462.015/0001-29;345619251;14/03/2025;;2025-03-14;;;novo_em_relatorio
ENTARKIN;EMS SIGMA PHARMA LTDA;00.923.140/0001-31;2711674223;11/05/2022;;2022-05-11;;;novo_em_relatorio
domperidona;EMS S/A;57.507.378/0003-65;1056416254;13/08/2025;;2025-08-13;;;novo_em_relatorio
YASMIN;BAYER S.A.;18.459.628/0001-15;1559172240;12/11/2024;;2024-11-12;;;novo_em_relatorio
Cloridrato de dopamina;HIPOLABOR FARMACEUTICA LTDA;19.570.720/0001-10;1563909243;13/11/2024;;2024-11-13;;;novo_em_relatorio
CLORIDRATO DE PAROXETINA;GERMED FARMACEUTICA LTDA;45.992.062/0001-65;299912256;05/03/2025;;2025-03-05;;;novo_em_relatorio
cloridrato de sertralina;RANBAXY FARMACÊUTICA LTDA;73.663.650/0001-90;556008251;25/04/2025;;2025-04-25;;;novo_em_relatorio
DERIVA MICRO;GLENMARK FARMACÊUTICA LTDA;44.363.661/0001-57;1635483247;29/11/2024;;2024-11-29;;;novo_em_relatorio
TRIANCINOLONA DE ACETONIDA;EUROFARMA LABORATÓRIOS S.A.;61.190.096/0001-92;35768231;12/01/2023;;2023-01-12;;;novo_em_relatorio
BOLDO BELFAR;BELFAR LTDA;18.324.343/0001-77;1590036247;20/11/2024;;2024-11-20;;;novo_em_relatorio
IMUNEN;CRISTÁLIA PRODUTOS QUÍMICOS FARMACÊUTICOS LTDA.;44.734.671/0001-51;528390252;17/04/2025;;2025-04-17;;;novo_em_relatorio
MALEATO DE DEXCLORFENIRAMINA;LABORATÓRIO TEUTO BRASILEIRO S/A;17.159.229/0001-76;138613249;05/02/2024;;2024-02-05;;;novo_em_relatorio
GLICERINA 12%;HALEX ISTAR INDÚSTRIA FARMACÊUTICA SA;01.571.702/0001-98;311022192;05/04/2019;;2019-04-05;;;novo_em_relatorio
BRONFILIL;MABRA FARMACEUTICA LTDA;09.545.589/0001-88;1494687214;19/04/2021;;2021-04-19;;;novo_em_relatorio
Lixiana®;DAIICHI SANKYO BRASIL FARMACÊUTICA LTDA;60.874.187/0001-84;719306248;29/05/2024;;2024-05-29;;;novo_em_relatorio
ULTRAVIST;BAYER S.A.;18.459.628/0001-15;577458230;06/06/2023;;2023-06-06;;;novo_em_relatorio
dicloridrato de hidroxizina;EMS S/A;57.507.378/0003-65;479929254;08/04/2025;;2025-04-08;;;novo_em_relatorio
ZYLINOX;ZYDUS NIKKHO FARMACÊUTICA LTDA;05.254.971/0001-81;158009240;08/02/2024;;2024-02-08;;;novo_em_relatorio
SONRISAL;PF Consumer Healthcare Brazil Importadora e Distribuidora de Medicamentos Ltda;30.872.270/0001-53;307331253;06/03/2025;;2025-03-06;;;novo_em_relatorio
INICOX DP;FARMOQUÍMICA S/A;33.349.473/0001-58;1387911236;06/12/2023;;2023-12-06;;;novo_em_relatorio
ONBRIZE;NOVARTIS BIOCIENCIAS S.A;56.994.502/0001-30;1047953242;31/07/2024;;2024-07-31;;;novo_em_relatorio
IOPAMIRON;Bracco Imaging do Brasil Importação e Distribuição de Medicamentos Ltda;10.742.412/0004-01;845332252;27/06/2025;;2025-06-27;;;novo_em_relatorio
FUMARATO DE TENOFOVIR DESOPROXILA;CRISTÁLIA PRODUTOS QUÍMICOS FARMACÊUTICOS LTDA.;44.734.671/0001-51;766510255;06/06/2025;;2025-06-06;;;novo_em_relatorio
FLEBON;FARMOQUÍMICA S/A;33.349.473/0001-58;656082241;16/05/2024;;2024-05-16;;;novo_em_relatorio
MOLIÈRI;EUROFARMA LABORATÓRIOS S.A.;61.190.096/0001-92;27020258;08/01/2025;;2025-01-08;;;novo_em_relatorio
NIULIVA;GRIFOLS BRASIL LTDA;02.513.899/0001-71;192788256;11/02/2025;;2025-02-11;;;novo_em_relatorio
TROPINAL;EMS SIGMA PHARMA LTDA;00.923.140/0001-31;570277256;28/04/2025;;2025-04-28;;;novo_em_relatorio
CANDERM;LEGRAND PHARMA INDÚSTRIA FARMACÊUTICA LTDA;05.044.984/0001-26;793795257;12/06/2025;;2025-06-12;;;novo_em_relatorio
Brometo de pinavério;EMS S/A;57.507.378/0003-65;772738254;09/06/2025;;2025-06-09;;;novo_em_relatorio
EPOCLER;COSMED INDUSTRIA DE COSMETICOS E MEDICAMENTOS S.A.;61.082.426/0002-07;571680259;28/04/2025;;2025-04-28;;;novo_em_relatorio
BRILINTA;ASTRAZENECA DO BRASIL LTDA;60.318.797/0001-00;1202922252;10/09/2025;;2025-09-10;;;novo_em_relatorio
AZITROMICINA DIIDRATADA;GEOLAB INDÚSTRIA FARMACÊUTICA S/A;03.485.572/0001-04;1297867246;20/09/2024;;2024-09-20;;;novo_em_relatorio
triancinolona acetonida;LEGRAND PHARMA INDÚSTRIA FARMACÊUTICA LTDA;05.044.984/0001-26;4952103226;17/11/2022;;2022-11-17;;;novo_em_relatorio
Omnitrope;SANDOZ DO BRASIL INDÚSTRIA FARMACÊUTICA LTDA;61.286.647/0001-16;121766250;28/01/2025;;2025-01-28;;;novo_em_relatorio
FLAGIMAX;BELFAR LTDA;18.324.343/0001-77;859817253;01/07/2025;;2025-07-01;;;novo_em_relatorio
UROCTRIN;LEGRAND PHARMA INDÚSTRIA FARMACÊUTICA LTDA;05.044.984/0001-26;61886151;22/01/2015;;2015-01-22;;;novo_em_relatorio
CLORIDRATO DE DOXICICLINA;LEGRAND PHARMA INDÚSTRIA FARMACÊUTICA LTDA;05.044.984/0001-26;1208439251;11/09/2025;;2025-09-11;;;novo_em_relatorio
SUCRAFILM;EMS SIGMA PHARMA LTDA;00.923.140/0001-31;391677241;28/03/2024;;2024-03-28;;;novo_em_relatorio
mesalazina;LEGRAND PHARMA INDÚSTRIA FARMACÊUTICA LTDA;05.044.984/0001-26;933061251;18/07/2025;;2025-07-18;;;novo_em_relatorio
YANG 30;Althaia S.A Indústria Farmacêutica;48.344.725/0007-19;2259380172;05/12/2017;;2017-12-05;;;novo_em_relatorio
AGIIXPEC;PHARLAB INDÚSTRIA FARMACÊUTICA S.A.;02.501.297/0001-02;4729535227;22/09/2022;;2022-09-22;;;novo_em_relatorio
DONILA;ACHÉ LABORATÓRIOS FARMACÊUTICOS S.A;60.659.463/0029-92;692655255;23/05/2025;;2025-05-23;;;novo_em_relatorio
TECTA;TAKEDA PHARMA LTDA.;60.397.775/0001-74;1667850245;05/12/2024;;2024-12-05;;;novo_em_relatorio
TIMOSOPT;BRAINFARMA INDÚSTRIA QUÍMICA E FARMACÊUTICA S.A;05.161.069/0001-10;2083647193;30/08/2019;;2019-08-30;;;novo_em_relatorio
MALÚ;EMS SIGMA PHARMA LTDA;00.923.140/0001-31;4539979221;11/08/2022;;2022-08-11;;;novo_em_relatorio
TREZOR;ACHÉ LABORATÓRIOS FARMACÊUTICOS S.A;60.659.463/0029-92;1008198251;05/08/2025;;2025-08-05;;;novo_em_relatorio
INVEGA;JANSSEN-CILAG FARMACÊUTICA LTDA;51.780.468/0001-87;1214613241;03/09/2024;;2024-09-03;;;novo_em_relatorio
NEUTROFER;EMS SIGMA PHARMA LTDA;00.923.140/0001-31;1555019212;23/04/2021;;2021-04-23;;;novo_em_relatorio
BRAVAN;ACHÉ LABORATÓRIOS FARMACÊUTICOS S.A;60.659.463/0029-92;974828254;28/07/2025;;2025-07-28;;;novo_em_relatorio
MAXIVIEW;GEOLAB INDÚSTRIA FARMACÊUTICA S/A;03.485.572/0001-04;1184300259;05/09/2025;;2025-09-05;;;novo_em_relatorio
INALADOR VICK;PROCTER & GAMBLE DO BRASIL LTDA.;59.476.770/0001-58;192447254;11/02/2025;;2025-02-11;;;novo_em_relatorio
SULFATO DE SALBUTAMOL;UNITHER INDUSTRIA FARMACEUTICA LTDA.;04.656.253/0001-79;926666136;04/11/2013;;2013-11-04;;;novo_em_relatorio
PAXIL CR;GLAXOSMITHKLINE BRASIL LTDA;33.247.743/0001-10;793275253;12/06/2025;;2025-06-12;;;novo_em_relatorio
BROMIDRATO DE CITALOPRAM;LEGRAND PHARMA INDÚSTRIA FARMACÊUTICA LTDA;05.044.984/0001-26;332786234;03/04/2023;;2023-04-03;;;novo_em_relatorio
DIVALPROATO DE SÓDIO;ZYDUS NIKKHO FARMACÊUTICA LTDA;05.254.971/0001-81;190679255;11/02/2025;;2025-02-11;;;novo_em_relatorio
lorazepam;LEGRAND PHARMA INDÚSTRIA FARMACÊUTICA LTDA;05.044.984/0001-26;1133974244;19/08/2024;;2024-08-19;;;novo_em_relatorio
STABIL;ACHÉ LABORATÓRIOS FARMACÊUTICOS S.A;60.659.463/0029-92;200825259;12/02/2025;;2025-02-12;;;novo_em_relatorio
INDUX;EMS SIGMA PHARMA LTDA;00.923.140/0001-31;149313250;03/02/2025;;2025-02-03;;;novo_em_relatorio
AZITROMICINA;PRATI DONADUZZI & CIA LTDA;73.856.593/0001-66;1065158246;05/08/2024;;2024-08-05;;;novo_em_relatorio
CLENIL COMPOSITUM HFA;CHIESI FARMACÊUTICA LTDA;61.363.032/0001-46;1607904241;25/11/2024;;2024-11-25;;;novo_em_relatorio
HUMECTOL D;COSMED INDUSTRIA DE COSMETICOS E MEDICAMENTOS S.A.;61.082.426/0002-07;1185632255;06/09/2025;;2025-09-06;;;novo_em_relatorio
TRAYENTA;BOEHRINGER INGELHEIM DO BRASIL QUÍMICA E FARMACÊUTICA LTDA.;60.831.658/0001-77;647164256;13/05/2025;;2025-05-13;;;novo_em_relatorio
MAGNOPYROL;COSMED INDUSTRIA DE COSMETICOS E MEDICAMENTOS S.A.;61.082.426/0002-07;529456257;17/04/2025;;2025-04-17;;;novo_em_relatorio
DROXY;GERMED FARMACEUTICA LTDA;45.992.062/0001-65;857929259;30/06/2025;;2025-06-30;;;novo_em_relatorio
CLORIDRATO DE MOXIFLOXACINO;GERMED FARMACEUTICA LTDA;45.992.062/0001-65;362514259;18/03/2025;;2025-03-18;;;novo_em_relatorio
RECONTER;LIBBS FARMACÊUTICA LTDA;61.230.314/0001-75;438661257;31/03/2025;;2025-03-31;;;novo_em_relatorio
OMEPRAZOL;LABORATÓRIO GLOBO SA;17.115.437/0001-73;834242257;25/06/2025;;2025-06-25;;;novo_em_relatorio
ALERGALIV;LEGRAND PHARMA INDÚSTRIA FARMACÊUTICA LTDA;05.044.984/0001-26;37449257;10/01/2025;;2025-01-10;;;novo_em_relatorio
TORAGESIC;EMS SIGMA PHARMA LTDA;00.923.140/0001-31;876792255;03/07/2025;;2025-07-03;;;novo_em_relatorio
cloridrato de fluoxetina;LEGRAND PHARMA INDÚSTRIA FARMACÊUTICA LTDA;05.044.984/0001-26;4333278228;23/06/2022;;2022-06-23;;;novo_em_relatorio
cloridrato de tramadol;LEGRAND PHARMA INDÚSTRIA FARMACÊUTICA LTDA;05.044.984/0001-26;1731100248;18/12/2024;;2024-12-18;;;novo_em_relatorio
ROHYDORM;EMS SIGMA PHARMA LTDA;00.923.140/0001-31;839438257;26/06/2025;;2025-06-26;;;novo_em_relatorio
Tioconazol + tinidazol;LEGRAND PHARMA INDÚSTRIA FARMACÊUTICA LTDA;05.044.984/0001-26;2677287226;05/05/2022;;2022-05-05;;;novo_em_relatorio
fumarato de tenofovir desoproxila;BLANVER FARMOQUIMICA E FARMACEUTICA S.A.;53.359.824/0001-19;3630651216;14/09/2021;;2021-09-14;;;novo_em_relatorio
STREPSILS;RECKITT BENCKISER (BRASIL) LTDA;59.557.124/0001-15;279662254;27/02/2025;;2025-02-27;;;novo_em_relatorio
DEPOSTERON;EMS SIGMA PHARMA LTDA;00.923.140/0001-31;1362408213;09/04/2021;;2021-04-09;;;novo_em_relatorio
FLUOCINOLONA ACETONIDA + SULFATO DE POLIMIXINA B + SULFATO DE NEOMICINA + CLORIDRATO DE LIDOCAÍNA;LEGRAND PHARMA INDÚSTRIA FARMACÊUTICA LTDA;05.044.984/0001-26;1398509214;12/04/2021;;2021-04-12;;;novo_em_relatorio
NEUTOSS;BELFAR LTDA;18.324.343/0001-77;44700253;13/01/2025;;2025-01-13;;;novo_em_relatorio
PROHANCE;Bracco Imaging do Brasil Importação e Distribuição de Medicamentos Ltda;10.742.412/0004-01;845072251;27/06/2025;;2025-06-27;;;novo_em_relatorio
DORIL;COSMED INDUSTRIA DE COSMETICOS E MEDICAMENTOS S.A.;61.082.426/0002-07;62727249;17/01/2024;;2024-01-17;;;novo_em_relatorio
AGRASTAT;ASPEN PHARMA INDÚSTRIA FARMACÊUTICA LTDA;02.433.631/0001-20;318288249;14/03/2024;;2024-03-14;;;novo_em_relatorio
ONCILEG-A;LEGRAND PHARMA INDÚSTRIA FARMACÊUTICA LTDA;05.044.984/0001-26;53250257;14/01/2025;;2025-01-14;;;novo_em_relatorio
BONECAL D;EMS SIGMA PHARMA LTDA;00.923.140/0001-31;1622335244;27/11/2024;;2024-11-27;;;novo_em_relatorio
VICK VAPORUB;PROCTER & GAMBLE DO BRASIL LTDA.;59.476.770/0001-58;880948256;04/07/2025;;2025-07-04;;;novo_em_relatorio
HALOBEX;GLENMARK FARMACÊUTICA LTDA;44.363.661/0001-57;711628246;28/05/2024;;2024-05-28;;;novo_em_relatorio
CETOCONAZOL + DIPROPIONATO DE BETAMETASONA + SULFATO DE NEOMICINA;BELFAR LTDA;18.324.343/0001-77;48450251;14/01/2025;;2025-01-14;;;novo_em_relatorio
cloridrato de betaxolol;GEOLAB INDÚSTRIA FARMACÊUTICA S/A;03.485.572/0001-04;4627458223;30/08/2022;;2022-08-30;;;novo_em_relatorio
OLIMEL;BAXTER HOSPITALAR LTDA;49.351.786/0002-61;137237251;30/01/2025;;2025-01-30;;;novo_em_relatorio
Glicolive;ACHÉ LABORATÓRIOS FARMACÊUTICOS S.A;60.659.463/0029-92;4223365208;30/11/2020;;2020-11-30;;;novo_em_relatorio
GILENYA;NOVARTIS BIOCIENCIAS S.A;56.994.502/0001-30;1206412241;02/09/2024;;2024-09-02;;;novo_em_relatorio
SULFAMETOXAZOL + TRIMETOPRIMA;VITAMEDIC INDUSTRIA FARMACEUTICA LTDA;30.222.814/0001-31;1207038245;03/09/2024;;2024-09-03;;;novo_em_relatorio
VALSARTANA+HIDROCLOROTIAZIDA;EMS S/A;57.507.378/0003-65;1737336243;19/12/2024;;2024-12-19;;;novo_em_relatorio
ARFLEX RETARD;DIFFUCAP - CHEMOBRÁS QUÍMICA E FARMACÊUTICA LTDA;42.457.796/0001-56;1729740243;18/12/2024;;2024-12-18;;;novo_em_relatorio
ATORVASTATINA CÁLCICA;LABORATÓRIO TEUTO BRASILEIRO S/A;17.159.229/0001-76;893088251;08/07/2025;;2025-07-08;;;novo_em_relatorio
NISTATINA + ÓXIDO DE ZINCO;LABORATÓRIO TEUTO BRASILEIRO S/A;17.159.229/0001-76;809880253;17/06/2025;;2025-06-17;;;novo_em_relatorio
IOMERON;Bracco Imaging do Brasil Importação e Distribuição de Medicamentos Ltda;10.742.412/0004-01;844706256;27/06/2025;;2025-06-27;;;novo_em_relatorio
ACECLOFENACO;GERMED FARMACEUTICA LTDA;45.992.062/0001-65;1387968238;06/12/2023;;2023-12-06;;;novo_em_relatorio
hemitartarato de zolpidem;LABORATÓRIO TEUTO BRASILEIRO S/A;17.159.229/0001-76;1449948243;22/10/2024;;2024-10-22;;;novo_em_relatorio
QUETROS;ACHÉ LABORATÓRIOS FARMACÊUTICOS S.A;60.659.463/0029-92;1006672257;05/08/2025;;2025-08-05;;;novo_em_relatorio
CLOPIN;ACHÉ LABORATÓRIOS FARMACÊUTICOS S.A;60.659.463/0029-92;188168257;11/02/2025;;2025-02-11;;;novo_em_relatorio
VERUTEX B;LEO PHARMA LTDA;11.424.477/0001-10;295524243;11/03/2024;;2024-03-11;;;novo_em_relatorio
ESPASLIT DUO;GEOLAB INDÚSTRIA FARMACÊUTICA S/A;03.485.572/0001-04;156699207;16/01/2020;;2020-01-16;;;novo_em_relatorio
OLMESARTANA MEDOXOMILA;TORRENT DO BRASIL LTDA;33.078.528/0001-32;921049251;15/07/2025;;2025-07-15;;;novo_em_relatorio
FAULDCARBO;LIBBS FARMACÊUTICA LTDA;61.230.314/0001-75;891330241;01/07/2024;;2024-07-01;;;novo_em_relatorio
DROSPIRENONA+ETINILESTRADIOL;Althaia S.A Indústria Farmacêutica;48.344.725/0007-19;1637223242;29/11/2024;;2024-11-29;;;novo_em_relatorio
TEKZOR;GERMED FARMACEUTICA LTDA;45.992.062/0001-65;763842257;05/06/2025;;2025-06-05;;;novo_em_relatorio
FARMANGUINHOS - ISONIAZIDA;FUNDAÇÃO OSWALDO CRUZ;33.781.055/0001-35;845873253;27/06/2025;;2025-06-27;;;novo_em_relatorio
A SAÚDE DA MULHER;EMS S/A;57.507.378/0003-65;138333254;31/01/2025;;2025-01-31;;;novo_em_relatorio
NISTATINA;PRATI DONADUZZI & CIA LTDA;73.856.593/0001-66;1244855243;10/09/2024;;2024-09-10;;;novo_em_relatorio
SOLUÇÃO FISIOLÓGICA DE RINGER COM LACTATO;EUROFARMA LABORATÓRIOS S.A.;61.190.096/0001-92;918275237;29/08/2023;;2023-08-29;;;novo_em_relatorio
LIPTHAL;LABORATÓRIO TEUTO BRASILEIRO S/A;17.159.229/0001-76;585675236;08/06/2023;;2023-06-08;;;novo_em_relatorio
MAXSULID;COSMED INDUSTRIA DE COSMETICOS E MEDICAMENTOS S.A.;61.082.426/0002-07;1537517244;07/11/2024;;2024-11-07;;;novo_em_relatorio
TRANQUINAL;Laboratórios Bagó do Brasil S/A;04.748.181/0009-47;1557765243;12/11/2024;;2024-11-12;;;novo_em_relatorio
SULFATO DE SALBUTAMOL;PRATI DONADUZZI & CIA LTDA;73.856.593/0001-66;1553889213;23/04/2021;;2021-04-23;;;novo_em_relatorio
ROSUVASTATINA CALCICA;SANDOZ DO BRASIL INDÚSTRIA FARMACÊUTICA LTDA;61.286.647/0001-16;849188245;21/06/2024;;2024-06-21;;;novo_em_relatorio
DAIVONEX;LEO PHARMA LTDA;11.424.477/0001-10;936162252;18/07/2025;;2025-07-18;;;novo_em_relatorio
PREBICTAL;ADIUM S.A.;55.980.684/0001-27;553614240;26/04/2024;;2024-04-26;;;novo_em_relatorio
IBULIV;EMS S/A;57.507.378/0003-65;1472912241;25/10/2024;;2024-10-25;;;novo_em_relatorio
citrato de sildenafila;LABORATÓRIO TEUTO BRASILEIRO S/A;17.159.229/0001-76;1262948240;13/09/2024;;2024-09-13;;;novo_em_relatorio
VERUTEX;LEO PHARMA LTDA;11.424.477/0001-10;287864243;08/03/2024;;2024-03-08;;;novo_em_relatorio
DICLOFAN GEL;THEODORO F SOBRAL & CIA LTDA;06.597.801/0001-62;855122187;31/08/2018;;2018-08-31;;;novo_em_relatorio
MALEATO DE DEXCLORFENIRAMINA;UNITHER INDUSTRIA FARMACEUTICA LTDA.;04.656.253/0001-79;806467149;26/09/2014;;2014-09-26;;;novo_em_relatorio
YERVOY;BRISTOL-MYERS SQUIBB FARMACÊUTICA LTDA;56.998.982/0001-07;1073612252;14/08/2025;;2025-08-14;;;novo_em_relatorio
BROMEXPEC;GEOLAB INDÚSTRIA FARMACÊUTICA S/A;03.485.572/0001-04;519311187;28/06/2018;;2018-06-28;;;novo_em_relatorio
POMADERME;LEGRAND PHARMA INDÚSTRIA FARMACÊUTICA LTDA;05.044.984/0001-26;1529274216;21/04/2021;;2021-04-21;;;novo_em_relatorio
ETOMIDATO;BLAU FARMACÊUTICA S.A.;58.430.828/0001-60;1695136241;11/12/2024;;2024-12-11;;;novo_em_relatorio
BISMU-JET;LEGRAND PHARMA INDÚSTRIA FARMACÊUTICA LTDA;05.044.984/0001-26;139281240;05/02/2024;;2024-02-05;;;novo_em_relatorio
DAIVOBET;LEO PHARMA LTDA;11.424.477/0001-10;930024257;17/07/2025;;2025-07-17;;;novo_em_relatorio
METRONIDAZOL;PRATI DONADUZZI & CIA LTDA;73.856.593/0001-66;833469258;25/06/2025;;2025-06-25;;;novo_em_relatorio
ZILEPAM;GEOLAB INDÚSTRIA FARMACÊUTICA S/A;03.485.572/0001-04;4940663221;15/11/2022;;2022-11-15;;;novo_em_relatorio
CLORETO DE SÓDIO SOLUÇÃO FISIOLÓGICA PARA IRRIGAÇÃO - BAXTER;BAXTER HOSPITALAR LTDA;49.351.786/0002-61;1084013240;08/08/2024;;2024-08-08;;;novo_em_relatorio
PICOPREP;LABORATÓRIOS FERRING LTDA;74.232.034/0001-48;1193243246;29/08/2024;;2024-08-29;;;novo_em_relatorio
MICARDIS;BOEHRINGER INGELHEIM DO BRASIL QUÍMICA E FARMACÊUTICA LTDA.;60.831.658/0001-77;1729408249;18/12/2024;;2024-12-18;;;novo_em_relatorio
dexametasona + sulfato de neomicina + sulfato de polimixina B;GEOLAB INDÚSTRIA FARMACÊUTICA S/A;03.485.572/0001-04;1015820255;07/08/2025;;2025-08-07;;;novo_em_relatorio
AXONIUM;ACHÉ LABORATÓRIOS FARMACÊUTICOS S.A;60.659.463/0029-92;954552253;22/07/2025;;2025-07-22;;;novo_em_relatorio
ENGOV;COSMED INDUSTRIA DE COSMETICOS E MEDICAMENTOS S.A.;61.082.426/0002-07;1155777255;28/08/2025;;2025-08-28;;;novo_em_relatorio
BENLYSTA;GLAXOSMITHKLINE BRASIL LTDA;33.247.743/0001-10;935336257;18/07/2025;;2025-07-18;;;novo_em_relatorio
DEFLAIMMUN;EMS SIGMA PHARMA LTDA;00.923.140/0001-31;1652782249;03/12/2024;;2024-12-03;;;novo_em_relatorio
AXETILCEFUROXIMA;AUROBINDO PHARMA INDÚSTRIA FARMACÊUTICA LIMITADA;04.301.884/0001-75;489106251;09/04/2025;;2025-04-09;;;novo_em_relatorio
RILUZOL;SUN FARMACÊUTICA DO BRASIL LTDA;05.035.244/0001-23;131718181;20/02/2018;;2018-02-20;;;novo_em_relatorio
REVANGE;ACHÉ LABORATÓRIOS FARMACÊUTICOS S.A;60.659.463/0029-92;982603258;29/07/2025;;2025-07-29;;;novo_em_relatorio
CONCOR HCT;MERCK S/A;33.069.212/0001-84;1133497250;22/08/2025;;2025-08-22;;;novo_em_relatorio
PRESSEL;LEGRAND PHARMA INDÚSTRIA FARMACÊUTICA LTDA;05.044.984/0001-26;988203251;30/07/2025;;2025-07-30;;;novo_em_relatorio
PREDNISOLONA;LEGRAND PHARMA INDÚSTRIA FARMACÊUTICA LTDA;05.044.984/0001-26;660161257;15/05/2025;;2025-05-15;;;novo_em_relatorio
PENVIR;EMS SIGMA PHARMA LTDA;00.923.140/0001-31;379416255;20/03/2025;;2025-03-20;;;novo_em_relatorio
albendazol;LEGRAND PHARMA INDÚSTRIA FARMACÊUTICA LTDA;05.044.984/0001-26;1398660211;12/04/2021;;2021-04-12;;;novo_em_relatorio
PANTASUN;SUN FARMACÊUTICA DO BRASIL LTDA;05.035.244/0001-23;809042258;17/06/2025;;2025-06-17;;;novo_em_relatorio
CLORIDRATO DE MOXIFLOXACINO;EMS S/A;57.507.378/0003-65;362457255;18/03/2025;;2025-03-18;;;novo_em_relatorio
PLANTALYVE;GEOLAB INDÚSTRIA FARMACÊUTICA S/A;03.485.572/0001-04;516776181;28/06/2018;;2018-06-28;;;novo_em_relatorio
PREVIANE;LEGRAND PHARMA INDÚSTRIA FARMACÊUTICA LTDA;05.044.984/0001-26;401501248;01/04/2024;;2024-04-01;;;novo_em_relatorio
maleato de dexclorfeniramina;LEGRAND PHARMA INDÚSTRIA FARMACÊUTICA LTDA;05.044.984/0001-26;4943505228;16/11/2022;;2022-11-16;;;novo_em_relatorio
NATUS GERIN;LEGRAND PHARMA INDÚSTRIA FARMACÊUTICA LTDA;05.044.984/0001-26;1529364215;21/04/2021;;2021-04-21;;;novo_em_relatorio
ESPASMO FLATOL;LEGRAND PHARMA INDÚSTRIA FARMACÊUTICA LTDA;05.044.984/0001-26;2703369212;12/07/2021;;2021-07-12;;;novo_em_relatorio
NEOTRICIN;LEGRAND PHARMA INDÚSTRIA FARMACÊUTICA LTDA;05.044.984/0001-26;370076257;19/03/2025;;2025-03-19;;;novo_em_relatorio
ZYLORIC;ASPEN PHARMA INDÚSTRIA FARMACÊUTICA LTDA;02.433.631/0001-20;122313259;28/01/2025;;2025-01-28;;;novo_em_relatorio
DIAZEPAM;LEGRAND PHARMA INDÚSTRIA FARMACÊUTICA LTDA;05.044.984/0001-26;1017668256;07/08/2025;;2025-08-07;;;novo_em_relatorio
DROSPIRENONA+ETINILESTRADIOL;EMS S/A;57.507.378/0003-65;933950233;01/09/2023;;2023-09-01;;;novo_em_relatorio
clonazepam;LABORATÓRIO TEUTO BRASILEIRO S/A;17.159.229/0001-76;726347256;28/05/2025;;2025-05-28;;;novo_em_relatorio
GELO-BIO;UNIÃO QUÍMICA FARMACÊUTICA NACIONAL S/A;60.665.981/0001-18;996879251;01/08/2025;;2025-08-01;;;novo_em_relatorio
PARALGEN;LEGRAND PHARMA INDÚSTRIA FARMACÊUTICA LTDA;05.044.984/0001-26;1681011247;09/12/2024;;2024-12-09;;;novo_em_relatorio
METADEX;LABORATÓRIOS OSÓRIO DE MORAES LTDA;19.791.813/0001-75;1476489246;28/10/2024;;2024-10-28;;;novo_em_relatorio
olanzapina;ZYDUS NIKKHO FARMACÊUTICA LTDA;05.254.971/0001-81;1556668214;23/04/2021;;2021-04-23;;;novo_em_relatorio
MICROPIL;EMS SIGMA PHARMA LTDA;00.923.140/0001-31;401485242;01/04/2024;;2024-04-01;;;novo_em_relatorio
DORILEN;LEGRAND PHARMA INDÚSTRIA FARMACÊUTICA LTDA;05.044.984/0001-26;4289549225;13/06/2022;;2022-06-13;;;novo_em_relatorio
BETADINE;ACHÉ LABORATÓRIOS FARMACÊUTICOS S.A;60.659.463/0029-92;266947255;25/02/2025;;2025-02-25;;;novo_em_relatorio
DRYLTAC;LEGRAND PHARMA INDÚSTRIA FARMACÊUTICA LTDA;05.044.984/0001-26;1088991254;15/08/2025;;2025-08-15;;;novo_em_relatorio
PENVIR LÁBIA;EMS SIGMA PHARMA LTDA;00.923.140/0001-31;4982975221;25/11/2022;;2022-11-25;;;novo_em_relatorio
ALPHANATE;GRIFOLS BRASIL LTDA;02.513.899/0001-71;192906259;11/02/2025;;2025-02-11;;;novo_em_relatorio
BERINERT;CSL BEHRING COMÉRCIO DE PRODUTOS FARMACÊUTICOS LTDA;62.969.589/0001-98;306793253;06/03/2025;;2025-03-06;;;novo_em_relatorio
EXPEC;LEGRAND PHARMA INDÚSTRIA FARMACÊUTICA LTDA;05.044.984/0001-26;1412849233;12/12/2023;;2023-12-12;;;novo_em_relatorio
paracetamol+cafeína;LEGRAND PHARMA INDÚSTRIA FARMACÊUTICA LTDA;05.044.984/0001-26;1573437221;07/04/2022;;2022-04-07;;;novo_em_relatorio
DIAZEPAM NQ;EMS SIGMA PHARMA LTDA;00.923.140/0001-31;1018061258;07/08/2025;;2025-08-07;;;novo_em_relatorio
PROFLOX;EMS SIGMA PHARMA LTDA;00.923.140/0001-31;368058255;19/03/2025;;2025-03-19;;;novo_em_relatorio
VESICARE;ASTELLAS FARMA BRASIL IMPORTAÇÃO E DISTRIBUIÇÃO DE MEDICAMENTOS LTDA.;07.768.134/0001-04;128937254;29/01/2025;;2025-01-29;;;novo_em_relatorio
DEXADERMIL;LEGRAND PHARMA INDÚSTRIA FARMACÊUTICA LTDA;05.044.984/0001-26;4841501223;19/10/2022;;2022-10-19;;;novo_em_relatorio
DERMOBENE;LEGRAND PHARMA INDÚSTRIA FARMACÊUTICA LTDA;05.044.984/0001-26;977016251;28/07/2025;;2025-07-28;;;novo_em_relatorio
IBUFLEX;LEGRAND PHARMA INDÚSTRIA FARMACÊUTICA LTDA;05.044.984/0001-26;1331453241;27/09/2024;;2024-09-27;;;novo_em_relatorio
PARACETAMOL;LEGRAND PHARMA INDÚSTRIA FARMACÊUTICA LTDA;05.044.984/0001-26;645541249;15/05/2024;;2024-05-15;;;novo_em_relatorio
FASLODEX;ASTRAZENECA DO BRASIL LTDA;60.318.797/0001-00;666106258;16/05/2025;;2025-05-16;;;novo_em_relatorio
OCTRIDE;SUN FARMACÊUTICA DO BRASIL LTDA;05.035.244/0001-23;1123937257;20/08/2025;;2025-08-20;;;novo_em_relatorio
MICARDIS ANLO;BOEHRINGER INGELHEIM DO BRASIL QUÍMICA E FARMACÊUTICA LTDA.;60.831.658/0001-77;1729994245;18/12/2024;;2024-12-18;;;novo_em_relatorio
RINVOQ;ABBVIE FARMACÊUTICA LTDA.;15.800.545/0001-50;559859252;25/04/2025;;2025-04-25;;;novo_em_relatorio
trometamol cetorolaco;LEGRAND PHARMA INDÚSTRIA FARMACÊUTICA LTDA;05.044.984/0001-26;617860254;07/05/2025;;2025-05-07;;;novo_em_relatorio
PERFENOL;UNIÃO QUÍMICA FARMACÊUTICA NACIONAL S/A;60.665.981/0001-18;381315258;20/03/2025;;2025-03-20;;;novo_em_relatorio
ZITROBIOL;GEOLAB INDÚSTRIA FARMACÊUTICA S/A;03.485.572/0001-04;689571159;04/08/2015;;2015-08-04;;;novo_em_relatorio
CLO;EMS SIGMA PHARMA LTDA;00.923.140/0001-31;418821259;27/03/2025;;2025-03-27;;;novo_em_relatorio
NEUTROFER FÓLICO;EMS SIGMA PHARMA LTDA;00.923.140/0001-31;1554913215;23/04/2021;;2021-04-23;;;novo_em_relatorio
Acebrofilina;LABORATÓRIO TEUTO BRASILEIRO S/A;17.159.229/0001-76;792243251;12/06/2025;;2025-06-12;;;novo_em_relatorio
HEMOBLOCK;EMS SIGMA PHARMA LTDA;00.923.140/0001-31;4871458229;26/10/2022;;2022-10-26;;;novo_em_relatorio
tinidazol + nitrato de miconazol;LABORATÓRIO TEUTO BRASILEIRO S/A;17.159.229/0001-76;1127198254;21/08/2025;;2025-08-21;;;novo_em_relatorio
UNIGYN;EMS SIGMA PHARMA LTDA;00.923.140/0001-31;277430259;27/02/2025;;2025-02-27;;;novo_em_relatorio
CELERG;LEGRAND PHARMA INDÚSTRIA FARMACÊUTICA LTDA;05.044.984/0001-26;232299226;18/01/2022;;2022-01-18;;;novo_em_relatorio
NAXOTEC;UNIÃO QUÍMICA FARMACÊUTICA NACIONAL S/A;60.665.981/0001-18;1476952248;28/10/2024;;2024-10-28;;;novo_em_relatorio
DESONIDA;LEGRAND PHARMA INDÚSTRIA FARMACÊUTICA LTDA;05.044.984/0001-26;3777870218;24/09/2021;;2021-09-24;;;novo_em_relatorio
MALEATO DE ENALAPRIL;LEGRAND PHARMA INDÚSTRIA FARMACÊUTICA LTDA;05.044.984/0001-26;988262258;30/07/2025;;2025-07-30;;;novo_em_relatorio
SANPROST;INFAN INDUSTRIA QUIMICA FARMACEUTICA NACIONAL S/A;08.939.548/0001-03;133359173;03/01/2023;;2023-01-03;;;novo_em_relatorio
COLÍRIO GEOLAB;GEOLAB INDÚSTRIA FARMACÊUTICA S/A;03.485.572/0001-04;4620847224;29/08/2022;;2022-08-29;;;novo_em_relatorio
ZOLIBBS;LIBBS FARMACÊUTICA LTDA;61.230.314/0001-75;467570248;12/04/2024;;2024-04-12;;;novo_em_relatorio
NERVAMIN;PRATI DONADUZZI & CIA LTDA;73.856.593/0001-66;644848251;13/05/2025;;2025-05-13;;;novo_em_relatorio
rosuvastatina cálcica;EMS S/A;57.507.378/0003-65;1172894256;03/09/2025;;2025-09-03;;;novo_em_relatorio
Xylestesin com norepinefrina;CRISTÁLIA PRODUTOS QUÍMICOS FARMACÊUTICOS LTDA.;44.734.671/0001-51;925242218;09/03/2021;;2021-03-09;;;novo_em_relatorio
HIDROCORTE;LEGRAND PHARMA INDÚSTRIA FARMACÊUTICA LTDA;05.044.984/0001-26;1398329216;12/04/2021;;2021-04-12;;;novo_em_relatorio
SONEBON;EMS SIGMA PHARMA LTDA;00.923.140/0001-31;4991918227;29/11/2022;;2022-11-29;;;novo_em_relatorio
CANDIGRAN;LEGRAND PHARMA INDÚSTRIA FARMACÊUTICA LTDA;05.044.984/0001-26;3819099212;27/09/2021;;2021-09-27;;;novo_em_relatorio
TENOXICAM;EMS S/A;57.507.378/0003-65;709801254;26/05/2025;;2025-05-26;;;novo_em_relatorio
losartana potássica;GEOLAB INDÚSTRIA FARMACÊUTICA S/A;03.485.572/0001-04;963049259;23/07/2025;;2025-07-23;;;novo_em_relatorio
COLÍRIO LEGRAND;LEGRAND PHARMA INDÚSTRIA FARMACÊUTICA LTDA;05.044.984/0001-26;627164234;20/06/2023;;2023-06-20;;;novo_em_relatorio
GABAPENTINA;LEGRAND PHARMA INDÚSTRIA FARMACÊUTICA LTDA;05.044.984/0001-26;1063354234;05/10/2023;;2023-10-05;;;novo_em_relatorio
tinidazol + Nitrato de miconazol;COSMED INDUSTRIA DE COSMETICOS E MEDICAMENTOS S.A.;61.082.426/0002-07;1287690238;20/11/2023;;2023-11-20;;;novo_em_relatorio
PROZEN;LABORATÓRIO TEUTO BRASILEIRO S/A;17.159.229/0001-76;1404986235;11/12/2023;;2023-12-11;;;novo_em_relatorio
NEUREXAN;HEEL DO BRASIL BIOMÉDICA LTDA;05.994.539/0001-27;4370686229;01/07/2022;;2022-07-01;;;novo_em_relatorio
PREDNISOLONA;GERMED FARMACEUTICA LTDA;45.992.062/0001-65;660216256;15/05/2025;;2025-05-15;;;novo_em_relatorio
mesilato de doxazosina;LABORATÓRIO TEUTO BRASILEIRO S/A;17.159.229/0001-76;1001203259;04/08/2025;;2025-08-04;;;novo_em_relatorio
ERBITUX;MERCK S/A;33.069.212/0001-84;258185252;24/02/2025;;2025-02-24;;;novo_em_relatorio
BAXTER GLICOSE;BAXTER HOSPITALAR LTDA;49.351.786/0002-61;1251175244;11/09/2024;;2024-09-11;;;novo_em_relatorio
ibuprofeno;MEDQUIMICA INDUSTRIA FARMACEUTICA LTDA.;17.875.154/0001-20;768071259;06/06/2025;;2025-06-06;;;novo_em_relatorio
DESTADIN;EMS S/A;57.507.378/0003-65;1006253254;05/08/2025;;2025-08-05;;;novo_em_relatorio
METRONIDAZOL;CIMED INDUSTRIA S.A;02.814.497/0001-07;525298189;02/07/2018;;2018-07-02;;;novo_em_relatorio
PACLITAXEL;BLAU FARMACÊUTICA S.A.;58.430.828/0001-60;1068241241;06/08/2024;;2024-08-06;;;novo_em_relatorio
cefadroxila;LABORATÓRIO TEUTO BRASILEIRO S/A;17.159.229/0001-76;844752258;27/06/2025;;2025-06-27;;;novo_em_relatorio
OPTHAAC 40;OPHTHALMOS LTDA;61.129.409/0001-05;144756242;06/02/2024;;2024-02-06;;;novo_em_relatorio
COLUJET;CIMED INDUSTRIA S.A;02.814.497/0001-07;2564720226;27/04/2022;;2022-04-27;;;novo_em_relatorio
RHOPHYLAC;CSL BEHRING COMÉRCIO DE PRODUTOS FARMACÊUTICOS LTDA;62.969.589/0001-98;1163685241;23/08/2024;;2024-08-23;;;novo_em_relatorio
CICLOPIROX OLAMINA;GERMED FARMACEUTICA LTDA;45.992.062/0001-65;1023269252;08/08/2025;;2025-08-08;;;novo_em_relatorio
SUAVICID;LEGRAND PHARMA INDÚSTRIA FARMACÊUTICA LTDA;05.044.984/0001-26;1021581259;08/08/2025;;2025-08-08;;;novo_em_relatorio
Fenofibrato Micronizado;LEGRAND PHARMA INDÚSTRIA FARMACÊUTICA LTDA;05.044.984/0001-26;774576251;09/06/2025;;2025-06-09;;;novo_em_relatorio
ertapeném sódico;EUGIA PHARMA INDUSTRIA FARMACEUTICA LTDA;44.639.493/0001-80;1471355241;25/10/2024;;2024-10-25;;;novo_em_relatorio
Fenofibrato Micronizado;GERMED FARMACEUTICA LTDA;45.992.062/0001-65;242203256;20/02/2025;;2025-02-20;;;novo_em_relatorio
mesilato de lenvatinibe;SUN FARMACÊUTICA DO BRASIL LTDA;05.035.244/0001-23;1543005241;08/11/2024;;2024-11-08;;;novo_em_relatorio
AZITROMICINA;PHARMASCIENCE INDUSTRIA FARMACEUTICA S.A;25.773.037/0001-83;5081066222;22/12/2022;;2022-12-22;;;novo_em_relatorio
FOSFATO DE POTÁSSIO;VASCONCELOS INDUSTRIA FARMACEUTICA E COMERCIO LTDA;05.155.425/0001-93;1216293236;06/11/2023;;2023-11-06;;;novo_em_relatorio
CALNATE;EUROFARMA LABORATÓRIOS S.A.;61.190.096/0001-92;210046244;22/02/2024;;2024-02-22;;;novo_em_relatorio
sulfato de neomicina + bacitracina zíncica;HIPOLABOR FARMACEUTICA LTDA;19.570.720/0001-10;3964196201;11/11/2020;;2020-11-11;;;novo_em_relatorio
SANTIAZEPAM;SANTISA LABORATÓRIO FARMACÊUTICO S/A;04.099.395/0001-82;4888551227;31/10/2022;;2022-10-31;;;novo_em_relatorio
BRIDION;MERCK SHARP & DOHME FARMACEUTICA LTDA.;03.560.974/0001-18;1325102245;26/09/2024;;2024-09-26;;;novo_em_relatorio
Soro Antitetânico;INSTITUTO BUTANTAN;61.821.344/0001-56;990689247;19/07/2024;;2024-07-19;;;novo_em_relatorio
candesartana cilexetila;SANDOZ DO BRASIL INDÚSTRIA FARMACÊUTICA LTDA;61.286.647/0001-16;972926259;25/07/2025;;2025-07-25;;;novo_em_relatorio
Soro Antibotrópico;INSTITUTO BUTANTAN;61.821.344/0001-56;953674240;12/07/2024;;2024-07-12;;;novo_em_relatorio
Soro Anti-rábico;INSTITUTO BUTANTAN;61.821.344/0001-56;989732240;19/07/2024;;2024-07-19;;;novo_em_relatorio
BEXETON;GEOLAB INDÚSTRIA FARMACÊUTICA S/A;03.485.572/0001-04;902375253;09/07/2025;;2025-07-09;;;novo_em_relatorio
DERMONASE;LABORATÓRIO GLOBO SA;17.115.437/0001-73;778034259;10/06/2025;;2025-06-10;;;novo_em_relatorio
Indafix;EMS SIGMA PHARMA LTDA;00.923.140/0001-31;466342241;12/04/2024;;2024-04-12;;;novo_em_relatorio
BERBERIS-HOMACCORD;HEEL DO BRASIL BIOMÉDICA LTDA;05.994.539/0001-27;4370054222;01/07/2022;;2022-07-01;;;novo_em_relatorio
GLICOSE 75%;HALEX ISTAR INDÚSTRIA FARMACÊUTICA SA;01.571.702/0001-98;223623191;13/03/2019;;2019-03-13;;;novo_em_relatorio
NIMESULIDA;CIMED INDUSTRIA S.A;02.814.497/0001-07;1127989183;29/11/2018;;2018-11-29;;;novo_em_relatorio
Soro Anticrotálico;INSTITUTO BUTANTAN;61.821.344/0001-56;920696244;05/07/2024;;2024-07-05;;;novo_em_relatorio
GADOVIST;BAYER S.A.;18.459.628/0001-15;1476798249;28/10/2024;;2024-10-28;;;novo_em_relatorio
bromoprida;LEGRAND PHARMA INDÚSTRIA FARMACÊUTICA LTDA;05.044.984/0001-26;418401241;03/04/2024;;2024-04-03;;;novo_em_relatorio
cloridrato de tramadol (PORT. 344/98 - LISTA A2);HIPOLABOR FARMACEUTICA LTDA;19.570.720/0001-10;1542331242;08/11/2024;;2024-11-08;;;novo_em_relatorio
DIGESIGMA;EMS SIGMA PHARMA LTDA;00.923.140/0001-31;418932247;03/04/2024;;2024-04-03;;;novo_em_relatorio
lansoprazol + claritromicina + amoxicilina;LABORATÓRIO TEUTO BRASILEIRO S/A;17.159.229/0001-76;655311254;15/05/2025;;2025-05-15;;;novo_em_relatorio
GLALFITAL;LABORATÓRIO TEUTO BRASILEIRO S/A;17.159.229/0001-76;1177465256;04/09/2025;;2025-09-04;;;novo_em_relatorio
SIILIF;TAKEDA PHARMA LTDA.;60.397.775/0001-74;415177251;26/03/2025;;2025-03-26;;;novo_em_relatorio
TREXACONT;LEGRAND PHARMA INDÚSTRIA FARMACÊUTICA LTDA;05.044.984/0001-26;4435350220;16/07/2022;;2022-07-16;;;novo_em_relatorio
EPÉZ;TORRENT DO BRASIL LTDA;33.078.528/0001-32;516007254;15/04/2025;;2025-04-15;;;novo_em_relatorio
NORFLOXACINO;PHARMASCIENCE INDUSTRIA FARMACEUTICA S.A;25.773.037/0001-83;274843226;21/01/2022;;2022-01-21;;;novo_em_relatorio
Tranquinal SLG;Laboratórios Bagó do Brasil S/A;04.748.181/0009-47;1370119232;04/12/2023;;2023-12-04;;;novo_em_relatorio
acetato de dexametasona;CIMED INDUSTRIA S.A;02.814.497/0001-07;243417182;29/03/2018;;2018-03-29;;;novo_em_relatorio
CLORIDRATO DE VALACICLOVIR;RANBAXY FARMACÊUTICA LTDA;73.663.650/0001-90;757951252;04/06/2025;;2025-06-04;;;novo_em_relatorio
pantoprazol sódico;EMS S/A;57.507.378/0003-65;282735259;27/02/2025;;2025-02-27;;;novo_em_relatorio
COSENTYX;NOVARTIS BIOCIENCIAS S.A;56.994.502/0001-30;19173253;07/01/2025;;2025-01-07;;;novo_em_relatorio
RITMONEURAN RTM;KLEY HERTZ FARMACEUTICA S.A;92.695.691/0001-03;1391585232;07/12/2023;;2023-12-07;;;novo_em_relatorio
PIPERACILINA SÓDICA+TAZOBACTAM SÓDICO;ANTIBIÓTICOS DO BRASIL LTDA;05.439.635/0001-03;1079436243;07/08/2024;;2024-08-07;;;novo_em_relatorio
PLAQ;EUROFARMA LABORATÓRIOS S.A.;61.190.096/0001-92;175345252;07/02/2025;;2025-02-07;;;novo_em_relatorio
ANASTROLIBBS;LIBBS FARMACÊUTICA LTDA;61.230.314/0001-75;1360123245;03/10/2024;;2024-10-03;;;novo_em_relatorio
ampicilina sódica + sulbactam sódica;ANTIBIÓTICOS DO BRASIL LTDA;05.439.635/0001-03;209331232;02/03/2023;;2023-03-02;;;novo_em_relatorio
ADINOS GEN;ACHÉ LABORATÓRIOS FARMACÊUTICOS S.A;60.659.463/0029-92;329042254;11/03/2025;;2025-03-11;;;novo_em_relatorio
ETODOLACO;EMS S/A;57.507.378/0003-65;788218255;11/06/2025;;2025-06-11;;;novo_em_relatorio
SINVASTATINA;SANDOZ DO BRASIL INDÚSTRIA FARMACÊUTICA LTDA;61.286.647/0001-16;103272259;23/01/2025;;2025-01-23;;;novo_em_relatorio
travoprosta;EMS S/A;57.507.378/0003-65;1023043254;08/08/2025;;2025-08-08;;;novo_em_relatorio
fenitoína sódica;HIPOLABOR FARMACEUTICA LTDA;19.570.720/0001-10;1457009242;23/10/2024;;2024-10-23;;;novo_em_relatorio
propionato de clobetasol;LABORATÓRIO GLOBO SA;17.115.437/0001-73;502897252;11/04/2025;;2025-04-11;;;novo_em_relatorio
SORO ANTIDIFTERICO;INSTITUTO BUTANTAN;61.821.344/0001-56;894476246;01/07/2024;;2024-07-01;;;novo_em_relatorio
NORFLOXACINO;LABORATÓRIO GLOBO SA;17.115.437/0001-73;585013250;30/04/2025;;2025-04-30;;;novo_em_relatorio
Vasotrilix;EMS S/A;57.507.378/0003-65;465738249;12/04/2024;;2024-04-12;;;novo_em_relatorio
SORO ANTILONÔMICO;INSTITUTO BUTANTAN;61.821.344/0001-56;117806251;28/01/2025;;2025-01-28;;;novo_em_relatorio
soro antibotrópico-laquético;INSTITUTO BUTANTAN;61.821.344/0001-56;1088856241;09/08/2024;;2024-08-09;;;novo_em_relatorio
NEVRALGEX;CIMED INDUSTRIA S.A;02.814.497/0001-07;524697256;16/04/2025;;2025-04-16;;;novo_em_relatorio
EPIDUO;GALDERMA BRASIL LTDA;00.317.372/0001-46;1682244245;09/12/2024;;2024-12-09;;;novo_em_relatorio
Soro Antiescorpiônico;INSTITUTO BUTANTAN;61.821.344/0001-56;1091674248;09/08/2024;;2024-08-09;;;novo_em_relatorio
soro antiaracnídico (Loxosceles, Phoneutria e Tityus);INSTITUTO BUTANTAN;61.821.344/0001-56;1025231244;26/07/2024;;2024-07-26;;;novo_em_relatorio
aero-ifal;IFAL INDUSTRIA E COMERCIO DE PRODUTOS FARMAC LTDA;00.376.959/0001-26;3511525194;19/12/2019;;2019-12-19;;;novo_em_relatorio
cloridrato de donepezila;TORRENT DO BRASIL LTDA;33.078.528/0001-32;516034251;15/04/2025;;2025-04-15;;;novo_em_relatorio
AMPICILAB;MULTILAB INDUSTRIA E COMERCIO DE PRODUTOS FARMACEUTICOS LTDA;92.265.552/0009-05;986888257;30/07/2025;;2025-07-30;;;novo_em_relatorio
PREGALPHA;TORRENT DO BRASIL LTDA;33.078.528/0001-32;1272295249;16/09/2024;;2024-09-16;;;novo_em_relatorio
ácido tranexâmico;EMS S/A;57.507.378/0003-65;896449254;08/07/2025;;2025-07-08;;;novo_em_relatorio
Soro Antielapídico;INSTITUTO BUTANTAN;61.821.344/0001-56;990151247;19/07/2024;;2024-07-19;;;novo_em_relatorio
Dipropionato de Betametasona + Sulfato de Gentamicina;GEOLAB INDÚSTRIA FARMACÊUTICA S/A;03.485.572/0001-04;488364181;18/06/2018;;2018-06-18;;;novo_em_relatorio
OXALATO DE ESCITALOPRAM;TORRENT DO BRASIL LTDA;33.078.528/0001-32;461494230;08/05/2023;;2023-05-08;;;novo_em_relatorio
BUPROLIVIUM;KLEY HERTZ FARMACEUTICA S.A;92.695.691/0001-03;142604259;31/01/2025;;2025-01-31;;;novo_em_relatorio
FARMANGUINHOS OSELTAMIVIR;FUNDAÇÃO OSWALDO CRUZ;33.781.055/0001-35;662012259;16/05/2025;;2025-05-16;;;novo_em_relatorio
levofloxacino;ZYDUS NIKKHO FARMACÊUTICA LTDA;05.254.971/0001-81;768786258;06/06/2025;;2025-06-06;;;novo_em_relatorio
CLORIDRATO DE METFORMINA;CIMED INDUSTRIA S.A;02.814.497/0001-07;1176311186;13/12/2018;;2018-12-13;;;novo_em_relatorio
lamotrigina;TORRENT DO BRASIL LTDA;33.078.528/0001-32;1189850257;08/09/2025;;2025-09-08;;;novo_em_relatorio
Soro Antibotulínico AB;INSTITUTO BUTANTAN;61.821.344/0001-56;849738245;21/06/2024;;2024-06-21;;;novo_em_relatorio
CABERTRIX;ADIUM S.A.;55.980.684/0001-27;1375936247;07/10/2024;;2024-10-07;;;novo_em_relatorio
PROMENSIL;FARMOQUÍMICA S/A;33.349.473/0001-58;965154246;16/07/2024;;2024-07-16;;;novo_em_relatorio
Soro Antibotrópico-crotálico;INSTITUTO BUTANTAN;61.821.344/0001-56;1025375246;26/07/2024;;2024-07-26;;;novo_em_relatorio
RESFENOL THERMUS;KLEY HERTZ FARMACEUTICA S.A;92.695.691/0001-03;1716787216;04/05/2021;;2021-05-04;;;novo_em_relatorio
BROMETO DE PINAVÉRIO;LEGRAND PHARMA INDÚSTRIA FARMACÊUTICA LTDA;05.044.984/0001-26;772664251;09/06/2025;;2025-06-09;;;novo_em_relatorio
FENOBRATY;LEGRAND PHARMA INDÚSTRIA FARMACÊUTICA LTDA;05.044.984/0001-26;244430250;20/02/2025;;2025-02-20;;;novo_em_relatorio
BIOHEPATON;PHARMASCIENCE INDUSTRIA FARMACEUTICA S.A;25.773.037/0001-83;220328251;17/02/2025;;2025-02-17;;;novo_em_relatorio
Bromoprida;EMS S/A;57.507.378/0003-65;418669244;03/04/2024;;2024-04-03;;;novo_em_relatorio
ADENOSINA;HIPOLABOR FARMACEUTICA LTDA;19.570.720/0001-10;1448035244;22/10/2024;;2024-10-22;;;novo_em_relatorio
SS WHITE 100;S S WHITE ARTIGOS DENTARIOS S/A;68.567.650/0001-57;1296509249;20/09/2024;;2024-09-20;;;novo_em_relatorio
SOSSEG;CIMED INDUSTRIA S.A;02.814.497/0001-07;455353255;03/04/2025;;2025-04-03;;;novo_em_relatorio
CAPTOPRIL;BRASTERAPICA PHARMACEUTICA LTDA.;46.179.008/0001-68;264993233;16/03/2023;;2023-03-16;;;novo_em_relatorio
EMS-PRED;EMS S/A;57.507.378/0003-65;645292257;13/05/2025;;2025-05-13;;;novo_em_relatorio
VISOPTIC;GEOLAB INDÚSTRIA FARMACÊUTICA S/A;03.485.572/0001-04;1134998252;22/08/2025;;2025-08-22;;;novo_em_relatorio
SALONPAS PAIN RELIEF PATCH;HISAMITSU FARMACÊUTICA DO BRASIL LTDA;49.383.250/0001-47;604315236;14/06/2023;;2023-06-14;;;novo_em_relatorio
DICLORIDRATO DE HIDROXIZINA;GEOLAB INDÚSTRIA FARMACÊUTICA S/A;03.485.572/0001-04;4223512226;28/05/2022;;2022-05-28;;;novo_em_relatorio
CLORIDRATO DE SEVELAMER;FUNDAÇÃO OSWALDO CRUZ;33.781.055/0001-35;1277604231;17/11/2023;;2023-11-17;;;novo_em_relatorio
PEDIALYTE MAX;ABBOTT LABORATÓRIOS DO BRASIL LTDA;56.998.701/0001-16;620828234;19/06/2023;;2023-06-19;;;novo_em_relatorio
HEMIFUMARATO DE QUETIAPINA;CRISTÁLIA PRODUTOS QUÍMICOS FARMACÊUTICOS LTDA.;44.734.671/0001-51;940214253;21/07/2025;;2025-07-21;;;novo_em_relatorio
ELREXFIO;PFIZER BRASIL LTDA;61.072.393/0001-33;1179997255;04/09/2025;;2025-09-04;;;novo_em_relatorio
cloridrato de fexofenadina;UNICHEM FARMACÊUTICA DO BRASIL LTDA;05.399.786/0001-85;638977258;12/05/2025;;2025-05-12;;;novo_em_relatorio
ZYLCAS;ZYDUS NIKKHO FARMACÊUTICA LTDA;05.254.971/0001-81;464596220;07/02/2022;;2022-02-07;;;novo_em_relatorio
Alprazolam;LABORATÓRIO TEUTO BRASILEIRO S/A;17.159.229/0001-76;813425255;18/06/2025;;2025-06-18;;;novo_em_relatorio
SOLLEVARE;EMS S/A;57.507.378/0003-65;1443851248;21/10/2024;;2024-10-21;;;novo_em_relatorio
TOBRAMICINA;GEOLAB INDÚSTRIA FARMACÊUTICA S/A;03.485.572/0001-04;1010143255;06/08/2025;;2025-08-06;;;novo_em_relatorio
ACETATO DE PREDNISOLONA;GEOLAB INDÚSTRIA FARMACÊUTICA S/A;03.485.572/0001-04;1136320253;23/08/2025;;2025-08-23;;;novo_em_relatorio
cloridrato de bupropiona;EMS S/A;57.507.378/0003-65;857711253;30/06/2025;;2025-06-30;;;novo_em_relatorio
ÁCIDO TRANEXÂMICO;HIPOLABOR FARMACEUTICA LTDA;19.570.720/0001-10;1445524244;21/10/2024;;2024-10-21;;;novo_em_relatorio
CLORIDRATO DE NALOXONA;HIPOLABOR FARMACEUTICA LTDA;19.570.720/0001-10;1567333249;14/11/2024;;2024-11-14;;;novo_em_relatorio
Isotretinoína;GERMED FARMACEUTICA LTDA;45.992.062/0001-65;997352256;01/08/2025;;2025-08-01;;;novo_em_relatorio
amoxicilina + clavulanato de potássio;EUROFARMA LABORATÓRIOS S.A.;61.190.096/0001-92;996623256;01/08/2025;;2025-08-01;;;novo_em_relatorio
ACECLOFENACO;EMS S/A;57.507.378/0003-65;961268255;23/07/2025;;2025-07-23;;;novo_em_relatorio
PLAVOM;CIMED INDUSTRIA S.A;02.814.497/0001-07;1815065209;08/06/2020;;2020-06-08;;;novo_em_relatorio
EUTHYROX;MERCK S/A;33.069.212/0001-84;1133203256;22/08/2025;;2025-08-22;;;novo_em_relatorio
FLUCONID;VITAMEDIC INDUSTRIA FARMACEUTICA LTDA;30.222.814/0001-31;420316256;27/03/2025;;2025-03-27;;;novo_em_relatorio
MONTELUCASTE SÓDICO;ZYDUS NIKKHO FARMACÊUTICA LTDA;05.254.971/0001-81;1154881253;28/08/2025;;2025-08-28;;;novo_em_relatorio
PINAZAN;CRISTÁLIA PRODUTOS QUÍMICOS FARMACÊUTICOS LTDA.;44.734.671/0001-51;683855255;21/05/2025;;2025-05-21;;;novo_em_relatorio
CLORIDRATO DE PROPRANOLOL;CIMED INDUSTRIA S.A;02.814.497/0001-07;3932153203;09/11/2020;;2020-11-09;;;novo_em_relatorio
maleato de dexclorfeniramina;CIMED INDUSTRIA S.A;02.814.497/0001-07;415107253;26/03/2025;;2025-03-26;;;novo_em_relatorio
PRISTIQ;PFIZER BRASIL LTDA;61.072.393/0001-33;760797242;06/06/2024;;2024-06-06;;;novo_em_relatorio
Ciclopirox- olamina;LABORATÓRIO GLOBO SA;17.115.437/0001-73;839954255;26/06/2025;;2025-06-26;;;novo_em_relatorio
Pradaxa;BOEHRINGER INGELHEIM DO BRASIL QUÍMICA E FARMACÊUTICA LTDA.;60.831.658/0001-77;1773671243;30/12/2024;;2024-12-30;;;novo_em_relatorio
AMINOFILINA;HIPOLABOR FARMACEUTICA LTDA;19.570.720/0001-10;1665822244;05/12/2024;;2024-12-05;;;novo_em_relatorio
CIPRIXIN DEXA;GEOLAB INDÚSTRIA FARMACÊUTICA S/A;03.485.572/0001-04;4654986227;06/09/2022;;2022-09-06;;;novo_em_relatorio
cloridrato de ciprofloxacino;CIMED INDUSTRIA S.A;02.814.497/0001-07;367628252;19/03/2025;;2025-03-19;;;novo_em_relatorio
AMLOVASC;SANDOZ DO BRASIL INDÚSTRIA FARMACÊUTICA LTDA;61.286.647/0001-16;667550259;16/05/2025;;2025-05-16;;;novo_em_relatorio
MITEXAN;BAXTER HOSPITALAR LTDA;49.351.786/0002-61;1451236247;22/10/2024;;2024-10-22;;;novo_em_relatorio
GENUXAL;BAXTER HOSPITALAR LTDA;49.351.786/0002-61;532981251;18/04/2025;;2025-04-18;;;novo_em_relatorio
BRONQUITOSS;LEGRAND PHARMA INDÚSTRIA FARMACÊUTICA LTDA;05.044.984/0001-26;3420068212;30/08/2021;;2021-08-30;;;novo_em_relatorio
FOLONIN;GEOLAB INDÚSTRIA FARMACÊUTICA S/A;03.485.572/0001-04;277268257;27/02/2025;;2025-02-27;;;novo_em_relatorio
TASIGNA;NOVARTIS BIOCIENCIAS S.A;56.994.502/0001-30;1542594243;08/11/2024;;2024-11-08;;;novo_em_relatorio
TROMIZIR;BELFAR LTDA;18.324.343/0001-77;1733402241;19/12/2024;;2024-12-19;;;novo_em_relatorio
TROMETAMOL CETOROLACO;GEOLAB INDÚSTRIA FARMACÊUTICA S/A;03.485.572/0001-04;1184223254;05/09/2025;;2025-09-05;;;novo_em_relatorio
desonida;LABORATÓRIO GLOBO SA;17.115.437/0001-73;732476259;29/05/2025;;2025-05-29;;;novo_em_relatorio
IPRAVENT;EMS SIGMA PHARMA LTDA;00.923.140/0001-31;478148259;07/04/2025;;2025-04-07;;;novo_em_relatorio
SULFATO DE ZINCO;VASCONCELOS INDUSTRIA FARMACEUTICA E COMERCIO LTDA;05.155.425/0001-93;921393245;05/07/2024;;2024-07-05;;;novo_em_relatorio
MUCOBRONQ;NATULAB LABORATORIO S.A;02.456.955/0001-83;1431189215;14/04/2021;;2021-04-14;;;novo_em_relatorio
ALPHABRIN;GEOLAB INDÚSTRIA FARMACÊUTICA S/A;03.485.572/0001-04;1097679250;16/08/2025;;2025-08-16;;;novo_em_relatorio
Ventia;PANAMERICAN MEDICAL SUPPLY SUPRIMENTOS MÉDICOS LTDA;01.329.816/0001-26;2168488190;13/09/2019;;2019-09-13;;;novo_em_relatorio
DUOSOL SEM POTÁSSIO;LABORATORIOS B. BRAUN S/A;31.673.254/0001-02;443230242;09/04/2024;;2024-04-09;;;novo_em_relatorio
ACETONIDA DE TRIANCINOLONA;GEOLAB INDÚSTRIA FARMACÊUTICA S/A;03.485.572/0001-04;519508180;28/06/2018;;2018-06-28;;;novo_em_relatorio
RITOP;ZYDUS NIKKHO FARMACÊUTICA LTDA;05.254.971/0001-81;1573235215;24/04/2021;;2021-04-24;;;novo_em_relatorio
IBUPROFENO;GERMED FARMACEUTICA LTDA;45.992.062/0001-65;1471726240;25/10/2024;;2024-10-25;;;novo_em_relatorio
NOVOSORO NF;LABORATÓRIO GLOBO SA;17.115.437/0001-73;489192254;09/04/2025;;2025-04-09;;;novo_em_relatorio
SULFATO DE MAGNÉSIO HEPTAHIDRATADO;VASCONCELOS INDUSTRIA FARMACEUTICA E COMERCIO LTDA;05.155.425/0001-93;1222377241;05/09/2024;;2024-09-05;;;novo_em_relatorio
Stelara;JANSSEN-CILAG FARMACÊUTICA LTDA;51.780.468/0001-87;1205643257;11/09/2025;;2025-09-11;;;novo_em_relatorio
hemitartarato de norepinefrina;HYPOFARMA - INSTITUTO DE HYPODERMIA E FARMÁCIA LTDA;17.174.657/0001-78;1612406246;26/11/2024;;2024-11-26;;;novo_em_relatorio
RINIDON;WELEDA DO BRASIL LABORATÓRIO E FARMÁCIA LTDA;56.992.217/0001-80;1188296256;08/09/2025;;2025-09-08;;;novo_em_relatorio
DRENOGRIP;BELFAR LTDA;18.324.343/0001-77;769388256;06/06/2025;;2025-06-06;;;novo_em_relatorio
MESNA;BLAU FARMACÊUTICA S.A.;58.430.828/0001-60;313829250;07/03/2025;;2025-03-07;;;novo_em_relatorio
sulfato de morfina;HIPOLABOR FARMACEUTICA LTDA;19.570.720/0001-10;1458312241;23/10/2024;;2024-10-23;;;novo_em_relatorio
ATENOPRESS;SANDOZ DO BRASIL INDÚSTRIA FARMACÊUTICA LTDA;61.286.647/0001-16;40578259;10/01/2025;;2025-01-10;;;novo_em_relatorio
Actemra;PRODUTOS ROCHE QUÍMICOS E FARMACÊUTICOS S.A.;33.009.945/0001-23;740593251;02/06/2025;;2025-06-02;;;novo_em_relatorio
MANITOL FARMACE;FARMACE INDÚSTRIA QUÍMICO-FARMACÊUTICA CEARENSE LTDA;06.628.333/0001-46;216065241;23/02/2024;;2024-02-23;;;novo_em_relatorio
isotretinoína;COLBRÁS INDÚSTRIA E COMÉRCIO LTDA;00.413.925/0001-64;981249256;29/07/2025;;2025-07-29;;;novo_em_relatorio
NOVOFER PED;ACHÉ LABORATÓRIOS FARMACÊUTICOS S.A;60.659.463/0029-92;2304082163;20/09/2016;;2016-09-20;;;novo_em_relatorio
LORAZEPAM;EMS S/A;57.507.378/0003-65;1133930247;19/08/2024;;2024-08-19;;;novo_em_relatorio
FLUXTAR;DIFFUCAP - CHEMOBRÁS QUÍMICA E FARMACÊUTICA LTDA;42.457.796/0001-56;1730279244;18/12/2024;;2024-12-18;;;novo_em_relatorio
ZEEL COMP N;HEEL DO BRASIL BIOMÉDICA LTDA;05.994.539/0001-27;4371117228;01/07/2022;;2022-07-01;;;novo_em_relatorio
IBUPROFENO;GERMED FARMACEUTICA LTDA;45.992.062/0001-65;1471970248;25/10/2024;;2024-10-25;;;novo_em_relatorio
CLORETO DE MAGNÉSIO IFAL;IFAL INDUSTRIA E COMERCIO DE PRODUTOS FARMAC LTDA;00.376.959/0001-26;996054146;05/11/2014;;2014-11-05;;;novo_em_relatorio
COLPATRIN;LABORATÓRIO TEUTO BRASILEIRO S/A;17.159.229/0001-76;552389251;24/04/2025;;2025-04-24;;;novo_em_relatorio
INTELENCE;JANSSEN-CILAG FARMACÊUTICA LTDA;51.780.468/0001-87;1312620242;24/09/2024;;2024-09-24;;;novo_em_relatorio
sulfato de neomicina + bacitracina zíncica;LABORATÓRIO TEUTO BRASILEIRO S/A;17.159.229/0001-76;730572251;29/05/2025;;2025-05-29;;;novo_em_relatorio
bissulfato de clopidogrel;RANBAXY FARMACÊUTICA LTDA;73.663.650/0001-90;200744259;12/02/2025;;2025-02-12;;;novo_em_relatorio
HOLOXANE;BAXTER HOSPITALAR LTDA;49.351.786/0002-61;970813244;16/07/2024;;2024-07-16;;;novo_em_relatorio
Desoskin;EMS SIGMA PHARMA LTDA;00.923.140/0001-31;3778071211;24/09/2021;;2021-09-24;;;novo_em_relatorio
ISTARHES;HALEX ISTAR INDÚSTRIA FARMACÊUTICA SA;01.571.702/0001-98;4195928201;27/11/2020;;2020-11-27;;;novo_em_relatorio
brometo de ipratrópio;GERMED FARMACEUTICA LTDA;45.992.062/0001-65;478165251;07/04/2025;;2025-04-07;;;novo_em_relatorio
AMOXICILINA;UNIÃO QUÍMICA FARMACÊUTICA NACIONAL S/A;60.665.981/0001-18;878715258;04/07/2025;;2025-07-04;;;novo_em_relatorio
TIEPEM;INSTITUTO BIOCHIMICO INDÚSTRIA FARMACÊUTICA LTDA;33.258.401/0001-03;861398254;01/07/2025;;2025-07-01;;;novo_em_relatorio
BROMETO DE IPRATRÓPIO;LABORATÓRIO GLOBO SA;17.115.437/0001-73;459950258;03/04/2025;;2025-04-03;;;novo_em_relatorio
AVAMYS;GLAXOSMITHKLINE BRASIL LTDA;33.247.743/0001-10;609772252;06/05/2025;;2025-05-06;;;novo_em_relatorio
BOTULIFT;LABORATÓRIO QUÍMICO FARMACÊUTICO BERGAMO LTDA;61.282.661/0001-41;133484254;30/01/2025;;2025-01-30;;;novo_em_relatorio
WELLBUTRIN;GLAXOSMITHKLINE BRASIL LTDA;33.247.743/0001-10;713117257;27/05/2025;;2025-05-27;;;novo_em_relatorio
BRAMITOB;CHIESI FARMACÊUTICA LTDA;61.363.032/0001-46;45201251;13/01/2025;;2025-01-13;;;novo_em_relatorio
FUMARATO DE BISOPROLOL+ HIDROCLOROTIAZIDA;UNICHEM FARMACÊUTICA DO BRASIL LTDA;05.399.786/0001-85;780042255;10/06/2025;;2025-06-10;;;novo_em_relatorio
PRÉ-FOLIC;LABORATÓRIO FARMACÊUTICO ELOFAR LTDA;83.874.628/0001-43;548648255;23/04/2025;;2025-04-23;;;novo_em_relatorio
INTESTIN;LABORATÓRIO GLOBO SA;17.115.437/0001-73;577108255;29/04/2025;;2025-04-29;;;novo_em_relatorio
ANSIODORON;WELEDA DO BRASIL LABORATÓRIO E FARMÁCIA LTDA;56.992.217/0001-80;1179002253;04/09/2025;;2025-09-04;;;novo_em_relatorio
ÁGUA PARA INJEÇÃO;JP INDUSTRIA FARMACEUTICA S/A;55.972.087/0001-50;801177251;16/06/2025;;2025-06-16;;;novo_em_relatorio
DICLOAIR;LEGRAND PHARMA INDÚSTRIA FARMACÊUTICA LTDA;05.044.984/0001-26;793039258;12/06/2025;;2025-06-12;;;novo_em_relatorio
INFLUDO;WELEDA DO BRASIL LABORATÓRIO E FARMÁCIA LTDA;56.992.217/0001-80;1187190250;08/09/2025;;2025-09-08;;;novo_em_relatorio
cloridrato de hidroxizina;GERMED FARMACEUTICA LTDA;45.992.062/0001-65;1182600247;28/08/2024;;2024-08-28;;;novo_em_relatorio
ALOIS;APSEN FARMACEUTICA S/A;62.462.015/0001-29;843899255;27/06/2025;;2025-06-27;;;novo_em_relatorio
BIOFLADEX;EMS S/A;57.507.378/0003-65;1021257257;08/08/2025;;2025-08-08;;;novo_em_relatorio
SPIRIVA RESPIMAT;BOEHRINGER INGELHEIM DO BRASIL QUÍMICA E FARMACÊUTICA LTDA.;60.831.658/0001-77;70995257;17/01/2025;;2025-01-17;;;novo_em_relatorio
ACETATO DE SÓDIO;VASCONCELOS INDUSTRIA FARMACEUTICA E COMERCIO LTDA;05.155.425/0001-93;1230030239;08/11/2023;;2023-11-08;;;novo_em_relatorio
DACOGEN;JANSSEN-CILAG FARMACÊUTICA LTDA;51.780.468/0001-87;1680232240;09/12/2024;;2024-12-09;;;novo_em_relatorio
EXTRANEAL;BAXTER HOSPITALAR LTDA;49.351.786/0002-61;1029440255;11/08/2025;;2025-08-11;;;novo_em_relatorio
REFORTRIX IPV;GLAXOSMITHKLINE BRASIL LTDA;33.247.743/0001-10;1031554246;29/07/2024;;2024-07-29;;;novo_em_relatorio
FARMAFLAN;PHARLAB INDÚSTRIA FARMACÊUTICA S.A.;02.501.297/0001-02;815386257;18/06/2025;;2025-06-18;;;novo_em_relatorio
VITAUM;GEOLAB INDÚSTRIA FARMACÊUTICA S/A;03.485.572/0001-04;603790259;05/05/2025;;2025-05-05;;;novo_em_relatorio
Euflexxa;LABORATÓRIOS FERRING LTDA;74.232.034/0001-48;1471837246;25/10/2024;;2024-10-25;;;novo_em_relatorio
MIOFIBRAX;LEGRAND PHARMA INDÚSTRIA FARMACÊUTICA LTDA;05.044.984/0001-26;1744066248;20/12/2024;;2024-12-20;;;novo_em_relatorio
Gabapentina;EMS S/A;57.507.378/0003-65;25821253;08/01/2025;;2025-01-08;;;novo_em_relatorio
Fenofibrato;EMS S/A;57.507.378/0003-65;241963257;20/02/2025;;2025-02-20;;;novo_em_relatorio
VACINA ROTAVÍRUS HUMANO G1P[8] (ATENUADA);FUNDAÇÃO OSWALDO CRUZ;33.781.055/0001-35;690184255;22/05/2025;;2025-05-22;;;novo_em_relatorio
acebrofilina;CIMED INDUSTRIA S.A;02.814.497/0001-07;774478250;09/06/2025;;2025-06-09;;;novo_em_relatorio
MELOXICAM;LABORATÓRIO TEUTO BRASILEIRO S/A;17.159.229/0001-76;731184254;29/05/2025;;2025-05-29;;;novo_em_relatorio
GLICOSE + CLORETO DE SÓDIO FARMACE;FARMACE INDÚSTRIA QUÍMICO-FARMACÊUTICA CEARENSE LTDA;06.628.333/0001-46;215787242;23/02/2024;;2024-02-23;;;novo_em_relatorio
Meritor;ACHÉ LABORATÓRIOS FARMACÊUTICOS S.A;60.659.463/0029-92;328539252;11/03/2025;;2025-03-11;;;novo_em_relatorio
MESIGYNA;BAYER S.A.;18.459.628/0001-15;644164255;13/05/2025;;2025-05-13;;;novo_em_relatorio
CICLOPIROX OLAMINA;LEGRAND PHARMA INDÚSTRIA FARMACÊUTICA LTDA;05.044.984/0001-26;1023279258;08/08/2025;;2025-08-08;;;novo_em_relatorio
Dipropionato de Betametasona + Sulfato de Gentamicina;GEOLAB INDÚSTRIA FARMACÊUTICA S/A;03.485.572/0001-04;1586598244;19/11/2024;;2024-11-19;;;novo_em_relatorio
LUCENTIS;NOVARTIS BIOCIENCIAS S.A;56.994.502/0001-30;1157978258;29/08/2025;;2025-08-29;;;novo_em_relatorio
bimatoprosta;EMS S/A;57.507.378/0003-65;810387255;17/06/2025;;2025-06-17;;;novo_em_relatorio
azitromicina;LABORATÓRIO GLOBO SA;17.115.437/0001-73;868867241;26/06/2024;;2024-06-26;;;novo_em_relatorio
NISTATINA + OXIDO DE ZINCO;LABORATÓRIO GLOBO SA;17.115.437/0001-73;779183258;10/06/2025;;2025-06-10;;;novo_em_relatorio
losartana potássica;PRATI DONADUZZI & CIA LTDA;73.856.593/0001-66;961153253;23/07/2025;;2025-07-23;;;novo_em_relatorio
VACINA ADSORVIDA MENINGOCÓCICA C (CONJUGADA);FUNDAÇÃO EZEQUIEL DIAS - FUNED;17.503.475/0001-01;861444230;16/08/2023;;2023-08-16;;;novo_em_relatorio
topiramato;ACCORD FARMACÊUTICA LTDA;64.171.697/0001-46;186743254;10/02/2025;;2025-02-10;;;novo_em_relatorio
MALEATO DE ENALAPRIL + HIDROCLOROTIAZIDA;EMS S/A;57.507.378/0003-65;114744254;27/01/2025;;2025-01-27;;;novo_em_relatorio
CLORIDRATO DE TIAMINA;HIPOLABOR FARMACEUTICA LTDA;19.570.720/0001-10;1396572244;10/10/2024;;2024-10-10;;;novo_em_relatorio
HORMOSKIN;GERMED FARMACEUTICA LTDA;45.992.062/0001-65;429704241;04/04/2024;;2024-04-04;;;novo_em_relatorio
ALENDRONATO DE SÓDIO;LEGRAND PHARMA INDÚSTRIA FARMACÊUTICA LTDA;05.044.984/0001-26;1016486251;07/08/2025;;2025-08-07;;;novo_em_relatorio
cloridrato de ondansetrona;HALEX ISTAR INDÚSTRIA FARMACÊUTICA SA;01.571.702/0001-98;391402242;28/03/2024;;2024-03-28;;;novo_em_relatorio
Ilaris;NOVARTIS BIOCIENCIAS S.A;56.994.502/0001-30;1163291251;01/09/2025;;2025-09-01;;;novo_em_relatorio
ZOLDAC;ZYDUS NIKKHO FARMACÊUTICA LTDA;05.254.971/0001-81;1556373211;23/04/2021;;2021-04-23;;;novo_em_relatorio
ROSUVASTATINA CÁLCICA;TORRENT DO BRASIL LTDA;33.078.528/0001-32;1174846259;03/09/2025;;2025-09-03;;;novo_em_relatorio
sulfato de glicosamina;EMS SIGMA PHARMA LTDA;00.923.140/0001-31;778136230;26/07/2023;;2023-07-26;;;novo_em_relatorio
TARTARATO DE BRIMONIDINA;GEOLAB INDÚSTRIA FARMACÊUTICA S/A;03.485.572/0001-04;992687250;31/07/2025;;2025-07-31;;;novo_em_relatorio
DERIVA C MICRO;GLENMARK FARMACÊUTICA LTDA;44.363.661/0001-57;1627433244;28/11/2024;;2024-11-28;;;novo_em_relatorio
CLORIDRATO DE DOXICICLINA;EMS S/A;57.507.378/0003-65;1208403257;11/09/2025;;2025-09-11;;;novo_em_relatorio
CINATREX;CIFARMA CIENTÍFICA FARMACÊUTICA LTDA;17.562.075/0001-69;832743259;25/06/2025;;2025-06-25;;;novo_em_relatorio
ARTICAINE;DFL INDÚSTRIA E COMÉRCIO S/A;33.112.665/0001-46;1157377246;22/08/2024;;2024-08-22;;;novo_em_relatorio
BAMIFIX;CHIESI FARMACÊUTICA LTDA;61.363.032/0001-46;1478299240;28/10/2024;;2024-10-28;;;novo_em_relatorio
RUBIDOX;LABORATÓRIO QUÍMICO FARMACÊUTICO BERGAMO LTDA;61.282.661/0001-41;878889248;27/06/2024;;2024-06-27;;;novo_em_relatorio
NUBAIN;CRISTÁLIA PRODUTOS QUÍMICOS FARMACÊUTICOS LTDA.;44.734.671/0001-51;923236212;09/03/2021;;2021-03-09;;;novo_em_relatorio
REVIA;CRISTÁLIA PRODUTOS QUÍMICOS FARMACÊUTICOS LTDA.;44.734.671/0001-51;474516253;07/04/2025;;2025-04-07;;;novo_em_relatorio
BREVIBLOC;CRISTÁLIA PRODUTOS QUÍMICOS FARMACÊUTICOS LTDA.;44.734.671/0001-51;536024251;22/04/2025;;2025-04-22;;;novo_em_relatorio
FURP - ETAMBUTOL;FUNDAÇÃO PARA O REMÉDIO POPULAR - FURP;43.640.754/0001-19;737770252;30/05/2025;;2025-05-30;;;novo_em_relatorio
RETEMIC;APSEN FARMACEUTICA S/A;62.462.015/0001-29;841937257;27/06/2025;;2025-06-27;;;novo_em_relatorio
BUPSTESIC;UNIÃO QUÍMICA FARMACÊUTICA NACIONAL S/A;60.665.981/0001-18;1475700237;27/12/2023;;2023-12-27;;;novo_em_relatorio
cloridrato de fluoxetina;EMS S/A;57.507.378/0003-65;260295256;24/02/2025;;2025-02-24;;;novo_em_relatorio
CEBRILIN;LIBBS FARMACÊUTICA LTDA;61.230.314/0001-75;1683764242;10/12/2024;;2024-12-10;;;novo_em_relatorio
PONDERA;EUROFARMA LABORATÓRIOS S.A.;61.190.096/0001-92;638428254;12/05/2025;;2025-05-12;;;novo_em_relatorio
TRAMADON;CRISTÁLIA PRODUTOS QUÍMICOS FARMACÊUTICOS LTDA.;44.734.671/0001-51;1760242241;26/12/2024;;2024-12-26;;;novo_em_relatorio
TRAMALIV;LABORATÓRIO TEUTO BRASILEIRO S/A;17.159.229/0001-76;937258;02/01/2025;;2025-01-02;;;novo_em_relatorio
FLUFENAN;CRISTÁLIA PRODUTOS QUÍMICOS FARMACÊUTICOS LTDA.;44.734.671/0001-51;568283252;28/04/2025;;2025-04-28;;;novo_em_relatorio
PAXTRAT;UNIÃO QUÍMICA FARMACÊUTICA NACIONAL S/A;60.665.981/0001-18;684568250;21/05/2025;;2025-05-21;;;novo_em_relatorio
MIOSAN;APSEN FARMACEUTICA S/A;62.462.015/0001-29;77835255;20/01/2025;;2025-01-20;;;novo_em_relatorio
PETIVIT BC;BRASTERAPICA PHARMACEUTICA LTDA.;46.179.008/0001-68;1645480241;02/12/2024;;2024-12-02;;;novo_em_relatorio
NAUSILON B6;CIFARMA CIENTÍFICA FARMACÊUTICA LTDA;17.562.075/0001-69;383394252;21/03/2025;;2025-03-21;;;novo_em_relatorio
PRILONEST;DFL INDÚSTRIA E COMÉRCIO S/A;33.112.665/0001-46;1221487248;04/09/2024;;2024-09-04;;;novo_em_relatorio
PROFERGAN;LABORATÓRIO TEUTO BRASILEIRO S/A;17.159.229/0001-76;195863259;12/02/2025;;2025-02-12;;;novo_em_relatorio
PROPRANOLOM;LABORATÓRIOS OSÓRIO DE MORAES LTDA;19.791.813/0001-75;905832256;10/07/2025;;2025-07-10;;;novo_em_relatorio
SORINAN;PHARMASCIENCE INDUSTRIA FARMACEUTICA S.A;25.773.037/0001-83;25404245;09/01/2024;;2024-01-09;;;novo_em_relatorio
QUINOFLOX;BIOLAB SANUS FARMACÊUTICA LTDA;49.475.833/0001-06;69696250;17/01/2025;;2025-01-17;;;novo_em_relatorio
YOMAX;APSEN FARMACEUTICA S/A;62.462.015/0001-29;1203321244;02/09/2024;;2024-09-02;;;novo_em_relatorio
NERALGYN;CIFARMA CIENTÍFICA FARMACÊUTICA LTDA;17.562.075/0001-69;821875256;23/06/2025;;2025-06-23;;;novo_em_relatorio
INIBINA;APSEN FARMACEUTICA S/A;62.462.015/0001-29;424455251;28/03/2025;;2025-03-28;;;novo_em_relatorio
cloridrato de lidocaína;HYPOFARMA - INSTITUTO DE HYPODERMIA E FARMÁCIA LTDA;17.174.657/0001-78;901280232;25/08/2023;;2023-08-25;;;novo_em_relatorio
POLYDRAT;PHARMASCIENCE INDUSTRIA FARMACEUTICA S.A;25.773.037/0001-83;682750141;19/08/2014;;2014-08-19;;;novo_em_relatorio
CIPROFAR;LABORATÓRIO FARMACÊUTICO ELOFAR LTDA;83.874.628/0001-43;367778254;19/03/2025;;2025-03-19;;;novo_em_relatorio
ALPHACAINE;DFL INDÚSTRIA E COMÉRCIO S/A;33.112.665/0001-46;1165449242;24/08/2024;;2024-08-24;;;novo_em_relatorio
NESH ZINCO;NUNESFARMA PRODUTOS FARMACÊUTICOS LTDA;75.014.167/0001-00;233640231;08/03/2023;;2023-03-08;;;novo_em_relatorio
FANCLOMAX;BLAU FARMACÊUTICA S.A.;58.430.828/0001-60;815944250;18/06/2025;;2025-06-18;;;novo_em_relatorio
GINKGO CATARINENSE;LABORATORIO CATARINENSE LTDA;84.684.620/0001-87;781084253;10/06/2025;;2025-06-10;;;novo_em_relatorio
GELMAX;EMS S/A;57.507.378/0003-65;1058446258;13/08/2025;;2025-08-13;;;novo_em_relatorio
NOVORAPID;NOVO NORDISK FARMACÊUTICA DO BRASIL LTDA;82.277.955/0001-55;677564252;20/05/2025;;2025-05-20;;;novo_em_relatorio
ITRALEX;EMS S/A;57.507.378/0003-65;1227303246;05/09/2024;;2024-09-05;;;novo_em_relatorio
Novolin N;NOVO NORDISK FARMACÊUTICA DO BRASIL LTDA;82.277.955/0001-55;623985241;10/05/2024;;2024-05-10;;;novo_em_relatorio
SPORANOX;JANSSEN-CILAG FARMACÊUTICA LTDA;51.780.468/0001-87;765675242;07/06/2024;;2024-06-07;;;novo_em_relatorio
EXTRALERG;LABORATORIO DE EXTRATOS ALERGENICOS LTDA;28.614.626/0001-07;1313172243;24/09/2024;;2024-09-24;;;novo_em_relatorio
STRESSDORON;WELEDA DO BRASIL LABORATÓRIO E FARMÁCIA LTDA;56.992.217/0001-80;1193257255;09/09/2025;;2025-09-09;;;novo_em_relatorio
DEOCIL;DIFFUCAP - CHEMOBRÁS QUÍMICA E FARMACÊUTICA LTDA;42.457.796/0001-56;1730003249;18/12/2024;;2024-12-18;;;novo_em_relatorio
SIMECO PLUS;EUROFARMA LABORATÓRIOS S.A.;61.190.096/0001-92;662515251;16/05/2025;;2025-05-16;;;novo_em_relatorio
CAPTOPRIL;PRATI DONADUZZI & CIA LTDA;73.856.593/0001-66;759508232;21/07/2023;;2023-07-21;;;novo_em_relatorio
OMEPRAMIX;ACHÉ LABORATÓRIOS FARMACÊUTICOS S.A;60.659.463/0029-92;3448189219;01/09/2021;;2021-09-01;;;novo_em_relatorio
HENETIX;GUERBET PRODUTOS RADIOLÓGICOS LTDA;42.180.406/0001-43;912251255;11/07/2025;;2025-07-11;;;novo_em_relatorio
LORASLIV;VITAMEDIC INDUSTRIA FARMACEUTICA LTDA;30.222.814/0001-31;1402421249;11/10/2024;;2024-10-11;;;novo_em_relatorio
HISTADIN;UNIÃO QUÍMICA FARMACÊUTICA NACIONAL S/A;60.665.981/0001-18;547953241;25/04/2024;;2024-04-25;;;novo_em_relatorio
FARMANGUINHOS -LAMIVUDINA;FUNDAÇÃO OSWALDO CRUZ;33.781.055/0001-35;1379941237;05/12/2023;;2023-12-05;;;novo_em_relatorio
FURP-LAMIVUDINA;FUNDAÇÃO PARA O REMÉDIO POPULAR - FURP;43.640.754/0001-19;1116041235;18/10/2023;;2023-10-18;;;novo_em_relatorio
GLIMEPIL;FARMOQUÍMICA S/A;33.349.473/0001-58;1379367239;05/12/2023;;2023-12-05;;;novo_em_relatorio
LAMI;CRISTÁLIA PRODUTOS QUÍMICOS FARMACÊUTICOS LTDA.;44.734.671/0001-51;801294258;16/06/2025;;2025-06-16;;;novo_em_relatorio
FAR-MANGUINHOS-LAMIVUDINA+ZIDOVUDINA;FUNDAÇÃO OSWALDO CRUZ;33.781.055/0001-35;618400249;09/05/2024;;2024-05-09;;;novo_em_relatorio
FURP-LAMIVUDINA + ZIDOVUDINA;FUNDAÇÃO PARA O REMÉDIO POPULAR - FURP;43.640.754/0001-19;1116089238;18/10/2023;;2023-10-18;;;novo_em_relatorio
GLUCAGEN;NOVO NORDISK FARMACÊUTICA DO BRASIL LTDA;82.277.955/0001-55;660940256;15/05/2025;;2025-05-15;;;novo_em_relatorio
GASTROFTAL;PHARMASCIENCE INDUSTRIA FARMACEUTICA S.A;25.773.037/0001-83;1185466240;28/08/2024;;2024-08-28;;;novo_em_relatorio
NEURAL;CRISTÁLIA PRODUTOS QUÍMICOS FARMACÊUTICOS LTDA.;44.734.671/0001-51;519526252;16/04/2025;;2025-04-16;;;novo_em_relatorio
XAROPE 44 E;PROCTER & GAMBLE DO BRASIL LTDA.;59.476.770/0001-58;4175999201;26/11/2020;;2020-11-26;;;novo_em_relatorio
FEMARA;NOVARTIS BIOCIENCIAS S.A;56.994.502/0001-30;1250926246;11/09/2024;;2024-09-11;;;novo_em_relatorio
FURP-HALOPERIDOL;FUNDAÇÃO PARA O REMÉDIO POPULAR - FURP;43.640.754/0001-19;1412129231;12/12/2023;;2023-12-12;;;novo_em_relatorio
ALGY-FLANDERIL;VITAMEDIC INDUSTRIA FARMACEUTICA LTDA;30.222.814/0001-31;966855256;24/07/2025;;2025-07-24;;;novo_em_relatorio
PROLOPA;PRODUTOS ROCHE QUÍMICOS E FARMACÊUTICOS S.A.;33.009.945/0001-23;1205879251;11/09/2025;;2025-09-11;;;novo_em_relatorio
brometo de ipratrópio;LEGRAND PHARMA INDÚSTRIA FARMACÊUTICA LTDA;05.044.984/0001-26;478075251;07/04/2025;;2025-04-07;;;novo_em_relatorio
ANTUX;ACHÉ LABORATÓRIOS FARMACÊUTICOS S.A;60.659.463/0029-92;2757130218;15/07/2021;;2021-07-15;;;novo_em_relatorio
TAMIRAM;EUROFARMA LABORATÓRIOS S.A.;61.190.096/0001-92;861915259;01/07/2025;;2025-07-01;;;novo_em_relatorio
LEVOXIN;APSEN FARMACEUTICA S/A;62.462.015/0001-29;395806259;24/03/2025;;2025-03-24;;;novo_em_relatorio
LEVAQUIN;JANSSEN-CILAG FARMACÊUTICA LTDA;51.780.468/0001-87;372045251;19/03/2025;;2025-03-19;;;novo_em_relatorio
TRIANCIL;APSEN FARMACEUTICA S/A;62.462.015/0001-29;1683552245;10/12/2024;;2024-12-10;;;novo_em_relatorio
OTO - XILODASE;APSEN FARMACEUTICA S/A;62.462.015/0001-29;843958251;27/06/2025;;2025-06-27;;;novo_em_relatorio
NOCICLIN;EMS S/A;57.507.378/0003-65;1062821246;05/08/2024;;2024-08-05;;;novo_em_relatorio
HEPTAR;EUROFARMA LABORATÓRIOS S.A.;61.190.096/0001-92;806811251;17/06/2025;;2025-06-17;;;novo_em_relatorio
ISOFORINE;CRISTÁLIA PRODUTOS QUÍMICOS FARMACÊUTICOS LTDA.;44.734.671/0001-51;661797252;16/05/2025;;2025-05-16;;;novo_em_relatorio
LEVEL;BIOLAB SANUS FARMACÊUTICA LTDA;49.475.833/0001-06;752042254;03/06/2025;;2025-06-03;;;novo_em_relatorio
DIURIX;LABORATÓRIO TEUTO BRASILEIRO S/A;17.159.229/0001-76;839176252;26/06/2025;;2025-06-26;;;novo_em_relatorio
IMUNOGLOBULIN;BLAU FARMACÊUTICA S.A.;58.430.828/0001-60;1165265231;25/10/2023;;2023-10-25;;;novo_em_relatorio
CEFALIV;ACHÉ LABORATÓRIOS FARMACÊUTICOS S.A;60.659.463/0029-92;405430256;25/03/2025;;2025-03-25;;;novo_em_relatorio
MESILATO DE DOXAZOSINA;SANDOZ DO BRASIL INDÚSTRIA FARMACÊUTICA LTDA;61.286.647/0001-16;709808259;26/05/2025;;2025-05-26;;;novo_em_relatorio
UNOPROST;APSEN FARMACEUTICA S/A;62.462.015/0001-29;756258251;04/06/2025;;2025-06-04;;;novo_em_relatorio
DORMIRE;CRISTÁLIA PRODUTOS QUÍMICOS FARMACÊUTICOS LTDA.;44.734.671/0001-51;883855232;22/08/2023;;2023-08-22;;;novo_em_relatorio
DORMIUM;UNIÃO QUÍMICA FARMACÊUTICA NACIONAL S/A;60.665.981/0001-18;1204607249;02/09/2024;;2024-09-02;;;novo_em_relatorio
VASOPRIL PLUS;BIOLAB SANUS FARMACÊUTICA LTDA;49.475.833/0001-06;1002688256;04/08/2025;;2025-08-04;;;novo_em_relatorio
MALEATO DE ENALAPRIL;EMS S/A;57.507.378/0003-65;987087258;30/07/2025;;2025-07-30;;;novo_em_relatorio
SEPURIN;LABORATÓRIO GROSS S. A.;33.145.194/0001-72;1639107240;29/11/2024;;2024-11-29;;;novo_em_relatorio
METOCLOSANTISA;SANTISA LABORATÓRIO FARMACÊUTICO S/A;04.099.395/0001-82;1160015252;29/08/2025;;2025-08-29;;;novo_em_relatorio
MONOCORDIL;LABORATÓRIOS BALDACCI LTDA;61.150.447/0001-31;1774024241;30/12/2024;;2024-12-30;;;novo_em_relatorio
CORONAR;BIOLAB SANUS FARMACÊUTICA LTDA;49.475.833/0001-06;1012985253;06/08/2025;;2025-08-06;;;novo_em_relatorio
NISTATINA;EMS S/A;57.507.378/0003-65;269471251;26/02/2025;;2025-02-26;;;novo_em_relatorio
ORGANONEURO CEREBRAL;LABORATÓRIO GROSS S. A.;33.145.194/0001-72;503595250;11/04/2025;;2025-04-11;;;novo_em_relatorio
LORATADINA;RANBAXY FARMACÊUTICA LTDA;73.663.650/0001-90;1349212245;01/10/2024;;2024-10-01;;;novo_em_relatorio
FURP - METILDOPA;FUNDAÇÃO PARA O REMÉDIO POPULAR - FURP;43.640.754/0001-19;1245676237;10/11/2023;;2023-11-10;;;novo_em_relatorio
UNIMEDROL;UNIÃO QUÍMICA FARMACÊUTICA NACIONAL S/A;60.665.981/0001-18;900620251;09/07/2025;;2025-07-09;;;novo_em_relatorio
MUPIROCINA;CRISTÁLIA PRODUTOS QUÍMICOS FARMACÊUTICOS LTDA.;44.734.671/0001-51;473067251;07/04/2025;;2025-04-07;;;novo_em_relatorio
DIPEPTIVEN;FRESENIUS KABI BRASIL LTDA;49.324.221/0001-04;1244097233;10/11/2023;;2023-11-10;;;novo_em_relatorio
FLUIMUCIL;ZAMBON LABORATÓRIOS FARMACÊUTICOS LTDA.;61.100.004/0001-36;1048650243;31/07/2024;;2024-07-31;;;novo_em_relatorio
BELMIRAX;BELFAR LTDA;18.324.343/0001-77;670736244;20/05/2024;;2024-05-20;;;novo_em_relatorio
ARADOIS;BIOLAB SANUS FARMACÊUTICA LTDA;49.475.833/0001-06;1189285258;08/09/2025;;2025-09-08;;;novo_em_relatorio
NOVOSIL;HIPOLABOR FARMACEUTICA LTDA;19.570.720/0001-10;1672310245;06/12/2024;;2024-12-06;;;novo_em_relatorio
NARCAN;CRISTÁLIA PRODUTOS QUÍMICOS FARMACÊUTICOS LTDA.;44.734.671/0001-51;913542253;14/07/2025;;2025-07-14;;;novo_em_relatorio
LOXONIN;DAIICHI SANKYO BRASIL FARMACÊUTICA LTDA;60.874.187/0001-84;645797251;13/05/2025;;2025-05-13;;;novo_em_relatorio
METREXATO;BLAU FARMACÊUTICA S.A.;58.430.828/0001-60;65345258;16/01/2025;;2025-01-16;;;novo_em_relatorio
DECONGEX PLUS;ACHÉ LABORATÓRIOS FARMACÊUTICOS S.A;60.659.463/0029-92;1728182247;18/12/2024;;2024-12-18;;;novo_em_relatorio
POLARYN;LABORATÓRIO TEUTO BRASILEIRO S/A;17.159.229/0001-76;749969253;03/06/2025;;2025-06-03;;;novo_em_relatorio
BIOFLAC;CRISTÁLIA PRODUTOS QUÍMICOS FARMACÊUTICOS LTDA.;44.734.671/0001-51;661892255;16/05/2025;;2025-05-16;;;novo_em_relatorio
BACINANTRAT;LABORATÓRIO GLOBO SA;17.115.437/0001-73;774486252;09/06/2025;;2025-06-09;;;novo_em_relatorio
FARMANGUINHOS - NEVIRAPINA;FUNDAÇÃO OSWALDO CRUZ;33.781.055/0001-35;1006914251;05/08/2025;;2025-08-05;;;novo_em_relatorio
RENITEC;ORGANON FARMACÊUTICA LTDA.;45.987.013/0001-34;589118251;01/05/2025;;2025-05-01;;;novo_em_relatorio
FLAGIMAX;BELFAR LTDA;18.324.343/0001-77;857032259;30/06/2025;;2025-06-30;;;novo_em_relatorio
METRONACK;LABORATORIOS B. BRAUN S/A;31.673.254/0001-02;1410708233;12/12/2023;;2023-12-12;;;novo_em_relatorio
HELMIZOL;LABORATÓRIO TEUTO BRASILEIRO S/A;17.159.229/0001-76;809046253;17/06/2025;;2025-06-17;;;novo_em_relatorio
CELESTRAT;UNIÃO QUÍMICA FARMACÊUTICA NACIONAL S/A;60.665.981/0001-18;221980253;17/02/2025;;2025-02-17;;;novo_em_relatorio
Winter AP;DIFFUCAP - CHEMOBRÁS QUÍMICA E FARMACÊUTICA LTDA;42.457.796/0001-56;1736896245;19/12/2024;;2024-12-19;;;novo_em_relatorio
cloridrato de nafazolina;LABORATÓRIO GLOBO SA;17.115.437/0001-73;489063250;09/04/2025;;2025-04-09;;;novo_em_relatorio
MESACOL;TAKEDA PHARMA LTDA.;60.397.775/0001-74;585629251;30/04/2025;;2025-04-30;;;novo_em_relatorio
PENTASA;LABORATÓRIOS FERRING LTDA;74.232.034/0001-48;46760253;13/01/2025;;2025-01-13;;;novo_em_relatorio
ZIPROL;LABORATÓRIOS BALDACCI LTDA;61.150.447/0001-31;934924252;18/07/2025;;2025-07-18;;;novo_em_relatorio
BÁLSAMO BRANCO;LABORATORIO CATARINENSE LTDA;84.684.620/0001-87;782980252;10/06/2025;;2025-06-10;;;novo_em_relatorio
PIOLETAL;CELLERA FARMACÊUTICA S.A.;33.173.097/0002-74;1148703241;21/08/2024;;2024-08-21;;;novo_em_relatorio
FAR-MANGUINHOS PRAZIQUANTEL;FUNDAÇÃO OSWALDO CRUZ;33.781.055/0001-35;1197063251;09/09/2025;;2025-09-09;;;novo_em_relatorio
UNIPRAZOL;UNIÃO QUÍMICA FARMACÊUTICA NACIONAL S/A;60.665.981/0001-18;829090258;24/06/2025;;2025-06-24;;;novo_em_relatorio
GASTRIUM;ACHÉ LABORATÓRIOS FARMACÊUTICOS S.A;60.659.463/0029-92;939492253;21/07/2025;;2025-07-21;;;novo_em_relatorio
TAZOCIN;PFIZER BRASIL LTDA;61.072.393/0001-33;973809248;17/07/2024;;2024-07-17;;;novo_em_relatorio
NISTATINA;LABORATÓRIO TEUTO BRASILEIRO S/A;17.159.229/0001-76;559611251;25/04/2025;;2025-04-25;;;novo_em_relatorio
TAMIFLU;PRODUTOS ROCHE QUÍMICOS E FARMACÊUTICOS S.A.;33.009.945/0001-23;154100251;04/02/2025;;2025-02-04;;;novo_em_relatorio
piroxicam;EMS S/A;57.507.378/0003-65;1079995242;07/08/2024;;2024-08-07;;;novo_em_relatorio
CALTREN;LIBBS FARMACÊUTICA LTDA;61.230.314/0001-75;328592251;11/03/2025;;2025-03-11;;;novo_em_relatorio
NUTRIFLEX PLUS;LABORATORIOS B. BRAUN S/A;31.673.254/0001-02;967625254;24/07/2025;;2025-07-24;;;novo_em_relatorio
PROCTYL;TAKEDA PHARMA LTDA.;60.397.775/0001-74;345693256;14/03/2025;;2025-03-14;;;novo_em_relatorio
STILGRIP;KLEY HERTZ FARMACEUTICA S.A;92.695.691/0001-03;925570231;31/08/2023;;2023-08-31;;;novo_em_relatorio
TRILAX;SANDOZ DO BRASIL INDÚSTRIA FARMACÊUTICA LTDA;61.286.647/0001-16;826889255;23/06/2025;;2025-06-23;;;novo_em_relatorio
GRIPEOL;CIFARMA CIENTÍFICA FARMACÊUTICA LTDA;17.562.075/0001-69;1636980244;29/11/2024;;2024-11-29;;;novo_em_relatorio
NORESTIN;BIOLAB SANUS FARMACÊUTICA LTDA;49.475.833/0001-06;710037252;26/05/2025;;2025-05-26;;;novo_em_relatorio
NORXACIN;LABORATÓRIO GLOBO SA;17.115.437/0001-73;588309257;01/05/2025;;2025-05-01;;;novo_em_relatorio
FAR-MANGUINHOS VITAMINA A;FUNDAÇÃO OSWALDO CRUZ;33.781.055/0001-35;940470250;21/07/2025;;2025-07-21;;;novo_em_relatorio
AZULFIN;APSEN FARMACEUTICA S/A;62.462.015/0001-29;975428250;28/07/2025;;2025-07-28;;;novo_em_relatorio
CLINFAR;MERCK S/A;33.069.212/0001-84;71546251;17/01/2025;;2025-01-17;;;novo_em_relatorio
SINVASCOR;LABORATÓRIOS BALDACCI LTDA;61.150.447/0001-31;921061251;15/07/2025;;2025-07-15;;;novo_em_relatorio
VASLIP;BIOLAB SANUS FARMACÊUTICA LTDA;49.475.833/0001-06;153680253;04/02/2025;;2025-02-04;;;novo_em_relatorio
SANTROPINA;SANTISA LABORATÓRIO FARMACÊUTICO S/A;04.099.395/0001-82;4685021223;13/09/2022;;2022-09-13;;;novo_em_relatorio
FUNED - TALIDOMIDA;FUNDAÇÃO EZEQUIEL DIAS - FUNED;17.503.475/0001-01;1277403236;17/11/2023;;2023-11-17;;;novo_em_relatorio
VIVERDAL;UNIÃO QUÍMICA FARMACÊUTICA NACIONAL S/A;60.665.981/0001-18;71441255;17/01/2025;;2025-01-17;;;novo_em_relatorio
SINVASTATINA;RANBAXY FARMACÊUTICA LTDA;73.663.650/0001-90;4116063215;18/10/2021;;2021-10-18;;;novo_em_relatorio
OMEPRAZOL;HIPOLABOR FARMACEUTICA LTDA;19.570.720/0001-10;1439626243;19/10/2024;;2024-10-19;;;novo_em_relatorio
ALPHAGAN;ALLERGAN PRODUTOS FARMACÊUTICOS LTDA;43.426.626/0001-77;544634233;29/05/2023;;2023-05-29;;;novo_em_relatorio
RILUZOL;EMS S/A;57.507.378/0003-65;1382226218;11/04/2021;;2021-04-11;;;novo_em_relatorio
CLOPIPLAX;GERMED FARMACEUTICA LTDA;45.992.062/0001-65;347363253;14/03/2025;;2025-03-14;;;novo_em_relatorio
SOLUCÃO DE MANITOL 20%;LABORATORIOS B. BRAUN S/A;31.673.254/0001-02;1404775234;11/12/2023;;2023-12-11;;;novo_em_relatorio
SOLUÇÃO DE RINGER COM LACTATO;LABORATORIOS B. BRAUN S/A;31.673.254/0001-02;1405018232;11/12/2023;;2023-12-11;;;novo_em_relatorio
NOCTIDEN;BIOLAB SANUS FARMACÊUTICA LTDA;49.475.833/0001-06;1176124242;27/08/2024;;2024-08-27;;;novo_em_relatorio
TEICONIN;INSTITUTO BIOCHIMICO INDÚSTRIA FARMACÊUTICA LTDA;33.258.401/0001-03;864465254;02/07/2025;;2025-07-02;;;novo_em_relatorio
BACTOMAX;CRISTÁLIA PRODUTOS QUÍMICOS FARMACÊUTICOS LTDA.;44.734.671/0001-51;97499242;25/01/2024;;2024-01-25;;;novo_em_relatorio
MABTHERA;PRODUTOS ROCHE QUÍMICOS E FARMACÊUTICOS S.A.;33.009.945/0001-23;825117259;23/06/2025;;2025-06-23;;;novo_em_relatorio
FURP-ESTREPTOMICINA;FUNDAÇÃO PARA O REMÉDIO POPULAR - FURP;43.640.754/0001-19;726314251;28/05/2025;;2025-05-28;;;novo_em_relatorio
HYTAMICINA;HYPOFARMA - INSTITUTO DE HYPODERMIA E FARMÁCIA LTDA;17.174.657/0001-78;717883230;12/07/2023;;2023-07-12;;;novo_em_relatorio
PRIMID;APSEN FARMACEUTICA S/A;62.462.015/0001-29;901433241;02/07/2024;;2024-07-02;;;novo_em_relatorio
GLICOSE HYPOFARMA;HYPOFARMA - INSTITUTO DE HYPODERMIA E FARMÁCIA LTDA;17.174.657/0001-78;1919252215;18/05/2021;;2021-05-18;;;novo_em_relatorio
THERAPSOR;THERASKIN FARMACEUTICA LTDA.;61.517.397/0001-88;510362257;14/04/2025;;2025-04-14;;;novo_em_relatorio
PROFOLEN;BLAU FARMACÊUTICA S.A.;58.430.828/0001-60;1179020251;04/09/2025;;2025-09-04;;;novo_em_relatorio
HORMOTROP;LABORATÓRIO QUÍMICO FARMACÊUTICO BERGAMO LTDA;61.282.661/0001-41;362026246;22/03/2024;;2024-03-22;;;novo_em_relatorio
FLORENT;CIFARMA CIENTÍFICA FARMACÊUTICA LTDA;17.562.075/0001-69;1230954244;06/09/2024;;2024-09-06;;;novo_em_relatorio
REPOFLOR;EMS S/A;57.507.378/0003-65;489928251;09/04/2025;;2025-04-09;;;novo_em_relatorio
BAXTER SORBITOL;BAXTER HOSPITALAR LTDA;49.351.786/0002-61;1226137245;05/09/2024;;2024-09-05;;;novo_em_relatorio
DIMORF;CRISTÁLIA PRODUTOS QUÍMICOS FARMACÊUTICOS LTDA.;44.734.671/0001-51;1208337254;11/09/2025;;2025-09-11;;;novo_em_relatorio
PROPOVAN;CRISTÁLIA PRODUTOS QUÍMICOS FARMACÊUTICOS LTDA.;44.734.671/0001-51;1194036252;09/09/2025;;2025-09-09;;;novo_em_relatorio
AERODINI;LABORATÓRIO TEUTO BRASILEIRO S/A;17.159.229/0001-76;981123252;29/07/2025;;2025-07-29;;;novo_em_relatorio
POMICINA;BELFAR LTDA;18.324.343/0001-77;143104250;31/01/2025;;2025-01-31;;;novo_em_relatorio
NEOMICON;CIFARMA CIENTÍFICA FARMACÊUTICA LTDA;17.562.075/0001-69;826431259;23/06/2025;;2025-06-23;;;novo_em_relatorio
FANHDI;GRIFOLS BRASIL LTDA;02.513.899/0001-71;192199251;11/02/2025;;2025-02-11;;;novo_em_relatorio
HERVIRAX;PHARLAB INDÚSTRIA FARMACÊUTICA S.A.;02.501.297/0001-02;732583250;29/05/2025;;2025-05-29;;;novo_em_relatorio
IQUEGO - RANITIDINA;INDÚSTRIA QUÍMICA DO ESTADO DE GOIÁS S/A - IQUEGO;01.541.283/0001-41;1221749162;01/02/2016;;2016-02-01;;;novo_em_relatorio
FARMACE -AGUA PARA INJEÇÃO;FARMACE INDÚSTRIA QUÍMICO-FARMACÊUTICA CEARENSE LTDA;06.628.333/0001-46;216881242;23/02/2024;;2024-02-23;;;novo_em_relatorio
DIFFERIN;GALDERMA BRASIL LTDA;00.317.372/0001-46;1682282244;09/12/2024;;2024-12-09;;;novo_em_relatorio
EPATIVAN;CIMED INDUSTRIA S.A;02.814.497/0001-07;3973481201;12/11/2020;;2020-11-12;;;novo_em_relatorio
CETOMED;CIMED INDUSTRIA S.A;02.814.497/0001-07;870213206;23/03/2020;;2020-03-23;;;novo_em_relatorio
CLOTRIMAZOL;LABORATÓRIO FARMACÊUTICO DA MARINHA;00.394.502/0071-57;421794152;13/05/2015;;2015-05-13;;;novo_em_relatorio
FUROSEMIDA;HALEX ISTAR INDÚSTRIA FARMACÊUTICA SA;01.571.702/0001-98;375648193;26/04/2019;;2019-04-26;;;novo_em_relatorio
ALBUMINA HUMANA GRIFOLS;GRIFOLS BRASIL LTDA;02.513.899/0001-71;192223259;11/02/2025;;2025-02-11;;;novo_em_relatorio
LFM-DAPSONA;LABORATÓRIO FARMACÊUTICO DA MARINHA;00.394.502/0071-57;422039151;13/05/2015;;2015-05-13;;;novo_em_relatorio
LOCERYL;GALDERMA BRASIL LTDA;00.317.372/0001-46;134949251;30/01/2025;;2025-01-30;;;novo_em_relatorio
AMOXIMED;CIMED INDUSTRIA S.A;02.814.497/0001-07;3962584202;11/11/2020;;2020-11-11;;;novo_em_relatorio
FENAFLEX - ODC;PHARLAB INDÚSTRIA FARMACÊUTICA S.A.;02.501.297/0001-02;797932259;13/06/2025;;2025-06-13;;;novo_em_relatorio
DICLOFARMA;FARMACE INDÚSTRIA QUÍMICO-FARMACÊUTICA CEARENSE LTDA;06.628.333/0001-46;214773248;23/02/2024;;2024-02-23;;;novo_em_relatorio
IQUEGO-AMOXICILINA;INDÚSTRIA QUÍMICA DO ESTADO DE GOIÁS S/A - IQUEGO;01.541.283/0001-41;2223956171;22/11/2017;;2017-11-22;;;novo_em_relatorio
IQUEGO- HIDROCLOROTIAZIDA;INDÚSTRIA QUÍMICA DO ESTADO DE GOIÁS S/A - IQUEGO;01.541.283/0001-41;287191172;21/02/2017;;2017-02-21;;;novo_em_relatorio
SOLUÇÃO DE CLORETO DE POTASSIO;EQUIPLEX INDÚSTRIA FARMACÊUTICA LTDA;01.784.792/0001-03;214433251;14/02/2025;;2025-02-14;;;novo_em_relatorio
SOLUÇÃO DE CLORETO DE POTÁSSIO;FARMACE INDÚSTRIA QUÍMICO-FARMACÊUTICA CEARENSE LTDA;06.628.333/0001-46;215764242;23/02/2024;;2024-02-23;;;novo_em_relatorio
AZITROPHAR;PHARLAB INDÚSTRIA FARMACÊUTICA S.A.;02.501.297/0001-02;24587257;08/01/2025;;2025-01-08;;;novo_em_relatorio
ELPRAZOL;PHARLAB INDÚSTRIA FARMACÊUTICA S.A.;02.501.297/0001-02;4287233212;29/10/2021;;2021-10-29;;;novo_em_relatorio
OMEPRAMED;CIMED INDUSTRIA S.A;02.814.497/0001-07;4158012205;25/11/2020;;2020-11-25;;;novo_em_relatorio
ATROFARMA;FARMACE INDÚSTRIA QUÍMICO-FARMACÊUTICA CEARENSE LTDA;06.628.333/0001-46;214058247;23/02/2024;;2024-02-23;;;novo_em_relatorio
CLORIDRATO DE MINOCICLINA;RANBAXY FARMACÊUTICA LTDA;73.663.650/0001-90;899632246;02/07/2024;;2024-07-02;;;novo_em_relatorio
NEOCETHEO;THEODORO F SOBRAL & CIA LTDA;06.597.801/0001-62;853709187;30/08/2018;;2018-08-30;;;novo_em_relatorio
DICLOFENACO RESINATO;LABORATÓRIO TEUTO BRASILEIRO S/A;17.159.229/0001-76;681709251;21/05/2025;;2025-05-21;;;novo_em_relatorio
FLUCONAZOL;LABORATÓRIO TEUTO BRASILEIRO S/A;17.159.229/0001-76;7531257;03/01/2025;;2025-01-03;;;novo_em_relatorio
FOSFATO DISSODICO DE DEXAMETASONA;HYPOFARMA - INSTITUTO DE HYPODERMIA E FARMÁCIA LTDA;17.174.657/0001-78;1021550248;26/07/2024;;2024-07-26;;;novo_em_relatorio
haloperidol;UNIÃO QUÍMICA FARMACÊUTICA NACIONAL S/A;60.665.981/0001-18;289243254;28/02/2025;;2025-02-28;;;novo_em_relatorio
IQUEGO - PARACETAMOL;INDÚSTRIA QUÍMICA DO ESTADO DE GOIÁS S/A - IQUEGO;01.541.283/0001-41;883301150;05/10/2015;;2015-10-05;;;novo_em_relatorio
PIOLIXINA;IFAL INDUSTRIA E COMERCIO DE PRODUTOS FARMAC LTDA;00.376.959/0001-26;48509158;19/01/2015;;2015-01-19;;;novo_em_relatorio
omeprazol;LABORATÓRIO TEUTO BRASILEIRO S/A;17.159.229/0001-76;838320252;26/06/2025;;2025-06-26;;;novo_em_relatorio
NUTRAPLUS;GALDERMA BRASIL LTDA;00.317.372/0001-46;4266275226;07/06/2022;;2022-06-07;;;novo_em_relatorio
DERMOVAT;PHARLAB INDÚSTRIA FARMACÊUTICA S.A.;02.501.297/0001-02;176537252;07/02/2025;;2025-02-07;;;novo_em_relatorio
TETRALYSAL;GALDERMA BRASIL LTDA;00.317.372/0001-46;551074256;24/04/2025;;2025-04-24;;;novo_em_relatorio
LAQFA PIRAZINAMIDA;LABORATORIO QUIMICO FARMACEUTICO DA AERONAUTICA;00.394.429/0099-14;528100188;03/07/2018;;2018-07-03;;;novo_em_relatorio
FARMOXICAM;PHARLAB INDÚSTRIA FARMACÊUTICA S.A.;02.501.297/0001-02;693899255;23/05/2025;;2025-05-23;;;novo_em_relatorio
CLOB-X;GALDERMA BRASIL LTDA;00.317.372/0001-46;128673257;29/01/2025;;2025-01-29;;;novo_em_relatorio
IQUEGO - PROPANOLOL;INDÚSTRIA QUÍMICA DO ESTADO DE GOIÁS S/A - IQUEGO;01.541.283/0001-41;2301741164;20/09/2016;;2016-09-20;;;novo_em_relatorio
DORMEC;IMEC - INDÚSTRIA DE MEDICAMENTOS CUSTÓDIA LTDA;08.055.634/0001-53;965645258;24/07/2025;;2025-07-24;;;novo_em_relatorio
LFM-MEFLOQUINA;LABORATÓRIO FARMACÊUTICO DA MARINHA;00.394.502/0071-57;427679155;15/05/2015;;2015-05-15;;;novo_em_relatorio
ARTRITEC;PHARLAB INDÚSTRIA FARMACÊUTICA S.A.;02.501.297/0001-02;1022051253;08/08/2025;;2025-08-08;;;novo_em_relatorio
DIOVAN;NOVARTIS BIOCIENCIAS S.A;56.994.502/0001-30;1189113252;08/09/2025;;2025-09-08;;;novo_em_relatorio
ABCLER ABNAT;AIRELA INDÚSTRIA FARMACÊUTICA LTDA.;01.858.973/0001-29;3864680203;04/11/2020;;2020-11-04;;;novo_em_relatorio
FLORAX;INFAN INDUSTRIA QUIMICA FARMACEUTICA NACIONAL S/A;08.939.548/0001-03;496240191;04/06/2019;;2019-06-04;;;novo_em_relatorio
GINOFLORAX;INFAN INDUSTRIA QUIMICA FARMACEUTICA NACIONAL S/A;08.939.548/0001-03;2594979169;13/12/2016;;2016-12-13;;;novo_em_relatorio
acebrofilina;EUROFARMA LABORATÓRIOS S.A.;61.190.096/0001-92;781734258;10/06/2025;;2025-06-10;;;novo_em_relatorio
ACETILCISTEINA;EUROFARMA LABORATÓRIOS S.A.;61.190.096/0001-92;826459242;18/06/2024;;2024-06-18;;;novo_em_relatorio
CLORIDRATO DE CIPROFLOXACINO;SANDOZ DO BRASIL INDÚSTRIA FARMACÊUTICA LTDA;61.286.647/0001-16;727751255;29/05/2025;;2025-05-29;;;novo_em_relatorio
KRONEL;INFAN INDUSTRIA QUIMICA FARMACEUTICA NACIONAL S/A;08.939.548/0001-03;685737233;04/07/2023;;2023-07-04;;;novo_em_relatorio
GLICERINA 12%;FARMACE INDÚSTRIA QUÍMICO-FARMACÊUTICA CEARENSE LTDA;06.628.333/0001-46;216976243;23/02/2024;;2024-02-23;;;novo_em_relatorio
SOLUCAO DE GLICERINA;EQUIPLEX INDÚSTRIA FARMACÊUTICA LTDA;01.784.792/0001-03;769032257;06/06/2025;;2025-06-06;;;novo_em_relatorio
ROZEX;GALDERMA BRASIL LTDA;00.317.372/0001-46;141387254;31/01/2025;;2025-01-31;;;novo_em_relatorio
SOLUCAO FISIOLOGICA DE CLORETO DE SODIO EQUIPLEX;EQUIPLEX INDÚSTRIA FARMACÊUTICA LTDA;01.784.792/0001-03;826954251;23/06/2025;;2025-06-23;;;novo_em_relatorio
AMOXICILINA + CLAVULANATO DE POTASSIO;EMS S/A;57.507.378/0003-65;1117402258;19/08/2025;;2025-08-19;;;novo_em_relatorio
ATENOLOL;SANDOZ DO BRASIL INDÚSTRIA FARMACÊUTICA LTDA;61.286.647/0001-16;732090253;29/05/2025;;2025-05-29;;;novo_em_relatorio
METROFARMA;FARMACE INDÚSTRIA QUÍMICO-FARMACÊUTICA CEARENSE LTDA;06.628.333/0001-46;214833241;23/02/2024;;2024-02-23;;;novo_em_relatorio
LFM - MONONITRATO DE ISOSSORBIDA;LABORATÓRIO FARMACÊUTICO DA MARINHA;00.394.502/0071-57;428058150;15/05/2015;;2015-05-15;;;novo_em_relatorio
FARMACE-GLICOSE;FARMACE INDÚSTRIA QUÍMICO-FARMACÊUTICA CEARENSE LTDA;06.628.333/0001-46;216738245;23/02/2024;;2024-02-23;;;novo_em_relatorio
NEBACTRINA;PHARLAB INDÚSTRIA FARMACÊUTICA S.A.;02.501.297/0001-02;794144250;12/06/2025;;2025-06-12;;;novo_em_relatorio
CIMELIDE;CIMED INDUSTRIA S.A;02.814.497/0001-07;759659257;05/06/2025;;2025-06-05;;;novo_em_relatorio
SULFAZINA;THEODORO F SOBRAL & CIA LTDA;06.597.801/0001-62;866095186;04/09/2018;;2018-09-04;;;novo_em_relatorio
CETOCONAZOL + DIPROPIONATO DE BETAMETASONA;EUROFARMA LABORATÓRIOS S.A.;61.190.096/0001-92;796613231;31/07/2023;;2023-07-31;;;novo_em_relatorio
cetoconazol + dipropionato de betametasona;EUROFARMA LABORATÓRIOS S.A.;61.190.096/0001-92;796544239;31/07/2023;;2023-07-31;;;novo_em_relatorio
LEXAPRO;LUNDBECK BRASIL LTDA;04.522.600/0001-70;1667228242;05/12/2024;;2024-12-05;;;novo_em_relatorio
VERTIX;ACHÉ LABORATÓRIOS FARMACÊUTICOS S.A;60.659.463/0029-92;197910254;12/02/2025;;2025-02-12;;;novo_em_relatorio
DIPIRALGIN;IFAL INDUSTRIA E COMERCIO DE PRODUTOS FARMAC LTDA;00.376.959/0001-26;2210381163;23/08/2016;;2016-08-23;;;novo_em_relatorio
MAXALGINA;NATULAB LABORATORIO S.A;02.456.955/0001-83;1409907244;14/10/2024;;2024-10-14;;;novo_em_relatorio
GYNAZOLE-1;EMS SIGMA PHARMA LTDA;00.923.140/0001-31;1165714256;01/09/2025;;2025-09-01;;;novo_em_relatorio
SANDOSTATIN;NOVARTIS BIOCIENCIAS S.A;56.994.502/0001-30;755372255;04/06/2025;;2025-06-04;;;novo_em_relatorio
CEBRALAT;LIBBS FARMACÊUTICA LTDA;61.230.314/0001-75;380063255;20/03/2025;;2025-03-20;;;novo_em_relatorio
APLAUSE;MARJAN INDÚSTRIA E COMÉRCIO LTDA;60.726.692/0001-81;631418253;09/05/2025;;2025-05-09;;;novo_em_relatorio
DENYL;CRISTÁLIA PRODUTOS QUÍMICOS FARMACÊUTICOS LTDA.;44.734.671/0001-51;615573258;07/05/2025;;2025-05-07;;;novo_em_relatorio
OXCARB;UNIÃO QUÍMICA FARMACÊUTICA NACIONAL S/A;60.665.981/0001-18;640567258;12/05/2025;;2025-05-12;;;novo_em_relatorio
KATRIZAN;VITAMEDIC INDUSTRIA FARMACEUTICA LTDA;30.222.814/0001-31;722565241;29/05/2024;;2024-05-29;;;novo_em_relatorio
BACINA;BELFAR LTDA;18.324.343/0001-77;1502733242;31/10/2024;;2024-10-31;;;novo_em_relatorio
EVISTA;ELI LILLY DO BRASIL LTDA;43.940.618/0001-44;652753256;14/05/2025;;2025-05-14;;;novo_em_relatorio
NAPRIX;LIBBS FARMACÊUTICA LTDA;61.230.314/0001-75;670333255;19/05/2025;;2025-05-19;;;novo_em_relatorio
QUEIMALIVE;CIFARMA CIENTÍFICA FARMACÊUTICA LTDA;17.562.075/0001-69;648463257;14/05/2025;;2025-05-14;;;novo_em_relatorio
VI - FERRIN;LABORATÓRIO FARMACÊUTICO ELOFAR LTDA;83.874.628/0001-43;5048071221;13/12/2022;;2022-12-13;;;novo_em_relatorio
ALIVIOL;CIFARMA CIENTÍFICA FARMACÊUTICA LTDA;17.562.075/0001-69;736907254;30/05/2025;;2025-05-30;;;novo_em_relatorio
SULFAMETOXAZOL + TRIMETOPRIMA;LABORATÓRIO TEUTO BRASILEIRO S/A;17.159.229/0001-76;1198792248;30/08/2024;;2024-08-30;;;novo_em_relatorio
SECNIMAX;LABORATÓRIO GLOBO SA;17.115.437/0001-73;990877256;31/07/2025;;2025-07-31;;;novo_em_relatorio
TOPAMAX;JANSSEN-CILAG FARMACÊUTICA LTDA;51.780.468/0001-87;1708704248;13/12/2024;;2024-12-13;;;novo_em_relatorio
NORFLOXACINO;SANDOZ DO BRASIL INDÚSTRIA FARMACÊUTICA LTDA;61.286.647/0001-16;465688250;04/04/2025;;2025-04-04;;;novo_em_relatorio
ACETILCISTEÍNA;GEOLAB INDÚSTRIA FARMACÊUTICA S/A;03.485.572/0001-04;2298740224;12/04/2022;;2022-04-12;;;novo_em_relatorio
LIPOVENOS MCT;FRESENIUS KABI BRASIL LTDA;49.324.221/0001-04;722941234;13/07/2023;;2023-07-13;;;novo_em_relatorio
TEIPLAN;UNIÃO QUÍMICA FARMACÊUTICA NACIONAL S/A;60.665.981/0001-18;1013360257;06/08/2025;;2025-08-06;;;novo_em_relatorio
MICARDIS HCT;BOEHRINGER INGELHEIM DO BRASIL QUÍMICA E FARMACÊUTICA LTDA.;60.831.658/0001-77;882116258;04/07/2025;;2025-07-04;;;novo_em_relatorio
METALYSE;BOEHRINGER INGELHEIM DO BRASIL QUÍMICA E FARMACÊUTICA LTDA.;60.831.658/0001-77;1744922241;20/12/2024;;2024-12-20;;;novo_em_relatorio
GLIFAGE XR;MERCK S/A;33.069.212/0001-84;991276256;31/07/2025;;2025-07-31;;;novo_em_relatorio
CEFADROXILA;AUROBINDO PHARMA INDÚSTRIA FARMACÊUTICA LIMITADA;04.301.884/0001-75;1258608171;22/06/2017;;2017-06-22;;;novo_em_relatorio
TEFLAN;UNIÃO QUÍMICA FARMACÊUTICA NACIONAL S/A;60.665.981/0001-18;448625253;02/04/2025;;2025-04-02;;;novo_em_relatorio
Infanrix Penta;GLAXOSMITHKLINE BRASIL LTDA;33.247.743/0001-10;1085958230;11/10/2023;;2023-10-11;;;novo_em_relatorio
REFORTRIX;GLAXOSMITHKLINE BRASIL LTDA;33.247.743/0001-10;1116156237;18/10/2023;;2023-10-18;;;novo_em_relatorio
vacina febre amarela (atenuada);FUNDAÇÃO OSWALDO CRUZ;33.781.055/0001-35;157545245;08/02/2024;;2024-02-08;;;novo_em_relatorio
HAVRIX;GLAXOSMITHKLINE BRASIL LTDA;33.247.743/0001-10;881313246;27/06/2024;;2024-06-27;;;novo_em_relatorio
TWINRIX;GLAXOSMITHKLINE BRASIL LTDA;33.247.743/0001-10;1039696244;30/07/2024;;2024-07-30;;;novo_em_relatorio
Priorix;GLAXOSMITHKLINE BRASIL LTDA;33.247.743/0001-10;1112414258;18/08/2025;;2025-08-18;;;novo_em_relatorio
VARILRIX;GLAXOSMITHKLINE BRASIL LTDA;33.247.743/0001-10;881139254;04/07/2025;;2025-07-04;;;novo_em_relatorio
INFANRIX HEXA;GLAXOSMITHKLINE BRASIL LTDA;33.247.743/0001-10;881161250;04/07/2025;;2025-07-04;;;novo_em_relatorio
LIBIAM;LIBBS FARMACÊUTICA LTDA;61.230.314/0001-75;793787254;12/06/2025;;2025-06-12;;;novo_em_relatorio
REDUCLIM;FARMOQUÍMICA S/A;33.349.473/0001-58;1193244251;09/09/2025;;2025-09-09;;;novo_em_relatorio
EPILENIL;BIOLAB SANUS FARMACÊUTICA LTDA;49.475.833/0001-06;1697844243;12/12/2024;;2024-12-12;;;novo_em_relatorio
VANCOTRAT;UNIÃO QUÍMICA FARMACÊUTICA NACIONAL S/A;60.665.981/0001-18;136349242;05/02/2024;;2024-02-05;;;novo_em_relatorio
GYNOMAX;FARMOQUÍMICA S/A;33.349.473/0001-58;369062248;25/03/2024;;2024-03-25;;;novo_em_relatorio
EXODUS;ACHÉ LABORATÓRIOS FARMACÊUTICOS S.A;60.659.463/0029-92;972496246;17/07/2024;;2024-07-17;;;novo_em_relatorio
NEBILET;BIOLAB SANUS FARMACÊUTICA LTDA;49.475.833/0001-06;753810239;20/07/2023;;2023-07-20;;;novo_em_relatorio
GLIMEPIRIDA;CIMED INDUSTRIA S.A;02.814.497/0001-07;447832247;09/04/2024;;2024-04-09;;;novo_em_relatorio
CLORATADD;EMS S/A;57.507.378/0003-65;37045253;10/01/2025;;2025-01-10;;;novo_em_relatorio
HALO DECANOATO;CRISTÁLIA PRODUTOS QUÍMICOS FARMACÊUTICOS LTDA.;44.734.671/0001-51;1311717234;23/11/2023;;2023-11-23;;;novo_em_relatorio
PLASMA LYTE;BAXTER HOSPITALAR LTDA;49.351.786/0002-61;275929248;06/03/2024;;2024-03-06;;;novo_em_relatorio
COLÍRIO TEUTO;LABORATÓRIO TEUTO BRASILEIRO S/A;17.159.229/0001-76;160776252;05/02/2025;;2025-02-05;;;novo_em_relatorio
PERCOF;EUROFARMA LABORATÓRIOS S.A.;61.190.096/0001-92;994714254;31/07/2025;;2025-07-31;;;novo_em_relatorio
AFTINE;CIFARMA CIENTÍFICA FARMACÊUTICA LTDA;17.562.075/0001-69;446026255;01/04/2025;;2025-04-01;;;novo_em_relatorio
BERITIN BC;VITAMEDIC INDUSTRIA FARMACEUTICA LTDA;30.222.814/0001-31;333419198;12/04/2019;;2019-04-12;;;novo_em_relatorio
METRONIFLEX;BAXTER HOSPITALAR LTDA;49.351.786/0002-61;345358252;14/03/2025;;2025-03-14;;;novo_em_relatorio
ARCOXIA;ORGANON FARMACÊUTICA LTDA.;45.987.013/0001-34;773493255;09/06/2025;;2025-06-09;;;novo_em_relatorio
CLOPAM;CRISTÁLIA PRODUTOS QUÍMICOS FARMACÊUTICOS LTDA.;44.734.671/0001-51;792949251;12/06/2025;;2025-06-12;;;novo_em_relatorio
TAKIL;MARJAN INDÚSTRIA E COMÉRCIO LTDA;60.726.692/0001-81;849693241;21/06/2024;;2024-06-21;;;novo_em_relatorio
PYRIT - ZINNOBER;WELEDA DO BRASIL LABORATÓRIO E FARMÁCIA LTDA;56.992.217/0001-80;1187835251;08/09/2025;;2025-09-08;;;novo_em_relatorio
TEVAMETHO;TEVA FARMACÊUTICA LTDA.;05.333.542/0001-08;190335220;15/01/2022;;2022-01-15;;;novo_em_relatorio
METFORMED;CIMED INDUSTRIA S.A;02.814.497/0001-07;1968435195;12/08/2019;;2019-08-12;;;novo_em_relatorio
SINVASTAMED;CIMED INDUSTRIA S.A;02.814.497/0001-07;4163358200;25/11/2020;;2020-11-25;;;novo_em_relatorio
AVICIS;GALDERMA BRASIL LTDA;00.317.372/0001-46;4320583221;21/06/2022;;2022-06-21;;;novo_em_relatorio
ACETAZONA;THEODORO F SOBRAL & CIA LTDA;06.597.801/0001-62;854205188;30/08/2018;;2018-08-30;;;novo_em_relatorio
ABERALGINA;AIRELA INDÚSTRIA FARMACÊUTICA LTDA.;01.858.973/0001-29;825302242;18/06/2024;;2024-06-18;;;novo_em_relatorio
DIPIRONA SODICA;INDÚSTRIA QUÍMICA DO ESTADO DE GOIÁS S/A - IQUEGO;01.541.283/0001-41;258290182;04/04/2018;;2018-04-04;;;novo_em_relatorio
DIPIFARMA;FARMACE INDÚSTRIA QUÍMICO-FARMACÊUTICA CEARENSE LTDA;06.628.333/0001-46;317244256;08/03/2025;;2025-03-08;;;novo_em_relatorio
FARMACE - RINGER;FARMACE INDÚSTRIA QUÍMICO-FARMACÊUTICA CEARENSE LTDA;06.628.333/0001-46;215970241;23/02/2024;;2024-02-23;;;novo_em_relatorio
DOXICLIN;PHARLAB INDÚSTRIA FARMACÊUTICA S.A.;02.501.297/0001-02;863558259;01/07/2025;;2025-07-01;;;novo_em_relatorio
ALGEXIN COMPOSTO;CIMED INDUSTRIA S.A;02.814.497/0001-07;489296158;02/06/2015;;2015-06-02;;;novo_em_relatorio
ESCOPEN COMPOSTO;PHARLAB INDÚSTRIA FARMACÊUTICA S.A.;02.501.297/0001-02;797310258;13/06/2025;;2025-06-13;;;novo_em_relatorio
OSTRIOL;ASPEN PHARMA INDÚSTRIA FARMACÊUTICA LTDA;02.433.631/0001-20;597904243;06/05/2024;;2024-05-06;;;novo_em_relatorio
LAQFA CAPTOPRIL;LABORATORIO QUIMICO FARMACEUTICO DA AERONAUTICA;00.394.429/0099-14;1152179181;06/12/2018;;2018-12-06;;;novo_em_relatorio
LFM-BROMEXINA 0,08%;LABORATÓRIO FARMACÊUTICO DA MARINHA;00.394.502/0071-57;1534405213;22/04/2021;;2021-04-22;;;novo_em_relatorio
Captomed;CIMED INDUSTRIA S.A;02.814.497/0001-07;2103164199;03/09/2019;;2019-09-03;;;novo_em_relatorio
CIPROFLONAX;PHARLAB INDÚSTRIA FARMACÊUTICA S.A.;02.501.297/0001-02;617432252;07/05/2025;;2025-05-07;;;novo_em_relatorio
LAQFA-ISONIAZIDA;LABORATORIO QUIMICO FARMACEUTICO DA AERONAUTICA;00.394.429/0099-14;1009578181;18/10/2018;;2018-10-18;;;novo_em_relatorio
LFM - ISONIAZIDA;LABORATÓRIO FARMACÊUTICO DA MARINHA;00.394.502/0071-57;857196251;30/06/2025;;2025-06-30;;;novo_em_relatorio
IQUEGO-LAMIVUDINA;INDÚSTRIA QUÍMICA DO ESTADO DE GOIÁS S/A - IQUEGO;01.541.283/0001-41;936719155;23/10/2015;;2015-10-23;;;novo_em_relatorio
OCTANINE F;OCTAPHARMA BRASIL LTDA;02.552.927/0001-60;909637245;03/07/2024;;2024-07-03;;;novo_em_relatorio
B.BRAUN SOLUÇÃO DE RINGER Nº3;LABORATORIOS B. BRAUN S/A;31.673.254/0001-02;1404844236;11/12/2023;;2023-12-11;;;novo_em_relatorio
LONGACTIL;CRISTÁLIA PRODUTOS QUÍMICOS FARMACÊUTICOS LTDA.;44.734.671/0001-51;857514253;30/06/2025;;2025-06-30;;;novo_em_relatorio
ALFAST;CRISTÁLIA PRODUTOS QUÍMICOS FARMACÊUTICOS LTDA.;44.734.671/0001-51;648516237;26/06/2023;;2023-06-26;;;novo_em_relatorio
AMBROL;BRASTERAPICA PHARMACEUTICA LTDA.;46.179.008/0001-68;556059255;25/04/2025;;2025-04-25;;;novo_em_relatorio
CLORIDRATO DE AMBROXOL;EMS S/A;57.507.378/0003-65;128626259;29/01/2025;;2025-01-29;;;novo_em_relatorio
MUCOXOLAN;LABORATÓRIO TEUTO BRASILEIRO S/A;17.159.229/0001-76;1083766236;11/10/2023;;2023-10-11;;;novo_em_relatorio
CLORPROMAZ;UNIÃO QUÍMICA FARMACÊUTICA NACIONAL S/A;60.665.981/0001-18;1549997246;11/11/2024;;2024-11-11;;;novo_em_relatorio
ENDCOFF;EMS S/A;57.507.378/0003-65;1060203235;05/10/2023;;2023-10-05;;;novo_em_relatorio
DIASEC;SANDOZ DO BRASIL INDÚSTRIA FARMACÊUTICA LTDA;61.286.647/0001-16;732101255;29/05/2025;;2025-05-29;;;novo_em_relatorio
KAOSEC;PHARMASCIENCE INDUSTRIA FARMACEUTICA S.A;25.773.037/0001-83;1730459242;18/12/2024;;2024-12-18;;;novo_em_relatorio
CLORIDRATO DE SOTALOL;SANDOZ DO BRASIL INDÚSTRIA FARMACÊUTICA LTDA;61.286.647/0001-16;786179252;11/06/2025;;2025-06-11;;;novo_em_relatorio
BENATUX;CIFARMA CIENTÍFICA FARMACÊUTICA LTDA;17.562.075/0001-69;655196251;15/05/2025;;2025-05-15;;;novo_em_relatorio
MANIVASC;CHIESI FARMACÊUTICA LTDA;61.363.032/0001-46;1471847241;25/10/2024;;2024-10-25;;;novo_em_relatorio
MEPIVALEM 3 % SV;DLA PHARMACEUTICAL LTDA;45.841.137/0001-07;334716250;12/03/2025;;2025-03-12;;;novo_em_relatorio
MEPIADRE;DFL INDÚSTRIA E COMÉRCIO S/A;33.112.665/0001-46;1158176244;22/08/2024;;2024-08-22;;;novo_em_relatorio
cloridrato de metformina;MERCK S/A;33.069.212/0001-84;764932250;06/06/2025;;2025-06-06;;;novo_em_relatorio
cloridrato de sertralina;EUROFARMA LABORATÓRIOS S.A.;61.190.096/0001-92;838289258;26/06/2025;;2025-06-26;;;novo_em_relatorio
GLICOMET;VITAMEDIC INDUSTRIA FARMACEUTICA LTDA;30.222.814/0001-31;1174768258;03/09/2025;;2025-09-03;;;novo_em_relatorio
GLUCOVANCE;MERCK S/A;33.069.212/0001-84;923205250;16/07/2025;;2025-07-16;;;novo_em_relatorio
BRONXOL;CIFARMA CIENTÍFICA FARMACÊUTICA LTDA;17.562.075/0001-69;805239251;16/06/2025;;2025-06-16;;;novo_em_relatorio
CLORIDRATO DE AMBROXOL;PRATI DONADUZZI & CIA LTDA;73.856.593/0001-66;1637700245;29/11/2024;;2024-11-29;;;novo_em_relatorio
CLORIDRATO DE AMBROXOL;LABORATÓRIO TEUTO BRASILEIRO S/A;17.159.229/0001-76;814242251;18/06/2025;;2025-06-18;;;novo_em_relatorio
ANCORON;LIBBS FARMACÊUTICA LTDA;61.230.314/0001-75;627184251;09/05/2025;;2025-05-09;;;novo_em_relatorio
TAMSULON;ADIUM S.A.;55.980.684/0001-27;244803242;29/02/2024;;2024-02-29;;;novo_em_relatorio
PARVULAN;LABORATORIO DE EXTRATOS ALERGENICOS LTDA;28.614.626/0001-07;1299201245;20/09/2024;;2024-09-20;;;novo_em_relatorio
CLOMAZOL;CIFARMA CIENTÍFICA FARMACÊUTICA LTDA;17.562.075/0001-69;85092258;21/01/2025;;2025-01-21;;;novo_em_relatorio
ALCACHOFRAX;LABORATORIO CATARINENSE LTDA;84.684.620/0001-87;1197413235;01/11/2023;;2023-11-01;;;novo_em_relatorio
FENAFLAN;LABORATÓRIO TEUTO BRASILEIRO S/A;17.159.229/0001-76;809446251;17/06/2025;;2025-06-17;;;novo_em_relatorio
CLENIL;CHIESI FARMACÊUTICA LTDA;61.363.032/0001-46;877132259;03/07/2025;;2025-07-03;;;novo_em_relatorio
CLENIL COMPOSITUM A;CHIESI FARMACÊUTICA LTDA;61.363.032/0001-46;23786256;08/01/2025;;2025-01-08;;;novo_em_relatorio
DUOFLAM;CRISTÁLIA PRODUTOS QUÍMICOS FARMACÊUTICOS LTDA.;44.734.671/0001-51;1457820242;23/10/2024;;2024-10-23;;;novo_em_relatorio
BETAPROSPAN;UNIÃO QUÍMICA FARMACÊUTICA NACIONAL S/A;60.665.981/0001-18;706304250;26/05/2025;;2025-05-26;;;novo_em_relatorio
DEPAKOTE;ABBOTT LABORATÓRIOS DO BRASIL LTDA;56.998.701/0001-16;1591373247;21/11/2024;;2024-11-21;;;novo_em_relatorio
ÁGUA PARA INJEÇÃO HYPOFARMA;HYPOFARMA - INSTITUTO DE HYPODERMIA E FARMÁCIA LTDA;17.174.657/0001-78;1425347231;14/12/2023;;2023-12-14;;;novo_em_relatorio
DECAN HALOPER;UNIÃO QUÍMICA FARMACÊUTICA NACIONAL S/A;60.665.981/0001-18;152024247;07/02/2024;;2024-02-07;;;novo_em_relatorio
DOPACRIS;CRISTÁLIA PRODUTOS QUÍMICOS FARMACÊUTICOS LTDA.;44.734.671/0001-51;779068254;10/06/2025;;2025-06-10;;;novo_em_relatorio
PULMOZYME;PRODUTOS ROCHE QUÍMICOS E FARMACÊUTICOS S.A.;33.009.945/0001-23;825677254;23/06/2025;;2025-06-23;;;novo_em_relatorio
DOXICICLINA;SANDOZ DO BRASIL INDÚSTRIA FARMACÊUTICA LTDA;61.286.647/0001-16;711112258;26/05/2025;;2025-05-26;;;novo_em_relatorio
BELFAREN;BELFAR LTDA;18.324.343/0001-77;439227259;31/03/2025;;2025-03-31;;;novo_em_relatorio
SELOZOK;ASTRAZENECA DO BRASIL LTDA;60.318.797/0001-00;499173252;11/04/2025;;2025-04-11;;;novo_em_relatorio
DELTAPIL;BELFAR LTDA;18.324.343/0001-77;438707257;31/03/2025;;2025-03-31;;;novo_em_relatorio
DONAREN;APSEN FARMACEUTICA S/A;62.462.015/0001-29;56285256;15/01/2025;;2025-01-15;;;novo_em_relatorio
DELTALAB;MULTILAB INDUSTRIA E COMERCIO DE PRODUTOS FARMACEUTICOS LTDA;92.265.552/0009-05;558872255;25/04/2025;;2025-04-25;;;novo_em_relatorio
MINIAN;LIBBS FARMACÊUTICA LTDA;61.230.314/0001-75;824932251;23/06/2025;;2025-06-23;;;novo_em_relatorio
VENAFLON;LABORATÓRIO TEUTO BRASILEIRO S/A;17.159.229/0001-76;250763257;21/02/2025;;2025-02-21;;;novo_em_relatorio
FLAVENOS;BIOLAB SANUS FARMACÊUTICA LTDA;49.475.833/0001-06;1018389253;07/08/2025;;2025-08-07;;;novo_em_relatorio
FIBRINASE COM CLORANFENICOL;CRISTÁLIA PRODUTOS QUÍMICOS FARMACÊUTICOS LTDA.;44.734.671/0001-51;476738253;07/04/2025;;2025-04-07;;;novo_em_relatorio
DEXAMETASONA;EMS S/A;57.507.378/0003-65;844126250;27/06/2025;;2025-06-27;;;novo_em_relatorio
HYNALGIN;HYPOFARMA - INSTITUTO DE HYPODERMIA E FARMÁCIA LTDA;17.174.657/0001-78;1012999254;06/08/2025;;2025-08-06;;;novo_em_relatorio
DORALEX;VITAMEDIC INDUSTRIA FARMACEUTICA LTDA;30.222.814/0001-31;353895253;17/03/2025;;2025-03-17;;;novo_em_relatorio
DEXASON;LABORATÓRIO TEUTO BRASILEIRO S/A;17.159.229/0001-76;899323251;09/07/2025;;2025-07-09;;;novo_em_relatorio
VERTIZINE D;ACHÉ LABORATÓRIOS FARMACÊUTICOS S.A;60.659.463/0029-92;1445381231;19/12/2023;;2023-12-19;;;novo_em_relatorio
DIFEBRIL;CIFARMA CIENTÍFICA FARMACÊUTICA LTDA;17.562.075/0001-69;1185351248;28/08/2024;;2024-08-28;;;novo_em_relatorio
DEXADEN;CIFARMA CIENTÍFICA FARMACÊUTICA LTDA;17.562.075/0001-69;736874259;30/05/2025;;2025-05-30;;;novo_em_relatorio
DEXAVISON;LABORATÓRIO TEUTO BRASILEIRO S/A;17.159.229/0001-76;747594252;03/06/2025;;2025-06-03;;;novo_em_relatorio
DORILESS;CIFARMA CIENTÍFICA FARMACÊUTICA LTDA;17.562.075/0001-69;855680253;30/06/2025;;2025-06-30;;;novo_em_relatorio
dipirona monoidratada;EMS S/A;57.507.378/0003-65;443787255;01/04/2025;;2025-04-01;;;novo_em_relatorio
FUNGISTEN;LABORATÓRIO GLOBO SA;17.115.437/0001-73;788072251;11/06/2025;;2025-06-11;;;novo_em_relatorio
DERMOTRIZOL;BELFAR LTDA;18.324.343/0001-77;1196258244;30/08/2024;;2024-08-30;;;novo_em_relatorio
RELAPAX;CAZI QUIMICA FARMACEUTICA INDUSTRIA E COMERCIO LTDA;44.010.437/0001-81;415272254;26/03/2025;;2025-03-26;;;novo_em_relatorio
GLYGRAN;LEGRAND PHARMA INDÚSTRIA FARMACÊUTICA LTDA;05.044.984/0001-26;4077373212;15/10/2021;;2021-10-15;;;novo_em_relatorio
FLOTAC;NOVARTIS BIOCIENCIAS S.A;56.994.502/0001-30;963311255;23/07/2025;;2025-07-23;;;novo_em_relatorio
TENADREN;EMS SIGMA PHARMA LTDA;00.923.140/0001-31;576462250;29/04/2025;;2025-04-29;;;novo_em_relatorio
COXYM;GREENPHARMA QUÍMICA E FARMACÊUTICA LTDA;33.408.105/0001-33;1496596218;19/04/2021;;2021-04-19;;;novo_em_relatorio
DICLOFENACO DIETILAMONIO;LABORATÓRIO TEUTO BRASILEIRO S/A;17.159.229/0001-76;811643255;18/06/2025;;2025-06-18;;;novo_em_relatorio
CATAFLEXYM;CIFARMA CIENTÍFICA FARMACÊUTICA LTDA;17.562.075/0001-69;583843255;30/04/2025;;2025-04-30;;;novo_em_relatorio
diclofenaco potássico;EMS S/A;57.507.378/0003-65;772871256;09/06/2025;;2025-06-09;;;novo_em_relatorio
CODEIN;CRISTÁLIA PRODUTOS QUÍMICOS FARMACÊUTICOS LTDA.;44.734.671/0001-51;1693854244;11/12/2024;;2024-12-11;;;novo_em_relatorio
CARBITAL;LABORATÓRIO TEUTO BRASILEIRO S/A;17.159.229/0001-76;608255254;06/05/2025;;2025-05-06;;;novo_em_relatorio
MONURIL;ZAMBON LABORATÓRIOS FARMACÊUTICOS LTDA.;61.100.004/0001-36;1285494245;18/09/2024;;2024-09-18;;;novo_em_relatorio
DIAMICRON;LABORATÓRIOS SERVIER DO BRASIL LTDA;42.374.207/0001-76;1666349241;05/12/2024;;2024-12-05;;;novo_em_relatorio
CUROSURF;CHIESI FARMACÊUTICA LTDA;61.363.032/0001-46;806390255;17/06/2025;;2025-06-17;;;novo_em_relatorio
SOLUÇÃO DE GLICOSE B. BRAUN;LABORATORIOS B. BRAUN S/A;31.673.254/0001-02;1408360233;11/12/2023;;2023-12-11;;;novo_em_relatorio
INFLUDORON WELEDA;WELEDA DO BRASIL LABORATÓRIO E FARMÁCIA LTDA;56.992.217/0001-80;1187400254;08/09/2025;;2025-09-08;;;novo_em_relatorio
ECOS;UNIÃO QUÍMICA FARMACÊUTICA NACIONAL S/A;60.665.981/0001-18;1025084241;26/07/2024;;2024-07-26;;;novo_em_relatorio
SYMBICORT TURBUHALER;ASTRAZENECA DO BRASIL LTDA;60.318.797/0001-00;1007441259;05/08/2025;;2025-08-05;;;novo_em_relatorio
FUROSANTISA;SANTISA LABORATÓRIO FARMACÊUTICO S/A;04.099.395/0001-82;1548892246;11/11/2024;;2024-11-11;;;novo_em_relatorio
FUROSEMIDA;LABORATÓRIO TEUTO BRASILEIRO S/A;17.159.229/0001-76;1644234246;02/12/2024;;2024-12-02;;;novo_em_relatorio
FUROSEMIDA;HYPOFARMA - INSTITUTO DE HYPODERMIA E FARMÁCIA LTDA;17.174.657/0001-78;1655401246;04/12/2024;;2024-12-04;;;novo_em_relatorio
GESTINOL;LIBBS FARMACÊUTICA LTDA;61.230.314/0001-75;630360251;09/05/2025;;2025-05-09;;;novo_em_relatorio
FLANCOX;APSEN FARMACEUTICA S/A;62.462.015/0001-29;736271252;30/05/2025;;2025-05-30;;;novo_em_relatorio
PRONAZOL;DIFFUCAP - CHEMOBRÁS QUÍMICA E FARMACÊUTICA LTDA;42.457.796/0001-56;619305240;09/05/2024;;2024-05-09;;;novo_em_relatorio
HIDRION;LABORATÓRIO GROSS S. A.;33.145.194/0001-72;1681298244;09/12/2024;;2024-12-09;;;novo_em_relatorio
EPÓSIDO;BLAU FARMACÊUTICA S.A.;58.430.828/0001-60;302395245;12/03/2024;;2024-03-12;;;novo_em_relatorio
ETOXIN;APSEN FARMACEUTICA S/A;62.462.015/0001-29;841922250;27/06/2025;;2025-06-27;;;novo_em_relatorio
FLUCOVIL;MEDQUIMICA INDUSTRIA FARMACEUTICA LTDA.;17.875.154/0001-20;12727253;06/01/2025;;2025-01-06;;;novo_em_relatorio
TRIAZOL;BIOLAB SANUS FARMACÊUTICA LTDA;49.475.833/0001-06;766924254;06/06/2025;;2025-06-06;;;novo_em_relatorio
GANVIRAX;BLAU FARMACÊUTICA S.A.;58.430.828/0001-60;373003242;26/03/2024;;2024-03-26;;;novo_em_relatorio
ERITROMAX;BLAU FARMACÊUTICA S.A.;58.430.828/0001-60;743432231;18/07/2023;;2023-07-18;;;novo_em_relatorio
EXTRATO DE CÉLULAS TÍMICAS;LABORATORIO DE EXTRATOS ALERGENICOS LTDA;28.614.626/0001-07;1297362241;20/09/2024;;2024-09-20;;;novo_em_relatorio
DRENISON;BIOLAB SANUS FARMACÊUTICA LTDA;49.475.833/0001-06;1189122251;08/09/2025;;2025-09-08;;;novo_em_relatorio
GELAFUNDIN;LABORATORIOS B. BRAUN S/A;31.673.254/0001-02;102326240;26/01/2024;;2024-01-26;;;novo_em_relatorio
GENTAMISAN;SANTISA LABORATÓRIO FARMACÊUTICO S/A;04.099.395/0001-82;2803400219;19/07/2021;;2021-07-19;;;novo_em_relatorio
FLUMAZIL;CRISTÁLIA PRODUTOS QUÍMICOS FARMACÊUTICOS LTDA.;44.734.671/0001-51;1070310247;06/08/2024;;2024-08-06;;;novo_em_relatorio
DIMINUT;LIBBS FARMACÊUTICA LTDA;61.230.314/0001-75;676340253;20/05/2025;;2025-05-20;;;novo_em_relatorio
TÂMISA;EUROFARMA LABORATÓRIOS S.A.;61.190.096/0001-92;1015052258;07/08/2025;;2025-08-07;;;novo_em_relatorio
TANTIN;BIOLAB SANUS FARMACÊUTICA LTDA;49.475.833/0001-06;1296960242;20/09/2024;;2024-09-20;;;novo_em_relatorio
NEXIUM;ASTRAZENECA DO BRASIL LTDA;60.318.797/0001-00;788938258;11/06/2025;;2025-06-11;;;novo_em_relatorio
AGUA PARA INJEÇÃO;EQUIPLEX INDÚSTRIA FARMACÊUTICA LTDA;01.784.792/0001-03;1202760252;10/09/2025;;2025-09-10;;;novo_em_relatorio
ACIDO ACETILSALICILICO;EMS S/A;57.507.378/0003-65;797784250;13/06/2025;;2025-06-13;;;novo_em_relatorio
VALERATO DE BETAMETASONA+SULFATO DE GENTAMICINA+TOLNAFTATO+CLIOQUINOL;CIMED INDUSTRIA S.A;02.814.497/0001-07;802905149;25/09/2014;;2014-09-25;;;novo_em_relatorio
PARASIN;ACHÉ LABORATÓRIOS FARMACÊUTICOS S.A;60.659.463/0029-92;303749245;12/03/2024;;2024-03-12;;;novo_em_relatorio
BRONDILAT;ACHÉ LABORATÓRIOS FARMACÊUTICOS S.A;60.659.463/0029-92;343882256;13/03/2025;;2025-03-13;;;novo_em_relatorio
ALBENDAZOL;PRATI DONADUZZI & CIA LTDA;73.856.593/0001-66;1710456248;13/12/2024;;2024-12-13;;;novo_em_relatorio
ALBENDAZOL 40 MG/ML SUSPENSÃO ORAL;LABORATÓRIO TEUTO BRASILEIRO S/A;17.159.229/0001-76;420494251;27/03/2025;;2025-03-27;;;novo_em_relatorio
BERIBUMIN;CSL BEHRING COMÉRCIO DE PRODUTOS FARMACÊUTICOS LTDA;62.969.589/0001-98;556609255;25/04/2025;;2025-04-25;;;novo_em_relatorio
ALBUMAX;BLAU FARMACÊUTICA S.A.;58.430.828/0001-60;790637251;12/06/2025;;2025-06-12;;;novo_em_relatorio
TRACTOCILE;LABORATÓRIOS FERRING LTDA;74.232.034/0001-48;1193163242;29/08/2024;;2024-08-29;;;novo_em_relatorio
BETA-LONG;UNIÃO QUÍMICA FARMACÊUTICA NACIONAL S/A;60.665.981/0001-18;555304256;24/04/2025;;2025-04-24;;;novo_em_relatorio
ALENDIL;FARMOQUÍMICA S/A;33.349.473/0001-58;1379313236;05/12/2023;;2023-12-05;;;novo_em_relatorio
CONTRACEP;GERMED FARMACEUTICA LTDA;45.992.062/0001-65;1085063259;15/08/2025;;2025-08-15;;;novo_em_relatorio
FEMIGESTROL;LABORATÓRIO QUÍMICO FARMACÊUTICO BERGAMO LTDA;61.282.661/0001-41;662010248;17/05/2024;;2024-05-17;;;novo_em_relatorio
alopurinol;SANDOZ DO BRASIL INDÚSTRIA FARMACÊUTICA LTDA;61.286.647/0001-16;687668255;22/05/2025;;2025-05-22;;;novo_em_relatorio
UNI-CARBAMAZ;UNIÃO QUÍMICA FARMACÊUTICA NACIONAL S/A;60.665.981/0001-18;258897252;24/02/2025;;2025-02-24;;;novo_em_relatorio
KEFALOMAX;INSTITUTO BIOCHIMICO INDÚSTRIA FARMACÊUTICA LTDA;33.258.401/0001-03;867205253;02/07/2025;;2025-07-02;;;novo_em_relatorio
CEZOLIN;INSTITUTO BIOCHIMICO INDÚSTRIA FARMACÊUTICA LTDA;33.258.401/0001-03;849086256;28/06/2025;;2025-06-28;;;novo_em_relatorio
KEFOZIL;INSTITUTO BIOCHIMICO INDÚSTRIA FARMACÊUTICA LTDA;33.258.401/0001-03;868359254;02/07/2025;;2025-07-02;;;novo_em_relatorio
ETNA;LABORATÓRIO GROSS S. A.;33.145.194/0001-72;214716252;14/02/2025;;2025-02-14;;;novo_em_relatorio
FOLINAC;HIPOLABOR FARMACEUTICA LTDA;19.570.720/0001-10;994936257;31/07/2025;;2025-07-31;;;novo_em_relatorio
ACFOL;CAZI QUIMICA FARMACEUTICA INDUSTRIA E COMERCIO LTDA;44.010.437/0001-81;1441099247;21/10/2024;;2024-10-21;;;novo_em_relatorio
COLCHIS;APSEN FARMACEUTICA S/A;62.462.015/0001-29;1204881243;02/09/2024;;2024-09-02;;;novo_em_relatorio
UNI-DIAZEPAX;UNIÃO QUÍMICA FARMACÊUTICA NACIONAL S/A;60.665.981/0001-18;753494256;04/06/2025;;2025-06-04;;;novo_em_relatorio
VITACID;THERASKIN FARMACEUTICA LTDA.;61.517.397/0001-88;941899250;21/07/2025;;2025-07-21;;;novo_em_relatorio
ACICLOVIR;MERCK S/A;33.069.212/0001-84;142223255;31/01/2025;;2025-01-31;;;novo_em_relatorio
Antivirax;EMS S/A;57.507.378/0003-65;568896254;28/04/2025;;2025-04-28;;;novo_em_relatorio
EZOPEN;LABORATÓRIO TEUTO BRASILEIRO S/A;17.159.229/0001-76;659050251;15/05/2025;;2025-05-15;;;novo_em_relatorio
BELPELE;FARMOQUÍMICA S/A;33.349.473/0001-58;430301251;28/03/2025;;2025-03-28;;;novo_em_relatorio
ADREN;HIPOLABOR FARMACEUTICA LTDA;19.570.720/0001-10;1448133246;22/10/2024;;2024-10-22;;;novo_em_relatorio
ACIVIRAX;CIFARMA CIENTÍFICA FARMACÊUTICA LTDA;17.562.075/0001-69;107638258;24/01/2025;;2025-01-24;;;novo_em_relatorio
ÁGUA PARA INJEÇÃO B. BRAUN;LABORATORIOS B. BRAUN S/A;31.673.254/0001-02;1403567239;10/12/2023;;2023-12-10;;;novo_em_relatorio
BENICAR;DAIICHI SANKYO BRASIL FARMACÊUTICA LTDA;60.874.187/0001-84;531070255;17/04/2025;;2025-04-17;;;novo_em_relatorio
RISPERDAL;JANSSEN-CILAG FARMACÊUTICA LTDA;51.780.468/0001-87;1743593244;20/12/2024;;2024-12-20;;;novo_em_relatorio
ACICLOVIR;RANBAXY FARMACÊUTICA LTDA;73.663.650/0001-90;271397250;26/02/2025;;2025-02-26;;;novo_em_relatorio
AMOXICILINA;EUROFARMA LABORATÓRIOS S.A.;61.190.096/0001-92;1134988257;22/08/2025;;2025-08-22;;;novo_em_relatorio
AMOXICILINA;EUROFARMA LABORATÓRIOS S.A.;61.190.096/0001-92;1140300253;25/08/2025;;2025-08-25;;;novo_em_relatorio
SALICETIL;BRASTERAPICA PHARMACEUTICA LTDA.;46.179.008/0001-68;784348251;11/06/2025;;2025-06-11;;;novo_em_relatorio
albendazol;EMS S/A;57.507.378/0003-65;1208205251;11/09/2025;;2025-09-11;;;novo_em_relatorio
AMOXICILINA;EMS S/A;57.507.378/0003-65;977031250;28/07/2025;;2025-07-28;;;novo_em_relatorio
TEGREZIN;CAZI QUIMICA FARMACEUTICA INDUSTRIA E COMERCIO LTDA;44.010.437/0001-81;939985250;21/07/2025;;2025-07-21;;;novo_em_relatorio
AMBISOME;UNITED MEDICAL LTDA;68.949.239/0001-46;677555245;21/05/2024;;2024-05-21;;;novo_em_relatorio
BROMOPRIDA;EMS S/A;57.507.378/0003-65;414885244;03/04/2024;;2024-04-03;;;novo_em_relatorio
DIGESTIL;LABORATÓRIO TEUTO BRASILEIRO S/A;17.159.229/0001-76;1396706241;10/10/2024;;2024-10-10;;;novo_em_relatorio
CARBOCISTEINA;PRATI DONADUZZI & CIA LTDA;73.856.593/0001-66;584703252;30/04/2025;;2025-04-30;;;novo_em_relatorio
BENZOTOP;DFL INDÚSTRIA E COMÉRCIO S/A;33.112.665/0001-46;37331248;11/01/2024;;2024-01-11;;;novo_em_relatorio
PULMICORT;ASTRAZENECA DO BRASIL LTDA;60.318.797/0001-00;1021222259;08/08/2025;;2025-08-08;;;novo_em_relatorio
ABLOK;BIOLAB SANUS FARMACÊUTICA LTDA;49.475.833/0001-06;451959256;02/04/2025;;2025-04-02;;;novo_em_relatorio
ATENOCLOR;VITAMEDIC INDUSTRIA FARMACEUTICA LTDA;30.222.814/0001-31;911023259;11/07/2025;;2025-07-11;;;novo_em_relatorio
MIONEVRIX;ACHÉ LABORATÓRIOS FARMACÊUTICOS S.A;60.659.463/0029-92;3737173214;21/09/2021;;2021-09-21;;;novo_em_relatorio
ATROPINA;ALLERGAN PRODUTOS FARMACÊUTICOS LTDA;43.426.626/0001-77;574244239;05/06/2023;;2023-06-05;;;novo_em_relatorio
NOVAMOX;ACHÉ LABORATÓRIOS FARMACÊUTICOS S.A;60.659.463/0029-92;294649247;11/03/2024;;2024-03-11;;;novo_em_relatorio
AMOXICILINA;EMS S/A;57.507.378/0003-65;966353251;24/07/2025;;2025-07-24;;;novo_em_relatorio
AXETILCEFUROXIMA;RANBAXY FARMACÊUTICA LTDA;73.663.650/0001-90;984070249;18/07/2024;;2024-07-18;;;novo_em_relatorio
FURP-AZATIOPRINA;FUNDAÇÃO PARA O REMÉDIO POPULAR - FURP;43.640.754/0001-19;835750230;09/08/2023;;2023-08-09;;;novo_em_relatorio
VITERGAN ZINCO;MARJAN INDÚSTRIA E COMÉRCIO LTDA;60.726.692/0001-81;856824259;30/06/2025;;2025-06-30;;;novo_em_relatorio
OLANZAPINA;BRAINFARMA INDÚSTRIA QUÍMICA E FARMACÊUTICA S.A;05.161.069/0001-10;1187731242;29/08/2024;;2024-08-29;;;novo_em_relatorio
CASODEX;ASTRAZENECA DO BRASIL LTDA;60.318.797/0001-00;1201550254;10/09/2025;;2025-09-10;;;novo_em_relatorio
LUMIGAN;ALLERGAN PRODUTOS FARMACÊUTICOS LTDA;43.426.626/0001-77;544445236;29/05/2023;;2023-05-29;;;novo_em_relatorio
BISALAX;UNIÃO QUÍMICA FARMACÊUTICA NACIONAL S/A;60.665.981/0001-18;743428251;02/06/2025;;2025-06-02;;;novo_em_relatorio
HYPONOR;HYPOFARMA - INSTITUTO DE HYPODERMIA E FARMÁCIA LTDA;17.174.657/0001-78;1612458246;26/11/2024;;2024-11-26;;;novo_em_relatorio
NORADREM;HIPOLABOR FARMACEUTICA LTDA;19.570.720/0001-10;895797232;24/08/2023;;2023-08-24;;;novo_em_relatorio
BROMAZEPAM;EMS S/A;57.507.378/0003-65;976853256;28/07/2025;;2025-07-28;;;novo_em_relatorio
CAPTOCORD;LABORATÓRIO GLOBO SA;17.115.437/0001-73;972935240;17/07/2024;;2024-07-17;;;novo_em_relatorio
CAPTOMIDO;BELFAR LTDA;18.324.343/0001-77;1330975243;27/09/2024;;2024-09-27;;;novo_em_relatorio
AZITROMED;MEDQUIMICA INDUSTRIA FARMACEUTICA LTDA.;17.875.154/0001-20;1287079245;18/09/2024;;2024-09-18;;;novo_em_relatorio
BROMETO DE IPRATROPIO;UNIÃO QUÍMICA FARMACÊUTICA NACIONAL S/A;60.665.981/0001-18;1183284250;05/09/2025;;2025-09-05;;;novo_em_relatorio
SINUDORON;WELEDA DO BRASIL LABORATÓRIO E FARMÁCIA LTDA;56.992.217/0001-80;1206128259;11/09/2025;;2025-09-11;;;novo_em_relatorio
BACLOFEN;LABORATÓRIO TEUTO BRASILEIRO S/A;17.159.229/0001-76;531079252;17/04/2025;;2025-04-17;;;novo_em_relatorio
ADENON;WELEDA DO BRASIL LABORATÓRIO E FARMÁCIA LTDA;56.992.217/0001-80;1177381257;04/09/2025;;2025-09-04;;;novo_em_relatorio
PANCURON;CRISTÁLIA PRODUTOS QUÍMICOS FARMACÊUTICOS LTDA.;44.734.671/0001-51;788763245;12/06/2024;;2024-06-12;;;novo_em_relatorio
AMPICILINA SÓDICA;LABORATÓRIO TEUTO BRASILEIRO S/A;17.159.229/0001-76;645338257;13/05/2025;;2025-05-13;;;novo_em_relatorio
ARIMIDEX;ASTRAZENECA DO BRASIL LTDA;60.318.797/0001-00;1208196251;11/09/2025;;2025-09-11;;;novo_em_relatorio
SIMULECT;NOVARTIS BIOCIENCIAS S.A;56.994.502/0001-30;755285255;04/06/2025;;2025-06-04;;;novo_em_relatorio
OPHTCOL;OPHTHALMOS LTDA;61.129.409/0001-05;1046563246;31/07/2024;;2024-07-31;;;novo_em_relatorio
C-PLATIN;BLAU FARMACÊUTICA S.A.;58.430.828/0001-60;1020546247;25/07/2024;;2024-07-25;;;novo_em_relatorio
CETOCORT;LABORATÓRIO TEUTO BRASILEIRO S/A;17.159.229/0001-76;928547230;31/08/2023;;2023-08-31;;;novo_em_relatorio
FUNGICORT;CIFARMA CIENTÍFICA FARMACÊUTICA LTDA;17.562.075/0001-69;392384256;24/03/2025;;2025-03-24;;;novo_em_relatorio
NOVACORT;ACHÉ LABORATÓRIOS FARMACÊUTICOS S.A;60.659.463/0029-92;866372253;02/07/2025;;2025-07-02;;;novo_em_relatorio
CANDICORT;ACHÉ LABORATÓRIOS FARMACÊUTICOS S.A;60.659.463/0029-92;866328254;02/07/2025;;2025-07-02;;;novo_em_relatorio
CETOPROFENO;CRISTÁLIA PRODUTOS QUÍMICOS FARMACÊUTICOS LTDA.;44.734.671/0001-51;624294242;10/05/2024;;2024-05-10;;;novo_em_relatorio
CETOPROFENO;EUROFARMA LABORATÓRIOS S.A.;61.190.096/0001-92;1456534238;21/12/2023;;2023-12-21;;;novo_em_relatorio
trometamol cetorolaco;CRISTÁLIA PRODUTOS QUÍMICOS FARMACÊUTICOS LTDA.;44.734.671/0001-51;662162251;16/05/2025;;2025-05-16;;;novo_em_relatorio
CLORETO DE SÓDIO - BAXTER;BAXTER HOSPITALAR LTDA;49.351.786/0002-61;1083381245;08/08/2024;;2024-08-08;;;novo_em_relatorio
ASMOFEN;LABORATÓRIO TEUTO BRASILEIRO S/A;17.159.229/0001-76;809572257;17/06/2025;;2025-06-17;;;novo_em_relatorio
DIVELOL;LABORATÓRIOS BALDACCI LTDA;61.150.447/0001-31;845501259;27/06/2025;;2025-06-27;;;novo_em_relatorio
MICOLAMINA;THERASKIN FARMACEUTICA LTDA.;61.517.397/0001-88;1120403243;15/08/2024;;2024-08-15;;;novo_em_relatorio
LITOCIT;APSEN FARMACEUTICA S/A;62.462.015/0001-29;1650678240;03/12/2024;;2024-12-03;;;novo_em_relatorio
SIGMASPORIN MICRORAL;GERMED FARMACEUTICA LTDA;45.992.062/0001-65;797347241;13/06/2024;;2024-06-13;;;novo_em_relatorio
CITRATO DE TAMOXIFENO;SANDOZ DO BRASIL INDÚSTRIA FARMACÊUTICA LTDA;61.286.647/0001-16;966892259;24/07/2025;;2025-07-24;;;novo_em_relatorio
CICLOSPORINA;GERMED FARMACEUTICA LTDA;45.992.062/0001-65;796160244;13/06/2024;;2024-06-13;;;novo_em_relatorio
TAXOFEN;BLAU FARMACÊUTICA S.A.;58.430.828/0001-60;258670258;24/02/2025;;2025-02-24;;;novo_em_relatorio
KLARICID;ABBOTT LABORATÓRIOS DO BRASIL LTDA;56.998.701/0001-16;927669251;17/07/2025;;2025-07-17;;;novo_em_relatorio
cefadroxila;EUROFARMA LABORATÓRIOS S.A.;61.190.096/0001-92;5055237;03/01/2023;;2023-01-03;;;novo_em_relatorio
AMPLOSPEC;INSTITUTO BIOCHIMICO INDÚSTRIA FARMACÊUTICA LTDA;33.258.401/0001-03;1196473251;09/09/2025;;2025-09-09;;;novo_em_relatorio
ROCEFIN;PRODUTOS ROCHE QUÍMICOS E FARMACÊUTICOS S.A.;33.009.945/0001-23;829888250;24/06/2025;;2025-06-24;;;novo_em_relatorio
TEUCEF;LABORATÓRIO TEUTO BRASILEIRO S/A;17.159.229/0001-76;1152672258;28/08/2025;;2025-08-28;;;novo_em_relatorio
STUGERON;JANSSEN-CILAG FARMACÊUTICA LTDA;51.780.468/0001-87;725271230;13/07/2023;;2023-07-13;;;novo_em_relatorio
HYTOS PLUS;UNIÃO QUÍMICA FARMACÊUTICA NACIONAL S/A;60.665.981/0001-18;331041251;11/03/2025;;2025-03-11;;;novo_em_relatorio
CEFADROXILA;EMS S/A;57.507.378/0003-65;347878253;14/03/2025;;2025-03-14;;;novo_em_relatorio
ceftriaxona dissódica hemieptaidratada;EUROFARMA LABORATÓRIOS S.A.;61.190.096/0001-92;1173362258;03/09/2025;;2025-09-03;;;novo_em_relatorio
LIPLESS;BIOLAB SANUS FARMACÊUTICA LTDA;49.475.833/0001-06;32183259;09/01/2025;;2025-01-09;;;novo_em_relatorio
CIPROBIOT;SANDOZ DO BRASIL INDÚSTRIA FARMACÊUTICA LTDA;61.286.647/0001-16;830498257;24/06/2025;;2025-06-24;;;novo_em_relatorio
CLORIDRATO DE TERBINAFINA;EMS S/A;57.507.378/0003-65;1190100258;08/09/2025;;2025-09-08;;;novo_em_relatorio
FUNTYL;CRISTÁLIA PRODUTOS QUÍMICOS FARMACÊUTICOS LTDA.;44.734.671/0001-51;365422258;18/03/2025;;2025-03-18;;;novo_em_relatorio
AMYTRIL;CRISTÁLIA PRODUTOS QUÍMICOS FARMACÊUTICOS LTDA.;44.734.671/0001-51;796699259;13/06/2025;;2025-06-13;;;novo_em_relatorio
ERANZ;PFIZER BRASIL LTDA;61.072.393/0001-33;276769252;27/02/2025;;2025-02-27;;;novo_em_relatorio
PLABEL;BELFAR LTDA;18.324.343/0001-77;244451249;29/02/2024;;2024-02-29;;;novo_em_relatorio
VOMISTOP;MEDQUIMICA INDUSTRIA FARMACEUTICA LTDA.;17.875.154/0001-20;586070257;30/04/2025;;2025-04-30;;;novo_em_relatorio
AMIOBAL;LABORATÓRIOS BALDACCI LTDA;61.150.447/0001-31;345591259;14/03/2025;;2025-03-14;;;novo_em_relatorio
HOXIDRIN;LABORATÓRIO GLOBO SA;17.115.437/0001-73;813812259;18/06/2025;;2025-06-18;;;novo_em_relatorio
Konduz;EMS S/A;57.507.378/0003-65;693588250;23/05/2025;;2025-05-23;;;novo_em_relatorio
drosperinona + etinilestradiol;EMS S/A;57.507.378/0003-65;985572256;30/07/2025;;2025-07-30;;;novo_em_relatorio
DESLORATADINA;ZYDUS NIKKHO FARMACÊUTICA LTDA;05.254.971/0001-81;4505514226;04/08/2022;;2022-08-04;;;novo_em_relatorio
imipenem + cilastatina;INSTITUTO BIOCHIMICO INDÚSTRIA FARMACÊUTICA LTDA;33.258.401/0001-03;862351251;01/07/2025;;2025-07-01;;;novo_em_relatorio
SINOT CLAV;EUROFARMA LABORATÓRIOS S.A.;61.190.096/0001-92;996538259;01/08/2025;;2025-08-01;;;novo_em_relatorio
DEX-500-TEC;COMISSAO NACIONAL DE ENERGIA NUCLEAR;00.402.552/0001-26;1252838239;13/11/2023;;2023-11-13;;;novo_em_relatorio
MACRODANTINA;COSMED INDUSTRIA DE COSMETICOS E MEDICAMENTOS S.A.;61.082.426/0002-07;639347258;12/05/2025;;2025-05-12;;;novo_em_relatorio
PIRO-TEC;COMISSAO NACIONAL DE ENERGIA NUCLEAR;00.402.552/0001-26;1253112231;13/11/2023;;2023-11-13;;;novo_em_relatorio
GLICINA JP 1,5%;JP INDUSTRIA FARMACEUTICA S/A;55.972.087/0001-50;897253256;08/07/2025;;2025-07-08;;;novo_em_relatorio
DASTENE;ACHÉ LABORATÓRIOS FARMACÊUTICOS S.A;60.659.463/0029-92;712864253;27/05/2025;;2025-05-27;;;novo_em_relatorio
DESLIN;ZYDUS NIKKHO FARMACÊUTICA LTDA;05.254.971/0001-81;4506917227;04/08/2022;;2022-08-04;;;novo_em_relatorio
QUADRILON;BRAINFARMA INDÚSTRIA QUÍMICA E FARMACÊUTICA S.A;05.161.069/0001-10;711174237;11/07/2023;;2023-07-11;;;novo_em_relatorio
finasterida;CIMED INDUSTRIA S.A;02.814.497/0001-07;583758258;30/04/2025;;2025-04-30;;;novo_em_relatorio
CLORIDRATO DE SERTRALINA;GEOLAB INDÚSTRIA FARMACÊUTICA S/A;03.485.572/0001-04;711235252;26/05/2025;;2025-05-26;;;novo_em_relatorio
CPHD AC;SALBEGO LABORATÓRIO FARMACÊUTICO LTDA;92.832.195/0001-54;1657767248;04/12/2024;;2024-12-04;;;novo_em_relatorio
HIMAAGIN;EMS S/A;57.507.378/0003-65;856754251;30/06/2025;;2025-06-30;;;novo_em_relatorio
MIOFLEX A;COSMED INDUSTRIA DE COSMETICOS E MEDICAMENTOS S.A.;61.082.426/0002-07;306649250;06/03/2025;;2025-03-06;;;novo_em_relatorio
CANDESARTANA CILEXETILA+HIDROCLOROTIAZIDA;GEOLAB INDÚSTRIA FARMACÊUTICA S/A;03.485.572/0001-04;1022735181;23/10/2018;;2018-10-23;;;novo_em_relatorio
ASEA HCT;SUPERA FARMA LABORATÓRIOS S.A;43.312.503/0001-05;709395256;26/05/2025;;2025-05-26;;;novo_em_relatorio
cloridrato de dexmedetomidina;UNIÃO QUÍMICA FARMACÊUTICA NACIONAL S/A;60.665.981/0001-18;1403208247;11/10/2024;;2024-10-11;;;novo_em_relatorio
FLUTEP;IBF - INDUSTRIA BRASILEIRA DE FARMOQUIMICOS S.A.;14.864.868/0001-44;905512251;10/07/2025;;2025-07-10;;;novo_em_relatorio
DICLOFENACO SODICO;BELFAR LTDA;18.324.343/0001-77;445743255;01/04/2025;;2025-04-01;;;novo_em_relatorio
Untral;ACHÉ LABORATÓRIOS FARMACÊUTICOS S.A;60.659.463/0029-92;193542251;11/02/2025;;2025-02-11;;;novo_em_relatorio
PRAXBIND;BOEHRINGER INGELHEIM DO BRASIL QUÍMICA E FARMACÊUTICA LTDA.;60.831.658/0001-77;1745646248;20/12/2024;;2024-12-20;;;novo_em_relatorio
MALEATO DE ENALAPRIL;1FARMA INDUSTRIA FARMACEUTICA LTDA;48.113.906/0001-49;975857258;28/07/2025;;2025-07-28;;;novo_em_relatorio
ROSULIB;SANDOZ DO BRASIL INDÚSTRIA FARMACÊUTICA LTDA;61.286.647/0001-16;849247241;21/06/2024;;2024-06-21;;;novo_em_relatorio
ANORO ELLIPTA;GLAXOSMITHKLINE BRASIL LTDA;33.247.743/0001-10;770636250;09/06/2025;;2025-06-09;;;novo_em_relatorio
Valerato de betametasona;PHARLAB INDÚSTRIA FARMACÊUTICA S.A.;02.501.297/0001-02;38074257;10/01/2025;;2025-01-10;;;novo_em_relatorio
MANITOL 20%;HALEX ISTAR INDÚSTRIA FARMACÊUTICA SA;01.571.702/0001-98;4721353227;21/09/2022;;2022-09-21;;;novo_em_relatorio
FITA-TEC;COMISSAO NACIONAL DE ENERGIA NUCLEAR;00.402.552/0001-26;1253070237;13/11/2023;;2023-11-13;;;novo_em_relatorio
DALINVI;JANSSEN-CILAG FARMACÊUTICA LTDA;51.780.468/0001-87;1187355259;08/09/2025;;2025-09-08;;;novo_em_relatorio
TADALAFILA;BRAINFARMA INDÚSTRIA QUÍMICA E FARMACÊUTICA S.A;05.161.069/0001-10;1477046241;28/10/2024;;2024-10-28;;;novo_em_relatorio
AVAL;SUPERA FARMA LABORATÓRIOS S.A;43.312.503/0001-05;857181254;30/06/2025;;2025-06-30;;;novo_em_relatorio
PREDSIM;COSMED INDUSTRIA DE COSMETICOS E MEDICAMENTOS S.A.;61.082.426/0002-07;538463252;22/04/2025;;2025-04-22;;;novo_em_relatorio
ANASTROZOL;EMS S/A;57.507.378/0003-65;1342985249;30/09/2024;;2024-09-30;;;novo_em_relatorio
RITONAVIR;LABORATORIO FARMACEUTICO DO ESTADO DE PERNAMBUCO GOVERNADOR MIGUEL ARRAES S/A - LAFEPE;10.877.926/0001-13;912039256;11/07/2025;;2025-07-11;;;novo_em_relatorio
NOFEBRIN;LEGRAND PHARMA INDÚSTRIA FARMACÊUTICA LTDA;05.044.984/0001-26;451419251;02/04/2025;;2025-04-02;;;novo_em_relatorio
FINASTIL;EMS SIGMA PHARMA LTDA;00.923.140/0001-31;4901617222;03/11/2022;;2022-11-03;;;novo_em_relatorio
maleato de dexclorfeniramina;EMS S/A;57.507.378/0003-65;926693255;16/07/2025;;2025-07-16;;;novo_em_relatorio
LÂNICO;SUPERA FARMA LABORATÓRIOS S.A;43.312.503/0001-05;251857247;01/03/2024;;2024-03-01;;;novo_em_relatorio
DORZAL;LEGRAND PHARMA INDÚSTRIA FARMACÊUTICA LTDA;05.044.984/0001-26;708819257;26/05/2025;;2025-05-26;;;novo_em_relatorio
CABERGOLINA;GERMED FARMACEUTICA LTDA;45.992.062/0001-65;1700779249;12/12/2024;;2024-12-12;;;novo_em_relatorio
BENZOILMETRONIDAZOL;EMS S/A;57.507.378/0003-65;921713240;05/07/2024;;2024-07-05;;;novo_em_relatorio
MONTELUCASTE DE SODIO;GEOLAB INDÚSTRIA FARMACÊUTICA S/A;03.485.572/0001-04;4869739224;26/10/2022;;2022-10-26;;;novo_em_relatorio
CLIOQDERM;GEOLAB INDÚSTRIA FARMACÊUTICA S/A;03.485.572/0001-04;2035538176;28/09/2017;;2017-09-28;;;novo_em_relatorio
SULFATO DE VINCRISTINA;LABORATÓRIO QUÍMICO FARMACÊUTICO BERGAMO LTDA;61.282.661/0001-41;834347245;19/06/2024;;2024-06-19;;;novo_em_relatorio
CEDROXIL;LEGRAND PHARMA INDÚSTRIA FARMACÊUTICA LTDA;05.044.984/0001-26;1398947212;12/04/2021;;2021-04-12;;;novo_em_relatorio
FENTANEST;CRISTÁLIA PRODUTOS QUÍMICOS FARMACÊUTICOS LTDA.;44.734.671/0001-51;1251882242;11/09/2024;;2024-09-11;;;novo_em_relatorio
PREDNISONA;LEGRAND PHARMA INDÚSTRIA FARMACÊUTICA LTDA;05.044.984/0001-26;1085580237;11/10/2023;;2023-10-11;;;novo_em_relatorio
SEDAMED;CIMED INDUSTRIA S.A;02.814.497/0001-07;1203651236;02/11/2023;;2023-11-02;;;novo_em_relatorio
captopril;GERMED FARMACEUTICA LTDA;45.992.062/0001-65;340737255;13/03/2025;;2025-03-13;;;novo_em_relatorio
rifamicina SV sódica;LEGRAND PHARMA INDÚSTRIA FARMACÊUTICA LTDA;05.044.984/0001-26;886814243;28/06/2024;;2024-06-28;;;novo_em_relatorio
clonazepam;GERMED FARMACEUTICA LTDA;45.992.062/0001-65;667403248;20/05/2024;;2024-05-20;;;novo_em_relatorio
NEVRIX IM;ARESE PHARMA LTDA.;07.670.111/0001-54;248391241;29/02/2024;;2024-02-29;;;novo_em_relatorio
meloxicam;GERMED FARMACEUTICA LTDA;45.992.062/0001-65;1011835258;06/08/2025;;2025-08-06;;;novo_em_relatorio
Valsed;CIFARMA CIENTÍFICA FARMACÊUTICA LTDA;17.562.075/0001-69;829342257;24/06/2025;;2025-06-24;;;novo_em_relatorio
NITAZOXANIDA;Althaia S.A Indústria Farmacêutica;48.344.725/0007-19;158788257;05/02/2025;;2025-02-05;;;novo_em_relatorio
CLORETO DE SÓDIO JP FISIOLÓGICO;JP INDUSTRIA FARMACEUTICA S/A;55.972.087/0001-50;737727250;30/05/2025;;2025-05-30;;;novo_em_relatorio
VELAMOX BD;EMS SIGMA PHARMA LTDA;00.923.140/0001-31;155022253;04/02/2025;;2025-02-04;;;novo_em_relatorio
LABIRIN;APSEN FARMACEUTICA S/A;62.462.015/0001-29;790698251;12/06/2025;;2025-06-12;;;novo_em_relatorio
PROAZITAX;EUROFARMA LABORATÓRIOS S.A.;61.190.096/0001-92;1008279251;05/08/2025;;2025-08-05;;;novo_em_relatorio
BUTILBROMETO DE ESCOPOLAMINA;FARMACE INDÚSTRIA QUÍMICO-FARMACÊUTICA CEARENSE LTDA;06.628.333/0001-46;214742245;23/02/2024;;2024-02-23;;;novo_em_relatorio
DEXMINE;CIMED INDUSTRIA S.A;02.814.497/0001-07;975373251;28/07/2025;;2025-07-28;;;novo_em_relatorio
INSOPIDEM;EMS SIGMA PHARMA LTDA;00.923.140/0001-31;33614253;09/01/2025;;2025-01-09;;;novo_em_relatorio
SOMAFLEX AP;EMS SIGMA PHARMA LTDA;00.923.140/0001-31;602652251;05/05/2025;;2025-05-05;;;novo_em_relatorio
VOTRIENT;NOVARTIS BIOCIENCIAS S.A;56.994.502/0001-30;493698256;10/04/2025;;2025-04-10;;;novo_em_relatorio
OXOTRON;ACHÉ LABORATÓRIOS FARMACÊUTICOS S.A;60.659.463/0029-92;274732254;26/02/2025;;2025-02-26;;;novo_em_relatorio
cloridrato de sertralina;LEGRAND PHARMA INDÚSTRIA FARMACÊUTICA LTDA;05.044.984/0001-26;1174765259;03/09/2025;;2025-09-03;;;novo_em_relatorio
ZODEL;SANOFI MEDLEY FARMACÊUTICA LTDA.;10.588.595/0010-92;900168242;02/07/2024;;2024-07-02;;;novo_em_relatorio
CPHD GENIUS DS;FRESENIUS MEDICAL CARE LTDA;01.440.590/0001-36;1707668248;13/12/2024;;2024-12-13;;;novo_em_relatorio
FENLOC;ZYDUS NIKKHO FARMACÊUTICA LTDA;05.254.971/0001-81;1556703216;23/04/2021;;2021-04-23;;;novo_em_relatorio
LIPIGRAN;LEGRAND PHARMA INDÚSTRIA FARMACÊUTICA LTDA;05.044.984/0001-26;921280254;15/07/2025;;2025-07-15;;;novo_em_relatorio
azacitidina;UNITED MEDICAL LTDA;68.949.239/0001-46;1740346246;20/12/2024;;2024-12-20;;;novo_em_relatorio
PREG-LESS;EMS SIGMA PHARMA LTDA;00.923.140/0001-31;387393242;27/03/2024;;2024-03-27;;;novo_em_relatorio
sulfato de gentamicina;SANTISA LABORATÓRIO FARMACÊUTICO S/A;04.099.395/0001-82;2803574217;19/07/2021;;2021-07-19;;;novo_em_relatorio
Zedora;LIBBS FARMACÊUTICA LTDA;61.230.314/0001-75;663864241;17/05/2024;;2024-05-17;;;novo_em_relatorio
FASENRA;ASTRAZENECA DO BRASIL LTDA;60.318.797/0001-00;1182781250;05/09/2025;;2025-09-05;;;novo_em_relatorio
REDTIBIN;DR. REDDYS FARMACÊUTICA DO BRASIL LTDA;03.978.166/0001-75;874145252;03/07/2025;;2025-07-03;;;novo_em_relatorio
AMOXICILINA+CLAVULANATO DE POTASSIO;PRATI DONADUZZI & CIA LTDA;73.856.593/0001-66;241502241;28/02/2024;;2024-02-28;;;novo_em_relatorio
HIDROQUINONA;GERMED FARMACEUTICA LTDA;45.992.062/0001-65;163550255;05/02/2025;;2025-02-05;;;novo_em_relatorio
tadalafila;UNICHEM FARMACÊUTICA DO BRASIL LTDA;05.399.786/0001-85;672255251;19/05/2025;;2025-05-19;;;novo_em_relatorio
DELLER;ACHÉ LABORATÓRIOS FARMACÊUTICOS S.A;60.659.463/0029-92;1215935234;06/11/2023;;2023-11-06;;;novo_em_relatorio
cloridrato de fluoxetina;MEDQUIMICA INDUSTRIA FARMACEUTICA LTDA.;17.875.154/0001-20;646833251;13/05/2025;;2025-05-13;;;novo_em_relatorio
TÊMPORA;CRISTÁLIA PRODUTOS QUÍMICOS FARMACÊUTICOS LTDA.;44.734.671/0001-51;65428251;16/01/2025;;2025-01-16;;;novo_em_relatorio
DIOHESP;LABORATÓRIO GLOBO SA;17.115.437/0001-73;731590252;29/05/2025;;2025-05-29;;;novo_em_relatorio
orlistate;LEGRAND PHARMA INDÚSTRIA FARMACÊUTICA LTDA;05.044.984/0001-26;563513241;29/04/2024;;2024-04-29;;;novo_em_relatorio
bimatoprosta;LEGRAND PHARMA INDÚSTRIA FARMACÊUTICA LTDA;05.044.984/0001-26;3845848219;29/09/2021;;2021-09-29;;;novo_em_relatorio
amoxicilina;LEGRAND PHARMA INDÚSTRIA FARMACÊUTICA LTDA;05.044.984/0001-26;977888258;28/07/2025;;2025-07-28;;;novo_em_relatorio
CARVEGRAN;LEGRAND PHARMA INDÚSTRIA FARMACÊUTICA LTDA;05.044.984/0001-26;4901760220;03/11/2022;;2022-11-03;;;novo_em_relatorio
NORF;EMS SIGMA PHARMA LTDA;00.923.140/0001-31;616735251;07/05/2025;;2025-05-07;;;novo_em_relatorio
latanoprosta;GERMED FARMACEUTICA LTDA;45.992.062/0001-65;600282252;05/05/2025;;2025-05-05;;;novo_em_relatorio
NOLAPROST;LEGRAND PHARMA INDÚSTRIA FARMACÊUTICA LTDA;05.044.984/0001-26;599979259;05/05/2025;;2025-05-05;;;novo_em_relatorio
valsartana + besilato de anlodipino;GERMED FARMACEUTICA LTDA;45.992.062/0001-65;1525129244;05/11/2024;;2024-11-05;;;novo_em_relatorio
CLORTALIL;EMS SIGMA PHARMA LTDA;00.923.140/0001-31;4690837228;14/09/2022;;2022-09-14;;;novo_em_relatorio
VAZY;EMS SIGMA PHARMA LTDA;00.923.140/0001-31;1140105256;25/08/2025;;2025-08-25;;;novo_em_relatorio
SIGRAN;GERMED FARMACEUTICA LTDA;45.992.062/0001-65;1140066251;25/08/2025;;2025-08-25;;;novo_em_relatorio
cloridrato de sibutramina monoidratado;GERMED FARMACEUTICA LTDA;45.992.062/0001-65;1139980254;25/08/2025;;2025-08-25;;;novo_em_relatorio
cloridrato de sibutramina;LEGRAND PHARMA INDÚSTRIA FARMACÊUTICA LTDA;05.044.984/0001-26;1139578251;25/08/2025;;2025-08-25;;;novo_em_relatorio
citrato de sildenafila;LABORATÓRIO FARMACÊUTICO DA MARINHA;00.394.502/0071-57;1444782240;21/10/2024;;2024-10-21;;;novo_em_relatorio
cloridrato de ciprofloxacino monoidratado + dexametasona;GERMED FARMACEUTICA LTDA;45.992.062/0001-65;874528259;03/07/2025;;2025-07-03;;;novo_em_relatorio
cloridrato de ciprofloxacino monoidratado + dexametasona;LEGRAND PHARMA INDÚSTRIA FARMACÊUTICA LTDA;05.044.984/0001-26;875292259;03/07/2025;;2025-07-03;;;novo_em_relatorio
PROFLOX D;EMS SIGMA PHARMA LTDA;00.923.140/0001-31;875178251;03/07/2025;;2025-07-03;;;novo_em_relatorio
STEATON;ACHÉ LABORATÓRIOS FARMACÊUTICOS S.A;60.659.463/0029-92;1361670240;03/10/2024;;2024-10-03;;;novo_em_relatorio
ATROFEM;COSMED INDUSTRIA DE COSMETICOS E MEDICAMENTOS S.A.;61.082.426/0002-07;255697244;01/03/2024;;2024-03-01;;;novo_em_relatorio
albendazol;LEGRAND PHARMA INDÚSTRIA FARMACÊUTICA LTDA;05.044.984/0001-26;246921242;29/02/2024;;2024-02-29;;;novo_em_relatorio
FORXIGA;ASTRAZENECA DO BRASIL LTDA;60.318.797/0001-00;966363256;24/07/2025;;2025-07-24;;;novo_em_relatorio
PLASMAISTAR;HALEX ISTAR INDÚSTRIA FARMACÊUTICA SA;01.571.702/0001-98;1149505257;27/08/2025;;2025-08-27;;;novo_em_relatorio
BONAGRAN;LEGRAND PHARMA INDÚSTRIA FARMACÊUTICA LTDA;05.044.984/0001-26;50247239;17/01/2023;;2023-01-17;;;novo_em_relatorio
DENAVAS;LEGRAND PHARMA INDÚSTRIA FARMACÊUTICA LTDA;05.044.984/0001-26;4503127225;03/08/2022;;2022-08-03;;;novo_em_relatorio
cloridrato de prometazina;LABORATÓRIO TEUTO BRASILEIRO S/A;17.159.229/0001-76;325800251;11/03/2025;;2025-03-11;;;novo_em_relatorio
oxacilina sódica;BLAU FARMACÊUTICA S.A.;58.430.828/0001-60;1139029178;09/06/2017;;2017-06-09;;;novo_em_relatorio
ACERTANLO;LABORATÓRIOS SERVIER DO BRASIL LTDA;42.374.207/0001-76;1039917241;30/07/2024;;2024-07-30;;;novo_em_relatorio
ITRACONAZOL;EUROFARMA LABORATÓRIOS S.A.;61.190.096/0001-92;1235636241;09/09/2024;;2024-09-09;;;novo_em_relatorio
cetoconazol;GEOLAB INDÚSTRIA FARMACÊUTICA S/A;03.485.572/0001-04;1564748243;13/11/2024;;2024-11-13;;;novo_em_relatorio
Kollagenase com Cloranfenicol;CRISTÁLIA PRODUTOS QUÍMICOS FARMACÊUTICOS LTDA.;44.734.671/0001-51;905905253;10/07/2025;;2025-07-10;;;novo_em_relatorio
ZETRON;LIBBS FARMACÊUTICA LTDA;61.230.314/0001-75;1129910253;21/08/2025;;2025-08-21;;;novo_em_relatorio
REDATIM;EMS S/A;57.507.378/0003-65;4502887226;03/08/2022;;2022-08-03;;;novo_em_relatorio
ALENDRONATO DE SÓDIO;GERMED FARMACEUTICA LTDA;45.992.062/0001-65;13077252;06/01/2025;;2025-01-06;;;novo_em_relatorio
LAMOTRIGINA;TORRENT DO BRASIL LTDA;33.078.528/0001-32;1176761251;04/09/2025;;2025-09-04;;;novo_em_relatorio
VALSACOR;LEGRAND PHARMA INDÚSTRIA FARMACÊUTICA LTDA;05.044.984/0001-26;1174377259;03/09/2025;;2025-09-03;;;novo_em_relatorio
dicloridrato de betaistina;PRATI DONADUZZI & CIA LTDA;73.856.593/0001-66;927571251;17/07/2025;;2025-07-17;;;novo_em_relatorio
citrato de sildenafila;GERMED FARMACEUTICA LTDA;45.992.062/0001-65;1443727245;21/10/2024;;2024-10-21;;;novo_em_relatorio
gliclazida;PHARLAB INDÚSTRIA FARMACÊUTICA S.A.;02.501.297/0001-02;297353250;05/03/2025;;2025-03-05;;;novo_em_relatorio
HIDROGENOTARTARATO DE RIVASTIGMINA;GEOLAB INDÚSTRIA FARMACÊUTICA S/A;03.485.572/0001-04;167924257;06/02/2025;;2025-02-06;;;novo_em_relatorio
CLORIDRATO DE BROMEXINA;PHARLAB INDÚSTRIA FARMACÊUTICA S.A.;02.501.297/0001-02;1179685253;04/09/2025;;2025-09-04;;;novo_em_relatorio
LABIRIN;APSEN FARMACEUTICA S/A;62.462.015/0001-29;790599252;12/06/2025;;2025-06-12;;;novo_em_relatorio
dexametasona;LEGRAND PHARMA INDÚSTRIA FARMACÊUTICA LTDA;05.044.984/0001-26;844240257;27/06/2025;;2025-06-27;;;novo_em_relatorio
SINVATROX;LEGRAND PHARMA INDÚSTRIA FARMACÊUTICA LTDA;05.044.984/0001-26;548628254;23/04/2025;;2025-04-23;;;novo_em_relatorio
OLMEGRAN ANLO;LEGRAND PHARMA INDÚSTRIA FARMACÊUTICA LTDA;05.044.984/0001-26;916681254;14/07/2025;;2025-07-14;;;novo_em_relatorio
cetoprofeno;LEGRAND PHARMA INDÚSTRIA FARMACÊUTICA LTDA;05.044.984/0001-26;52772250;14/01/2025;;2025-01-14;;;novo_em_relatorio
AMOXICILINA + CLAVULANATO DE POTÁSSIO;GERMED FARMACEUTICA LTDA;45.992.062/0001-65;1113647256;18/08/2025;;2025-08-18;;;novo_em_relatorio
GLAMIGAN;GERMED FARMACEUTICA LTDA;45.992.062/0001-65;788182251;11/06/2025;;2025-06-11;;;novo_em_relatorio
ITRACONAZOL;EMS S/A;57.507.378/0003-65;19306253;07/01/2025;;2025-01-07;;;novo_em_relatorio
glibenclamida;GERMED FARMACEUTICA LTDA;45.992.062/0001-65;289376254;28/02/2025;;2025-02-28;;;novo_em_relatorio
HIDROALERG;EMS SIGMA PHARMA LTDA;00.923.140/0001-31;1482592219;18/04/2021;;2021-04-18;;;novo_em_relatorio
COMPLEXO B;EMS S/A;57.507.378/0003-65;802835252;16/06/2025;;2025-06-16;;;novo_em_relatorio
CLEANKINOL;LEGRAND PHARMA INDÚSTRIA FARMACÊUTICA LTDA;05.044.984/0001-26;1398396212;12/04/2021;;2021-04-12;;;novo_em_relatorio
GLAUCUR;LEGRAND PHARMA INDÚSTRIA FARMACÊUTICA LTDA;05.044.984/0001-26;3844190210;29/09/2021;;2021-09-29;;;novo_em_relatorio
valsartana + besilato de anlodipino;LEGRAND PHARMA INDÚSTRIA FARMACÊUTICA LTDA;05.044.984/0001-26;1525183249;05/11/2024;;2024-11-05;;;novo_em_relatorio
orlistate;GERMED FARMACEUTICA LTDA;45.992.062/0001-65;1572638249;14/11/2024;;2024-11-14;;;novo_em_relatorio
AMOXICILINA;GERMED FARMACEUTICA LTDA;45.992.062/0001-65;172681251;07/02/2025;;2025-02-07;;;novo_em_relatorio
TOBRACULAR;LEGRAND PHARMA INDÚSTRIA FARMACÊUTICA LTDA;05.044.984/0001-26;906879256;10/07/2025;;2025-07-10;;;novo_em_relatorio
ALKERAN;ASPEN PHARMA INDÚSTRIA FARMACÊUTICA LTDA;02.433.631/0001-20;736098259;30/05/2025;;2025-05-30;;;novo_em_relatorio
ESOMEX;EMS SIGMA PHARMA LTDA;00.923.140/0001-31;643472258;13/05/2025;;2025-05-13;;;novo_em_relatorio
LIPISTAT;EMS SIGMA PHARMA LTDA;00.923.140/0001-31;921699255;15/07/2025;;2025-07-15;;;novo_em_relatorio
hidroclorotiazida;LEGRAND PHARMA INDÚSTRIA FARMACÊUTICA LTDA;05.044.984/0001-26;277052254;27/02/2025;;2025-02-27;;;novo_em_relatorio
ZYBINA;ZYDUS NIKKHO FARMACÊUTICA LTDA;05.254.971/0001-81;1556564215;23/04/2021;;2021-04-23;;;novo_em_relatorio
ZAARPRESS HCT;EMS SIGMA PHARMA LTDA;00.923.140/0001-31;1148940251;27/08/2025;;2025-08-27;;;novo_em_relatorio
MEBENIX;CIMED INDUSTRIA S.A;02.814.497/0001-07;3881514201;05/11/2020;;2020-11-05;;;novo_em_relatorio
losartana potássica;LEGRAND PHARMA INDÚSTRIA FARMACÊUTICA LTDA;05.044.984/0001-26;935874259;18/07/2025;;2025-07-18;;;novo_em_relatorio
Amoxicilina + Clavulanato de Potássio;LEGRAND PHARMA INDÚSTRIA FARMACÊUTICA LTDA;05.044.984/0001-26;1016008252;07/08/2025;;2025-08-07;;;novo_em_relatorio
VIE;ACHÉ LABORATÓRIOS FARMACÊUTICOS S.A;60.659.463/0029-92;206505256;13/02/2025;;2025-02-13;;;novo_em_relatorio
SINVASMAX;LABORATÓRIO GLOBO SA;17.115.437/0001-73;1069782254;14/08/2025;;2025-08-14;;;novo_em_relatorio
algestona acetofenida + enantato de estradiol;GERMED FARMACEUTICA LTDA;45.992.062/0001-65;1739010248;19/12/2024;;2024-12-19;;;novo_em_relatorio
ZESTEN;FARMOQUÍMICA S/A;33.349.473/0001-58;4179245209;26/11/2020;;2020-11-26;;;novo_em_relatorio
latanoprosta + maleato de timolol;GERMED FARMACEUTICA LTDA;45.992.062/0001-65;135389259;30/01/2025;;2025-01-30;;;novo_em_relatorio
SIMBILEX;ACHÉ LABORATÓRIOS FARMACÊUTICOS S.A;60.659.463/0029-92;1463429240;24/10/2024;;2024-10-24;;;novo_em_relatorio
PREVYASM;LEGRAND PHARMA INDÚSTRIA FARMACÊUTICA LTDA;05.044.984/0001-26;935591231;01/09/2023;;2023-09-01;;;novo_em_relatorio
AMOXICILINA + CLAVULANATO DE POTÁSSIO;LEGRAND PHARMA INDÚSTRIA FARMACÊUTICA LTDA;05.044.984/0001-26;1113011254;18/08/2025;;2025-08-18;;;novo_em_relatorio
SIGMA-CLAV BD;EMS SIGMA PHARMA LTDA;00.923.140/0001-31;1113412259;18/08/2025;;2025-08-18;;;novo_em_relatorio
atorvastatina cálcica;GERMED FARMACEUTICA LTDA;45.992.062/0001-65;920796257;15/07/2025;;2025-07-15;;;novo_em_relatorio
REVOLADE;NOVARTIS BIOCIENCIAS S.A;56.994.502/0001-30;975427253;28/07/2025;;2025-07-28;;;novo_em_relatorio
PRURI-GRAN;LEGRAND PHARMA INDÚSTRIA FARMACÊUTICA LTDA;05.044.984/0001-26;405550251;25/03/2025;;2025-03-25;;;novo_em_relatorio
DORZAL MT;LEGRAND PHARMA INDÚSTRIA FARMACÊUTICA LTDA;05.044.984/0001-26;1188077252;08/09/2025;;2025-09-08;;;novo_em_relatorio
VOCETY;GLENMARK FARMACÊUTICA LTDA;44.363.661/0001-57;775295256;09/06/2025;;2025-06-09;;;novo_em_relatorio
cefalexina;LEGRAND PHARMA INDÚSTRIA FARMACÊUTICA LTDA;05.044.984/0001-26;224058240;26/02/2024;;2024-02-26;;;novo_em_relatorio
SUCCINATO DE DESVENLAFAXINA MONOIDRATADO;EUROFARMA LABORATÓRIOS S.A.;61.190.096/0001-92;1235306241;09/09/2024;;2024-09-09;;;novo_em_relatorio
CABAZRED;DR. REDDYS FARMACÊUTICA DO BRASIL LTDA;03.978.166/0001-75;987042254;30/07/2025;;2025-07-30;;;novo_em_relatorio
cloridrato de memantina;APSEN FARMACEUTICA S/A;62.462.015/0001-29;1421469235;14/12/2023;;2023-12-14;;;novo_em_relatorio
TILONAX;CIFARMA CIENTÍFICA FARMACÊUTICA LTDA;17.562.075/0001-69;686067258;22/05/2025;;2025-05-22;;;novo_em_relatorio
MAISOL;LEGRAND PHARMA INDÚSTRIA FARMACÊUTICA LTDA;05.044.984/0001-26;5058604221;16/12/2022;;2022-12-16;;;novo_em_relatorio
fluconazol;LABORATÓRIO GLOBO SA;17.115.437/0001-73;985571250;30/07/2025;;2025-07-30;;;novo_em_relatorio
alprazolam;LEGRAND PHARMA INDÚSTRIA FARMACÊUTICA LTDA;05.044.984/0001-26;4415869220;12/07/2022;;2022-07-12;;;novo_em_relatorio
cloridrato de dorzolamida+maleato de timolol;LEGRAND PHARMA INDÚSTRIA FARMACÊUTICA LTDA;05.044.984/0001-26;1188241257;08/09/2025;;2025-09-08;;;novo_em_relatorio
NEUMOSIN;SUPERA FARMA LABORATÓRIOS S.A;43.312.503/0001-05;354414259;17/03/2025;;2025-03-17;;;novo_em_relatorio
glimepirida;GEOLAB INDÚSTRIA FARMACÊUTICA S/A;03.485.572/0001-04;1136341251;23/08/2025;;2025-08-23;;;novo_em_relatorio
entricitabina + fumarato de tenofovir desoproxila;BLANVER FARMOQUIMICA E FARMACEUTICA S.A.;53.359.824/0001-19;643419233;23/06/2023;;2023-06-23;;;novo_em_relatorio
pregabalina;MEDQUIMICA INDUSTRIA FARMACEUTICA LTDA.;17.875.154/0001-20;767961251;06/06/2025;;2025-06-06;;;novo_em_relatorio
NIMENRIX;LABORATÓRIOS PFIZER LTDA;46.070.868/0036-99;680223258;21/05/2025;;2025-05-21;;;novo_em_relatorio
LOSARTANA POTÁSSICA + HIDROCLOROTIAZIDA;GERMED FARMACEUTICA LTDA;45.992.062/0001-65;1148902252;27/08/2025;;2025-08-27;;;novo_em_relatorio
PHITOSS;BRASTERAPICA PHARMACEUTICA LTDA.;46.179.008/0001-68;556824253;25/04/2025;;2025-04-25;;;novo_em_relatorio
FLUESOCIL;R2 Soluções em radiofarmácia ltda.;09.240.065/0001-89;985159251;30/07/2025;;2025-07-30;;;novo_em_relatorio
AZITROGRAN;LEGRAND PHARMA INDÚSTRIA FARMACÊUTICA LTDA;05.044.984/0001-26;4422087223;13/07/2022;;2022-07-13;;;novo_em_relatorio
SELENOZ;VASCONCELOS INDUSTRIA FARMACEUTICA E COMERCIO LTDA;05.155.425/0001-93;1223461238;07/11/2023;;2023-11-07;;;novo_em_relatorio
indapamida;GERMED FARMACEUTICA LTDA;45.992.062/0001-65;553141252;24/04/2025;;2025-04-24;;;novo_em_relatorio
CIXIN;GEOLAB INDÚSTRIA FARMACÊUTICA S/A;03.485.572/0001-04;1637937245;29/11/2024;;2024-11-29;;;novo_em_relatorio
TORHANZ;DR. REDDYS FARMACÊUTICA DO BRASIL LTDA;03.978.166/0001-75;670404250;19/05/2025;;2025-05-19;;;novo_em_relatorio
cloridrato de fluoxetina;LEGRAND PHARMA INDÚSTRIA FARMACÊUTICA LTDA;05.044.984/0001-26;87291258;21/01/2025;;2025-01-21;;;novo_em_relatorio
dipirona monoidratada;LEGRAND PHARMA INDÚSTRIA FARMACÊUTICA LTDA;05.044.984/0001-26;443621250;01/04/2025;;2025-04-01;;;novo_em_relatorio
SIGMA CLAV;EMS SIGMA PHARMA LTDA;00.923.140/0001-31;1118628250;19/08/2025;;2025-08-19;;;novo_em_relatorio
BORTEZOMIBE;DR. REDDYS FARMACÊUTICA DO BRASIL LTDA;03.978.166/0001-75;772916250;09/06/2025;;2025-06-09;;;novo_em_relatorio
LUNE;COSMED INDUSTRIA DE COSMETICOS E MEDICAMENTOS S.A.;61.082.426/0002-07;336909250;12/03/2025;;2025-03-12;;;novo_em_relatorio
FENAZIC;ADIUM S.A.;55.980.684/0001-27;48829242;15/01/2024;;2024-01-15;;;novo_em_relatorio
cloridrato de bupropiona;GEOLAB INDÚSTRIA FARMACÊUTICA S/A;03.485.572/0001-04;534661238;25/05/2023;;2023-05-25;;;novo_em_relatorio
PROSOLIN;LABORATÓRIO GLOBO SA;17.115.437/0001-73;845775251;27/06/2025;;2025-06-27;;;novo_em_relatorio
cloridrato de bupropiona;EMS S/A;57.507.378/0003-65;1487411243;29/10/2024;;2024-10-29;;;novo_em_relatorio
MELOXIGRAN;LEGRAND PHARMA INDÚSTRIA FARMACÊUTICA LTDA;05.044.984/0001-26;1021315257;08/08/2025;;2025-08-08;;;novo_em_relatorio
alprazolam;GERMED FARMACEUTICA LTDA;45.992.062/0001-65;1240126247;09/09/2024;;2024-09-09;;;novo_em_relatorio
VENSATE LP;CRISTÁLIA PRODUTOS QUÍMICOS FARMACÊUTICOS LTDA.;44.734.671/0001-51;807069230;02/08/2023;;2023-08-02;;;novo_em_relatorio
cloridrato de propranolol;LABORATÓRIO GLOBO SA;17.115.437/0001-73;777624257;10/06/2025;;2025-06-10;;;novo_em_relatorio
Zeterina;Althaia S.A Indústria Farmacêutica;48.344.725/0007-19;972649239;13/09/2023;;2023-09-13;;;novo_em_relatorio
pentoxifilina;GERMED FARMACEUTICA LTDA;45.992.062/0001-65;1473502241;25/10/2024;;2024-10-25;;;novo_em_relatorio
dipirona monoidratada;LEGRAND PHARMA INDÚSTRIA FARMACÊUTICA LTDA;05.044.984/0001-26;451469259;02/04/2025;;2025-04-02;;;novo_em_relatorio
DOMPGRAN;LEGRAND PHARMA INDÚSTRIA FARMACÊUTICA LTDA;05.044.984/0001-26;1057159255;13/08/2025;;2025-08-13;;;novo_em_relatorio
cloridrato de ambroxol;GERMED FARMACEUTICA LTDA;45.992.062/0001-65;1474059244;25/10/2024;;2024-10-25;;;novo_em_relatorio
latanoprosta;LEGRAND PHARMA INDÚSTRIA FARMACÊUTICA LTDA;05.044.984/0001-26;599922257;05/05/2025;;2025-05-05;;;novo_em_relatorio
pantoprazol;NOVARTIS BIOCIENCIAS S.A;56.994.502/0001-30;4590225221;23/08/2022;;2022-08-23;;;novo_em_relatorio
CETOBETA;CELLERA FARMACÊUTICA S.A.;33.173.097/0002-74;918654246;05/07/2024;;2024-07-05;;;novo_em_relatorio
meloxicam;LEGRAND PHARMA INDÚSTRIA FARMACÊUTICA LTDA;05.044.984/0001-26;1011800250;06/08/2025;;2025-08-06;;;novo_em_relatorio
diclofenaco sódico;GERMED FARMACEUTICA LTDA;45.992.062/0001-65;584606257;30/04/2025;;2025-04-30;;;novo_em_relatorio
ELIFORE;PFIZER BRASIL LTDA;61.072.393/0001-33;764104241;07/06/2024;;2024-06-07;;;novo_em_relatorio
domperidona;GERMED FARMACEUTICA LTDA;45.992.062/0001-65;1057520250;13/08/2025;;2025-08-13;;;novo_em_relatorio
maleato de enalapril;CIMED INDUSTRIA S.A;02.814.497/0001-07;975660250;28/07/2025;;2025-07-28;;;novo_em_relatorio
QUERA LP;CRISTÁLIA PRODUTOS QUÍMICOS FARMACÊUTICOS LTDA.;44.734.671/0001-51;1552229216;23/04/2021;;2021-04-23;;;novo_em_relatorio
MAISOL;LEGRAND PHARMA INDÚSTRIA FARMACÊUTICA LTDA;05.044.984/0001-26;10401237;05/01/2023;;2023-01-05;;;novo_em_relatorio
CLARITIN;BAYER S.A.;18.459.628/0001-15;1137685247;20/08/2024;;2024-08-20;;;novo_em_relatorio
paracetamol+fosfato de codeina;GERMED FARMACEUTICA LTDA;45.992.062/0001-65;1408859246;14/10/2024;;2024-10-14;;;novo_em_relatorio
ALDACTONE;PFIZER BRASIL LTDA;61.072.393/0001-33;322261252;10/03/2025;;2025-03-10;;;novo_em_relatorio
CARVEDILAT;EMS SIGMA PHARMA LTDA;00.923.140/0001-31;4901811223;03/11/2022;;2022-11-03;;;novo_em_relatorio
AROMASIN;PFIZER BRASIL LTDA;61.072.393/0001-33;1272129241;16/09/2024;;2024-09-16;;;novo_em_relatorio
DECA-DURABOLIN;ASPEN PHARMA INDÚSTRIA FARMACÊUTICA LTDA;02.433.631/0001-20;5067589221;19/12/2022;;2022-12-19;;;novo_em_relatorio
Multihance;Bracco Imaging do Brasil Importação e Distribuição de Medicamentos Ltda;10.742.412/0004-01;845730258;27/06/2025;;2025-06-27;;;novo_em_relatorio
cloridrato de ondansetrona;BLAU FARMACÊUTICA S.A.;58.430.828/0001-60;160738245;09/02/2024;;2024-02-09;;;novo_em_relatorio
OLMY ANLO;EMS SIGMA PHARMA LTDA;00.923.140/0001-31;916922251;14/07/2025;;2025-07-14;;;novo_em_relatorio
hemitartarato de zolpidem;GERMED FARMACEUTICA LTDA;45.992.062/0001-65;33378258;09/01/2025;;2025-01-09;;;novo_em_relatorio
oxalato de escitalopram;GERMED FARMACEUTICA LTDA;45.992.062/0001-65;1159176256;29/08/2025;;2025-08-29;;;novo_em_relatorio
ZELIX;ARESE PHARMA LTDA.;07.670.111/0001-54;584844255;30/04/2025;;2025-04-30;;;novo_em_relatorio
TIMOPTOL;MUNDIPHARMA BRASIL PRODUTOS MÉDICOS E FARMACÊUTICOS LTDA;15.127.898/0001-30;789270251;11/06/2025;;2025-06-11;;;novo_em_relatorio
bissulfato de clopidogrel;EMS S/A;57.507.378/0003-65;347428258;14/03/2025;;2025-03-14;;;novo_em_relatorio
LIDIAL;CELLERA FARMACÊUTICA S.A.;33.173.097/0002-74;104306254;24/01/2025;;2025-01-24;;;novo_em_relatorio
DEPO-MEDROL;PFIZER BRASIL LTDA;61.072.393/0001-33;256844259;24/02/2025;;2025-02-24;;;novo_em_relatorio
desogestrel;BRAINFARMA INDÚSTRIA QUÍMICA E FARMACÊUTICA S.A;05.161.069/0001-10;741348233;18/07/2023;;2023-07-18;;;novo_em_relatorio
PRAIVA;EUROFARMA LABORATÓRIOS S.A.;61.190.096/0001-92;213753251;14/02/2025;;2025-02-14;;;novo_em_relatorio
paracetamol;EMS S/A;57.507.378/0003-65;976117258;28/07/2025;;2025-07-28;;;novo_em_relatorio
nistatina;BRAINFARMA INDÚSTRIA QUÍMICA E FARMACÊUTICA S.A;05.161.069/0001-10;412383250;26/03/2025;;2025-03-26;;;novo_em_relatorio
cloridrato de sertralina;ACHÉ LABORATÓRIOS FARMACÊUTICOS S.A;60.659.463/0029-92;1288069243;19/09/2024;;2024-09-19;;;novo_em_relatorio
ácido ursodesoxicólico;BIOLAB SANUS FARMACÊUTICA LTDA;49.475.833/0001-06;652023258;14/05/2025;;2025-05-14;;;novo_em_relatorio
daptomicina;DR. REDDYS FARMACÊUTICA DO BRASIL LTDA;03.978.166/0001-75;1493157215;19/04/2021;;2021-04-19;;;novo_em_relatorio
TOBRALÍRIO;EMS SIGMA PHARMA LTDA;00.923.140/0001-31;909641251;11/07/2025;;2025-07-11;;;novo_em_relatorio
DEXFER;EUROFARMA LABORATÓRIOS S.A.;61.190.096/0001-92;227131258;18/02/2025;;2025-02-18;;;novo_em_relatorio
dipirona monoidratada;GERMED FARMACEUTICA LTDA;45.992.062/0001-65;443603251;01/04/2025;;2025-04-01;;;novo_em_relatorio
PANTOPRAZOL SÓDICO SESQUI-HIDRATADO;GERMED FARMACEUTICA LTDA;45.992.062/0001-65;282826254;27/02/2025;;2025-02-27;;;novo_em_relatorio
INPRUV D;APSEN FARMACEUTICA S/A;62.462.015/0001-29;1423527232;14/12/2023;;2023-12-14;;;novo_em_relatorio
BIALU;LEGRAND PHARMA INDÚSTRIA FARMACÊUTICA LTDA;05.044.984/0001-26;706936217;22/02/2021;;2021-02-22;;;novo_em_relatorio
CORTIGEN;UNIÃO QUÍMICA FARMACÊUTICA NACIONAL S/A;60.665.981/0001-18;921277253;15/07/2025;;2025-07-15;;;novo_em_relatorio
ALCACHOFRA HERBARIUM;HERBARIUM LABORATORIO BOTANICO LTDA;78.950.011/0001-20;215288238;03/03/2023;;2023-03-03;;;novo_em_relatorio
LIPIBLOCK;GERMED FARMACEUTICA LTDA;45.992.062/0001-65;772937257;09/06/2025;;2025-06-09;;;novo_em_relatorio
fosfato sódico de prednisolona;LABORATÓRIO GLOBO SA;17.115.437/0001-73;845820257;27/06/2025;;2025-06-27;;;novo_em_relatorio
NIMESILAM;EMS SIGMA PHARMA LTDA;00.923.140/0001-31;755931254;04/06/2025;;2025-06-04;;;novo_em_relatorio
MIEBRA;GEOLAB INDÚSTRIA FARMACÊUTICA S/A;03.485.572/0001-04;531364259;17/04/2025;;2025-04-17;;;novo_em_relatorio
DALYNE;EMS SIGMA PHARMA LTDA;00.923.140/0001-31;465985254;04/04/2025;;2025-04-04;;;novo_em_relatorio
VFEND;PFIZER BRASIL LTDA;61.072.393/0001-33;1040358250;12/08/2025;;2025-08-12;;;novo_em_relatorio
ROHYPNOL;FARMOQUÍMICA S/A;33.349.473/0001-58;438839251;31/03/2025;;2025-03-31;;;novo_em_relatorio
metronidazol;BEKER PRODUTOS FÁRMACO HOSPITALARES LTDA;47.231.121/0001-08;1664397248;05/12/2024;;2024-12-05;;;novo_em_relatorio
cloridrato de terbinafina;LABORATÓRIO TEUTO BRASILEIRO S/A;17.159.229/0001-76;502220252;11/04/2025;;2025-04-11;;;novo_em_relatorio
Spectrila;Laboratórios Bagó do Brasil S/A;04.748.181/0009-47;1030711259;11/08/2025;;2025-08-11;;;novo_em_relatorio
ORLISTATE;PRATI DONADUZZI & CIA LTDA;73.856.593/0001-66;1435149246;18/10/2024;;2024-10-18;;;novo_em_relatorio
Spikevax;ADIUM S.A.;55.980.684/0001-27;1667283243;05/12/2024;;2024-12-05;;;novo_em_relatorio
DIPRIVAN;ASPEN PHARMA INDÚSTRIA FARMACÊUTICA LTDA;02.433.631/0001-20;798470259;13/06/2025;;2025-06-13;;;novo_em_relatorio
carvedilol;LEGRAND PHARMA INDÚSTRIA FARMACÊUTICA LTDA;05.044.984/0001-26;4901456229;03/11/2022;;2022-11-03;;;novo_em_relatorio
finasterida;LEGRAND PHARMA INDÚSTRIA FARMACÊUTICA LTDA;05.044.984/0001-26;74184253;17/01/2025;;2025-01-17;;;novo_em_relatorio
SIMDAX;BIOLAB SANUS FARMACÊUTICA LTDA;49.475.833/0001-06;705880249;27/05/2024;;2024-05-27;;;novo_em_relatorio
PONSTAN;PFIZER BRASIL LTDA;61.072.393/0001-33;668863242;20/05/2024;;2024-05-20;;;novo_em_relatorio
ALTAD CAPS;EUROFARMA LABORATÓRIOS S.A.;61.190.096/0001-92;1742847242;20/12/2024;;2024-12-20;;;novo_em_relatorio
OHDE CAPS;EUROFARMA LABORATÓRIOS S.A.;61.190.096/0001-92;486570240;17/04/2024;;2024-04-17;;;novo_em_relatorio
orlistate;BRAINFARMA INDÚSTRIA QUÍMICA E FARMACÊUTICA S.A;05.161.069/0001-10;4875093225;27/10/2022;;2022-10-27;;;novo_em_relatorio
telmisartana+hidroclorotiazida;EMS S/A;57.507.378/0003-65;336656254;12/03/2025;;2025-03-12;;;novo_em_relatorio
Latuda®;DAIICHI SANKYO BRASIL FARMACÊUTICA LTDA;60.874.187/0001-84;770608256;09/06/2025;;2025-06-09;;;novo_em_relatorio
IPAGLIN;EMS S/A;57.507.378/0003-65;844339253;27/06/2025;;2025-06-27;;;novo_em_relatorio
paracetamol+fosfato de codeina;LEGRAND PHARMA INDÚSTRIA FARMACÊUTICA LTDA;05.044.984/0001-26;1408974240;14/10/2024;;2024-10-14;;;novo_em_relatorio
AZI;EMS SIGMA PHARMA LTDA;00.923.140/0001-31;1459026241;23/10/2024;;2024-10-23;;;novo_em_relatorio
FIL;ACCORD FARMACÊUTICA LTDA;64.171.697/0001-46;1491292245;30/10/2024;;2024-10-30;;;novo_em_relatorio
Kanjinti;AMGEN BIOTECNOLOGIA DO BRASIL LTDA.;18.774.815/0001-93;305749251;06/03/2025;;2025-03-06;;;novo_em_relatorio
ANLO;EMS SIGMA PHARMA LTDA;00.923.140/0001-31;1438308248;18/10/2024;;2024-10-18;;;novo_em_relatorio
bezafibrato;LEGRAND PHARMA INDÚSTRIA FARMACÊUTICA LTDA;05.044.984/0001-26;4272212222;08/06/2022;;2022-06-08;;;novo_em_relatorio
AMOXICILINA;GERMED FARMACEUTICA LTDA;45.992.062/0001-65;966917251;24/07/2025;;2025-07-24;;;novo_em_relatorio
SIGMA-CLAV BD;EMS SIGMA PHARMA LTDA;00.923.140/0001-31;1016275251;07/08/2025;;2025-08-07;;;novo_em_relatorio
LEUPHILA;LEGRAND PHARMA INDÚSTRIA FARMACÊUTICA LTDA;05.044.984/0001-26;115779256;27/01/2025;;2025-01-27;;;novo_em_relatorio
PROPRANOLOL;EMS SIGMA PHARMA LTDA;00.923.140/0001-31;939139251;21/07/2025;;2025-07-21;;;novo_em_relatorio
bissulfato de clopidogrel;LEGRAND PHARMA INDÚSTRIA FARMACÊUTICA LTDA;05.044.984/0001-26;347517251;14/03/2025;;2025-03-14;;;novo_em_relatorio
MVASI;AMGEN BIOTECNOLOGIA DO BRASIL LTDA.;18.774.815/0001-93;966577256;24/07/2025;;2025-07-24;;;novo_em_relatorio
OFLOXALIS;LEGRAND PHARMA INDÚSTRIA FARMACÊUTICA LTDA;05.044.984/0001-26;1495798211;19/04/2021;;2021-04-19;;;novo_em_relatorio
VORALLIS;LEGRAND PHARMA INDÚSTRIA FARMACÊUTICA LTDA;05.044.984/0001-26;1436949246;18/10/2024;;2024-10-18;;;novo_em_relatorio
INALAJET;LEGRAND PHARMA INDÚSTRIA FARMACÊUTICA LTDA;05.044.984/0001-26;1715481241;16/12/2024;;2024-12-16;;;novo_em_relatorio
OLMETECANLO;PFIZER BRASIL LTDA;61.072.393/0001-33;796892253;13/06/2025;;2025-06-13;;;novo_em_relatorio
POLIMOXIL;LEGRAND PHARMA INDÚSTRIA FARMACÊUTICA LTDA;05.044.984/0001-26;967413257;24/07/2025;;2025-07-24;;;novo_em_relatorio
FORITUS;EUROFARMA LABORATÓRIOS S.A.;61.190.096/0001-92;150250258;03/02/2025;;2025-02-03;;;novo_em_relatorio
cloridrato de propranolol;GERMED FARMACEUTICA LTDA;45.992.062/0001-65;943228255;21/07/2025;;2025-07-21;;;novo_em_relatorio
DEXADOR;ARESE PHARMA LTDA.;07.670.111/0001-54;249061244;29/02/2024;;2024-02-29;;;novo_em_relatorio
TRAZOSTAB;LEGRAND PHARMA INDÚSTRIA FARMACÊUTICA LTDA;05.044.984/0001-26;99708230;01/02/2023;;2023-02-01;;;novo_em_relatorio
cloridrato de diltiazem;LEGRAND PHARMA INDÚSTRIA FARMACÊUTICA LTDA;05.044.984/0001-26;4666763210;26/11/2021;;2021-11-26;;;novo_em_relatorio
succinato de solifenacina;EMS S/A;57.507.378/0003-65;569463254;28/04/2025;;2025-04-28;;;novo_em_relatorio
COMIRNATY BIVALENTE BA.4/BA.5;PFIZER BRASIL LTDA;61.072.393/0001-33;651285241;16/05/2024;;2024-05-16;;;novo_em_relatorio
Hedera Cimed;CIMED INDUSTRIA S.A;02.814.497/0001-07;1637188242;29/11/2024;;2024-11-29;;;novo_em_relatorio
MOTIRIDONA;GERMED FARMACEUTICA LTDA;45.992.062/0001-65;1057381250;13/08/2025;;2025-08-13;;;novo_em_relatorio
ITRASPOR;EMS SIGMA PHARMA LTDA;00.923.140/0001-31;82727252;20/01/2025;;2025-01-20;;;novo_em_relatorio
cloridrato de amiodarona;ZYDUS NIKKHO FARMACÊUTICA LTDA;05.254.971/0001-81;383286255;21/03/2025;;2025-03-21;;;novo_em_relatorio
losartana potássica;CIMED INDUSTRIA S.A;02.814.497/0001-07;1191390225;18/03/2022;;2022-03-18;;;novo_em_relatorio
amoxicilina sódica + clavulanato de potássio;FRESENIUS KABI BRASIL LTDA;49.324.221/0001-04;1527177246;06/11/2024;;2024-11-06;;;novo_em_relatorio
acetilcisteína;GEOLAB INDÚSTRIA FARMACÊUTICA S/A;03.485.572/0001-04;1361935243;03/10/2024;;2024-10-03;;;novo_em_relatorio
DEFITELIO;ADIUM S.A.;55.980.684/0001-27;828075255;24/06/2025;;2025-06-24;;;novo_em_relatorio
prednisolona;PRATI DONADUZZI & CIA LTDA;73.856.593/0001-66;692439251;23/05/2025;;2025-05-23;;;novo_em_relatorio
DICLORIDRATO DE LEVOCETIRIZINA;SUN FARMACÊUTICA DO BRASIL LTDA;05.035.244/0001-23;1316796211;06/04/2021;;2021-04-06;;;novo_em_relatorio
Fitobiloba;GEOLAB INDÚSTRIA FARMACÊUTICA S/A;03.485.572/0001-04;382054198;29/04/2019;;2019-04-29;;;novo_em_relatorio
SPINRAZA;BIOGEN BRASIL PRODUTOS FARMACÊUTICOS LTDA;07.986.222/0001-74;829815252;24/06/2025;;2025-06-24;;;novo_em_relatorio
VALERIMED;CIMED INDUSTRIA S.A;02.814.497/0001-07;7697863219;17/12/2021;;2021-12-17;;;novo_em_relatorio
cetoconazol + dipropionato de betametasona;GEOLAB INDÚSTRIA FARMACÊUTICA S/A;03.485.572/0001-04;474195181;13/06/2018;;2018-06-13;;;novo_em_relatorio
REGRESSA;ACHÉ LABORATÓRIOS FARMACÊUTICOS S.A;60.659.463/0029-92;4061892215;14/10/2021;;2021-10-14;;;novo_em_relatorio
cetoprofeno;EUROFARMA LABORATÓRIOS S.A.;61.190.096/0001-92;796878242;13/06/2024;;2024-06-13;;;novo_em_relatorio
linezolida;ANTIBIÓTICOS DO BRASIL LTDA;05.439.635/0001-03;1001747259;04/08/2025;;2025-08-04;;;novo_em_relatorio
Panzyga;OCTAPHARMA BRASIL LTDA;02.552.927/0001-60;926297252;16/07/2025;;2025-07-16;;;novo_em_relatorio
ELIDEL;VIATRIS FARMACEUTICA DO BRASIL LTDA;11.643.096/0001-22;921020252;15/07/2025;;2025-07-15;;;novo_em_relatorio
espironolactona;GEOLAB INDÚSTRIA FARMACÊUTICA S/A;03.485.572/0001-04;769390251;06/06/2025;;2025-06-06;;;novo_em_relatorio
POLIXIL B;VIATRIS FARMACEUTICA DO BRASIL LTDA;11.643.096/0001-22;1076434240;07/08/2024;;2024-08-07;;;novo_em_relatorio
INDATRAT SR;LEGRAND PHARMA INDÚSTRIA FARMACÊUTICA LTDA;05.044.984/0001-26;465921248;12/04/2024;;2024-04-12;;;novo_em_relatorio
VELAMOX;EMS SIGMA PHARMA LTDA;00.923.140/0001-31;966982258;24/07/2025;;2025-07-24;;;novo_em_relatorio
LUTICS;ACHÉ LABORATÓRIOS FARMACÊUTICOS S.A;60.659.463/0029-92;2067426211;28/05/2021;;2021-05-28;;;novo_em_relatorio
Archeus;LOTUSFARMA PRODUTOS FARMACÊUTICOS LTDA;00.974.578/0001-49;329289194;28/04/2023;;2023-04-28;;;novo_em_relatorio
GINKOMED;CIMED INDUSTRIA S.A;02.814.497/0001-07;901043257;09/07/2025;;2025-07-09;;;novo_em_relatorio
sinvastatina;GEOLAB INDÚSTRIA FARMACÊUTICA S/A;03.485.572/0001-04;554132257;24/04/2025;;2025-04-24;;;novo_em_relatorio
ACNOVA;GERMED FARMACEUTICA LTDA;45.992.062/0001-65;357661249;22/03/2024;;2024-03-22;;;novo_em_relatorio
INFLUVAC TETRA;ABBOTT LABORATÓRIOS DO BRASIL LTDA;56.998.701/0001-16;155890255;04/02/2025;;2025-02-04;;;novo_em_relatorio
RIXIMYO;SANDOZ DO BRASIL INDÚSTRIA FARMACÊUTICA LTDA;61.286.647/0001-16;1021258253;08/08/2025;;2025-08-08;;;novo_em_relatorio
BUPIUM XL;EMS SIGMA PHARMA LTDA;00.923.140/0001-31;1487333242;29/10/2024;;2024-10-29;;;novo_em_relatorio
SINUSTRAT VASOCONSTRICTOR;BIOLAB SANUS FARMACÊUTICA LTDA;49.475.833/0001-06;82071250;20/01/2025;;2025-01-20;;;novo_em_relatorio
KYTRIL;Laboratórios Bagó do Brasil S/A;04.748.181/0009-47;393925242;28/03/2024;;2024-03-28;;;novo_em_relatorio
pantoprazol;PRATI DONADUZZI & CIA LTDA;73.856.593/0001-66;4486292227;01/08/2022;;2022-08-01;;;novo_em_relatorio
clonazepam;LEGRAND PHARMA INDÚSTRIA FARMACÊUTICA LTDA;05.044.984/0001-26;1069751251;14/08/2025;;2025-08-14;;;novo_em_relatorio
OCUBIN;EMS SIGMA PHARMA LTDA;00.923.140/0001-31;3843364214;29/09/2021;;2021-09-29;;;novo_em_relatorio
maleato de timolol;LEGRAND PHARMA INDÚSTRIA FARMACÊUTICA LTDA;05.044.984/0001-26;1086127251;15/08/2025;;2025-08-15;;;novo_em_relatorio
latanoprosta + maleato de timolol;LEGRAND PHARMA INDÚSTRIA FARMACÊUTICA LTDA;05.044.984/0001-26;1359556231;01/12/2023;;2023-12-01;;;novo_em_relatorio
DESVE;EUROFARMA LABORATÓRIOS S.A.;61.190.096/0001-92;1235337243;09/09/2024;;2024-09-09;;;novo_em_relatorio
ZOBILAR;GEOLAB INDÚSTRIA FARMACÊUTICA S/A;03.485.572/0001-04;1010324250;06/08/2025;;2025-08-06;;;novo_em_relatorio
ZITROMAX;PFIZER BRASIL LTDA;61.072.393/0001-33;853376247;24/06/2024;;2024-06-24;;;novo_em_relatorio
levofloxacino hemiidratado;EUROFARMA LABORATÓRIOS S.A.;61.190.096/0001-92;334793254;12/03/2025;;2025-03-12;;;novo_em_relatorio
cloridrato de metilfenidato;EMS S/A;57.507.378/0003-65;905917251;10/07/2025;;2025-07-10;;;novo_em_relatorio
Entresto;NOVARTIS BIOCIENCIAS S.A;56.994.502/0001-30;779573251;10/06/2025;;2025-06-10;;;novo_em_relatorio
oxalato de escitalopram;LEGRAND PHARMA INDÚSTRIA FARMACÊUTICA LTDA;05.044.984/0001-26;1041952252;12/08/2025;;2025-08-12;;;novo_em_relatorio
VEAC;EUROFARMA LABORATÓRIOS S.A.;61.190.096/0001-92;1179769252;04/09/2025;;2025-09-04;;;novo_em_relatorio
Enbrel;LABORATÓRIOS PFIZER LTDA;46.070.868/0036-99;571401244;30/04/2024;;2024-04-30;;;novo_em_relatorio
cloridrato de dorzolamida+maleato de timolol;GERMED FARMACEUTICA LTDA;45.992.062/0001-65;1188254251;08/09/2025;;2025-09-08;;;novo_em_relatorio
furosemida;GEOLAB INDÚSTRIA FARMACÊUTICA S/A;03.485.572/0001-04;1669108244;06/12/2024;;2024-12-06;;;novo_em_relatorio
FLENUS;ARESE PHARMA LTDA.;07.670.111/0001-54;248486241;29/02/2024;;2024-02-29;;;novo_em_relatorio
bezafibrato;GERMED FARMACEUTICA LTDA;45.992.062/0001-65;705504247;27/05/2024;;2024-05-27;;;novo_em_relatorio
bissulfato de clopidogrel;NOVARTIS BIOCIENCIAS S.A;56.994.502/0001-30;360757251;18/03/2025;;2025-03-18;;;novo_em_relatorio
INFLALID;LEGRAND PHARMA INDÚSTRIA FARMACÊUTICA LTDA;05.044.984/0001-26;4393465229;07/07/2022;;2022-07-07;;;novo_em_relatorio
FAULDLEUCO;LIBBS FARMACÊUTICA LTDA;61.230.314/0001-75;895562243;01/07/2024;;2024-07-01;;;novo_em_relatorio
VORI INJ;CRISTÁLIA PRODUTOS QUÍMICOS FARMACÊUTICOS LTDA.;44.734.671/0001-51;1179571258;04/09/2025;;2025-09-04;;;novo_em_relatorio
LIBERFEM;ADIUM S.A.;55.980.684/0001-27;1542750245;08/11/2024;;2024-11-08;;;novo_em_relatorio
DIOEH;BIOLAB SANUS FARMACÊUTICA LTDA;49.475.833/0001-06;1021424251;08/08/2025;;2025-08-08;;;novo_em_relatorio
TAFINLAR;NOVARTIS BIOCIENCIAS S.A;56.994.502/0001-30;1149454253;27/08/2025;;2025-08-27;;;novo_em_relatorio
TELMISART;EMS S/A;57.507.378/0003-65;383201233;17/04/2023;;2023-04-17;;;novo_em_relatorio
tibolona;GERMED FARMACEUTICA LTDA;45.992.062/0001-65;1744408246;20/12/2024;;2024-12-20;;;novo_em_relatorio
belarina;GRÜNENTHAL DO BRASIL FARMACÊUTICA LTDA.;10.555.143/0001-13;803956258;16/06/2025;;2025-06-16;;;novo_em_relatorio
Acetato de clormadinona + etinilestradiol;ADIUM S.A.;55.980.684/0001-27;1542770246;08/11/2024;;2024-11-08;;;novo_em_relatorio
DBRIZ UNO;SUPERA FARMA LABORATÓRIOS S.A;43.312.503/0001-05;737295252;30/05/2025;;2025-05-30;;;novo_em_relatorio
glibenclamida;LEGRAND PHARMA INDÚSTRIA FARMACÊUTICA LTDA;05.044.984/0001-26;289560250;28/02/2025;;2025-02-28;;;novo_em_relatorio
CABERGOLINA;LEGRAND PHARMA INDÚSTRIA FARMACÊUTICA LTDA;05.044.984/0001-26;1700985248;12/12/2024;;2024-12-12;;;novo_em_relatorio
cloridrato de hidroxizina;LEGRAND PHARMA INDÚSTRIA FARMACÊUTICA LTDA;05.044.984/0001-26;59250259;15/01/2025;;2025-01-15;;;novo_em_relatorio
TEPEV;EMS S/A;57.507.378/0003-65;1187601250;08/09/2025;;2025-09-08;;;novo_em_relatorio
HIPOXOMIL HCT;MULTILAB INDUSTRIA E COMERCIO DE PRODUTOS FARMACEUTICOS LTDA;92.265.552/0009-05;919509258;15/07/2025;;2025-07-15;;;novo_em_relatorio
PROVERA;PFIZER BRASIL LTDA;61.072.393/0001-33;1355580242;02/10/2024;;2024-10-02;;;novo_em_relatorio
BROMAZEPAM;GERMED FARMACEUTICA LTDA;45.992.062/0001-65;1192909241;29/08/2024;;2024-08-29;;;novo_em_relatorio
acetato de dexametasona;LABORATÓRIO GLOBO SA;17.115.437/0001-73;811802256;18/06/2025;;2025-06-18;;;novo_em_relatorio
AMOXICILINA;GERMED FARMACEUTICA LTDA;45.992.062/0001-65;977899250;28/07/2025;;2025-07-28;;;novo_em_relatorio
JOFIX;ARESE PHARMA LTDA.;07.670.111/0001-54;1638514241;29/11/2024;;2024-11-29;;;novo_em_relatorio
TRISENOX;TEVA FARMACÊUTICA LTDA.;05.333.542/0001-08;482546239;12/05/2023;;2023-05-12;;;novo_em_relatorio
MAMADES;EUROFARMA LABORATÓRIOS S.A.;61.190.096/0001-92;1129371255;21/08/2025;;2025-08-21;;;novo_em_relatorio
cloridrato de sibutramina monoidratado;EUROFARMA LABORATÓRIOS S.A.;61.190.096/0001-92;1007329254;05/08/2025;;2025-08-05;;;novo_em_relatorio
montelucaste de sódio;EUROFARMA LABORATÓRIOS S.A.;61.190.096/0001-92;1501670247;31/10/2024;;2024-10-31;;;novo_em_relatorio
LAMOTRIGINA;UNICHEM FARMACÊUTICA DO BRASIL LTDA;05.399.786/0001-85;1128386259;21/08/2025;;2025-08-21;;;novo_em_relatorio
XULTOPHY;NOVO NORDISK FARMACÊUTICA DO BRASIL LTDA;82.277.955/0001-55;875472257;03/07/2025;;2025-07-03;;;novo_em_relatorio
celecoxibe;EUROFARMA LABORATÓRIOS S.A.;61.190.096/0001-92;663052238;28/06/2023;;2023-06-28;;;novo_em_relatorio
olmesartana medoxomila;Althaia S.A Indústria Farmacêutica;48.344.725/0007-19;676242251;20/05/2025;;2025-05-20;;;novo_em_relatorio
ISOTRETINOÍNA;RANBAXY FARMACÊUTICA LTDA;73.663.650/0001-90;751394254;03/06/2025;;2025-06-03;;;novo_em_relatorio
MENJUGATE;GLAXOSMITHKLINE BRASIL LTDA;33.247.743/0001-10;1196999252;09/09/2025;;2025-09-09;;;novo_em_relatorio
besilato de levanlodipino;BIOLAB SANUS FARMACÊUTICA LTDA;49.475.833/0001-06;1185421246;28/08/2024;;2024-08-28;;;novo_em_relatorio
CAPTOPRIL;LABORATÓRIO GLOBO SA;17.115.437/0001-73;697619249;24/05/2024;;2024-05-24;;;novo_em_relatorio
NIMEGON;MERCK SHARP & DOHME FARMACEUTICA LTDA.;03.560.974/0001-18;1571889248;14/11/2024;;2024-11-14;;;novo_em_relatorio
REMIFAS;CRISTÁLIA PRODUTOS QUÍMICOS FARMACÊUTICOS LTDA.;44.734.671/0001-51;1255632232;14/11/2023;;2023-11-14;;;novo_em_relatorio
decitabina;ACCORD FARMACÊUTICA LTDA;64.171.697/0001-46;649822234;26/06/2023;;2023-06-26;;;novo_em_relatorio
EXTODIN;UNIÃO QUÍMICA FARMACÊUTICA NACIONAL S/A;60.665.981/0001-18;1403512248;11/10/2024;;2024-10-11;;;novo_em_relatorio
metotrexato;BLAU FARMACÊUTICA S.A.;58.430.828/0001-60;583870252;30/04/2025;;2025-04-30;;;novo_em_relatorio
MUSCULARE;EUROFARMA LABORATÓRIOS S.A.;61.190.096/0001-92;350158258;14/03/2025;;2025-03-14;;;novo_em_relatorio
ALBENTEL;LABORATÓRIO TEUTO BRASILEIRO S/A;17.159.229/0001-76;224264249;26/02/2024;;2024-02-26;;;novo_em_relatorio
hiclato de doxiciclina;PHARLAB INDÚSTRIA FARMACÊUTICA S.A.;02.501.297/0001-02;863586252;01/07/2025;;2025-07-01;;;novo_em_relatorio
ALEVO;SUPERA FARMA LABORATÓRIOS S.A;43.312.503/0001-05;806414251;17/06/2025;;2025-06-17;;;novo_em_relatorio
LEXIN;LABORATÓRIO TEUTO BRASILEIRO S/A;17.159.229/0001-76;1224435249;05/09/2024;;2024-09-05;;;novo_em_relatorio
BISSULFATO DE CLOPIDOGREL;EUROFARMA LABORATÓRIOS S.A.;61.190.096/0001-92;175387257;07/02/2025;;2025-02-07;;;novo_em_relatorio
cloridrato de vancomicina;ANTIBIÓTICOS DO BRASIL LTDA;05.439.635/0001-03;1358221216;09/04/2021;;2021-04-09;;;novo_em_relatorio
Bacteracin;LABORATÓRIO TEUTO BRASILEIRO S/A;17.159.229/0001-76;1309095248;24/09/2024;;2024-09-24;;;novo_em_relatorio
bromoprida;LABORATÓRIO TEUTO BRASILEIRO S/A;17.159.229/0001-76;1399684248;11/10/2024;;2024-10-11;;;novo_em_relatorio
maleato de dexclorfeniramina + betametasona;CIFARMA CIENTÍFICA FARMACÊUTICA LTDA;17.562.075/0001-69;661780252;16/05/2025;;2025-05-16;;;novo_em_relatorio
albendazol;SANOFI MEDLEY FARMACÊUTICA LTDA.;10.588.595/0010-92;1693214245;11/12/2024;;2024-12-11;;;novo_em_relatorio
lansoprazol;EMS S/A;57.507.378/0003-65;1120479240;15/08/2024;;2024-08-15;;;novo_em_relatorio
RESFEGRIPE SINUS;MULTILAB INDUSTRIA E COMERCIO DE PRODUTOS FARMACEUTICOS LTDA;92.265.552/0009-05;983653241;18/07/2024;;2024-07-18;;;novo_em_relatorio
PÉROLA;ORGANON FARMACÊUTICA LTDA.;45.987.013/0001-34;844902250;27/06/2025;;2025-06-27;;;novo_em_relatorio
citrato de sildenafila;EUROFARMA LABORATÓRIOS S.A.;61.190.096/0001-92;1168875251;02/09/2025;;2025-09-02;;;novo_em_relatorio
ATEROMA;SUPERA FARMA LABORATÓRIOS S.A;43.312.503/0001-05;896577252;08/07/2025;;2025-07-08;;;novo_em_relatorio
ibandronato de sódio;Althaia S.A Indústria Farmacêutica;48.344.725/0007-19;321074254;10/03/2025;;2025-03-10;;;novo_em_relatorio
Fumarato de Cetotifeno;ACHÉ LABORATÓRIOS FARMACÊUTICOS S.A;60.659.463/0029-92;1733620249;19/12/2024;;2024-12-19;;;novo_em_relatorio
DOMPLIV;EMS S/A;57.507.378/0003-65;1072508257;14/08/2025;;2025-08-14;;;novo_em_relatorio
cloridrato de paroxetina;PHARLAB INDÚSTRIA FARMACÊUTICA S.A.;02.501.297/0001-02;844854255;27/06/2025;;2025-06-27;;;novo_em_relatorio
DEBET;SUPERA FARMA LABORATÓRIOS S.A;43.312.503/0001-05;709476256;26/05/2025;;2025-05-26;;;novo_em_relatorio
DIPROSPAN;COSMED INDUSTRIA DE COSMETICOS E MEDICAMENTOS S.A.;61.082.426/0002-07;872680240;26/06/2024;;2024-06-26;;;novo_em_relatorio
VAZIDIN;PHARLAB INDÚSTRIA FARMACÊUTICA S.A.;02.501.297/0001-02;32867255;09/01/2025;;2025-01-09;;;novo_em_relatorio
cloridrato de memantina;EUROFARMA LABORATÓRIOS S.A.;61.190.096/0001-92;4942575222;16/11/2022;;2022-11-16;;;novo_em_relatorio
BECLONATO;BRAINFARMA INDÚSTRIA QUÍMICA E FARMACÊUTICA S.A;05.161.069/0001-10;806609257;17/06/2025;;2025-06-17;;;novo_em_relatorio
FENITOÍNA;HIPOLABOR FARMACEUTICA LTDA;19.570.720/0001-10;1624644244;27/11/2024;;2024-11-27;;;novo_em_relatorio
Clindamin-C;LABORATÓRIO TEUTO BRASILEIRO S/A;17.159.229/0001-76;510734251;14/04/2025;;2025-04-14;;;novo_em_relatorio
montelucaste de sódio;EUROFARMA LABORATÓRIOS S.A.;61.190.096/0001-92;4732869220;23/09/2022;;2022-09-23;;;novo_em_relatorio
NIMESULIDA;CIMED INDUSTRIA S.A;02.814.497/0001-07;964657252;24/07/2025;;2025-07-24;;;novo_em_relatorio
TEMOZOD;SUN FARMACÊUTICA DO BRASIL LTDA;05.035.244/0001-23;579185231;06/06/2023;;2023-06-06;;;novo_em_relatorio
cloridrato de ondansetrona;BIOLAB SANUS FARMACÊUTICA LTDA;49.475.833/0001-06;1397608242;10/10/2024;;2024-10-10;;;novo_em_relatorio
FINARID;LABORATÓRIO TEUTO BRASILEIRO S/A;17.159.229/0001-76;943258;02/01/2025;;2025-01-02;;;novo_em_relatorio
DIVALCON;ABBOTT LABORATÓRIOS DO BRASIL LTDA;56.998.701/0001-16;1723178241;17/12/2024;;2024-12-17;;;novo_em_relatorio
atenolol;BRAINFARMA INDÚSTRIA QUÍMICA E FARMACÊUTICA S.A;05.161.069/0001-10;833713256;25/06/2025;;2025-06-25;;;novo_em_relatorio
OLMESARTANA MEDOXOMILA + HIDROCLOROTIAZIDA;EUROFARMA LABORATÓRIOS S.A.;61.190.096/0001-92;910601259;11/07/2025;;2025-07-11;;;novo_em_relatorio
METRONIDAZOL + NISTATINA;LABORATÓRIO TEUTO BRASILEIRO S/A;17.159.229/0001-76;552374253;24/04/2025;;2025-04-24;;;novo_em_relatorio
norfloxacino;EMS S/A;57.507.378/0003-65;611835258;06/05/2025;;2025-05-06;;;novo_em_relatorio
Tenoftal;LABORATÓRIO TEUTO BRASILEIRO S/A;17.159.229/0001-76;1189835258;08/09/2025;;2025-09-08;;;novo_em_relatorio
CITRATO DE TAMOXIFENO;EMS S/A;57.507.378/0003-65;1292986247;19/09/2024;;2024-09-19;;;novo_em_relatorio
DEX-70-TEC;COMISSAO NACIONAL DE ENERGIA NUCLEAR;00.402.552/0001-26;1252762232;13/11/2023;;2023-11-13;;;novo_em_relatorio
cloridrato de fluoxetina;PHARMASCIENCE INDUSTRIA FARMACEUTICA S.A;25.773.037/0001-83;926002244;08/07/2024;;2024-07-08;;;novo_em_relatorio
diclofenaco sodico;EMS S/A;57.507.378/0003-65;578355256;29/04/2025;;2025-04-29;;;novo_em_relatorio
CELESTONE SOLUSPAN;COSMED INDUSTRIA DE COSMETICOS E MEDICAMENTOS S.A.;61.082.426/0002-07;1157135251;29/08/2025;;2025-08-29;;;novo_em_relatorio
domperidona;CIMED INDUSTRIA S.A;02.814.497/0001-07;1137580259;25/08/2025;;2025-08-25;;;novo_em_relatorio
VAGIFEM;Besins Healthcare Brasil Comercial e Distribuidora de Medicamentos Ltda;11.082.598/0003-93;1183240252;05/09/2025;;2025-09-05;;;novo_em_relatorio
SANTIPLEX B;SANTISA LABORATÓRIO FARMACÊUTICO S/A;04.099.395/0001-82;1159265259;29/08/2025;;2025-08-29;;;novo_em_relatorio
CLILON;ACHÉ LABORATÓRIOS FARMACÊUTICOS S.A;60.659.463/0029-92;4656188221;06/09/2022;;2022-09-06;;;novo_em_relatorio
ECD-TEC;COMISSAO NACIONAL DE ENERGIA NUCLEAR;00.402.552/0001-26;1253035237;13/11/2023;;2023-11-13;;;novo_em_relatorio
LESTER;SUPERA FARMA LABORATÓRIOS S.A;43.312.503/0001-05;335670253;12/03/2025;;2025-03-12;;;novo_em_relatorio
aciclovir;BRAINFARMA INDÚSTRIA QUÍMICA E FARMACÊUTICA S.A;05.161.069/0001-10;141127236;10/02/2023;;2023-02-10;;;novo_em_relatorio
Ezetimiba + Sinvastatina;BIOLAB SANUS FARMACÊUTICA LTDA;49.475.833/0001-06;1056694238;04/10/2023;;2023-10-04;;;novo_em_relatorio
ENBREL PFS;LABORATÓRIOS PFIZER LTDA;46.070.868/0036-99;492083240;18/04/2024;;2024-04-18;;;novo_em_relatorio
Brenzys;Samsung Bioepis br Pharmaceutical ltda.;24.563.776/0001-88;307963250;06/03/2025;;2025-03-06;;;novo_em_relatorio
valerato de betametasona + sulfato de getamicina + tolnaftato + clioquinol;EMS S/A;57.507.378/0003-65;361387253;18/03/2025;;2025-03-18;;;novo_em_relatorio
SUCCINATO DE DESVENLAFAXINA;GERMED FARMACEUTICA LTDA;45.992.062/0001-65;1203895241;02/09/2024;;2024-09-02;;;novo_em_relatorio
LITANE;MYRALIS INDÚSTRIA FARMACÊUTICA LTDA;17.440.261/0001-25;552800236;31/05/2023;;2023-05-31;;;novo_em_relatorio
levofloxacino;PRATI DONADUZZI & CIA LTDA;73.856.593/0001-66;808119257;17/06/2025;;2025-06-17;;;novo_em_relatorio
pregabalina;EUROFARMA LABORATÓRIOS S.A.;61.190.096/0001-92;327116242;15/03/2024;;2024-03-15;;;novo_em_relatorio
DIVENA;ACHÉ LABORATÓRIOS FARMACÊUTICOS S.A;60.659.463/0029-92;974918253;28/07/2025;;2025-07-28;;;novo_em_relatorio
Tagrisso;ASTRAZENECA DO BRASIL LTDA;60.318.797/0001-00;1021441252;08/08/2025;;2025-08-08;;;novo_em_relatorio
IMENSE;EMS S/A;57.507.378/0003-65;1203825242;02/09/2024;;2024-09-02;;;novo_em_relatorio
maleato de enalapril;BRAINFARMA INDÚSTRIA QUÍMICA E FARMACÊUTICA S.A;05.161.069/0001-10;4848113229;20/10/2022;;2022-10-20;;;novo_em_relatorio
MOLIDON;EMS SIGMA PHARMA LTDA;00.923.140/0001-31;1057269255;13/08/2025;;2025-08-13;;;novo_em_relatorio
riluzol;LABORATÓRIO FARMACÊUTICO DA MARINHA;00.394.502/0071-57;688864252;22/05/2025;;2025-05-22;;;novo_em_relatorio
AZITROGRAN;LEGRAND PHARMA INDÚSTRIA FARMACÊUTICA LTDA;05.044.984/0001-26;1459103246;23/10/2024;;2024-10-23;;;novo_em_relatorio
AZI;EMS SIGMA PHARMA LTDA;00.923.140/0001-31;4422037226;13/07/2022;;2022-07-13;;;novo_em_relatorio
paracetamol + cloridrato de pseudoefedrina;GERMED FARMACEUTICA LTDA;45.992.062/0001-65;983451249;18/07/2024;;2024-07-18;;;novo_em_relatorio
MESILATO DE IMATINIBE;GERMED FARMACEUTICA LTDA;45.992.062/0001-65;115304258;27/01/2025;;2025-01-27;;;novo_em_relatorio
TIBOCLIN;EMS S/A;57.507.378/0003-65;353830259;17/03/2025;;2025-03-17;;;novo_em_relatorio
drospirenona + etinilestradiol;LEGRAND PHARMA INDÚSTRIA FARMACÊUTICA LTDA;05.044.984/0001-26;927286238;31/08/2023;;2023-08-31;;;novo_em_relatorio
NEVRIX;ARESE PHARMA LTDA.;07.670.111/0001-54;727356241;30/05/2024;;2024-05-30;;;novo_em_relatorio
glibenclamida;CIMED INDUSTRIA S.A;02.814.497/0001-07;247731251;21/02/2025;;2025-02-21;;;novo_em_relatorio
DEPO-PROVERA;PFIZER BRASIL LTDA;61.072.393/0001-33;742561259;02/06/2025;;2025-06-02;;;novo_em_relatorio
AZINOSTIL;EMS S/A;57.507.378/0003-65;1201559243;02/09/2024;;2024-09-02;;;novo_em_relatorio
PASALIX PI;MARJAN INDÚSTRIA E COMÉRCIO LTDA;60.726.692/0001-81;523316259;16/04/2025;;2025-04-16;;;novo_em_relatorio
DELAGRAN;LEGRAND PHARMA INDÚSTRIA FARMACÊUTICA LTDA;05.044.984/0001-26;1206658240;02/09/2024;;2024-09-02;;;novo_em_relatorio
POSICOR SIN;BIOLAB SANUS FARMACÊUTICA LTDA;49.475.833/0001-06;1057167231;04/10/2023;;2023-10-04;;;novo_em_relatorio
esomeprazol magnésico tri-hidratado;GERMED FARMACEUTICA LTDA;45.992.062/0001-65;645181251;13/05/2025;;2025-05-13;;;novo_em_relatorio
TUA D3;LABORATÓRIO TEUTO BRASILEIRO S/A;17.159.229/0001-76;1644233240;02/12/2024;;2024-12-02;;;novo_em_relatorio
NENFY;LABORATÓRIO TEUTO BRASILEIRO S/A;17.159.229/0001-76;1434371247;18/10/2024;;2024-10-18;;;novo_em_relatorio
carvedilol;GERMED FARMACEUTICA LTDA;45.992.062/0001-65;466276257;04/04/2025;;2025-04-04;;;novo_em_relatorio
renflexis;Samsung Bioepis br Pharmaceutical ltda.;24.563.776/0001-88;1212449240;03/09/2024;;2024-09-03;;;novo_em_relatorio
cloridrato de ciprofloxacino monoidratado + dexametasona;EMS S/A;57.507.378/0003-65;874641250;03/07/2025;;2025-07-03;;;novo_em_relatorio
FELISSA;SUN FARMACÊUTICA DO BRASIL LTDA;05.035.244/0001-23;115543191;07/02/2019;;2019-02-07;;;novo_em_relatorio
valerato de betametasona + sulfato de gentamicina + tolnaftato + clioquinol;GEOLAB INDÚSTRIA FARMACÊUTICA S/A;03.485.572/0001-04;806987185;15/08/2018;;2018-08-15;;;novo_em_relatorio
ciprofloxacino;HALEX ISTAR INDÚSTRIA FARMACÊUTICA SA;01.571.702/0001-98;592722236;12/06/2023;;2023-06-12;;;novo_em_relatorio
VELAMOX BD;EMS SIGMA PHARMA LTDA;00.923.140/0001-31;174488254;07/02/2025;;2025-02-07;;;novo_em_relatorio
SUCCINATO DE DESVENLAFAXINA;LEGRAND PHARMA INDÚSTRIA FARMACÊUTICA LTDA;05.044.984/0001-26;1206790245;02/09/2024;;2024-09-02;;;novo_em_relatorio
AZI;EMS SIGMA PHARMA LTDA;00.923.140/0001-31;1203190247;02/09/2024;;2024-09-02;;;novo_em_relatorio
CLORIDRATO DE PAROXETINA;LABORATÓRIO TEUTO BRASILEIRO S/A;17.159.229/0001-76;566191253;28/04/2025;;2025-04-28;;;novo_em_relatorio
valerato de betametasona + sulfato de gentamicina + tolnaftato + clioquinol;GEOLAB INDÚSTRIA FARMACÊUTICA S/A;03.485.572/0001-04;806747183;15/08/2018;;2018-08-15;;;novo_em_relatorio
ROVICID;LEGRAND PHARMA INDÚSTRIA FARMACÊUTICA LTDA;05.044.984/0001-26;4215333229;26/05/2022;;2022-05-26;;;novo_em_relatorio
BRASART BCC;EMS SIGMA PHARMA LTDA;00.923.140/0001-31;657819255;15/05/2025;;2025-05-15;;;novo_em_relatorio
ANTIBREX;GERMED FARMACEUTICA LTDA;45.992.062/0001-65;906862256;10/07/2025;;2025-07-10;;;novo_em_relatorio
travoprosta;GERMED FARMACEUTICA LTDA;45.992.062/0001-65;4894438224;01/11/2022;;2022-11-01;;;novo_em_relatorio
TRAVAMED;GERMED FARMACEUTICA LTDA;45.992.062/0001-65;1022491253;08/08/2025;;2025-08-08;;;novo_em_relatorio
ARIXTRA;ASPEN PHARMA INDÚSTRIA FARMACÊUTICA LTDA;02.433.631/0001-20;1597865216;26/04/2021;;2021-04-26;;;novo_em_relatorio
VALSACOR DUO;LEGRAND PHARMA INDÚSTRIA FARMACÊUTICA LTDA;05.044.984/0001-26;1525149245;05/11/2024;;2024-11-05;;;novo_em_relatorio
levofloxacino hemiidratado;GEOLAB INDÚSTRIA FARMACÊUTICA S/A;03.485.572/0001-04;1159323259;29/08/2025;;2025-08-29;;;novo_em_relatorio
maleato de timolol;GERMED FARMACEUTICA LTDA;45.992.062/0001-65;1086238257;15/08/2025;;2025-08-15;;;novo_em_relatorio
NEO MISTATIN;BRAINFARMA INDÚSTRIA QUÍMICA E FARMACÊUTICA S.A;05.161.069/0001-10;402942256;25/03/2025;;2025-03-25;;;novo_em_relatorio
CLORIDRATO DE ONDANSENTRONA;UNIÃO QUÍMICA FARMACÊUTICA NACIONAL S/A;60.665.981/0001-18;511024240;22/04/2024;;2024-04-22;;;novo_em_relatorio
LEXMA;LABORATÓRIO TEUTO BRASILEIRO S/A;17.159.229/0001-76;1367070244;04/10/2024;;2024-10-04;;;novo_em_relatorio
ESCENA;CRISTÁLIA PRODUTOS QUÍMICOS FARMACÊUTICOS LTDA.;44.734.671/0001-51;662044258;16/05/2025;;2025-05-16;;;novo_em_relatorio
Resplix;MEDQUIMICA INDUSTRIA FARMACEUTICA LTDA.;17.875.154/0001-20;834635232;09/08/2023;;2023-08-09;;;novo_em_relatorio
sinvastatina;NOVARTIS BIOCIENCIAS S.A;56.994.502/0001-30;304888257;06/03/2025;;2025-03-06;;;novo_em_relatorio
cloridrato de tansulosina;ZYDUS NIKKHO FARMACÊUTICA LTDA;05.254.971/0001-81;325982252;11/03/2025;;2025-03-11;;;novo_em_relatorio
PROTANOL;LABORATÓRIO TEUTO BRASILEIRO S/A;17.159.229/0001-76;7248823210;16/12/2021;;2021-12-16;;;novo_em_relatorio
indapamida;EMS S/A;57.507.378/0003-65;553121251;24/04/2025;;2025-04-24;;;novo_em_relatorio
INSERIS XR;APSEN FARMACEUTICA S/A;62.462.015/0001-29;1686216246;10/12/2024;;2024-12-10;;;novo_em_relatorio
PRESSOTEC;LABORATÓRIO TEUTO BRASILEIRO S/A;17.159.229/0001-76;1374999245;07/10/2024;;2024-10-07;;;novo_em_relatorio
FILINAR;EUROFARMA LABORATÓRIOS S.A.;61.190.096/0001-92;781769256;10/06/2025;;2025-06-10;;;novo_em_relatorio
GLYA;CRISTÁLIA PRODUTOS QUÍMICOS FARMACÊUTICOS LTDA.;44.734.671/0001-51;798786256;13/06/2025;;2025-06-13;;;novo_em_relatorio
CETILPLEX;BRAINFARMA INDÚSTRIA QUÍMICA E FARMACÊUTICA S.A;05.161.069/0001-10;2132597227;11/04/2022;;2022-04-11;;;novo_em_relatorio
REPOPIL 35;LEGRAND PHARMA INDÚSTRIA FARMACÊUTICA LTDA;05.044.984/0001-26;155857223;12/01/2022;;2022-01-12;;;novo_em_relatorio
TENLOPIN;LABORATÓRIO TEUTO BRASILEIRO S/A;17.159.229/0001-76;669212237;29/06/2023;;2023-06-29;;;novo_em_relatorio
ALEVO;SUPERA FARMA LABORATÓRIOS S.A;43.312.503/0001-05;496994255;10/04/2025;;2025-04-10;;;novo_em_relatorio
Bexsero;GLAXOSMITHKLINE BRASIL LTDA;33.247.743/0001-10;1282065246;18/09/2024;;2024-09-18;;;novo_em_relatorio
citrato de sildenafila;FUNDAÇÃO PARA O REMÉDIO POPULAR - FURP;43.640.754/0001-19;2010132175;23/09/2017;;2017-09-23;;;novo_em_relatorio
BRONCOMUCOL;CIFARMA CIENTÍFICA FARMACÊUTICA LTDA;17.562.075/0001-69;708318258;26/05/2025;;2025-05-26;;;novo_em_relatorio
NEXPRAZIN;LEGRAND PHARMA INDÚSTRIA FARMACÊUTICA LTDA;05.044.984/0001-26;643745254;13/05/2025;;2025-05-13;;;novo_em_relatorio
LEMOL;ZYDUS NIKKHO FARMACÊUTICA LTDA;05.254.971/0001-81;1516818212;20/04/2021;;2021-04-20;;;novo_em_relatorio
Tecentriq;PRODUTOS ROCHE QUÍMICOS E FARMACÊUTICOS S.A.;33.009.945/0001-23;1091041253;15/08/2025;;2025-08-15;;;novo_em_relatorio
ALBENDAZOL;CIMED INDUSTRIA S.A;02.814.497/0001-07;535574240;23/04/2024;;2024-04-23;;;novo_em_relatorio
CLORIDRATO DE VENLAFAXINA;EUROFARMA LABORATÓRIOS S.A.;61.190.096/0001-92;1389167241;09/10/2024;;2024-10-09;;;novo_em_relatorio
GERADOR-IPEN-TEC;COMISSAO NACIONAL DE ENERGIA NUCLEAR;00.402.552/0001-26;1040843239;29/09/2023;;2023-09-29;;;novo_em_relatorio
ATORVASTATINA CÁLCICA;EMS S/A;57.507.378/0003-65;920690254;15/07/2025;;2025-07-15;;;novo_em_relatorio
DOT-IPEN-177;COMISSAO NACIONAL DE ENERGIA NUCLEAR;00.402.552/0001-26;1056812231;04/10/2023;;2023-10-04;;;novo_em_relatorio
DICAZID MR;PHARLAB INDÚSTRIA FARMACÊUTICA S.A.;02.501.297/0001-02;297493256;05/03/2025;;2025-03-05;;;novo_em_relatorio
EZETIMIBA;LABORATÓRIO TEUTO BRASILEIRO S/A;17.159.229/0001-76;1442523239;19/12/2023;;2023-12-19;;;novo_em_relatorio
hemitartarato de rivastigmina;EMS S/A;57.507.378/0003-65;1007596252;05/08/2025;;2025-08-05;;;novo_em_relatorio
cloridrato de sertralina;TORRENT DO BRASIL LTDA;33.078.528/0001-32;1147971251;27/08/2025;;2025-08-27;;;novo_em_relatorio
ESCILEX;EMS SIGMA PHARMA LTDA;00.923.140/0001-31;725549254;28/05/2025;;2025-05-28;;;novo_em_relatorio
VENZER;LIBBS FARMACÊUTICA LTDA;61.230.314/0001-75;914983253;14/07/2025;;2025-07-14;;;novo_em_relatorio
PRÓS;SUPERA FARMA LABORATÓRIOS S.A;43.312.503/0001-05;709444257;26/05/2025;;2025-05-26;;;novo_em_relatorio
RPHNEFRO;MJM PRODUTOS FARMACEUTICOS E DE RADIOPROTECAO S.A.;04.891.262/0001-44;1459740246;23/10/2024;;2024-10-23;;;novo_em_relatorio
finasterida;UNIÃO QUÍMICA FARMACÊUTICA NACIONAL S/A;60.665.981/0001-18;1147996253;27/08/2025;;2025-08-27;;;novo_em_relatorio
NORFLOXACINO;MEDQUIMICA INDUSTRIA FARMACEUTICA LTDA.;17.875.154/0001-20;306859254;06/03/2025;;2025-03-06;;;novo_em_relatorio
azitromicina di-hidratada;CRISTÁLIA PRODUTOS QUÍMICOS FARMACÊUTICOS LTDA.;44.734.671/0001-51;5103260221;28/12/2022;;2022-12-28;;;novo_em_relatorio
UMMA;COSMED INDUSTRIA DE COSMETICOS E MEDICAMENTOS S.A.;61.082.426/0002-07;1325524239;27/11/2023;;2023-11-27;;;novo_em_relatorio
CLORIDRATRO DE TRAZODONA;LEGRAND PHARMA INDÚSTRIA FARMACÊUTICA LTDA;05.044.984/0001-26;99713233;01/02/2023;;2023-02-01;;;novo_em_relatorio
carvedilol;CIMED INDUSTRIA S.A;02.814.497/0001-07;1362446246;03/10/2024;;2024-10-03;;;novo_em_relatorio
Cotellic®;PRODUTOS ROCHE QUÍMICOS E FARMACÊUTICOS S.A.;33.009.945/0001-23;773469257;09/06/2025;;2025-06-09;;;novo_em_relatorio
piroxicam;PHARLAB INDÚSTRIA FARMACÊUTICA S.A.;02.501.297/0001-02;693759259;23/05/2025;;2025-05-23;;;novo_em_relatorio
CLORIDRATO DE PROPAFENONA;EUROFARMA LABORATÓRIOS S.A.;61.190.096/0001-92;554529254;24/04/2025;;2025-04-24;;;novo_em_relatorio
besilato de anlodipino+atenolol;EMS S/A;57.507.378/0003-65;813497256;18/06/2025;;2025-06-18;;;novo_em_relatorio
OLMEDIX ANLO;EMS S/A;57.507.378/0003-65;923282254;16/07/2025;;2025-07-16;;;novo_em_relatorio
ZOLFEST D;ACHÉ LABORATÓRIOS FARMACÊUTICOS S.A;60.659.463/0029-92;388955244;28/03/2024;;2024-03-28;;;novo_em_relatorio
gliclazida;RANBAXY FARMACÊUTICA LTDA;73.663.650/0001-90;1107133246;13/08/2024;;2024-08-13;;;novo_em_relatorio
REVOC;ABBOTT LABORATÓRIOS DO BRASIL LTDA;56.998.701/0001-16;131441256;30/01/2025;;2025-01-30;;;novo_em_relatorio
ONDSET INJ;UNIÃO QUÍMICA FARMACÊUTICA NACIONAL S/A;60.665.981/0001-18;510998241;22/04/2024;;2024-04-22;;;novo_em_relatorio
VELENAXOL;SANDOZ DO BRASIL INDÚSTRIA FARMACÊUTICA LTDA;61.286.647/0001-16;1058398253;13/08/2025;;2025-08-13;;;novo_em_relatorio
VACINA ADSORVIDA DIFTERIA, TÉTANO E PERTUSSIS (ACELULAR);INSTITUTO BUTANTAN;61.821.344/0001-56;1389777243;09/10/2024;;2024-10-09;;;novo_em_relatorio
TOPIRAMATO;EUROFARMA LABORATÓRIOS S.A.;61.190.096/0001-92;1347409246;01/10/2024;;2024-10-01;;;novo_em_relatorio
NITES;ORGANON FARMACÊUTICA LTDA.;45.987.013/0001-34;584100256;30/04/2025;;2025-04-30;;;novo_em_relatorio
ampicilina;MULTILAB INDUSTRIA E COMERCIO DE PRODUTOS FARMACEUTICOS LTDA;92.265.552/0009-05;993223257;31/07/2025;;2025-07-31;;;novo_em_relatorio
Pausefemme;NATULAB LABORATORIO S.A;02.456.955/0001-83;1149393254;27/08/2025;;2025-08-27;;;novo_em_relatorio
ATIP XR;SUPERA FARMA LABORATÓRIOS S.A;43.312.503/0001-05;985888253;30/07/2025;;2025-07-30;;;novo_em_relatorio
XAROPE CIMETOSSE;CIMED INDUSTRIA S.A;02.814.497/0001-07;890600252;07/07/2025;;2025-07-07;;;novo_em_relatorio
Ibuprofeno;LABORATÓRIO GLOBO SA;17.115.437/0001-73;1608711242;25/11/2024;;2024-11-25;;;novo_em_relatorio
ETHAMOLIN;FARMOQUÍMICA S/A;33.349.473/0001-58;378340255;20/03/2025;;2025-03-20;;;novo_em_relatorio
CETOCORT-N;LABORATÓRIO TEUTO BRASILEIRO S/A;17.159.229/0001-76;726592251;28/05/2025;;2025-05-28;;;novo_em_relatorio
AVIDE;ACHÉ LABORATÓRIOS FARMACÊUTICOS S.A;60.659.463/0029-92;712774254;27/05/2025;;2025-05-27;;;novo_em_relatorio
TADALAFILA;GERMED FARMACEUTICA LTDA;45.992.062/0001-65;1437475248;18/10/2024;;2024-10-18;;;novo_em_relatorio
citrato de tamoxifeno;BLAU FARMACÊUTICA S.A.;58.430.828/0001-60;259000256;24/02/2025;;2025-02-24;;;novo_em_relatorio
COGLIVE;LIBBS FARMACÊUTICA LTDA;61.230.314/0001-75;730960251;29/05/2025;;2025-05-29;;;novo_em_relatorio
cefuroxima sódica;INSTITUTO BIOCHIMICO INDÚSTRIA FARMACÊUTICA LTDA;33.258.401/0001-03;951052250;22/07/2025;;2025-07-22;;;novo_em_relatorio
POSICOR;BIOLAB SANUS FARMACÊUTICA LTDA;49.475.833/0001-06;1056738235;04/10/2023;;2023-10-04;;;novo_em_relatorio
ATIP;SUPERA FARMA LABORATÓRIOS S.A;43.312.503/0001-05;966619251;24/07/2025;;2025-07-24;;;novo_em_relatorio
CARD-IPEN;COMISSAO NACIONAL DE ENERGIA NUCLEAR;00.402.552/0001-26;1056775238;04/10/2023;;2023-10-04;;;novo_em_relatorio
ADILOZ;EMS S/A;57.507.378/0003-65;268755248;05/03/2024;;2024-03-05;;;novo_em_relatorio
Fledoid;FARMOQUÍMICA S/A;33.349.473/0001-58;1516712242;04/11/2024;;2024-11-04;;;novo_em_relatorio
GESTODENO+ETINILESTRADIOL;CIFARMA CIENTÍFICA FARMACÊUTICA LTDA;17.562.075/0001-69;747708258;03/06/2025;;2025-06-03;;;novo_em_relatorio
PUL-TEC;COMISSAO NACIONAL DE ENERGIA NUCLEAR;00.402.552/0001-26;1253127239;13/11/2023;;2023-11-13;;;novo_em_relatorio
Deci;SUN FARMACÊUTICA DO BRASIL LTDA;05.035.244/0001-23;709782250;26/05/2025;;2025-05-26;;;novo_em_relatorio
GUAN-IPEN-131;COMISSAO NACIONAL DE ENERGIA NUCLEAR;00.402.552/0001-26;1063891230;05/10/2023;;2023-10-05;;;novo_em_relatorio
INGRID;EMS S/A;57.507.378/0003-65;1761169246;26/12/2024;;2024-12-26;;;novo_em_relatorio
nimesulida;EMS S/A;57.507.378/0003-65;756415250;04/06/2025;;2025-06-04;;;novo_em_relatorio
Menveo;GLAXOSMITHKLINE BRASIL LTDA;33.247.743/0001-10;541802241;24/04/2024;;2024-04-24;;;novo_em_relatorio
TALTZ;ELI LILLY DO BRASIL LTDA;43.940.618/0001-44;779213254;10/06/2025;;2025-06-10;;;novo_em_relatorio
cloridrato de nebivolol;BRAINFARMA INDÚSTRIA QUÍMICA E FARMACÊUTICA S.A;05.161.069/0001-10;1163976237;25/10/2023;;2023-10-25;;;novo_em_relatorio
atenolol + clortalidona;SANDOZ DO BRASIL INDÚSTRIA FARMACÊUTICA LTDA;61.286.647/0001-16;667865250;16/05/2025;;2025-05-16;;;novo_em_relatorio
PIASCLEDINE;ABBOTT LABORATÓRIOS DO BRASIL LTDA;56.998.701/0001-16;1514588242;04/11/2024;;2024-11-04;;;novo_em_relatorio
CARLIT;SUPERA FARMA LABORATÓRIOS S.A;43.312.503/0001-05;71346252;17/01/2025;;2025-01-17;;;novo_em_relatorio
lactato de milrinona;FRESENIUS KABI BRASIL LTDA;49.324.221/0001-04;95468251;22/01/2025;;2025-01-22;;;novo_em_relatorio
TARTARATO DE METOPROLOL;MULTILAB INDUSTRIA E COMERCIO DE PRODUTOS FARMACEUTICOS LTDA;92.265.552/0009-05;1629570249;28/11/2024;;2024-11-28;;;novo_em_relatorio
oxalato de escitalopram;EUROFARMA LABORATÓRIOS S.A.;61.190.096/0001-92;599483237;13/06/2023;;2023-06-13;;;novo_em_relatorio
TRAYENTA DUO;BOEHRINGER INGELHEIM DO BRASIL QUÍMICA E FARMACÊUTICA LTDA.;60.831.658/0001-77;665507259;16/05/2025;;2025-05-16;;;novo_em_relatorio
FUROSEMIDA;BRAINFARMA INDÚSTRIA QUÍMICA E FARMACÊUTICA S.A;05.161.069/0001-10;876847254;03/07/2025;;2025-07-03;;;novo_em_relatorio
BEXAI;EMS S/A;57.507.378/0003-65;1022141252;08/08/2025;;2025-08-08;;;novo_em_relatorio
ZART;EUROFARMA LABORATÓRIOS S.A.;61.190.096/0001-92;773695257;09/06/2025;;2025-06-09;;;novo_em_relatorio
PILOX;EUROFARMA LABORATÓRIOS S.A.;61.190.096/0001-92;37363255;10/01/2025;;2025-01-10;;;novo_em_relatorio
maleato de timolol;BRAINFARMA INDÚSTRIA QUÍMICA E FARMACÊUTICA S.A;05.161.069/0001-10;1164423258;01/09/2025;;2025-09-01;;;novo_em_relatorio
IBUPROFENO;GEOLAB INDÚSTRIA FARMACÊUTICA S/A;03.485.572/0001-04;1768595241;27/12/2024;;2024-12-27;;;novo_em_relatorio
DIFLUMID;LABORATÓRIO TEUTO BRASILEIRO S/A;17.159.229/0001-76;1378380223;25/03/2022;;2022-03-25;;;novo_em_relatorio
ARANESP;AMGEN BIOTECNOLOGIA DO BRASIL LTDA.;18.774.815/0001-93;1598171241;22/11/2024;;2024-11-22;;;novo_em_relatorio
PLEXEDEN;LABORATÓRIO QUÍMICO FARMACÊUTICO BERGAMO LTDA;61.282.661/0001-41;867425253;02/07/2025;;2025-07-02;;;novo_em_relatorio
Iziz;LIBBS FARMACÊUTICA LTDA;61.230.314/0001-75;824765257;23/06/2025;;2025-06-23;;;novo_em_relatorio
VACINA ADSORVIDA HEPATITE A (INATIVADA);INSTITUTO BUTANTAN;61.821.344/0001-56;1361328240;03/10/2024;;2024-10-03;;;novo_em_relatorio
drosperinona + etinilestradiol;GERMED FARMACEUTICA LTDA;45.992.062/0001-65;1761057243;26/12/2024;;2024-12-26;;;novo_em_relatorio
dipirona + cafeína;BRAINFARMA INDÚSTRIA QUÍMICA E FARMACÊUTICA S.A;05.161.069/0001-10;5086572223;22/12/2022;;2022-12-22;;;novo_em_relatorio
ROSUVAST;EMS S/A;57.507.378/0003-65;1172906254;03/09/2025;;2025-09-03;;;novo_em_relatorio
ASTRO;EUROFARMA LABORATÓRIOS S.A.;61.190.096/0001-92;957537255;22/07/2025;;2025-07-22;;;novo_em_relatorio
cetoconazol;LABORATÓRIO GLOBO SA;17.115.437/0001-73;792593251;12/06/2025;;2025-06-12;;;novo_em_relatorio
Gerilon;CIFARMA CIENTÍFICA FARMACÊUTICA LTDA;17.562.075/0001-69;1636822240;29/11/2024;;2024-11-29;;;novo_em_relatorio
OXALATO DE ESCITALOPRAM;EUROFARMA LABORATÓRIOS S.A.;61.190.096/0001-92;156725240;08/02/2024;;2024-02-08;;;novo_em_relatorio
cloridrato de cefepima;LABORATÓRIO TEUTO BRASILEIRO S/A;17.159.229/0001-76;750801255;03/06/2025;;2025-06-03;;;novo_em_relatorio
vildagliptina;ACCORD FARMACÊUTICA LTDA;64.171.697/0001-46;911975250;11/07/2025;;2025-07-11;;;novo_em_relatorio
clonixinato de lisina + cloridrato de ciclobenzaprin;EMS S/A;57.507.378/0003-65;1144393248;20/08/2024;;2024-08-20;;;novo_em_relatorio
LEGRACE;LEGRAND PHARMA INDÚSTRIA FARMACÊUTICA LTDA;05.044.984/0001-26;617903255;07/05/2025;;2025-05-07;;;novo_em_relatorio
EXPECTAMIN;LEGRAND PHARMA INDÚSTRIA FARMACÊUTICA LTDA;05.044.984/0001-26;1152996258;28/08/2025;;2025-08-28;;;novo_em_relatorio
CEFALEXINA MONOIDRATADA;EMS S/A;57.507.378/0003-65;223955248;26/02/2024;;2024-02-26;;;novo_em_relatorio
hidroclorotiazida;BRAINFARMA INDÚSTRIA QUÍMICA E FARMACÊUTICA S.A;05.161.069/0001-10;392839253;24/03/2025;;2025-03-24;;;novo_em_relatorio
QUETIFREN;LABORATÓRIO TEUTO BRASILEIRO S/A;17.159.229/0001-76;7243811213;16/12/2021;;2021-12-16;;;novo_em_relatorio
LEVOFLOXACINO HEMIIDRATADO;EUROFARMA LABORATÓRIOS S.A.;61.190.096/0001-92;684526255;21/05/2025;;2025-05-21;;;novo_em_relatorio
BISSULFATO DE CLOPIDOGREL;BRAINFARMA INDÚSTRIA QUÍMICA E FARMACÊUTICA S.A;05.161.069/0001-10;764994255;06/06/2025;;2025-06-06;;;novo_em_relatorio
ZOLPAZ;UNIÃO QUÍMICA FARMACÊUTICA NACIONAL S/A;60.665.981/0001-18;122493257;28/01/2025;;2025-01-28;;;novo_em_relatorio
CLORIDRATO DE TIZANIDINA;UNICHEM FARMACÊUTICA DO BRASIL LTDA;05.399.786/0001-85;3351361211;25/08/2021;;2021-08-25;;;novo_em_relatorio
LIDOCAÍNA;PHARLAB INDÚSTRIA FARMACÊUTICA S.A.;02.501.297/0001-02;600747255;05/05/2025;;2025-05-05;;;novo_em_relatorio
amoxicilina sódica + clavulanato de potássio;EUROFARMA LABORATÓRIOS S.A.;61.190.096/0001-92;892847239;24/08/2023;;2023-08-24;;;novo_em_relatorio
CELLCEPT;PRODUTOS ROCHE QUÍMICOS E FARMACÊUTICOS S.A.;33.009.945/0001-23;1068959258;14/08/2025;;2025-08-14;;;novo_em_relatorio
MYFORTIC;NOVARTIS BIOCIENCIAS S.A;56.994.502/0001-30;515867250;15/04/2025;;2025-04-15;;;novo_em_relatorio
cetoconazol + dipropionato de betametasona + sulfato de neomicina;EUROFARMA LABORATÓRIOS S.A.;61.190.096/0001-92;796650233;31/07/2023;;2023-07-31;;;novo_em_relatorio
NOVABUPI (SEM VASOCONSTRITOR);CRISTÁLIA PRODUTOS QUÍMICOS FARMACÊUTICOS LTDA.;44.734.671/0001-51;908147210;08/03/2021;;2021-03-08;;;novo_em_relatorio
CETOCONAZOL + DIPROPIONATO DE BETAMETASONA + SULFATO DE NEOMICINA;EUROFARMA LABORATÓRIOS S.A.;61.190.096/0001-92;796706239;31/07/2023;;2023-07-31;;;novo_em_relatorio
FLUCONAZOL;EMS S/A;57.507.378/0003-65;1723747246;17/12/2024;;2024-12-17;;;novo_em_relatorio
ZOLMICOL;GEOLAB INDÚSTRIA FARMACÊUTICA S/A;03.485.572/0001-04;4940620221;15/11/2022;;2022-11-15;;;novo_em_relatorio
AGLUCOSE;EMS SIGMA PHARMA LTDA;00.923.140/0001-31;977985253;28/07/2025;;2025-07-28;;;novo_em_relatorio
OXALIPLATINA;EUROFARMA LABORATÓRIOS S.A.;61.190.096/0001-92;671090232;30/06/2023;;2023-06-30;;;novo_em_relatorio
AMIORON;GEOLAB INDÚSTRIA FARMACÊUTICA S/A;03.485.572/0001-04;505396254;12/04/2025;;2025-04-12;;;novo_em_relatorio
CLORIDRATO DE DOPAMINA;LABORATÓRIO TEUTO BRASILEIRO S/A;17.159.229/0001-76;755962231;21/07/2023;;2023-07-21;;;novo_em_relatorio
CORTISONAL;UNIÃO QUÍMICA FARMACÊUTICA NACIONAL S/A;60.665.981/0001-18;1637449241;29/11/2024;;2024-11-29;;;novo_em_relatorio
NEONAZOL;NATIVITA IND. COM. LTDA.;65.271.900/0001-19;303347244;12/03/2024;;2024-03-12;;;novo_em_relatorio
CECLOR;EMS SIGMA PHARMA LTDA;00.923.140/0001-31;574162259;29/04/2025;;2025-04-29;;;novo_em_relatorio
CERTICAN;NOVARTIS BIOCIENCIAS S.A;56.994.502/0001-30;1025497244;26/07/2024;;2024-07-26;;;novo_em_relatorio
TROMAXIL;OPEM REPRESENTAÇÃO IMPORTADORA EXPORTADORA E DISTRIBUIDORA LTDA;38.909.503/0001-57;220997250;17/02/2025;;2025-02-17;;;novo_em_relatorio
CINCORDIL;EMS SIGMA PHARMA LTDA;00.923.140/0001-31;1716282173;15/08/2017;;2017-08-15;;;novo_em_relatorio
ARTROSIL;ACHÉ LABORATÓRIOS FARMACÊUTICOS S.A;60.659.463/0029-92;1219318248;04/09/2024;;2024-09-04;;;novo_em_relatorio
METILDOPA;EMS S/A;57.507.378/0003-65;251742253;21/02/2025;;2025-02-21;;;novo_em_relatorio
DICLOFENACO DIETILAMÔNIO;EMS S/A;57.507.378/0003-65;68659253;16/01/2025;;2025-01-16;;;novo_em_relatorio
CIALIS;ELI LILLY DO BRASIL LTDA;43.940.618/0001-44;1038755247;30/07/2024;;2024-07-30;;;novo_em_relatorio
VACINA INFLUENZA TRIVALENTE ( FRAGMENTADA E INATIVADA );INSTITUTO BUTANTAN;61.821.344/0001-56;465554253;04/04/2025;;2025-04-04;;;novo_em_relatorio
SOLUÇÃO FISIOLÓGICA DE CLORETO DE SÓDIO;FRESENIUS MEDICAL CARE LTDA;01.440.590/0001-36;4344628201;08/12/2020;;2020-12-08;;;novo_em_relatorio
NEBACIMED;CIMED INDUSTRIA S.A;02.814.497/0001-07;964503255;24/07/2025;;2025-07-24;;;novo_em_relatorio
LANZ;EMS SIGMA PHARMA LTDA;00.923.140/0001-31;120301253;28/01/2025;;2025-01-28;;;novo_em_relatorio
CPHD SMP 35;SALBEGO LABORATÓRIO FARMACÊUTICO LTDA;92.832.195/0001-54;1658582241;04/12/2024;;2024-12-04;;;novo_em_relatorio
ATENOLOL;LABORATÓRIO TEUTO BRASILEIRO S/A;17.159.229/0001-76;887716253;07/07/2025;;2025-07-07;;;novo_em_relatorio
CETOCONAZOL + DIPROPIONATO DE BETAMETASONA;EMS S/A;57.507.378/0003-65;1169926258;02/09/2025;;2025-09-02;;;novo_em_relatorio
CETOCONAZOL + DIPROPIONATO DE BETAMETASONA;EMS S/A;57.507.378/0003-65;1168420253;02/09/2025;;2025-09-02;;;novo_em_relatorio
diclofenaco sódico;UNIÃO QUÍMICA FARMACÊUTICA NACIONAL S/A;60.665.981/0001-18;638450250;12/05/2025;;2025-05-12;;;novo_em_relatorio
Soyfemme;ACHÉ LABORATÓRIOS FARMACÊUTICOS S.A;60.659.463/0029-92;424894254;28/03/2025;;2025-03-28;;;novo_em_relatorio
LANZOPEPT;GEOLAB INDÚSTRIA FARMACÊUTICA S/A;03.485.572/0001-04;519806182;29/06/2018;;2018-06-29;;;novo_em_relatorio
TRAXONOL;GEOLAB INDÚSTRIA FARMACÊUTICA S/A;03.485.572/0001-04;1270937243;16/09/2024;;2024-09-16;;;novo_em_relatorio
NASALIV;UNIÃO QUÍMICA FARMACÊUTICA NACIONAL S/A;60.665.981/0001-18;398532257;24/03/2025;;2025-03-24;;;novo_em_relatorio
FLEXALGIN;GEOLAB INDÚSTRIA FARMACÊUTICA S/A;03.485.572/0001-04;1120915244;15/08/2024;;2024-08-15;;;novo_em_relatorio
HYSTIN;GEOLAB INDÚSTRIA FARMACÊUTICA S/A;03.485.572/0001-04;65196236;20/01/2023;;2023-01-20;;;novo_em_relatorio
PRYLTEC;GEOLAB INDÚSTRIA FARMACÊUTICA S/A;03.485.572/0001-04;552057186;11/07/2018;;2018-07-11;;;novo_em_relatorio
POLARATUSS;CIFARMA CIENTÍFICA FARMACÊUTICA LTDA;17.562.075/0001-69;847774244;21/06/2024;;2024-06-21;;;novo_em_relatorio
MAXINOM;UNIÃO QUÍMICA FARMACÊUTICA NACIONAL S/A;60.665.981/0001-18;1001355253;04/08/2025;;2025-08-04;;;novo_em_relatorio
MENBEL;GEOLAB INDÚSTRIA FARMACÊUTICA S/A;03.485.572/0001-04;519476188;28/06/2018;;2018-06-28;;;novo_em_relatorio
FLUCONAZOL;GERMED FARMACEUTICA LTDA;45.992.062/0001-65;1723597244;17/12/2024;;2024-12-17;;;novo_em_relatorio
BROMOPRIDA;PRATI DONADUZZI & CIA LTDA;73.856.593/0001-66;1178955249;27/08/2024;;2024-08-27;;;novo_em_relatorio
SECNIDAZOL;RANBAXY FARMACÊUTICA LTDA;73.663.650/0001-90;244307253;20/02/2025;;2025-02-20;;;novo_em_relatorio
VOLTAREN;NOVARTIS BIOCIENCIAS S.A;56.994.502/0001-30;962928259;23/07/2025;;2025-07-23;;;novo_em_relatorio
KEFORAL;ANTIBIÓTICOS DO BRASIL LTDA;05.439.635/0001-03;914104179;17/05/2017;;2017-05-17;;;novo_em_relatorio
CLAVULIN;GLAXOSMITHKLINE BRASIL LTDA;33.247.743/0001-10;840026251;26/06/2025;;2025-06-26;;;novo_em_relatorio
hemitartarato de zolpidem;SANDOZ DO BRASIL INDÚSTRIA FARMACÊUTICA LTDA;61.286.647/0001-16;1607746247;25/11/2024;;2024-11-25;;;novo_em_relatorio
KEFAZOL;ANTIBIÓTICOS DO BRASIL LTDA;05.439.635/0001-03;1558919216;23/04/2021;;2021-04-23;;;novo_em_relatorio
KEFLIN NEUTRO;ANTIBIÓTICOS DO BRASIL LTDA;05.439.635/0001-03;1514295217;20/04/2021;;2021-04-20;;;novo_em_relatorio
MAXALT;ORGANON FARMACÊUTICA LTDA.;45.987.013/0001-34;751425257;03/06/2025;;2025-06-03;;;novo_em_relatorio
NOVOCILIN;ACHÉ LABORATÓRIOS FARMACÊUTICOS S.A;60.659.463/0029-92;1595153241;21/11/2024;;2024-11-21;;;novo_em_relatorio
SINVASTACOR;SANDOZ DO BRASIL INDÚSTRIA FARMACÊUTICA LTDA;61.286.647/0001-16;103254251;23/01/2025;;2025-01-23;;;novo_em_relatorio
STAVIGILE;LIBBS FARMACÊUTICA LTDA;61.230.314/0001-75;1498435246;31/10/2024;;2024-10-31;;;novo_em_relatorio
ASPIRINA PREVENT;BAYER S.A.;18.459.628/0001-15;475702255;07/04/2025;;2025-04-07;;;novo_em_relatorio
COZAAR;ORGANON FARMACÊUTICA LTDA.;45.987.013/0001-34;554277255;24/04/2025;;2025-04-24;;;novo_em_relatorio
NOLVADEX;ASTRAZENECA DO BRASIL LTDA;60.318.797/0001-00;1021563251;08/08/2025;;2025-08-08;;;novo_em_relatorio
MATER FOLIC;FARMOQUÍMICA S/A;33.349.473/0001-58;1076124232;09/10/2023;;2023-10-09;;;novo_em_relatorio
FLUIBRON;CHIESI FARMACÊUTICA LTDA;61.363.032/0001-46;38802252;10/01/2025;;2025-01-10;;;novo_em_relatorio
MIRTAX;ACHÉ LABORATÓRIOS FARMACÊUTICOS S.A;60.659.463/0029-92;33343250;09/01/2025;;2025-01-09;;;novo_em_relatorio
RELESTAT;ALLERGAN PRODUTOS FARMACÊUTICOS LTDA;43.426.626/0001-77;574196234;05/06/2023;;2023-06-05;;;novo_em_relatorio
SOMALIUM;ACHÉ LABORATÓRIOS FARMACÊUTICOS S.A;60.659.463/0029-92;158362233;15/02/2023;;2023-02-15;;;novo_em_relatorio
FINASTERIDA;EMS S/A;57.507.378/0003-65;189382252;11/02/2025;;2025-02-11;;;novo_em_relatorio
DIANEAL PD-2;BAXTER HOSPITALAR LTDA;49.351.786/0002-61;674238249;21/05/2024;;2024-05-21;;;novo_em_relatorio
FINASTERIDA;EMS S/A;57.507.378/0003-65;630123250;09/05/2025;;2025-05-09;;;novo_em_relatorio
CLORIDRATO DE PROPRANOLOL;EMS S/A;57.507.378/0003-65;938090259;21/07/2025;;2025-07-21;;;novo_em_relatorio
ABLOK PLUS;BIOLAB SANUS FARMACÊUTICA LTDA;49.475.833/0001-06;556857259;25/04/2025;;2025-04-25;;;novo_em_relatorio
ISORDIL;EMS SIGMA PHARMA LTDA;00.923.140/0001-31;4728243222;22/09/2022;;2022-09-22;;;novo_em_relatorio
BECLOSOL;GLAXOSMITHKLINE BRASIL LTDA;33.247.743/0001-10;360984258;18/03/2025;;2025-03-18;;;novo_em_relatorio
Glibenclamida;EMS S/A;57.507.378/0003-65;289070252;28/02/2025;;2025-02-28;;;novo_em_relatorio
DOLAMIN FLEX;FARMOQUÍMICA S/A;33.349.473/0001-58;684061244;22/05/2024;;2024-05-22;;;novo_em_relatorio
LIPURO;LABORATORIOS B. BRAUN S/A;31.673.254/0001-02;1058292251;13/08/2025;;2025-08-13;;;novo_em_relatorio
cloridrato de tramadol;UNIÃO QUÍMICA FARMACÊUTICA NACIONAL S/A;60.665.981/0001-18;1585445240;19/11/2024;;2024-11-19;;;novo_em_relatorio
cloridrato de propranolol;UNIÃO QUÍMICA FARMACÊUTICA NACIONAL S/A;60.665.981/0001-18;753436256;04/06/2025;;2025-06-04;;;novo_em_relatorio
PANTOPRAZOL;EUROFARMA LABORATÓRIOS S.A.;61.190.096/0001-92;669757250;19/05/2025;;2025-05-19;;;novo_em_relatorio
DIVIDOL;ZAMBON LABORATÓRIOS FARMACÊUTICOS LTDA.;61.100.004/0001-36;1456906232;21/12/2023;;2023-12-21;;;novo_em_relatorio
VITAXON C;AIRELA INDÚSTRIA FARMACÊUTICA LTDA.;01.858.973/0001-29;2290841202;15/07/2020;;2020-07-15;;;novo_em_relatorio
DIPIMED;MEDQUIMICA INDUSTRIA FARMACEUTICA LTDA.;17.875.154/0001-20;478172257;07/04/2025;;2025-04-07;;;novo_em_relatorio
PSOREX;GLAXOSMITHKLINE BRASIL LTDA;33.247.743/0001-10;45629251;13/01/2025;;2025-01-13;;;novo_em_relatorio
LEUCOGEN;ACHÉ LABORATÓRIOS FARMACÊUTICOS S.A;60.659.463/0029-92;1148054251;27/08/2025;;2025-08-27;;;novo_em_relatorio
COMPAZ;CRISTÁLIA PRODUTOS QUÍMICOS FARMACÊUTICOS LTDA.;44.734.671/0001-51;932715257;18/07/2025;;2025-07-18;;;novo_em_relatorio
AVODART;GLAXOSMITHKLINE BRASIL LTDA;33.247.743/0001-10;935038256;18/07/2025;;2025-07-18;;;novo_em_relatorio
ALCYTAM;TORRENT DO BRASIL LTDA;33.078.528/0001-32;66683246;18/01/2024;;2024-01-18;;;novo_em_relatorio
CLORETO DE SODIO;FARMACE INDÚSTRIA QUÍMICO-FARMACÊUTICA CEARENSE LTDA;06.628.333/0001-46;558788246;29/04/2024;;2024-04-29;;;novo_em_relatorio
PACLITAXEL;EUROFARMA LABORATÓRIOS S.A.;61.190.096/0001-92;2713941229;12/05/2022;;2022-05-12;;;novo_em_relatorio
AROPAX;GLAXOSMITHKLINE BRASIL LTDA;33.247.743/0001-10;445953250;01/04/2025;;2025-04-01;;;novo_em_relatorio
FLIXOTIDE;GLAXOSMITHKLINE BRASIL LTDA;33.247.743/0001-10;1719745242;17/12/2024;;2024-12-17;;;novo_em_relatorio
Valerato Betametasona;GERMED FARMACEUTICA LTDA;45.992.062/0001-65;1152399241;22/08/2024;;2024-08-22;;;novo_em_relatorio
KEFADIM;ANTIBIÓTICOS DO BRASIL LTDA;05.439.635/0001-03;4975556227;24/11/2022;;2022-11-24;;;novo_em_relatorio
ceftriaxona dissódica hemieptaidratada;EUROFARMA LABORATÓRIOS S.A.;61.190.096/0001-92;1182463258;05/09/2025;;2025-09-05;;;novo_em_relatorio
AEROFRIN;PHARMASCIENCE INDUSTRIA FARMACEUTICA S.A;25.773.037/0001-83;1178826252;04/09/2025;;2025-09-04;;;novo_em_relatorio
SENEBEN;AIRELA INDÚSTRIA FARMACÊUTICA LTDA.;01.858.973/0001-29;500195234;17/05/2023;;2023-05-17;;;novo_em_relatorio
IFOSFAMIDA;EUROFARMA LABORATÓRIOS S.A.;61.190.096/0001-92;1263444245;13/09/2024;;2024-09-13;;;novo_em_relatorio
VENLIFT OD;TORRENT DO BRASIL LTDA;33.078.528/0001-32;1501757245;31/10/2024;;2024-10-31;;;novo_em_relatorio
DARAPRIM;FARMOQUÍMICA S/A;33.349.473/0001-58;1360031235;01/12/2023;;2023-12-01;;;novo_em_relatorio
AMOXICILINA;EMS S/A;57.507.378/0003-65;154392251;04/02/2025;;2025-02-04;;;novo_em_relatorio
MEROPENÉM;EUROFARMA LABORATÓRIOS S.A.;61.190.096/0001-92;1311190244;24/09/2024;;2024-09-24;;;novo_em_relatorio
MAREVAN;FARMOQUÍMICA S/A;33.349.473/0001-58;606796240;07/05/2024;;2024-05-07;;;novo_em_relatorio
MELOXICAM;EMS S/A;57.507.378/0003-65;1011296250;06/08/2025;;2025-08-06;;;novo_em_relatorio
KEFTRON;ANTIBIÓTICOS DO BRASIL LTDA;05.439.635/0001-03;32011245;10/01/2024;;2024-01-10;;;novo_em_relatorio
RITALINA;NOVARTIS BIOCIENCIAS S.A;56.994.502/0001-30;553903250;24/04/2025;;2025-04-24;;;novo_em_relatorio
KEFOX;ANTIBIÓTICOS DO BRASIL LTDA;05.439.635/0001-03;708178212;22/02/2021;;2021-02-22;;;novo_em_relatorio
ROPI;CRISTÁLIA PRODUTOS QUÍMICOS FARMACÊUTICOS LTDA.;44.734.671/0001-51;1112279253;18/08/2025;;2025-08-18;;;novo_em_relatorio
TEOLONG;ABBOTT LABORATÓRIOS DO BRASIL LTDA;56.998.701/0001-16;833297252;25/06/2025;;2025-06-25;;;novo_em_relatorio
acebrofilina;EMS S/A;57.507.378/0003-65;547228252;23/04/2025;;2025-04-23;;;novo_em_relatorio
acebrofilina;GERMED FARMACEUTICA LTDA;45.992.062/0001-65;547264259;23/04/2025;;2025-04-23;;;novo_em_relatorio
BEZAFIBRATO;EMS S/A;57.507.378/0003-65;1153624257;28/08/2025;;2025-08-28;;;novo_em_relatorio
PAMIDRONATO DISSÓDICO;EUROFARMA LABORATÓRIOS S.A.;61.190.096/0001-92;2696495220;09/05/2022;;2022-05-09;;;novo_em_relatorio
AMOXICILINA;UNIÃO QUÍMICA FARMACÊUTICA NACIONAL S/A;60.665.981/0001-18;878878254;04/07/2025;;2025-07-04;;;novo_em_relatorio
CYSTEX;EMS S/A;57.507.378/0003-65;1006388257;05/08/2025;;2025-08-05;;;novo_em_relatorio
DIGESTINA;UNIÃO QUÍMICA FARMACÊUTICA NACIONAL S/A;60.665.981/0001-18;609533258;06/05/2025;;2025-05-06;;;novo_em_relatorio
PROSTOKOS;INFAN INDUSTRIA QUIMICA FARMACEUTICA NACIONAL S/A;08.939.548/0001-03;2207468206;09/07/2020;;2020-07-09;;;novo_em_relatorio
CITALOPRAM;ZYDUS NIKKHO FARMACÊUTICA LTDA;05.254.971/0001-81;465873251;04/04/2025;;2025-04-04;;;novo_em_relatorio
ÁGUA PARA INJETÁVEIS;Samtec Biotecnologia Limitada;04.459.117/0001-99;604353194;10/07/2019;;2019-07-10;;;novo_em_relatorio
FLUTIVATE;GLAXOSMITHKLINE BRASIL LTDA;33.247.743/0001-10;1169134254;02/09/2025;;2025-09-02;;;novo_em_relatorio
GLIFAGE;MERCK S/A;33.069.212/0001-84;764899252;06/06/2025;;2025-06-06;;;novo_em_relatorio
OXYDERME;CIFARMA CIENTÍFICA FARMACÊUTICA LTDA;17.562.075/0001-69;840413254;26/06/2025;;2025-06-26;;;novo_em_relatorio
LACTULONA;DAIICHI SANKYO BRASIL FARMACÊUTICA LTDA;60.874.187/0001-84;1512577243;04/11/2024;;2024-11-04;;;novo_em_relatorio
CRESTOR;ASTRAZENECA DO BRASIL LTDA;60.318.797/0001-00;1021568252;08/08/2025;;2025-08-08;;;novo_em_relatorio
azitromicina;EUROFARMA LABORATÓRIOS S.A.;61.190.096/0001-92;960931252;23/07/2025;;2025-07-23;;;novo_em_relatorio
NIMESULIDA;EUROFARMA LABORATÓRIOS S.A.;61.190.096/0001-92;609777254;06/05/2025;;2025-05-06;;;novo_em_relatorio
ACETONIDO DE TRIANCINOLONA+SULFATO DE NEOMICINA+GRAMICIDINA+NISTATINA;EMS S/A;57.507.378/0003-65;414562259;26/03/2025;;2025-03-26;;;novo_em_relatorio
diclofenaco dietilamônio;GERMED FARMACEUTICA LTDA;45.992.062/0001-65;1560355247;13/11/2024;;2024-11-13;;;novo_em_relatorio
rifamicina sv sódica;EMS S/A;57.507.378/0003-65;886765242;28/06/2024;;2024-06-28;;;novo_em_relatorio
CLORIDRATO DE METFORMINA;EMS S/A;57.507.378/0003-65;1182560253;05/09/2025;;2025-09-05;;;novo_em_relatorio
VICOG;MARJAN INDÚSTRIA E COMÉRCIO LTDA;60.726.692/0001-81;793803250;12/06/2025;;2025-06-12;;;novo_em_relatorio
CLORIDRATO DE AMILORIDA + HIDROCLOROTIAZIDA;EMS S/A;57.507.378/0003-65;1015875254;07/08/2025;;2025-08-07;;;novo_em_relatorio
ALBENDAZOL;EMS S/A;57.507.378/0003-65;246827246;29/02/2024;;2024-02-29;;;novo_em_relatorio
OCTAVI SDOPTIMUM;OCTAPHARMA BRASIL LTDA;02.552.927/0001-60;1142634248;20/08/2024;;2024-08-20;;;novo_em_relatorio
OCTAGAM;OCTAPHARMA BRASIL LTDA;02.552.927/0001-60;1403278245;11/10/2024;;2024-10-11;;;novo_em_relatorio
DROXAINE;MEGALABS FARMACEUTICA S.A.;33.026.055/0001-20;737652250;30/05/2025;;2025-05-30;;;novo_em_relatorio
BETATRINTA;EUROFARMA LABORATÓRIOS S.A.;61.190.096/0001-92;574909231;06/06/2023;;2023-06-06;;;novo_em_relatorio
nitrato de isoconazol;EMS S/A;57.507.378/0003-65;284940259;28/02/2025;;2025-02-28;;;novo_em_relatorio
FLUNARIN;ACHÉ LABORATÓRIOS FARMACÊUTICOS S.A;60.659.463/0029-92;3013557222;19/05/2022;;2022-05-19;;;novo_em_relatorio
OXACILINA SODICA;LABORATÓRIO TEUTO BRASILEIRO S/A;17.159.229/0001-76;258838248;04/03/2024;;2024-03-04;;;novo_em_relatorio
ACICLOVIR;PRATI DONADUZZI & CIA LTDA;73.856.593/0001-66;1709717246;13/12/2024;;2024-12-13;;;novo_em_relatorio
PRELONE;ACHÉ LABORATÓRIOS FARMACÊUTICOS S.A;60.659.463/0029-92;257905251;24/02/2025;;2025-02-24;;;novo_em_relatorio
BIOFENAC;ACHÉ LABORATÓRIOS FARMACÊUTICOS S.A;60.659.463/0029-92;795236255;13/06/2025;;2025-06-13;;;novo_em_relatorio
SOLUÇÃO SALINA BALANCEADA - HALEX ISTAR;HALEX ISTAR INDÚSTRIA FARMACÊUTICA SA;01.571.702/0001-98;4068658202;18/11/2020;;2020-11-18;;;novo_em_relatorio
LAMICTAL;GLAXOSMITHKLINE BRASIL LTDA;33.247.743/0001-10;793400252;12/06/2025;;2025-06-12;;;novo_em_relatorio
TRILEPTAL;NOVARTIS BIOCIENCIAS S.A;56.994.502/0001-30;284599255;28/02/2025;;2025-02-28;;;novo_em_relatorio
OCTAPLEX;OCTAPHARMA BRASIL LTDA;02.552.927/0001-60;970635249;16/07/2024;;2024-07-16;;;novo_em_relatorio
ACICLOMED;CIMED INDUSTRIA S.A;02.814.497/0001-07;3882214208;05/11/2020;;2020-11-05;;;novo_em_relatorio
NISTATINA;PRATI DONADUZZI & CIA LTDA;73.856.593/0001-66;1232939242;06/09/2024;;2024-09-06;;;novo_em_relatorio
ACULAR;ALLERGAN PRODUTOS FARMACÊUTICOS LTDA;43.426.626/0001-77;569918235;05/06/2023;;2023-06-05;;;novo_em_relatorio
FURP-RIFAMPICINA;FUNDAÇÃO PARA O REMÉDIO POPULAR - FURP;43.640.754/0001-19;726231258;28/05/2025;;2025-05-28;;;novo_em_relatorio
NARAMIG;GLAXOSMITHKLINE BRASIL LTDA;33.247.743/0001-10;1591944244;21/11/2024;;2024-11-21;;;novo_em_relatorio
HIDROCIN;ACHÉ LABORATÓRIOS FARMACÊUTICOS S.A;60.659.463/0029-92;3233112211;17/08/2021;;2021-08-17;;;novo_em_relatorio
ACTIFEDRIN;FARMOQUÍMICA S/A;33.349.473/0001-58;1290534241;19/09/2024;;2024-09-19;;;novo_em_relatorio
ACHEFLAN;ACHÉ LABORATÓRIOS FARMACÊUTICOS S.A;60.659.463/0029-92;633201235;21/06/2023;;2023-06-21;;;novo_em_relatorio
METADOXIL;LABORATÓRIOS BALDACCI LTDA;61.150.447/0001-31;327979259;11/03/2025;;2025-03-11;;;novo_em_relatorio
TEGRETOL;NOVARTIS BIOCIENCIAS S.A;56.994.502/0001-30;1451987242;22/10/2024;;2024-10-22;;;novo_em_relatorio
BENZETACIL;EUROFARMA LABORATÓRIOS S.A.;61.190.096/0001-92;475430247;15/04/2024;;2024-04-15;;;novo_em_relatorio
DECADRON COLÍRIO;ACHÉ LABORATÓRIOS FARMACÊUTICOS S.A;60.659.463/0029-92;508373255;14/04/2025;;2025-04-14;;;novo_em_relatorio
DECADRON INJETÁVEL;ACHÉ LABORATÓRIOS FARMACÊUTICOS S.A;60.659.463/0029-92;570756243;30/04/2024;;2024-04-30;;;novo_em_relatorio
cloridrato de nortriptilina;EUROFARMA LABORATÓRIOS S.A.;61.190.096/0001-92;1278876243;17/09/2024;;2024-09-17;;;novo_em_relatorio
DECADRON NASAL;ACHÉ LABORATÓRIOS FARMACÊUTICOS S.A;60.659.463/0029-92;463703251;04/04/2025;;2025-04-04;;;novo_em_relatorio
OTOSPORIN;FARMOQUÍMICA S/A;33.349.473/0001-58;1347490248;01/10/2024;;2024-10-01;;;novo_em_relatorio
RITMONORM;ABBOTT LABORATÓRIOS DO BRASIL LTDA;56.998.701/0001-16;240019253;20/02/2025;;2025-02-20;;;novo_em_relatorio
GLICONATO DE CALCIO 10%;HALEX ISTAR INDÚSTRIA FARMACÊUTICA SA;01.571.702/0001-98;1216239186;28/12/2018;;2018-12-28;;;novo_em_relatorio
ALIMTA;ELI LILLY DO BRASIL LTDA;43.940.618/0001-44;453832253;02/04/2025;;2025-04-02;;;novo_em_relatorio
DOXOPEG;ADIUM S.A.;55.980.684/0001-27;1101296241;12/08/2024;;2024-08-12;;;novo_em_relatorio
HIXIZINE;THERASKIN FARMACEUTICA LTDA.;61.517.397/0001-88;812482255;18/06/2025;;2025-06-18;;;novo_em_relatorio
AGUA INGLESA CATARINENSE;LABORATORIO CATARINENSE LTDA;84.684.620/0001-87;788325256;11/06/2025;;2025-06-11;;;novo_em_relatorio
DECADRON;ACHÉ LABORATÓRIOS FARMACÊUTICOS S.A;60.659.463/0029-92;497612259;10/04/2025;;2025-04-10;;;novo_em_relatorio
CAPTOPRIL;LABORATÓRIO TEUTO BRASILEIRO S/A;17.159.229/0001-76;750610255;03/06/2025;;2025-06-03;;;novo_em_relatorio
NISULID;ACHÉ LABORATÓRIOS FARMACÊUTICOS S.A;60.659.463/0029-92;322948258;10/03/2025;;2025-03-10;;;novo_em_relatorio
FENTIZOL;ACHÉ LABORATÓRIOS FARMACÊUTICOS S.A;60.659.463/0029-92;991726251;31/07/2025;;2025-07-31;;;novo_em_relatorio
BIOVIR;GLAXOSMITHKLINE BRASIL LTDA;33.247.743/0001-10;224831241;26/02/2024;;2024-02-26;;;novo_em_relatorio
LORATADINA + SULFATO DE PSEUDOEFEDRINA;GERMED FARMACEUTICA LTDA;45.992.062/0001-65;378866249;26/03/2024;;2024-03-26;;;novo_em_relatorio
ENDROSTAN;CELLERA FARMACÊUTICA S.A.;33.173.097/0002-74;918843243;05/07/2024;;2024-07-05;;;novo_em_relatorio
FLOGORAL;ACHÉ LABORATÓRIOS FARMACÊUTICOS S.A;60.659.463/0029-92;1130212254;21/08/2025;;2025-08-21;;;novo_em_relatorio
fosfato de clindamicina;UNIÃO QUÍMICA FARMACÊUTICA NACIONAL S/A;60.665.981/0001-18;356840221;28/01/2022;;2022-01-28;;;novo_em_relatorio
desonida;EMS S/A;57.507.378/0003-65;19904258;07/01/2025;;2025-01-07;;;novo_em_relatorio
BETNOVATE N;GLAXOSMITHKLINE BRASIL LTDA;33.247.743/0001-10;1481716247;29/10/2024;;2024-10-29;;;novo_em_relatorio
cloridrato de verapamil;EMS SIGMA PHARMA LTDA;00.923.140/0001-31;321172221;25/01/2022;;2022-01-25;;;novo_em_relatorio
TENOXICAM;EUROFARMA LABORATÓRIOS S.A.;61.190.096/0001-92;251140253;21/02/2025;;2025-02-21;;;novo_em_relatorio
diclofenaco resinato;EMS S/A;57.507.378/0003-65;1560559241;13/11/2024;;2024-11-13;;;novo_em_relatorio
meloxicam;ZYDUS NIKKHO FARMACÊUTICA LTDA;05.254.971/0001-81;4548446222;12/08/2022;;2022-08-12;;;novo_em_relatorio
IMUNO BCG;FUNDACAO ATAULPHO DE PAIVA;33.485.939/0001-42;647084150;22/07/2015;;2015-07-22;;;novo_em_relatorio
BENICAR HCT;DAIICHI SANKYO BRASIL FARMACÊUTICA LTDA;60.874.187/0001-84;531171256;17/04/2025;;2025-04-17;;;novo_em_relatorio
VASTAREL;LABORATÓRIOS SERVIER DO BRASIL LTDA;42.374.207/0001-76;1390197247;09/10/2024;;2024-10-09;;;novo_em_relatorio
HIZOFITO;INFAN INDUSTRIA QUIMICA FARMACEUTICA NACIONAL S/A;08.939.548/0001-03;133351178;03/01/2023;;2023-01-03;;;novo_em_relatorio
CLORIDRATO DE TRAMADOL;GERMED FARMACEUTICA LTDA;45.992.062/0001-65;1730639241;18/12/2024;;2024-12-18;;;novo_em_relatorio
MALEATO DE DEXCLORFENIRAMINA;GERMED FARMACEUTICA LTDA;45.992.062/0001-65;1459718241;23/10/2024;;2024-10-23;;;novo_em_relatorio
NAC;EMS SIGMA PHARMA LTDA;00.923.140/0001-31;677898258;20/05/2025;;2025-05-20;;;novo_em_relatorio
RESFENOL;KLEY HERTZ FARMACEUTICA S.A;92.695.691/0001-03;218586256;17/02/2025;;2025-02-17;;;novo_em_relatorio
VYTORIN;ORGANON FARMACÊUTICA LTDA.;45.987.013/0001-34;499045254;11/04/2025;;2025-04-11;;;novo_em_relatorio
PREDNISONA;UNIÃO QUÍMICA FARMACÊUTICA NACIONAL S/A;60.665.981/0001-18;124584241;01/02/2024;;2024-02-01;;;novo_em_relatorio
cloridrato de ranitidina;FARMACE INDÚSTRIA QUÍMICO-FARMACÊUTICA CEARENSE LTDA;06.628.333/0001-46;2121734203;02/07/2020;;2020-07-02;;;novo_em_relatorio
CLORIDRATO DE NAFAZOLINA;LABORATÓRIO TEUTO BRASILEIRO S/A;17.159.229/0001-76;1205445234;03/11/2023;;2023-11-03;;;novo_em_relatorio
ATENOLOL;EMS S/A;57.507.378/0003-65;856684252;30/06/2025;;2025-06-30;;;novo_em_relatorio
BACFAR;LABORATÓRIO FARMACÊUTICO ELOFAR LTDA;83.874.628/0001-43;1137534249;20/08/2024;;2024-08-20;;;novo_em_relatorio
FOSFATO DISSÓDICO DE DEXAMETASONA;HIPOLABOR FARMACEUTICA LTDA;19.570.720/0001-10;1476472246;28/10/2024;;2024-10-28;;;novo_em_relatorio
RESFEDRYL;PHARMASCIENCE INDUSTRIA FARMACEUTICA S.A;25.773.037/0001-83;243902255;20/02/2025;;2025-02-20;;;novo_em_relatorio
TYLALGIN CAF;GEOLAB INDÚSTRIA FARMACÊUTICA S/A;03.485.572/0001-04;730733254;29/05/2025;;2025-05-29;;;novo_em_relatorio
Propionato de clobetasol;GERMED FARMACEUTICA LTDA;45.992.062/0001-65;1347325247;01/10/2024;;2024-10-01;;;novo_em_relatorio
Cloridrato de diltiazem;EMS S/A;57.507.378/0003-65;1017241252;07/08/2025;;2025-08-07;;;novo_em_relatorio
NEOCAINA;CRISTÁLIA PRODUTOS QUÍMICOS FARMACÊUTICOS LTDA.;44.734.671/0001-51;1133194231;20/10/2023;;2023-10-20;;;novo_em_relatorio
PROPIONATO DE CLOBETASOL;EMS S/A;57.507.378/0003-65;428816258;28/03/2025;;2025-03-28;;;novo_em_relatorio
PROPIONATO DE CLOBETASOL;GERMED FARMACEUTICA LTDA;45.992.062/0001-65;1347361243;01/10/2024;;2024-10-01;;;novo_em_relatorio
POZATO UNI;LIBBS FARMACÊUTICA LTDA;61.230.314/0001-75;1536818241;07/11/2024;;2024-11-07;;;novo_em_relatorio
SULFATO DE POLIMIXINA B;EUROFARMA LABORATÓRIOS S.A.;61.190.096/0001-92;1163538256;01/09/2025;;2025-09-01;;;novo_em_relatorio
ZIAGENAVIR;GLAXOSMITHKLINE BRASIL LTDA;33.247.743/0001-10;1182128254;05/09/2025;;2025-09-05;;;novo_em_relatorio
LORAX;PFIZER BRASIL LTDA;61.072.393/0001-33;676452248;21/05/2024;;2024-05-21;;;novo_em_relatorio
cloridrato de paroxetina;ZYDUS NIKKHO FARMACÊUTICA LTDA;05.254.971/0001-81;705467252;24/05/2025;;2025-05-24;;;novo_em_relatorio
cloridrato de ambroxol;PRATI DONADUZZI & CIA LTDA;73.856.593/0001-66;1635005248;29/11/2024;;2024-11-29;;;novo_em_relatorio
AMOXICILINA + CLAVULANATO DE POTASSIO;EMS S/A;57.507.378/0003-65;1012717259;06/08/2025;;2025-08-06;;;novo_em_relatorio
ALBEL;GEOLAB INDÚSTRIA FARMACÊUTICA S/A;03.485.572/0001-04;1585741248;19/11/2024;;2024-11-19;;;novo_em_relatorio
KURAMED;CIMED INDUSTRIA S.A;02.814.497/0001-07;876218257;03/07/2025;;2025-07-03;;;novo_em_relatorio
VALPROATO DE SODIO;LABORATÓRIO TEUTO BRASILEIRO S/A;17.159.229/0001-76;228837251;18/02/2025;;2025-02-18;;;novo_em_relatorio
SECNIDAZOL;LABORATÓRIO TEUTO BRASILEIRO S/A;17.159.229/0001-76;3765745219;23/09/2021;;2021-09-23;;;novo_em_relatorio
DIGOXINA;LABORATÓRIO TEUTO BRASILEIRO S/A;17.159.229/0001-76;681692251;21/05/2025;;2025-05-21;;;novo_em_relatorio
ANNITA;FARMOQUÍMICA S/A;33.349.473/0001-58;683251244;22/05/2024;;2024-05-22;;;novo_em_relatorio
LORITIL;GEOLAB INDÚSTRIA FARMACÊUTICA S/A;03.485.572/0001-04;3148134195;14/11/2019;;2019-11-14;;;novo_em_relatorio
BIBAG;FRESENIUS MEDICAL CARE LTDA;01.440.590/0001-36;1504355245;01/11/2024;;2024-11-01;;;novo_em_relatorio
CLORIDRATO DE CIPROFLOXACINO;ZYDUS NIKKHO FARMACÊUTICA LTDA;05.254.971/0001-81;4316231;03/01/2023;;2023-01-03;;;novo_em_relatorio
PROPIONATO DE CLOBETASOL;LABORATÓRIO TEUTO BRASILEIRO S/A;17.159.229/0001-76;552471259;24/04/2025;;2025-04-24;;;novo_em_relatorio
TOBRAMINA;ANTIBIÓTICOS DO BRASIL LTDA;05.439.635/0001-03;1443200215;15/04/2021;;2021-04-15;;;novo_em_relatorio
CEFALEXINA;GERMED FARMACEUTICA LTDA;45.992.062/0001-65;224039245;26/02/2024;;2024-02-26;;;novo_em_relatorio
CLORIDRATO DE DOBUTAMINA;HIPOLABOR FARMACEUTICA LTDA;19.570.720/0001-10;1563462249;13/11/2024;;2024-11-13;;;novo_em_relatorio
PÍLULAS DE ERVA DE BICHO COMPOSTAS IMESCARD;LABORATÓRIOS OSÓRIO DE MORAES LTDA;19.791.813/0001-75;1476512248;28/10/2024;;2024-10-28;;;novo_em_relatorio
EPIVIR;GLAXOSMITHKLINE BRASIL LTDA;33.247.743/0001-10;706440242;27/05/2024;;2024-05-27;;;novo_em_relatorio
BICARBONATO DE SÓDIO - FARMACE;FARMACE INDÚSTRIA QUÍMICO-FARMACÊUTICA CEARENSE LTDA;06.628.333/0001-46;214653242;23/02/2024;;2024-02-23;;;novo_em_relatorio
PROPESS;LABORATÓRIOS FERRING LTDA;74.232.034/0001-48;1193161240;29/08/2024;;2024-08-29;;;novo_em_relatorio
DIAMOX;UNIÃO QUÍMICA FARMACÊUTICA NACIONAL S/A;60.665.981/0001-18;267521251;25/02/2025;;2025-02-25;;;novo_em_relatorio
VITAMINA C INJETÁVEL;FARMACE INDÚSTRIA QUÍMICO-FARMACÊUTICA CEARENSE LTDA;06.628.333/0001-46;215010248;23/02/2024;;2024-02-23;;;novo_em_relatorio
FLUCONAZOL;ZYDUS NIKKHO FARMACÊUTICA LTDA;05.254.971/0001-81;815162138;26/09/2013;;2013-09-26;;;novo_em_relatorio
SOLUÇÃO GLICOFISIOLÓGICA EQUIPLEX;EQUIPLEX INDÚSTRIA FARMACÊUTICA LTDA;01.784.792/0001-03;953346251;22/07/2025;;2025-07-22;;;novo_em_relatorio
CETOCONAZOL;EMS S/A;57.507.378/0003-65;88041255;21/01/2025;;2025-01-21;;;novo_em_relatorio
triancinolona acetonida;PRATI DONADUZZI & CIA LTDA;73.856.593/0001-66;810417251;17/06/2025;;2025-06-17;;;novo_em_relatorio
TROMBOFOB GEL;ABBOTT LABORATÓRIOS DO BRASIL LTDA;56.998.701/0001-16;56348258;15/01/2025;;2025-01-15;;;novo_em_relatorio
MUCOFAN;UNIÃO QUÍMICA FARMACÊUTICA NACIONAL S/A;60.665.981/0001-18;15836240;05/01/2024;;2024-01-05;;;novo_em_relatorio
anastrozol;EUROFARMA LABORATÓRIOS S.A.;61.190.096/0001-92;1322704244;26/09/2024;;2024-09-26;;;novo_em_relatorio
TYGACIL;PFIZER BRASIL LTDA;61.072.393/0001-33;1718762241;17/12/2024;;2024-12-17;;;novo_em_relatorio
adapaleno;GERMED FARMACEUTICA LTDA;45.992.062/0001-65;155541251;04/02/2025;;2025-02-04;;;novo_em_relatorio
SULFATO DE TERBUTALINA;UNIÃO QUÍMICA FARMACÊUTICA NACIONAL S/A;60.665.981/0001-18;681734203;06/03/2020;;2020-03-06;;;novo_em_relatorio
butilbrometo de escopolamina + dipirona sódica;FARMACE INDÚSTRIA QUÍMICO-FARMACÊUTICA CEARENSE LTDA;06.628.333/0001-46;215160240;23/02/2024;;2024-02-23;;;novo_em_relatorio
AMINOFILINA;HIPOLABOR FARMACEUTICA LTDA;19.570.720/0001-10;1557189242;12/11/2024;;2024-11-12;;;novo_em_relatorio
MONONITRATO DE ISOSSORBIDA;ZYDUS NIKKHO FARMACÊUTICA LTDA;05.254.971/0001-81;1113287250;18/08/2025;;2025-08-18;;;novo_em_relatorio
BROMETO DE IPRATRÓPIO;LABORATÓRIO TEUTO BRASILEIRO S/A;17.159.229/0001-76;682238252;21/05/2025;;2025-05-21;;;novo_em_relatorio
CORDIL;LABORATÓRIO TEUTO BRASILEIRO S/A;17.159.229/0001-76;592803236;12/06/2023;;2023-06-12;;;novo_em_relatorio
sulfato de neomicina + bacitracina zíncica;PRATI DONADUZZI & CIA LTDA;73.856.593/0001-66;1252209240;11/09/2024;;2024-09-11;;;novo_em_relatorio
dipirona monoidratada;HIPOLABOR FARMACEUTICA LTDA;19.570.720/0001-10;839987234;10/08/2023;;2023-08-10;;;novo_em_relatorio
nistatina;THEODORO F SOBRAL & CIA LTDA;06.597.801/0001-62;855200182;31/08/2018;;2018-08-31;;;novo_em_relatorio
CPHD GENIUS;FRESENIUS MEDICAL CARE LTDA;01.440.590/0001-36;1627485244;28/11/2024;;2024-11-28;;;novo_em_relatorio
clonazepam;EMS S/A;57.507.378/0003-65;971505250;25/07/2025;;2025-07-25;;;novo_em_relatorio
ACETILCISTEÍNA;PRATI DONADUZZI & CIA LTDA;73.856.593/0001-66;706526236;10/07/2023;;2023-07-10;;;novo_em_relatorio
DIPIRONA;LABORATÓRIO TEUTO BRASILEIRO S/A;17.159.229/0001-76;528832255;17/04/2025;;2025-04-17;;;novo_em_relatorio
CLORIDRATO DE CLINDAMICINA;LABORATÓRIO TEUTO BRASILEIRO S/A;17.159.229/0001-76;510691251;14/04/2025;;2025-04-14;;;novo_em_relatorio
mesalazina;EMS S/A;57.507.378/0003-65;925635251;16/07/2025;;2025-07-16;;;novo_em_relatorio
mesalazina;GERMED FARMACEUTICA LTDA;45.992.062/0001-65;661989241;17/05/2024;;2024-05-17;;;novo_em_relatorio
cloridrato de fluoxetina;GERMED FARMACEUTICA LTDA;45.992.062/0001-65;88592251;21/01/2025;;2025-01-21;;;novo_em_relatorio
Pomada de Erva de Bicho Adrenalina e Hamamélis Composta Imescard;LABORATÓRIOS OSÓRIO DE MORAES LTDA;19.791.813/0001-75;555217230;31/05/2023;;2023-05-31;;;novo_em_relatorio
MEBENIX;CIMED INDUSTRIA S.A;02.814.497/0001-07;300943172;23/02/2017;;2017-02-23;;;novo_em_relatorio
mesilato de doxazosina;EMS S/A;57.507.378/0003-65;1001760255;04/08/2025;;2025-08-04;;;novo_em_relatorio
Fenitoína;LABORATÓRIO TEUTO BRASILEIRO S/A;17.159.229/0001-76;617461252;07/05/2025;;2025-05-07;;;novo_em_relatorio
SULFATO DE GENTAMICINA;HIPOLABOR FARMACEUTICA LTDA;19.570.720/0001-10;1600809243;22/11/2024;;2024-11-22;;;novo_em_relatorio
levofloxacino;EMS S/A;57.507.378/0003-65;569405254;28/04/2025;;2025-04-28;;;novo_em_relatorio
cloridrato de bupivacaína hiperbárica;HYPOFARMA - INSTITUTO DE HYPODERMIA E FARMÁCIA LTDA;17.174.657/0001-78;1014222257;06/08/2025;;2025-08-06;;;novo_em_relatorio
CARBAMAZEPINA;LABORATÓRIO TEUTO BRASILEIRO S/A;17.159.229/0001-76;578414252;29/04/2025;;2025-04-29;;;novo_em_relatorio
ACETATO DE DEXAMETASONA;PRATI DONADUZZI & CIA LTDA;73.856.593/0001-66;1257767241;12/09/2024;;2024-09-12;;;novo_em_relatorio
ÁGUA PARA INJEÇÃO;ANTIBIÓTICOS DO BRASIL LTDA;05.439.635/0001-03;460415176;22/03/2017;;2017-03-22;;;novo_em_relatorio
CLORIDRATO DE METFORMINA;AUROBINDO PHARMA INDÚSTRIA FARMACÊUTICA LIMITADA;04.301.884/0001-75;3748996217;22/09/2021;;2021-09-22;;;novo_em_relatorio
LFM - OFLOXACINO;LABORATÓRIO FARMACÊUTICO DA MARINHA;00.394.502/0071-57;1720128243;17/12/2024;;2024-12-17;;;novo_em_relatorio
GABAPENTINA;EMS S/A;57.507.378/0003-65;1063234239;05/10/2023;;2023-10-05;;;novo_em_relatorio
ELANI;LIBBS FARMACÊUTICA LTDA;61.230.314/0001-75;617509255;07/05/2025;;2025-05-07;;;novo_em_relatorio
FENAREN;UNIÃO QUÍMICA FARMACÊUTICA NACIONAL S/A;60.665.981/0001-18;637803256;12/05/2025;;2025-05-12;;;novo_em_relatorio
ERITROPOIETINA;CHRON EPIGEN INDÚSTRIA E COMÉRCIO LTDA;04.415.365/0001-38;243619171;13/02/2017;;2017-02-13;;;novo_em_relatorio
TOPIRAMATO;EMS S/A;57.507.378/0003-65;651548250;14/05/2025;;2025-05-14;;;novo_em_relatorio
OTO BETNOVATE;FARMOQUÍMICA S/A;33.349.473/0001-58;1419444247;16/10/2024;;2024-10-16;;;novo_em_relatorio
DORSPAN;EMS S/A;57.507.378/0003-65;988251256;30/07/2025;;2025-07-30;;;novo_em_relatorio
AMOXIL;GLAXOSMITHKLINE BRASIL LTDA;33.247.743/0001-10;709680252;26/05/2025;;2025-05-26;;;novo_em_relatorio
DOBUTREX;ANTIBIÓTICOS DO BRASIL LTDA;05.439.635/0001-03;1445458211;15/04/2021;;2021-04-15;;;novo_em_relatorio
DESONIDA;GERMED FARMACEUTICA LTDA;45.992.062/0001-65;1423607244;16/10/2024;;2024-10-16;;;novo_em_relatorio
NITRAZEPAM (PORT 344/98 LISTA B1);GERMED FARMACEUTICA LTDA;45.992.062/0001-65;767646240;07/06/2024;;2024-06-07;;;novo_em_relatorio
PARKIDOPA;CRISTÁLIA PRODUTOS QUÍMICOS FARMACÊUTICOS LTDA.;44.734.671/0001-51;539694258;22/04/2025;;2025-04-22;;;novo_em_relatorio
XOLAIR;NOVARTIS BIOCIENCIAS S.A;56.994.502/0001-30;653557256;14/05/2025;;2025-05-14;;;novo_em_relatorio
TENADREN;EMS SIGMA PHARMA LTDA;00.923.140/0001-31;1011219255;06/08/2025;;2025-08-06;;;novo_em_relatorio
DICLOFENACO COLESTIRAMINA;GERMED FARMACEUTICA LTDA;45.992.062/0001-65;1088966250;15/08/2025;;2025-08-15;;;novo_em_relatorio
nitrato de oxiconazol;PRATI DONADUZZI & CIA LTDA;73.856.593/0001-66;526994258;17/04/2025;;2025-04-17;;;novo_em_relatorio
DIPRIN;GEOLAB INDÚSTRIA FARMACÊUTICA S/A;03.485.572/0001-04;545669251;23/04/2025;;2025-04-23;;;novo_em_relatorio
ANDANTOL;ACHÉ LABORATÓRIOS FARMACÊUTICOS S.A;60.659.463/0029-92;328453251;11/03/2025;;2025-03-11;;;novo_em_relatorio
URSACOL;ZAMBON LABORATÓRIOS FARMACÊUTICOS LTDA.;61.100.004/0001-36;1024718247;26/07/2024;;2024-07-26;;;novo_em_relatorio
ZYRTEC;GLAXOSMITHKLINE BRASIL LTDA;33.247.743/0001-10;45600252;13/01/2025;;2025-01-13;;;novo_em_relatorio
CLORIDRATO DE METOCLOPRAMIDA;LABORATÓRIO TEUTO BRASILEIRO S/A;17.159.229/0001-76;196043255;12/02/2025;;2025-02-12;;;novo_em_relatorio
MALEATO DE DEXCLORFENIRAMINA + BETAMETASONA;UNIÃO QUÍMICA FARMACÊUTICA NACIONAL S/A;60.665.981/0001-18;1035380242;30/07/2024;;2024-07-30;;;novo_em_relatorio
fenobarbital;UNIÃO QUÍMICA FARMACÊUTICA NACIONAL S/A;60.665.981/0001-18;438362250;31/03/2025;;2025-03-31;;;novo_em_relatorio
KEROXIME;ANTIBIÓTICOS DO BRASIL LTDA;05.439.635/0001-03;1408127245;14/10/2024;;2024-10-14;;;novo_em_relatorio
VELCADE;JANSSEN-CILAG FARMACÊUTICA LTDA;51.780.468/0001-87;1179526244;28/08/2024;;2024-08-28;;;novo_em_relatorio
DICLOFENACO COLESTIRAMINA;EMS S/A;57.507.378/0003-65;1088920250;15/08/2025;;2025-08-15;;;novo_em_relatorio
GRIPALCÊ;BRASTERAPICA PHARMACEUTICA LTDA.;46.179.008/0001-68;1007344253;05/08/2025;;2025-08-05;;;novo_em_relatorio
BIALERGE;LABORATÓRIO FARMACÊUTICO ELOFAR LTDA;83.874.628/0001-43;1159020256;29/08/2025;;2025-08-29;;;novo_em_relatorio
losartana potássica;EUROFARMA LABORATÓRIOS S.A.;61.190.096/0001-92;773629254;09/06/2025;;2025-06-09;;;novo_em_relatorio
LEVOZINE;CRISTÁLIA PRODUTOS QUÍMICOS FARMACÊUTICOS LTDA.;44.734.671/0001-51;539089257;22/04/2025;;2025-04-22;;;novo_em_relatorio
ESMERON;MERCK SHARP & DOHME FARMACEUTICA LTDA.;03.560.974/0001-18;24595250;08/01/2025;;2025-01-08;;;novo_em_relatorio
ANDROCORTIL;LABORATÓRIO TEUTO BRASILEIRO S/A;17.159.229/0001-76;617902259;07/05/2025;;2025-05-07;;;novo_em_relatorio
MERACILINA;ACHÉ LABORATÓRIOS FARMACÊUTICOS S.A;60.659.463/0029-92;1041259210;17/03/2021;;2021-03-17;;;novo_em_relatorio
EMISTIN;EMS S/A;57.507.378/0003-65;1177514257;04/09/2025;;2025-09-04;;;novo_em_relatorio
BESILATO DE ANLODIPINO;EMS S/A;57.507.378/0003-65;1438291248;18/10/2024;;2024-10-18;;;novo_em_relatorio
PILULAS DE LUSSEN;LABORATÓRIOS OSÓRIO DE MORAES LTDA;19.791.813/0001-75;1476502242;28/10/2024;;2024-10-28;;;novo_em_relatorio
maleato de dexclorfeniramina;EMS S/A;57.507.378/0003-65;603000258;05/05/2025;;2025-05-05;;;novo_em_relatorio
RAPILAX;KLEY HERTZ FARMACEUTICA S.A;92.695.691/0001-03;240976213;19/01/2021;;2021-01-19;;;novo_em_relatorio
PAMERGAN;CRISTÁLIA PRODUTOS QUÍMICOS FARMACÊUTICOS LTDA.;44.734.671/0001-51;183768256;10/02/2025;;2025-02-10;;;novo_em_relatorio
SOLUCAO DE GLICOSE;EQUIPLEX INDÚSTRIA FARMACÊUTICA LTDA;01.784.792/0001-03;437273253;31/03/2025;;2025-03-31;;;novo_em_relatorio
FLUXENE;EUROFARMA LABORATÓRIOS S.A.;61.190.096/0001-92;797791256;13/06/2025;;2025-06-13;;;novo_em_relatorio
BACTROPIN;CIMED INDUSTRIA S.A;02.814.497/0001-07;741197209;11/03/2020;;2020-03-11;;;novo_em_relatorio
SELOKEN;ASTRAZENECA DO BRASIL LTDA;60.318.797/0001-00;805996257;17/06/2025;;2025-06-17;;;novo_em_relatorio
AEROLIN;GLAXOSMITHKLINE BRASIL LTDA;33.247.743/0001-10;1144316251;26/08/2025;;2025-08-26;;;novo_em_relatorio
IBUPRIL;LABORATÓRIO TEUTO BRASILEIRO S/A;17.159.229/0001-76;1731676247;18/12/2024;;2024-12-18;;;novo_em_relatorio
CICLO 21;UNIÃO QUÍMICA FARMACÊUTICA NACIONAL S/A;60.665.981/0001-18;1624886248;27/11/2024;;2024-11-27;;;novo_em_relatorio
DEPAKENE;ABBOTT LABORATÓRIOS DO BRASIL LTDA;56.998.701/0001-16;1591250242;21/11/2024;;2024-11-21;;;novo_em_relatorio
JP MANITOL;JP INDUSTRIA FARMACEUTICA S/A;55.972.087/0001-50;801305250;16/06/2025;;2025-06-16;;;novo_em_relatorio
dexametasona;EMS S/A;57.507.378/0003-65;843974257;27/06/2025;;2025-06-27;;;novo_em_relatorio
CICLOPIROX OLAMINA;PHARLAB INDÚSTRIA FARMACÊUTICA S.A.;02.501.297/0001-02;793997259;12/06/2025;;2025-06-12;;;novo_em_relatorio
CICLOVULAR;UNIÃO QUÍMICA FARMACÊUTICA NACIONAL S/A;60.665.981/0001-18;1198810246;30/08/2024;;2024-08-30;;;novo_em_relatorio
DICLOFENACO SÓDICO;HYPOFARMA - INSTITUTO DE HYPODERMIA E FARMÁCIA LTDA;17.174.657/0001-78;672896257;19/05/2025;;2025-05-19;;;novo_em_relatorio
APETIVAN BC;PHARMASCIENCE INDUSTRIA FARMACEUTICA S.A;25.773.037/0001-83;213254255;14/02/2025;;2025-02-14;;;novo_em_relatorio
POLVILHO ANTISSÉPTICO GRANADO;CASA GRANADO LABORATÓRIOS, FARMÁCIAS E DROGARIAS S/A;33.109.356/0001-17;869835254;02/07/2025;;2025-07-02;;;novo_em_relatorio
CLISTEROL;JP INDUSTRIA FARMACEUTICA S/A;55.972.087/0001-50;897387252;08/07/2025;;2025-07-08;;;novo_em_relatorio
ALIMAX;CRISTÁLIA PRODUTOS QUÍMICOS FARMACÊUTICOS LTDA.;44.734.671/0001-51;803078251;16/06/2025;;2025-06-16;;;novo_em_relatorio
ANDRIODERMOL;UNIÃO QUÍMICA FARMACÊUTICA NACIONAL S/A;60.665.981/0001-18;345483251;14/03/2025;;2025-03-14;;;novo_em_relatorio
DOMPERIDONA;RANBAXY FARMACÊUTICA LTDA;73.663.650/0001-90;1111931259;18/08/2025;;2025-08-18;;;novo_em_relatorio
DIPROPIONATO DE BETAMETASONA + SULFATO DE GENTAMICINA;EMS S/A;57.507.378/0003-65;645344257;13/05/2025;;2025-05-13;;;novo_em_relatorio
AURIS-SEDINA;LABORATÓRIOS OSÓRIO DE MORAES LTDA;19.791.813/0001-75;888306245;28/06/2024;;2024-06-28;;;novo_em_relatorio
cloridrato de tramadol;GERMED FARMACEUTICA LTDA;45.992.062/0001-65;1730992242;18/12/2024;;2024-12-18;;;novo_em_relatorio
cloridrato de fluoxetina;GERMED FARMACEUTICA LTDA;45.992.062/0001-65;97524255;23/01/2025;;2025-01-23;;;novo_em_relatorio
SINGULAIR;ORGANON FARMACÊUTICA LTDA.;45.987.013/0001-34;746023251;02/06/2025;;2025-06-02;;;novo_em_relatorio
DIPROPIONATO DE BETAMETASONA;EMS S/A;57.507.378/0003-65;880979259;04/07/2025;;2025-07-04;;;novo_em_relatorio
Clotrimazol;EMS S/A;57.507.378/0003-65;58516255;15/01/2025;;2025-01-15;;;novo_em_relatorio
BACTROBAN;GLAXOSMITHKLINE BRASIL LTDA;33.247.743/0001-10;1144323258;26/08/2025;;2025-08-26;;;novo_em_relatorio
CEFALEXINA;AUROBINDO PHARMA INDÚSTRIA FARMACÊUTICA LIMITADA;04.301.884/0001-75;1451959231;20/12/2023;;2023-12-20;;;novo_em_relatorio
LIDOJET;UNIÃO QUÍMICA FARMACÊUTICA NACIONAL S/A;60.665.981/0001-18;1140328255;25/08/2025;;2025-08-25;;;novo_em_relatorio
cloridrato de tramadol;EMS S/A;57.507.378/0003-65;1730849245;18/12/2024;;2024-12-18;;;novo_em_relatorio
NATRILIX;LABORATÓRIOS SERVIER DO BRASIL LTDA;42.374.207/0001-76;92434240;24/01/2024;;2024-01-24;;;novo_em_relatorio
SERETIDE;GLAXOSMITHKLINE BRASIL LTDA;33.247.743/0001-10;792410254;12/06/2025;;2025-06-12;;;novo_em_relatorio
Clotrimazol;GERMED FARMACEUTICA LTDA;45.992.062/0001-65;1739692241;19/12/2024;;2024-12-19;;;novo_em_relatorio
GLIBENCLAMIDA;ZYDUS NIKKHO FARMACÊUTICA LTDA;05.254.971/0001-81;1556391210;23/04/2021;;2021-04-23;;;novo_em_relatorio
DEFLAZACORTE;EMS S/A;57.507.378/0003-65;389481246;28/03/2024;;2024-03-28;;;novo_em_relatorio
ZOLADEX;ASTRAZENECA DO BRASIL LTDA;60.318.797/0001-00;804768251;16/06/2025;;2025-06-16;;;novo_em_relatorio
CLORIDRATO DE NORTRIPTILINA;RANBAXY FARMACÊUTICA LTDA;73.663.650/0001-90;23745258;08/01/2025;;2025-01-08;;;novo_em_relatorio
mesilato de doxazosina;RANBAXY FARMACÊUTICA LTDA;73.663.650/0001-90;1066705259;14/08/2025;;2025-08-14;;;novo_em_relatorio
LENIX;APSEN FARMACEUTICA S/A;62.462.015/0001-29;824460251;23/06/2025;;2025-06-23;;;novo_em_relatorio
TRIANCINOLONA ACETONIDA;GERMED FARMACEUTICA LTDA;45.992.062/0001-65;1263431241;13/09/2024;;2024-09-13;;;novo_em_relatorio
CLORIDRATO DE VANCOMICINA;LABORATÓRIO TEUTO BRASILEIRO S/A;17.159.229/0001-76;617706255;07/05/2025;;2025-05-07;;;novo_em_relatorio
BETNOVATE;GLAXOSMITHKLINE BRASIL LTDA;33.247.743/0001-10;1169082254;02/09/2025;;2025-09-02;;;novo_em_relatorio
aminofilina;FARMACE INDÚSTRIA QUÍMICO-FARMACÊUTICA CEARENSE LTDA;06.628.333/0001-46;472720252;07/04/2025;;2025-04-07;;;novo_em_relatorio
NORDETTE;PFIZER BRASIL LTDA;61.072.393/0001-33;676846246;21/05/2024;;2024-05-21;;;novo_em_relatorio
Propionato de clobetasol;EMS S/A;57.507.378/0003-65;924203251;16/07/2025;;2025-07-16;;;novo_em_relatorio
VENLAXIN XR;EUROFARMA LABORATÓRIOS S.A.;61.190.096/0001-92;1388371243;09/10/2024;;2024-10-09;;;novo_em_relatorio
DESONIDA;GERMED FARMACEUTICA LTDA;45.992.062/0001-65;1422953246;16/10/2024;;2024-10-16;;;novo_em_relatorio
FLOGO-ROSA;ACHÉ LABORATÓRIOS FARMACÊUTICOS S.A;60.659.463/0029-92;939949253;21/07/2025;;2025-07-21;;;novo_em_relatorio
CORTIDEX;PHARLAB INDÚSTRIA FARMACÊUTICA S.A.;02.501.297/0001-02;770909256;09/06/2025;;2025-06-09;;;novo_em_relatorio
MECLIN;APSEN FARMACEUTICA S/A;62.462.015/0001-29;601467256;05/05/2025;;2025-05-05;;;novo_em_relatorio
ARNICA WELEDA;WELEDA DO BRASIL LABORATÓRIO E FARMÁCIA LTDA;56.992.217/0001-80;1200540255;10/09/2025;;2025-09-10;;;novo_em_relatorio
CELERGIN;EMS S/A;57.507.378/0003-65;601852257;05/05/2025;;2025-05-05;;;novo_em_relatorio
PROSIGNE;CRISTÁLIA PRODUTOS QUÍMICOS FARMACÊUTICOS LTDA.;44.734.671/0001-51;305916254;06/03/2025;;2025-03-06;;;novo_em_relatorio
COLPISTATIN;ACHÉ LABORATÓRIOS FARMACÊUTICOS S.A;60.659.463/0029-92;456206256;03/04/2025;;2025-04-03;;;novo_em_relatorio
DIAD;CIMED INDUSTRIA S.A;02.814.497/0001-07;692506250;23/05/2025;;2025-05-23;;;novo_em_relatorio
AZUKON MR;TORRENT DO BRASIL LTDA;33.078.528/0001-32;346692245;20/03/2024;;2024-03-20;;;novo_em_relatorio
NAPRIX A;LIBBS FARMACÊUTICA LTDA;61.230.314/0001-75;538644257;22/04/2025;;2025-04-22;;;novo_em_relatorio
ZOMETA;NOVARTIS BIOCIENCIAS S.A;56.994.502/0001-30;1353118231;30/11/2023;;2023-11-30;;;novo_em_relatorio
SODIX;GEOLAB INDÚSTRIA FARMACÊUTICA S/A;03.485.572/0001-04;679551255;20/05/2025;;2025-05-20;;;novo_em_relatorio
TYLALGIN;GEOLAB INDÚSTRIA FARMACÊUTICA S/A;03.485.572/0001-04;2656443229;02/05/2022;;2022-05-02;;;novo_em_relatorio
DIUREMIDA;GEOLAB INDÚSTRIA FARMACÊUTICA S/A;03.485.572/0001-04;1667202243;05/12/2024;;2024-12-05;;;novo_em_relatorio
SEACALCIT;LABORATÓRIO QUÍMICO FARMACÊUTICO BERGAMO LTDA;61.282.661/0001-41;868167240;26/06/2024;;2024-06-26;;;novo_em_relatorio
UNIFEPIM;UNIÃO QUÍMICA FARMACÊUTICA NACIONAL S/A;60.665.981/0001-18;434912247;05/04/2024;;2024-04-05;;;novo_em_relatorio
MALEATO DE DEXCLORFENIRAMINA + BETAMETASONA;LABORATÓRIO TEUTO BRASILEIRO S/A;17.159.229/0001-76;458058254;03/04/2025;;2025-04-03;;;novo_em_relatorio
PREVIGRIP;WELEDA DO BRASIL LABORATÓRIO E FARMÁCIA LTDA;56.992.217/0001-80;1193532256;09/09/2025;;2025-09-09;;;novo_em_relatorio
FLUCANIL;GEOLAB INDÚSTRIA FARMACÊUTICA S/A;03.485.572/0001-04;548239258;23/04/2025;;2025-04-23;;;novo_em_relatorio
LIPOSIC;BL INDÚSTRIA OTICA LTDA;27.011.022/0001-03;278890253;27/02/2025;;2025-02-27;;;novo_em_relatorio
GAMAX;INFAN INDUSTRIA QUIMICA FARMACEUTICA NACIONAL S/A;08.939.548/0001-03;2594870169;03/01/2023;;2023-01-03;;;novo_em_relatorio
NARIDRIN;EMS S/A;57.507.378/0003-65;658220250;15/05/2025;;2025-05-15;;;novo_em_relatorio
ACERATUM;CELLERA FARMACÊUTICA S.A.;33.173.097/0002-74;1143192249;20/08/2024;;2024-08-20;;;novo_em_relatorio
AMOXICILINA;EMS S/A;57.507.378/0003-65;172740258;07/02/2025;;2025-02-07;;;novo_em_relatorio
CETOPROFENO;EMS S/A;57.507.378/0003-65;53353251;14/01/2025;;2025-01-14;;;novo_em_relatorio
QUADRINEO;VITAMEDIC INDUSTRIA FARMACEUTICA LTDA;30.222.814/0001-31;382652190;29/04/2019;;2019-04-29;;;novo_em_relatorio
MALEATO DE DEXCLORFENIRAMINA + BETAMETASONA;PRATI DONADUZZI & CIA LTDA;73.856.593/0001-66;1660472245;04/12/2024;;2024-12-04;;;novo_em_relatorio
TRICORTID;PHARLAB INDÚSTRIA FARMACÊUTICA S.A.;02.501.297/0001-02;732651255;29/05/2025;;2025-05-29;;;novo_em_relatorio
CLORIDRATO DE CIPROFLOXACINO;AUROBINDO PHARMA INDÚSTRIA FARMACÊUTICA LIMITADA;04.301.884/0001-75;5074455227;20/12/2022;;2022-12-20;;;novo_em_relatorio
EVIR;CRISTÁLIA PRODUTOS QUÍMICOS FARMACÊUTICOS LTDA.;44.734.671/0001-51;546194257;23/04/2025;;2025-04-23;;;novo_em_relatorio
GLICAMIN;GEOLAB INDÚSTRIA FARMACÊUTICA S/A;03.485.572/0001-04;362051259;18/03/2025;;2025-03-18;;;novo_em_relatorio
TELOL;GEOLAB INDÚSTRIA FARMACÊUTICA S/A;03.485.572/0001-04;542964201;21/02/2020;;2020-02-21;;;novo_em_relatorio
PARATRAM;ADIUM S.A.;55.980.684/0001-27;1437076238;18/12/2023;;2023-12-18;;;novo_em_relatorio
FILGRASTINE;BLAU FARMACÊUTICA S.A.;58.430.828/0001-60;1110814259;18/08/2025;;2025-08-18;;;novo_em_relatorio
cloridrato de irinotecano;EUROFARMA LABORATÓRIOS S.A.;61.190.096/0001-92;758001258;04/06/2025;;2025-06-04;;;novo_em_relatorio
IRUXOL;ABBOTT LABORATÓRIOS DO BRASIL LTDA;56.998.701/0001-16;1720156247;17/12/2024;;2024-12-17;;;novo_em_relatorio
LORATADINA;PRATI DONADUZZI & CIA LTDA;73.856.593/0001-66;1230792244;06/09/2024;;2024-09-06;;;novo_em_relatorio
PROBENXIL;CIMED INDUSTRIA S.A;02.814.497/0001-07;20072244;08/01/2024;;2024-01-08;;;novo_em_relatorio
CATAFLAM;NOVARTIS BIOCIENCIAS S.A;56.994.502/0001-30;963309251;23/07/2025;;2025-07-23;;;novo_em_relatorio
EBIX;LUNDBECK BRASIL LTDA;04.522.600/0001-70;1516832218;20/04/2021;;2021-04-20;;;novo_em_relatorio
cloridrato de lidocaína;HIPOLABOR FARMACEUTICA LTDA;19.570.720/0001-10;1616391243;26/11/2024;;2024-11-26;;;novo_em_relatorio
EPREX;JANSSEN-CILAG FARMACÊUTICA LTDA;51.780.468/0001-87;1137430249;20/08/2024;;2024-08-20;;;novo_em_relatorio
clorotalidona;EMS S/A;57.507.378/0003-65;824897251;23/06/2025;;2025-06-23;;;novo_em_relatorio
STER;UNIÃO QUÍMICA FARMACÊUTICA NACIONAL S/A;60.665.981/0001-18;1181644241;28/08/2024;;2024-08-28;;;novo_em_relatorio
CETROLAC;UNIÃO QUÍMICA FARMACÊUTICA NACIONAL S/A;60.665.981/0001-18;1128492253;21/08/2025;;2025-08-21;;;novo_em_relatorio
besilato de anlodipino;MERCK S/A;33.069.212/0001-84;431640254;28/03/2025;;2025-03-28;;;novo_em_relatorio
INSETIVAC;LABORATORIO DE EXTRATOS ALERGENICOS LTDA;28.614.626/0001-07;1313699241;24/09/2024;;2024-09-24;;;novo_em_relatorio
CYMEVIR;HALEX ISTAR INDÚSTRIA FARMACÊUTICA SA;01.571.702/0001-98;322009235;30/03/2023;;2023-03-30;;;novo_em_relatorio
MOMENT;APSEN FARMACEUTICA S/A;62.462.015/0001-29;843616253;27/06/2025;;2025-06-27;;;novo_em_relatorio
CARBOLITIUM;EUROFARMA LABORATÓRIOS S.A.;61.190.096/0001-92;1190059258;08/09/2025;;2025-09-08;;;novo_em_relatorio
NEO DECAPEPTYL;ACHÉ LABORATÓRIOS FARMACÊUTICOS S.A;60.659.463/0029-92;1083856251;15/08/2025;;2025-08-15;;;novo_em_relatorio
CONDROFLEX;ADIUM S.A.;55.980.684/0001-27;48551244;15/01/2024;;2024-01-15;;;novo_em_relatorio
DIOVAN HCT;NOVARTIS BIOCIENCIAS S.A;56.994.502/0001-30;1189906252;08/09/2025;;2025-09-08;;;novo_em_relatorio
GLAUCOTRAT;UNIÃO QUÍMICA FARMACÊUTICA NACIONAL S/A;60.665.981/0001-18;788573250;11/06/2025;;2025-06-11;;;novo_em_relatorio
DRUSOLOL;UNIÃO QUÍMICA FARMACÊUTICA NACIONAL S/A;60.665.981/0001-18;1122460252;20/08/2025;;2025-08-20;;;novo_em_relatorio
CRISTALIN;UNIÃO QUÍMICA FARMACÊUTICA NACIONAL S/A;60.665.981/0001-18;418229244;03/04/2024;;2024-04-03;;;novo_em_relatorio
ADOLESS;FARMOQUÍMICA S/A;33.349.473/0001-58;228854245;27/02/2024;;2024-02-27;;;novo_em_relatorio
dipirona sódica;EQUIPLEX INDÚSTRIA FARMACÊUTICA LTDA;01.784.792/0001-03;870598184;05/09/2018;;2018-09-05;;;novo_em_relatorio
DIOSMIN;ACHÉ LABORATÓRIOS FARMACÊUTICOS S.A;60.659.463/0029-92;712982256;27/05/2025;;2025-05-27;;;novo_em_relatorio
omeprazol;EMS S/A;57.507.378/0003-65;1672048249;06/12/2024;;2024-12-06;;;novo_em_relatorio
TOPCOID;UNIÃO QUÍMICA FARMACÊUTICA NACIONAL S/A;60.665.981/0001-18;541154257;22/04/2025;;2025-04-22;;;novo_em_relatorio
CLORIDRATO DE FEXOFENADINA;RANBAXY FARMACÊUTICA LTDA;73.663.650/0001-90;1537384244;07/11/2024;;2024-11-07;;;novo_em_relatorio
MEPENOX;INSTITUTO BIOCHIMICO INDÚSTRIA FARMACÊUTICA LTDA;33.258.401/0001-03;325799253;11/03/2025;;2025-03-11;;;novo_em_relatorio
SORO ANTITETÂNICO;INSTITUTO VITAL BRAZIL S/A;30.064.034/0001-00;873959256;03/07/2025;;2025-07-03;;;novo_em_relatorio
LACRIFILM;UNIÃO QUÍMICA FARMACÊUTICA NACIONAL S/A;60.665.981/0001-18;1140271253;25/08/2025;;2025-08-25;;;novo_em_relatorio
ONTRAX;BLAU FARMACÊUTICA S.A.;58.430.828/0001-60;1389435245;09/10/2024;;2024-10-09;;;novo_em_relatorio
AMINOFILINA;LABORATÓRIO TEUTO BRASILEIRO S/A;17.159.229/0001-76;273230255;26/02/2025;;2025-02-26;;;novo_em_relatorio
INDAPEN SR;TORRENT DO BRASIL LTDA;33.078.528/0001-32;288541243;08/03/2024;;2024-03-08;;;novo_em_relatorio
OCUPRESS;UNIÃO QUÍMICA FARMACÊUTICA NACIONAL S/A;60.665.981/0001-18;1192624246;29/08/2024;;2024-08-29;;;novo_em_relatorio
RESTASIS;ALLERGAN PRODUTOS FARMACÊUTICOS LTDA;43.426.626/0001-77;565267230;02/06/2023;;2023-06-02;;;novo_em_relatorio
ULTIDIN;GEOLAB INDÚSTRIA FARMACÊUTICA S/A;03.485.572/0001-04;414418180;23/05/2018;;2018-05-23;;;novo_em_relatorio
CIMETIDINA;LABORATÓRIO TEUTO BRASILEIRO S/A;17.159.229/0001-76;552276251;24/04/2025;;2025-04-24;;;novo_em_relatorio
SULFAMETOXAZOL + TRIMETOPRIMA;LABORATÓRIO TEUTO BRASILEIRO S/A;17.159.229/0001-76;1128227240;16/08/2024;;2024-08-16;;;novo_em_relatorio
NAPROXENO;LABORATÓRIO TEUTO BRASILEIRO S/A;17.159.229/0001-76;1039261248;30/07/2024;;2024-07-30;;;novo_em_relatorio
ENCRISE;BIOLAB SANUS FARMACÊUTICA LTDA;49.475.833/0001-06;1010728253;06/08/2025;;2025-08-06;;;novo_em_relatorio
CINARIZINA;RANBAXY FARMACÊUTICA LTDA;73.663.650/0001-90;1333122241;27/09/2024;;2024-09-27;;;novo_em_relatorio
ATENOLOL + CLORTALIDONA;EMS S/A;57.507.378/0003-65;889810257;07/07/2025;;2025-07-07;;;novo_em_relatorio
ARTEMIDIS 35;EMS SIGMA PHARMA LTDA;00.923.140/0001-31;311931251;07/03/2025;;2025-03-07;;;novo_em_relatorio
ARADOIS H;BIOLAB SANUS FARMACÊUTICA LTDA;49.475.833/0001-06;1189302250;08/09/2025;;2025-09-08;;;novo_em_relatorio
VALTREX;GLAXOSMITHKLINE BRASIL LTDA;33.247.743/0001-10;991284259;31/07/2025;;2025-07-31;;;novo_em_relatorio
CRISPRED;CRISTÁLIA PRODUTOS QUÍMICOS FARMACÊUTICOS LTDA.;44.734.671/0001-51;795374259;13/06/2025;;2025-06-13;;;novo_em_relatorio
CLORIDRATO DE VERAPAMIL;GERMED FARMACEUTICA LTDA;45.992.062/0001-65;1257382241;12/09/2024;;2024-09-12;;;novo_em_relatorio
Imunotransferan;LABORATORIO DE EXTRATOS ALERGENICOS LTDA;28.614.626/0001-07;981766242;18/07/2024;;2024-07-18;;;novo_em_relatorio
CLORIDRATO DE PAROXETINA;EUROFARMA LABORATÓRIOS S.A.;61.190.096/0001-92;613428251;07/05/2025;;2025-05-07;;;novo_em_relatorio
ANGINO RUB;EUROFARMA LABORATÓRIOS S.A.;61.190.096/0001-92;896290247;01/07/2024;;2024-07-01;;;novo_em_relatorio
TIOCONAZOL + TINIDAZOL;GERMED FARMACEUTICA LTDA;45.992.062/0001-65;1012621251;06/08/2025;;2025-08-06;;;novo_em_relatorio
GLIVEC;NOVARTIS BIOCIENCIAS S.A;56.994.502/0001-30;911830251;11/07/2025;;2025-07-11;;;novo_em_relatorio
OCTALBIN;OCTAPHARMA BRASIL LTDA;02.552.927/0001-60;776197240;10/06/2024;;2024-06-10;;;novo_em_relatorio
FOSFATO DE CLINDAMICINA;HIPOLABOR FARMACEUTICA LTDA;19.570.720/0001-10;1493855247;30/10/2024;;2024-10-30;;;novo_em_relatorio
ANA - FLEX;CRISTÁLIA PRODUTOS QUÍMICOS FARMACÊUTICOS LTDA.;44.734.671/0001-51;488677254;09/04/2025;;2025-04-09;;;novo_em_relatorio
ZYMAR;ALLERGAN PRODUTOS FARMACÊUTICOS LTDA;43.426.626/0001-77;543824233;29/05/2023;;2023-05-29;;;novo_em_relatorio
TOBRACORT;UNIÃO QUÍMICA FARMACÊUTICA NACIONAL S/A;60.665.981/0001-18;1572146249;14/11/2024;;2024-11-14;;;novo_em_relatorio
BROMETO DE IPRATRÓPIO;PRATI DONADUZZI & CIA LTDA;73.856.593/0001-66;473129256;07/04/2025;;2025-04-07;;;novo_em_relatorio
ANSITEC;LIBBS FARMACÊUTICA LTDA;61.230.314/0001-75;228495253;18/02/2025;;2025-02-18;;;novo_em_relatorio
CYLOCORT;UNIÃO QUÍMICA FARMACÊUTICA NACIONAL S/A;60.665.981/0001-18;467057257;04/04/2025;;2025-04-04;;;novo_em_relatorio
ESPIRONOLACTONA;GERMED FARMACEUTICA LTDA;45.992.062/0001-65;762049251;05/06/2025;;2025-06-05;;;novo_em_relatorio
espironolactona;EMS S/A;57.507.378/0003-65;1055232257;13/08/2025;;2025-08-13;;;novo_em_relatorio
PREDNISONA;EMS S/A;57.507.378/0003-65;1084358255;15/08/2025;;2025-08-15;;;novo_em_relatorio
GYNOPAC;FARMOQUÍMICA S/A;33.349.473/0001-58;371020247;25/03/2024;;2024-03-25;;;novo_em_relatorio
DIPROPIONATO DE BETAMETASONA + FOSFATO DISSÓDICO DE BETAMETASONA;BRAINFARMA INDÚSTRIA QUÍMICA E FARMACÊUTICA S.A;05.161.069/0001-10;161871241;09/02/2024;;2024-02-09;;;novo_em_relatorio
valerato de betametasona + sulfato de gentamicina + tolnaftato + clioquinol;BRAINFARMA INDÚSTRIA QUÍMICA E FARMACÊUTICA S.A;05.161.069/0001-10;522530152;15/06/2015;;2015-06-15;;;novo_em_relatorio
SULFATO DE TERBUTALINA;PRATI DONADUZZI & CIA LTDA;73.856.593/0001-66;272375151;27/03/2015;;2015-03-27;;;novo_em_relatorio
LORAZEPAM;GERMED FARMACEUTICA LTDA;45.992.062/0001-65;1133964249;19/08/2024;;2024-08-19;;;novo_em_relatorio
GELMAX DIM;EMS S/A;57.507.378/0003-65;238805247;28/02/2024;;2024-02-28;;;novo_em_relatorio
DUO-DECADRON;ACHÉ LABORATÓRIOS FARMACÊUTICOS S.A;60.659.463/0029-92;3174110190;18/11/2019;;2019-11-18;;;novo_em_relatorio
VARICOSS;CIFARMA CIENTÍFICA FARMACÊUTICA LTDA;17.562.075/0001-69;1539932249;08/11/2024;;2024-11-08;;;novo_em_relatorio
LACIPIL;GLAXOSMITHKLINE BRASIL LTDA;33.247.743/0001-10;45583251;13/01/2025;;2025-01-13;;;novo_em_relatorio
ALOIS;APSEN FARMACEUTICA S/A;62.462.015/0001-29;1665183241;05/12/2024;;2024-12-05;;;novo_em_relatorio
FAMOX;ACHÉ LABORATÓRIOS FARMACÊUTICOS S.A;60.659.463/0029-92;583925227;17/02/2022;;2022-02-17;;;novo_em_relatorio
ARTOGLICO;EMS SIGMA PHARMA LTDA;00.923.140/0001-31;778059235;26/07/2023;;2023-07-26;;;novo_em_relatorio
PANTOZOL;TAKEDA PHARMA LTDA.;60.397.775/0001-74;750843250;03/06/2025;;2025-06-03;;;novo_em_relatorio
omeprazol sódico;CRISTÁLIA PRODUTOS QUÍMICOS FARMACÊUTICOS LTDA.;44.734.671/0001-51;1301836211;05/04/2021;;2021-04-05;;;novo_em_relatorio
CIPRIX;GEOLAB INDÚSTRIA FARMACÊUTICA S/A;03.485.572/0001-04;377995258;20/03/2025;;2025-03-20;;;novo_em_relatorio
VANCOCINA CP;ANTIBIÓTICOS DO BRASIL LTDA;05.439.635/0001-03;1347549215;08/04/2021;;2021-04-08;;;novo_em_relatorio
ONTAX;LIBBS FARMACÊUTICA LTDA;61.230.314/0001-75;1053055242;01/08/2024;;2024-08-01;;;novo_em_relatorio
SOLUÇÃO DE CLORETO DE SODIO B.BRAUN;LABORATORIOS B. BRAUN S/A;31.673.254/0001-02;1407530232;11/12/2023;;2023-12-11;;;novo_em_relatorio
hemifumarato de bisoprolol;EMS S/A;57.507.378/0003-65;965916251;24/07/2025;;2025-07-24;;;novo_em_relatorio
HALO;CRISTÁLIA PRODUTOS QUÍMICOS FARMACÊUTICOS LTDA.;44.734.671/0001-51;621927244;10/05/2024;;2024-05-10;;;novo_em_relatorio
ELOTIN;LABORATÓRIO FARMACÊUTICO ELOFAR LTDA;83.874.628/0001-43;1158940254;29/08/2025;;2025-08-29;;;novo_em_relatorio
HIDROMED;CIMED INDUSTRIA S.A;02.814.497/0001-07;1348844199;26/07/2019;;2019-07-26;;;novo_em_relatorio
KAMRHO-D;PANAMERICAN MEDICAL SUPPLY SUPRIMENTOS MÉDICOS LTDA;01.329.816/0001-26;176810187;07/03/2018;;2018-03-07;;;novo_em_relatorio
MEPIVALEM AD;DLA PHARMACEUTICAL LTDA;45.841.137/0001-07;334735254;12/03/2025;;2025-03-12;;;novo_em_relatorio
PAROX;LABORATÓRIO TEUTO BRASILEIRO S/A;17.159.229/0001-76;682248258;21/05/2025;;2025-05-21;;;novo_em_relatorio
SERENATA;TORRENT DO BRASIL LTDA;33.078.528/0001-32;1147906254;27/08/2025;;2025-08-27;;;novo_em_relatorio
PYLORITRAT;LABORATÓRIO TEUTO BRASILEIRO S/A;17.159.229/0001-76;655251251;15/05/2025;;2025-05-15;;;novo_em_relatorio
PILEM;UNIÃO QUÍMICA FARMACÊUTICA NACIONAL S/A;60.665.981/0001-18;801187257;16/06/2025;;2025-06-16;;;novo_em_relatorio
ROTARIX;GLAXOSMITHKLINE BRASIL LTDA;33.247.743/0001-10;880695242;27/06/2024;;2024-06-27;;;novo_em_relatorio
ANSIRAX;LABORATÓRIO TEUTO BRASILEIRO S/A;17.159.229/0001-76;149941242;07/02/2024;;2024-02-07;;;novo_em_relatorio
ARTRODAR;TRB PHARMA INDÚSTRIA QUÍMICA E FARMACÊUTICA LTDA;61.455.192/0001-15;266297251;25/02/2025;;2025-02-25;;;novo_em_relatorio
ATROVENT;BOEHRINGER INGELHEIM DO BRASIL QUÍMICA E FARMACÊUTICA LTDA.;60.831.658/0001-77;20550251;07/01/2025;;2025-01-07;;;novo_em_relatorio
DIPIRONA SODICA;PRATI DONADUZZI & CIA LTDA;73.856.593/0001-66;530409259;17/04/2025;;2025-04-17;;;novo_em_relatorio
CIPRAMIL;LUNDBECK BRASIL LTDA;04.522.600/0001-70;88544231;30/01/2023;;2023-01-30;;;novo_em_relatorio
ABRILAR;FARMOQUÍMICA S/A;33.349.473/0001-58;510883249;22/04/2024;;2024-04-22;;;novo_em_relatorio
MEPISV;DFL INDÚSTRIA E COMÉRCIO S/A;33.112.665/0001-46;1198744243;30/08/2024;;2024-08-30;;;novo_em_relatorio
POSTEC;APSEN FARMACEUTICA S/A;62.462.015/0001-29;1683710240;10/12/2024;;2024-12-10;;;novo_em_relatorio
PASALIX;MARJAN INDÚSTRIA E COMÉRCIO LTDA;60.726.692/0001-81;770722253;09/06/2025;;2025-06-09;;;novo_em_relatorio
HEPA-MERZ;BIOLAB SANUS FARMACÊUTICA LTDA;49.475.833/0001-06;1011771250;06/08/2025;;2025-08-06;;;novo_em_relatorio
SECFAR;LABORATÓRIO FARMACÊUTICO ELOFAR LTDA;83.874.628/0001-43;507357248;19/04/2024;;2024-04-19;;;novo_em_relatorio
PANTODEX;GEOLAB INDÚSTRIA FARMACÊUTICA S/A;03.485.572/0001-04;1326295241;26/09/2024;;2024-09-26;;;novo_em_relatorio
SORO ANTIBOTRÓPICO (PENTAVALENTE);INSTITUTO VITAL BRAZIL S/A;30.064.034/0001-00;874364256;03/07/2025;;2025-07-03;;;novo_em_relatorio
BELFACTRIM;BELFAR LTDA;18.324.343/0001-77;540360244;24/04/2024;;2024-04-24;;;novo_em_relatorio
NATIFA;LIBBS FARMACÊUTICA LTDA;61.230.314/0001-75;1386295248;09/10/2024;;2024-10-09;;;novo_em_relatorio
DEXAMETASONA;LABORATÓRIO TEUTO BRASILEIRO S/A;17.159.229/0001-76;899306250;09/07/2025;;2025-07-09;;;novo_em_relatorio
aminofilina;LABORATÓRIO TEUTO BRASILEIRO S/A;17.159.229/0001-76;155840258;04/02/2025;;2025-02-04;;;novo_em_relatorio
CITALOPRAM;RANBAXY FARMACÊUTICA LTDA;73.663.650/0001-90;1214805248;03/09/2024;;2024-09-03;;;novo_em_relatorio
CLORIDRATO DE PAROXETINA;RANBAXY FARMACÊUTICA LTDA;73.663.650/0001-90;774538252;09/06/2025;;2025-06-09;;;novo_em_relatorio
CARBAMAZEPINA;EMS S/A;57.507.378/0003-65;31374255;09/01/2025;;2025-01-09;;;novo_em_relatorio
TEGRETARD;CRISTÁLIA PRODUTOS QUÍMICOS FARMACÊUTICOS LTDA.;44.734.671/0001-51;662304250;16/05/2025;;2025-05-16;;;novo_em_relatorio
CEFALEXINA;LABORATÓRIO TEUTO BRASILEIRO S/A;17.159.229/0001-76;1247935248;11/09/2024;;2024-09-11;;;novo_em_relatorio
CLARITROMICINA;EMS S/A;57.507.378/0003-65;406029253;25/03/2025;;2025-03-25;;;novo_em_relatorio
SANDIMMUN;NOVARTIS BIOCIENCIAS S.A;56.994.502/0001-30;391723243;28/03/2024;;2024-03-28;;;novo_em_relatorio
VEROTINA;LIBBS FARMACÊUTICA LTDA;61.230.314/0001-75;1190665255;08/09/2025;;2025-09-08;;;novo_em_relatorio
CONCERTA;JANSSEN-CILAG FARMACÊUTICA LTDA;51.780.468/0001-87;1166094243;26/08/2024;;2024-08-26;;;novo_em_relatorio
CHRON-ASA 5;EMS SIGMA PHARMA LTDA;00.923.140/0001-31;768135257;06/06/2025;;2025-06-06;;;novo_em_relatorio
CIMEGRIPE;CIMED INDUSTRIA S.A;02.814.497/0001-07;512388229;11/02/2022;;2022-02-11;;;novo_em_relatorio
CIFLOGEX;CIMED INDUSTRIA S.A;02.814.497/0001-07;836871251;26/06/2025;;2025-06-26;;;novo_em_relatorio
ACECLOFENACO;RANBAXY FARMACÊUTICA LTDA;73.663.650/0001-90;1743760248;20/12/2024;;2024-12-20;;;novo_em_relatorio
PREDI-MEDROL;UNIÃO QUÍMICA FARMACÊUTICA NACIONAL S/A;60.665.981/0001-18;462372251;03/04/2025;;2025-04-03;;;novo_em_relatorio
ALBENDAZOL;PRATI DONADUZZI & CIA LTDA;73.856.593/0001-66;322482259;10/03/2025;;2025-03-10;;;novo_em_relatorio
CAPILAREMA;LABORATÓRIOS BALDACCI LTDA;61.150.447/0001-31;1650123248;03/12/2024;;2024-12-03;;;novo_em_relatorio
BESILATO DE ANLODIPINO;LABORATÓRIO TEUTO BRASILEIRO S/A;17.159.229/0001-76;747842256;03/06/2025;;2025-06-03;;;novo_em_relatorio
BROMOGEX;WASSER FARMA LTDA;01.564.260/0001-52;1006536230;21/09/2023;;2023-09-21;;;novo_em_relatorio
PIOSAN;BELFAR LTDA;18.324.343/0001-77;662496248;17/05/2024;;2024-05-17;;;novo_em_relatorio
DEXAMEX;VITAMEDIC INDUSTRIA FARMACEUTICA LTDA;30.222.814/0001-31;868479241;26/06/2024;;2024-06-26;;;novo_em_relatorio
cloridrato de propranolol;LABORATÓRIO TEUTO BRASILEIRO S/A;17.159.229/0001-76;932676251;18/07/2025;;2025-07-18;;;novo_em_relatorio
AMPRAX;VITAMEDIC INDUSTRIA FARMACEUTICA LTDA;30.222.814/0001-31;537935258;22/04/2025;;2025-04-22;;;novo_em_relatorio
NUTRIFLEX LIPID;LABORATORIOS B. BRAUN S/A;31.673.254/0001-02;102361240;26/01/2024;;2024-01-26;;;novo_em_relatorio
ULTRACET;JANSSEN-CILAG FARMACÊUTICA LTDA;51.780.468/0001-87;867231254;02/07/2025;;2025-07-02;;;novo_em_relatorio
DILACORON;ABBOTT LABORATÓRIOS DO BRASIL LTDA;56.998.701/0001-16;829284257;24/06/2025;;2025-06-24;;;novo_em_relatorio
SUMAX;LIBBS FARMACÊUTICA LTDA;61.230.314/0001-75;1161123253;29/08/2025;;2025-08-29;;;novo_em_relatorio
GINESSE;FARMOQUÍMICA S/A;33.349.473/0001-58;416120245;03/04/2024;;2024-04-03;;;novo_em_relatorio
FERRIPROX;CHIESI FARMACÊUTICA LTDA;61.363.032/0001-46;186232250;10/02/2025;;2025-02-10;;;novo_em_relatorio
REUQUINOL;APSEN FARMACEUTICA S/A;62.462.015/0001-29;1181348251;05/09/2025;;2025-09-05;;;novo_em_relatorio
MASFEROL;NATULAB LABORATORIO S.A;02.456.955/0001-83;4875761210;07/12/2021;;2021-12-07;;;novo_em_relatorio
SANTIDOR;SANTISA LABORATÓRIO FARMACÊUTICO S/A;04.099.395/0001-82;1159145253;29/08/2025;;2025-08-29;;;novo_em_relatorio
NIMELIT;VITAMEDIC INDUSTRIA FARMACEUTICA LTDA;30.222.814/0001-31;762745258;05/06/2025;;2025-06-05;;;novo_em_relatorio
PLUSVAC;LABORATORIO DE EXTRATOS ALERGENICOS LTDA;28.614.626/0001-07;888260245;28/06/2024;;2024-06-28;;;novo_em_relatorio
GASTROLIV;CIFARMA CIENTÍFICA FARMACÊUTICA LTDA;17.562.075/0001-69;855903252;30/06/2025;;2025-06-30;;;novo_em_relatorio
ENDOFER;BIOLAB SANUS FARMACÊUTICA LTDA;49.475.833/0001-06;168041251;06/02/2025;;2025-02-06;;;novo_em_relatorio
TENOLON;VITAMEDIC INDUSTRIA FARMACEUTICA LTDA;30.222.814/0001-31;881582255;04/07/2025;;2025-07-04;;;novo_em_relatorio
EZETROL;ORGANON FARMACÊUTICA LTDA.;45.987.013/0001-34;694066257;23/05/2025;;2025-05-23;;;novo_em_relatorio
SIBLIMA;LIBBS FARMACÊUTICA LTDA;61.230.314/0001-75;364540257;18/03/2025;;2025-03-18;;;novo_em_relatorio
MALEATO DE DEXCLORFENIRAMINA + BETAMETASONA;EMS S/A;57.507.378/0003-65;726466255;28/05/2025;;2025-05-28;;;novo_em_relatorio
DICLOFENACO;LABORATÓRIO TEUTO BRASILEIRO S/A;17.159.229/0001-76;787110256;11/06/2025;;2025-06-11;;;novo_em_relatorio
CIMECORT;CIMED INDUSTRIA S.A;02.814.497/0001-07;368101258;19/03/2025;;2025-03-19;;;novo_em_relatorio
FURP METRONIDAZOL;FUNDAÇÃO PARA O REMÉDIO POPULAR - FURP;43.640.754/0001-19;1013648242;24/07/2024;;2024-07-24;;;novo_em_relatorio
NAUSEDRON;CRISTÁLIA PRODUTOS QUÍMICOS FARMACÊUTICOS LTDA.;44.734.671/0001-51;619950242;09/05/2024;;2024-05-09;;;novo_em_relatorio
CEFALEXINA;EMS S/A;57.507.378/0003-65;223844241;26/02/2024;;2024-02-26;;;novo_em_relatorio
piperacilina sódica + tazobactam sódico;EUROFARMA LABORATÓRIOS S.A.;61.190.096/0001-92;1263685242;13/09/2024;;2024-09-13;;;novo_em_relatorio
PARACETAMOL;THEODORO F SOBRAL & CIA LTDA;06.597.801/0001-62;855032188;31/08/2018;;2018-08-31;;;novo_em_relatorio
INFRALAX;EMS S/A;57.507.378/0003-65;1110164246;14/08/2024;;2024-08-14;;;novo_em_relatorio
FLUCISTEIN;UNIÃO QUÍMICA FARMACÊUTICA NACIONAL S/A;60.665.981/0001-18;1148330259;27/08/2025;;2025-08-27;;;novo_em_relatorio
BELSPAN;BELFAR LTDA;18.324.343/0001-77;1192945255;09/09/2025;;2025-09-09;;;novo_em_relatorio
KELTRINA;MULTILAB INDUSTRIA E COMERCIO DE PRODUTOS FARMACEUTICOS LTDA;92.265.552/0009-05;240681240;28/02/2024;;2024-02-28;;;novo_em_relatorio
PROMERGAN;BELFAR LTDA;18.324.343/0001-77;436952254;31/03/2025;;2025-03-31;;;novo_em_relatorio
brometo de ipratróprio;EMS S/A;57.507.378/0003-65;478036256;07/04/2025;;2025-04-07;;;novo_em_relatorio
CARDIOXANE;ADIUM S.A.;55.980.684/0001-27;844406252;27/06/2025;;2025-06-27;;;novo_em_relatorio
cefadroxila;EUROFARMA LABORATÓRIOS S.A.;61.190.096/0001-92;4853191224;21/10/2022;;2022-10-21;;;novo_em_relatorio
SORINE;ACHÉ LABORATÓRIOS FARMACÊUTICOS S.A;60.659.463/0029-92;35032251;10/01/2025;;2025-01-10;;;novo_em_relatorio
MALEATO DE DEXCLORFENIRAMINA;PRATI DONADUZZI & CIA LTDA;73.856.593/0001-66;328597252;11/03/2025;;2025-03-11;;;novo_em_relatorio
NATIFA PRO;LIBBS FARMACÊUTICA LTDA;61.230.314/0001-75;762142251;05/06/2025;;2025-06-05;;;novo_em_relatorio
finasterida;EUROFARMA LABORATÓRIOS S.A.;61.190.096/0001-92;941418251;21/07/2025;;2025-07-21;;;novo_em_relatorio
ARTROLIVE;ACHÉ LABORATÓRIOS FARMACÊUTICOS S.A;60.659.463/0029-92;1654943240;04/12/2024;;2024-12-04;;;novo_em_relatorio
TROK-N;EUROFARMA LABORATÓRIOS S.A.;61.190.096/0001-92;796728232;31/07/2023;;2023-07-31;;;novo_em_relatorio
LISINOPRIL;LABORATÓRIO TEUTO BRASILEIRO S/A;17.159.229/0001-76;412792257;26/03/2025;;2025-03-26;;;novo_em_relatorio
FLEET ENEMA;TOMMASI IMPORTAÇÃO E EXPORTAÇÃO LTDA;00.625.692/0001-63;328262157;15/04/2015;;2015-04-15;;;novo_em_relatorio
NORFLOXACINO;RANBAXY FARMACÊUTICA LTDA;73.663.650/0001-90;421110252;27/03/2025;;2025-03-27;;;novo_em_relatorio
CLOPIXOL;LUNDBECK BRASIL LTDA;04.522.600/0001-70;156854252;04/02/2025;;2025-02-04;;;novo_em_relatorio
dropropizina;UNIÃO QUÍMICA FARMACÊUTICA NACIONAL S/A;60.665.981/0001-18;1025022246;26/07/2024;;2024-07-26;;;novo_em_relatorio
DOLAMIN;FARMOQUÍMICA S/A;33.349.473/0001-58;678932247;21/05/2024;;2024-05-21;;;novo_em_relatorio
VICK PYRENA;PROCTER & GAMBLE DO BRASIL LTDA.;59.476.770/0001-58;331724251;12/03/2025;;2025-03-12;;;novo_em_relatorio
TECNOMET;ADIUM S.A.;55.980.684/0001-27;472875256;07/04/2025;;2025-04-07;;;novo_em_relatorio
GEROVITAL;EMS S/A;57.507.378/0003-65;1004355254;04/08/2025;;2025-08-04;;;novo_em_relatorio
CLORIDRATO DE TERBINAFINA;EMS S/A;57.507.378/0003-65;662445252;16/05/2025;;2025-05-16;;;novo_em_relatorio
PROCIMAX;LIBBS FARMACÊUTICA LTDA;61.230.314/0001-75;569170257;28/04/2025;;2025-04-28;;;novo_em_relatorio
DESLANOL;UNIÃO QUÍMICA FARMACÊUTICA NACIONAL S/A;60.665.981/0001-18;660166241;17/05/2024;;2024-05-17;;;novo_em_relatorio
DIETILCARBAMAZINA CITRATO;FUNDAÇÃO OSWALDO CRUZ;33.781.055/0001-35;1270620231;16/11/2023;;2023-11-16;;;novo_em_relatorio
Soro Antibotrópico/Laquético;FUNDAÇÃO EZEQUIEL DIAS - FUNED;17.503.475/0001-01;527432245;22/04/2024;;2024-04-22;;;novo_em_relatorio
SORO ANTIESCORPIÔNICO;FUNDAÇÃO EZEQUIEL DIAS - FUNED;17.503.475/0001-01;1425470238;14/12/2023;;2023-12-14;;;novo_em_relatorio
Soro Antibotrópico/Crotálico;FUNDAÇÃO EZEQUIEL DIAS - FUNED;17.503.475/0001-01;527174246;22/04/2024;;2024-04-22;;;novo_em_relatorio
Soro Antielapídico;FUNDAÇÃO EZEQUIEL DIAS - FUNED;17.503.475/0001-01;527390241;22/04/2024;;2024-04-22;;;novo_em_relatorio
Soro Anticrotálico;FUNDAÇÃO EZEQUIEL DIAS - FUNED;17.503.475/0001-01;527298247;22/04/2024;;2024-04-22;;;novo_em_relatorio
SORO ANTIBOTRÓPICO;FUNDAÇÃO EZEQUIEL DIAS - FUNED;17.503.475/0001-01;1437656234;18/12/2023;;2023-12-18;;;novo_em_relatorio
Soro Antitetânico;FUNDAÇÃO EZEQUIEL DIAS - FUNED;17.503.475/0001-01;527037249;22/04/2024;;2024-04-22;;;novo_em_relatorio
GLYCOPHOS;FRESENIUS KABI BRASIL LTDA;49.324.221/0001-04;1343264243;30/09/2024;;2024-09-30;;;novo_em_relatorio
PROFLAM;EUROFARMA LABORATÓRIOS S.A.;61.190.096/0001-92;1222508231;07/11/2023;;2023-11-07;;;novo_em_relatorio
cloridrato de ranitidina;LEGRAND PHARMA INDÚSTRIA FARMACÊUTICA LTDA;05.044.984/0001-26;1316457211;06/04/2021;;2021-04-06;;;novo_em_relatorio
TANDENE;CELLERA FARMACÊUTICA S.A.;33.173.097/0002-74;1035618249;30/07/2024;;2024-07-30;;;novo_em_relatorio
ZYXEM;UCB BIOPHARMA LTDA.;64.711.500/0001-14;1049872240;31/07/2024;;2024-07-31;;;novo_em_relatorio
fendizoato de cloperastina;EMS S/A;57.507.378/0003-65;833584251;25/06/2025;;2025-06-25;;;novo_em_relatorio
dicloridrato de trimetazidina;LEGRAND PHARMA INDÚSTRIA FARMACÊUTICA LTDA;05.044.984/0001-26;1723240249;17/12/2024;;2024-12-17;;;novo_em_relatorio
NOVOTRAM;COSMED INDUSTRIA DE COSMETICOS E MEDICAMENTOS S.A.;61.082.426/0002-07;11526254;06/01/2025;;2025-01-06;;;novo_em_relatorio
MIND;BIOLAB SANUS FARMACÊUTICA LTDA;49.475.833/0001-06;610798235;15/06/2023;;2023-06-15;;;novo_em_relatorio
BOZORED;DR. REDDYS FARMACÊUTICA DO BRASIL LTDA;03.978.166/0001-75;923542256;16/07/2025;;2025-07-16;;;novo_em_relatorio
azitromicina;CIMED INDUSTRIA S.A;02.814.497/0001-07;1288221240;19/09/2024;;2024-09-19;;;novo_em_relatorio
losartana potássica;GERMED FARMACEUTICA LTDA;45.992.062/0001-65;935893253;18/07/2025;;2025-07-18;;;novo_em_relatorio
DIPIRONA SODICA+CAFEINA ANIDRA+CITRATO DE ORFENADRINA;LABORATÓRIO TEUTO BRASILEIRO S/A;17.159.229/0001-76;510129251;14/04/2025;;2025-04-14;;;novo_em_relatorio
cloridrato de venlafaxina;AUROBINDO PHARMA INDÚSTRIA FARMACÊUTICA LIMITADA;04.301.884/0001-75;1570822247;14/11/2024;;2024-11-14;;;novo_em_relatorio
NOVOTRAM;COSMED INDUSTRIA DE COSMETICOS E MEDICAMENTOS S.A.;61.082.426/0002-07;1200883233;01/11/2023;;2023-11-01;;;novo_em_relatorio
clonixinato de lisina;GERMED FARMACEUTICA LTDA;45.992.062/0001-65;1100453245;12/08/2024;;2024-08-12;;;novo_em_relatorio
dicloridrato de levocetirizina;RANBAXY FARMACÊUTICA LTDA;73.663.650/0001-90;1490236244;30/10/2024;;2024-10-30;;;novo_em_relatorio
Hemcibra;PRODUTOS ROCHE QUÍMICOS E FARMACÊUTICOS S.A.;33.009.945/0001-23;757239251;04/06/2025;;2025-06-04;;;novo_em_relatorio
dipropionato de betametasona + sulfato de gentamicina;LABORATÓRIO TEUTO BRASILEIRO S/A;17.159.229/0001-76;637407253;12/05/2025;;2025-05-12;;;novo_em_relatorio
LAMITOR CD;TORRENT DO BRASIL LTDA;33.078.528/0001-32;1176702254;04/09/2025;;2025-09-04;;;novo_em_relatorio
CLOPIDO-GRAN;LEGRAND PHARMA INDÚSTRIA FARMACÊUTICA LTDA;05.044.984/0001-26;349006253;14/03/2025;;2025-03-14;;;novo_em_relatorio
amoxicilina + clavulanato de potássio;LABORATÓRIO TEUTO BRASILEIRO S/A;17.159.229/0001-76;216652243;23/02/2024;;2024-02-23;;;novo_em_relatorio
cloridrato de venlafaxina;LABORATÓRIO GLOBO SA;17.115.437/0001-73;1511289244;03/11/2024;;2024-11-03;;;novo_em_relatorio
KALIST;ACHÉ LABORATÓRIOS FARMACÊUTICOS S.A;60.659.463/0029-92;496581252;10/04/2025;;2025-04-10;;;novo_em_relatorio
oxalato de escitalopram;PHARLAB INDÚSTRIA FARMACÊUTICA S.A.;02.501.297/0001-02;659086255;15/05/2025;;2025-05-15;;;novo_em_relatorio
indapamida;LEGRAND PHARMA INDÚSTRIA FARMACÊUTICA LTDA;05.044.984/0001-26;465859241;12/04/2024;;2024-04-12;;;novo_em_relatorio
ULTIVA;ASPEN PHARMA INDÚSTRIA FARMACÊUTICA LTDA;02.433.631/0001-20;1111639256;18/08/2025;;2025-08-18;;;novo_em_relatorio
amoxicilina + clavulanato de Potássio;GERMED FARMACEUTICA LTDA;45.992.062/0001-65;1016194251;07/08/2025;;2025-08-07;;;novo_em_relatorio
amoxicilina + clavulanato de potássio;LABORATÓRIO TEUTO BRASILEIRO S/A;17.159.229/0001-76;977015254;28/07/2025;;2025-07-28;;;novo_em_relatorio
TYKERB;NOVARTIS BIOCIENCIAS S.A;56.994.502/0001-30;450276244;10/04/2024;;2024-04-10;;;novo_em_relatorio
DON;EUROFARMA LABORATÓRIOS S.A.;61.190.096/0001-92;624810259;08/05/2025;;2025-05-08;;;novo_em_relatorio
XIGDUO XR;ASTRAZENECA DO BRASIL LTDA;60.318.797/0001-00;1182666256;05/09/2025;;2025-09-05;;;novo_em_relatorio
NOVO RINO;CELLERA FARMACÊUTICA S.A.;33.173.097/0002-74;165790253;06/02/2025;;2025-02-06;;;novo_em_relatorio
mirtazapina;AUROBINDO PHARMA INDÚSTRIA FARMACÊUTICA LIMITADA;04.301.884/0001-75;1666508225;08/04/2022;;2022-04-08;;;novo_em_relatorio
NIQUITIN;MAPPEL INDÚSTRIA DE EMBALAGENS S.A.;01.233.103/0001-64;937186252;18/07/2025;;2025-07-18;;;novo_em_relatorio
ATENFE;MEGALABS FARMACEUTICA S.A.;33.026.055/0001-20;208165258;13/02/2025;;2025-02-13;;;novo_em_relatorio
CABERGOLINA;EMS SIGMA PHARMA LTDA;00.923.140/0001-31;1700971247;12/12/2024;;2024-12-12;;;novo_em_relatorio
RUSOVAS;EMS SIGMA PHARMA LTDA;00.923.140/0001-31;1175212253;03/09/2025;;2025-09-03;;;novo_em_relatorio
LAXIME;ACHÉ LABORATÓRIOS FARMACÊUTICOS S.A;60.659.463/0029-92;534941257;22/04/2025;;2025-04-22;;;novo_em_relatorio
linagliptina;EMS S/A;57.507.378/0003-65;336543255;12/03/2025;;2025-03-12;;;novo_em_relatorio
NIMESILAM;EMS SIGMA PHARMA LTDA;00.923.140/0001-31;4392404226;07/07/2022;;2022-07-07;;;novo_em_relatorio
dexametasona;GERMED FARMACEUTICA LTDA;45.992.062/0001-65;844200255;27/06/2025;;2025-06-27;;;novo_em_relatorio
Tacrofort;Camber Farmaceutica Ltda;24.633.934/0001-29;811439241;18/06/2024;;2024-06-18;;;novo_em_relatorio
VALSACOR HCT;LEGRAND PHARMA INDÚSTRIA FARMACÊUTICA LTDA;05.044.984/0001-26;1737427249;19/12/2024;;2024-12-19;;;novo_em_relatorio
fluconazol;GEOLAB INDÚSTRIA FARMACÊUTICA S/A;03.485.572/0001-04;221810251;17/02/2025;;2025-02-17;;;novo_em_relatorio
desloratadina;EUROFARMA LABORATÓRIOS S.A.;61.190.096/0001-92;1140397257;25/08/2025;;2025-08-25;;;novo_em_relatorio
FLUTINOL;CRISTÁLIA PRODUTOS QUÍMICOS FARMACÊUTICOS LTDA.;44.734.671/0001-51;1455109240;23/10/2024;;2024-10-23;;;novo_em_relatorio
DERMOSTATIN;LEGRAND PHARMA INDÚSTRIA FARMACÊUTICA LTDA;05.044.984/0001-26;1186617225;18/03/2022;;2022-03-18;;;novo_em_relatorio
secnidazol;GERMED FARMACEUTICA LTDA;45.992.062/0001-65;257613251;24/02/2025;;2025-02-24;;;novo_em_relatorio
PROFENID;SANOFI MEDLEY FARMACÊUTICA LTDA.;10.588.595/0010-92;917883250;15/07/2025;;2025-07-15;;;novo_em_relatorio
ROVAMICINA;SANOFI MEDLEY FARMACÊUTICA LTDA.;10.588.595/0010-92;867716258;02/07/2025;;2025-07-02;;;novo_em_relatorio
cloridrato de moxifloxacino;PRATI DONADUZZI & CIA LTDA;73.856.593/0001-66;264388259;25/02/2025;;2025-02-25;;;novo_em_relatorio
RISEDRONEL;LEGRAND PHARMA INDÚSTRIA FARMACÊUTICA LTDA;05.044.984/0001-26;4992179223;29/11/2022;;2022-11-29;;;novo_em_relatorio
CLORIDRATO DE DORZOLAMIDA;ACHÉ LABORATÓRIOS FARMACÊUTICOS S.A;60.659.463/0029-92;4438512221;18/07/2022;;2022-07-18;;;novo_em_relatorio
ibuprofeno;GEOLAB INDÚSTRIA FARMACÊUTICA S/A;03.485.572/0001-04;937275255;19/07/2025;;2025-07-19;;;novo_em_relatorio
CARVEDILOL;ACHÉ LABORATÓRIOS FARMACÊUTICOS S.A;60.659.463/0029-92;1254084240;12/09/2024;;2024-09-12;;;novo_em_relatorio
PROSTAVASIN;ACHÉ LABORATÓRIOS FARMACÊUTICOS S.A;60.659.463/0029-92;4656185221;06/09/2022;;2022-09-06;;;novo_em_relatorio
dienogeste;ACHÉ LABORATÓRIOS FARMACÊUTICOS S.A;60.659.463/0029-92;8441834211;22/12/2021;;2021-12-22;;;novo_em_relatorio
risedronato sódico;ACHÉ LABORATÓRIOS FARMACÊUTICOS S.A;60.659.463/0029-92;4223564202;30/11/2020;;2020-11-30;;;novo_em_relatorio
mirtazapina;PHARLAB INDÚSTRIA FARMACÊUTICA S.A.;02.501.297/0001-02;869202251;02/07/2025;;2025-07-02;;;novo_em_relatorio
TOARIP;TORRENT DO BRASIL LTDA;33.078.528/0001-32;944984231;05/09/2023;;2023-09-05;;;novo_em_relatorio
levetiracetam;EUROFARMA LABORATÓRIOS S.A.;61.190.096/0001-92;1523363240;05/11/2024;;2024-11-05;;;novo_em_relatorio
MAXILERG;CRISTÁLIA PRODUTOS QUÍMICOS FARMACÊUTICOS LTDA.;44.734.671/0001-51;99313251;23/01/2025;;2025-01-23;;;novo_em_relatorio
CLIMATRIX;MYRALIS INDÚSTRIA FARMACÊUTICA LTDA;17.440.261/0001-25;297841254;05/03/2025;;2025-03-05;;;novo_em_relatorio
LOTAR;ACHÉ LABORATÓRIOS FARMACÊUTICOS S.A;60.659.463/0029-92;712312251;27/05/2025;;2025-05-27;;;novo_em_relatorio
PRASILENCE;PHARMASCIENCE INDUSTRIA FARMACEUTICA S.A;25.773.037/0001-83;750862254;03/06/2025;;2025-06-03;;;novo_em_relatorio
CABOMETYX;BEAUFOUR IPSEN FARMACÊUTICA LTDA;07.718.721/0001-80;889720258;07/07/2025;;2025-07-07;;;novo_em_relatorio
Lynparza comprimidos;ASTRAZENECA DO BRASIL LTDA;60.318.797/0001-00;282031251;27/02/2025;;2025-02-27;;;novo_em_relatorio
cloridrato de irinotecano;BLAU FARMACÊUTICA S.A.;58.430.828/0001-60;242677258;20/02/2025;;2025-02-20;;;novo_em_relatorio
HEMAX ERITRON;ACHÉ LABORATÓRIOS FARMACÊUTICOS S.A;60.659.463/0029-92;1235309240;09/09/2024;;2024-09-09;;;novo_em_relatorio
CRISCY;CRISTÁLIA PRODUTOS QUÍMICOS FARMACÊUTICOS LTDA.;44.734.671/0001-51;1134769253;22/08/2025;;2025-08-22;;;novo_em_relatorio
cloridrato de sertralina;ACCORD FARMACÊUTICA LTDA;64.171.697/0001-46;1009380231;22/09/2023;;2023-09-22;;;novo_em_relatorio
CAVERJECT;PFIZER BRASIL LTDA;61.072.393/0001-33;1062140249;05/08/2024;;2024-08-05;;;novo_em_relatorio
Demi-D;FARMOQUÍMICA S/A;33.349.473/0001-58;558977251;25/04/2025;;2025-04-25;;;novo_em_relatorio
BENICAR TRIPLO;DAIICHI SANKYO BRASIL FARMACÊUTICA LTDA;60.874.187/0001-84;531376257;17/04/2025;;2025-04-17;;;novo_em_relatorio
risperidona;PRATI DONADUZZI & CIA LTDA;73.856.593/0001-66;795405251;13/06/2025;;2025-06-13;;;novo_em_relatorio
dicloridrato de pramipexol;PRATI DONADUZZI & CIA LTDA;73.856.593/0001-66;1117907236;18/10/2023;;2023-10-18;;;novo_em_relatorio
REXULTI;LUNDBECK BRASIL LTDA;04.522.600/0001-70;654761248;16/05/2024;;2024-05-16;;;novo_em_relatorio
SUPERHIST ODT;EUROFARMA LABORATÓRIOS S.A.;61.190.096/0001-92;863212255;01/07/2025;;2025-07-01;;;novo_em_relatorio
CLAZI XR;GERMED FARMACEUTICA LTDA;45.992.062/0001-65;221759255;17/02/2025;;2025-02-17;;;novo_em_relatorio
Eniagor;APSEN FARMACEUTICA S/A;62.462.015/0001-29;256767254;24/02/2025;;2025-02-24;;;novo_em_relatorio
Transtec;GRÜNENTHAL DO BRASIL FARMACÊUTICA LTDA.;10.555.143/0001-13;1685710247;10/12/2024;;2024-12-10;;;novo_em_relatorio
CONTRAVE;MERCK S/A;33.069.212/0001-84;1417141247;15/10/2024;;2024-10-15;;;novo_em_relatorio
succinato de solifenacina;EUROFARMA LABORATÓRIOS S.A.;61.190.096/0001-92;841847240;20/06/2024;;2024-06-20;;;novo_em_relatorio
Hyrimoz;SANDOZ DO BRASIL INDÚSTRIA FARMACÊUTICA LTDA;61.286.647/0001-16;612180255;06/05/2025;;2025-05-06;;;novo_em_relatorio
rosuvastatina calcica;CIMED INDUSTRIA S.A;02.814.497/0001-07;496405250;10/04/2025;;2025-04-10;;;novo_em_relatorio
DELUMI;GEOLAB INDÚSTRIA FARMACÊUTICA S/A;03.485.572/0001-04;1084727251;15/08/2025;;2025-08-15;;;novo_em_relatorio
Erfandel;JANSSEN-CILAG FARMACÊUTICA LTDA;51.780.468/0001-87;1006140255;05/08/2025;;2025-08-05;;;novo_em_relatorio
FLUTICAPS;ACHÉ LABORATÓRIOS FARMACÊUTICOS S.A;60.659.463/0029-92;1347260217;08/04/2021;;2021-04-08;;;novo_em_relatorio
IROSÊ;Althaia S.A Indústria Farmacêutica;48.344.725/0007-19;206764251;13/02/2025;;2025-02-13;;;novo_em_relatorio
alendronato de sódio;CELLERA FARMACÊUTICA S.A.;33.173.097/0002-74;1093320249;09/08/2024;;2024-08-09;;;novo_em_relatorio
metronidazol;HALEX ISTAR INDÚSTRIA FARMACÊUTICA SA;01.571.702/0001-98;1408452243;14/10/2024;;2024-10-14;;;novo_em_relatorio
cloridrato de donepezila + cloridrato de memantina;APSEN FARMACEUTICA S/A;62.462.015/0001-29;733884245;03/06/2024;;2024-06-03;;;novo_em_relatorio
MALENA HCT;EMS SIGMA PHARMA LTDA;00.923.140/0001-31;2679363221;05/05/2022;;2022-05-05;;;novo_em_relatorio
cloridrato de ondansetrona;HIPOLABOR FARMACEUTICA LTDA;19.570.720/0001-10;1459466241;23/10/2024;;2024-10-23;;;novo_em_relatorio
VEQUILE;SANDOZ DO BRASIL INDÚSTRIA FARMACÊUTICA LTDA;61.286.647/0001-16;814639259;18/06/2025;;2025-06-18;;;novo_em_relatorio
clonazepam;PRATI DONADUZZI & CIA LTDA;73.856.593/0001-66;1634895240;29/11/2024;;2024-11-29;;;novo_em_relatorio
Carbaglu;RECORDATI RARE DISEASES COMÉRCIO DE MEDICAMENTOS LTDA - ME;53.056.057/0001-79;163784256;05/02/2025;;2025-02-05;;;novo_em_relatorio
Allestra;ACHÉ LABORATÓRIOS FARMACÊUTICOS S.A;60.659.463/0029-92;5068591220;19/12/2022;;2022-12-19;;;novo_em_relatorio
Fentora;TEVA FARMACÊUTICA LTDA.;05.333.542/0001-08;507002245;19/04/2024;;2024-04-19;;;novo_em_relatorio
NOPROSIL;HALEX ISTAR INDÚSTRIA FARMACÊUTICA SA;01.571.702/0001-98;7111017218;15/12/2021;;2021-12-15;;;novo_em_relatorio
malato de sunitinibe;SUN FARMACÊUTICA DO BRASIL LTDA;05.035.244/0001-23;787546259;11/06/2025;;2025-06-11;;;novo_em_relatorio
flumazenil;FRESENIUS KABI BRASIL LTDA;49.324.221/0001-04;1015576257;07/08/2025;;2025-08-07;;;novo_em_relatorio
MAXAPRAN;ACHÉ LABORATÓRIOS FARMACÊUTICOS S.A;60.659.463/0029-92;425422232;27/04/2023;;2023-04-27;;;novo_em_relatorio
ROSA®;FARMOQUÍMICA S/A;33.349.473/0001-58;1173361251;03/09/2025;;2025-09-03;;;novo_em_relatorio
maleato de enalapril + hidroclorotiazida;BIOLAB SANUS FARMACÊUTICA LTDA;49.475.833/0001-06;1006549251;05/08/2025;;2025-08-05;;;novo_em_relatorio
Aludor;CIFARMA CIENTÍFICA FARMACÊUTICA LTDA;17.562.075/0001-69;598221255;05/05/2025;;2025-05-05;;;novo_em_relatorio
claritromicina;PHARLAB INDÚSTRIA FARMACÊUTICA S.A.;02.501.297/0001-02;844960250;27/06/2025;;2025-06-27;;;novo_em_relatorio
CALMASYN;CIFARMA CIENTÍFICA FARMACÊUTICA LTDA;17.562.075/0001-69;824270258;23/06/2025;;2025-06-23;;;novo_em_relatorio
LEVOFLOXACINO HEMI- HIDRATADO;HALEX ISTAR INDÚSTRIA FARMACÊUTICA SA;01.571.702/0001-98;805213252;16/06/2025;;2025-06-16;;;novo_em_relatorio
NIMESULIDA;PRATI DONADUZZI & CIA LTDA;73.856.593/0001-66;764887254;06/06/2025;;2025-06-06;;;novo_em_relatorio
valsartana;LABORATÓRIO TEUTO BRASILEIRO S/A;17.159.229/0001-76;519395255;16/04/2025;;2025-04-16;;;novo_em_relatorio
LEVOFLOXACINO;ACHÉ LABORATÓRIOS FARMACÊUTICOS S.A;60.659.463/0029-92;774552255;09/06/2025;;2025-06-09;;;novo_em_relatorio
Halexminophen;HALEX ISTAR INDÚSTRIA FARMACÊUTICA SA;01.571.702/0001-98;72922249;19/01/2024;;2024-01-19;;;novo_em_relatorio
MAXIFLOX;CRISTÁLIA PRODUTOS QUÍMICOS FARMACÊUTICOS LTDA.;44.734.671/0001-51;353902250;17/03/2025;;2025-03-17;;;novo_em_relatorio
cloridrato de dexmedetomidina;CRISTÁLIA PRODUTOS QUÍMICOS FARMACÊUTICOS LTDA.;44.734.671/0001-51;1473853249;25/10/2024;;2024-10-25;;;novo_em_relatorio
CETOPROFENO;EUROFARMA LABORATÓRIOS S.A.;61.190.096/0001-92;835931242;19/06/2024;;2024-06-19;;;novo_em_relatorio
RHALUNID;EMS S/A;57.507.378/0003-65;53667255;14/01/2025;;2025-01-14;;;novo_em_relatorio
finasterida;CIMED INDUSTRIA S.A;02.814.497/0001-07;563100249;29/04/2024;;2024-04-29;;;novo_em_relatorio
acebrofilina;ACHÉ LABORATÓRIOS FARMACÊUTICOS S.A;60.659.463/0029-92;81102259;20/01/2025;;2025-01-20;;;novo_em_relatorio
DESLORATADINA;ACHÉ LABORATÓRIOS FARMACÊUTICOS S.A;60.659.463/0029-92;1016386257;07/08/2025;;2025-08-07;;;novo_em_relatorio
Halexminophen;HALEX ISTAR INDÚSTRIA FARMACÊUTICA SA;01.571.702/0001-98;72932244;19/01/2024;;2024-01-19;;;novo_em_relatorio
CROPOC;LEGRAND PHARMA INDÚSTRIA FARMACÊUTICA LTDA;05.044.984/0001-26;1201575257;10/09/2025;;2025-09-10;;;novo_em_relatorio
cloridrato de ciprofloxacino;PHARLAB INDÚSTRIA FARMACÊUTICA S.A.;02.501.297/0001-02;617696250;07/05/2025;;2025-05-07;;;novo_em_relatorio
GÉSICO;EUROFARMA LABORATÓRIOS S.A.;61.190.096/0001-92;1200278232;01/11/2023;;2023-11-01;;;novo_em_relatorio
FLUVIRAL DIA;COSMED INDUSTRIA DE COSMETICOS E MEDICAMENTOS S.A.;61.082.426/0002-07;299549259;05/03/2025;;2025-03-05;;;novo_em_relatorio
etoricoxibe;ZYDUS NIKKHO FARMACÊUTICA LTDA;05.254.971/0001-81;1189414252;08/09/2025;;2025-09-08;;;novo_em_relatorio
MINOXIDIL;ACHÉ LABORATÓRIOS FARMACÊUTICOS S.A;60.659.463/0029-92;715075250;27/05/2025;;2025-05-27;;;novo_em_relatorio
TIAG;TORRENT DO BRASIL LTDA;33.078.528/0001-32;780554256;10/06/2025;;2025-06-10;;;novo_em_relatorio
tartarato de brimonidina;ACHÉ LABORATÓRIOS FARMACÊUTICOS S.A;60.659.463/0029-92;4378361221;04/07/2022;;2022-07-04;;;novo_em_relatorio
rifamicina SV sódica;SANOFI MEDLEY FARMACÊUTICA LTDA.;10.588.595/0010-92;1368249248;04/10/2024;;2024-10-04;;;novo_em_relatorio
ATOBACH;GERMED FARMACEUTICA LTDA;45.992.062/0001-65;1194749259;09/09/2025;;2025-09-09;;;novo_em_relatorio
dapagliflozina propanodiol;EMS S/A;57.507.378/0003-65;4689997225;14/09/2022;;2022-09-14;;;novo_em_relatorio
dapagliflozina propanodiol;GERMED FARMACEUTICA LTDA;45.992.062/0001-65;4690014221;14/09/2022;;2022-09-14;;;novo_em_relatorio
HYLO-GEL;FBM INDÚSTRIA FARMACÊUTICA LTDA;02.060.549/0001-05;1069535257;14/08/2025;;2025-08-14;;;novo_em_relatorio
PAMELOR;CELLERA FARMACÊUTICA S.A.;33.173.097/0002-74;1139589253;25/08/2025;;2025-08-25;;;novo_em_relatorio
CLORETO DE SÓDIO;FARMARIN INDUSTRIA E COMERCIO LTDA;58.635.830/0001-75;724699214;23/02/2021;;2021-02-23;;;novo_em_relatorio
MARACUGINA PI (Passiflora incarnata L.);COSMED INDUSTRIA DE COSMETICOS E MEDICAMENTOS S.A.;61.082.426/0002-07;529756251;17/04/2025;;2025-04-17;;;novo_em_relatorio
IVAHART;TORRENT DO BRASIL LTDA;33.078.528/0001-32;271390255;26/02/2025;;2025-02-26;;;novo_em_relatorio
claritromicina;GERMED FARMACEUTICA LTDA;45.992.062/0001-65;548668256;23/04/2025;;2025-04-23;;;novo_em_relatorio
MONOFER;PFIZER BRASIL LTDA;61.072.393/0001-33;1427883246;17/10/2024;;2024-10-17;;;novo_em_relatorio
DIENOGESTE;GEOLAB INDÚSTRIA FARMACÊUTICA S/A;03.485.572/0001-04;2019820215;25/05/2021;;2021-05-25;;;novo_em_relatorio
MALENA HCT;EMS SIGMA PHARMA LTDA;00.923.140/0001-31;4388744221;06/07/2022;;2022-07-06;;;novo_em_relatorio
CLORIDRATO DE SIBUTRAMINA MONOIDRATADO;ACHÉ LABORATÓRIOS FARMACÊUTICOS S.A;60.659.463/0029-92;499359259;11/04/2025;;2025-04-11;;;novo_em_relatorio
SIMLIP;LABORATÓRIO GLOBO SA;17.115.437/0001-73;833149253;25/06/2025;;2025-06-25;;;novo_em_relatorio
besilato de anlodipino;LEGRAND PHARMA INDÚSTRIA FARMACÊUTICA LTDA;05.044.984/0001-26;1438464240;18/10/2024;;2024-10-18;;;novo_em_relatorio
EVOXALI;FARMARIN INDUSTRIA E COMERCIO LTDA;58.635.830/0001-75;982335245;18/07/2024;;2024-07-18;;;novo_em_relatorio
LUTICS;ACHÉ LABORATÓRIOS FARMACÊUTICOS S.A;60.659.463/0029-92;2120800210;01/06/2021;;2021-06-01;;;novo_em_relatorio
VITAMINA D3;Althaia S.A Indústria Farmacêutica;48.344.725/0007-19;222035251;17/02/2025;;2025-02-17;;;novo_em_relatorio
ezetimiba;BRAINFARMA INDÚSTRIA QUÍMICA E FARMACÊUTICA S.A;05.161.069/0001-10;910048240;03/07/2024;;2024-07-03;;;novo_em_relatorio
LOSARTANA POTÁSSICA + HIDROCLOROTIAZIDA;BIOLAB SANUS FARMACÊUTICA LTDA;49.475.833/0001-06;876881258;03/07/2025;;2025-07-03;;;novo_em_relatorio
pregabalina;AUROBINDO PHARMA INDÚSTRIA FARMACÊUTICA LIMITADA;04.301.884/0001-75;1486461239;29/12/2023;;2023-12-29;;;novo_em_relatorio
risedronato sódico;GERMED FARMACEUTICA LTDA;45.992.062/0001-65;1550174240;11/11/2024;;2024-11-11;;;novo_em_relatorio
INDAPAMIDA;PRATI DONADUZZI & CIA LTDA;73.856.593/0001-66;1670748243;06/12/2024;;2024-12-06;;;novo_em_relatorio
Tavaflox;EMS SIGMA PHARMA LTDA;00.923.140/0001-31;4906744222;04/11/2022;;2022-11-04;;;novo_em_relatorio
DOCEUNO;EUROFARMA LABORATÓRIOS S.A.;61.190.096/0001-92;1208326252;11/09/2025;;2025-09-11;;;novo_em_relatorio
DEXLLA;EUROFARMA LABORATÓRIOS S.A.;61.190.096/0001-92;264413253;25/02/2025;;2025-02-25;;;novo_em_relatorio
DERMOMAX;ACHÉ LABORATÓRIOS FARMACÊUTICOS S.A;60.659.463/0029-92;323101259;10/03/2025;;2025-03-10;;;novo_em_relatorio
fosfato de oseltamivir;NATCOFARMA DO BRASIL LTDA;08.157.293/0001-27;290075254;28/02/2025;;2025-02-28;;;novo_em_relatorio
SUCCINATO DE DESVENLAFAXINA MONOIDRATADO;ACHÉ LABORATÓRIOS FARMACÊUTICOS S.A;60.659.463/0029-92;931372259;17/07/2025;;2025-07-17;;;novo_em_relatorio
FLUCONAZOL;VITAMEDIC INDUSTRIA FARMACEUTICA LTDA;30.222.814/0001-31;420789251;27/03/2025;;2025-03-27;;;novo_em_relatorio
ATENOLOL + CLORTALIDONA;VITAMEDIC INDUSTRIA FARMACEUTICA LTDA;30.222.814/0001-31;911148256;11/07/2025;;2025-07-11;;;novo_em_relatorio
HARVONI;GILEAD SCIENCES FARMACEUTICA DO BRASIL LTDA;15.670.288/0001-89;1256424242;12/09/2024;;2024-09-12;;;novo_em_relatorio
VENCLEXTA;ABBVIE FARMACÊUTICA LTDA.;15.800.545/0001-50;689952252;22/05/2025;;2025-05-22;;;novo_em_relatorio
HIGICLER;CRISTÁLIA PRODUTOS QUÍMICOS FARMACÊUTICOS LTDA.;44.734.671/0001-51;73388254;17/01/2025;;2025-01-17;;;novo_em_relatorio
LACRIBELL;CRISTÁLIA PRODUTOS QUÍMICOS FARMACÊUTICOS LTDA.;44.734.671/0001-51;756108250;04/06/2025;;2025-06-04;;;novo_em_relatorio
cloridrato de fexofenadina;EMS S/A;57.507.378/0003-65;660547252;15/05/2025;;2025-05-15;;;novo_em_relatorio
ETIRA;ACHÉ LABORATÓRIOS FARMACÊUTICOS S.A;60.659.463/0029-92;915413248;04/07/2024;;2024-07-04;;;novo_em_relatorio
NITRENCORD;ACHÉ LABORATÓRIOS FARMACÊUTICOS S.A;60.659.463/0029-92;366903193;24/04/2019;;2019-04-24;;;novo_em_relatorio
dapagliflozina propanodiol;LEGRAND PHARMA INDÚSTRIA FARMACÊUTICA LTDA;05.044.984/0001-26;4690028222;14/09/2022;;2022-09-14;;;novo_em_relatorio
DAPAGLE;LEGRAND PHARMA INDÚSTRIA FARMACÊUTICA LTDA;05.044.984/0001-26;4690043221;14/09/2022;;2022-09-14;;;novo_em_relatorio
desloratadina;GEOLAB INDÚSTRIA FARMACÊUTICA S/A;03.485.572/0001-04;1150682256;27/08/2025;;2025-08-27;;;novo_em_relatorio
GESTRELAN;BIOLAB SANUS FARMACÊUTICA LTDA;49.475.833/0001-06;1113140241;14/08/2024;;2024-08-14;;;novo_em_relatorio
cloridrato de sertralina;PRATI DONADUZZI & CIA LTDA;73.856.593/0001-66;709675259;26/05/2025;;2025-05-26;;;novo_em_relatorio
SILIMALON 140;ZYDUS NIKKHO FARMACÊUTICA LTDA;05.254.971/0001-81;185913253;10/02/2025;;2025-02-10;;;novo_em_relatorio
BESILATO DE ANLODIPINO + LOSARTANA POTÁSSICA;GERMED FARMACEUTICA LTDA;45.992.062/0001-65;1137980257;25/08/2025;;2025-08-25;;;novo_em_relatorio
DPREV CAPS;MYRALIS INDÚSTRIA FARMACÊUTICA LTDA;17.440.261/0001-25;147546257;03/02/2025;;2025-02-03;;;novo_em_relatorio
LEVAFLOX;HALEX ISTAR INDÚSTRIA FARMACÊUTICA SA;01.571.702/0001-98;805266259;16/06/2025;;2025-06-16;;;novo_em_relatorio
AMOXICILINA TRI-HIDRATADA;ACHÉ LABORATÓRIOS FARMACÊUTICOS S.A;60.659.463/0029-92;282512241;07/03/2024;;2024-03-07;;;novo_em_relatorio
MAVIRET;ABBVIE FARMACÊUTICA LTDA.;15.800.545/0001-50;949754234;06/09/2023;;2023-09-06;;;novo_em_relatorio
ISOFARMA - SOLUÇÃO DE GLICONATO DE CÁLCIO 10%;HALEX ISTAR INDÚSTRIA FARMACÊUTICA SA;01.571.702/0001-98;7101621210;15/12/2021;;2021-12-15;;;novo_em_relatorio
cloridrato de donepezila;UNICHEM FARMACÊUTICA DO BRASIL LTDA;05.399.786/0001-85;677353251;20/05/2025;;2025-05-20;;;novo_em_relatorio
MONONITRATO DE ISOSSORBIDA;BIOLAB SANUS FARMACÊUTICA LTDA;49.475.833/0001-06;206702256;13/02/2025;;2025-02-13;;;novo_em_relatorio
hemifumarato de quetiapina;SANOFI MEDLEY FARMACÊUTICA LTDA.;10.588.595/0010-92;759726256;05/06/2025;;2025-06-05;;;novo_em_relatorio
cloridrato de duloxetina;EUROFARMA LABORATÓRIOS S.A.;61.190.096/0001-92;716738252;27/05/2025;;2025-05-27;;;novo_em_relatorio
cloridrato de tramadol;EUROFARMA LABORATÓRIOS S.A.;61.190.096/0001-92;190177241;19/02/2024;;2024-02-19;;;novo_em_relatorio
Kisqali;NOVARTIS BIOCIENCIAS S.A;56.994.502/0001-30;1180125258;04/09/2025;;2025-09-04;;;novo_em_relatorio
prednisolona;ACHÉ LABORATÓRIOS FARMACÊUTICOS S.A;60.659.463/0029-92;1148812253;27/08/2025;;2025-08-27;;;novo_em_relatorio
mesilato de doxazosina;PRATI DONADUZZI & CIA LTDA;73.856.593/0001-66;1635421241;29/11/2024;;2024-11-29;;;novo_em_relatorio
ciprofibrato;BIOLAB SANUS FARMACÊUTICA LTDA;49.475.833/0001-06;32249250;09/01/2025;;2025-01-09;;;novo_em_relatorio
nistatina + óxido de zinco;LEGRAND PHARMA INDÚSTRIA FARMACÊUTICA LTDA;05.044.984/0001-26;1186588225;18/03/2022;;2022-03-18;;;novo_em_relatorio
ERLEADA;JANSSEN-CILAG FARMACÊUTICA LTDA;51.780.468/0001-87;1660162246;04/12/2024;;2024-12-04;;;novo_em_relatorio
succinato sódico de metilprednisolona;BLAU FARMACÊUTICA S.A.;58.430.828/0001-60;18993257;07/01/2025;;2025-01-07;;;novo_em_relatorio
CARBOCISTEINA;ACHÉ LABORATÓRIOS FARMACÊUTICOS S.A;60.659.463/0029-92;4531965201;22/12/2020;;2020-12-22;;;novo_em_relatorio
APAXY;GEOLAB INDÚSTRIA FARMACÊUTICA S/A;03.485.572/0001-04;1119769256;19/08/2025;;2025-08-19;;;novo_em_relatorio
MELOXICAM;EUROFARMA LABORATÓRIOS S.A.;61.190.096/0001-92;920771246;05/07/2024;;2024-07-05;;;novo_em_relatorio
CICLOLATO;CRISTÁLIA PRODUTOS QUÍMICOS FARMACÊUTICOS LTDA.;44.734.671/0001-51;1523971240;05/11/2024;;2024-11-05;;;novo_em_relatorio
mirtazapina;GERMED FARMACEUTICA LTDA;45.992.062/0001-65;692461248;23/05/2024;;2024-05-23;;;novo_em_relatorio
FLAMAPE;LABORATÓRIO GLOBO SA;17.115.437/0001-73;772750254;09/06/2025;;2025-06-09;;;novo_em_relatorio
INILOK;APSEN FARMACEUTICA S/A;62.462.015/0001-29;236188259;19/02/2025;;2025-02-19;;;novo_em_relatorio
DERMOCERYL;EMS S/A;57.507.378/0003-65;240425251;20/02/2025;;2025-02-20;;;novo_em_relatorio
FIBRYGA;OCTAPHARMA BRASIL LTDA;02.552.927/0001-60;925736252;16/07/2025;;2025-07-16;;;novo_em_relatorio
ALPRAZOLAM;ACHÉ LABORATÓRIOS FARMACÊUTICOS S.A;60.659.463/0029-92;455403252;03/04/2025;;2025-04-03;;;novo_em_relatorio
NEOVANGY MR;EMS S/A;57.507.378/0003-65;1722390247;17/12/2024;;2024-12-17;;;novo_em_relatorio
INPRUV D K;APSEN FARMACEUTICA S/A;62.462.015/0001-29;138408254;31/01/2025;;2025-01-31;;;novo_em_relatorio
TORAGESIC OFTA;EMS SIGMA PHARMA LTDA;00.923.140/0001-31;618123253;07/05/2025;;2025-05-07;;;novo_em_relatorio
levetiracetam;ADIUM S.A.;55.980.684/0001-27;516359258;15/04/2025;;2025-04-15;;;novo_em_relatorio
rosuvastatina cálcica;Althaia S.A Indústria Farmacêutica;48.344.725/0007-19;1121605257;20/08/2025;;2025-08-20;;;novo_em_relatorio
ANSENTRON;ACHÉ LABORATÓRIOS FARMACÊUTICOS S.A;60.659.463/0029-92;4583808224;22/08/2022;;2022-08-22;;;novo_em_relatorio
TOLREST;ACHÉ LABORATÓRIOS FARMACÊUTICOS S.A;60.659.463/0029-92;1205017259;11/09/2025;;2025-09-11;;;novo_em_relatorio
FITOCALM;LABORATORIO CATARINENSE LTDA;84.684.620/0001-87;784354251;11/06/2025;;2025-06-11;;;novo_em_relatorio
fulvestranto;ACCORD FARMACÊUTICA LTDA;64.171.697/0001-46;1055021256;13/08/2025;;2025-08-13;;;novo_em_relatorio
etodolaco;ZYDUS NIKKHO FARMACÊUTICA LTDA;05.254.971/0001-81;4879412228;28/10/2022;;2022-10-28;;;novo_em_relatorio
cloridrato de oxicodona;ADIUM S.A.;55.980.684/0001-27;868562254;02/07/2025;;2025-07-02;;;novo_em_relatorio
hemifumarato de quetiapina;CIMED INDUSTRIA S.A;02.814.497/0001-07;637565240;14/05/2024;;2024-05-14;;;novo_em_relatorio
EVOTERIN;FARMARIN INDUSTRIA E COMERCIO LTDA;58.635.830/0001-75;302135251;06/03/2025;;2025-03-06;;;novo_em_relatorio
dacarbazina;BLAU FARMACÊUTICA S.A.;58.430.828/0001-60;731338251;29/05/2025;;2025-05-29;;;novo_em_relatorio
Soolantra;GALDERMA BRASIL LTDA;00.317.372/0001-46;142495255;31/01/2025;;2025-01-31;;;novo_em_relatorio
rivaroxabana;INSTITUTO VITAL BRAZIL S/A;30.064.034/0001-00;930912250;17/07/2025;;2025-07-17;;;novo_em_relatorio
CETOPROFENO;ACHÉ LABORATÓRIOS FARMACÊUTICOS S.A;60.659.463/0029-92;883884232;22/08/2023;;2023-08-22;;;novo_em_relatorio
REGIOCIT;BAXTER HOSPITALAR LTDA;49.351.786/0002-61;469266244;12/04/2024;;2024-04-12;;;novo_em_relatorio
GAESO;ACHÉ LABORATÓRIOS FARMACÊUTICOS S.A;60.659.463/0029-92;1205052259;11/09/2025;;2025-09-11;;;novo_em_relatorio
ANGIPRESS;ACHÉ LABORATÓRIOS FARMACÊUTICOS S.A;60.659.463/0029-92;992169259;31/07/2025;;2025-07-31;;;novo_em_relatorio
celecoxibe;ACHÉ LABORATÓRIOS FARMACÊUTICOS S.A;60.659.463/0029-92;322821258;10/03/2025;;2025-03-10;;;novo_em_relatorio
BIOMATROP;ACHÉ LABORATÓRIOS FARMACÊUTICOS S.A;60.659.463/0029-92;1041012211;17/03/2021;;2021-03-17;;;novo_em_relatorio
TENSART;MYRALIS INDÚSTRIA FARMACÊUTICA LTDA;17.440.261/0001-25;422561240;04/04/2024;;2024-04-04;;;novo_em_relatorio
MARACUGINA PI (Passiflora incarnata L);COSMED INDUSTRIA DE COSMETICOS E MEDICAMENTOS S.A.;61.082.426/0002-07;1284134245;18/09/2024;;2024-09-18;;;novo_em_relatorio
pregabalina;LEGRAND PHARMA INDÚSTRIA FARMACÊUTICA LTDA;05.044.984/0001-26;501989251;11/04/2025;;2025-04-11;;;novo_em_relatorio
pregabalina;GERMED FARMACEUTICA LTDA;45.992.062/0001-65;502123257;11/04/2025;;2025-04-11;;;novo_em_relatorio
succinato de desvenlafaxina monoidratado;Althaia S.A Indústria Farmacêutica;48.344.725/0007-19;227655257;18/02/2025;;2025-02-18;;;novo_em_relatorio
LOSARTANA POTÁSSICA;ACHÉ LABORATÓRIOS FARMACÊUTICOS S.A;60.659.463/0029-92;365731251;18/03/2025;;2025-03-18;;;novo_em_relatorio
amoxicilina tri-hidratada;ACHÉ LABORATÓRIOS FARMACÊUTICOS S.A;60.659.463/0029-92;3671917211;16/09/2021;;2021-09-16;;;novo_em_relatorio
MALEATO DE TIMOLOL;ACHÉ LABORATÓRIOS FARMACÊUTICOS S.A;60.659.463/0029-92;4352753220;28/06/2022;;2022-06-28;;;novo_em_relatorio
YVI;LEGRAND PHARMA INDÚSTRIA FARMACÊUTICA LTDA;05.044.984/0001-26;8450886210;23/12/2021;;2021-12-23;;;novo_em_relatorio
Dupla;CRISTÁLIA PRODUTOS QUÍMICOS FARMACÊUTICOS LTDA.;44.734.671/0001-51;725307251;28/05/2025;;2025-05-28;;;novo_em_relatorio
hemitartarato de zolpidem;AUROBINDO PHARMA INDÚSTRIA FARMACÊUTICA LIMITADA;04.301.884/0001-75;1476342237;27/12/2023;;2023-12-27;;;novo_em_relatorio
ZOMIG/ZOMIG OD;GRÜNENTHAL DO BRASIL FARMACÊUTICA LTDA.;10.555.143/0001-13;803821255;16/06/2025;;2025-06-16;;;novo_em_relatorio
CEFALEXINA MONOIDRATADA;MULTILAB INDUSTRIA E COMERCIO DE PRODUTOS FARMACEUTICOS LTDA;92.265.552/0009-05;224133241;26/02/2024;;2024-02-26;;;novo_em_relatorio
cloridrato de nebivolol;ACHÉ LABORATÓRIOS FARMACÊUTICOS S.A;60.659.463/0029-92;193695251;11/02/2025;;2025-02-11;;;novo_em_relatorio
olmesartana medoxomila+hidroclorotiazida;EMS S/A;57.507.378/0003-65;918260256;15/07/2025;;2025-07-15;;;novo_em_relatorio
Clopam;CRISTÁLIA PRODUTOS QUÍMICOS FARMACÊUTICOS LTDA.;44.734.671/0001-51;139084240;05/02/2024;;2024-02-05;;;novo_em_relatorio
VITAMINA D CIMED;CIMED INDUSTRIA S.A;02.814.497/0001-07;577774247;02/05/2024;;2024-05-02;;;novo_em_relatorio
FEXX;1FARMA INDUSTRIA FARMACEUTICA LTDA;48.113.906/0001-49;1659455243;04/12/2024;;2024-12-04;;;novo_em_relatorio
CAPOX;GEOLAB INDÚSTRIA FARMACÊUTICA S/A;03.485.572/0001-04;5020321222;06/12/2022;;2022-12-06;;;novo_em_relatorio
DPREV;MYRALIS INDÚSTRIA FARMACÊUTICA LTDA;17.440.261/0001-25;742639258;02/06/2025;;2025-06-02;;;novo_em_relatorio
PREGABALINA;RANBAXY FARMACÊUTICA LTDA;73.663.650/0001-90;1694157245;11/12/2024;;2024-12-11;;;novo_em_relatorio
KOATE DVI;GRIFOLS BRASIL LTDA;02.513.899/0001-71;193247259;11/02/2025;;2025-02-11;;;novo_em_relatorio
NASOJET 3H;NATULAB LABORATORIO S.A;02.456.955/0001-83;4621187210;22/11/2021;;2021-11-22;;;novo_em_relatorio
ALTRYXEN;EUROFARMA LABORATÓRIOS S.A.;61.190.096/0001-92;272078255;26/02/2025;;2025-02-26;;;novo_em_relatorio
KONDUZ;EMS S/A;57.507.378/0003-65;501823255;11/04/2025;;2025-04-11;;;novo_em_relatorio
omeprazol;ACHÉ LABORATÓRIOS FARMACÊUTICOS S.A;60.659.463/0029-92;328247193;11/04/2019;;2019-04-11;;;novo_em_relatorio
ORKAMBI;VERTEX FARMACEUTICA DO BRASIL LTDA.;21.798.065/0001-02;2452384224;18/04/2022;;2022-04-18;;;novo_em_relatorio
LINADIB DUO;EMS S/A;57.507.378/0003-65;1069665258;14/08/2025;;2025-08-14;;;novo_em_relatorio
valerato de estradiol;LEGRAND PHARMA INDÚSTRIA FARMACÊUTICA LTDA;05.044.984/0001-26;8450845211;23/12/2021;;2021-12-23;;;novo_em_relatorio
OLANZAPINA;ACHÉ LABORATÓRIOS FARMACÊUTICOS S.A;60.659.463/0029-92;416621252;27/03/2025;;2025-03-27;;;novo_em_relatorio
acetato de abiraterona;DR. REDDYS FARMACÊUTICA DO BRASIL LTDA;03.978.166/0001-75;688957251;22/05/2025;;2025-05-22;;;novo_em_relatorio
FLEBODIA;LABORATÓRIO GROSS S. A.;33.145.194/0001-72;786170247;12/06/2024;;2024-06-12;;;novo_em_relatorio
letrozol;GERMED FARMACEUTICA LTDA;45.992.062/0001-65;1681397242;09/12/2024;;2024-12-09;;;novo_em_relatorio
ZOMI;SUN FARMACÊUTICA DO BRASIL LTDA;05.035.244/0001-23;1617088242;26/11/2024;;2024-11-26;;;novo_em_relatorio
Rydapt;NOVARTIS BIOCIENCIAS S.A;56.994.502/0001-30;1421210240;16/10/2024;;2024-10-16;;;novo_em_relatorio
Olumiant;ELI LILLY DO BRASIL LTDA;43.940.618/0001-44;284107247;07/03/2024;;2024-03-07;;;novo_em_relatorio
cefazolina sódica;INSTITUTO BIOCHIMICO INDÚSTRIA FARMACÊUTICA LTDA;33.258.401/0001-03;849494257;28/06/2025;;2025-06-28;;;novo_em_relatorio
sulfato de terbutalina;FRESENIUS KABI BRASIL LTDA;49.324.221/0001-04;1565438248;13/11/2024;;2024-11-13;;;novo_em_relatorio
amoxicilina + clavulanato de potássio;LABORATÓRIO TEUTO BRASILEIRO S/A;17.159.229/0001-76;66584256;16/01/2025;;2025-01-16;;;novo_em_relatorio
pemetrexede dissódico hemipentaidratado;BLAU FARMACÊUTICA S.A.;58.430.828/0001-60;990632253;31/07/2025;;2025-07-31;;;novo_em_relatorio
ANGIPRESS CD;ACHÉ LABORATÓRIOS FARMACÊUTICOS S.A;60.659.463/0029-92;499583256;11/04/2025;;2025-04-11;;;novo_em_relatorio
tretinoína;EMS S/A;57.507.378/0003-65;1003455255;04/08/2025;;2025-08-04;;;novo_em_relatorio
HICONAZOL;HALEX ISTAR INDÚSTRIA FARMACÊUTICA SA;01.571.702/0001-98;393424243;28/03/2024;;2024-03-28;;;novo_em_relatorio
cloridrato de sertralina;LABORATÓRIO TEUTO BRASILEIRO S/A;17.159.229/0001-76;1638657246;29/11/2024;;2024-11-29;;;novo_em_relatorio
RISPERIDONA;ACHÉ LABORATÓRIOS FARMACÊUTICOS S.A;60.659.463/0029-92;1205061258;11/09/2025;;2025-09-11;;;novo_em_relatorio
INZELM;TAKEDA PHARMA LTDA.;60.397.775/0001-74;767717252;06/06/2025;;2025-06-06;;;novo_em_relatorio
Junno;FARMOQUÍMICA S/A;33.349.473/0001-58;1742562248;20/12/2024;;2024-12-20;;;novo_em_relatorio
LORATAMED D;CIMED INDUSTRIA S.A;02.814.497/0001-07;987940252;30/07/2025;;2025-07-30;;;novo_em_relatorio
VELLANA;CRISTÁLIA PRODUTOS QUÍMICOS FARMACÊUTICOS LTDA.;44.734.671/0001-51;655241256;15/05/2025;;2025-05-15;;;novo_em_relatorio
pregabalina;Althaia S.A Indústria Farmacêutica;48.344.725/0007-19;192994255;11/02/2025;;2025-02-11;;;novo_em_relatorio
PULMONARE;CIFARMA CIENTÍFICA FARMACÊUTICA LTDA;17.562.075/0001-69;1330998216;07/04/2021;;2021-04-07;;;novo_em_relatorio
tadalafila;CIMED INDUSTRIA S.A;02.814.497/0001-07;1500822248;31/10/2024;;2024-10-31;;;novo_em_relatorio
MARESIS HT;FARMOQUÍMICA S/A;33.349.473/0001-58;408924241;02/04/2024;;2024-04-02;;;novo_em_relatorio
INSIT;APSEN FARMACEUTICA S/A;62.462.015/0001-29;280726252;27/02/2025;;2025-02-27;;;novo_em_relatorio
IBANDRONATO DE SODIO;ACHÉ LABORATÓRIOS FARMACÊUTICOS S.A;60.659.463/0029-92;1193216257;09/09/2025;;2025-09-09;;;novo_em_relatorio
BIKTARVY;GILEAD SCIENCES FARMACEUTICA DO BRASIL LTDA;15.670.288/0001-89;1594435243;21/11/2024;;2024-11-21;;;novo_em_relatorio
CIBEX;SUPERA FARMA LABORATÓRIOS S.A;43.312.503/0001-05;304337251;06/03/2025;;2025-03-06;;;novo_em_relatorio
bilastina;EMS S/A;57.507.378/0003-65;58796258;15/01/2025;;2025-01-15;;;novo_em_relatorio
fosfato sódico de prednisolona;ACHÉ LABORATÓRIOS FARMACÊUTICOS S.A;60.659.463/0029-92;1318295211;06/04/2021;;2021-04-06;;;novo_em_relatorio
LITERATA;CRISTÁLIA PRODUTOS QUÍMICOS FARMACÊUTICOS LTDA.;44.734.671/0001-51;97447251;23/01/2025;;2025-01-23;;;novo_em_relatorio
olanzapina;PHARLAB INDÚSTRIA FARMACÊUTICA S.A.;02.501.297/0001-02;5020354228;06/12/2022;;2022-12-06;;;novo_em_relatorio
cloridrato de sertralina;LABORATÓRIO GLOBO SA;17.115.437/0001-73;1152691252;28/08/2025;;2025-08-28;;;novo_em_relatorio
dicloridrato de levocetirizina;EMS S/A;57.507.378/0003-65;1443343242;21/10/2024;;2024-10-21;;;novo_em_relatorio
pregabalina;EMS S/A;57.507.378/0003-65;501722254;11/04/2025;;2025-04-11;;;novo_em_relatorio
cefalexina;ANTIBIÓTICOS DO BRASIL LTDA;05.439.635/0001-03;4825219225;17/10/2022;;2022-10-17;;;novo_em_relatorio
FORMOCAPS;ACHÉ LABORATÓRIOS FARMACÊUTICOS S.A;60.659.463/0029-92;340250241;19/03/2024;;2024-03-19;;;novo_em_relatorio
MALEATO DE ENALAPRIL;BIOLAB SANUS FARMACÊUTICA LTDA;49.475.833/0001-06;659182254;15/05/2025;;2025-05-15;;;novo_em_relatorio
REGENCEL;CRISTÁLIA PRODUTOS QUÍMICOS FARMACÊUTICOS LTDA.;44.734.671/0001-51;476155258;07/04/2025;;2025-04-07;;;novo_em_relatorio
GLICOSE;FARMARIN INDUSTRIA E COMERCIO LTDA;58.635.830/0001-75;1187352250;08/09/2025;;2025-09-08;;;novo_em_relatorio
NUROMOL;RECKITT BENCKISER (BRASIL) LTDA;59.557.124/0001-15;1101831243;12/08/2024;;2024-08-12;;;novo_em_relatorio
BUP XL;EUROFARMA LABORATÓRIOS S.A.;61.190.096/0001-92;1008497258;05/08/2025;;2025-08-05;;;novo_em_relatorio
DRY;CRISTÁLIA PRODUTOS QUÍMICOS FARMACÊUTICOS LTDA.;44.734.671/0001-51;676678254;20/05/2025;;2025-05-20;;;novo_em_relatorio
CLORIDRATO DE TERBINAFINA;ACHÉ LABORATÓRIOS FARMACÊUTICOS S.A;60.659.463/0029-92;940656256;21/07/2025;;2025-07-21;;;novo_em_relatorio
Idacio;FRESENIUS KABI BRASIL LTDA;49.324.221/0001-04;911594256;11/07/2025;;2025-07-11;;;novo_em_relatorio
SPRAVATO;JANSSEN-CILAG FARMACÊUTICA LTDA;51.780.468/0001-87;28875257;09/01/2025;;2025-01-09;;;novo_em_relatorio
carvedilol;PRATI DONADUZZI & CIA LTDA;73.856.593/0001-66;1748496247;23/12/2024;;2024-12-23;;;novo_em_relatorio
alendronato de sódio;CIMED INDUSTRIA S.A;02.814.497/0001-07;3941505208;10/11/2020;;2020-11-10;;;novo_em_relatorio
piperaciclina sódica + tazobactam sódico;SANDOZ DO BRASIL INDÚSTRIA FARMACÊUTICA LTDA;61.286.647/0001-16;786658258;11/06/2025;;2025-06-11;;;novo_em_relatorio
D’ORTO;EUROFARMA LABORATÓRIOS S.A.;61.190.096/0001-92;4144536208;24/11/2020;;2020-11-24;;;novo_em_relatorio
oxalato de escitalopram;CIMED INDUSTRIA S.A;02.814.497/0001-07;901061255;09/07/2025;;2025-07-09;;;novo_em_relatorio
ATROVERAN DIP;COSMED INDUSTRIA DE COSMETICOS E MEDICAMENTOS S.A.;61.082.426/0002-07;531948251;17/04/2025;;2025-04-17;;;novo_em_relatorio
norfloxacino;GEOLAB INDÚSTRIA FARMACÊUTICA S/A;03.485.572/0001-04;1153616254;28/08/2025;;2025-08-28;;;novo_em_relatorio
tenoxicam;UNIÃO QUÍMICA FARMACÊUTICA NACIONAL S/A;60.665.981/0001-18;448658259;02/04/2025;;2025-04-02;;;novo_em_relatorio
LIZBI®;HALEX ISTAR INDÚSTRIA FARMACÊUTICA SA;01.571.702/0001-98;420360255;27/03/2025;;2025-03-27;;;novo_em_relatorio
mesilato de doxazosina;AUROBINDO PHARMA INDÚSTRIA FARMACÊUTICA LIMITADA;04.301.884/0001-75;923521259;16/07/2025;;2025-07-16;;;novo_em_relatorio
AVIV;COSMED INDUSTRIA DE COSMETICOS E MEDICAMENTOS S.A.;61.082.426/0002-07;383393256;21/03/2025;;2025-03-21;;;novo_em_relatorio
HEMITARTARATO DE RIVASTIGMINA;ACHÉ LABORATÓRIOS FARMACÊUTICOS S.A;60.659.463/0029-92;1007271256;05/08/2025;;2025-08-05;;;novo_em_relatorio
PLENIGELL;CRISTÁLIA PRODUTOS QUÍMICOS FARMACÊUTICOS LTDA.;44.734.671/0001-51;754280241;05/06/2024;;2024-06-05;;;novo_em_relatorio
Undecilato de testosterona;EUROFARMA LABORATÓRIOS S.A.;61.190.096/0001-92;377854255;20/03/2025;;2025-03-20;;;novo_em_relatorio
FLUVIRAL NOITE;COSMED INDUSTRIA DE COSMETICOS E MEDICAMENTOS S.A.;61.082.426/0002-07;207534250;13/02/2025;;2025-02-13;;;novo_em_relatorio
azitromicina;GERMED FARMACEUTICA LTDA;45.992.062/0001-65;1203207247;02/09/2024;;2024-09-02;;;novo_em_relatorio
LACOTEM;ADIUM S.A.;55.980.684/0001-27;1602166242;22/11/2024;;2024-11-22;;;novo_em_relatorio
levofloxacino hemi-hidratado;GERMED FARMACEUTICA LTDA;45.992.062/0001-65;569427258;28/04/2025;;2025-04-28;;;novo_em_relatorio
DICLORIDRATO DE BETAISTINA;ACHÉ LABORATÓRIOS FARMACÊUTICOS S.A;60.659.463/0029-92;713225254;27/05/2025;;2025-05-27;;;novo_em_relatorio
cloridrato de ciclobenzaprina;ACHÉ LABORATÓRIOS FARMACÊUTICOS S.A;60.659.463/0029-92;1726263240;18/12/2024;;2024-12-18;;;novo_em_relatorio
FLUCONAZOL;HALEX ISTAR INDÚSTRIA FARMACÊUTICA SA;01.571.702/0001-98;4353638220;28/06/2022;;2022-06-28;;;novo_em_relatorio
levofloxacino hemi-hidratado;LEGRAND PHARMA INDÚSTRIA FARMACÊUTICA LTDA;05.044.984/0001-26;571054251;28/04/2025;;2025-04-28;;;novo_em_relatorio
EMSEXPECTOR;EMS S/A;57.507.378/0003-65;1152920251;28/08/2025;;2025-08-28;;;novo_em_relatorio
nistatina+oxido de zinco;CIMED INDUSTRIA S.A;02.814.497/0001-07;1659522242;04/12/2024;;2024-12-04;;;novo_em_relatorio
EVOZAR;FARMARIN INDUSTRIA E COMERCIO LTDA;58.635.830/0001-75;730002250;29/05/2025;;2025-05-29;;;novo_em_relatorio
FUROSEMIDA;ACHÉ LABORATÓRIOS FARMACÊUTICOS S.A;60.659.463/0029-92;99781255;23/01/2025;;2025-01-23;;;novo_em_relatorio
DEFORCE;ZYDUS NIKKHO FARMACÊUTICA LTDA;05.254.971/0001-81;4230254229;30/05/2022;;2022-05-30;;;novo_em_relatorio
NEOTIGASON;TEVA FARMACÊUTICA LTDA.;05.333.542/0001-08;961089245;15/07/2024;;2024-07-15;;;novo_em_relatorio
GYNOTRAN;EXELTIS LABORATORIO FARMACEUTICO LTDA;19.136.432/0001-52;1053879253;13/08/2025;;2025-08-13;;;novo_em_relatorio
atenolol;BIOLAB SANUS FARMACÊUTICA LTDA;49.475.833/0001-06;455817251;03/04/2025;;2025-04-03;;;novo_em_relatorio
VERZENIOS;ELI LILLY DO BRASIL LTDA;43.940.618/0001-44;608437255;06/05/2025;;2025-05-06;;;novo_em_relatorio
TRATURIL;APSEN FARMACEUTICA S/A;62.462.015/0001-29;1650615248;03/12/2024;;2024-12-03;;;novo_em_relatorio
XILFYA;PFIZER BRASIL LTDA;61.072.393/0001-33;1350013242;01/10/2024;;2024-10-01;;;novo_em_relatorio
VEAC;EUROFARMA LABORATÓRIOS S.A.;61.190.096/0001-92;1038543231;29/09/2023;;2023-09-29;;;novo_em_relatorio
maleato de enalapril;LABORATÓRIO GLOBO SA;17.115.437/0001-73;828140251;24/06/2025;;2025-06-24;;;novo_em_relatorio
Oxypynal;ADIUM S.A.;55.980.684/0001-27;868166251;02/07/2025;;2025-07-02;;;novo_em_relatorio
CORUS;ACHÉ LABORATÓRIOS FARMACÊUTICOS S.A;60.659.463/0029-92;577713256;29/04/2025;;2025-04-29;;;novo_em_relatorio
ISOFARMA-SOLUÇÃO DE CLORETO DE SODIO;HALEX ISTAR INDÚSTRIA FARMACÊUTICA SA;01.571.702/0001-98;753756234;20/07/2023;;2023-07-20;;;novo_em_relatorio
ACICLOVIR;ACHÉ LABORATÓRIOS FARMACÊUTICOS S.A;60.659.463/0029-92;720480230;13/07/2023;;2023-07-13;;;novo_em_relatorio
FILGRASTIM;ACHÉ LABORATÓRIOS FARMACÊUTICOS S.A;60.659.463/0029-92;212222244;22/02/2024;;2024-02-22;;;novo_em_relatorio
Topiramato;ACHÉ LABORATÓRIOS FARMACÊUTICOS S.A;60.659.463/0029-92;218812230;06/03/2023;;2023-03-06;;;novo_em_relatorio
succinato de solifenacina;GERMED FARMACEUTICA LTDA;45.992.062/0001-65;578942259;29/04/2025;;2025-04-29;;;novo_em_relatorio
metildopa;PRATI DONADUZZI & CIA LTDA;73.856.593/0001-66;622715259;08/05/2025;;2025-05-08;;;novo_em_relatorio
dicloridrato de levocetirizina;BRAINFARMA INDÚSTRIA QUÍMICA E FARMACÊUTICA S.A;05.161.069/0001-10;2669414214;09/07/2021;;2021-07-09;;;novo_em_relatorio
gliclazida;LEGRAND PHARMA INDÚSTRIA FARMACÊUTICA LTDA;05.044.984/0001-26;631220259;09/05/2025;;2025-05-09;;;novo_em_relatorio
ZIOR;ACHÉ LABORATÓRIOS FARMACÊUTICOS S.A;60.659.463/0029-92;557500211;11/02/2021;;2021-02-11;;;novo_em_relatorio
MOZ;Camber Farmaceutica Ltda;24.633.934/0001-29;427366259;28/03/2025;;2025-03-28;;;novo_em_relatorio
ICLUSIG;PINT PHARMA PRODUTOS MEDICO-HOSPITALARES E FARMACEUTICOS LTDA;21.896.000/0001-91;1461536243;24/10/2024;;2024-10-24;;;novo_em_relatorio
exemestano;SUN FARMACÊUTICA DO BRASIL LTDA;05.035.244/0001-23;1694625249;11/12/2024;;2024-12-11;;;novo_em_relatorio
SOLUÇÃO FISIOLÓGICA;FARMARIN INDUSTRIA E COMERCIO LTDA;58.635.830/0001-75;1177292254;04/09/2025;;2025-09-04;;;novo_em_relatorio
SORBITOL + MANITOL;HALEX ISTAR INDÚSTRIA FARMACÊUTICA SA;01.571.702/0001-98;3370457201;01/10/2020;;2020-10-01;;;novo_em_relatorio
carvedilol;ZYDUS NIKKHO FARMACÊUTICA LTDA;05.254.971/0001-81;340884258;13/03/2025;;2025-03-13;;;novo_em_relatorio
minoxidil;GERMED FARMACEUTICA LTDA;45.992.062/0001-65;380162253;20/03/2025;;2025-03-20;;;novo_em_relatorio
AJOVY;TEVA FARMACÊUTICA LTDA.;05.333.542/0001-08;377646237;14/04/2023;;2023-04-14;;;novo_em_relatorio
oxalato de escitalopram;ACHÉ LABORATÓRIOS FARMACÊUTICOS S.A;60.659.463/0029-92;1132578256;22/08/2025;;2025-08-22;;;novo_em_relatorio
TRAZIMERA;PFIZER BRASIL LTDA;61.072.393/0001-33;468597247;12/04/2024;;2024-04-12;;;novo_em_relatorio
PRESMIN;CRISTÁLIA PRODUTOS QUÍMICOS FARMACÊUTICOS LTDA.;44.734.671/0001-51;1567250246;14/11/2024;;2024-11-14;;;novo_em_relatorio
GLYXAMBI;BOEHRINGER INGELHEIM DO BRASIL QUÍMICA E FARMACÊUTICA LTDA.;60.831.658/0001-77;194213251;11/02/2025;;2025-02-11;;;novo_em_relatorio
BESILATO DE ANLODIPINO;VITAMEDIC INDUSTRIA FARMACEUTICA LTDA;30.222.814/0001-31;1445705249;21/10/2024;;2024-10-21;;;novo_em_relatorio
CORDAREX;ACHÉ LABORATÓRIOS FARMACÊUTICOS S.A;60.659.463/0029-92;66929253;16/01/2025;;2025-01-16;;;novo_em_relatorio
CLINDOXYL;GLAXOSMITHKLINE BRASIL LTDA;33.247.743/0001-10;1144435251;26/08/2025;;2025-08-26;;;novo_em_relatorio
valsartana;ACHÉ LABORATÓRIOS FARMACÊUTICOS S.A;60.659.463/0029-92;1174345250;03/09/2025;;2025-09-03;;;novo_em_relatorio
MEFEX;ACHÉ LABORATÓRIOS FARMACÊUTICOS S.A;60.659.463/0029-92;1390889238;07/12/2023;;2023-12-07;;;novo_em_relatorio
ticagrelor;EMS S/A;57.507.378/0003-65;1138034258;25/08/2025;;2025-08-25;;;novo_em_relatorio
BABYMED TRATAMENTO;CIMED INDUSTRIA S.A;02.814.497/0001-07;4241907229;01/06/2022;;2022-06-01;;;novo_em_relatorio
BUTILBROMETO DE ESCOPOLAMINA+DIPIRONA SODICA;UNIÃO QUÍMICA FARMACÊUTICA NACIONAL S/A;60.665.981/0001-18;1444296248;21/10/2024;;2024-10-21;;;novo_em_relatorio
VITANOL-A;GLAXOSMITHKLINE BRASIL LTDA;33.247.743/0001-10;617609250;07/05/2025;;2025-05-07;;;novo_em_relatorio
COD PAR;SUPERA FARMA LABORATÓRIOS S.A;43.312.503/0001-05;709293259;26/05/2025;;2025-05-26;;;novo_em_relatorio
NITRENDIPINO;ACHÉ LABORATÓRIOS FARMACÊUTICOS S.A;60.659.463/0029-92;1662017243;05/12/2024;;2024-12-05;;;novo_em_relatorio
risperidona;GEOLAB INDÚSTRIA FARMACÊUTICA S/A;03.485.572/0001-04;377747254;20/03/2025;;2025-03-20;;;novo_em_relatorio
Prednisolona;EUROFARMA LABORATÓRIOS S.A.;61.190.096/0001-92;271032243;05/03/2024;;2024-03-05;;;novo_em_relatorio
LOMECAN;GLENMARK FARMACÊUTICA LTDA;44.363.661/0001-57;967716250;24/07/2025;;2025-07-24;;;novo_em_relatorio
EMSFEB EFE;EMS S/A;57.507.378/0003-65;983262241;18/07/2024;;2024-07-18;;;novo_em_relatorio
bezafibrato;GLENMARK FARMACÊUTICA LTDA;44.363.661/0001-57;866452257;02/07/2025;;2025-07-02;;;novo_em_relatorio
cloridrato de amiodarona;GEOLAB INDÚSTRIA FARMACÊUTICA S/A;03.485.572/0001-04;506365255;14/04/2025;;2025-04-14;;;novo_em_relatorio
ISOFARMA SOLUÇÃO DE FOSFATO DE POTÁSSIO 2 MEQ/ML;HALEX ISTAR INDÚSTRIA FARMACÊUTICA SA;01.571.702/0001-98;4289458201;04/12/2020;;2020-12-04;;;novo_em_relatorio
cefazolina sódica;ANTIBIÓTICOS DO BRASIL LTDA;05.439.635/0001-03;1558698217;23/04/2021;;2021-04-23;;;novo_em_relatorio
REGISTRO ELETRÔNICO;EMPRESA DE TESTE LTDA. (VS01);11.111.111/0001-91;1451447221;30/03/2022;;2022-03-30;;;novo_em_relatorio
ciprofloxacino;HALEX ISTAR INDÚSTRIA FARMACÊUTICA SA;01.571.702/0001-98;7110283216;15/12/2021;;2021-12-15;;;novo_em_relatorio
ISOFARMA-SOLUÇÃO DE CLORETO DE POTÁSSIO;HALEX ISTAR INDÚSTRIA FARMACÊUTICA SA;01.571.702/0001-98;7108575213;15/12/2021;;2021-12-15;;;novo_em_relatorio
TACFEN;EMS S/A;57.507.378/0003-65;1293030244;19/09/2024;;2024-09-19;;;novo_em_relatorio
ezetimiba + sinvastatina;ZYDUS NIKKHO FARMACÊUTICA LTDA;05.254.971/0001-81;706554256;26/05/2025;;2025-05-26;;;novo_em_relatorio
IGVENA;KEDRION BRASIL LTDA.;09.284.952/0001-59;916268250;14/07/2025;;2025-07-14;;;novo_em_relatorio
cloridrato de donepezila;GEOLAB INDÚSTRIA FARMACÊUTICA S/A;03.485.572/0001-04;726334251;28/05/2025;;2025-05-28;;;novo_em_relatorio
cloridrato de trazodona;ZYDUS NIKKHO FARMACÊUTICA LTDA;05.254.971/0001-81;768320259;06/06/2025;;2025-06-06;;;novo_em_relatorio
BINAV;BLANVER FARMOQUIMICA E FARMACEUTICA S.A.;53.359.824/0001-19;643427236;23/06/2023;;2023-06-23;;;novo_em_relatorio
dicloridrato de betaistina;AUROBINDO PHARMA INDÚSTRIA FARMACÊUTICA LIMITADA;04.301.884/0001-75;934948259;18/07/2025;;2025-07-18;;;novo_em_relatorio
linagliptina;GERMED FARMACEUTICA LTDA;45.992.062/0001-65;336216254;12/03/2025;;2025-03-12;;;novo_em_relatorio
linagliptina;LEGRAND PHARMA INDÚSTRIA FARMACÊUTICA LTDA;05.044.984/0001-26;336269251;12/03/2025;;2025-03-12;;;novo_em_relatorio
GLINAPE;LEGRAND PHARMA INDÚSTRIA FARMACÊUTICA LTDA;05.044.984/0001-26;336352255;12/03/2025;;2025-03-12;;;novo_em_relatorio
LINADIB;EMS S/A;57.507.378/0003-65;336454252;12/03/2025;;2025-03-12;;;novo_em_relatorio
GLUNAC;GERMED FARMACEUTICA LTDA;45.992.062/0001-65;336486251;12/03/2025;;2025-03-12;;;novo_em_relatorio
AH-ZUL;LEGRAND PHARMA INDÚSTRIA FARMACÊUTICA LTDA;05.044.984/0001-26;1443583243;21/10/2024;;2024-10-21;;;novo_em_relatorio
esomeprazol magnésico tri-hidratado;EMS S/A;57.507.378/0003-65;641998252;13/05/2025;;2025-05-13;;;novo_em_relatorio
ofloxacino;LEGRAND PHARMA INDÚSTRIA FARMACÊUTICA LTDA;05.044.984/0001-26;1495803211;19/04/2021;;2021-04-19;;;novo_em_relatorio
OLZICAR HCT;COSMED INDUSTRIA DE COSMETICOS E MEDICAMENTOS S.A.;61.082.426/0002-07;653977255;14/05/2025;;2025-05-14;;;novo_em_relatorio
SEVOFLURANO;UNIÃO QUÍMICA FARMACÊUTICA NACIONAL S/A;60.665.981/0001-18;777894238;26/07/2023;;2023-07-26;;;novo_em_relatorio
hidroclorotiazida;GERMED FARMACEUTICA LTDA;45.992.062/0001-65;277010250;27/02/2025;;2025-02-27;;;novo_em_relatorio
meloxicam;PRATI DONADUZZI & CIA LTDA;73.856.593/0001-66;610793250;06/05/2025;;2025-05-06;;;novo_em_relatorio
BENZIFLEX LIS;EMS S/A;57.507.378/0003-65;1148589244;21/08/2024;;2024-08-21;;;novo_em_relatorio
NIMBIUM;ASPEN PHARMA INDÚSTRIA FARMACÊUTICA LTDA;02.433.631/0001-20;4590266229;23/08/2022;;2022-08-23;;;novo_em_relatorio
sinvastatina;LABORATÓRIO GLOBO SA;17.115.437/0001-73;1058956256;13/08/2025;;2025-08-13;;;novo_em_relatorio
NORMASTIG;UNIÃO QUÍMICA FARMACÊUTICA NACIONAL S/A;60.665.981/0001-18;1156245222;17/03/2022;;2022-03-17;;;novo_em_relatorio
KOPAX;GERMED FARMACEUTICA LTDA;45.992.062/0001-65;1408880245;14/10/2024;;2024-10-14;;;novo_em_relatorio
Everolimo;NATCOFARMA DO BRASIL LTDA;08.157.293/0001-27;1263615244;13/09/2024;;2024-09-13;;;novo_em_relatorio
GALZET;LEGRAND PHARMA INDÚSTRIA FARMACÊUTICA LTDA;05.044.984/0001-26;4431244221;15/07/2022;;2022-07-15;;;novo_em_relatorio
DESDUO;TORRENT DO BRASIL LTDA;33.078.528/0001-32;1214417248;03/09/2024;;2024-09-03;;;novo_em_relatorio
LACASS;ARESE PHARMA LTDA.;07.670.111/0001-54;248798243;29/02/2024;;2024-02-29;;;novo_em_relatorio
VALSARTANA;GERMED FARMACEUTICA LTDA;45.992.062/0001-65;1174348259;03/09/2025;;2025-09-03;;;novo_em_relatorio
PROTOPIC;LEO PHARMA LTDA;11.424.477/0001-10;1152797255;28/08/2025;;2025-08-28;;;novo_em_relatorio
BESEROL;MEGALABS FARMACEUTICA S.A.;33.026.055/0001-20;1197833242;30/08/2024;;2024-08-30;;;novo_em_relatorio
cloridrato de amitriptilina;LEGRAND PHARMA INDÚSTRIA FARMACÊUTICA LTDA;05.044.984/0001-26;991647254;31/07/2025;;2025-07-31;;;novo_em_relatorio
PAXORAL;APSEN FARMACEUTICA S/A;62.462.015/0001-29;435856251;31/03/2025;;2025-03-31;;;novo_em_relatorio
cloridrato de ropivacaína;HYPOFARMA - INSTITUTO DE HYPODERMIA E FARMÁCIA LTDA;17.174.657/0001-78;1122165251;20/08/2025;;2025-08-20;;;novo_em_relatorio
cloridrato de ciclobenzaprina;AUROBINDO PHARMA INDÚSTRIA FARMACÊUTICA LIMITADA;04.301.884/0001-75;4780453224;04/10/2022;;2022-10-04;;;novo_em_relatorio
HIZOLP;EMS S/A;57.507.378/0003-65;33974250;09/01/2025;;2025-01-09;;;novo_em_relatorio
AMOXICILINA;LABORATÓRIO TEUTO BRASILEIRO S/A;17.159.229/0001-76;15639258;07/01/2025;;2025-01-07;;;novo_em_relatorio
COLPIST MT;ARESE PHARMA LTDA.;07.670.111/0001-54;751122254;03/06/2025;;2025-06-03;;;novo_em_relatorio
COQUES;EUROFARMA LABORATÓRIOS S.A.;61.190.096/0001-92;663017238;28/06/2023;;2023-06-28;;;novo_em_relatorio
citrato de sildenafila;EMS SIGMA PHARMA LTDA;00.923.140/0001-31;1443822248;21/10/2024;;2024-10-21;;;novo_em_relatorio
URGISIN;LEGRAND PHARMA INDÚSTRIA FARMACÊUTICA LTDA;05.044.984/0001-26;571204252;28/04/2025;;2025-04-28;;;novo_em_relatorio
FLAMADOR;LEGRAND PHARMA INDÚSTRIA FARMACÊUTICA LTDA;05.044.984/0001-26;52730255;14/01/2025;;2025-01-14;;;novo_em_relatorio
TRUXIMA;CELLTRION HEALTHCARE DISTRIBUICAO DE PRODUTOS FARMACEUTICOS DOS BRASIL LTDA;05.452.889/0001-61;1005541256;04/08/2025;;2025-08-04;;;novo_em_relatorio
BRASART;EMS SIGMA PHARMA LTDA;00.923.140/0001-31;1175016250;03/09/2025;;2025-09-03;;;novo_em_relatorio
CALMAN;ASPEN PHARMA INDÚSTRIA FARMACÊUTICA LTDA;02.433.631/0001-20;128424257;29/01/2025;;2025-01-29;;;novo_em_relatorio
CLOTRIMAZOL;LABORATÓRIO GLOBO SA;17.115.437/0001-73;788204254;11/06/2025;;2025-06-11;;;novo_em_relatorio
atenolol + clortalidona;LEGRAND PHARMA INDÚSTRIA FARMACÊUTICA LTDA;05.044.984/0001-26;890038252;07/07/2025;;2025-07-07;;;novo_em_relatorio
bimatoprosta;GERMED FARMACEUTICA LTDA;45.992.062/0001-65;414309251;26/03/2025;;2025-03-26;;;novo_em_relatorio
pantoprazol sódico sesqui-hidratado;LEGRAND PHARMA INDÚSTRIA FARMACÊUTICA LTDA;05.044.984/0001-26;975875256;28/07/2025;;2025-07-28;;;novo_em_relatorio
citrato de sildenafila;LEGRAND PHARMA INDÚSTRIA FARMACÊUTICA LTDA;05.044.984/0001-26;4503066226;03/08/2022;;2022-08-03;;;novo_em_relatorio
DALACIN C;PFIZER BRASIL LTDA;61.072.393/0001-33;964707250;24/07/2025;;2025-07-24;;;novo_em_relatorio
TRACRIUM;ASPEN PHARMA INDÚSTRIA FARMACÊUTICA LTDA;02.433.631/0001-20;4590014220;23/08/2022;;2022-08-23;;;novo_em_relatorio
APEVITIN BC;EMS S/A;57.507.378/0003-65;891219251;07/07/2025;;2025-07-07;;;novo_em_relatorio
ANDES;SUPERA FARMA LABORATÓRIOS S.A;43.312.503/0001-05;1106341244;13/08/2024;;2024-08-13;;;novo_em_relatorio
valsartana + besilato de anlodipino;EMS S/A;57.507.378/0003-65;1525194241;05/11/2024;;2024-11-05;;;novo_em_relatorio
risperidona;UNIÃO QUÍMICA FARMACÊUTICA NACIONAL S/A;60.665.981/0001-18;70842256;17/01/2025;;2025-01-17;;;novo_em_relatorio
Telmigran HCT;LEGRAND PHARMA INDÚSTRIA FARMACÊUTICA LTDA;05.044.984/0001-26;337242259;12/03/2025;;2025-03-12;;;novo_em_relatorio
hemitartarato de zolpidem;NOVARTIS BIOCIENCIAS S.A;56.994.502/0001-30;1637552246;29/11/2024;;2024-11-29;;;novo_em_relatorio
CLIOQDERM;GEOLAB INDÚSTRIA FARMACÊUTICA S/A;03.485.572/0001-04;141170185;23/02/2018;;2018-02-23;;;novo_em_relatorio
NIQUITIN;MAPPEL INDÚSTRIA DE EMBALAGENS S.A.;01.233.103/0001-64;4501341220;03/08/2022;;2022-08-03;;;novo_em_relatorio
pantoprazol sódico;1FARMA INDUSTRIA FARMACEUTICA LTDA;48.113.906/0001-49;842300208;20/03/2020;;2020-03-20;;;novo_em_relatorio
NAROPIN;ASPEN PHARMA INDÚSTRIA FARMACÊUTICA LTDA;02.433.631/0001-20;686916255;22/05/2025;;2025-05-22;;;novo_em_relatorio
OMCILON A;ASPEN PHARMA INDÚSTRIA FARMACÊUTICA LTDA;02.433.631/0001-20;720905257;28/05/2025;;2025-05-28;;;novo_em_relatorio
OSTEOFORM;EMS SIGMA PHARMA LTDA;00.923.140/0001-31;725682256;28/05/2025;;2025-05-28;;;novo_em_relatorio
ALFRON;EMS SIGMA PHARMA LTDA;00.923.140/0001-31;4415748228;12/07/2022;;2022-07-12;;;novo_em_relatorio
PANZOMED;CIMED INDUSTRIA S.A;02.814.497/0001-07;920374185;21/09/2018;;2018-09-21;;;novo_em_relatorio
CLORIDRATO DE BUPROPIONA;UNIÃO QUÍMICA FARMACÊUTICA NACIONAL S/A;60.665.981/0001-18;293472254;03/03/2025;;2025-03-03;;;novo_em_relatorio
paracetamol;GERMED FARMACEUTICA LTDA;45.992.062/0001-65;1681092247;09/12/2024;;2024-12-09;;;novo_em_relatorio
telmisartana+hidroclorotiazida;LEGRAND PHARMA INDÚSTRIA FARMACÊUTICA LTDA;05.044.984/0001-26;337312257;12/03/2025;;2025-03-12;;;novo_em_relatorio
MONOZOL;LEGRAND PHARMA INDÚSTRIA FARMACÊUTICA LTDA;05.044.984/0001-26;246870249;29/02/2024;;2024-02-29;;;novo_em_relatorio
ZINFORO;PFIZER BRASIL LTDA;61.072.393/0001-33;1196628246;30/08/2024;;2024-08-30;;;novo_em_relatorio
valsartana;Althaia S.A Indústria Farmacêutica;48.344.725/0007-19;786715251;11/06/2025;;2025-06-11;;;novo_em_relatorio
cloridrato de ciclobenzaprina;LABORATÓRIO GLOBO SA;17.115.437/0001-73;569300240;30/04/2024;;2024-04-30;;;novo_em_relatorio
AFREZZA;BIOMM SA;04.752.991/0001-10;793546257;12/06/2025;;2025-06-12;;;novo_em_relatorio
LAMOTRIGINA;PRATI DONADUZZI & CIA LTDA;73.856.593/0001-66;652920250;14/05/2025;;2025-05-14;;;novo_em_relatorio
aciclovir;PRATI DONADUZZI & CIA LTDA;73.856.593/0001-66;585740259;30/04/2025;;2025-04-30;;;novo_em_relatorio
mesalazina;PRATI DONADUZZI & CIA LTDA;73.856.593/0001-66;825983258;23/06/2025;;2025-06-23;;;novo_em_relatorio
citrato de sildenafila;CIMED INDUSTRIA S.A;02.814.497/0001-07;357689241;22/03/2024;;2024-03-22;;;novo_em_relatorio
ibuprofeno;PRATI DONADUZZI & CIA LTDA;73.856.593/0001-66;581285255;30/04/2025;;2025-04-30;;;novo_em_relatorio
paracetamol + fosfato de codeina;BRAINFARMA INDÚSTRIA QUÍMICA E FARMACÊUTICA S.A;05.161.069/0001-10;834724251;25/06/2025;;2025-06-25;;;novo_em_relatorio
rosuvastatina cálcica;NOVARTIS BIOCIENCIAS S.A;56.994.502/0001-30;916027244;04/07/2024;;2024-07-04;;;novo_em_relatorio
Tacrolimo;GERMED FARMACEUTICA LTDA;45.992.062/0001-65;1195261250;09/09/2025;;2025-09-09;;;novo_em_relatorio
LEUKERAN;ASPEN PHARMA INDÚSTRIA FARMACÊUTICA LTDA;02.433.631/0001-20;528064258;17/04/2025;;2025-04-17;;;novo_em_relatorio
valsartana + hidroclorotiazida;GERMED FARMACEUTICA LTDA;45.992.062/0001-65;1737393247;19/12/2024;;2024-12-19;;;novo_em_relatorio
telmisartana+hidroclorotiazida;GERMED FARMACEUTICA LTDA;45.992.062/0001-65;337251258;12/03/2025;;2025-03-12;;;novo_em_relatorio
ESMOG;EMS S/A;57.507.378/0003-65;622168258;08/05/2025;;2025-05-08;;;novo_em_relatorio
cloridrato de venlafaxina;GEOLAB INDÚSTRIA FARMACÊUTICA S/A;03.485.572/0001-04;26223252;08/01/2025;;2025-01-08;;;novo_em_relatorio
YVEC;GERMED FARMACEUTICA LTDA;45.992.062/0001-65;115330259;27/01/2025;;2025-01-27;;;novo_em_relatorio
LUMIDERM;EMS SIGMA PHARMA LTDA;00.923.140/0001-31;1373658212;10/04/2021;;2021-04-10;;;novo_em_relatorio
amoxicilina;GERMED FARMACEUTICA LTDA;45.992.062/0001-65;154960250;04/02/2025;;2025-02-04;;;novo_em_relatorio
Diclofenaco potássico;GEOLAB INDÚSTRIA FARMACÊUTICA S/A;03.485.572/0001-04;976776251;28/07/2025;;2025-07-28;;;novo_em_relatorio
olanzapina;PRATI DONADUZZI & CIA LTDA;73.856.593/0001-66;784812250;11/06/2025;;2025-06-11;;;novo_em_relatorio
AKINETON;Laboratórios Bagó do Brasil S/A;04.748.181/0009-47;1346621241;01/10/2024;;2024-10-01;;;novo_em_relatorio
algestona acetofenida + enantato de estradiol;LEGRAND PHARMA INDÚSTRIA FARMACÊUTICA LTDA;05.044.984/0001-26;122922247;31/01/2024;;2024-01-31;;;novo_em_relatorio
DUTASTERIDA + CLORIDRATO DE TANSULOSINA;ADIUM S.A.;55.980.684/0001-27;1072835258;14/08/2025;;2025-08-14;;;novo_em_relatorio
albendazol;GERMED FARMACEUTICA LTDA;45.992.062/0001-65;247020249;29/02/2024;;2024-02-29;;;novo_em_relatorio
TRACOX;FARMOQUÍMICA S/A;33.349.473/0001-58;771018258;09/06/2025;;2025-06-09;;;novo_em_relatorio
BERGOX;LEGRAND PHARMA INDÚSTRIA FARMACÊUTICA LTDA;05.044.984/0001-26;1701015242;12/12/2024;;2024-12-12;;;novo_em_relatorio
STELE;BIOLAB SANUS FARMACÊUTICA LTDA;49.475.833/0001-06;66299250;16/01/2025;;2025-01-16;;;novo_em_relatorio
MESILATO DE DOXAZOSINA;BRAINFARMA INDÚSTRIA QUÍMICA E FARMACÊUTICA S.A;05.161.069/0001-10;1273771231;17/11/2023;;2023-11-17;;;novo_em_relatorio
ZOLTEC;PFIZER BRASIL LTDA;61.072.393/0001-33;1379009243;08/10/2024;;2024-10-08;;;novo_em_relatorio
DAXAS;ASTRAZENECA DO BRASIL LTDA;60.318.797/0001-00;1151004251;27/08/2025;;2025-08-27;;;novo_em_relatorio
acebrofilina;LABORATÓRIO GLOBO SA;17.115.437/0001-73;761737251;05/06/2025;;2025-06-05;;;novo_em_relatorio
DERMOSALIC;CELLERA FARMACÊUTICA S.A.;33.173.097/0002-74;918974241;05/07/2024;;2024-07-05;;;novo_em_relatorio
XYLOCAINA;ASPEN PHARMA INDÚSTRIA FARMACÊUTICA LTDA;02.433.631/0001-20;566369257;28/04/2025;;2025-04-28;;;novo_em_relatorio
DURATESTON;ASPEN PHARMA INDÚSTRIA FARMACÊUTICA LTDA;02.433.631/0001-20;117463230;06/02/2023;;2023-02-06;;;novo_em_relatorio
DOSTINEX;PFIZER BRASIL LTDA;61.072.393/0001-33;1271783240;16/09/2024;;2024-09-16;;;novo_em_relatorio
citrato de sildenafila;AUROBINDO PHARMA INDÚSTRIA FARMACÊUTICA LIMITADA;04.301.884/0001-75;3765036218;23/09/2021;;2021-09-23;;;novo_em_relatorio
MESTINON;CELLERA FARMACÊUTICA S.A.;33.173.097/0002-74;1047238241;31/07/2024;;2024-07-31;;;novo_em_relatorio
PLAQUEVIX;EMS S/A;57.507.378/0003-65;347496253;14/03/2025;;2025-03-14;;;novo_em_relatorio
AMOX-EMS;EMS S/A;57.507.378/0003-65;977085252;28/07/2025;;2025-07-28;;;novo_em_relatorio
BAVENCIO;MERCK S/A;33.069.212/0001-84;795466251;13/06/2025;;2025-06-13;;;novo_em_relatorio
FELDENE;PFIZER BRASIL LTDA;61.072.393/0001-33;696799243;24/05/2024;;2024-05-24;;;novo_em_relatorio
ZYPAROX;ZYDUS NIKKHO FARMACÊUTICA LTDA;05.254.971/0001-81;768880254;06/06/2025;;2025-06-06;;;novo_em_relatorio
SOROZINC;CIFARMA CIENTÍFICA FARMACÊUTICA LTDA;17.562.075/0001-69;557383251;25/04/2025;;2025-04-25;;;novo_em_relatorio
ácido mefenâmico;LEGRAND PHARMA INDÚSTRIA FARMACÊUTICA LTDA;05.044.984/0001-26;1111914249;14/08/2024;;2024-08-14;;;novo_em_relatorio
ÁGUA PARA INJETÁVEIS;FARMARIN INDUSTRIA E COMERCIO LTDA;58.635.830/0001-75;1183727259;05/09/2025;;2025-09-05;;;novo_em_relatorio
cloridrato de amiodarona;SANOFI MEDLEY FARMACÊUTICA LTDA.;10.588.595/0010-92;1740383249;20/12/2024;;2024-12-20;;;novo_em_relatorio
tadalafila;PHARLAB INDÚSTRIA FARMACÊUTICA S.A.;02.501.297/0001-02;770809251;09/06/2025;;2025-06-09;;;novo_em_relatorio
rosuvastatina cálcica;ACHÉ LABORATÓRIOS FARMACÊUTICOS S.A;60.659.463/0029-92;706608259;26/05/2025;;2025-05-26;;;novo_em_relatorio
ARIPIPRAZOL;ACHÉ LABORATÓRIOS FARMACÊUTICOS S.A;60.659.463/0029-92;578791251;29/04/2025;;2025-04-29;;;novo_em_relatorio
KOLI D3;EMS SIGMA PHARMA LTDA;00.923.140/0001-31;87959259;21/01/2025;;2025-01-21;;;novo_em_relatorio
EVOPOSDO;FARMARIN INDUSTRIA E COMERCIO LTDA;58.635.830/0001-75;242516254;20/02/2025;;2025-02-20;;;novo_em_relatorio
ISOFARMA - AGUA PARA INJEÇÃO;HALEX ISTAR INDÚSTRIA FARMACÊUTICA SA;01.571.702/0001-98;7088334216;15/12/2021;;2021-12-15;;;novo_em_relatorio
apixabana;ZYDUS NIKKHO FARMACÊUTICA LTDA;05.254.971/0001-81;708497250;26/05/2025;;2025-05-26;;;novo_em_relatorio
sulfato de neomicina + bacitracina zíncica;LABORATÓRIO GLOBO SA;17.115.437/0001-73;767293258;06/06/2025;;2025-06-06;;;novo_em_relatorio
KALYDECO;VERTEX FARMACEUTICA DO BRASIL LTDA.;21.798.065/0001-02;963805258;23/07/2025;;2025-07-23;;;novo_em_relatorio
sulfato de hidroxicloroquina;SANOFI MEDLEY FARMACÊUTICA LTDA.;10.588.595/0010-92;1164946251;01/09/2025;;2025-09-01;;;novo_em_relatorio
ADDAVEN;FRESENIUS KABI BRASIL LTDA;49.324.221/0001-04;1343401241;30/09/2024;;2024-09-30;;;novo_em_relatorio
AMOX-EMS;EMS S/A;57.507.378/0003-65;966839251;24/07/2025;;2025-07-24;;;novo_em_relatorio
RELAXMED;1FARMA INDUSTRIA FARMACEUTICA LTDA;48.113.906/0001-49;3883106206;05/11/2020;;2020-11-05;;;novo_em_relatorio
cloridrato de metilfenidato;LEGRAND PHARMA INDÚSTRIA FARMACÊUTICA LTDA;05.044.984/0001-26;906042259;10/07/2025;;2025-07-10;;;novo_em_relatorio
DEXAFLOTEN;EMS S/A;57.507.378/0003-65;874682258;03/07/2025;;2025-07-03;;;novo_em_relatorio
SUCCINATO DE DESVENLAFAXINA MONOIDRATADO;EMS S/A;57.507.378/0003-65;1203750242;02/09/2024;;2024-09-02;;;novo_em_relatorio
ROHYDORM;EMS SIGMA PHARMA LTDA;00.923.140/0001-31;427480256;28/03/2025;;2025-03-28;;;novo_em_relatorio
PREDINIS;LEGRAND PHARMA INDÚSTRIA FARMACÊUTICA LTDA;05.044.984/0001-26;1085645231;11/10/2023;;2023-10-11;;;novo_em_relatorio
prednisona;GERMED FARMACEUTICA LTDA;45.992.062/0001-65;1231067241;06/09/2024;;2024-09-06;;;novo_em_relatorio
NQUÍASE;MULTILAB INDUSTRIA E COMERCIO DE PRODUTOS FARMACEUTICOS LTDA;92.265.552/0009-05;279486251;27/02/2025;;2025-02-27;;;novo_em_relatorio
VASIFIL;MULTILAB INDUSTRIA E COMERCIO DE PRODUTOS FARMACEUTICOS LTDA;92.265.552/0009-05;1443864242;21/10/2024;;2024-10-21;;;novo_em_relatorio
ANGIOPRIL;DIFFUCAP - CHEMOBRÁS QUÍMICA E FARMACÊUTICA LTDA;42.457.796/0001-56;467157243;12/04/2024;;2024-04-12;;;novo_em_relatorio
TEDEAGA;LEGRAND PHARMA INDÚSTRIA FARMACÊUTICA LTDA;05.044.984/0001-26;905944259;10/07/2025;;2025-07-10;;;novo_em_relatorio
DUTAM;ADIUM S.A.;55.980.684/0001-27;1072732254;14/08/2025;;2025-08-14;;;novo_em_relatorio
CICLORTEN;EMS S/A;57.507.378/0003-65;347357253;14/03/2025;;2025-03-14;;;novo_em_relatorio
LEVIOSA;LEGRAND PHARMA INDÚSTRIA FARMACÊUTICA LTDA;05.044.984/0001-26;2179887221;11/04/2022;;2022-04-11;;;novo_em_relatorio
MERONEM;PFIZER BRASIL LTDA;61.072.393/0001-33;1678581241;09/12/2024;;2024-12-09;;;novo_em_relatorio
cloridrato de ciclobenzaprina;GEOLAB INDÚSTRIA FARMACÊUTICA S/A;03.485.572/0001-04;531095258;17/04/2025;;2025-04-17;;;novo_em_relatorio
XYLOPROCT;ASPEN PHARMA INDÚSTRIA FARMACÊUTICA LTDA;02.433.631/0001-20;4716589226;20/09/2022;;2022-09-20;;;novo_em_relatorio
QUATRIN;UNIÃO QUÍMICA FARMACÊUTICA NACIONAL S/A;60.665.981/0001-18;2536561216;30/06/2021;;2021-06-30;;;novo_em_relatorio
itraconazol;GEOLAB INDÚSTRIA FARMACÊUTICA S/A;03.485.572/0001-04;1238936245;09/09/2024;;2024-09-09;;;novo_em_relatorio
INALIDE;EMS S/A;57.507.378/0003-65;1715609247;16/12/2024;;2024-12-16;;;novo_em_relatorio
dicloridrato de trimetazidina;GERMED FARMACEUTICA LTDA;45.992.062/0001-65;1723130249;17/12/2024;;2024-12-17;;;novo_em_relatorio
atorvastatina cálcica;LEGRAND PHARMA INDÚSTRIA FARMACÊUTICA LTDA;05.044.984/0001-26;921088256;15/07/2025;;2025-07-15;;;novo_em_relatorio
rosuvastatina cálcica;GERMED FARMACEUTICA LTDA;45.992.062/0001-65;1173011251;03/09/2025;;2025-09-03;;;novo_em_relatorio
IMFINZI;ASTRAZENECA DO BRASIL LTDA;60.318.797/0001-00;1169648258;02/09/2025;;2025-09-02;;;novo_em_relatorio
trometamol cetorolaco;BLAU FARMACÊUTICA S.A.;58.430.828/0001-60;373519257;19/03/2025;;2025-03-19;;;novo_em_relatorio
piroxicam;GERMED FARMACEUTICA LTDA;45.992.062/0001-65;1080029249;07/08/2024;;2024-08-07;;;novo_em_relatorio
OLMETEC;PFIZER BRASIL LTDA;61.072.393/0001-33;796836256;13/06/2025;;2025-06-13;;;novo_em_relatorio
ENAX;ARESE PHARMA LTDA.;07.670.111/0001-54;248251244;29/02/2024;;2024-02-29;;;novo_em_relatorio
cloridrato de venlafaxina;GERMED FARMACEUTICA LTDA;45.992.062/0001-65;1487341245;29/10/2024;;2024-10-29;;;novo_em_relatorio
FOXIS;ACHÉ LABORATÓRIOS FARMACÊUTICOS S.A;60.659.463/0029-92;322866251;10/03/2025;;2025-03-10;;;novo_em_relatorio
DROPTIM;LEGRAND PHARMA INDÚSTRIA FARMACÊUTICA LTDA;05.044.984/0001-26;1086141253;15/08/2025;;2025-08-15;;;novo_em_relatorio
SINVATROX EZE;LEGRAND PHARMA INDÚSTRIA FARMACÊUTICA LTDA;05.044.984/0001-26;897331257;08/07/2025;;2025-07-08;;;novo_em_relatorio
trometamol cetorolaco;EMS S/A;57.507.378/0003-65;618033254;07/05/2025;;2025-05-07;;;novo_em_relatorio
MEKINIST;NOVARTIS BIOCIENCIAS S.A;56.994.502/0001-30;1149538252;27/08/2025;;2025-08-27;;;novo_em_relatorio
FOLACIN;ARESE PHARMA LTDA.;07.670.111/0001-54;727376241;30/05/2024;;2024-05-30;;;novo_em_relatorio
ORLIPID;EMS SIGMA PHARMA LTDA;00.923.140/0001-31;976908255;28/07/2025;;2025-07-28;;;novo_em_relatorio
BIO - VAGIN;ADIUM S.A.;55.980.684/0001-27;865866252;02/07/2025;;2025-07-02;;;novo_em_relatorio
cloridrato de fexofenadina;CIMED INDUSTRIA S.A;02.814.497/0001-07;1659265240;04/12/2024;;2024-12-04;;;novo_em_relatorio
ANASTROZOL;GERMED FARMACEUTICA LTDA;45.992.062/0001-65;1368538240;04/10/2024;;2024-10-04;;;novo_em_relatorio
NITAZOXANIDA;BRAINFARMA INDÚSTRIA QUÍMICA E FARMACÊUTICA S.A;05.161.069/0001-10;1152229257;28/08/2025;;2025-08-28;;;novo_em_relatorio
citrato de sildenafila;LEGRAND PHARMA INDÚSTRIA FARMACÊUTICA LTDA;05.044.984/0001-26;1443637246;21/10/2024;;2024-10-21;;;novo_em_relatorio
maleato de enalapril;GEOLAB INDÚSTRIA FARMACÊUTICA S/A;03.485.572/0001-04;933263236;01/09/2023;;2023-09-01;;;novo_em_relatorio
HIDROQUINONA;LEGRAND PHARMA INDÚSTRIA FARMACÊUTICA LTDA;05.044.984/0001-26;1398254211;12/04/2021;;2021-04-12;;;novo_em_relatorio
Letrozol;NATCOFARMA DO BRASIL LTDA;08.157.293/0001-27;1686966245;10/12/2024;;2024-12-10;;;novo_em_relatorio
PARALDRIN;LEGRAND PHARMA INDÚSTRIA FARMACÊUTICA LTDA;05.044.984/0001-26;1409045242;14/10/2024;;2024-10-14;;;novo_em_relatorio
ONGLYZA;ASTRAZENECA DO BRASIL LTDA;60.318.797/0001-00;1197514252;09/09/2025;;2025-09-09;;;novo_em_relatorio
PALOCYT;ACCORD FARMACÊUTICA LTDA;64.171.697/0001-46;1060218232;05/10/2023;;2023-10-05;;;novo_em_relatorio
Erelzi;SANDOZ DO BRASIL INDÚSTRIA FARMACÊUTICA LTDA;61.286.647/0001-16;33719250;09/01/2025;;2025-01-09;;;novo_em_relatorio
atenolol;GERMED FARMACEUTICA LTDA;45.992.062/0001-65;857239252;30/06/2025;;2025-06-30;;;novo_em_relatorio
cloridrato de ranitidina;LEGRAND PHARMA INDÚSTRIA FARMACÊUTICA LTDA;05.044.984/0001-26;1317144215;06/04/2021;;2021-04-06;;;novo_em_relatorio
tadalafila;GEOLAB INDÚSTRIA FARMACÊUTICA S/A;03.485.572/0001-04;1479544248;28/10/2024;;2024-10-28;;;novo_em_relatorio
rosuvastatina cálcica;LEGRAND PHARMA INDÚSTRIA FARMACÊUTICA LTDA;05.044.984/0001-26;1173054251;03/09/2025;;2025-09-03;;;novo_em_relatorio
fumarato de dimetila;DR. REDDYS FARMACÊUTICA DO BRASIL LTDA;03.978.166/0001-75;827731256;24/06/2025;;2025-06-24;;;novo_em_relatorio
pantoprazol sódico sesqui-hidratado;MULTILAB INDUSTRIA E COMERCIO DE PRODUTOS FARMACEUTICOS LTDA;92.265.552/0009-05;736488251;30/05/2025;;2025-05-30;;;novo_em_relatorio
trometamol cetorolaco;GERMED FARMACEUTICA LTDA;45.992.062/0001-65;617507252;07/05/2025;;2025-05-07;;;novo_em_relatorio
cloridrato de propafenona;Althaia S.A Indústria Farmacêutica;48.344.725/0007-19;569681251;28/04/2025;;2025-04-28;;;novo_em_relatorio
VIBRAMICINA;PFIZER BRASIL LTDA;61.072.393/0001-33;1559389249;13/11/2024;;2024-11-13;;;novo_em_relatorio
atenolol;LEGRAND PHARMA INDÚSTRIA FARMACÊUTICA LTDA;05.044.984/0001-26;857416251;30/06/2025;;2025-06-30;;;novo_em_relatorio
FLUCOLCID;LABORATÓRIO GLOBO SA;17.115.437/0001-73;986104256;30/07/2025;;2025-07-30;;;novo_em_relatorio
CLORETO DE CÁLCIO 10%;VASCONCELOS INDUSTRIA FARMACEUTICA E COMERCIO LTDA;05.155.425/0001-93;921418248;05/07/2024;;2024-07-05;;;novo_em_relatorio
hemitartarato de zolpidem;LEGRAND PHARMA INDÚSTRIA FARMACÊUTICA LTDA;05.044.984/0001-26;33109257;09/01/2025;;2025-01-09;;;novo_em_relatorio
DERMOGRAN;LEGRAND PHARMA INDÚSTRIA FARMACÊUTICA LTDA;05.044.984/0001-26;357758242;22/03/2024;;2024-03-22;;;novo_em_relatorio
NEOSEMID;BRAINFARMA INDÚSTRIA QUÍMICA E FARMACÊUTICA S.A;05.161.069/0001-10;1439509221;29/03/2022;;2022-03-29;;;novo_em_relatorio
hemifumarato de quetiapina;LEGRAND PHARMA INDÚSTRIA FARMACÊUTICA LTDA;05.044.984/0001-26;1006537252;05/08/2025;;2025-08-05;;;novo_em_relatorio
ATROVERAN DIP;COSMED INDUSTRIA DE COSMETICOS E MEDICAMENTOS S.A.;61.082.426/0002-07;531924254;17/04/2025;;2025-04-17;;;novo_em_relatorio
aripiprazol;LABORATÓRIO GLOBO SA;17.115.437/0001-73;1443801232;19/12/2023;;2023-12-19;;;novo_em_relatorio
HEDERAX;ARESE PHARMA LTDA.;07.670.111/0001-54;3619705216;13/09/2021;;2021-09-13;;;novo_em_relatorio
carbamazepina;GERMED FARMACEUTICA LTDA;45.992.062/0001-65;30808251;09/01/2025;;2025-01-09;;;novo_em_relatorio
MALEATO DE DEXCLORFENIRAMINA + BETAMETASONA;CIMED INDUSTRIA S.A;02.814.497/0001-07;3931511208;09/11/2020;;2020-11-09;;;novo_em_relatorio
RITONAVIR;CRISTÁLIA PRODUTOS QUÍMICOS FARMACÊUTICOS LTDA.;44.734.671/0001-51;1332610214;07/04/2021;;2021-04-07;;;novo_em_relatorio
cloridrato de hidroxizina;EUROFARMA LABORATÓRIOS S.A.;61.190.096/0001-92;660508231;28/06/2023;;2023-06-28;;;novo_em_relatorio
rifamicina SV sódica;GERMED FARMACEUTICA LTDA;45.992.062/0001-65;886793246;28/06/2024;;2024-06-28;;;novo_em_relatorio
esomeprazol magnésico tri-hidratado;LEGRAND PHARMA INDÚSTRIA FARMACÊUTICA LTDA;05.044.984/0001-26;645073253;13/05/2025;;2025-05-13;;;novo_em_relatorio
rivaroxabana;EMS S/A;57.507.378/0003-65;957341253;22/07/2025;;2025-07-22;;;novo_em_relatorio
PRECEDEX;PFIZER BRASIL LTDA;61.072.393/0001-33;1031224246;29/07/2024;;2024-07-29;;;novo_em_relatorio
tobramicina;EMS S/A;57.507.378/0003-65;906815258;10/07/2025;;2025-07-10;;;novo_em_relatorio
latanoprosta;EMS S/A;57.507.378/0003-65;599830255;05/05/2025;;2025-05-05;;;novo_em_relatorio
MALEATO DE LEVOMEPROMAZINA;HIPOLABOR FARMACEUTICA LTDA;19.570.720/0001-10;1393420249;10/10/2024;;2024-10-10;;;novo_em_relatorio
EMLA;ASPEN PHARMA INDÚSTRIA FARMACÊUTICA LTDA;02.433.631/0001-20;353875252;17/03/2025;;2025-03-17;;;novo_em_relatorio
propofol;BLAU FARMACÊUTICA S.A.;58.430.828/0001-60;1179691253;04/09/2025;;2025-09-04;;;novo_em_relatorio
SILUESTAT;EMS S/A;57.507.378/0003-65;398067252;24/03/2025;;2025-03-24;;;novo_em_relatorio
ESOGASTRO IBP;EMS S/A;57.507.378/0003-65;420695257;27/03/2025;;2025-03-27;;;novo_em_relatorio
acetato de ciproterona + etinilestradiol;CIFARMA CIENTÍFICA FARMACÊUTICA LTDA;17.562.075/0001-69;1261039246;13/09/2024;;2024-09-13;;;novo_em_relatorio
tobramicina;GERMED FARMACEUTICA LTDA;45.992.062/0001-65;906855250;10/07/2025;;2025-07-10;;;novo_em_relatorio
tobramicina;LEGRAND PHARMA INDÚSTRIA FARMACÊUTICA LTDA;05.044.984/0001-26;906870259;10/07/2025;;2025-07-10;;;novo_em_relatorio
LISADOR DIP;COSMED INDUSTRIA DE COSMETICOS E MEDICAMENTOS S.A.;61.082.426/0002-07;529829258;17/04/2025;;2025-04-17;;;novo_em_relatorio
DAISAN;DAIICHI SANKYO BRASIL FARMACÊUTICA LTDA;60.874.187/0001-84;982336250;29/07/2025;;2025-07-29;;;novo_em_relatorio
OCREVUS;PRODUTOS ROCHE QUÍMICOS E FARMACÊUTICOS S.A.;33.009.945/0001-23;1207069256;11/09/2025;;2025-09-11;;;novo_em_relatorio
CREMEDERME;CELLERA FARMACÊUTICA S.A.;33.173.097/0002-74;892661259;08/07/2025;;2025-07-08;;;novo_em_relatorio
PROTAMINA;CELLERA FARMACÊUTICA S.A.;33.173.097/0002-74;839965257;26/06/2025;;2025-06-26;;;novo_em_relatorio
VESANOID;FARMOQUÍMICA S/A;33.349.473/0001-58;245388257;20/02/2025;;2025-02-20;;;novo_em_relatorio
cloridrato de sertralina;GERMED FARMACEUTICA LTDA;45.992.062/0001-65;1174444258;03/09/2025;;2025-09-03;;;novo_em_relatorio
ARAZABI;EMS S/A;57.507.378/0003-65;1343182247;30/09/2024;;2024-09-30;;;novo_em_relatorio
RIFASAN;EMS S/A;57.507.378/0003-65;886952247;28/06/2024;;2024-06-28;;;novo_em_relatorio
BESILAPIN;GEOLAB INDÚSTRIA FARMACÊUTICA S/A;03.485.572/0001-04;1445847248;21/10/2024;;2024-10-21;;;novo_em_relatorio
NEMICINA;CELLERA FARMACÊUTICA S.A.;33.173.097/0002-74;1218482249;04/09/2024;;2024-09-04;;;novo_em_relatorio
CAMPTOSAR;PFIZER BRASIL LTDA;61.072.393/0001-33;1623701244;27/11/2024;;2024-11-27;;;novo_em_relatorio
TREMFYA;JANSSEN-CILAG FARMACÊUTICA LTDA;51.780.468/0001-87;478352255;07/04/2025;;2025-04-07;;;novo_em_relatorio
domperidona;LEGRAND PHARMA INDÚSTRIA FARMACÊUTICA LTDA;05.044.984/0001-26;1059013258;13/08/2025;;2025-08-13;;;novo_em_relatorio
Rozerem;TAKEDA PHARMA LTDA.;60.397.775/0001-74;666224234;29/06/2023;;2023-06-29;;;novo_em_relatorio
ECALTA;PFIZER BRASIL LTDA;61.072.393/0001-33;882207245;27/06/2024;;2024-06-27;;;novo_em_relatorio
COSOPT;MUNDIPHARMA BRASIL PRODUTOS MÉDICOS E FARMACÊUTICOS LTDA;15.127.898/0001-30;786946253;11/06/2025;;2025-06-11;;;novo_em_relatorio
ZYVOX;PFIZER BRASIL LTDA;61.072.393/0001-33;81619251;20/01/2025;;2025-01-20;;;novo_em_relatorio
VITAMINA D;MYRALIS INDÚSTRIA FARMACÊUTICA LTDA;17.440.261/0001-25;1186753234;30/10/2023;;2023-10-30;;;novo_em_relatorio
MEZOLIUM;GERMED FARMACEUTICA LTDA;45.992.062/0001-65;645289256;13/05/2025;;2025-05-13;;;novo_em_relatorio
carbidopa monoidratada + levodopa;LABORATÓRIO TEUTO BRASILEIRO S/A;17.159.229/0001-76;503176257;11/04/2025;;2025-04-11;;;novo_em_relatorio
FLORINEFE;ASPEN PHARMA INDÚSTRIA FARMACÊUTICA LTDA;02.433.631/0001-20;274272253;26/02/2025;;2025-02-26;;;novo_em_relatorio
cloridrato de sibutramina monoidratado;TORRENT DO BRASIL LTDA;33.078.528/0001-32;1082965251;15/08/2025;;2025-08-15;;;novo_em_relatorio
PANTOCAL;EUROFARMA LABORATÓRIOS S.A.;61.190.096/0001-92;669710253;19/05/2025;;2025-05-19;;;novo_em_relatorio
REKOVELLE;LABORATÓRIOS FERRING LTDA;74.232.034/0001-48;1117977251;19/08/2025;;2025-08-19;;;novo_em_relatorio
LISTO;BIOLAB SANUS FARMACÊUTICA LTDA;49.475.833/0001-06;1397842245;10/10/2024;;2024-10-10;;;novo_em_relatorio
BRAMICAR;EMS SIGMA PHARMA LTDA;00.923.140/0001-31;631338250;09/05/2025;;2025-05-09;;;novo_em_relatorio
PAZINE;ARESE PHARMA LTDA.;07.670.111/0001-54;248607243;29/02/2024;;2024-02-29;;;novo_em_relatorio
MELOVAC;EMS S/A;57.507.378/0003-65;1011226251;06/08/2025;;2025-08-06;;;novo_em_relatorio
cloridrato de fluoxetina;PHARLAB INDÚSTRIA FARMACÊUTICA S.A.;02.501.297/0001-02;733196250;29/05/2025;;2025-05-29;;;novo_em_relatorio
ZILARICINA;BRASTERAPICA PHARMACEUTICA LTDA.;46.179.008/0001-68;307950221;24/01/2022;;2022-01-24;;;novo_em_relatorio
DEXAMETASONA;LABORATÓRIO TEUTO BRASILEIRO S/A;17.159.229/0001-76;899302254;09/07/2025;;2025-07-09;;;novo_em_relatorio
VITACID PLUS;THERASKIN FARMACEUTICA LTDA.;61.517.397/0001-88;1536900249;07/11/2024;;2024-11-07;;;novo_em_relatorio
SORO ANTILATRODÉCTICO (Latrodectus curacaviensis);INSTITUTO VITAL BRAZIL S/A;30.064.034/0001-00;874275253;03/07/2025;;2025-07-03;;;novo_em_relatorio
cloridrato de fluoxetina;LABORATÓRIO TEUTO BRASILEIRO S/A;17.159.229/0001-76;682217255;21/05/2025;;2025-05-21;;;novo_em_relatorio
VERTIGOHEEL;HEEL DO BRASIL BIOMÉDICA LTDA;05.994.539/0001-27;4371072224;01/07/2022;;2022-07-01;;;novo_em_relatorio
carbamazepina;UNIÃO QUÍMICA FARMACÊUTICA NACIONAL S/A;60.665.981/0001-18;1736866249;19/12/2024;;2024-12-19;;;novo_em_relatorio
TIORFAN;Laboratórios Bagó do Brasil S/A;04.748.181/0009-47;696505240;24/05/2024;;2024-05-24;;;novo_em_relatorio
ACTILYSE;BOEHRINGER INGELHEIM DO BRASIL QUÍMICA E FARMACÊUTICA LTDA.;60.831.658/0001-77;1059145251;13/08/2025;;2025-08-13;;;novo_em_relatorio
LIPOFUNDIN;LABORATORIOS B. BRAUN S/A;31.673.254/0001-02;102678243;26/01/2024;;2024-01-26;;;novo_em_relatorio
PARACETAMOL;EMS S/A;57.507.378/0003-65;645104248;15/05/2024;;2024-05-15;;;novo_em_relatorio
SOYNATI;PHARMASCIENCE INDUSTRIA FARMACEUTICA S.A;25.773.037/0001-83;569111251;28/04/2025;;2025-04-28;;;novo_em_relatorio
SORO ANTI-RÁBICO;FUNDAÇÃO EZEQUIEL DIAS - FUNED;17.503.475/0001-01;1437346235;18/12/2023;;2023-12-18;;;novo_em_relatorio
NITRATO DE MICONAZOL;GEOLAB INDÚSTRIA FARMACÊUTICA S/A;03.485.572/0001-04;2858955212;22/07/2021;;2021-07-22;;;novo_em_relatorio
BUTILBROMETO DE ESCOPOLAMINA + DIPIRONA SÓDICA;FARMACE INDÚSTRIA QUÍMICO-FARMACÊUTICA CEARENSE LTDA;06.628.333/0001-46;1410602217;13/04/2021;;2021-04-13;;;novo_em_relatorio
ADACNE;GLENMARK FARMACÊUTICA LTDA;44.363.661/0001-57;1614536244;26/11/2024;;2024-11-26;;;novo_em_relatorio
clotrimazol + acetato de dexametasona;GERMED FARMACEUTICA LTDA;45.992.062/0001-65;810326256;17/06/2025;;2025-06-17;;;novo_em_relatorio
FOLINATO DE CÁLCIO;EUROFARMA LABORATÓRIOS S.A.;61.190.096/0001-92;1399849247;11/10/2024;;2024-10-11;;;novo_em_relatorio
CETOP;AIRELA INDÚSTRIA FARMACÊUTICA LTDA.;01.858.973/0001-29;254624198;21/03/2019;;2019-03-21;;;novo_em_relatorio
AMBROXMEL;CIMED INDUSTRIA S.A;02.814.497/0001-07;441323251;01/04/2025;;2025-04-01;;;novo_em_relatorio
leverctin;EMS S/A;57.507.378/0003-65;71359257;17/01/2025;;2025-01-17;;;novo_em_relatorio
HIDROCORTISONA;EMS S/A;57.507.378/0003-65;1069086258;14/08/2025;;2025-08-14;;;novo_em_relatorio
BROMOPRIDA;GERMED FARMACEUTICA LTDA;45.992.062/0001-65;417268246;03/04/2024;;2024-04-03;;;novo_em_relatorio
CASTANHA DA ÍNDIA ATALAIA;FARMABRAZ BETA ATALAIA FARMACEUTICA LTDA.;33.474.289/0001-30;210249242;22/02/2024;;2024-02-22;;;novo_em_relatorio
PRATIDERM;PRATI DONADUZZI & CIA LTDA;73.856.593/0001-66;25780255;08/01/2025;;2025-01-08;;;novo_em_relatorio
NOEX;EUROFARMA LABORATÓRIOS S.A.;61.190.096/0001-92;755379250;04/06/2025;;2025-06-04;;;novo_em_relatorio
CLORIDRATO DE CLOMIPRAMINA;EMS S/A;57.507.378/0003-65;54448255;14/01/2025;;2025-01-14;;;novo_em_relatorio
CLORIDRATO DE CLOMIPRAMINA;GERMED FARMACEUTICA LTDA;45.992.062/0001-65;1452402248;22/10/2024;;2024-10-22;;;novo_em_relatorio
SORO ANTIBOTRÓPICO (PENTAVALENTE) E ANTICROTÁLICO;INSTITUTO VITAL BRAZIL S/A;30.064.034/0001-00;874043255;03/07/2025;;2025-07-03;;;novo_em_relatorio
CLORIDRATO DE CLINDAMICINA;EMS S/A;57.507.378/0003-65;1181834252;05/09/2025;;2025-09-05;;;novo_em_relatorio
BROMOPRIDA;HIPOLABOR FARMACEUTICA LTDA;19.570.720/0001-10;1448354242;22/10/2024;;2024-10-22;;;novo_em_relatorio
CLORIDRATO DE CICLOBENZAPRINA;BRAINFARMA INDÚSTRIA QUÍMICA E FARMACÊUTICA S.A;05.161.069/0001-10;566998220;16/02/2022;;2022-02-16;;;novo_em_relatorio
OXALIPLATINA;GLENMARK FARMACÊUTICA LTDA;44.363.661/0001-57;455115249;10/04/2024;;2024-04-10;;;novo_em_relatorio
Tegeline;LFB - HEMODERIVADOS E BIOTECNOLOGIA LTDA;07.207.572/0001-95;1517246165;07/04/2016;;2016-04-07;;;novo_em_relatorio
BETAFACT;LFB - HEMODERIVADOS E BIOTECNOLOGIA LTDA;07.207.572/0001-95;679746156;31/07/2015;;2015-07-31;;;novo_em_relatorio
FACTANE;LFB - HEMODERIVADOS E BIOTECNOLOGIA LTDA;07.207.572/0001-95;679716154;31/07/2015;;2015-07-31;;;novo_em_relatorio
CLORIDRATO DE CLINDAMICINA;UNIÃO QUÍMICA FARMACÊUTICA NACIONAL S/A;60.665.981/0001-18;1078334242;07/08/2024;;2024-08-07;;;novo_em_relatorio
METRONIDAZOL;GEOLAB INDÚSTRIA FARMACÊUTICA S/A;03.485.572/0001-04;834564254;25/06/2025;;2025-06-25;;;novo_em_relatorio
COPAXONE;TEVA FARMACÊUTICA LTDA.;05.333.542/0001-08;1238763243;09/09/2024;;2024-09-09;;;novo_em_relatorio
METRONIDAZOL + NISTATINA;GEOLAB INDÚSTRIA FARMACÊUTICA S/A;03.485.572/0001-04;64563227;05/01/2022;;2022-01-05;;;novo_em_relatorio
PACLITAXEL;ACCORD FARMACÊUTICA LTDA;64.171.697/0001-46;366279219;28/01/2021;;2021-01-28;;;novo_em_relatorio
PIROXICAM;GEOLAB INDÚSTRIA FARMACÊUTICA S/A;03.485.572/0001-04;932059148;16/10/2014;;2014-10-16;;;novo_em_relatorio
CETADEX;GEOLAB INDÚSTRIA FARMACÊUTICA S/A;03.485.572/0001-04;4922356223;09/11/2022;;2022-11-09;;;novo_em_relatorio
SORO ANTICROTÁLICO;INSTITUTO VITAL BRAZIL S/A;30.064.034/0001-00;874398258;03/07/2025;;2025-07-03;;;novo_em_relatorio
DIPIRONA SÓDICA;UNITHER INDUSTRIA FARMACEUTICA LTDA.;04.656.253/0001-79;61022194;22/01/2019;;2019-01-22;;;novo_em_relatorio
BEPANTRIZ;CIMED INDUSTRIA S.A;02.814.497/0001-07;1179032241;27/08/2024;;2024-08-27;;;novo_em_relatorio
HYZAAR;ORGANON FARMACÊUTICA LTDA.;45.987.013/0001-34;1012133257;06/08/2025;;2025-08-06;;;novo_em_relatorio
MUPIROCINA;PRATI DONADUZZI & CIA LTDA;73.856.593/0001-66;167518259;06/02/2025;;2025-02-06;;;novo_em_relatorio
acetato de desmopressina;LABORATÓRIO QUÍMICO FARMACÊUTICO BERGAMO LTDA;61.282.661/0001-41;643942246;15/05/2024;;2024-05-15;;;novo_em_relatorio
MESIDOX;MERCK S/A;33.069.212/0001-84;613341252;07/05/2025;;2025-05-07;;;novo_em_relatorio
DIGEPLUS;ACHÉ LABORATÓRIOS FARMACÊUTICOS S.A;60.659.463/0029-92;455610258;03/04/2025;;2025-04-03;;;novo_em_relatorio
RISPERIDONA;GERMED FARMACEUTICA LTDA;45.992.062/0001-65;1278128247;17/09/2024;;2024-09-17;;;novo_em_relatorio
RISPERIDONA (PORT 344/98 - LISTA C1);EMS S/A;57.507.378/0003-65;4697079213;29/11/2021;;2021-11-29;;;novo_em_relatorio
CARBOCISTEÍNA;GEOLAB INDÚSTRIA FARMACÊUTICA S/A;03.485.572/0001-04;512796193;10/06/2019;;2019-06-10;;;novo_em_relatorio
PARACETAMOL;UNITHER INDUSTRIA FARMACEUTICA LTDA.;04.656.253/0001-79;2442999196;11/10/2019;;2019-10-11;;;novo_em_relatorio
ACESYL;VASCONCELOS INDUSTRIA FARMACEUTICA E COMERCIO LTDA;05.155.425/0001-93;856760251;30/06/2025;;2025-06-30;;;novo_em_relatorio
amoxicilina;UNICHEM FARMACÊUTICA DO BRASIL LTDA;05.399.786/0001-85;673341259;19/05/2025;;2025-05-19;;;novo_em_relatorio
ACECLOFENACO;GERMED FARMACEUTICA LTDA;45.992.062/0001-65;1720226245;17/12/2024;;2024-12-17;;;novo_em_relatorio
LEVOID;ACHÉ LABORATÓRIOS FARMACÊUTICOS S.A;60.659.463/0029-92;184320259;10/02/2025;;2025-02-10;;;novo_em_relatorio
PREDNISONA;PRATI DONADUZZI & CIA LTDA;73.856.593/0001-66;750445254;03/06/2025;;2025-06-03;;;novo_em_relatorio
GONAPEPTYL DAILY;LABORATÓRIOS FERRING LTDA;74.232.034/0001-48;1194557244;30/08/2024;;2024-08-30;;;novo_em_relatorio
SPIDUFEN;ZAMBON LABORATÓRIOS FARMACÊUTICOS LTDA.;61.100.004/0001-36;1421992248;16/10/2024;;2024-10-16;;;novo_em_relatorio
AD SORO;CIFARMA CIENTÍFICA FARMACÊUTICA LTDA;17.562.075/0001-69;618752251;07/05/2025;;2025-05-07;;;novo_em_relatorio
FAULDMETRO;LIBBS FARMACÊUTICA LTDA;61.230.314/0001-75;1225309247;05/09/2024;;2024-09-05;;;novo_em_relatorio
EUTHYROX;MERCK S/A;33.069.212/0001-84;1132829259;22/08/2025;;2025-08-22;;;novo_em_relatorio
MIOSAN CAF;APSEN FARMACEUTICA S/A;62.462.015/0001-29;1662256248;05/12/2024;;2024-12-05;;;novo_em_relatorio
CISPLATINA;ACCORD FARMACÊUTICA LTDA;64.171.697/0001-46;573132232;05/06/2023;;2023-06-05;;;novo_em_relatorio
RELENZA;GLAXOSMITHKLINE BRASIL LTDA;33.247.743/0001-10;1053311249;01/08/2024;;2024-08-01;;;novo_em_relatorio
FAULDFLUOR;LIBBS FARMACÊUTICA LTDA;61.230.314/0001-75;1716676240;16/12/2024;;2024-12-16;;;novo_em_relatorio
cloridrato de venlafaxina;RANBAXY FARMACÊUTICA LTDA;73.663.650/0001-90;880810246;27/06/2024;;2024-06-27;;;novo_em_relatorio
VALDOXAN;LABORATÓRIOS SERVIER DO BRASIL LTDA;42.374.207/0001-76;231689241;27/02/2024;;2024-02-27;;;novo_em_relatorio
DDAVP;LABORATÓRIOS FERRING LTDA;74.232.034/0001-48;1177726246;27/08/2024;;2024-08-27;;;novo_em_relatorio
LIPIDEM;LABORATORIOS B. BRAUN S/A;31.673.254/0001-02;105218243;29/01/2024;;2024-01-29;;;novo_em_relatorio
CILOSTAZOL;EUROFARMA LABORATÓRIOS S.A.;61.190.096/0001-92;906182255;10/07/2025;;2025-07-10;;;novo_em_relatorio
FAULDCISPLA;LIBBS FARMACÊUTICA LTDA;61.230.314/0001-75;738557242;03/06/2024;;2024-06-03;;;novo_em_relatorio
bissulfato de clopidogrel;SANDOZ DO BRASIL INDÚSTRIA FARMACÊUTICA LTDA;61.286.647/0001-16;349635251;14/03/2025;;2025-03-14;;;novo_em_relatorio
BROMOPRIDA;PRATI DONADUZZI & CIA LTDA;73.856.593/0001-66;894985248;01/07/2024;;2024-07-01;;;novo_em_relatorio
Pantoprazol;ACCORD FARMACÊUTICA LTDA;64.171.697/0001-46;4783515221;05/10/2022;;2022-10-05;;;novo_em_relatorio
BEROTEC;BOEHRINGER INGELHEIM DO BRASIL QUÍMICA E FARMACÊUTICA LTDA.;60.831.658/0001-77;1740772245;20/12/2024;;2024-12-20;;;novo_em_relatorio
ACICLOVIR;PRATI DONADUZZI & CIA LTDA;73.856.593/0001-66;103541250;24/01/2025;;2025-01-24;;;novo_em_relatorio
FISIOTON;ACHÉ LABORATÓRIOS FARMACÊUTICOS S.A;60.659.463/0029-92;717631257;27/05/2025;;2025-05-27;;;novo_em_relatorio
IBUPROFENO;PRATI DONADUZZI & CIA LTDA;73.856.593/0001-66;1421109247;16/10/2024;;2024-10-16;;;novo_em_relatorio
SIBUS;EUROFARMA LABORATÓRIOS S.A.;61.190.096/0001-92;1007266252;05/08/2025;;2025-08-05;;;novo_em_relatorio
BEBEX N;GEOLAB INDÚSTRIA FARMACÊUTICA S/A;03.485.572/0001-04;1312040246;24/09/2024;;2024-09-24;;;novo_em_relatorio
MALEATO DE DEXCLORFENIRAMINA;EMS S/A;57.507.378/0003-65;1001713257;04/08/2025;;2025-08-04;;;novo_em_relatorio
ACEBROFILINA;PRATI DONADUZZI & CIA LTDA;73.856.593/0001-66;787095257;11/06/2025;;2025-06-11;;;novo_em_relatorio
ADACNE CLIN;GLENMARK FARMACÊUTICA LTDA;44.363.661/0001-57;1614464243;26/11/2024;;2024-11-26;;;novo_em_relatorio
Orencia;BRISTOL-MYERS SQUIBB FARMACÊUTICA LTDA;56.998.982/0001-07;886052246;28/06/2024;;2024-06-28;;;novo_em_relatorio
Pravastatina Sódica;ACCORD FARMACÊUTICA LTDA;64.171.697/0001-46;1343821231;29/11/2023;;2023-11-29;;;novo_em_relatorio
ZYFLOXIN;ZYDUS NIKKHO FARMACÊUTICA LTDA;05.254.971/0001-81;1556566211;23/04/2021;;2021-04-23;;;novo_em_relatorio
benzoilmetronidazol + nistatina + cloreto de benzalcônio;PRATI DONADUZZI & CIA LTDA;73.856.593/0001-66;1020410256;08/08/2025;;2025-08-08;;;novo_em_relatorio
Paracetamol;UNITHER INDUSTRIA FARMACEUTICA LTDA.;04.656.253/0001-79;1057160144;24/11/2014;;2014-11-24;;;novo_em_relatorio
cefalexina;CIMED INDUSTRIA S.A;02.814.497/0001-07;832611221;04/03/2022;;2022-03-04;;;novo_em_relatorio
ACETATO DE DEXAMETASONA;GERMED FARMACEUTICA LTDA;45.992.062/0001-65;1048446247;31/07/2024;;2024-07-31;;;novo_em_relatorio
DEXAMETRAT;LABORATÓRIO GLOBO SA;17.115.437/0001-73;779663250;10/06/2025;;2025-06-10;;;novo_em_relatorio
dipirona monoidratada;UNITHER INDUSTRIA FARMACEUTICA LTDA.;04.656.253/0001-79;1935975196;06/08/2019;;2019-08-06;;;novo_em_relatorio
diclofenaco dietilamônio;UNIÃO QUÍMICA FARMACÊUTICA NACIONAL S/A;60.665.981/0001-18;670455253;19/05/2025;;2025-05-19;;;novo_em_relatorio
ALGESTONA ACETOFENIDA + ENANTATO DE ESTRADIOL;EUROFARMA LABORATÓRIOS S.A.;61.190.096/0001-92;1638231249;29/11/2024;;2024-11-29;;;novo_em_relatorio
HAEMOCOMPLETTAN P;CSL BEHRING COMÉRCIO DE PRODUTOS FARMACÊUTICOS LTDA;62.969.589/0001-98;689465254;22/05/2025;;2025-05-22;;;novo_em_relatorio
TRINODAZOL NISTATINA;GEOLAB INDÚSTRIA FARMACÊUTICA S/A;03.485.572/0001-04;64674223;05/01/2022;;2022-01-05;;;novo_em_relatorio
PLAGREL;SANDOZ DO BRASIL INDÚSTRIA FARMACÊUTICA LTDA;61.286.647/0001-16;349158258;14/03/2025;;2025-03-14;;;novo_em_relatorio
CIMEGRIPE 77C;CIMED INDUSTRIA S.A;02.814.497/0001-07;395378257;24/03/2025;;2025-03-24;;;novo_em_relatorio
FLUISOLVAN;GEOLAB INDÚSTRIA FARMACÊUTICA S/A;03.485.572/0001-04;519461180;28/06/2018;;2018-06-28;;;novo_em_relatorio
ácido mefenâmico;EMS S/A;57.507.378/0003-65;1111862249;14/08/2024;;2024-08-14;;;novo_em_relatorio
tioconazol + tinidazol;GEOLAB INDÚSTRIA FARMACÊUTICA S/A;03.485.572/0001-04;451087189;06/06/2018;;2018-06-06;;;novo_em_relatorio
FUROSEMIDA;HIPOLABOR FARMACEUTICA LTDA;19.570.720/0001-10;1666256242;05/12/2024;;2024-12-05;;;novo_em_relatorio
ELANI CICLO;LIBBS FARMACÊUTICA LTDA;61.230.314/0001-75;615656251;07/05/2025;;2025-05-07;;;novo_em_relatorio
cloridrato de gencitabina;ACCORD FARMACÊUTICA LTDA;64.171.697/0001-46;17579252;07/01/2025;;2025-01-07;;;novo_em_relatorio
IMUNOFLAN;HERBARIUM LABORATORIO BOTANICO LTDA;78.950.011/0001-20;971349258;25/07/2025;;2025-07-25;;;novo_em_relatorio
SORO ANTIRRÁBICO;INSTITUTO VITAL BRAZIL S/A;30.064.034/0001-00;874441251;03/07/2025;;2025-07-03;;;novo_em_relatorio
CLORIDRATO DE TETRACICLINA;PRATI DONADUZZI & CIA LTDA;73.856.593/0001-66;1665684241;05/12/2024;;2024-12-05;;;novo_em_relatorio
GEMZAR;ELI LILLY DO BRASIL LTDA;43.940.618/0001-44;453860257;02/04/2025;;2025-04-02;;;novo_em_relatorio
FURP- DIPIRONA;FUNDAÇÃO PARA O REMÉDIO POPULAR - FURP;43.640.754/0001-19;627741240;13/05/2024;;2024-05-13;;;novo_em_relatorio
Cloridrato de Bromexina;LABORATÓRIO GLOBO SA;17.115.437/0001-73;1153427257;28/08/2025;;2025-08-28;;;novo_em_relatorio
sulfato de terbutalina;GREENPHARMA QUÍMICA E FARMACÊUTICA LTDA;33.408.105/0001-33;1500674213;19/04/2021;;2021-04-19;;;novo_em_relatorio
TININ;GEOLAB INDÚSTRIA FARMACÊUTICA S/A;03.485.572/0001-04;519046181;28/06/2018;;2018-06-28;;;novo_em_relatorio
MONOCEF;INSTITUTO BIOCHIMICO INDÚSTRIA FARMACÊUTICA LTDA;33.258.401/0001-03;857427253;30/06/2025;;2025-06-30;;;novo_em_relatorio
Captopril;AUROBINDO PHARMA INDÚSTRIA FARMACÊUTICA LIMITADA;04.301.884/0001-75;1069283215;19/03/2021;;2021-03-19;;;novo_em_relatorio
MEROMAX;EUROFARMA LABORATÓRIOS S.A.;61.190.096/0001-92;691160236;05/07/2023;;2023-07-05;;;novo_em_relatorio
BETRICORT;GEOLAB INDÚSTRIA FARMACÊUTICA S/A;03.485.572/0001-04;1354540247;02/10/2024;;2024-10-02;;;novo_em_relatorio
FAULDOXO;LIBBS FARMACÊUTICA LTDA;61.230.314/0001-75;1615160248;26/11/2024;;2024-11-26;;;novo_em_relatorio
cloridrato de amitriptilina;LABORATÓRIO TEUTO BRASILEIRO S/A;17.159.229/0001-76;1200687256;10/09/2025;;2025-09-10;;;novo_em_relatorio
ZYSERTIN;ZYDUS NIKKHO FARMACÊUTICA LTDA;05.254.971/0001-81;1552670214;23/04/2021;;2021-04-23;;;novo_em_relatorio
GLICOSE;FRESENIUS KABI BRASIL LTDA;49.324.221/0001-04;1278404236;17/11/2023;;2023-11-17;;;novo_em_relatorio
meloxicam;UNICHEM FARMACÊUTICA DO BRASIL LTDA;05.399.786/0001-85;672709252;19/05/2025;;2025-05-19;;;novo_em_relatorio
FAULDACAR;LIBBS FARMACÊUTICA LTDA;61.230.314/0001-75;856220248;24/06/2024;;2024-06-24;;;novo_em_relatorio
NIMESULIDA;BRAINFARMA INDÚSTRIA QUÍMICA E FARMACÊUTICA S.A;05.161.069/0001-10;372428258;19/03/2025;;2025-03-19;;;novo_em_relatorio
CEFALEXINA;LABORATÓRIO TEUTO BRASILEIRO S/A;17.159.229/0001-76;1224339240;05/09/2024;;2024-09-05;;;novo_em_relatorio
CLAXAM;SANDOZ DO BRASIL INDÚSTRIA FARMACÊUTICA LTDA;61.286.647/0001-16;187886245;19/02/2024;;2024-02-19;;;novo_em_relatorio
SEKI;ZAMBON LABORATÓRIOS FARMACÊUTICOS LTDA.;61.100.004/0001-36;982775253;29/07/2025;;2025-07-29;;;novo_em_relatorio
BEBEX ADE;GEOLAB INDÚSTRIA FARMACÊUTICA S/A;03.485.572/0001-04;1760075248;26/12/2024;;2024-12-26;;;novo_em_relatorio
AZITROMICINA;PRATI DONADUZZI & CIA LTDA;73.856.593/0001-66;1671099249;06/12/2024;;2024-12-06;;;novo_em_relatorio
triancinolona acetonida + sulfato de neomicina + gramicidina + nistatina;EUROFARMA LABORATÓRIOS S.A.;61.190.096/0001-92;254951236;14/03/2023;;2023-03-14;;;novo_em_relatorio
hidroclorotiazida;PRATI DONADUZZI & CIA LTDA;73.856.593/0001-66;296585254;04/03/2025;;2025-03-04;;;novo_em_relatorio
Risperidona;SANDOZ DO BRASIL INDÚSTRIA FARMACÊUTICA LTDA;61.286.647/0001-16;803384254;16/06/2025;;2025-06-16;;;novo_em_relatorio
dexametasona;FARMACE INDÚSTRIA QUÍMICO-FARMACÊUTICA CEARENSE LTDA;06.628.333/0001-46;905548248;03/07/2024;;2024-07-03;;;novo_em_relatorio
citrato de fentanila;HIPOLABOR FARMACEUTICA LTDA;19.570.720/0001-10;1451623241;22/10/2024;;2024-10-22;;;novo_em_relatorio
ARPADOL;APSEN FARMACEUTICA S/A;62.462.015/0001-29;151790256;04/02/2025;;2025-02-04;;;novo_em_relatorio
Sevoflurano;INSTITUTO BIOCHIMICO INDÚSTRIA FARMACÊUTICA LTDA;33.258.401/0001-03;1008140252;05/08/2025;;2025-08-05;;;novo_em_relatorio
GALVUS;NOVARTIS BIOCIENCIAS S.A;56.994.502/0001-30;779625251;10/06/2025;;2025-06-10;;;novo_em_relatorio
CAFIASPIRINA;BAYER S.A.;18.459.628/0001-15;1701251248;12/12/2024;;2024-12-12;;;novo_em_relatorio
FAULDVINCRI;LIBBS FARMACÊUTICA LTDA;61.230.314/0001-75;1210982242;03/09/2024;;2024-09-03;;;novo_em_relatorio
NISTRAZIN;GEOLAB INDÚSTRIA FARMACÊUTICA S/A;03.485.572/0001-04;1136489258;23/08/2025;;2025-08-23;;;novo_em_relatorio
GLIMEPIRIDA;SANDOZ DO BRASIL INDÚSTRIA FARMACÊUTICA LTDA;61.286.647/0001-16;997964251;01/08/2025;;2025-08-01;;;novo_em_relatorio
GRIPPHEEL;HEEL DO BRASIL BIOMÉDICA LTDA;05.994.539/0001-27;4370499224;01/07/2022;;2022-07-01;;;novo_em_relatorio
Secnidazol;PRATI DONADUZZI & CIA LTDA;73.856.593/0001-66;357942256;17/03/2025;;2025-03-17;;;novo_em_relatorio
BROMIDRATO DE CITALOPRAM;GERMED FARMACEUTICA LTDA;45.992.062/0001-65;81206259;20/01/2025;;2025-01-20;;;novo_em_relatorio
PROTO-ITECAN;ANTIBIÓTICOS DO BRASIL LTDA;05.439.635/0001-03;304074241;12/03/2024;;2024-03-12;;;novo_em_relatorio
IQUEGO-CAPTOPRIL;INDÚSTRIA QUÍMICA DO ESTADO DE GOIÁS S/A - IQUEGO;01.541.283/0001-41;819829152;15/09/2015;;2015-09-15;;;novo_em_relatorio
GINO-COLON;GEOLAB INDÚSTRIA FARMACÊUTICA S/A;03.485.572/0001-04;1184262250;05/09/2025;;2025-09-05;;;novo_em_relatorio
NOVOFER;ACHÉ LABORATÓRIOS FARMACÊUTICOS S.A;60.659.463/0029-92;2337412168;29/09/2016;;2016-09-29;;;novo_em_relatorio
hemitartarato de zolpidem;ZYDUS NIKKHO FARMACÊUTICA LTDA;05.254.971/0001-81;210756250;14/02/2025;;2025-02-14;;;novo_em_relatorio
Cetoconazol + Dipropionato de Betametasona + Sulfato de Neomicina;GEOLAB INDÚSTRIA FARMACÊUTICA S/A;03.485.572/0001-04;522533187;29/06/2018;;2018-06-29;;;novo_em_relatorio
IBUPROTRAT;NATULAB LABORATORIO S.A;02.456.955/0001-83;3365125213;26/08/2021;;2021-08-26;;;novo_em_relatorio
glibenclamida;PRATI DONADUZZI & CIA LTDA;73.856.593/0001-66;357335252;17/03/2025;;2025-03-17;;;novo_em_relatorio
CLORETO DE SÓDIO 0,9%;ANTIBIÓTICOS DO BRASIL LTDA;05.439.635/0001-03;2789777225;18/05/2022;;2022-05-18;;;novo_em_relatorio
Amoxicilina + Clavulanato de Potássio;SANDOZ DO BRASIL INDÚSTRIA FARMACÊUTICA LTDA;61.286.647/0001-16;187926247;23/02/2024;;2024-02-23;;;novo_em_relatorio
MESACOL;TAKEDA PHARMA LTDA.;60.397.775/0001-74;318506254;09/03/2025;;2025-03-09;;;novo_em_relatorio
ARTESUNATO + MEFLOQUINA FARMANGUINHOS;FUNDAÇÃO OSWALDO CRUZ;33.781.055/0001-35;451329252;02/04/2025;;2025-04-02;;;novo_em_relatorio
SORO ANTIBOTRÓPICO (PENTAVALENTE) E ANTILAQUÉTICO;INSTITUTO VITAL BRAZIL S/A;30.064.034/0001-00;874132258;03/07/2025;;2025-07-03;;;novo_em_relatorio
Cetoconazol+Dipropionato de Betametasona+Sulfato de Neomicina;GEOLAB INDÚSTRIA FARMACÊUTICA S/A;03.485.572/0001-04;1564185249;13/11/2024;;2024-11-13;;;novo_em_relatorio
cloridrato de nortriptilina;HIPOLABOR FARMACEUTICA LTDA;19.570.720/0001-10;1536916242;07/11/2024;;2024-11-07;;;novo_em_relatorio
CLORIDRATO DE TRAMADOL (PORTARIA 344/98 - LISTA A2);HIPOLABOR FARMACEUTICA LTDA;19.570.720/0001-10;1455057240;23/10/2024;;2024-10-23;;;novo_em_relatorio
atenolol;AUROBINDO PHARMA INDÚSTRIA FARMACÊUTICA LIMITADA;04.301.884/0001-75;2015100194;20/08/2019;;2019-08-20;;;novo_em_relatorio
diazepam;HIPOLABOR FARMACEUTICA LTDA;19.570.720/0001-10;1557416249;12/11/2024;;2024-11-12;;;novo_em_relatorio
loratadina;LABORATÓRIO GLOBO SA;17.115.437/0001-73;1348087242;01/10/2024;;2024-10-01;;;novo_em_relatorio
ENXAK;CAZI QUIMICA FARMACEUTICA INDUSTRIA E COMERCIO LTDA;44.010.437/0001-81;476688256;07/04/2025;;2025-04-07;;;novo_em_relatorio
paracetamol + cafeína;GERMED FARMACEUTICA LTDA;45.992.062/0001-65;459703242;11/04/2024;;2024-04-11;;;novo_em_relatorio
TEVACARBO;TEVA FARMACÊUTICA LTDA.;05.333.542/0001-08;204583241;21/02/2024;;2024-02-21;;;novo_em_relatorio
ZINA;EUROFARMA LABORATÓRIOS S.A.;61.190.096/0001-92;1649063229;08/04/2022;;2022-04-08;;;novo_em_relatorio
fluconazol;CIMED INDUSTRIA S.A;02.814.497/0001-07;1744504245;20/12/2024;;2024-12-20;;;novo_em_relatorio
DIPROPIONATO DE BETAMETASONA + ÁCIDO SALICÍLICO;GERMED FARMACEUTICA LTDA;45.992.062/0001-65;1477130241;28/10/2024;;2024-10-28;;;novo_em_relatorio
EPHYNAL;BAYER S.A.;18.459.628/0001-15;1501338242;31/10/2024;;2024-10-31;;;novo_em_relatorio
FITOSCAR;APSEN FARMACEUTICA S/A;62.462.015/0001-29;1683318242;10/12/2024;;2024-12-10;;;novo_em_relatorio
CLORIDRATO DE SIBUTRAMINA;EMS S/A;57.507.378/0003-65;1139542257;25/08/2025;;2025-08-25;;;novo_em_relatorio
ACEBROFILINA;GEOLAB INDÚSTRIA FARMACÊUTICA S/A;03.485.572/0001-04;788640259;11/06/2025;;2025-06-11;;;novo_em_relatorio
DIOVAN AMLO FIX;NOVARTIS BIOCIENCIAS S.A;56.994.502/0001-30;1099258243;12/08/2024;;2024-08-12;;;novo_em_relatorio
ISOFLURANO;INSTITUTO BIOCHIMICO INDÚSTRIA FARMACÊUTICA LTDA;33.258.401/0001-03;867874252;02/07/2025;;2025-07-02;;;novo_em_relatorio
DIMENIDRIN;VITAMEDIC INDUSTRIA FARMACEUTICA LTDA;30.222.814/0001-31;612776247;08/05/2024;;2024-05-08;;;novo_em_relatorio
PENETRO;MEGALABS FARMACEUTICA S.A.;33.026.055/0001-20;750593253;03/06/2025;;2025-06-03;;;novo_em_relatorio
TEVAGRASTIM;TEVA FARMACÊUTICA LTDA.;05.333.542/0001-08;1189880237;30/10/2023;;2023-10-30;;;novo_em_relatorio
NARIX;CIMED INDUSTRIA S.A;02.814.497/0001-07;492435251;10/04/2025;;2025-04-10;;;novo_em_relatorio
VENFORIN;EMS SIGMA PHARMA LTDA;00.923.140/0001-31;1487161247;29/10/2024;;2024-10-29;;;novo_em_relatorio
DIPROPIONATO DE BETAMETASONA + SULFATO DE GENTAMICINA;CIMED INDUSTRIA S.A;02.814.497/0001-07;568820155;29/06/2015;;2015-06-29;;;novo_em_relatorio
DIPROZIL;CIMED INDUSTRIA S.A;02.814.497/0001-07;1346601191;26/07/2019;;2019-07-26;;;novo_em_relatorio
BROMELIN;INFAN INDUSTRIA QUIMICA FARMACEUTICA NACIONAL S/A;08.939.548/0001-03;2594748166;03/01/2023;;2023-01-03;;;novo_em_relatorio
ONCICREM-A;GEOLAB INDÚSTRIA FARMACÊUTICA S/A;03.485.572/0001-04;519129187;28/06/2018;;2018-06-28;;;novo_em_relatorio
FUROSEMIDA;PRATI DONADUZZI & CIA LTDA;73.856.593/0001-66;1658565240;04/12/2024;;2024-12-04;;;novo_em_relatorio
FLUNEXIL;INSTITUTO BIOCHIMICO INDÚSTRIA FARMACÊUTICA LTDA;33.258.401/0001-03;867640251;02/07/2025;;2025-07-02;;;novo_em_relatorio
RINGER;JP INDUSTRIA FARMACEUTICA S/A;55.972.087/0001-50;801398258;16/06/2025;;2025-06-16;;;novo_em_relatorio
LQFEX - CLOROQUINA;LABORATÓRIO QUÍMICO FARMACÊUTICO DO EXÉRCITO;00.394.452/0001-03;2848587204;24/08/2020;;2020-08-24;;;novo_em_relatorio
OLIG-TRAT;VASCONCELOS INDUSTRIA FARMACEUTICA E COMERCIO LTDA;05.155.425/0001-93;1223392236;07/11/2023;;2023-11-07;;;novo_em_relatorio
GENLIBBS;LIBBS FARMACÊUTICA LTDA;61.230.314/0001-75;843841257;27/06/2025;;2025-06-27;;;novo_em_relatorio
CLOB-X;GALDERMA BRASIL LTDA;00.317.372/0001-46;569910251;28/04/2025;;2025-04-28;;;novo_em_relatorio
Clonazepam;ZYDUS NIKKHO FARMACÊUTICA LTDA;05.254.971/0001-81;1498840212;19/04/2021;;2021-04-19;;;novo_em_relatorio
SOLUÇÃO RINGER SIMPLES EQUIPLEX;EQUIPLEX INDÚSTRIA FARMACÊUTICA LTDA;01.784.792/0001-03;1023193256;08/08/2025;;2025-08-08;;;novo_em_relatorio
NEXAVAR;BAYER S.A.;18.459.628/0001-15;784702250;11/06/2025;;2025-06-11;;;novo_em_relatorio
CLENIL HFA;CHIESI FARMACÊUTICA LTDA;61.363.032/0001-46;1226504248;05/09/2024;;2024-09-05;;;novo_em_relatorio
CLORIDRATO DE TETRACICLINA;MEDQUIMICA INDUSTRIA FARMACEUTICA LTDA.;17.875.154/0001-20;107010259;24/01/2025;;2025-01-24;;;novo_em_relatorio
OPTILAR;GEOLAB INDÚSTRIA FARMACÊUTICA S/A;03.485.572/0001-04;923867252;16/07/2025;;2025-07-16;;;novo_em_relatorio
SULFATO DE NEOMICINA;PRATI DONADUZZI & CIA LTDA;73.856.593/0001-66;806788259;17/06/2025;;2025-06-17;;;novo_em_relatorio
CEFAZIMA;INSTITUTO BIOCHIMICO INDÚSTRIA FARMACÊUTICA LTDA;33.258.401/0001-03;862695252;01/07/2025;;2025-07-01;;;novo_em_relatorio
fluconazol;PRATI DONADUZZI & CIA LTDA;73.856.593/0001-66;179282255;08/02/2025;;2025-02-08;;;novo_em_relatorio
MALEATO DE DEXCLORFENIRAMINA + BETAMETASONA;GEOLAB INDÚSTRIA FARMACÊUTICA S/A;03.485.572/0001-04;325055185;25/04/2018;;2018-04-25;;;novo_em_relatorio
CLORIDRATO DE PROPRANOLOL;PHARLAB INDÚSTRIA FARMACÊUTICA S.A.;02.501.297/0001-02;925579254;16/07/2025;;2025-07-16;;;novo_em_relatorio
cefalexina;UNIÃO QUÍMICA FARMACÊUTICA NACIONAL S/A;60.665.981/0001-18;306320258;06/03/2025;;2025-03-06;;;novo_em_relatorio
GRIPINEW;MEDQUIMICA INDUSTRIA FARMACEUTICA LTDA.;17.875.154/0001-20;790521253;12/06/2025;;2025-06-12;;;novo_em_relatorio
HEMOFOL;CRISTÁLIA PRODUTOS QUÍMICOS FARMACÊUTICOS LTDA.;44.734.671/0001-51;255422245;01/03/2024;;2024-03-01;;;novo_em_relatorio
CLORIDRATO DE AMBROXOL;FARMACE INDÚSTRIA QUÍMICO-FARMACÊUTICA CEARENSE LTDA;06.628.333/0001-46;215298241;23/02/2024;;2024-02-23;;;novo_em_relatorio
besilato de anlodipino;AUROBINDO PHARMA INDÚSTRIA FARMACÊUTICA LIMITADA;04.301.884/0001-75;494197226;09/02/2022;;2022-02-09;;;novo_em_relatorio
aciclovir;PHARLAB INDÚSTRIA FARMACÊUTICA S.A.;02.501.297/0001-02;37188259;10/01/2025;;2025-01-10;;;novo_em_relatorio
AVALOX;BAYER S.A.;18.459.628/0001-15;1740446241;20/12/2024;;2024-12-20;;;novo_em_relatorio
acetilcisteina;BLAU FARMACÊUTICA S.A.;58.430.828/0001-60;1417757248;16/10/2024;;2024-10-16;;;novo_em_relatorio
SOLUÇÃO RINGER COM LACTATO;EQUIPLEX INDÚSTRIA FARMACÊUTICA LTDA;01.784.792/0001-03;891619259;07/07/2025;;2025-07-07;;;novo_em_relatorio
SOLUCAO DE MANITOL EQUIPLEX;EQUIPLEX INDÚSTRIA FARMACÊUTICA LTDA;01.784.792/0001-03;1150856254;27/08/2025;;2025-08-27;;;novo_em_relatorio
FARMACE-GLICOSE 5% SOLUÇÃO ISOTONICA;FARMACE INDÚSTRIA QUÍMICO-FARMACÊUTICA CEARENSE LTDA;06.628.333/0001-46;216473241;23/02/2024;;2024-02-23;;;novo_em_relatorio
BIALUDEX;LEGRAND PHARMA INDÚSTRIA FARMACÊUTICA LTDA;05.044.984/0001-26;875543251;03/07/2025;;2025-07-03;;;novo_em_relatorio
CLORIDRATO DE CIPROFLOXACINO;LABORATÓRIO GLOBO SA;17.115.437/0001-73;241919258;20/02/2025;;2025-02-20;;;novo_em_relatorio
DOXURAN;SANDOZ DO BRASIL INDÚSTRIA FARMACÊUTICA LTDA;61.286.647/0001-16;710080255;26/05/2025;;2025-05-26;;;novo_em_relatorio
LIDOCAÍNA;EMS S/A;57.507.378/0003-65;1003287255;04/08/2025;;2025-08-04;;;novo_em_relatorio
PLASMIN;HALEX ISTAR INDÚSTRIA FARMACÊUTICA SA;01.571.702/0001-98;1900453212;17/05/2021;;2021-05-17;;;novo_em_relatorio
FLUDALIBBS;LIBBS FARMACÊUTICA LTDA;61.230.314/0001-75;1186222247;28/08/2024;;2024-08-28;;;novo_em_relatorio
GOTAS BINELLI;MEGALABS FARMACEUTICA S.A.;33.026.055/0001-20;737582251;30/05/2025;;2025-05-30;;;novo_em_relatorio
TINIDAZOL + NITRATO DE MICONAZOL;GEOLAB INDÚSTRIA FARMACÊUTICA S/A;03.485.572/0001-04;1136488251;23/08/2025;;2025-08-23;;;novo_em_relatorio
NIDAZOFARMA;FARMACE INDÚSTRIA QUÍMICO-FARMACÊUTICA CEARENSE LTDA;06.628.333/0001-46;216154243;23/02/2024;;2024-02-23;;;novo_em_relatorio
metronidazol;BELFAR LTDA;18.324.343/0001-77;969811250;25/07/2025;;2025-07-25;;;novo_em_relatorio
AZANEM;INSTITUTO BIOCHIMICO INDÚSTRIA FARMACÊUTICA LTDA;33.258.401/0001-03;849244251;28/06/2025;;2025-06-28;;;novo_em_relatorio
Diclofenaco Dietilamônio;PHARLAB INDÚSTRIA FARMACÊUTICA S.A.;02.501.297/0001-02;815440251;18/06/2025;;2025-06-18;;;novo_em_relatorio
BRONTEK;GEOLAB INDÚSTRIA FARMACÊUTICA S/A;03.485.572/0001-04;788215256;11/06/2025;;2025-06-11;;;novo_em_relatorio
Nimesulida;LABORATÓRIO TEUTO BRASILEIRO S/A;17.159.229/0001-76;839793251;26/06/2025;;2025-06-26;;;novo_em_relatorio
FURP - AMOXICILINA;FUNDAÇÃO PARA O REMÉDIO POPULAR - FURP;43.640.754/0001-19;241680247;28/02/2024;;2024-02-28;;;novo_em_relatorio
cloridrato de terbinafina;PRATI DONADUZZI & CIA LTDA;73.856.593/0001-66;581064259;30/04/2025;;2025-04-30;;;novo_em_relatorio
ANGELIQ;BAYER S.A.;18.459.628/0001-15;1138203254;25/08/2025;;2025-08-25;;;novo_em_relatorio
CLOTRIGEL;GLENMARK FARMACÊUTICA LTDA;44.363.661/0001-57;967758254;24/07/2025;;2025-07-24;;;novo_em_relatorio
DORICIN;EMS S/A;57.507.378/0003-65;503915254;11/04/2025;;2025-04-11;;;novo_em_relatorio
SONARIN;GEOLAB INDÚSTRIA FARMACÊUTICA S/A;03.485.572/0001-04;1228768234;08/11/2023;;2023-11-08;;;novo_em_relatorio
UNIFENTAL;UNIÃO QUÍMICA FARMACÊUTICA NACIONAL S/A;60.665.981/0001-18;992226252;31/07/2025;;2025-07-31;;;novo_em_relatorio
OCTIFEN;UNIÃO QUÍMICA FARMACÊUTICA NACIONAL S/A;60.665.981/0001-18;508927251;14/04/2025;;2025-04-14;;;novo_em_relatorio
TIOCONAZOL + TINIDAZOL;LABORATÓRIO GLOBO SA;17.115.437/0001-73;834645254;25/06/2025;;2025-06-25;;;novo_em_relatorio
acetato de hidrocortisona;LABORATÓRIO TEUTO BRASILEIRO S/A;17.159.229/0001-76;813401259;18/06/2025;;2025-06-18;;;novo_em_relatorio
DYSPORT;BEAUFOUR IPSEN FARMACÊUTICA LTDA;07.718.721/0001-80;361062257;18/03/2025;;2025-03-18;;;novo_em_relatorio
cloridrato de gencitabina;EUROFARMA LABORATÓRIOS S.A.;61.190.096/0001-92;844567256;27/06/2025;;2025-06-27;;;novo_em_relatorio
Amoxicilina + Clavulanato de Potássio;EMS S/A;57.507.378/0003-65;1015796257;07/08/2025;;2025-08-07;;;novo_em_relatorio
cloridrato de cefepima;INSTITUTO BIOCHIMICO INDÚSTRIA FARMACÊUTICA LTDA;33.258.401/0001-03;865847258;02/07/2025;;2025-07-02;;;novo_em_relatorio
NUTRAPLUS 20;GALDERMA BRASIL LTDA;00.317.372/0001-46;4190187224;23/05/2022;;2022-05-23;;;novo_em_relatorio
PHASTER;EMS SIGMA PHARMA LTDA;00.923.140/0001-31;643965238;23/06/2023;;2023-06-23;;;novo_em_relatorio
sulfametoxazol + trimetoprima;PRATI DONADUZZI & CIA LTDA;73.856.593/0001-66;1361836245;03/10/2024;;2024-10-03;;;novo_em_relatorio
DUOSOL COM POTÁSSIO;LABORATORIOS B. BRAUN S/A;31.673.254/0001-02;443239240;09/04/2024;;2024-04-09;;;novo_em_relatorio
besilato de anlodipino;PRATI DONADUZZI & CIA LTDA;73.856.593/0001-66;1427958246;17/10/2024;;2024-10-17;;;novo_em_relatorio
IZONAX;PHARLAB INDÚSTRIA FARMACÊUTICA S.A.;02.501.297/0001-02;672075253;19/05/2025;;2025-05-19;;;novo_em_relatorio
cloridrato de fluoxetina;HIPOLABOR FARMACEUTICA LTDA;19.570.720/0001-10;1429558245;17/10/2024;;2024-10-17;;;novo_em_relatorio
GALVUS MET;NOVARTIS BIOCIENCIAS S.A;56.994.502/0001-30;936324252;18/07/2025;;2025-07-18;;;novo_em_relatorio
FOSAMAX D;ORGANON FARMACÊUTICA LTDA.;45.987.013/0001-34;798448253;13/06/2025;;2025-06-13;;;novo_em_relatorio
triancinolona acetonida + sulfato de neomicina + gramicidina + nistatina;EUROFARMA LABORATÓRIOS S.A.;61.190.096/0001-92;4922963227;09/11/2022;;2022-11-09;;;novo_em_relatorio
PARACETAMOL + CLORIDRATO DE PSEUDOEFEDRINA;EMS S/A;57.507.378/0003-65;1473204241;25/10/2024;;2024-10-25;;;novo_em_relatorio
HELLEVA;CRISTÁLIA PRODUTOS QUÍMICOS FARMACÊUTICOS LTDA.;44.734.671/0001-51;913436259;14/07/2025;;2025-07-14;;;novo_em_relatorio
XYLESTESIN ISOBÁRICO;CRISTÁLIA PRODUTOS QUÍMICOS FARMACÊUTICOS LTDA.;44.734.671/0001-51;942271214;10/03/2021;;2021-03-10;;;novo_em_relatorio
SYNTHROID;ABBOTT LABORATÓRIOS DO BRASIL LTDA;56.998.701/0001-16;71370251;17/01/2025;;2025-01-17;;;novo_em_relatorio
BIOMAG;ACHÉ LABORATÓRIOS FARMACÊUTICOS S.A;60.659.463/0029-92;712349251;27/05/2025;;2025-05-27;;;novo_em_relatorio
SPRYCEL;BRISTOL-MYERS SQUIBB FARMACÊUTICA LTDA;56.998.982/0001-07;1743134240;20/12/2024;;2024-12-20;;;novo_em_relatorio
DIMORF;CRISTÁLIA PRODUTOS QUÍMICOS FARMACÊUTICOS LTDA.;44.734.671/0001-51;1208346253;11/09/2025;;2025-09-11;;;novo_em_relatorio
UNI HALOPER;UNIÃO QUÍMICA FARMACÊUTICA NACIONAL S/A;60.665.981/0001-18;216304245;23/02/2024;;2024-02-23;;;novo_em_relatorio
azitromicina;SANDOZ DO BRASIL INDÚSTRIA FARMACÊUTICA LTDA;61.286.647/0001-16;827058250;23/06/2025;;2025-06-23;;;novo_em_relatorio
TETRAMED;MEDQUIMICA INDUSTRIA FARMACEUTICA LTDA.;17.875.154/0001-20;106471252;24/01/2025;;2025-01-24;;;novo_em_relatorio
CREVAGIN;EUROFARMA LABORATÓRIOS S.A.;61.190.096/0001-92;897233255;08/07/2025;;2025-07-08;;;novo_em_relatorio
CLORIDRATO DE BROMEXINA;GERMED FARMACEUTICA LTDA;45.992.062/0001-65;1137967251;25/08/2025;;2025-08-25;;;novo_em_relatorio
HIPOFOL;HIPOLABOR FARMACEUTICA LTDA;19.570.720/0001-10;1667123246;05/12/2024;;2024-12-05;;;novo_em_relatorio
CISTEIL;GEOLAB INDÚSTRIA FARMACÊUTICA S/A;03.485.572/0001-04;775296252;09/06/2025;;2025-06-09;;;novo_em_relatorio
FINASTERIDA;AUROBINDO PHARMA INDÚSTRIA FARMACÊUTICA LIMITADA;04.301.884/0001-75;1085399257;15/08/2025;;2025-08-15;;;novo_em_relatorio
CLORIDRATO DE AMITRIPTILINA;EMS S/A;57.507.378/0003-65;991594258;31/07/2025;;2025-07-31;;;novo_em_relatorio
CANDITRAT;LABORATÓRIO TEUTO BRASILEIRO S/A;17.159.229/0001-76;1683673247;10/12/2024;;2024-12-10;;;novo_em_relatorio
TYSABRI;BIOGEN BRASIL PRODUTOS FARMACÊUTICOS LTDA;07.986.222/0001-74;830354255;24/06/2025;;2025-06-24;;;novo_em_relatorio
Artane;APSEN FARMACEUTICA S/A;62.462.015/0001-29;1204114242;02/09/2024;;2024-09-02;;;novo_em_relatorio
MALEATO DE DEXCLORFENIRAMINA;FARMACE INDÚSTRIA QUÍMICO-FARMACÊUTICA CEARENSE LTDA;06.628.333/0001-46;215716248;23/02/2024;;2024-02-23;;;novo_em_relatorio
cetoconazol;PHARLAB INDÚSTRIA FARMACÊUTICA S.A.;02.501.297/0001-02;671953257;19/05/2025;;2025-05-19;;;novo_em_relatorio
IQUEGO-IBUPROFENO;INDÚSTRIA QUÍMICA DO ESTADO DE GOIÁS S/A - IQUEGO;01.541.283/0001-41;1385265165;21/03/2016;;2016-03-21;;;novo_em_relatorio
AMYTRIL;CRISTÁLIA PRODUTOS QUÍMICOS FARMACÊUTICOS LTDA.;44.734.671/0001-51;795483252;13/06/2025;;2025-06-13;;;novo_em_relatorio
Cefadroxila;SANDOZ DO BRASIL INDÚSTRIA FARMACÊUTICA LTDA;61.286.647/0001-16;966523253;24/07/2025;;2025-07-24;;;novo_em_relatorio
TEVAOXALI;TEVA FARMACÊUTICA LTDA.;05.333.542/0001-08;204617243;21/02/2024;;2024-02-21;;;novo_em_relatorio
METRONIDAZOL;PRATI DONADUZZI & CIA LTDA;73.856.593/0001-66;833152254;25/06/2025;;2025-06-25;;;novo_em_relatorio
REDOXON;BAYER S.A.;18.459.628/0001-15;602019257;05/05/2025;;2025-05-05;;;novo_em_relatorio
IMUSSUPREX;GERMED FARMACEUTICA LTDA;45.992.062/0001-65;889962251;07/07/2025;;2025-07-07;;;novo_em_relatorio
MENELAT;TORRENT DO BRASIL LTDA;33.078.528/0001-32;781094259;10/06/2025;;2025-06-10;;;novo_em_relatorio
TRANSPULMIN XAROPE INFANTIL;ACHÉ LABORATÓRIOS FARMACÊUTICOS S.A;60.659.463/0029-92;3576760211;10/09/2021;;2021-09-10;;;novo_em_relatorio
Mirtazapina;SANDOZ DO BRASIL INDÚSTRIA FARMACÊUTICA LTDA;61.286.647/0001-16;381285251;20/03/2025;;2025-03-20;;;novo_em_relatorio
GLAUB;UNIÃO QUÍMICA FARMACÊUTICA NACIONAL S/A;60.665.981/0001-18;926687255;16/07/2025;;2025-07-16;;;novo_em_relatorio
AZITROMICINA;PRATI DONADUZZI & CIA LTDA;73.856.593/0001-66;1631354248;28/11/2024;;2024-11-28;;;novo_em_relatorio
DIOSMIN SDU;ACHÉ LABORATÓRIOS FARMACÊUTICOS S.A;60.659.463/0029-92;713063254;27/05/2025;;2025-05-27;;;novo_em_relatorio
lidocaina;HIPOLABOR FARMACEUTICA LTDA;19.570.720/0001-10;438175255;31/03/2025;;2025-03-31;;;novo_em_relatorio
BISURAN;EMS S/A;57.507.378/0003-65;935582258;18/07/2025;;2025-07-18;;;novo_em_relatorio
INVEGA;JANSSEN-CILAG FARMACÊUTICA LTDA;51.780.468/0001-87;1495360245;30/10/2024;;2024-10-30;;;novo_em_relatorio
cloridrato de donepezila;RANBAXY FARMACÊUTICA LTDA;73.663.650/0001-90;671852256;19/05/2025;;2025-05-19;;;novo_em_relatorio
ASPIRINA;BAYER S.A.;18.459.628/0001-15;1701684241;12/12/2024;;2024-12-12;;;novo_em_relatorio
CPHD 24/34;FRESENIUS MEDICAL CARE LTDA;01.440.590/0001-36;885531221;07/03/2022;;2022-03-07;;;novo_em_relatorio
ASPIRINA C EFERVESCENTE;BAYER S.A.;18.459.628/0001-15;1701313243;12/12/2024;;2024-12-12;;;novo_em_relatorio
brometo de rocurônio;EUROFARMA LABORATÓRIOS S.A.;61.190.096/0001-92;1064019242;05/08/2024;;2024-08-05;;;novo_em_relatorio
MALEATO DE DEXCLORFENIRAMINA + BETAMETASONA;LABORATÓRIO GLOBO SA;17.115.437/0001-73;731877250;29/05/2025;;2025-05-29;;;novo_em_relatorio
CPHD BICARBONATO DE SÓDIO 8,4 %;FRESENIUS MEDICAL CARE LTDA;01.440.590/0001-36;716396220;25/02/2022;;2022-02-25;;;novo_em_relatorio
Nimesulida;LEGRAND PHARMA INDÚSTRIA FARMACÊUTICA LTDA;05.044.984/0001-26;755794257;04/06/2025;;2025-06-04;;;novo_em_relatorio
MALEATO DE ENALAPRIL;GERMED FARMACEUTICA LTDA;45.992.062/0001-65;987882252;30/07/2025;;2025-07-30;;;novo_em_relatorio
CLORETO DE SÓDIO;HALEX ISTAR INDÚSTRIA FARMACÊUTICA SA;01.571.702/0001-98;2476590202;28/07/2020;;2020-07-28;;;novo_em_relatorio
Priorix Tetra;GLAXOSMITHKLINE BRASIL LTDA;33.247.743/0001-10;814254250;18/06/2025;;2025-06-18;;;novo_em_relatorio
espironolactona;HIPOLABOR FARMACEUTICA LTDA;19.570.720/0001-10;1390034241;09/10/2024;;2024-10-09;;;novo_em_relatorio
JP GLICOSE;JP INDUSTRIA FARMACEUTICA S/A;55.972.087/0001-50;737834251;30/05/2025;;2025-05-30;;;novo_em_relatorio
BENICARANLO;DAIICHI SANKYO BRASIL FARMACÊUTICA LTDA;60.874.187/0001-84;531336255;17/04/2025;;2025-04-17;;;novo_em_relatorio
DICLOFENACO SÓDICO;EMS S/A;57.507.378/0003-65;583597254;30/04/2025;;2025-04-30;;;novo_em_relatorio
Amoxicilina + Clavulanato de Potássio;EUROFARMA LABORATÓRIOS S.A.;61.190.096/0001-92;921118252;15/07/2025;;2025-07-15;;;novo_em_relatorio
atenolol + clortalidona;LABORATÓRIO TEUTO BRASILEIRO S/A;17.159.229/0001-76;893041254;08/07/2025;;2025-07-08;;;novo_em_relatorio
SOLUÇÃO DE RINGER COM LACTATO;JP INDUSTRIA FARMACEUTICA S/A;55.972.087/0001-50;737870257;30/05/2025;;2025-05-30;;;novo_em_relatorio
ZYVALPREX;ZYDUS NIKKHO FARMACÊUTICA LTDA;05.254.971/0001-81;4678237224;12/09/2022;;2022-09-12;;;novo_em_relatorio
SULFATO DE NEOMICINA + BACITRACINA ZÍNCICA;CIMED INDUSTRIA S.A;02.814.497/0001-07;1667127241;05/12/2024;;2024-12-05;;;novo_em_relatorio
TOFRANIL;CRISTÁLIA PRODUTOS QUÍMICOS FARMACÊUTICOS LTDA.;44.734.671/0001-51;706733258;26/05/2025;;2025-05-26;;;novo_em_relatorio
JP GLICOFISIOLÓGICO;JP INDUSTRIA FARMACEUTICA S/A;55.972.087/0001-50;737758252;30/05/2025;;2025-05-30;;;novo_em_relatorio
cefalexina;UNIÃO QUÍMICA FARMACÊUTICA NACIONAL S/A;60.665.981/0001-18;685639240;22/05/2024;;2024-05-22;;;novo_em_relatorio
varfarina sódica;LABORATÓRIO TEUTO BRASILEIRO S/A;17.159.229/0001-76;682258253;21/05/2025;;2025-05-21;;;novo_em_relatorio
VASOPRIL;BIOLAB SANUS FARMACÊUTICA LTDA;49.475.833/0001-06;658086251;15/05/2025;;2025-05-15;;;novo_em_relatorio
losartana potássica + hidroclorotiazida;EUROFARMA LABORATÓRIOS S.A.;61.190.096/0001-92;1202915256;10/09/2025;;2025-09-10;;;novo_em_relatorio
MIRTAZAPINA;AUROBINDO PHARMA INDÚSTRIA FARMACÊUTICA LIMITADA;04.301.884/0001-75;490960251;09/04/2025;;2025-04-09;;;novo_em_relatorio
alopurinol;PRATI DONADUZZI & CIA LTDA;73.856.593/0001-66;225438241;26/02/2024;;2024-02-26;;;novo_em_relatorio
RISS;EUROFARMA LABORATÓRIOS S.A.;61.190.096/0001-92;122213254;28/01/2025;;2025-01-28;;;novo_em_relatorio
Naglazyme;BIOMARIN BRASIL FARMACÊUTICA LTDA;08.002.360/0001-34;834456257;25/06/2025;;2025-06-25;;;novo_em_relatorio
PEDILETAN;CIMED INDUSTRIA S.A;02.814.497/0001-07;669891258;19/05/2025;;2025-05-19;;;novo_em_relatorio
BAYCUTEN N;BAYER S.A.;18.459.628/0001-15;1058432249;02/08/2024;;2024-08-02;;;novo_em_relatorio
TRANSPULMIN XAROPE ADULTO;ACHÉ LABORATÓRIOS FARMACÊUTICOS S.A;60.659.463/0029-92;3857524219;30/09/2021;;2021-09-30;;;novo_em_relatorio
LABCAÍNA;PHARLAB INDÚSTRIA FARMACÊUTICA S.A.;02.501.297/0001-02;600489256;05/05/2025;;2025-05-05;;;novo_em_relatorio
flumazenil (PORTARIA 344 - LISTA C1);UNIÃO QUÍMICA FARMACÊUTICA NACIONAL S/A;60.665.981/0001-18;629836248;13/05/2024;;2024-05-13;;;novo_em_relatorio
ARTRINID;UNIÃO QUÍMICA FARMACÊUTICA NACIONAL S/A;60.665.981/0001-18;1578541247;18/11/2024;;2024-11-18;;;novo_em_relatorio
SEDALEX;LABORATÓRIO TEUTO BRASILEIRO S/A;17.159.229/0001-76;509987257;14/04/2025;;2025-04-14;;;novo_em_relatorio
ENALAMED;CIMED INDUSTRIA S.A;02.814.497/0001-07;1019253240;25/07/2024;;2024-07-25;;;novo_em_relatorio
HEPATILON;KLEY HERTZ FARMACEUTICA S.A;92.695.691/0001-03;4339755214;03/11/2021;;2021-11-03;;;novo_em_relatorio
GASTRINON;LABORATÓRIO VITALAB LTDA;56.646.953/0001-86;890150231;23/08/2023;;2023-08-23;;;novo_em_relatorio
OSTEOFIX;NATULAB LABORATORIO S.A;02.456.955/0001-83;4443637222;19/07/2022;;2022-07-19;;;novo_em_relatorio
maleato de dexclorfeniramina + betametasona;CIMED INDUSTRIA S.A;02.814.497/0001-07;1660187249;04/12/2024;;2024-12-04;;;novo_em_relatorio
TOPIRAMATO;SANDOZ DO BRASIL INDÚSTRIA FARMACÊUTICA LTDA;61.286.647/0001-16;1496653246;30/10/2024;;2024-10-30;;;novo_em_relatorio
CEFALEXINA;ANTIBIÓTICOS DO BRASIL LTDA;05.439.635/0001-03;148323243;07/02/2024;;2024-02-07;;;novo_em_relatorio
CASTANHA DA ÍNDIA;BELFAR LTDA;18.324.343/0001-77;140808256;31/01/2025;;2025-01-31;;;novo_em_relatorio
Furosemida;HIPOLABOR FARMACEUTICA LTDA;19.570.720/0001-10;1597961248;22/11/2024;;2024-11-22;;;novo_em_relatorio
ESKAVIT;HIPOLABOR FARMACEUTICA LTDA;19.570.720/0001-10;1598027247;22/11/2024;;2024-11-22;;;novo_em_relatorio
Nitrato de Miconazol;GEOLAB INDÚSTRIA FARMACÊUTICA S/A;03.485.572/0001-04;115606193;07/02/2019;;2019-02-07;;;novo_em_relatorio
LIBIAM;LIBBS FARMACÊUTICA LTDA;61.230.314/0001-75;773342257;09/06/2025;;2025-06-09;;;novo_em_relatorio
cloridrato de amiodarona;RANBAXY FARMACÊUTICA LTDA;73.663.650/0001-90;273292251;26/02/2025;;2025-02-26;;;novo_em_relatorio
AZITROMICINA;LABORATÓRIO TEUTO BRASILEIRO S/A;17.159.229/0001-76;613665252;07/05/2025;;2025-05-07;;;novo_em_relatorio
CLORIDRATO DE TIZANIDINA;RANBAXY FARMACÊUTICA LTDA;73.663.650/0001-90;1015453252;07/08/2025;;2025-08-07;;;novo_em_relatorio
lamotrigina;RANBAXY FARMACÊUTICA LTDA;73.663.650/0001-90;1157458254;29/08/2025;;2025-08-29;;;novo_em_relatorio
TOBRALOX;EMS S/A;57.507.378/0003-65;906849250;10/07/2025;;2025-07-10;;;novo_em_relatorio
Butilbrometo de escopolamina;UNIÃO QUÍMICA FARMACÊUTICA NACIONAL S/A;60.665.981/0001-18;669005231;29/06/2023;;2023-06-29;;;novo_em_relatorio
GLICOSE A 5% + CLORETO DE SÓDIO A 0,9%;LABORATORIOS B. BRAUN S/A;31.673.254/0001-02;1410568237;12/12/2023;;2023-12-12;;;novo_em_relatorio
SIGMACALCIDOL;EMS SIGMA PHARMA LTDA;00.923.140/0001-31;1554734215;23/04/2021;;2021-04-23;;;novo_em_relatorio
COLCHIS;APSEN FARMACEUTICA S/A;62.462.015/0001-29;894332244;01/07/2024;;2024-07-01;;;novo_em_relatorio
PONDERA;EUROFARMA LABORATÓRIOS S.A.;61.190.096/0001-92;1651617244;03/12/2024;;2024-12-03;;;novo_em_relatorio
NISTATINA;GEOLAB INDÚSTRIA FARMACÊUTICA S/A;03.485.572/0001-04;329712250;11/03/2025;;2025-03-11;;;novo_em_relatorio
FOLIFOLIN;EMS S/A;57.507.378/0003-65;1610126246;25/11/2024;;2024-11-25;;;novo_em_relatorio
DICLOFENACO DIETILAMÔNIO;GEOLAB INDÚSTRIA FARMACÊUTICA S/A;03.485.572/0001-04;480389182;15/06/2018;;2018-06-15;;;novo_em_relatorio
DICLOFENACO SÓDICO;HIPOLABOR FARMACEUTICA LTDA;19.570.720/0001-10;1466762241;24/10/2024;;2024-10-24;;;novo_em_relatorio
GINO MIZONOL;GEOLAB INDÚSTRIA FARMACÊUTICA S/A;03.485.572/0001-04;2859159215;22/07/2021;;2021-07-22;;;novo_em_relatorio
Humalog Mix;ELI LILLY DO BRASIL LTDA;43.940.618/0001-44;1012175243;24/07/2024;;2024-07-24;;;novo_em_relatorio
Digoxina;PHARLAB INDÚSTRIA FARMACÊUTICA S.A.;02.501.297/0001-02;734170254;30/05/2025;;2025-05-30;;;novo_em_relatorio
nistatina + óxido de zinco;PRATI DONADUZZI & CIA LTDA;73.856.593/0001-66;499231252;11/04/2025;;2025-04-11;;;novo_em_relatorio
cloridrato de ambroxol;GEOLAB INDÚSTRIA FARMACÊUTICA S/A;03.485.572/0001-04;480613181;15/06/2018;;2018-06-15;;;novo_em_relatorio
Vialebex;LFB - HEMODERIVADOS E BIOTECNOLOGIA LTDA;07.207.572/0001-95;1516594169;07/04/2016;;2016-04-07;;;novo_em_relatorio
CLORIDRATO DE ONDANSETRONA;HYPOFARMA - INSTITUTO DE HYPODERMIA E FARMÁCIA LTDA;17.174.657/0001-78;62410245;17/01/2024;;2024-01-17;;;novo_em_relatorio
MALEATO DE TIMOLOL;LABORATÓRIO TEUTO BRASILEIRO S/A;17.159.229/0001-76;1189818256;08/09/2025;;2025-09-08;;;novo_em_relatorio
LORAZEPAM (PORT.344/98, LISTA B1);LABORATÓRIO TEUTO BRASILEIRO S/A;17.159.229/0001-76;613522257;07/05/2025;;2025-05-07;;;novo_em_relatorio
DAFLON;LABORATÓRIOS SERVIER DO BRASIL LTDA;42.374.207/0001-76;637623258;12/05/2025;;2025-05-12;;;novo_em_relatorio
ALBENDAZOL;LABORATÓRIO TEUTO BRASILEIRO S/A;17.159.229/0001-76;224014242;26/02/2024;;2024-02-26;;;novo_em_relatorio
cetoconazol+ dipropionato de betametasona;LABORATÓRIO TEUTO BRASILEIRO S/A;17.159.229/0001-76;928409236;31/08/2023;;2023-08-31;;;novo_em_relatorio
CETOCONAZOL + DIPROPIONATO DE BETAMETASONA;LABORATÓRIO TEUTO BRASILEIRO S/A;17.159.229/0001-76;928492231;31/08/2023;;2023-08-31;;;novo_em_relatorio
BROMAZEPAM;LABORATÓRIO TEUTO BRASILEIRO S/A;17.159.229/0001-76;1366626249;04/10/2024;;2024-10-04;;;novo_em_relatorio
carbamazepina;UNIÃO QUÍMICA FARMACÊUTICA NACIONAL S/A;60.665.981/0001-18;258939257;24/02/2025;;2025-02-24;;;novo_em_relatorio
MIZONOL;GEOLAB INDÚSTRIA FARMACÊUTICA S/A;03.485.572/0001-04;115640193;07/02/2019;;2019-02-07;;;novo_em_relatorio
GLYPRESSIN;LABORATÓRIOS FERRING LTDA;74.232.034/0001-48;1192965248;29/08/2024;;2024-08-29;;;novo_em_relatorio
claritromicina;EMS S/A;57.507.378/0003-65;826419259;23/06/2025;;2025-06-23;;;novo_em_relatorio
ACICLOVIR;MULTILAB INDUSTRIA E COMERCIO DE PRODUTOS FARMACEUTICOS LTDA;92.265.552/0009-05;40284255;10/01/2025;;2025-01-10;;;novo_em_relatorio
CEFALEXINA;ANTIBIÓTICOS DO BRASIL LTDA;05.439.635/0001-03;148363245;07/02/2024;;2024-02-07;;;novo_em_relatorio
SULFATO DE SALBUTAMOL;HIPOLABOR FARMACEUTICA LTDA;19.570.720/0001-10;1455265241;23/10/2024;;2024-10-23;;;novo_em_relatorio
FENOBARBITAL;UNIÃO QUÍMICA FARMACÊUTICA NACIONAL S/A;60.665.981/0001-18;827935251;24/06/2025;;2025-06-24;;;novo_em_relatorio
acetato de hidrocortisona;UNIÃO QUÍMICA FARMACÊUTICA NACIONAL S/A;60.665.981/0001-18;1646406249;02/12/2024;;2024-12-02;;;novo_em_relatorio
PROCORALAN;LABORATÓRIOS SERVIER DO BRASIL LTDA;42.374.207/0001-76;67325254;16/01/2025;;2025-01-16;;;novo_em_relatorio
losartana potássica;ZYDUS NIKKHO FARMACÊUTICA LTDA;05.254.971/0001-81;1445688215;15/04/2021;;2021-04-15;;;novo_em_relatorio
Sulfato de Salbutamol;GEOLAB INDÚSTRIA FARMACÊUTICA S/A;03.485.572/0001-04;1138713181;03/12/2018;;2018-12-03;;;novo_em_relatorio
REHIDRAZOL;LABORATÓRIO GLOBO SA;17.115.437/0001-73;792103254;12/06/2025;;2025-06-12;;;novo_em_relatorio
SINTOCALMY;ACHÉ LABORATÓRIOS FARMACÊUTICOS S.A;60.659.463/0029-92;7278657211;16/12/2021;;2021-12-16;;;novo_em_relatorio
DIPIRONA SÓDICA;GEOLAB INDÚSTRIA FARMACÊUTICA S/A;03.485.572/0001-04;547723253;23/04/2025;;2025-04-23;;;novo_em_relatorio
CPHD COM GLICOSE;FRESENIUS MEDICAL CARE LTDA;01.440.590/0001-36;885384229;07/03/2022;;2022-03-07;;;novo_em_relatorio
VALERINATI;PHARMASCIENCE INDUSTRIA FARMACEUTICA S.A;25.773.037/0001-83;1031106243;29/07/2024;;2024-07-29;;;novo_em_relatorio
FRENOTOSSE;CIMED INDUSTRIA S.A;02.814.497/0001-07;879080256;04/07/2025;;2025-07-04;;;novo_em_relatorio
CELETIL;GEOLAB INDÚSTRIA FARMACÊUTICA S/A;03.485.572/0001-04;479930185;15/06/2018;;2018-06-15;;;novo_em_relatorio
Bromoprida;UNIÃO QUÍMICA FARMACÊUTICA NACIONAL S/A;60.665.981/0001-18;609519255;06/05/2025;;2025-05-06;;;novo_em_relatorio
CPHD SEM GLICOSE 1:44;FRESENIUS MEDICAL CARE LTDA;01.440.590/0001-36;885345223;07/03/2022;;2022-03-07;;;novo_em_relatorio
MALEATO DE ENALAPRIL;LABORATÓRIO TEUTO BRASILEIRO S/A;17.159.229/0001-76;1374964247;07/10/2024;;2024-10-07;;;novo_em_relatorio
LOSARTANA POTÁSSICA;EMS S/A;57.507.378/0003-65;935827251;18/07/2025;;2025-07-18;;;novo_em_relatorio
IXIUM;FARMOQUÍMICA S/A;33.349.473/0001-58;1250700248;11/09/2024;;2024-09-11;;;novo_em_relatorio
CLORIDRATO DE CIPROFLOXACINO;PRATI DONADUZZI & CIA LTDA;73.856.593/0001-66;379760258;20/03/2025;;2025-03-20;;;novo_em_relatorio
CONACORT;GEOLAB INDÚSTRIA FARMACÊUTICA S/A;03.485.572/0001-04;473891188;13/06/2018;;2018-06-13;;;novo_em_relatorio
acetato de ciproterona;LABORATÓRIO QUÍMICO FARMACÊUTICO BERGAMO LTDA;61.282.661/0001-41;865921245;25/06/2024;;2024-06-25;;;novo_em_relatorio
AMOXICILINA + CLAVULANATO DE POTÁSSIO;EMS S/A;57.507.378/0003-65;1112266259;18/08/2025;;2025-08-18;;;novo_em_relatorio
DONAREN RETARD;APSEN FARMACEUTICA S/A;62.462.015/0001-29;1686115245;10/12/2024;;2024-12-10;;;novo_em_relatorio
atenolol;PRATI DONADUZZI & CIA LTDA;73.856.593/0001-66;857136259;30/06/2025;;2025-06-30;;;novo_em_relatorio
Amoxicilina;PRATI DONADUZZI & CIA LTDA;73.856.593/0001-66;927658259;17/07/2025;;2025-07-17;;;novo_em_relatorio
claritromicina;ANTIBIÓTICOS DO BRASIL LTDA;05.439.635/0001-03;760014248;06/06/2024;;2024-06-06;;;novo_em_relatorio
simeticona;HIPOLABOR FARMACEUTICA LTDA;19.570.720/0001-10;3957538201;11/11/2020;;2020-11-11;;;novo_em_relatorio
LAQFA - IODETO DE POTÁSSIO;LABORATORIO QUIMICO FARMACEUTICO DA AERONAUTICA;00.394.429/0099-14;942554248;10/07/2024;;2024-07-10;;;novo_em_relatorio
cloridrato de metformina;PRATI DONADUZZI & CIA LTDA;73.856.593/0001-66;1182314252;05/09/2025;;2025-09-05;;;novo_em_relatorio
ZOVIRAX;GLAXOSMITHKLINE BRASIL LTDA;33.247.743/0001-10;1008414255;05/08/2025;;2025-08-05;;;novo_em_relatorio
BUPROVIL;MULTILAB INDUSTRIA E COMERCIO DE PRODUTOS FARMACEUTICOS LTDA;92.265.552/0009-05;1151054241;21/08/2024;;2024-08-21;;;novo_em_relatorio
CAPTOPRIL;EMS S/A;57.507.378/0003-65;114832251;27/01/2025;;2025-01-27;;;novo_em_relatorio
LISINOPRIL;AUROBINDO PHARMA INDÚSTRIA FARMACÊUTICA LIMITADA;04.301.884/0001-75;2499146195;15/10/2019;;2019-10-15;;;novo_em_relatorio
cloridrato de sertralina;AUROBINDO PHARMA INDÚSTRIA FARMACÊUTICA LIMITADA;04.301.884/0001-75;1517266246;04/11/2024;;2024-11-04;;;novo_em_relatorio
MEBENDAZOL;GEOLAB INDÚSTRIA FARMACÊUTICA S/A;03.485.572/0001-04;920095149;14/10/2014;;2014-10-14;;;novo_em_relatorio
ERYSIDORON-1;WELEDA DO BRASIL LABORATÓRIO E FARMÁCIA LTDA;56.992.217/0001-80;1195827253;09/09/2025;;2025-09-09;;;novo_em_relatorio
VALERATO DE BETAMETASONA + SULFATO DE GENTAMICINA + TOLNAFTATO + CLIOQUINOL;LABORATÓRIO TEUTO BRASILEIRO S/A;17.159.229/0001-76;1530060249;06/11/2024;;2024-11-06;;;novo_em_relatorio
LONCORD;DIFFUCAP - CHEMOBRÁS QUÍMICA E FARMACÊUTICA LTDA;42.457.796/0001-56;1736917242;19/12/2024;;2024-12-19;;;novo_em_relatorio
SCALID;UNIÃO QUÍMICA FARMACÊUTICA NACIONAL S/A;60.665.981/0001-18;462359255;03/04/2025;;2025-04-03;;;novo_em_relatorio
CLORIDRATO DE TRAMADOL (PORT 344/98 - LISTA A2);LABORATÓRIO TEUTO BRASILEIRO S/A;17.159.229/0001-76;1129252;02/01/2025;;2025-01-02;;;novo_em_relatorio
VALERATO DE BETAMETASONA + SULFATO DE GENTAMICINA + TOLNAFTATO + CLIOQUINOL;LABORATÓRIO TEUTO BRASILEIRO S/A;17.159.229/0001-76;440351243;08/04/2024;;2024-04-08;;;novo_em_relatorio
Dexametasona;GEOLAB INDÚSTRIA FARMACÊUTICA S/A;03.485.572/0001-04;902437259;09/07/2025;;2025-07-09;;;novo_em_relatorio
ampicilina;PRATI DONADUZZI & CIA LTDA;73.856.593/0001-66;1328894216;07/04/2021;;2021-04-07;;;novo_em_relatorio
teicoplanina;ANTIBIÓTICOS DO BRASIL LTDA;05.439.635/0001-03;747151245;04/06/2024;;2024-06-04;;;novo_em_relatorio
AMOXICILINA;LABORATÓRIO TEUTO BRASILEIRO S/A;17.159.229/0001-76;839596251;26/06/2025;;2025-06-26;;;novo_em_relatorio
PYRIDIUM;ADIUM S.A.;55.980.684/0001-27;526601248;22/04/2024;;2024-04-22;;;novo_em_relatorio
Pantoprazol;SANDOZ DO BRASIL INDÚSTRIA FARMACÊUTICA LTDA;61.286.647/0001-16;1200088255;10/09/2025;;2025-09-10;;;novo_em_relatorio
Acetato de Dexametasona;GEOLAB INDÚSTRIA FARMACÊUTICA S/A;03.485.572/0001-04;1585547247;19/11/2024;;2024-11-19;;;novo_em_relatorio
losartana potássica;LABORATÓRIO TEUTO BRASILEIRO S/A;17.159.229/0001-76;937827258;21/07/2025;;2025-07-21;;;novo_em_relatorio
amoxicilina;PRATI DONADUZZI & CIA LTDA;73.856.593/0001-66;982731256;29/07/2025;;2025-07-29;;;novo_em_relatorio
Clotrimazol;GERMED FARMACEUTICA LTDA;45.992.062/0001-65;1739707249;19/12/2024;;2024-12-19;;;novo_em_relatorio
CLORIDRATO DE BROMEXINA;EMS S/A;57.507.378/0003-65;1137936258;25/08/2025;;2025-08-25;;;novo_em_relatorio
DIPIRONA SODICA;GEOLAB INDÚSTRIA FARMACÊUTICA S/A;03.485.572/0001-04;547509251;23/04/2025;;2025-04-23;;;novo_em_relatorio
amoxicilina;AUROBINDO PHARMA INDÚSTRIA FARMACÊUTICA LIMITADA;04.301.884/0001-75;1138936212;24/03/2021;;2021-03-24;;;novo_em_relatorio
cloridrato de metformina;LABORATÓRIO TEUTO BRASILEIRO S/A;17.159.229/0001-76;1177379252;04/09/2025;;2025-09-04;;;novo_em_relatorio
ácido acetilsalicílico;CIMED INDUSTRIA S.A;02.814.497/0001-07;3928936202;09/11/2020;;2020-11-09;;;novo_em_relatorio
TINIDAZOL;GERMED FARMACEUTICA LTDA;45.992.062/0001-65;1591946247;21/11/2024;;2024-11-21;;;novo_em_relatorio
CLORIDRATO DE TERBINAFINA;GERMED FARMACEUTICA LTDA;45.992.062/0001-65;1571104241;14/11/2024;;2024-11-14;;;novo_em_relatorio
AMOXICILINA;CIMED INDUSTRIA S.A;02.814.497/0001-07;982030258;29/07/2025;;2025-07-29;;;novo_em_relatorio
CLORIDRATO DE TRAMADOL (PORT. 344/98, L-A2);LABORATÓRIO TEUTO BRASILEIRO S/A;17.159.229/0001-76;617671257;07/05/2025;;2025-05-07;;;novo_em_relatorio
MALVONA;MEGALABS FARMACEUTICA S.A.;33.026.055/0001-20;737887257;30/05/2025;;2025-05-30;;;novo_em_relatorio
COMBIRON FÓLICO;ACHÉ LABORATÓRIOS FARMACÊUTICOS S.A;60.659.463/0029-92;193453258;11/02/2025;;2025-02-11;;;novo_em_relatorio
Xylestesin Pesada;CRISTÁLIA PRODUTOS QUÍMICOS FARMACÊUTICOS LTDA.;44.734.671/0001-51;941222211;10/03/2021;;2021-03-10;;;novo_em_relatorio
FACTIVE;ACHÉ LABORATÓRIOS FARMACÊUTICOS S.A;60.659.463/0029-92;2274576169;12/09/2016;;2016-09-12;;;novo_em_relatorio
PEN-VE-ORAL;EUROFARMA LABORATÓRIOS S.A.;61.190.096/0001-92;980571243;18/07/2024;;2024-07-18;;;novo_em_relatorio
AMATO;EUROFARMA LABORATÓRIOS S.A.;61.190.096/0001-92;1347550241;01/10/2024;;2024-10-01;;;novo_em_relatorio
cloridrato de metoclopramida;HIPOLABOR FARMACEUTICA LTDA;19.570.720/0001-10;1567023240;14/11/2024;;2024-11-14;;;novo_em_relatorio
CAMOMILINA C;THERASKIN FARMACEUTICA LTDA.;61.517.397/0001-88;1536841242;07/11/2024;;2024-11-07;;;novo_em_relatorio
CETOCONAZOL + DIPROPIONATO DE BETAMETASONA + SULFATO DE NEOMICINA;LABORATÓRIO TEUTO BRASILEIRO S/A;17.159.229/0001-76;730398251;29/05/2025;;2025-05-29;;;novo_em_relatorio
DRENISON;BIOLAB SANUS FARMACÊUTICA LTDA;49.475.833/0001-06;67835252;16/01/2025;;2025-01-16;;;novo_em_relatorio
IQUEGO - DOXICICLINA;INDÚSTRIA QUÍMICA DO ESTADO DE GOIÁS S/A - IQUEGO;01.541.283/0001-41;994505139;27/11/2013;;2013-11-27;;;novo_em_relatorio
CPHD AC 35 C/ GLICOSE;SALBEGO LABORATÓRIO FARMACÊUTICO LTDA;92.832.195/0001-54;1658537246;04/12/2024;;2024-12-04;;;novo_em_relatorio
TRACUR;CRISTÁLIA PRODUTOS QUÍMICOS FARMACÊUTICOS LTDA.;44.734.671/0001-51;706872258;26/05/2025;;2025-05-26;;;novo_em_relatorio
CROMOGLICATO;ALLERGAN PRODUTOS FARMACÊUTICOS LTDA;43.426.626/0001-77;569984238;05/06/2023;;2023-06-05;;;novo_em_relatorio
VACINA MENINGOCÓCICA AC (POLISSACARÍDICA);FUNDAÇÃO OSWALDO CRUZ;33.781.055/0001-35;3725824209;26/10/2020;;2020-10-26;;;novo_em_relatorio
bromidrato de citalopram;AUROBINDO PHARMA INDÚSTRIA FARMACÊUTICA LIMITADA;04.301.884/0001-75;376612231;14/04/2023;;2023-04-14;;;novo_em_relatorio
AVASTIN;PRODUTOS ROCHE QUÍMICOS E FARMACÊUTICOS S.A.;33.009.945/0001-23;875667252;03/07/2025;;2025-07-03;;;novo_em_relatorio
CLORIDRATO DE SERTRALINA;EMS S/A;57.507.378/0003-65;1174420251;03/09/2025;;2025-09-03;;;novo_em_relatorio
ALENDIL CÁLCIO D;FARMOQUÍMICA S/A;33.349.473/0001-58;612583244;08/05/2024;;2024-05-08;;;novo_em_relatorio
COMPLEXO B 12;EMS S/A;57.507.378/0003-65;736293256;30/05/2025;;2025-05-30;;;novo_em_relatorio
URO-VAXOM;APSEN FARMACEUTICA S/A;62.462.015/0001-29;435894251;31/03/2025;;2025-03-31;;;novo_em_relatorio
AZITROMICINA;EMS S/A;57.507.378/0003-65;1201427240;02/09/2024;;2024-09-02;;;novo_em_relatorio
Cetoconazol + dipropionato de betametasona + sulfato de neomicina;LABORATÓRIO TEUTO BRASILEIRO S/A;17.159.229/0001-76;645246255;13/05/2025;;2025-05-13;;;novo_em_relatorio
amoxicilina;AUROBINDO PHARMA INDÚSTRIA FARMACÊUTICA LIMITADA;04.301.884/0001-75;37344242;11/01/2024;;2024-01-11;;;novo_em_relatorio
KYPROLIS;AMGEN BIOTECNOLOGIA DO BRASIL LTDA.;18.774.815/0001-93;672260255;19/05/2025;;2025-05-19;;;novo_em_relatorio
POLARADEX;NATULAB LABORATORIO S.A;02.456.955/0001-83;142328251;31/01/2025;;2025-01-31;;;novo_em_relatorio
REHIDRAT;EUROFARMA LABORATÓRIOS S.A.;61.190.096/0001-92;577817230;06/06/2023;;2023-06-06;;;novo_em_relatorio
losartana potássica + hidroclorotiazida;EMS S/A;57.507.378/0003-65;1148856251;27/08/2025;;2025-08-27;;;novo_em_relatorio
B -PLATIN;BLAU FARMACÊUTICA S.A.;58.430.828/0001-60;280860242;07/03/2024;;2024-03-07;;;novo_em_relatorio
Engerix B;GLAXOSMITHKLINE BRASIL LTDA;33.247.743/0001-10;1593876246;21/11/2024;;2024-11-21;;;novo_em_relatorio
NORDITROPIN;NOVO NORDISK FARMACÊUTICA DO BRASIL LTDA;82.277.955/0001-55;856516252;30/06/2025;;2025-06-30;;;novo_em_relatorio
imipenem + cilastatina;ANTIBIÓTICOS DO BRASIL LTDA;05.439.635/0001-03;2659239223;02/05/2022;;2022-05-02;;;novo_em_relatorio
EXJADE;NOVARTIS BIOCIENCIAS S.A;56.994.502/0001-30;38901242;12/01/2024;;2024-01-12;;;novo_em_relatorio
Ibuprofeno;BRAINFARMA INDÚSTRIA QUÍMICA E FARMACÊUTICA S.A;05.161.069/0001-10;1609274245;25/11/2024;;2024-11-25;;;novo_em_relatorio
pantoprazol sódico;RANBAXY FARMACÊUTICA LTDA;73.663.650/0001-90;4577629224;19/08/2022;;2022-08-19;;;novo_em_relatorio
meropeném;ANTIBIÓTICOS DO BRASIL LTDA;05.439.635/0001-03;911155252;11/07/2025;;2025-07-11;;;novo_em_relatorio
CEBRILIN;LIBBS FARMACÊUTICA LTDA;61.230.314/0001-75;1683727240;10/12/2024;;2024-12-10;;;novo_em_relatorio
REMILEV;ACHÉ LABORATÓRIOS FARMACÊUTICOS S.A;60.659.463/0029-92;2828381218;20/07/2021;;2021-07-20;;;novo_em_relatorio
CPHD 35 BA;SALBEGO LABORATÓRIO FARMACÊUTICO LTDA;92.832.195/0001-54;1657688241;04/12/2024;;2024-12-04;;;novo_em_relatorio
ULTRAFER;FARMOQUÍMICA S/A;33.349.473/0001-58;419482253;27/03/2025;;2025-03-27;;;novo_em_relatorio
MALEATO DE TIMOLOL;EMS S/A;57.507.378/0003-65;1086044258;15/08/2025;;2025-08-15;;;novo_em_relatorio
LORATADINA;GERMED FARMACEUTICA LTDA;45.992.062/0001-65;1473789249;25/10/2024;;2024-10-25;;;novo_em_relatorio
BENEUM;LABORATÓRIO TEUTO BRASILEIRO S/A;17.159.229/0001-76;1210852241;03/09/2024;;2024-09-03;;;novo_em_relatorio
NISTATINA;GERMED FARMACEUTICA LTDA;45.992.062/0001-65;269416251;26/02/2025;;2025-02-26;;;novo_em_relatorio
letrozol;EUROFARMA LABORATÓRIOS S.A.;61.190.096/0001-92;3351587210;25/08/2021;;2021-08-25;;;novo_em_relatorio
CRONOBÊ;BIOLAB SANUS FARMACÊUTICA LTDA;49.475.833/0001-06;35094257;10/01/2025;;2025-01-10;;;novo_em_relatorio
VITER C;NATULAB LABORATORIO S.A;02.456.955/0001-83;1425053220;28/03/2022;;2022-03-28;;;novo_em_relatorio
fosfato dissódico de dexametasona;FARMACE INDÚSTRIA QUÍMICO-FARMACÊUTICA CEARENSE LTDA;06.628.333/0001-46;905663241;03/07/2024;;2024-07-03;;;novo_em_relatorio
NOVOLIN R;NOVO NORDISK FARMACÊUTICA DO BRASIL LTDA;82.277.955/0001-55;623997240;10/05/2024;;2024-05-10;;;novo_em_relatorio
HYPERINAT;PHARMASCIENCE INDUSTRIA FARMACEUTICA S.A;25.773.037/0001-83;220343250;17/02/2025;;2025-02-17;;;novo_em_relatorio
INTERFERON ALFA 2A HUMANO RECOMBINANTE;CHRON EPIGEN INDÚSTRIA E COMÉRCIO LTDA;04.415.365/0001-38;608900143;28/07/2014;;2014-07-28;;;novo_em_relatorio
valerato de betametasona + sulfato de gentamicina + clioquinol + tolnaftato pomada;GERMED FARMACEUTICA LTDA;45.992.062/0001-65;107770253;24/01/2025;;2025-01-24;;;novo_em_relatorio
DOTAREM;GUERBET PRODUTOS RADIOLÓGICOS LTDA;42.180.406/0001-43;663546249;17/05/2024;;2024-05-17;;;novo_em_relatorio
FATOR IX GRIFOLS;GRIFOLS BRASIL LTDA;02.513.899/0001-71;192440250;11/02/2025;;2025-02-11;;;novo_em_relatorio
cloridrato de cefepima;ANTIBIÓTICOS DO BRASIL LTDA;05.439.635/0001-03;1558453214;23/04/2021;;2021-04-23;;;novo_em_relatorio
Acetato de Dexametasona;LABORATÓRIO TEUTO BRASILEIRO S/A;17.159.229/0001-76;657475254;15/05/2025;;2025-05-15;;;novo_em_relatorio
cloridrato de ciprofloxacino;EMS S/A;57.507.378/0003-65;655594256;15/05/2025;;2025-05-15;;;novo_em_relatorio
Acetilcisteina;UNIÃO QUÍMICA FARMACÊUTICA NACIONAL S/A;60.665.981/0001-18;1487778244;29/10/2024;;2024-10-29;;;novo_em_relatorio
OMEPRAZOL;CRISTÁLIA PRODUTOS QUÍMICOS FARMACÊUTICOS LTDA.;44.734.671/0001-51;210322250;14/02/2025;;2025-02-14;;;novo_em_relatorio
butilbrometo de escopolamina + dipirona monoidratada;HIPOLABOR FARMACEUTICA LTDA;19.570.720/0001-10;1542449243;08/11/2024;;2024-11-08;;;novo_em_relatorio
MUVINLAX;LIBBS FARMACÊUTICA LTDA;61.230.314/0001-75;804514259;16/06/2025;;2025-06-16;;;novo_em_relatorio
DORTRIRELAX;PHARMASCIENCE INDUSTRIA FARMACEUTICA S.A;25.773.037/0001-83;4212473224;26/05/2022;;2022-05-26;;;novo_em_relatorio
TOPISON;LIBBS FARMACÊUTICA LTDA;61.230.314/0001-75;1161118250;29/08/2025;;2025-08-29;;;novo_em_relatorio
CLORIDRATO DE OXIMETAZOLINA;EMS S/A;57.507.378/0003-65;977256251;28/07/2025;;2025-07-28;;;novo_em_relatorio
Espironolactona;EUROFARMA LABORATÓRIOS S.A.;61.190.096/0001-92;1003132251;04/08/2025;;2025-08-04;;;novo_em_relatorio
QUINACRIS;CRISTÁLIA PRODUTOS QUÍMICOS FARMACÊUTICOS LTDA.;44.734.671/0001-51;375892257;20/03/2025;;2025-03-20;;;novo_em_relatorio
ALGESTONA ACETOFENIDA + ENANTATO DE ESTRADIOL;EMS S/A;57.507.378/0003-65;1739761243;19/12/2024;;2024-12-19;;;novo_em_relatorio
cloridrato de sertralina;ZYDUS NIKKHO FARMACÊUTICA LTDA;05.254.971/0001-81;694034258;23/05/2025;;2025-05-23;;;novo_em_relatorio
XYLESTESIN;CRISTÁLIA PRODUTOS QUÍMICOS FARMACÊUTICOS LTDA.;44.734.671/0001-51;920516211;09/03/2021;;2021-03-09;;;novo_em_relatorio
dipropionato de betametasona + ácido salicílico;LABORATÓRIO TEUTO BRASILEIRO S/A;17.159.229/0001-76;843741252;27/06/2025;;2025-06-27;;;novo_em_relatorio
LFM - PIRAZINAMIDA;LABORATÓRIO FARMACÊUTICO DA MARINHA;00.394.502/0071-57;410858251;26/03/2025;;2025-03-26;;;novo_em_relatorio
MALEATO DE DEXCLORFENIRAMINA + BETAMETASONA;GERMED FARMACEUTICA LTDA;45.992.062/0001-65;1189722241;29/08/2024;;2024-08-29;;;novo_em_relatorio
VALERATO DE BETAMETASONA + SULFATO DE GENTAMICINA + TOLNAFTATO + CLIOQUINOL;GERMED FARMACEUTICA LTDA;45.992.062/0001-65;1473881242;25/10/2024;;2024-10-25;;;novo_em_relatorio
LORATADINA;GEOLAB INDÚSTRIA FARMACÊUTICA S/A;03.485.572/0001-04;3148206196;14/11/2019;;2019-11-14;;;novo_em_relatorio
CIMEGRIPE DIA;CIMED INDUSTRIA S.A;02.814.497/0001-07;355547236;10/04/2023;;2023-04-10;;;novo_em_relatorio
CLONAZEPAM;RANBAXY FARMACÊUTICA LTDA;73.663.650/0001-90;81129254;20/01/2025;;2025-01-20;;;novo_em_relatorio
NORFLOXACINO 400 MG;GERMED FARMACEUTICA LTDA;45.992.062/0001-65;611803259;06/05/2025;;2025-05-06;;;novo_em_relatorio
cefalexina;AUROBINDO PHARMA INDÚSTRIA FARMACÊUTICA LIMITADA;04.301.884/0001-75;1704608174;14/08/2017;;2017-08-14;;;novo_em_relatorio
varfarina sódica;UNIÃO QUÍMICA FARMACÊUTICA NACIONAL S/A;60.665.981/0001-18;829438254;24/06/2025;;2025-06-24;;;novo_em_relatorio
cloridrato de amiodarona;HIPOLABOR FARMACEUTICA LTDA;19.570.720/0001-10;1466419245;24/10/2024;;2024-10-24;;;novo_em_relatorio
Propionato de clobetasol 0,5mg/g;LABORATÓRIO TEUTO BRASILEIRO S/A;17.159.229/0001-76;809815257;17/06/2025;;2025-06-17;;;novo_em_relatorio
CLORIDRATO DE CICLOBENZAPRINA;EUROFARMA LABORATÓRIOS S.A.;61.190.096/0001-92;350251258;14/03/2025;;2025-03-14;;;novo_em_relatorio
MIDAZOLAM;HIPOLABOR FARMACEUTICA LTDA;19.570.720/0001-10;1457211246;23/10/2024;;2024-10-23;;;novo_em_relatorio
SORO ANTIESCORPIÔNICO;INSTITUTO VITAL BRAZIL S/A;30.064.034/0001-00;874195250;03/07/2025;;2025-07-03;;;novo_em_relatorio
FUROATO DE MOMETASONA;GERMED FARMACEUTICA LTDA;45.992.062/0001-65;1264092245;13/09/2024;;2024-09-13;;;novo_em_relatorio
FUROATO DE MOMETASONA;EMS S/A;57.507.378/0003-65;1687639248;10/12/2024;;2024-12-10;;;novo_em_relatorio
SINVASTATINA;EMS S/A;57.507.378/0003-65;548457255;23/04/2025;;2025-04-23;;;novo_em_relatorio
FAULDCITA;LIBBS FARMACÊUTICA LTDA;61.230.314/0001-75;1053073241;01/08/2024;;2024-08-01;;;novo_em_relatorio
POMADA MINANCORA;MINÂNCORA & CIA LTDA;84.683.382/0001-95;694166251;23/05/2025;;2025-05-23;;;novo_em_relatorio
azitromicina;GERMED FARMACEUTICA LTDA;45.992.062/0001-65;960401253;23/07/2025;;2025-07-23;;;novo_em_relatorio
DIPIRONA SÓDICA;GERMED FARMACEUTICA LTDA;45.992.062/0001-65;451062256;02/04/2025;;2025-04-02;;;novo_em_relatorio
XYLESTESIN;CRISTÁLIA PRODUTOS QUÍMICOS FARMACÊUTICOS LTDA.;44.734.671/0001-51;4927558223;10/11/2022;;2022-11-10;;;novo_em_relatorio
TRAUMEEL S;HEEL DO BRASIL BIOMÉDICA LTDA;05.994.539/0001-27;595049249;06/05/2024;;2024-05-06;;;novo_em_relatorio
BARIOGEL;CRISTÁLIA PRODUTOS QUÍMICOS FARMACÊUTICOS LTDA.;44.734.671/0001-51;528983253;17/04/2025;;2025-04-17;;;novo_em_relatorio
furosemida;LABORATÓRIO TEUTO BRASILEIRO S/A;17.159.229/0001-76;1644006243;02/12/2024;;2024-12-02;;;novo_em_relatorio
DIPIRONA SÓDICA;EMS S/A;57.507.378/0003-65;443517258;01/04/2025;;2025-04-01;;;novo_em_relatorio
TEICOPLANINA;EUROFARMA LABORATÓRIOS S.A.;61.190.096/0001-92;981457258;29/07/2025;;2025-07-29;;;novo_em_relatorio
GARGOJUICE;BELFAR LTDA;18.324.343/0001-77;662008243;17/05/2024;;2024-05-17;;;novo_em_relatorio
PARACETAMOL;GEOLAB INDÚSTRIA FARMACÊUTICA S/A;03.485.572/0001-04;2656730228;02/05/2022;;2022-05-02;;;novo_em_relatorio
sulfato de salbutamol;FARMACE INDÚSTRIA QUÍMICO-FARMACÊUTICA CEARENSE LTDA;06.628.333/0001-46;1407439217;13/04/2021;;2021-04-13;;;novo_em_relatorio
EXPECTOFLUI;NATULAB LABORATORIO S.A;02.456.955/0001-83;1157961258;29/08/2025;;2025-08-29;;;novo_em_relatorio
aciclovir;GEOLAB INDÚSTRIA FARMACÊUTICA S/A;03.485.572/0001-04;451182184;06/06/2018;;2018-06-06;;;novo_em_relatorio
NISTATINA;LABORATÓRIO TEUTO BRASILEIRO S/A;17.159.229/0001-76;1745062246;20/12/2024;;2024-12-20;;;novo_em_relatorio
PASSAJÁ;FARMABRAZ BETA ATALAIA FARMACEUTICA LTDA.;33.474.289/0001-30;210197242;22/02/2024;;2024-02-22;;;novo_em_relatorio
diclofenaco sódico;EMS S/A;57.507.378/0003-65;1361803212;09/04/2021;;2021-04-09;;;novo_em_relatorio
FUROATO DE MOMETASONA;GERMED FARMACEUTICA LTDA;45.992.062/0001-65;1265497249;13/09/2024;;2024-09-13;;;novo_em_relatorio
METRONIDAZOL;THEODORO F SOBRAL & CIA LTDA;06.597.801/0001-62;866378185;04/09/2018;;2018-09-04;;;novo_em_relatorio
RIFOTRAT;NATULAB LABORATORIO S.A;02.456.955/0001-83;1438111240;18/10/2024;;2024-10-18;;;novo_em_relatorio
Loratadina + sulfato de pseudoefedrina;LABORATÓRIO TEUTO BRASILEIRO S/A;17.159.229/0001-76;843440244;20/06/2024;;2024-06-20;;;novo_em_relatorio
maleato de dexclorfeniramina;GEOLAB INDÚSTRIA FARMACÊUTICA S/A;03.485.572/0001-04;450991189;06/06/2018;;2018-06-06;;;novo_em_relatorio
FURP-FENOBARBITAL;FUNDAÇÃO PARA O REMÉDIO POPULAR - FURP;43.640.754/0001-19;262081253;25/02/2025;;2025-02-25;;;novo_em_relatorio
Butilbrometo de Escopolamina;HIPOLABOR FARMACEUTICA LTDA;19.570.720/0001-10;1494997240;30/10/2024;;2024-10-30;;;novo_em_relatorio
HIDROCLOROTIAZIDA;EMS S/A;57.507.378/0003-65;276906250;27/02/2025;;2025-02-27;;;novo_em_relatorio
NUX VOMICA HOMACCORD;HEEL DO BRASIL BIOMÉDICA LTDA;05.994.539/0001-27;4370721229;01/07/2022;;2022-07-01;;;novo_em_relatorio
fosfato sódico de prednisolona;PRATI DONADUZZI & CIA LTDA;73.856.593/0001-66;3463312212;02/09/2021;;2021-09-02;;;novo_em_relatorio
DIPIRONA SÓDICA;FARMACE INDÚSTRIA QUÍMICO-FARMACÊUTICA CEARENSE LTDA;06.628.333/0001-46;683168258;21/05/2025;;2025-05-21;;;novo_em_relatorio
EUPHORBIUM COMPOSITUM SN;HEEL DO BRASIL BIOMÉDICA LTDA;05.994.539/0001-27;1158215258;29/08/2025;;2025-08-29;;;novo_em_relatorio
NISTAMAX;NATULAB LABORATORIO S.A;02.456.955/0001-83;213710251;14/02/2025;;2025-02-14;;;novo_em_relatorio
DEMEDROX;UNIÃO QUÍMICA FARMACÊUTICA NACIONAL S/A;60.665.981/0001-18;1113397250;18/08/2025;;2025-08-18;;;novo_em_relatorio
cloridrato de nebivolol;EMS S/A;57.507.378/0003-65;1119623235;18/10/2023;;2023-10-18;;;novo_em_relatorio
desloratadina;SANOFI MEDLEY FARMACÊUTICA LTDA.;10.588.595/0010-92;761195254;05/06/2025;;2025-06-05;;;novo_em_relatorio
FUMARATO DE TENOFOVIR DESOPROXILA+LAMIVUDINA;FUNDAÇÃO OSWALDO CRUZ;33.781.055/0001-35;570015243;30/04/2024;;2024-04-30;;;novo_em_relatorio
RILUZOL;FUNDAÇÃO PARA O REMÉDIO POPULAR - FURP;43.640.754/0001-19;979436151;10/11/2015;;2015-11-10;;;novo_em_relatorio
ALLEGRA D;OPELLA HEALTHCARE BRAZIL LTDA;38.391.432/0001-43;761239251;05/06/2025;;2025-06-05;;;novo_em_relatorio
CABERGOLINA;EMS S/A;57.507.378/0003-65;1700907247;12/12/2024;;2024-12-12;;;novo_em_relatorio
ACIDO ZOLEDRONICO;BLAU FARMACÊUTICA S.A.;58.430.828/0001-60;902175246;02/07/2024;;2024-07-02;;;novo_em_relatorio
NOVOPRAZOL;LABORATÓRIO GLOBO SA;17.115.437/0001-73;916553256;14/07/2025;;2025-07-14;;;novo_em_relatorio
SULFATO DE NEOMICINA + BACITRACINA;SANOFI MEDLEY FARMACÊUTICA LTDA.;10.588.595/0010-92;1542510244;08/11/2024;;2024-11-08;;;novo_em_relatorio
CABERGOLINA;FUNDAÇÃO OSWALDO CRUZ;33.781.055/0001-35;1645278247;02/12/2024;;2024-12-02;;;novo_em_relatorio
INDAPAMIDA;EUROFARMA LABORATÓRIOS S.A.;61.190.096/0001-92;530863243;23/04/2024;;2024-04-23;;;novo_em_relatorio
VACINA PAPILOMAVIRUS HUMANO 6, 11, 16 E 18 (RECOMBINANTE);INSTITUTO BUTANTAN;61.821.344/0001-56;1379105242;08/10/2024;;2024-10-08;;;novo_em_relatorio
tartarato de brimonidina;LABORATÓRIO TEUTO BRASILEIRO S/A;17.159.229/0001-76;836536258;26/06/2025;;2025-06-26;;;novo_em_relatorio
domperidona;SANOFI MEDLEY FARMACÊUTICA LTDA.;10.588.595/0010-92;1564742245;13/11/2024;;2024-11-13;;;novo_em_relatorio
OXCARBAZEPINA;SANOFI MEDLEY FARMACÊUTICA LTDA.;10.588.595/0010-92;419409254;27/03/2025;;2025-03-27;;;novo_em_relatorio
gliclazida;EMS S/A;57.507.378/0003-65;631265252;09/05/2025;;2025-05-09;;;novo_em_relatorio
TADA;EUROFARMA LABORATÓRIOS S.A.;61.190.096/0001-92;1328857247;27/09/2024;;2024-09-27;;;novo_em_relatorio
LOSARTANA POTÁSSICA;SANOFI MEDLEY FARMACÊUTICA LTDA.;10.588.595/0010-92;686983254;22/05/2025;;2025-05-22;;;novo_em_relatorio
VORICONAZOL;CRISTÁLIA PRODUTOS QUÍMICOS FARMACÊUTICOS LTDA.;44.734.671/0001-51;1179471253;04/09/2025;;2025-09-04;;;novo_em_relatorio
Maleato de midazolam;SANOFI MEDLEY FARMACÊUTICA LTDA.;10.588.595/0010-92;898008247;02/07/2024;;2024-07-02;;;novo_em_relatorio
ibandronato de sódio monoidratado;EMS S/A;57.507.378/0003-65;1077774249;07/08/2024;;2024-08-07;;;novo_em_relatorio
cloridrato de tramadol + paracetamol;ZYDUS NIKKHO FARMACÊUTICA LTDA;05.254.971/0001-81;1586912241;19/11/2024;;2024-11-19;;;novo_em_relatorio
NPLATE;AMGEN BIOTECNOLOGIA DO BRASIL LTDA.;18.774.815/0001-93;961893257;23/07/2025;;2025-07-23;;;novo_em_relatorio
TRIUMEQ;GLAXOSMITHKLINE BRASIL LTDA;33.247.743/0001-10;501325255;11/04/2025;;2025-04-11;;;novo_em_relatorio
OXALIBBS;LIBBS FARMACÊUTICA LTDA;61.230.314/0001-75;918289254;15/07/2025;;2025-07-15;;;novo_em_relatorio
LÂNICO;SUPERA FARMA LABORATÓRIOS S.A;43.312.503/0001-05;251960242;01/03/2024;;2024-03-01;;;novo_em_relatorio
CLORIDRATO DE VENLAFAXINA;SANOFI MEDLEY FARMACÊUTICA LTDA.;10.588.595/0010-92;1219766241;04/09/2024;;2024-09-04;;;novo_em_relatorio
FUROATO DE MOMETASONA;SANOFI MEDLEY FARMACÊUTICA LTDA.;10.588.595/0010-92;1662362242;05/12/2024;;2024-12-05;;;novo_em_relatorio
TADALAFILA;SANOFI MEDLEY FARMACÊUTICA LTDA.;10.588.595/0010-92;1187361241;29/08/2024;;2024-08-29;;;novo_em_relatorio
ezetimiba;Althaia S.A Indústria Farmacêutica;48.344.725/0007-19;779170253;10/06/2025;;2025-06-10;;;novo_em_relatorio
CETOPROFENO;SANOFI MEDLEY FARMACÊUTICA LTDA.;10.588.595/0010-92;1053255250;13/08/2025;;2025-08-13;;;novo_em_relatorio
ATORVASTATINA CALCICA;SANDOZ DO BRASIL INDÚSTRIA FARMACÊUTICA LTDA;61.286.647/0001-16;583502237;07/06/2023;;2023-06-07;;;novo_em_relatorio
CITRATO DE SILDENAFILA;SANOFI MEDLEY FARMACÊUTICA LTDA.;10.588.595/0010-92;841891257;27/06/2025;;2025-06-27;;;novo_em_relatorio
cloridrato de donepezila;UNIÃO QUÍMICA FARMACÊUTICA NACIONAL S/A;60.665.981/0001-18;682858251;21/05/2025;;2025-05-21;;;novo_em_relatorio
CLOMID;SANOFI MEDLEY FARMACÊUTICA LTDA.;10.588.595/0010-92;165511257;06/02/2025;;2025-02-06;;;novo_em_relatorio
Cloridrato de Olopatadina;BRAINFARMA INDÚSTRIA QUÍMICA E FARMACÊUTICA S.A;05.161.069/0001-10;804951183;15/08/2018;;2018-08-15;;;novo_em_relatorio
decitabina;SUN FARMACÊUTICA DO BRASIL LTDA;05.035.244/0001-23;695669257;23/05/2025;;2025-05-23;;;novo_em_relatorio
bosentana;RANBAXY FARMACÊUTICA LTDA;73.663.650/0001-90;555865258;25/04/2025;;2025-04-25;;;novo_em_relatorio
ciprofibrato;GEOLAB INDÚSTRIA FARMACÊUTICA S/A;03.485.572/0001-04;62206231;20/01/2023;;2023-01-20;;;novo_em_relatorio
Azilect;TEVA FARMACÊUTICA LTDA.;05.333.542/0001-08;557215234;31/05/2023;;2023-05-31;;;novo_em_relatorio
pregabalina;SANOFI MEDLEY FARMACÊUTICA LTDA.;10.588.595/0010-92;281076251;27/02/2025;;2025-02-27;;;novo_em_relatorio
METICORTEN;ORGANON FARMACÊUTICA LTDA.;45.987.013/0001-34;997333235;19/09/2023;;2023-09-19;;;novo_em_relatorio
CLOTRIMAZOL;SANOFI MEDLEY FARMACÊUTICA LTDA.;10.588.595/0010-92;162869258;05/02/2025;;2025-02-05;;;novo_em_relatorio
ALPROXY;OPEM REPRESENTAÇÃO IMPORTADORA EXPORTADORA E DISTRIBUIDORA LTDA;38.909.503/0001-57;738380253;30/05/2025;;2025-05-30;;;novo_em_relatorio
FUROATO DE MOMETASONA;SANOFI MEDLEY FARMACÊUTICA LTDA.;10.588.595/0010-92;1670660249;06/12/2024;;2024-12-06;;;novo_em_relatorio
TRAVOPROSTA;LABORATÓRIO TEUTO BRASILEIRO S/A;17.159.229/0001-76;645318256;13/05/2025;;2025-05-13;;;novo_em_relatorio
KOLLAGENASE;CRISTÁLIA PRODUTOS QUÍMICOS FARMACÊUTICOS LTDA.;44.734.671/0001-51;443510253;01/04/2025;;2025-04-01;;;novo_em_relatorio
PRAVASTATINA SÓDICA;SANOFI MEDLEY FARMACÊUTICA LTDA.;10.588.595/0010-92;269402250;26/02/2025;;2025-02-26;;;novo_em_relatorio
ATORVASTATINA CALCICA;SANOFI MEDLEY FARMACÊUTICA LTDA.;10.588.595/0010-92;658509250;15/05/2025;;2025-05-15;;;novo_em_relatorio
QUET XR;EUROFARMA LABORATÓRIOS S.A.;61.190.096/0001-92;423646231;27/04/2023;;2023-04-27;;;novo_em_relatorio
TADALAFILA;SANOFI MEDLEY FARMACÊUTICA LTDA.;10.588.595/0010-92;1187464244;29/08/2024;;2024-08-29;;;novo_em_relatorio
cloridrato de fluoxetina;SANOFI MEDLEY FARMACÊUTICA LTDA.;10.588.595/0010-92;804286256;16/06/2025;;2025-06-16;;;novo_em_relatorio
SOVALDI;GILEAD SCIENCES FARMACEUTICA DO BRASIL LTDA;15.670.288/0001-89;1256318248;12/09/2024;;2024-09-12;;;novo_em_relatorio
LOREDON;TORRENT DO BRASIL LTDA;33.078.528/0001-32;324897251;10/03/2025;;2025-03-10;;;novo_em_relatorio
cloridrato de pioglitazona;LABORATÓRIO GLOBO SA;17.115.437/0001-73;1153554259;28/08/2025;;2025-08-28;;;novo_em_relatorio
MALEATO DE ENALAPRIL;VITAMEDIC INDUSTRIA FARMACEUTICA LTDA;30.222.814/0001-31;986941255;30/07/2025;;2025-07-30;;;novo_em_relatorio
Valproato de sódio;PRATI DONADUZZI & CIA LTDA;73.856.593/0001-66;1482005239;28/12/2023;;2023-12-28;;;novo_em_relatorio
AZITROMICINA DIIDRATADA;SANOFI MEDLEY FARMACÊUTICA LTDA.;10.588.595/0010-92;1001124243;23/07/2024;;2024-07-23;;;novo_em_relatorio
BROMOPRIDA;SANOFI MEDLEY FARMACÊUTICA LTDA.;10.588.595/0010-92;1181330254;05/09/2025;;2025-09-05;;;novo_em_relatorio
acetato de clormadinona + etinilestradiol;EUROFARMA LABORATÓRIOS S.A.;61.190.096/0001-92;1078564256;14/08/2025;;2025-08-14;;;novo_em_relatorio
ATORVASTATINA CÁLCICA;EUROFARMA LABORATÓRIOS S.A.;61.190.096/0001-92;712703250;27/05/2025;;2025-05-27;;;novo_em_relatorio
BIO MANGUINHOS INFLIXIMABE;FUNDAÇÃO OSWALDO CRUZ;33.781.055/0001-35;1356027245;02/10/2024;;2024-10-02;;;novo_em_relatorio
ULTIBRO;NOVARTIS BIOCIENCIAS S.A;56.994.502/0001-30;1161840249;23/08/2024;;2024-08-23;;;novo_em_relatorio
oxaliplatina;LABORATÓRIO QUÍMICO FARMACÊUTICO BERGAMO LTDA;61.282.661/0001-41;647407248;15/05/2024;;2024-05-15;;;novo_em_relatorio
FLUCONAZOL;SANOFI MEDLEY FARMACÊUTICA LTDA.;10.588.595/0010-92;1529408245;06/11/2024;;2024-11-06;;;novo_em_relatorio
hidroclorotiazida;LABORATÓRIO TEUTO BRASILEIRO S/A;17.159.229/0001-76;839306253;26/06/2025;;2025-06-26;;;novo_em_relatorio
CIPROFLOXATRIN;LABORATÓRIO GLOBO SA;17.115.437/0001-73;242206255;20/02/2025;;2025-02-20;;;novo_em_relatorio
pantoprazol sódico;BRAINFARMA INDÚSTRIA QUÍMICA E FARMACÊUTICA S.A;05.161.069/0001-10;581740254;30/04/2025;;2025-04-30;;;novo_em_relatorio
CLORIDRATO DE PALONOSETRONA;ACCORD FARMACÊUTICA LTDA;64.171.697/0001-46;1059083230;04/10/2023;;2023-10-04;;;novo_em_relatorio
acetato de clormadinona + etinilestradiol;EMS S/A;57.507.378/0003-65;1164361252;01/09/2025;;2025-09-01;;;novo_em_relatorio
Dorilax DT;ACHÉ LABORATÓRIOS FARMACÊUTICOS S.A;60.659.463/0029-92;4081718201;19/11/2020;;2020-11-19;;;novo_em_relatorio
cloridrato de trazodona;EMS S/A;57.507.378/0003-65;1021041254;08/08/2025;;2025-08-08;;;novo_em_relatorio
FURP-BENZILPENICILINA BENZATINA;FUNDAÇÃO PARA O REMÉDIO POPULAR - FURP;43.640.754/0001-19;364690259;18/03/2025;;2025-03-18;;;novo_em_relatorio
OMEPRAZOL;SANOFI MEDLEY FARMACÊUTICA LTDA.;10.588.595/0010-92;728124254;29/05/2025;;2025-05-29;;;novo_em_relatorio
TRAVOPROSTA;SANOFI MEDLEY FARMACÊUTICA LTDA.;10.588.595/0010-92;1736410245;19/12/2024;;2024-12-19;;;novo_em_relatorio
besilato de anlodipino;SANOFI MEDLEY FARMACÊUTICA LTDA.;10.588.595/0010-92;1153917246;22/08/2024;;2024-08-22;;;novo_em_relatorio
EZETIMIBA+SINVASTATINA;LEGRAND PHARMA INDÚSTRIA FARMACÊUTICA LTDA;05.044.984/0001-26;897296257;08/07/2025;;2025-07-08;;;novo_em_relatorio
ZINPASS;SANOFI MEDLEY FARMACÊUTICA LTDA.;10.588.595/0010-92;1162986255;01/09/2025;;2025-09-01;;;novo_em_relatorio
ARCALION;LABORATÓRIOS SERVIER DO BRASIL LTDA;42.374.207/0001-76;91668247;24/01/2024;;2024-01-24;;;novo_em_relatorio
LIDOSPORIN;FARMOQUÍMICA S/A;33.349.473/0001-58;1346740241;01/10/2024;;2024-10-01;;;novo_em_relatorio
losartana potássica + hidroclorotiazida;GEOLAB INDÚSTRIA FARMACÊUTICA S/A;03.485.572/0001-04;1208338251;11/09/2025;;2025-09-11;;;novo_em_relatorio
CLONAZEPAM;PHARLAB INDÚSTRIA FARMACÊUTICA S.A.;02.501.297/0001-02;732928257;29/05/2025;;2025-05-29;;;novo_em_relatorio
Alprazolam;SANOFI MEDLEY FARMACÊUTICA LTDA.;10.588.595/0010-92;1226955240;05/09/2024;;2024-09-05;;;novo_em_relatorio
LOSARTANA POTÁSSICA + HIDROCLOROTIAZIDA;LEGRAND PHARMA INDÚSTRIA FARMACÊUTICA LTDA;05.044.984/0001-26;1148910255;27/08/2025;;2025-08-27;;;novo_em_relatorio
LINEZOLIDA;BEKER PRODUTOS FÁRMACO HOSPITALARES LTDA;47.231.121/0001-08;525772251;17/04/2025;;2025-04-17;;;novo_em_relatorio
EZETIMIBA+SINVASTATINA;GERMED FARMACEUTICA LTDA;45.992.062/0001-65;897052251;08/07/2025;;2025-07-08;;;novo_em_relatorio
CICLOPIROX OLAMINA;SANOFI MEDLEY FARMACÊUTICA LTDA.;10.588.595/0010-92;276985257;27/02/2025;;2025-02-27;;;novo_em_relatorio
ATENOLOL;SANOFI MEDLEY FARMACÊUTICA LTDA.;10.588.595/0010-92;578474255;29/04/2025;;2025-04-29;;;novo_em_relatorio
DIAZEPAM;PHARLAB INDÚSTRIA FARMACÊUTICA S.A.;02.501.297/0001-02;1132421250;22/08/2025;;2025-08-22;;;novo_em_relatorio
sinvastatina;FUNDAÇÃO PARA O REMÉDIO POPULAR - FURP;43.640.754/0001-19;1630328178;04/08/2017;;2017-08-04;;;novo_em_relatorio
COLLECTRO;VIATRIS FARMACEUTICA DO BRASIL LTDA;11.643.096/0001-22;1444740211;15/04/2021;;2021-04-15;;;novo_em_relatorio
CITRATO DE SILDENAFILA;PRATI DONADUZZI & CIA LTDA;73.856.593/0001-66;1710673249;13/12/2024;;2024-12-13;;;novo_em_relatorio
olmesartana medoxomila;EUROFARMA LABORATÓRIOS S.A.;61.190.096/0001-92;1157671250;29/08/2025;;2025-08-29;;;novo_em_relatorio
PROTTON;ACCORD FARMACÊUTICA LTDA;64.171.697/0001-46;1314094219;06/04/2021;;2021-04-06;;;novo_em_relatorio
Pyloripac Retrat;SANOFI MEDLEY FARMACÊUTICA LTDA.;10.588.595/0010-92;1172946256;03/09/2025;;2025-09-03;;;novo_em_relatorio
TEMOLIDA;LABORATÓRIO QUÍMICO FARMACÊUTICO BERGAMO LTDA;61.282.661/0001-41;111390231;02/02/2023;;2023-02-02;;;novo_em_relatorio
BISSULFATO DE CLOPIDOGREL;SANOFI MEDLEY FARMACÊUTICA LTDA.;10.588.595/0010-92;63249251;16/01/2025;;2025-01-16;;;novo_em_relatorio
INFLALID;LEGRAND PHARMA INDÚSTRIA FARMACÊUTICA LTDA;05.044.984/0001-26;756327253;04/06/2025;;2025-06-04;;;novo_em_relatorio
NITRATO DE BUTOCONAZOL;BRAINFARMA INDÚSTRIA QUÍMICA E FARMACÊUTICA S.A;05.161.069/0001-10;447440241;09/04/2024;;2024-04-09;;;novo_em_relatorio
EBATZ;LIBBS FARMACÊUTICA LTDA;61.230.314/0001-75;1194520251;09/09/2025;;2025-09-09;;;novo_em_relatorio
midazolam;LABORATÓRIO TEUTO BRASILEIRO S/A;17.159.229/0001-76;1189771241;29/08/2024;;2024-08-29;;;novo_em_relatorio
colistimetato de sódio;ANTIBIÓTICOS DO BRASIL LTDA;05.439.635/0001-03;4467602224;28/07/2022;;2022-07-28;;;novo_em_relatorio
LAMOTRIGINA;SANOFI MEDLEY FARMACÊUTICA LTDA.;10.588.595/0010-92;892700254;08/07/2025;;2025-07-08;;;novo_em_relatorio
ATENOLOL + CLORTALIDONA;SANOFI MEDLEY FARMACÊUTICA LTDA.;10.588.595/0010-92;623401258;08/05/2025;;2025-05-08;;;novo_em_relatorio
NITRATO DE MICONAZOL;BLISFARMA INDÚSTRIA FARMACÊUTICA LTDA - ME;03.108.098/0001-93;114041198;06/02/2019;;2019-02-06;;;novo_em_relatorio
ramipril;SANOFI MEDLEY FARMACÊUTICA LTDA.;10.588.595/0010-92;810536251;17/06/2025;;2025-06-17;;;novo_em_relatorio
FARMANGUINHOS ISONIAZIDA + RIFAMPICINA;FUNDAÇÃO OSWALDO CRUZ;33.781.055/0001-35;332429245;18/03/2024;;2024-03-18;;;novo_em_relatorio
QUETIPIN SO;CRISTÁLIA PRODUTOS QUÍMICOS FARMACÊUTICOS LTDA.;44.734.671/0001-51;185940251;10/02/2025;;2025-02-10;;;novo_em_relatorio
PANTOPRAZOL;LABORATÓRIO TEUTO BRASILEIRO S/A;17.159.229/0001-76;4869725223;26/10/2022;;2022-10-26;;;novo_em_relatorio
SIMBRINZA;NOVARTIS BIOCIENCIAS S.A;56.994.502/0001-30;809998246;17/06/2024;;2024-06-17;;;novo_em_relatorio
AXETILCEFUROXIMA;RANBAXY FARMACÊUTICA LTDA;73.663.650/0001-90;954891244;12/07/2024;;2024-07-12;;;novo_em_relatorio
QUEROPAX;EMS SIGMA PHARMA LTDA;00.923.140/0001-31;1007010258;05/08/2025;;2025-08-05;;;novo_em_relatorio
DESALEX D12;ORGANON FARMACÊUTICA LTDA.;45.987.013/0001-34;664758258;16/05/2025;;2025-05-16;;;novo_em_relatorio
ENTYVIO;TAKEDA PHARMA LTDA.;60.397.775/0001-74;1122618255;20/08/2025;;2025-08-20;;;novo_em_relatorio
RESPIRATUS;SANOFI MEDLEY FARMACÊUTICA LTDA.;10.588.595/0010-92;1209123240;03/09/2024;;2024-09-03;;;novo_em_relatorio
Acido Mefenamico;SANOFI MEDLEY FARMACÊUTICA LTDA.;10.588.595/0010-92;788511246;12/06/2024;;2024-06-12;;;novo_em_relatorio
GENFIBROZILA;SANOFI MEDLEY FARMACÊUTICA LTDA.;10.588.595/0010-92;1514945240;04/11/2024;;2024-11-04;;;novo_em_relatorio
CLORIDRATO DE PAROXETINA;SANOFI MEDLEY FARMACÊUTICA LTDA.;10.588.595/0010-92;535656254;22/04/2025;;2025-04-22;;;novo_em_relatorio
colchicina;MULTILAB INDUSTRIA E COMERCIO DE PRODUTOS FARMACEUTICOS LTDA;92.265.552/0009-05;1593992246;21/11/2024;;2024-11-21;;;novo_em_relatorio
RESTIVA;MUNDIPHARMA BRASIL PRODUTOS MÉDICOS E FARMACÊUTICOS LTDA;15.127.898/0001-30;777723255;10/06/2025;;2025-06-10;;;novo_em_relatorio
BROMIDRATO DE GALANTAMINA;EMS S/A;57.507.378/0003-65;814996256;18/06/2025;;2025-06-18;;;novo_em_relatorio
FIBROGAMMIN P;CSL BEHRING COMÉRCIO DE PRODUTOS FARMACÊUTICOS LTDA;62.969.589/0001-98;1723215244;17/12/2024;;2024-12-17;;;novo_em_relatorio
drospirenona + etinilestradiol;LEGRAND PHARMA INDÚSTRIA FARMACÊUTICA LTDA;05.044.984/0001-26;931522251;17/07/2025;;2025-07-17;;;novo_em_relatorio
Empliciti;BRISTOL-MYERS SQUIBB FARMACÊUTICA LTDA;56.998.982/0001-07;1478392240;28/10/2024;;2024-10-28;;;novo_em_relatorio
paracetamol + fosfato de codeína;EUROFARMA LABORATÓRIOS S.A.;61.190.096/0001-92;1068245239;06/10/2023;;2023-10-06;;;novo_em_relatorio
sulfato de polimixina B;OPEM REPRESENTAÇÃO IMPORTADORA EXPORTADORA E DISTRIBUIDORA LTDA;38.909.503/0001-57;848512157;23/09/2015;;2015-09-23;;;novo_em_relatorio
AZITROMICINA;MEDQUIMICA INDUSTRIA FARMACEUTICA LTDA.;17.875.154/0001-20;1286815240;18/09/2024;;2024-09-18;;;novo_em_relatorio
Lamotrigina;INSTITUTO BIOCHIMICO INDÚSTRIA FARMACÊUTICA LTDA;33.258.401/0001-03;848138252;28/06/2025;;2025-06-28;;;novo_em_relatorio
POLICLAVUMOXIL;EMS S/A;57.507.378/0003-65;1118381254;19/08/2025;;2025-08-19;;;novo_em_relatorio
dicloridrato de trimetazidina;EMS S/A;57.507.378/0003-65;1722297247;17/12/2024;;2024-12-17;;;novo_em_relatorio
GIOTRIF;BOEHRINGER INGELHEIM DO BRASIL QUÍMICA E FARMACÊUTICA LTDA.;60.831.658/0001-77;1435152247;18/10/2024;;2024-10-18;;;novo_em_relatorio
OLANZAPINA;GEOLAB INDÚSTRIA FARMACÊUTICA S/A;03.485.572/0001-04;4996867221;30/11/2022;;2022-11-30;;;novo_em_relatorio
FUROSEMIDA;SANTISA LABORATÓRIO FARMACÊUTICO S/A;04.099.395/0001-82;1548934241;11/11/2024;;2024-11-11;;;novo_em_relatorio
CLORIDRATO DE GENCITABINA;ZYDUS NIKKHO FARMACÊUTICA LTDA;05.254.971/0001-81;749402253;03/06/2025;;2025-06-03;;;novo_em_relatorio
finasterida;LEGRAND PHARMA INDÚSTRIA FARMACÊUTICA LTDA;05.044.984/0001-26;653173253;14/05/2025;;2025-05-14;;;novo_em_relatorio
SCAFLOGIN;LABORATÓRIO GLOBO SA;17.115.437/0001-73;753383250;04/06/2025;;2025-06-04;;;novo_em_relatorio
OFEV;BOEHRINGER INGELHEIM DO BRASIL QUÍMICA E FARMACÊUTICA LTDA.;60.831.658/0001-77;1693527243;11/12/2024;;2024-12-11;;;novo_em_relatorio
RESMINOLIV;LABORATÓRIO TEUTO BRASILEIRO S/A;17.159.229/0001-76;1554084217;23/04/2021;;2021-04-23;;;novo_em_relatorio
ARIPIPRAZOL;SANDOZ DO BRASIL INDÚSTRIA FARMACÊUTICA LTDA;61.286.647/0001-16;994910231;19/09/2023;;2023-09-19;;;novo_em_relatorio
BUDESONIDA;EMS S/A;57.507.378/0003-65;1715054245;16/12/2024;;2024-12-16;;;novo_em_relatorio
CAPS-IPEN;COMISSAO NACIONAL DE ENERGIA NUCLEAR;00.402.552/0001-26;1056759232;04/10/2023;;2023-10-04;;;novo_em_relatorio
hemifumarato de quetiapina;GERMED FARMACEUTICA LTDA;45.992.062/0001-65;1004315252;04/08/2025;;2025-08-04;;;novo_em_relatorio
PREBICTAL;ADIUM S.A.;55.980.684/0001-27;553409247;26/04/2024;;2024-04-26;;;novo_em_relatorio
PACO;EUROFARMA LABORATÓRIOS S.A.;61.190.096/0001-92;1068256231;06/10/2023;;2023-10-06;;;novo_em_relatorio
PLAVINEO;BRAINFARMA INDÚSTRIA QUÍMICA E FARMACÊUTICA S.A;05.161.069/0001-10;1010368257;06/08/2025;;2025-08-06;;;novo_em_relatorio
CETOCORT-N;LABORATÓRIO TEUTO BRASILEIRO S/A;17.159.229/0001-76;645288250;13/05/2025;;2025-05-13;;;novo_em_relatorio
LETROZOL;ZYDUS NIKKHO FARMACÊUTICA LTDA;05.254.971/0001-81;185788254;10/02/2025;;2025-02-10;;;novo_em_relatorio
finasterida;GERMED FARMACEUTICA LTDA;45.992.062/0001-65;630264252;09/05/2025;;2025-05-09;;;novo_em_relatorio
BETRAT;MYRALIS INDÚSTRIA FARMACÊUTICA LTDA;17.440.261/0001-25;1477014241;28/10/2024;;2024-10-28;;;novo_em_relatorio
ENEMA JP;JP INDUSTRIA FARMACEUTICA S/A;55.972.087/0001-50;897329252;08/07/2025;;2025-07-08;;;novo_em_relatorio
LESTALGYN;LABORATÓRIO TEUTO BRASILEIRO S/A;17.159.229/0001-76;590738259;01/05/2025;;2025-05-01;;;novo_em_relatorio
CLORIDRATO DE PROPAFENONA;PRATI DONADUZZI & CIA LTDA;73.856.593/0001-66;680355251;21/05/2025;;2025-05-21;;;novo_em_relatorio
BRITENS;UNIÃO QUÍMICA FARMACÊUTICA NACIONAL S/A;60.665.981/0001-18;1261065247;13/09/2024;;2024-09-13;;;novo_em_relatorio
LATONAN;EMS S/A;57.507.378/0003-65;935114254;18/07/2025;;2025-07-18;;;novo_em_relatorio
finasterida;GERMED FARMACEUTICA LTDA;45.992.062/0001-65;1263920241;13/09/2024;;2024-09-13;;;novo_em_relatorio
cloridrato de ropivacaína;LABORATÓRIO TEUTO BRASILEIRO S/A;17.159.229/0001-76;1118237251;19/08/2025;;2025-08-19;;;novo_em_relatorio
MIRENA;BAYER S.A.;18.459.628/0001-15;864821255;02/07/2025;;2025-07-02;;;novo_em_relatorio
RUBENTI;ABBOTT LABORATÓRIOS DO BRASIL LTDA;56.998.701/0001-16;244702250;20/02/2025;;2025-02-20;;;novo_em_relatorio
PREVIPRESS;LEGRAND PHARMA INDÚSTRIA FARMACÊUTICA LTDA;05.044.984/0001-26;1169033253;02/09/2025;;2025-09-02;;;novo_em_relatorio
NEULASTIM;AMGEN BIOTECNOLOGIA DO BRASIL LTDA.;18.774.815/0001-93;1718270241;16/12/2024;;2024-12-16;;;novo_em_relatorio
dicloridrato de betaistina;GEOLAB INDÚSTRIA FARMACÊUTICA S/A;03.485.572/0001-04;1054929254;13/08/2025;;2025-08-13;;;novo_em_relatorio
CEFALOTINA SODICA;INSTITUTO BIOCHIMICO INDÚSTRIA FARMACÊUTICA LTDA;33.258.401/0001-03;867351250;02/07/2025;;2025-07-02;;;novo_em_relatorio
clortalidona;GERMED FARMACEUTICA LTDA;45.992.062/0001-65;975909258;28/07/2025;;2025-07-28;;;novo_em_relatorio
loratadina;CIMED INDUSTRIA S.A;02.814.497/0001-07;1587097249;19/11/2024;;2024-11-19;;;novo_em_relatorio
OMEPRAZOL;CIFARMA CIENTÍFICA FARMACÊUTICA LTDA;17.562.075/0001-69;334083249;18/03/2024;;2024-03-18;;;novo_em_relatorio
gliclazida;TORRENT DO BRASIL LTDA;33.078.528/0001-32;922249245;05/07/2024;;2024-07-05;;;novo_em_relatorio
ALBENTEL;LABORATÓRIO TEUTO BRASILEIRO S/A;17.159.229/0001-76;672857235;30/06/2023;;2023-06-30;;;novo_em_relatorio
cloridrato de metformina;GERMED FARMACEUTICA LTDA;45.992.062/0001-65;1182581251;05/09/2025;;2025-09-05;;;novo_em_relatorio
PONSDRIL;LEGRAND PHARMA INDÚSTRIA FARMACÊUTICA LTDA;05.044.984/0001-26;1112059245;14/08/2024;;2024-08-14;;;novo_em_relatorio
GLIMATIN;EMS S/A;57.507.378/0003-65;115794255;27/01/2025;;2025-01-27;;;novo_em_relatorio
EGROTIB®;DR. REDDYS FARMACÊUTICA DO BRASIL LTDA;03.978.166/0001-75;809503255;17/06/2025;;2025-06-17;;;novo_em_relatorio
OPIVAC;LABORATÓRIO TEUTO BRASILEIRO S/A;17.159.229/0001-76;680032231;03/07/2023;;2023-07-03;;;novo_em_relatorio
METRONIDAZOL;ANTIBIÓTICOS DO BRASIL LTDA;05.439.635/0001-03;236995251;19/02/2025;;2025-02-19;;;novo_em_relatorio
PANTOPRAZOL;CIMED INDUSTRIA S.A;02.814.497/0001-07;297604252;05/03/2025;;2025-03-05;;;novo_em_relatorio
MICOFENOLATO DE SODIO;LABORATÓRIO QUÍMICO FARMACÊUTICO DO EXÉRCITO;00.394.452/0001-03;1206102250;11/09/2025;;2025-09-11;;;novo_em_relatorio
DROPY-D;BRAINFARMA INDÚSTRIA QUÍMICA E FARMACÊUTICA S.A;05.161.069/0001-10;1276300239;17/11/2023;;2023-11-17;;;novo_em_relatorio
FLOXICAM;BRAINFARMA INDÚSTRIA QUÍMICA E FARMACÊUTICA S.A;05.161.069/0001-10;4298462226;15/06/2022;;2022-06-15;;;novo_em_relatorio
CLORIDRATO DE CIPROFLOXACINO;EUROFARMA LABORATÓRIOS S.A.;61.190.096/0001-92;150150253;03/02/2025;;2025-02-03;;;novo_em_relatorio
azitromicina di-hidratada;BRAINFARMA INDÚSTRIA QUÍMICA E FARMACÊUTICA S.A;05.161.069/0001-10;1362921246;03/10/2024;;2024-10-03;;;novo_em_relatorio
CLORIDRATO DE FINGOLIMODE;EMS S/A;57.507.378/0003-65;881505242;27/06/2024;;2024-06-27;;;novo_em_relatorio
citrato de sildenafila;LABORATÓRIO FARMACÊUTICO DA MARINHA;00.394.502/0071-57;857314254;30/06/2025;;2025-06-30;;;novo_em_relatorio
GRANULOKINE;AMGEN BIOTECNOLOGIA DO BRASIL LTDA.;18.774.815/0001-93;755656253;04/06/2025;;2025-06-04;;;novo_em_relatorio
ETIRA;ACHÉ LABORATÓRIOS FARMACÊUTICOS S.A;60.659.463/0029-92;1177149257;04/09/2025;;2025-09-04;;;novo_em_relatorio
mesilato de doxazosina;LEGRAND PHARMA INDÚSTRIA FARMACÊUTICA LTDA;05.044.984/0001-26;1001949251;04/08/2025;;2025-08-04;;;novo_em_relatorio
VACINA ADSORVIDA HEPATITE B (RECOMBINANTE);INSTITUTO BUTANTAN;61.821.344/0001-56;101631251;23/01/2025;;2025-01-23;;;novo_em_relatorio
VANISTO;GLAXOSMITHKLINE BRASIL LTDA;33.247.743/0001-10;770646255;09/06/2025;;2025-06-09;;;novo_em_relatorio
OLMESARTANA MEDOXOMILA+BESILATO DE ANLODIPINO;EMS S/A;57.507.378/0003-65;915876256;14/07/2025;;2025-07-14;;;novo_em_relatorio
AMGEVITA;AMGEN BIOTECNOLOGIA DO BRASIL LTDA.;18.774.815/0001-93;140799257;31/01/2025;;2025-01-31;;;novo_em_relatorio
Fiasp;NOVO NORDISK FARMACÊUTICA DO BRASIL LTDA;82.277.955/0001-55;608544256;06/05/2025;;2025-05-06;;;novo_em_relatorio
GLIONIL;BRAINFARMA INDÚSTRIA QUÍMICA E FARMACÊUTICA S.A;05.161.069/0001-10;2668411211;09/07/2021;;2021-07-09;;;novo_em_relatorio
ELÔ;EMS S/A;57.507.378/0003-65;934990239;01/09/2023;;2023-09-01;;;novo_em_relatorio
PROZEN;LABORATÓRIO TEUTO BRASILEIRO S/A;17.159.229/0001-76;2477669222;20/04/2022;;2022-04-20;;;novo_em_relatorio
carbonato de lítio;EUROFARMA LABORATÓRIOS S.A.;61.190.096/0001-92;1490037241;30/10/2024;;2024-10-30;;;novo_em_relatorio
PTZOL;CRISTÁLIA PRODUTOS QUÍMICOS FARMACÊUTICOS LTDA.;44.734.671/0001-51;382701259;21/03/2025;;2025-03-21;;;novo_em_relatorio
HIDROQUINONA;EMS S/A;57.507.378/0003-65;646119257;13/05/2025;;2025-05-13;;;novo_em_relatorio
risperidona;EUROFARMA LABORATÓRIOS S.A.;61.190.096/0001-92;126018251;29/01/2025;;2025-01-29;;;novo_em_relatorio
mesilato de doxazosina;CIMED INDUSTRIA S.A;02.814.497/0001-07;1005969256;05/08/2025;;2025-08-05;;;novo_em_relatorio
succinato de desvenlafaxina monoidratado;SANOFI MEDLEY FARMACÊUTICA LTDA.;10.588.595/0010-92;900237244;02/07/2024;;2024-07-02;;;novo_em_relatorio
EUDOK;UNIÃO QUÍMICA FARMACÊUTICA NACIONAL S/A;60.665.981/0001-18;404275257;25/03/2025;;2025-03-25;;;novo_em_relatorio
OXALIPLATINA;BLAU FARMACÊUTICA S.A.;58.430.828/0001-60;519230256;16/04/2025;;2025-04-16;;;novo_em_relatorio
DIAZEPAM;UNIÃO QUÍMICA FARMACÊUTICA NACIONAL S/A;60.665.981/0001-18;753461251;04/06/2025;;2025-06-04;;;novo_em_relatorio
FENAFLAN;LABORATÓRIO TEUTO BRASILEIRO S/A;17.159.229/0001-76;681846259;21/05/2025;;2025-05-21;;;novo_em_relatorio
POLICLAVUMOXIL BD;EMS S/A;57.507.378/0003-65;1119718252;19/08/2025;;2025-08-19;;;novo_em_relatorio
CEFALOTINA SÓDICA;EUGIA PHARMA INDUSTRIA FARMACEUTICA LTDA;44.639.493/0001-80;950532231;06/09/2023;;2023-09-06;;;novo_em_relatorio
TIN-TEC;COMISSAO NACIONAL DE ENERGIA NUCLEAR;00.402.552/0001-26;1253211230;13/11/2023;;2023-11-13;;;novo_em_relatorio
MONTELUCASTE DE SÓDIO;EMS S/A;57.507.378/0003-65;1149366257;27/08/2025;;2025-08-27;;;novo_em_relatorio
Jakavi;NOVARTIS BIOCIENCIAS S.A;56.994.502/0001-30;939426242;10/07/2024;;2024-07-10;;;novo_em_relatorio
DECIPRAX;COSMED INDUSTRIA DE COSMETICOS E MEDICAMENTOS S.A.;61.082.426/0002-07;771719230;25/07/2023;;2023-07-25;;;novo_em_relatorio
Novoseven;NOVO NORDISK FARMACÊUTICA DO BRASIL LTDA;82.277.955/0001-55;694289256;23/05/2025;;2025-05-23;;;novo_em_relatorio
Glargilin;BIOMM SA;04.752.991/0001-10;985193255;30/07/2025;;2025-07-30;;;novo_em_relatorio
TEFLUT;BLAU FARMACÊUTICA S.A.;58.430.828/0001-60;684527243;22/05/2024;;2024-05-22;;;novo_em_relatorio
PLASMAFUNDIN;LABORATORIOS B. BRAUN S/A;31.673.254/0001-02;1406775231;11/12/2023;;2023-12-11;;;novo_em_relatorio
acetato de clormadinona + etinilestradiol;Althaia S.A Indústria Farmacêutica;48.344.725/0007-19;1126931250;21/08/2025;;2025-08-21;;;novo_em_relatorio
cloridrato de tramadol + paracetamol;EUROFARMA LABORATÓRIOS S.A.;61.190.096/0001-92;896934250;08/07/2025;;2025-07-08;;;novo_em_relatorio
MIELOCADE;LABORATÓRIO QUÍMICO FARMACÊUTICO BERGAMO LTDA;61.282.661/0001-41;1616989246;26/11/2024;;2024-11-26;;;novo_em_relatorio
nitazoxanida;EUROFARMA LABORATÓRIOS S.A.;61.190.096/0001-92;856038245;24/06/2024;;2024-06-24;;;novo_em_relatorio
PRAKALMAR;ASPEN PHARMA INDÚSTRIA FARMACÊUTICA LTDA;02.433.631/0001-20;4791959221;06/10/2022;;2022-10-06;;;novo_em_relatorio
indapamida;TORRENT DO BRASIL LTDA;33.078.528/0001-32;288748247;08/03/2024;;2024-03-08;;;novo_em_relatorio
MIGRAINEX;COSMED INDUSTRIA DE COSMETICOS E MEDICAMENTOS S.A.;61.082.426/0002-07;726164232;14/07/2023;;2023-07-14;;;novo_em_relatorio
LAMOTRIGINA;EUROFARMA LABORATÓRIOS S.A.;61.190.096/0001-92;578888254;29/04/2025;;2025-04-29;;;novo_em_relatorio
PREDSIM;COSMED INDUSTRIA DE COSMETICOS E MEDICAMENTOS S.A.;61.082.426/0002-07;1130473244;19/08/2024;;2024-08-19;;;novo_em_relatorio
cloridrato de paroxetina;UNIÃO QUÍMICA FARMACÊUTICA NACIONAL S/A;60.665.981/0001-18;684600251;21/05/2025;;2025-05-21;;;novo_em_relatorio
FENITAL ORAL;CRISTÁLIA PRODUTOS QUÍMICOS FARMACÊUTICOS LTDA.;44.734.671/0001-51;413864251;26/03/2025;;2025-03-26;;;novo_em_relatorio
BACTERACIN;LABORATÓRIO TEUTO BRASILEIRO S/A;17.159.229/0001-76;1129219241;17/08/2024;;2024-08-17;;;novo_em_relatorio
CELESTONE;COSMED INDUSTRIA DE COSMETICOS E MEDICAMENTOS S.A.;61.082.426/0002-07;1169604251;02/09/2025;;2025-09-02;;;novo_em_relatorio
DEXTAFLAM;MABRA FARMACEUTICA LTDA;09.545.589/0001-88;661763251;16/05/2025;;2025-05-16;;;novo_em_relatorio
Hizentra;CSL BEHRING COMÉRCIO DE PRODUTOS FARMACÊUTICOS LTDA;62.969.589/0001-98;329523252;11/03/2025;;2025-03-11;;;novo_em_relatorio
cloridrato de dexmedetomidina;ANTIBIÓTICOS DO BRASIL LTDA;05.439.635/0001-03;1168546249;26/08/2024;;2024-08-26;;;novo_em_relatorio
ARIPIPRAZOL;UNICHEM FARMACÊUTICA DO BRASIL LTDA;05.399.786/0001-85;677311257;20/05/2025;;2025-05-20;;;novo_em_relatorio
POLICLAVUMOXIL BD;EMS S/A;57.507.378/0003-65;1015933254;07/08/2025;;2025-08-07;;;novo_em_relatorio
DICLORIDRATO DE LEVOCETIRIZINA;EUROFARMA LABORATÓRIOS S.A.;61.190.096/0001-92;1325948241;26/09/2024;;2024-09-26;;;novo_em_relatorio
CLONAZEPAM;EMS S/A;57.507.378/0003-65;943498252;21/07/2025;;2025-07-21;;;novo_em_relatorio
CIMZIA;UCB BIOPHARMA LTDA.;64.711.500/0001-14;1049082249;31/07/2024;;2024-07-31;;;novo_em_relatorio
SAH-TEC;COMISSAO NACIONAL DE ENERGIA NUCLEAR;00.402.552/0001-26;1253174237;13/11/2023;;2023-11-13;;;novo_em_relatorio
ÁGUA PARA INJEÇÃO;HALEX ISTAR INDÚSTRIA FARMACÊUTICA SA;01.571.702/0001-98;1128228254;21/08/2025;;2025-08-21;;;novo_em_relatorio
RPHRENO;MJM PRODUTOS FARMACEUTICOS E DE RADIOPROTECAO S.A.;04.891.262/0001-44;1340054248;30/09/2024;;2024-09-30;;;novo_em_relatorio
ciprofibrato;CIMED INDUSTRIA S.A;02.814.497/0001-07;257541250;24/02/2025;;2025-02-24;;;novo_em_relatorio
cloridrato de fluoxetina;EUROFARMA LABORATÓRIOS S.A.;61.190.096/0001-92;797856251;13/06/2025;;2025-06-13;;;novo_em_relatorio
entricitabina + fumarato de tenofovir desoproxila;FUNDAÇÃO OSWALDO CRUZ;33.781.055/0001-35;325858241;15/03/2024;;2024-03-15;;;novo_em_relatorio
LORADINE D;LABORATÓRIO TEUTO BRASILEIRO S/A;17.159.229/0001-76;843585242;20/06/2024;;2024-06-20;;;novo_em_relatorio
TEUTOZOL;LABORATÓRIO TEUTO BRASILEIRO S/A;17.159.229/0001-76;855942258;30/06/2025;;2025-06-30;;;novo_em_relatorio
DORONA CAFI;BRAINFARMA INDÚSTRIA QUÍMICA E FARMACÊUTICA S.A;05.161.069/0001-10;5032726222;08/12/2022;;2022-12-08;;;novo_em_relatorio
DMSA-TEC;COMISSAO NACIONAL DE ENERGIA NUCLEAR;00.402.552/0001-26;1252910231;13/11/2023;;2023-11-13;;;novo_em_relatorio
GAL-IPEN;COMISSAO NACIONAL DE ENERGIA NUCLEAR;00.402.552/0001-26;1056824239;04/10/2023;;2023-10-04;;;novo_em_relatorio
VORI;CRISTÁLIA PRODUTOS QUÍMICOS FARMACÊUTICOS LTDA.;44.734.671/0001-51;1179603257;04/09/2025;;2025-09-04;;;novo_em_relatorio
CLORIDRATO DE SERTRALINA;CIMED INDUSTRIA S.A;02.814.497/0001-07;525646256;17/04/2025;;2025-04-17;;;novo_em_relatorio
IOD-IPEN-131;COMISSAO NACIONAL DE ENERGIA NUCLEAR;00.402.552/0001-26;1064013236;05/10/2023;;2023-10-05;;;novo_em_relatorio
rosuvastatina calcica;ACCORD FARMACÊUTICA LTDA;64.171.697/0001-46;1163023248;23/08/2024;;2024-08-23;;;novo_em_relatorio
MECICLIN;GERMED FARMACEUTICA LTDA;45.992.062/0001-65;732324254;29/05/2025;;2025-05-29;;;novo_em_relatorio
OXIMAX;COSMED INDUSTRIA DE COSMETICOS E MEDICAMENTOS S.A.;61.082.426/0002-07;901079251;09/07/2025;;2025-07-09;;;novo_em_relatorio
cloridrato de venlafaxina;TORRENT DO BRASIL LTDA;33.078.528/0001-32;1501933248;31/10/2024;;2024-10-31;;;novo_em_relatorio
NUCALA;GLAXOSMITHKLINE BRASIL LTDA;33.247.743/0001-10;969708238;13/09/2023;;2023-09-13;;;novo_em_relatorio
losartana potássica;LABORATÓRIO GLOBO SA;17.115.437/0001-73;787164259;11/06/2025;;2025-06-11;;;novo_em_relatorio
POLICLAVUMOXIL;EMS S/A;57.507.378/0003-65;1013083253;06/08/2025;;2025-08-06;;;novo_em_relatorio
DISI-TEC;COMISSAO NACIONAL DE ENERGIA NUCLEAR;00.402.552/0001-26;1252892233;13/11/2023;;2023-11-13;;;novo_em_relatorio
DOXANEO;BRAINFARMA INDÚSTRIA QUÍMICA E FARMACÊUTICA S.A;05.161.069/0001-10;2135722216;02/06/2021;;2021-06-02;;;novo_em_relatorio
divalproato de sódio;ABBOTT LABORATÓRIOS DO BRASIL LTDA;56.998.701/0001-16;1723260240;17/12/2024;;2024-12-17;;;novo_em_relatorio
DIPROPIONATO DE BETAMETASONA + FOSFATO DISSÓDICO DE BETAMETASONA;EUROFARMA LABORATÓRIOS S.A.;61.190.096/0001-92;574994238;06/06/2023;;2023-06-06;;;novo_em_relatorio
CELESTAMINE;COSMED INDUSTRIA DE COSMETICOS E MEDICAMENTOS S.A.;61.082.426/0002-07;377233242;26/03/2024;;2024-03-26;;;novo_em_relatorio
GYNPRO;EXELTIS LABORATORIO FARMACEUTICO LTDA;19.136.432/0001-52;666222258;16/05/2025;;2025-05-16;;;novo_em_relatorio
Quenzor;LIBBS FARMACÊUTICA LTDA;61.230.314/0001-75;687508258;22/05/2025;;2025-05-22;;;novo_em_relatorio
STIVARGA;BAYER S.A.;18.459.628/0001-15;787468258;11/06/2025;;2025-06-11;;;novo_em_relatorio
ROXFLAN;MERCK S/A;33.069.212/0001-84;446372251;01/04/2025;;2025-04-01;;;novo_em_relatorio
VACINA MENINGOCÓCICA ACWY (CONJUGADA);FUNDAÇÃO OSWALDO CRUZ;33.781.055/0001-35;704691248;27/05/2024;;2024-05-27;;;novo_em_relatorio
AZTREONAM;INSTITUTO BIOCHIMICO INDÚSTRIA FARMACÊUTICA LTDA;33.258.401/0001-03;849386250;28/06/2025;;2025-06-28;;;novo_em_relatorio
AFRAT;CRISTÁLIA PRODUTOS QUÍMICOS FARMACÊUTICOS LTDA.;44.734.671/0001-51;492692254;10/04/2025;;2025-04-10;;;novo_em_relatorio
CLORIDRATO DE SOTALOL;BRAINFARMA INDÚSTRIA QUÍMICA E FARMACÊUTICA S.A;05.161.069/0001-10;304885231;27/03/2023;;2023-03-27;;;novo_em_relatorio
EMPROL XR;ACCORD FARMACÊUTICA LTDA;64.171.697/0001-46;27126242;09/01/2024;;2024-01-09;;;novo_em_relatorio
SINVASTATINA;PHARLAB INDÚSTRIA FARMACÊUTICA S.A.;02.501.297/0001-02;537921257;22/04/2025;;2025-04-22;;;novo_em_relatorio
WILATE;OCTAPHARMA BRASIL LTDA;02.552.927/0001-60;232636231;08/03/2023;;2023-03-08;;;novo_em_relatorio
TADALAFILA;LEGRAND PHARMA INDÚSTRIA FARMACÊUTICA LTDA;05.044.984/0001-26;71059253;17/01/2025;;2025-01-17;;;novo_em_relatorio
cloridrato de amitriptilina;GERMED FARMACEUTICA LTDA;45.992.062/0001-65;991692250;31/07/2025;;2025-07-31;;;novo_em_relatorio
AZOX;EUROFARMA LABORATÓRIOS S.A.;61.190.096/0001-92;856058246;24/06/2024;;2024-06-24;;;novo_em_relatorio
ZONOVATE;NOVO NORDISK FARMACÊUTICA DO BRASIL LTDA;82.277.955/0001-55;491111258;09/04/2025;;2025-04-09;;;novo_em_relatorio
besilato de anlodipino;SANDOZ DO BRASIL INDÚSTRIA FARMACÊUTICA LTDA;61.286.647/0001-16;667735259;16/05/2025;;2025-05-16;;;novo_em_relatorio
candesartana cilexetila;PRATI DONADUZZI & CIA LTDA;73.856.593/0001-66;905205251;10/07/2025;;2025-07-10;;;novo_em_relatorio
Abelcet;TEVA FARMACÊUTICA LTDA.;05.333.542/0001-08;631795243;13/05/2024;;2024-05-13;;;novo_em_relatorio
hemifumarato de quetiapina;EUROFARMA LABORATÓRIOS S.A.;61.190.096/0001-92;1207176257;11/09/2025;;2025-09-11;;;novo_em_relatorio
glimepirida;GERMED FARMACEUTICA LTDA;45.992.062/0001-65;845264231;11/08/2023;;2023-08-11;;;novo_em_relatorio
TIBIAL;BRAINFARMA INDÚSTRIA QUÍMICA E FARMACÊUTICA S.A;05.161.069/0001-10;1155437250;28/08/2025;;2025-08-28;;;novo_em_relatorio
XOFIGO;BAYER S.A.;18.459.628/0001-15;742042235;18/07/2023;;2023-07-18;;;novo_em_relatorio
MALEATO DE ENALAPRIL;HIPOLABOR FARMACEUTICA LTDA;19.570.720/0001-10;1635046246;29/11/2024;;2024-11-29;;;novo_em_relatorio
CLORIDRATO DE CINACALCETE;DR. REDDYS FARMACÊUTICA DO BRASIL LTDA;03.978.166/0001-75;4841941223;19/10/2022;;2022-10-19;;;novo_em_relatorio
aciclovir;CIMED INDUSTRIA S.A;02.814.497/0001-07;1659365244;04/12/2024;;2024-12-04;;;novo_em_relatorio
cloridrato de nebivolol;LABORATÓRIO TEUTO BRASILEIRO S/A;17.159.229/0001-76;1279581247;17/09/2024;;2024-09-17;;;novo_em_relatorio
ZYAD;ACHÉ LABORATÓRIOS FARMACÊUTICOS S.A;60.659.463/0029-92;49251244;15/01/2024;;2024-01-15;;;novo_em_relatorio
ALIVIUM;COSMED INDUSTRIA DE COSMETICOS E MEDICAMENTOS S.A.;61.082.426/0002-07;1121414249;15/08/2024;;2024-08-15;;;novo_em_relatorio
EPICITRIN;BRAINFARMA INDÚSTRIA QUÍMICA E FARMACÊUTICA S.A;05.161.069/0001-10;1386259241;09/10/2024;;2024-10-09;;;novo_em_relatorio
indapamida;GEOLAB INDÚSTRIA FARMACÊUTICA S/A;03.485.572/0001-04;1168899257;02/09/2025;;2025-09-02;;;novo_em_relatorio
FDG;VILLAS BOAS RADIOFÁRMACOS BRASIL S/A;08.944.601/0001-64;60384239;19/01/2023;;2023-01-19;;;novo_em_relatorio
secnidazol;SANDOZ DO BRASIL INDÚSTRIA FARMACÊUTICA LTDA;61.286.647/0001-16;3077009218;06/08/2021;;2021-08-06;;;novo_em_relatorio
omeprazol;CIMED INDUSTRIA S.A;02.814.497/0001-07;1159175250;29/08/2025;;2025-08-29;;;novo_em_relatorio
GLIMEPIRIDA;EUROFARMA LABORATÓRIOS S.A.;61.190.096/0001-92;1469190249;25/10/2024;;2024-10-25;;;novo_em_relatorio
cloridrato de dobutamina;ANTIBIÓTICOS DO BRASIL LTDA;05.439.635/0001-03;708093210;22/02/2021;;2021-02-22;;;novo_em_relatorio
ASTRO;EUROFARMA LABORATÓRIOS S.A.;61.190.096/0001-92;943933251;21/07/2025;;2025-07-21;;;novo_em_relatorio
KIGEFO;DR. REDDYS FARMACÊUTICA DO BRASIL LTDA;03.978.166/0001-75;929890256;17/07/2025;;2025-07-17;;;novo_em_relatorio
SENES;SUPERA FARMA LABORATÓRIOS S.A;43.312.503/0001-05;515431257;15/04/2025;;2025-04-15;;;novo_em_relatorio
DUAL;ACHÉ LABORATÓRIOS FARMACÊUTICOS S.A;60.659.463/0029-92;995805237;19/09/2023;;2023-09-19;;;novo_em_relatorio
RPHLIMPHA;MJM PRODUTOS FARMACEUTICOS E DE RADIOPROTECAO S.A.;04.891.262/0001-44;1459814240;23/10/2024;;2024-10-23;;;novo_em_relatorio
FRUTAXX;UNIÃO QUÍMICA FARMACÊUTICA NACIONAL S/A;60.665.981/0001-18;485828251;09/04/2025;;2025-04-09;;;novo_em_relatorio
diclofenaco potássico;CIMED INDUSTRIA S.A;02.814.497/0001-07;473913241;15/04/2024;;2024-04-15;;;novo_em_relatorio
ESTOMAZIL;COSMED INDUSTRIA DE COSMETICOS E MEDICAMENTOS S.A.;61.082.426/0002-07;803438257;16/06/2025;;2025-06-16;;;novo_em_relatorio
DESCON;COSMED INDUSTRIA DE COSMETICOS E MEDICAMENTOS S.A.;61.082.426/0002-07;551418257;24/04/2025;;2025-04-24;;;novo_em_relatorio
SINOT CLAV;EUROFARMA LABORATÓRIOS S.A.;61.190.096/0001-92;921360258;15/07/2025;;2025-07-15;;;novo_em_relatorio
BISSULFATO DE CLOPIDOGREL;AUROBINDO PHARMA INDÚSTRIA FARMACÊUTICA LIMITADA;04.301.884/0001-75;104663251;24/01/2025;;2025-01-24;;;novo_em_relatorio
DIPROPIONATO DE BECLOMETASONA;GLENMARK FARMACÊUTICA LTDA;44.363.661/0001-57;720989256;28/05/2025;;2025-05-28;;;novo_em_relatorio
NEOLEFRIN DIA;BRAINFARMA INDÚSTRIA QUÍMICA E FARMACÊUTICA S.A;05.161.069/0001-10;371189233;13/04/2023;;2023-04-13;;;novo_em_relatorio
amoxicilina sódica + clavulanato de potássio;EUGIA PHARMA INDUSTRIA FARMACEUTICA LTDA;44.639.493/0001-80;1731563248;18/12/2024;;2024-12-18;;;novo_em_relatorio
mesilato de doxazosina;GERMED FARMACEUTICA LTDA;45.992.062/0001-65;1001867254;04/08/2025;;2025-08-04;;;novo_em_relatorio
FLUCOMED;CIMED INDUSTRIA S.A;02.814.497/0001-07;466785219;04/02/2021;;2021-02-04;;;novo_em_relatorio
PARACETAMOL+FOSFATO DE CODEINA;EMS S/A;57.507.378/0003-65;249936259;21/02/2025;;2025-02-21;;;novo_em_relatorio
FENOBARBITAL;LABORATÓRIO TEUTO BRASILEIRO S/A;17.159.229/0001-76;665668252;16/05/2025;;2025-05-16;;;novo_em_relatorio
isotretinoína;EMS S/A;57.507.378/0003-65;357485246;22/03/2024;;2024-03-22;;;novo_em_relatorio
SANY D;ACHÉ LABORATÓRIOS FARMACÊUTICOS S.A;60.659.463/0029-92;358318254;17/03/2025;;2025-03-17;;;novo_em_relatorio
ONCILEG;LEGRAND PHARMA INDÚSTRIA FARMACÊUTICA LTDA;05.044.984/0001-26;5048461223;13/12/2022;;2022-12-13;;;novo_em_relatorio
ONCILEG;LEGRAND PHARMA INDÚSTRIA FARMACÊUTICA LTDA;05.044.984/0001-26;60155256;15/01/2025;;2025-01-15;;;novo_em_relatorio
ácido mefenâmico;GERMED FARMACEUTICA LTDA;45.992.062/0001-65;1112196242;14/08/2024;;2024-08-14;;;novo_em_relatorio
MEGY;LEGRAND PHARMA INDÚSTRIA FARMACÊUTICA LTDA;05.044.984/0001-26;930666259;17/07/2025;;2025-07-17;;;novo_em_relatorio
CETOCONAZOL;BRAINFARMA INDÚSTRIA QUÍMICA E FARMACÊUTICA S.A;05.161.069/0001-10;170516184;06/03/2018;;2018-03-06;;;novo_em_relatorio
EUPROSTATIN;EMS SIGMA PHARMA LTDA;00.923.140/0001-31;1002064252;04/08/2025;;2025-08-04;;;novo_em_relatorio
LETROZOL;RANBAXY FARMACÊUTICA LTDA;73.663.650/0001-90;488059259;09/04/2025;;2025-04-09;;;novo_em_relatorio
drospirenona + etinilestradiol;GERMED FARMACEUTICA LTDA;45.992.062/0001-65;929990234;31/08/2023;;2023-08-31;;;novo_em_relatorio
bromoprida;WASSER FARMA LTDA;01.564.260/0001-52;1006670238;21/09/2023;;2023-09-21;;;novo_em_relatorio
VOLTAFLEX AP;EMS S/A;57.507.378/0003-65;584557256;30/04/2025;;2025-04-30;;;novo_em_relatorio
CYCLOFLUOR;Cyclopet Radiofarmacos ltda;09.225.881/0001-13;1139222252;25/08/2025;;2025-08-25;;;novo_em_relatorio
RPHKARDIA;MJM PRODUTOS FARMACEUTICOS E DE RADIOPROTECAO S.A.;04.891.262/0001-44;1050383249;01/08/2024;;2024-08-01;;;novo_em_relatorio
Tramal;GRÜNENTHAL DO BRASIL FARMACÊUTICA LTDA.;10.555.143/0001-13;1368354246;04/10/2024;;2024-10-04;;;novo_em_relatorio
Tramal Retard;GRÜNENTHAL DO BRASIL FARMACÊUTICA LTDA.;10.555.143/0001-13;1368503241;04/10/2024;;2024-10-04;;;novo_em_relatorio
Tramal;GRÜNENTHAL DO BRASIL FARMACÊUTICA LTDA.;10.555.143/0001-13;1368580246;04/10/2024;;2024-10-04;;;novo_em_relatorio
Tramal;GRÜNENTHAL DO BRASIL FARMACÊUTICA LTDA.;10.555.143/0001-13;1368192246;04/10/2024;;2024-10-04;;;novo_em_relatorio
cloridrato de lercanidipino;LEGRAND PHARMA INDÚSTRIA FARMACÊUTICA LTDA;05.044.984/0001-26;1158565259;29/08/2025;;2025-08-29;;;novo_em_relatorio
CETOCONAZOL;CIMED INDUSTRIA S.A;02.814.497/0001-07;465769241;12/04/2024;;2024-04-12;;;novo_em_relatorio
bromidrato de galantamina;PRATI DONADUZZI & CIA LTDA;73.856.593/0001-66;315906251;07/03/2025;;2025-03-07;;;novo_em_relatorio
BUSCOPLEX COMPOSTO;NATULAB LABORATORIO S.A;02.456.955/0001-83;936268247;09/07/2024;;2024-07-09;;;novo_em_relatorio
LEVIXE;LABORATÓRIO TEUTO BRASILEIRO S/A;17.159.229/0001-76;672948231;30/06/2023;;2023-06-30;;;novo_em_relatorio
PANT;ACHÉ LABORATÓRIOS FARMACÊUTICOS S.A;60.659.463/0029-92;379272253;20/03/2025;;2025-03-20;;;novo_em_relatorio
TERMOPIRONA;BRAINFARMA INDÚSTRIA QUÍMICA E FARMACÊUTICA S.A;05.161.069/0001-10;995387186;15/10/2018;;2018-10-15;;;novo_em_relatorio
citrato de sildenafila;EMS S/A;57.507.378/0003-65;4502755222;03/08/2022;;2022-08-03;;;novo_em_relatorio
citrato de sildenafila;EMS S/A;57.507.378/0003-65;1443745243;21/10/2024;;2024-10-21;;;novo_em_relatorio
BIMATOPROSTA;SANOFI MEDLEY FARMACÊUTICA LTDA.;10.588.595/0010-92;1666957241;05/12/2024;;2024-12-05;;;novo_em_relatorio
HEMIFUMARATO DE QUETIAPINA;ZYDUS NIKKHO FARMACÊUTICA LTDA;05.254.971/0001-81;336095252;12/03/2025;;2025-03-12;;;novo_em_relatorio
FLODIN DUO;ADIUM S.A.;55.980.684/0001-27;795124244;13/06/2024;;2024-06-13;;;novo_em_relatorio
PRÓS-HP;SUPERA FARMA LABORATÓRIOS S.A;43.312.503/0001-05;1085074251;15/08/2025;;2025-08-15;;;novo_em_relatorio
CLORIDRATO DE LERCANIDIPINO;EMS S/A;57.507.378/0003-65;1158548257;29/08/2025;;2025-08-29;;;novo_em_relatorio
SECNIDAZOL;SANOFI MEDLEY FARMACÊUTICA LTDA.;10.588.595/0010-92;48828254;14/01/2025;;2025-01-14;;;novo_em_relatorio
ESC;EUROFARMA LABORATÓRIOS S.A.;61.190.096/0001-92;152575243;07/02/2024;;2024-02-07;;;novo_em_relatorio
Uman Albumin;KEDRION BRASIL LTDA.;09.284.952/0001-59;916376257;14/07/2025;;2025-07-14;;;novo_em_relatorio
AD-VITAM;NATULAB LABORATORIO S.A;02.456.955/0001-83;3762836213;23/09/2021;;2021-09-23;;;novo_em_relatorio
rosuvastatina cálcica;EUROFARMA LABORATÓRIOS S.A.;61.190.096/0001-92;1066342253;14/08/2025;;2025-08-14;;;novo_em_relatorio
Cloridrato de Sertralina;SANOFI MEDLEY FARMACÊUTICA LTDA.;10.588.595/0010-92;1118250257;19/08/2025;;2025-08-19;;;novo_em_relatorio
VALERATO DE BETAMETASONA;SANOFI MEDLEY FARMACÊUTICA LTDA.;10.588.595/0010-92;161853251;05/02/2025;;2025-02-05;;;novo_em_relatorio
DESALEX;ORGANON FARMACÊUTICA LTDA.;45.987.013/0001-34;719355257;27/05/2025;;2025-05-27;;;novo_em_relatorio
RESIST;ACHÉ LABORATÓRIOS FARMACÊUTICOS S.A;60.659.463/0029-92;607297255;06/05/2025;;2025-05-06;;;novo_em_relatorio
LORATADINA;MEDQUIMICA INDUSTRIA FARMACEUTICA LTDA.;17.875.154/0001-20;808631250;17/06/2025;;2025-06-17;;;novo_em_relatorio
cetoconazol + diproprionato de betametasona + sulfato de neomicina;SANOFI MEDLEY FARMACÊUTICA LTDA.;10.588.595/0010-92;990659259;31/07/2025;;2025-07-31;;;novo_em_relatorio
CETOCONAZOL + DIPROPIONATO DE BETAMETASONA + SULFATO DE NEOMICINA;SANOFI MEDLEY FARMACÊUTICA LTDA.;10.588.595/0010-92;991022254;31/07/2025;;2025-07-31;;;novo_em_relatorio
CORATEZ;EMS SIGMA PHARMA LTDA;00.923.140/0001-31;1044904259;12/08/2025;;2025-08-12;;;novo_em_relatorio
PYLORIPAC;SANOFI MEDLEY FARMACÊUTICA LTDA.;10.588.595/0010-92;680914251;21/05/2025;;2025-05-21;;;novo_em_relatorio
ZARZIO;SANDOZ DO BRASIL INDÚSTRIA FARMACÊUTICA LTDA;61.286.647/0001-16;1162186241;23/08/2024;;2024-08-23;;;novo_em_relatorio
SELETIV;EUROFARMA LABORATÓRIOS S.A.;61.190.096/0001-92;826108253;23/06/2025;;2025-06-23;;;novo_em_relatorio
PROLEPTOL;SANOFI MEDLEY FARMACÊUTICA LTDA.;10.588.595/0010-92;620235250;08/05/2025;;2025-05-08;;;novo_em_relatorio
CAPYLA-HAIR;EMS SIGMA PHARMA LTDA;00.923.140/0001-31;630292256;09/05/2025;;2025-05-09;;;novo_em_relatorio
FIRMAGON;LABORATÓRIOS FERRING LTDA;74.232.034/0001-48;1197815244;30/08/2024;;2024-08-30;;;novo_em_relatorio
rosuvastatina cálcica;SANOFI MEDLEY FARMACÊUTICA LTDA.;10.588.595/0010-92;1163782254;01/09/2025;;2025-09-01;;;novo_em_relatorio
oxalato de escitalopram;PRATI DONADUZZI & CIA LTDA;73.856.593/0001-66;683250248;22/05/2024;;2024-05-22;;;novo_em_relatorio
MELOXICAM;SANOFI MEDLEY FARMACÊUTICA LTDA.;10.588.595/0010-92;792728254;12/06/2025;;2025-06-12;;;novo_em_relatorio
cloridrato de tansulosina;EMS S/A;57.507.378/0003-65;862730252;01/07/2025;;2025-07-01;;;novo_em_relatorio
ACIDO ZOLEDRONICO;CRISTÁLIA PRODUTOS QUÍMICOS FARMACÊUTICOS LTDA.;44.734.671/0001-51;662073258;16/05/2025;;2025-05-16;;;novo_em_relatorio
VECTIBIX;AMGEN BIOTECNOLOGIA DO BRASIL LTDA.;18.774.815/0001-93;684504251;21/05/2025;;2025-05-21;;;novo_em_relatorio
cloridrato de fluoxetina;CIMED INDUSTRIA S.A;02.814.497/0001-07;105926256;24/01/2025;;2025-01-24;;;novo_em_relatorio
ZASTAT;ACHÉ LABORATÓRIOS FARMACÊUTICOS S.A;60.659.463/0029-92;894797247;01/07/2024;;2024-07-01;;;novo_em_relatorio
Doriipro;COSMED INDUSTRIA DE COSMETICOS E MEDICAMENTOS S.A.;61.082.426/0002-07;1325692247;26/09/2024;;2024-09-26;;;novo_em_relatorio
UNIAIR;GEOLAB INDÚSTRIA FARMACÊUTICA S/A;03.485.572/0001-04;4871473228;26/10/2022;;2022-10-26;;;novo_em_relatorio
dipropionato de betametasona + sulfato de gentamicina;LABORATÓRIO TEUTO BRASILEIRO S/A;17.159.229/0001-76;809609258;17/06/2025;;2025-06-17;;;novo_em_relatorio
VITASANTISA C;SANTISA LABORATÓRIO FARMACÊUTICO S/A;04.099.395/0001-82;1159305251;29/08/2025;;2025-08-29;;;novo_em_relatorio
Prolastin-C;GRIFOLS BRASIL LTDA;02.513.899/0001-71;1150567252;27/08/2025;;2025-08-27;;;novo_em_relatorio
QUET;EUROFARMA LABORATÓRIOS S.A.;61.190.096/0001-92;1207159255;11/09/2025;;2025-09-11;;;novo_em_relatorio
diclofenaco sódico;CIMED INDUSTRIA S.A;02.814.497/0001-07;1954957191;09/08/2019;;2019-08-09;;;novo_em_relatorio
EZET;GERMED FARMACEUTICA LTDA;45.992.062/0001-65;1044981253;12/08/2025;;2025-08-12;;;novo_em_relatorio
Targin;MUNDIPHARMA BRASIL PRODUTOS MÉDICOS E FARMACÊUTICOS LTDA;15.127.898/0001-30;677120231;03/07/2023;;2023-07-03;;;novo_em_relatorio
HIFLOXAN;HALEX ISTAR INDÚSTRIA FARMACÊUTICA SA;01.571.702/0001-98;226786234;07/03/2023;;2023-03-07;;;novo_em_relatorio
Succinato de metoprolol;ACCORD FARMACÊUTICA LTDA;64.171.697/0001-46;640363253;12/05/2025;;2025-05-12;;;novo_em_relatorio
OXALATO DE ESCITALOPRAM;BRAINFARMA INDÚSTRIA QUÍMICA E FARMACÊUTICA S.A;05.161.069/0001-10;395194253;24/03/2025;;2025-03-24;;;novo_em_relatorio
CAPSFEN;CATALENT BRASIL LTDA.;45.569.555/0007-82;1183463243;28/08/2024;;2024-08-28;;;novo_em_relatorio
DICLOFENACO DIETILAMÔNIO;SANOFI MEDLEY FARMACÊUTICA LTDA.;10.588.595/0010-92;1153077256;28/08/2025;;2025-08-28;;;novo_em_relatorio
losartana potássica;AUROBINDO PHARMA INDÚSTRIA FARMACÊUTICA LIMITADA;04.301.884/0001-75;391964181;16/05/2018;;2018-05-16;;;novo_em_relatorio
PRAZOL;SANOFI MEDLEY FARMACÊUTICA LTDA.;10.588.595/0010-92;1120888247;15/08/2024;;2024-08-15;;;novo_em_relatorio
cetoconazol + dipropionato de betametasona;SANOFI MEDLEY FARMACÊUTICA LTDA.;10.588.595/0010-92;1616415240;26/11/2024;;2024-11-26;;;novo_em_relatorio
CLONAZEPAM;SANOFI MEDLEY FARMACÊUTICA LTDA.;10.588.595/0010-92;1619923246;27/11/2024;;2024-11-27;;;novo_em_relatorio
ácido zoledrônico;VIATRIS FARMACEUTICA DO BRASIL LTDA;11.643.096/0001-22;1074501241;07/08/2024;;2024-08-07;;;novo_em_relatorio
CLARITROMICINA;SANOFI MEDLEY FARMACÊUTICA LTDA.;10.588.595/0010-92;420419250;27/03/2025;;2025-03-27;;;novo_em_relatorio
dipirona monoidratada;SANOFI MEDLEY FARMACÊUTICA LTDA.;10.588.595/0010-92;322696259;10/03/2025;;2025-03-10;;;novo_em_relatorio
Ciclopirox Olamina;SANOFI MEDLEY FARMACÊUTICA LTDA.;10.588.595/0010-92;66989256;16/01/2025;;2025-01-16;;;novo_em_relatorio
CAPTOPRIL;SANOFI MEDLEY FARMACÊUTICA LTDA.;10.588.595/0010-92;1358332240;03/10/2024;;2024-10-03;;;novo_em_relatorio
VORICONAZOL;CRISTÁLIA PRODUTOS QUÍMICOS FARMACÊUTICOS LTDA.;44.734.671/0001-51;1179541251;04/09/2025;;2025-09-04;;;novo_em_relatorio
LANSOPRAZOL;SANOFI MEDLEY FARMACÊUTICA LTDA.;10.588.595/0010-92;1120429242;15/08/2024;;2024-08-15;;;novo_em_relatorio
CLONAZEPAM;SANOFI MEDLEY FARMACÊUTICA LTDA.;10.588.595/0010-92;620410256;08/05/2025;;2025-05-08;;;novo_em_relatorio
dicloridrato de pramipexol;EUROFARMA LABORATÓRIOS S.A.;61.190.096/0001-92;357031237;10/04/2023;;2023-04-10;;;novo_em_relatorio
cloridrato de fluoxetina;LABORATÓRIO GLOBO SA;17.115.437/0001-73;704376253;24/05/2025;;2025-05-24;;;novo_em_relatorio
AZITROMICINA MONOIDRATADA;ANTIBIÓTICOS DO BRASIL LTDA;05.439.635/0001-03;909326240;03/07/2024;;2024-07-03;;;novo_em_relatorio
BLINCYTO;AMGEN BIOTECNOLOGIA DO BRASIL LTDA.;18.774.815/0001-93;930272251;17/07/2025;;2025-07-17;;;novo_em_relatorio
MTX;BLAU FARMACÊUTICA S.A.;58.430.828/0001-60;553379259;24/04/2025;;2025-04-24;;;novo_em_relatorio
Vatis;LIBBS FARMACÊUTICA LTDA;61.230.314/0001-75;497685256;10/04/2025;;2025-04-10;;;novo_em_relatorio
CIPRO;BAYER S.A.;18.459.628/0001-15;1740560248;20/12/2024;;2024-12-20;;;novo_em_relatorio
ACICLOVIR;SANOFI MEDLEY FARMACÊUTICA LTDA.;10.588.595/0010-92;1149549254;27/08/2025;;2025-08-27;;;novo_em_relatorio
aceclofenaco;CIMED INDUSTRIA S.A;02.814.497/0001-07;535094248;23/04/2024;;2024-04-23;;;novo_em_relatorio
EZETIMIBA;LEGRAND PHARMA INDÚSTRIA FARMACÊUTICA LTDA;05.044.984/0001-26;1042118256;12/08/2025;;2025-08-12;;;novo_em_relatorio
ROSUVASTATINA CALCICA;AUROBINDO PHARMA INDÚSTRIA FARMACÊUTICA LIMITADA;04.301.884/0001-75;710449259;26/05/2025;;2025-05-26;;;novo_em_relatorio
ARIPIPRAZOL;ZYDUS NIKKHO FARMACÊUTICA LTDA;05.254.971/0001-81;910812250;11/07/2025;;2025-07-11;;;novo_em_relatorio
linezolida;EUROFARMA LABORATÓRIOS S.A.;61.190.096/0001-92;717440257;27/05/2025;;2025-05-27;;;novo_em_relatorio
NESH CÁLCIO;NUNESFARMA PRODUTOS FARMACÊUTICOS LTDA;75.014.167/0001-00;1176266241;27/08/2024;;2024-08-27;;;novo_em_relatorio
sinvastatina;CIMED INDUSTRIA S.A;02.814.497/0001-07;540727253;22/04/2025;;2025-04-22;;;novo_em_relatorio
CITALOPRAM (Port. 344/98, L-C1);SANOFI MEDLEY FARMACÊUTICA LTDA.;10.588.595/0010-92;731642252;29/05/2025;;2025-05-29;;;novo_em_relatorio
CETOCONAZOL + DIPROPIONATO DE BETAMETASONA;SANOFI MEDLEY FARMACÊUTICA LTDA.;10.588.595/0010-92;416240259;27/03/2025;;2025-03-27;;;novo_em_relatorio
AFOPIC;LABORATÓRIO TEUTO BRASILEIRO S/A;17.159.229/0001-76;552019259;24/04/2025;;2025-04-24;;;novo_em_relatorio
NAPROX;LABORATÓRIO TEUTO BRASILEIRO S/A;17.159.229/0001-76;1621674240;27/11/2024;;2024-11-27;;;novo_em_relatorio
FLUXOCOR;SANOFI MEDLEY FARMACÊUTICA LTDA.;10.588.595/0010-92;658346253;15/05/2025;;2025-05-15;;;novo_em_relatorio
CLOTRIMAZOL;SANOFI MEDLEY FARMACÊUTICA LTDA.;10.588.595/0010-92;163088250;05/02/2025;;2025-02-05;;;novo_em_relatorio
EZETIMIBA;GERMED FARMACEUTICA LTDA;45.992.062/0001-65;1042312257;12/08/2025;;2025-08-12;;;novo_em_relatorio
CLORIDRATO DE MOXIFLOXACINO;EUROFARMA LABORATÓRIOS S.A.;61.190.096/0001-92;213681251;14/02/2025;;2025-02-14;;;novo_em_relatorio
MORATUS;SANOFI MEDLEY FARMACÊUTICA LTDA.;10.588.595/0010-92;535761252;22/04/2025;;2025-04-22;;;novo_em_relatorio
DEZEMIM;LEGRAND PHARMA INDÚSTRIA FARMACÊUTICA LTDA;05.044.984/0001-26;1044608251;12/08/2025;;2025-08-12;;;novo_em_relatorio
FLUCONAZOL;MEDQUIMICA INDUSTRIA FARMACEUTICA LTDA.;17.875.154/0001-20;11663251;06/01/2025;;2025-01-06;;;novo_em_relatorio
RADIOGLIC;COMISSAO NACIONAL DE ENERGIA NUCLEAR;00.402.552/0001-26;672761171;03/01/2023;;2023-01-03;;;novo_em_relatorio
cetoprofeno;SANOFI MEDLEY FARMACÊUTICA LTDA.;10.588.595/0010-92;1053121253;13/08/2025;;2025-08-13;;;novo_em_relatorio
carbamazepina;INSTITUTO BIOCHIMICO INDÚSTRIA FARMACÊUTICA LTDA;33.258.401/0001-03;839536259;26/06/2025;;2025-06-26;;;novo_em_relatorio
ibuprofeno;SANOFI MEDLEY FARMACÊUTICA LTDA.;10.588.595/0010-92;1553642244;12/11/2024;;2024-11-12;;;novo_em_relatorio
LERCAN;MULTILAB INDUSTRIA E COMERCIO DE PRODUTOS FARMACEUTICOS LTDA;92.265.552/0009-05;1169001254;02/09/2025;;2025-09-02;;;novo_em_relatorio
cloridrato de amitriptilina;INSTITUTO BIOCHIMICO INDÚSTRIA FARMACÊUTICA LTDA;33.258.401/0001-03;843722258;27/06/2025;;2025-06-27;;;novo_em_relatorio
ACECLOFENACO;ZYDUS NIKKHO FARMACÊUTICA LTDA;05.254.971/0001-81;323033253;10/03/2025;;2025-03-10;;;novo_em_relatorio
DESAIRON;EMS S/A;57.507.378/0003-65;83217258;20/01/2025;;2025-01-20;;;novo_em_relatorio
TADALAFILA;EUROFARMA LABORATÓRIOS S.A.;61.190.096/0001-92;1328686248;27/09/2024;;2024-09-27;;;novo_em_relatorio
PROPIONATO DE CLOBETASOL;SANOFI MEDLEY FARMACÊUTICA LTDA.;10.588.595/0010-92;119832259;28/01/2025;;2025-01-28;;;novo_em_relatorio
tadalafila;PRATI DONADUZZI & CIA LTDA;73.856.593/0001-66;988101254;30/07/2025;;2025-07-30;;;novo_em_relatorio
NITRATO DE FENTICONAZOL;EUROFARMA LABORATÓRIOS S.A.;61.190.096/0001-92;949946231;06/09/2023;;2023-09-06;;;novo_em_relatorio
fulvestranto;BLAU FARMACÊUTICA S.A.;58.430.828/0001-60;1101421240;12/08/2024;;2024-08-12;;;novo_em_relatorio
FLOSEAL;BAXTER HOSPITALAR LTDA;49.351.786/0002-61;186749252;10/02/2025;;2025-02-10;;;novo_em_relatorio
ENDOFOLIN;MARJAN INDÚSTRIA E COMÉRCIO LTDA;60.726.692/0001-81;854429255;30/06/2025;;2025-06-30;;;novo_em_relatorio
hemifumarato de bisoprolol;MERCK S/A;33.069.212/0001-84;1416214241;15/10/2024;;2024-10-15;;;novo_em_relatorio
GAMUNEX;GRIFOLS BRASIL LTDA;02.513.899/0001-71;193236257;11/02/2025;;2025-02-11;;;novo_em_relatorio
DIPIRONA;SANOFI MEDLEY FARMACÊUTICA LTDA.;10.588.595/0010-92;205959253;13/02/2025;;2025-02-13;;;novo_em_relatorio
succinato de solifenacina;RANBAXY FARMACÊUTICA LTDA;73.663.650/0001-90;922749248;05/07/2024;;2024-07-05;;;novo_em_relatorio
FAULBLASTINA;LIBBS FARMACÊUTICA LTDA;61.230.314/0001-75;1375269241;07/10/2024;;2024-10-07;;;novo_em_relatorio
DEXMINE;CIMED INDUSTRIA S.A;02.814.497/0001-07;3897500209;06/11/2020;;2020-11-06;;;novo_em_relatorio
ACU FRESH;GEOLAB INDÚSTRIA FARMACÊUTICA S/A;03.485.572/0001-04;971232253;25/07/2025;;2025-07-25;;;novo_em_relatorio
KAVIUM;ZYDUS NIKKHO FARMACÊUTICA LTDA;05.254.971/0001-81;1118551231;18/10/2023;;2023-10-18;;;novo_em_relatorio
Vacina sarampo, caxumba, rubéola e varicela (atenuada);FUNDAÇÃO OSWALDO CRUZ;33.781.055/0001-35;964373254;24/07/2025;;2025-07-24;;;novo_em_relatorio
VENZER HCT;LIBBS FARMACÊUTICA LTDA;61.230.314/0001-75;915485257;14/07/2025;;2025-07-14;;;novo_em_relatorio
rosuvastatina cálcica;RANBAXY FARMACÊUTICA LTDA;73.663.650/0001-90;948889241;11/07/2024;;2024-07-11;;;novo_em_relatorio
OPDIVO;BRISTOL-MYERS SQUIBB FARMACÊUTICA LTDA;56.998.982/0001-07;1050553250;13/08/2025;;2025-08-13;;;novo_em_relatorio
SINVAX;GEOLAB INDÚSTRIA FARMACÊUTICA S/A;03.485.572/0001-04;2303487204;16/07/2020;;2020-07-16;;;novo_em_relatorio
norfloxacino;SANOFI MEDLEY FARMACÊUTICA LTDA.;10.588.595/0010-92;161727255;05/02/2025;;2025-02-05;;;novo_em_relatorio
DICLOFENACO COLESTIRAMINA;SANOFI MEDLEY FARMACÊUTICA LTDA.;10.588.595/0010-92;1122445253;20/08/2025;;2025-08-20;;;novo_em_relatorio
ZART H;EUROFARMA LABORATÓRIOS S.A.;61.190.096/0001-92;1202908250;10/09/2025;;2025-09-10;;;novo_em_relatorio
BROMIDRATO DE DARIFENACINA;ADIUM S.A.;55.980.684/0001-27;49568248;15/01/2024;;2024-01-15;;;novo_em_relatorio
FLUARIX TETRA;GLAXOSMITHKLINE BRASIL LTDA;33.247.743/0001-10;603365256;05/05/2025;;2025-05-05;;;novo_em_relatorio
LOSARTANA POTASSICA+HIDROCLOROTIAZIDA;SANDOZ DO BRASIL INDÚSTRIA FARMACÊUTICA LTDA;61.286.647/0001-16;397706251;24/03/2025;;2025-03-24;;;novo_em_relatorio
Ártico Caps;EUROFARMA LABORATÓRIOS S.A.;61.190.096/0001-92;1181088259;04/09/2025;;2025-09-04;;;novo_em_relatorio
EUPEPT;CIFARMA CIENTÍFICA FARMACÊUTICA LTDA;17.562.075/0001-69;302058257;06/03/2025;;2025-03-06;;;novo_em_relatorio
MAXIDEX;NOVARTIS BIOCIENCIAS S.A;56.994.502/0001-30;221274251;17/02/2025;;2025-02-17;;;novo_em_relatorio
ALENDRONATO DE SODIO;LABORATÓRIO TEUTO BRASILEIRO S/A;17.159.229/0001-76;522336256;16/04/2025;;2025-04-16;;;novo_em_relatorio
FLOMICIN;BRAINFARMA INDÚSTRIA QUÍMICA E FARMACÊUTICA S.A;05.161.069/0001-10;312660251;07/03/2025;;2025-03-07;;;novo_em_relatorio
CERUMIN;NOVARTIS BIOCIENCIAS S.A;56.994.502/0001-30;264127251;25/02/2025;;2025-02-25;;;novo_em_relatorio
RILUZOL;CRISTÁLIA PRODUTOS QUÍMICOS FARMACÊUTICOS LTDA.;44.734.671/0001-51;968557210;12/03/2021;;2021-03-12;;;novo_em_relatorio
BESILATO DE ANLODIPINO;GEOLAB INDÚSTRIA FARMACÊUTICA S/A;03.485.572/0001-04;1446041247;21/10/2024;;2024-10-21;;;novo_em_relatorio
VIGAMOX;NOVARTIS BIOCIENCIAS S.A;56.994.502/0001-30;269034251;26/02/2025;;2025-02-26;;;novo_em_relatorio
HISTADIN D;UNIÃO QUÍMICA FARMACÊUTICA NACIONAL S/A;60.665.981/0001-18;1114234249;14/08/2024;;2024-08-14;;;novo_em_relatorio
PLANTOLAXY;NATULAB LABORATORIO S.A;02.456.955/0001-83;1284583163;03/01/2023;;2023-01-03;;;novo_em_relatorio
BELARA;GRÜNENTHAL DO BRASIL FARMACÊUTICA LTDA.;10.555.143/0001-13;803859252;16/06/2025;;2025-06-16;;;novo_em_relatorio
TENOXICAM;MEDQUIMICA INDUSTRIA FARMACEUTICA LTDA.;17.875.154/0001-20;679394257;20/05/2025;;2025-05-20;;;novo_em_relatorio
cloridrato de sevelamer;FUNDAÇÃO BAIANA DE PESQ. CIENTIFICA E DESENV. TECNOLOGICO, FORNECIMENTO E DISTRIBUIÇÃO DE MEDICAMENTOS-BAHIAFARMA;13.078.518/0001-90;1552990218;23/04/2021;;2021-04-23;;;novo_em_relatorio
BESILATO DE ANLODIPINO;CIMED INDUSTRIA S.A;02.814.497/0001-07;1358316244;03/10/2024;;2024-10-03;;;novo_em_relatorio
OSTRAZIL;LABORATÓRIO TEUTO BRASILEIRO S/A;17.159.229/0001-76;487660242;17/04/2024;;2024-04-17;;;novo_em_relatorio
HALEX ISTAR SOLUÇÃO GLICOFISIOLÓGICA;HALEX ISTAR INDÚSTRIA FARMACÊUTICA SA;01.571.702/0001-98;2943701206;31/08/2020;;2020-08-31;;;novo_em_relatorio
TRINODAZOL;GEOLAB INDÚSTRIA FARMACÊUTICA S/A;03.485.572/0001-04;834844257;25/06/2025;;2025-06-25;;;novo_em_relatorio
ALIVIUM;COSMED INDUSTRIA DE COSMETICOS E MEDICAMENTOS S.A.;61.082.426/0002-07;2182927206;07/07/2020;;2020-07-07;;;novo_em_relatorio
FLUCOL;BELFAR LTDA;18.324.343/0001-77;1542357241;08/11/2024;;2024-11-08;;;novo_em_relatorio
CLARIL;NOVARTIS BIOCIENCIAS S.A;56.994.502/0001-30;108451241;29/01/2024;;2024-01-29;;;novo_em_relatorio
Travoptic;GEOLAB INDÚSTRIA FARMACÊUTICA S/A;03.485.572/0001-04;775052230;26/07/2023;;2023-07-26;;;novo_em_relatorio
dimesilato de lisdexanfetamina;TEVA FARMACÊUTICA LTDA.;05.333.542/0001-08;578770253;29/04/2025;;2025-04-29;;;novo_em_relatorio
latanoprosta + maleato de timolol;EMS S/A;57.507.378/0003-65;1359620231;01/12/2023;;2023-12-01;;;novo_em_relatorio
VIGADEXA;NOVARTIS BIOCIENCIAS S.A;56.994.502/0001-30;645501255;13/05/2025;;2025-05-13;;;novo_em_relatorio
TOBRAZOL;TEVA FARMACÊUTICA LTDA.;05.333.542/0001-08;689482248;23/05/2024;;2024-05-23;;;novo_em_relatorio
PANTOPRAZOL SÓDICO SESQUI-HIDRATADO;BLAU FARMACÊUTICA S.A.;58.430.828/0001-60;815806256;18/06/2025;;2025-06-18;;;novo_em_relatorio
MICOFENOLATO DE SODIO;GERMED FARMACEUTICA LTDA;45.992.062/0001-65;834916258;25/06/2025;;2025-06-25;;;novo_em_relatorio
CETOMICOSS;LABORATÓRIO GLOBO SA;17.115.437/0001-73;792774256;12/06/2025;;2025-06-12;;;novo_em_relatorio
TOBREX;NOVARTIS BIOCIENCIAS S.A;56.994.502/0001-30;1200180259;10/09/2025;;2025-09-10;;;novo_em_relatorio
ZANIDIP;APSEN FARMACEUTICA S/A;62.462.015/0001-29;1272688241;16/09/2024;;2024-09-16;;;novo_em_relatorio
PATANOL;NOVARTIS BIOCIENCIAS S.A;56.994.502/0001-30;305020251;06/03/2025;;2025-03-06;;;novo_em_relatorio
ALIVIUM;COSMED INDUSTRIA DE COSMETICOS E MEDICAMENTOS S.A.;61.082.426/0002-07;469291249;12/04/2024;;2024-04-12;;;novo_em_relatorio
FINASTERIDA;LABORATÓRIO TEUTO BRASILEIRO S/A;17.159.229/0001-76;749360259;03/06/2025;;2025-06-03;;;novo_em_relatorio
MAXITROL;NOVARTIS BIOCIENCIAS S.A;56.994.502/0001-30;624855252;08/05/2025;;2025-05-08;;;novo_em_relatorio
CLONIXINATO DE LISINA;EMS S/A;57.507.378/0003-65;1100366245;12/08/2024;;2024-08-12;;;novo_em_relatorio
temozolomida;SUN FARMACÊUTICA DO BRASIL LTDA;05.035.244/0001-23;1257009249;12/09/2024;;2024-09-12;;;novo_em_relatorio
BROMAZEPAM;SANOFI MEDLEY FARMACÊUTICA LTDA.;10.588.595/0010-92;725130253;28/05/2025;;2025-05-28;;;novo_em_relatorio
RINGER COM LACTATO;FARMACE INDÚSTRIA QUÍMICO-FARMACÊUTICA CEARENSE LTDA;06.628.333/0001-46;216607248;23/02/2024;;2024-02-23;;;novo_em_relatorio
PITAVASTATINA CALCICA;EUROFARMA LABORATÓRIOS S.A.;61.190.096/0001-92;428203256;28/03/2025;;2025-03-28;;;novo_em_relatorio
Nuwiq;OCTAPHARMA BRASIL LTDA;02.552.927/0001-60;885171233;22/08/2023;;2023-08-22;;;novo_em_relatorio
REPATHA;AMGEN BIOTECNOLOGIA DO BRASIL LTDA.;18.774.815/0001-93;1526393247;06/11/2024;;2024-11-06;;;novo_em_relatorio
NISTATINA;SANOFI MEDLEY FARMACÊUTICA LTDA.;10.588.595/0010-92;28542258;09/01/2025;;2025-01-09;;;novo_em_relatorio
EFICENTUS;SANOFI MEDLEY FARMACÊUTICA LTDA.;10.588.595/0010-92;731146255;29/05/2025;;2025-05-29;;;novo_em_relatorio
NUTRI B;NATULAB LABORATORIO S.A;02.456.955/0001-83;3976111210;08/10/2021;;2021-10-08;;;novo_em_relatorio
BESILATO DE ANLODIPINO + LOSARTANA POTÁSSICA;EMS S/A;57.507.378/0003-65;1138053252;25/08/2025;;2025-08-25;;;novo_em_relatorio
OLMESARTANA MEDOXOMILA+HIDROCLOROTIAZIDA;BRAINFARMA INDÚSTRIA QUÍMICA E FARMACÊUTICA S.A;05.161.069/0001-10;1193620252;09/09/2025;;2025-09-09;;;novo_em_relatorio
losartana potássica + hidroclorotiazida;LABORATÓRIO TEUTO BRASILEIRO S/A;17.159.229/0001-76;1200551257;10/09/2025;;2025-09-10;;;novo_em_relatorio
VARIFLUX;CIFARMA CIENTÍFICA FARMACÊUTICA LTDA;17.562.075/0001-69;557131251;25/04/2025;;2025-04-25;;;novo_em_relatorio
ADAPALENO;SANOFI MEDLEY FARMACÊUTICA LTDA.;10.588.595/0010-92;1728791243;18/12/2024;;2024-12-18;;;novo_em_relatorio
DICLOFENACO SÓDICO;SANOFI MEDLEY FARMACÊUTICA LTDA.;10.588.595/0010-92;1128987252;21/08/2025;;2025-08-21;;;novo_em_relatorio
TADALAFILA;EMS S/A;57.507.378/0003-65;158983254;05/02/2025;;2025-02-05;;;novo_em_relatorio
DIELOFT;SANOFI MEDLEY FARMACÊUTICA LTDA.;10.588.595/0010-92;1117994252;19/08/2025;;2025-08-19;;;novo_em_relatorio
tobramicina;OPEM REPRESENTAÇÃO IMPORTADORA EXPORTADORA E DISTRIBUIDORA LTDA;38.909.503/0001-57;825463254;23/06/2025;;2025-06-23;;;novo_em_relatorio
CANDESARTANA CILEXETILA+HIDROCLOROTIAZIDA;LIBBS FARMACÊUTICA LTDA;61.230.314/0001-75;915412250;14/07/2025;;2025-07-14;;;novo_em_relatorio
CAPECITABINA;SUN FARMACÊUTICA DO BRASIL LTDA;05.035.244/0001-23;356154254;17/03/2025;;2025-03-17;;;novo_em_relatorio
CLORIDRATO DE CICLOBENZAPRINA;CIMED INDUSTRIA S.A;02.814.497/0001-07;357205243;22/03/2024;;2024-03-22;;;novo_em_relatorio
CANESTEN;BAYER S.A.;18.459.628/0001-15;1459903242;23/10/2024;;2024-10-23;;;novo_em_relatorio
EZETIMIBA;SANDOZ DO BRASIL INDÚSTRIA FARMACÊUTICA LTDA;61.286.647/0001-16;834391236;09/08/2023;;2023-08-09;;;novo_em_relatorio
DICLOFENACO POTÁSSICO;SANOFI MEDLEY FARMACÊUTICA LTDA.;10.588.595/0010-92;1126891258;21/08/2025;;2025-08-21;;;novo_em_relatorio
GLIBENCLAMIDA;SANOFI MEDLEY FARMACÊUTICA LTDA.;10.588.595/0010-92;1734296241;19/12/2024;;2024-12-19;;;novo_em_relatorio
NISTATINA + ÓXIDO DE ZINCO;SANOFI MEDLEY FARMACÊUTICA LTDA.;10.588.595/0010-92;1361927241;03/10/2024;;2024-10-03;;;novo_em_relatorio
NUSTENDI;DAIICHI SANKYO BRASIL FARMACÊUTICA LTDA;60.874.187/0001-84;1013503252;06/08/2025;;2025-08-06;;;novo_em_relatorio
cloridrato de remifentanila;CRISTÁLIA PRODUTOS QUÍMICOS FARMACÊUTICOS LTDA.;44.734.671/0001-51;1255553235;14/11/2023;;2023-11-14;;;novo_em_relatorio
irbesartana + hidroclorotiazida;RANBAXY FARMACÊUTICA LTDA;73.663.650/0001-90;866171258;02/07/2025;;2025-07-02;;;novo_em_relatorio
DOCETAXEL;GLENMARK FARMACÊUTICA LTDA;44.363.661/0001-57;578782235;06/06/2023;;2023-06-06;;;novo_em_relatorio
CLORIDRATO DE AMITRIPTILINA;SANOFI MEDLEY FARMACÊUTICA LTDA.;10.588.595/0010-92;908049251;11/07/2025;;2025-07-11;;;novo_em_relatorio
cloridrato de metformina;PRATI DONADUZZI & CIA LTDA;73.856.593/0001-66;4447953218;10/11/2021;;2021-11-10;;;novo_em_relatorio
ezetimiba + sinvastatina;EMS S/A;57.507.378/0003-65;904380254;10/07/2025;;2025-07-10;;;novo_em_relatorio
DIPIRONA SÓDICA;SANOFI MEDLEY FARMACÊUTICA LTDA.;10.588.595/0010-92;205539254;13/02/2025;;2025-02-13;;;novo_em_relatorio
RISPERIDONA;LABORATÓRIO TEUTO BRASILEIRO S/A;17.159.229/0001-76;775049255;09/06/2025;;2025-06-09;;;novo_em_relatorio
CLORIDRATO DE TRAZODONA;TORRENT DO BRASIL LTDA;33.078.528/0001-32;323366252;10/03/2025;;2025-03-10;;;novo_em_relatorio
FRUSALT;CIMED INDUSTRIA S.A;02.814.497/0001-07;563065222;16/02/2022;;2022-02-16;;;novo_em_relatorio
BROMIDRATO DE GALANTAMINA;LIBBS FARMACÊUTICA LTDA;61.230.314/0001-75;730413250;29/05/2025;;2025-05-29;;;novo_em_relatorio
celecoxibe;RANBAXY FARMACÊUTICA LTDA;73.663.650/0001-90;200438255;12/02/2025;;2025-02-12;;;novo_em_relatorio
baclofeno;LABORATÓRIO TEUTO BRASILEIRO S/A;17.159.229/0001-76;531121259;17/04/2025;;2025-04-17;;;novo_em_relatorio
ezetimiba;EMS S/A;57.507.378/0003-65;1041878257;12/08/2025;;2025-08-12;;;novo_em_relatorio
MAXIDRATE;LIBBS FARMACÊUTICA LTDA;61.230.314/0001-75;148843255;03/02/2025;;2025-02-03;;;novo_em_relatorio
LEVOFLOXACINO;LABORATÓRIO TEUTO BRASILEIRO S/A;17.159.229/0001-76;750985259;03/06/2025;;2025-06-03;;;novo_em_relatorio
DIPROSONE;COSMED INDUSTRIA DE COSMETICOS E MEDICAMENTOS S.A.;61.082.426/0002-07;540959251;22/04/2025;;2025-04-22;;;novo_em_relatorio
BISSULFATO DE CLOPIDOGREL;GEOLAB INDÚSTRIA FARMACÊUTICA S/A;03.485.572/0001-04;4442160228;19/07/2022;;2022-07-19;;;novo_em_relatorio
dicloridrato de trimetazidina;Althaia S.A Indústria Farmacêutica;48.344.725/0007-19;672894254;19/05/2025;;2025-05-19;;;novo_em_relatorio
MITRUL;ADIUM S.A.;55.980.684/0001-27;372364241;26/03/2024;;2024-03-26;;;novo_em_relatorio
CYRAMZA;ELI LILLY DO BRASIL LTDA;43.940.618/0001-44;318514257;09/03/2025;;2025-03-09;;;novo_em_relatorio
OSTEOFAR;LABORATÓRIO FARMACÊUTICO ELOFAR LTDA;83.874.628/0001-43;368113256;19/03/2025;;2025-03-19;;;novo_em_relatorio
CLORIDRATO DE CIPROFLOXACINO;SANOFI MEDLEY FARMACÊUTICA LTDA.;10.588.595/0010-92;66626251;16/01/2025;;2025-01-16;;;novo_em_relatorio
ALOPURINOL;SANOFI MEDLEY FARMACÊUTICA LTDA.;10.588.595/0010-92;228204259;18/02/2025;;2025-02-18;;;novo_em_relatorio
VITALIA XR;ACHÉ LABORATÓRIOS FARMACÊUTICOS S.A;60.659.463/0029-92;395383234;19/04/2023;;2023-04-19;;;novo_em_relatorio
CLORIDRATO DE NALBUFINA;HIPOLABOR FARMACEUTICA LTDA;19.570.720/0001-10;1604323248;23/11/2024;;2024-11-23;;;novo_em_relatorio
ACETILCISTEINA;BRAINFARMA INDÚSTRIA QUÍMICA E FARMACÊUTICA S.A;05.161.069/0001-10;124490239;07/02/2023;;2023-02-07;;;novo_em_relatorio
cloridrato de venlafaxina;LABORATÓRIO TEUTO BRASILEIRO S/A;17.159.229/0001-76;1404770232;11/12/2023;;2023-12-11;;;novo_em_relatorio
Azitromicina di-hidratada;ACHÉ LABORATÓRIOS FARMACÊUTICOS S.A;60.659.463/0029-92;1690387246;11/12/2024;;2024-12-11;;;novo_em_relatorio
PACLITAXEL;FRESENIUS KABI BRASIL LTDA;49.324.221/0001-04;752632256;03/06/2025;;2025-06-03;;;novo_em_relatorio
verazo;LIBBS FARMACÊUTICA LTDA;61.230.314/0001-75;1369712243;04/10/2024;;2024-10-04;;;novo_em_relatorio
NORFLOXACINO;CIMED INDUSTRIA S.A;02.814.497/0001-07;546160255;23/04/2025;;2025-04-23;;;novo_em_relatorio
ZIDOVIR;CRISTÁLIA PRODUTOS QUÍMICOS FARMACÊUTICOS LTDA.;44.734.671/0001-51;2517038210;29/06/2021;;2021-06-29;;;novo_em_relatorio
Cloridrato de Propranolol;SANOFI MEDLEY FARMACÊUTICA LTDA.;10.588.595/0010-92;658750259;15/05/2025;;2025-05-15;;;novo_em_relatorio
CLORIDRATO DE METFORMINA;MERCK S/A;33.069.212/0001-84;766462251;06/06/2025;;2025-06-06;;;novo_em_relatorio
CLORIDRATO DE PROPAFENONA;Althaia S.A Indústria Farmacêutica;48.344.725/0007-19;312371250;07/03/2025;;2025-03-07;;;novo_em_relatorio
CONCOR;MERCK S/A;33.069.212/0001-84;664902251;16/05/2025;;2025-05-16;;;novo_em_relatorio
cetoprofeno;EMS S/A;57.507.378/0003-65;53613252;14/01/2025;;2025-01-14;;;novo_em_relatorio
OXALATO DE ESCITALOPRAM;SANOFI MEDLEY FARMACÊUTICA LTDA.;10.588.595/0010-92;734352255;30/05/2025;;2025-05-30;;;novo_em_relatorio
TETANOGAMMA;CSL BEHRING COMÉRCIO DE PRODUTOS FARMACÊUTICOS LTDA;62.969.589/0001-98;468074252;04/04/2025;;2025-04-04;;;novo_em_relatorio
NIMEGON MET;MERCK SHARP & DOHME FARMACEUTICA LTDA.;03.560.974/0001-18;1572178248;14/11/2024;;2024-11-14;;;novo_em_relatorio
MICOSTALAB;MULTILAB INDUSTRIA E COMERCIO DE PRODUTOS FARMACEUTICOS LTDA;92.265.552/0009-05;266961258;25/02/2025;;2025-02-25;;;novo_em_relatorio
CARBIDOL;LABORATÓRIO TEUTO BRASILEIRO S/A;17.159.229/0001-76;235124257;19/02/2025;;2025-02-19;;;novo_em_relatorio
CARVEDILOL;SANOFI MEDLEY FARMACÊUTICA LTDA.;10.588.595/0010-92;1361743247;03/10/2024;;2024-10-03;;;novo_em_relatorio
LISINOPRIL;SANOFI MEDLEY FARMACÊUTICA LTDA.;10.588.595/0010-92;840241259;26/06/2025;;2025-06-26;;;novo_em_relatorio
FINASTERIDA;LABORATÓRIO TEUTO BRASILEIRO S/A;17.159.229/0001-76;749425253;03/06/2025;;2025-06-03;;;novo_em_relatorio
SAXENDA;NOVO NORDISK FARMACÊUTICA DO BRASIL LTDA;82.277.955/0001-55;841802254;27/06/2025;;2025-06-27;;;novo_em_relatorio
ACICLOVIR;LABORATÓRIO TEUTO BRASILEIRO S/A;17.159.229/0001-76;725804254;28/05/2025;;2025-05-28;;;novo_em_relatorio
SYMBICORT;ASTRAZENECA DO BRASIL LTDA;60.318.797/0001-00;1113424257;18/08/2025;;2025-08-18;;;novo_em_relatorio
SUCCINATO DE METOPROLOL;ASTRAZENECA DO BRASIL LTDA;60.318.797/0001-00;516124251;15/04/2025;;2025-04-15;;;novo_em_relatorio
HEMIFUMARATO DE QUETIAPINA;LABORATORIO FARMACEUTICO DO ESTADO DE PERNAMBUCO GOVERNADOR MIGUEL ARRAES S/A - LAFEPE;10.877.926/0001-13;911778250;11/07/2025;;2025-07-11;;;novo_em_relatorio
Levolukast;GLENMARK FARMACÊUTICA LTDA;44.363.661/0001-57;1117159256;19/08/2025;;2025-08-19;;;novo_em_relatorio
KOLLANGEL FF;NATULAB LABORATORIO S.A;02.456.955/0001-83;64120228;05/01/2022;;2022-01-05;;;novo_em_relatorio
ABRIFIT;GEOLAB INDÚSTRIA FARMACÊUTICA S/A;03.485.572/0001-04;1354988248;02/10/2024;;2024-10-02;;;novo_em_relatorio
RUVASCOR;LEGRAND PHARMA INDÚSTRIA FARMACÊUTICA LTDA;05.044.984/0001-26;1173174257;03/09/2025;;2025-09-03;;;novo_em_relatorio
RIXANTIL;LEGRAND PHARMA INDÚSTRIA FARMACÊUTICA LTDA;05.044.984/0001-26;957361254;22/07/2025;;2025-07-22;;;novo_em_relatorio
FOSFATO SODICO DE PREDNISOLONA;UNIÃO QUÍMICA FARMACÊUTICA NACIONAL S/A;60.665.981/0001-18;405687257;25/03/2025;;2025-03-25;;;novo_em_relatorio
besilato de anlodipino;GERMED FARMACEUTICA LTDA;45.992.062/0001-65;1438426241;18/10/2024;;2024-10-18;;;novo_em_relatorio
risperidona;SANOFI MEDLEY FARMACÊUTICA LTDA.;10.588.595/0010-92;69612251;17/01/2025;;2025-01-17;;;novo_em_relatorio
HEMITARTARATO DE RIVASTIGMINA;RANBAXY FARMACÊUTICA LTDA;73.663.650/0001-90;991105257;31/07/2025;;2025-07-31;;;novo_em_relatorio
OFTPRED;CRISTÁLIA PRODUTOS QUÍMICOS FARMACÊUTICOS LTDA.;44.734.671/0001-51;1477137246;28/10/2024;;2024-10-28;;;novo_em_relatorio
TÂMISA 15;EUROFARMA LABORATÓRIOS S.A.;61.190.096/0001-92;553688243;26/04/2024;;2024-04-26;;;novo_em_relatorio
BUPIUM;EMS SIGMA PHARMA LTDA;00.923.140/0001-31;858195259;30/06/2025;;2025-06-30;;;novo_em_relatorio
amoxicilina triidratada + clavulanato de potássio;ACHÉ LABORATÓRIOS FARMACÊUTICOS S.A;60.659.463/0029-92;819589233;07/08/2023;;2023-08-07;;;novo_em_relatorio
DEPAXAN;ACHÉ LABORATÓRIOS FARMACÊUTICOS S.A;60.659.463/0029-92;2678363228;05/05/2022;;2022-05-05;;;novo_em_relatorio
VYZULTA;BL INDÚSTRIA OTICA LTDA;27.011.022/0001-03;35639253;10/01/2025;;2025-01-10;;;novo_em_relatorio
captopril;GEOLAB INDÚSTRIA FARMACÊUTICA S/A;03.485.572/0001-04;4997882224;01/12/2022;;2022-12-01;;;novo_em_relatorio
SENSAZ;CRISTÁLIA PRODUTOS QUÍMICOS FARMACÊUTICOS LTDA.;44.734.671/0001-51;731474252;29/05/2025;;2025-05-29;;;novo_em_relatorio
nistatina + óxido de zinco;GERMED FARMACEUTICA LTDA;45.992.062/0001-65;1107056241;13/08/2024;;2024-08-13;;;novo_em_relatorio
nistatina + óxido de zinco;EMS S/A;57.507.378/0003-65;975677250;28/07/2025;;2025-07-28;;;novo_em_relatorio
cloridrato de paroxetina;PRATI DONADUZZI & CIA LTDA;73.856.593/0001-66;844792250;27/06/2025;;2025-06-27;;;novo_em_relatorio
QUICARD;EMS S/A;57.507.378/0003-65;1722630248;17/12/2024;;2024-12-17;;;novo_em_relatorio
cloridrato de memantina;ACHÉ LABORATÓRIOS FARMACÊUTICOS S.A;60.659.463/0029-92;200665251;12/02/2025;;2025-02-12;;;novo_em_relatorio
EMAH;SUN FARMACÊUTICA DO BRASIL LTDA;05.035.244/0001-23;1694769241;11/12/2024;;2024-12-11;;;novo_em_relatorio
COAMA;EMS S/A;57.507.378/0003-65;2535665221;26/04/2022;;2022-04-26;;;novo_em_relatorio
HIDAZOL;HALEX ISTAR INDÚSTRIA FARMACÊUTICA SA;01.571.702/0001-98;393556247;28/03/2024;;2024-03-28;;;novo_em_relatorio
QUEVATRYL;HALEX ISTAR INDÚSTRIA FARMACÊUTICA SA;01.571.702/0001-98;4815983224;13/10/2022;;2022-10-13;;;novo_em_relatorio
Myltol;VIATRIS FARMACEUTICA DO BRASIL LTDA;11.643.096/0001-22;95242217;08/01/2021;;2021-01-08;;;novo_em_relatorio
TRIMUSK;EUROFARMA LABORATÓRIOS S.A.;61.190.096/0001-92;1148607242;21/08/2024;;2024-08-21;;;novo_em_relatorio
SYNTOCINON;VIATRIS FARMACEUTICA DO BRASIL LTDA;11.643.096/0001-22;1105776247;13/08/2024;;2024-08-13;;;novo_em_relatorio
docetaxel;ACCORD FARMACÊUTICA LTDA;64.171.697/0001-46;719208238;12/07/2023;;2023-07-12;;;novo_em_relatorio
paracetamol + fosfato de codeína;PRATI DONADUZZI & CIA LTDA;73.856.593/0001-66;1503485242;31/10/2024;;2024-10-31;;;novo_em_relatorio
DELUMI;GEOLAB INDÚSTRIA FARMACÊUTICA S/A;03.485.572/0001-04;2298619212;14/06/2021;;2021-06-14;;;novo_em_relatorio
besilato de anlodipino;NOVARTIS BIOCIENCIAS S.A;56.994.502/0001-30;762490250;05/06/2025;;2025-06-05;;;novo_em_relatorio
HERZATEN;GERMED FARMACEUTICA LTDA;45.992.062/0001-65;1722678241;17/12/2024;;2024-12-17;;;novo_em_relatorio
Dymista;VIATRIS FARMACEUTICA DO BRASIL LTDA;11.643.096/0001-22;788279254;11/06/2025;;2025-06-11;;;novo_em_relatorio
Myllcis;VIATRIS FARMACEUTICA DO BRASIL LTDA;11.643.096/0001-22;4553661209;23/12/2020;;2020-12-23;;;novo_em_relatorio
Tilatil;VIATRIS FARMACEUTICA DO BRASIL LTDA;11.643.096/0001-22;245031251;20/02/2025;;2025-02-20;;;novo_em_relatorio
QUETIPIN LP;CRISTÁLIA PRODUTOS QUÍMICOS FARMACÊUTICOS LTDA.;44.734.671/0001-51;743326253;02/06/2025;;2025-06-02;;;novo_em_relatorio
ESKEMICO;LEGRAND PHARMA INDÚSTRIA FARMACÊUTICA LTDA;05.044.984/0001-26;1723201243;17/12/2024;;2024-12-17;;;novo_em_relatorio
CASTANHA DA INDIA GLOBO;LABORATÓRIO GLOBO SA;17.115.437/0001-73;771052251;09/06/2025;;2025-06-09;;;novo_em_relatorio
deferasirox;INSTITUTO VITAL BRAZIL S/A;30.064.034/0001-00;236649256;19/02/2025;;2025-02-19;;;novo_em_relatorio
ALECENSA;PRODUTOS ROCHE QUÍMICOS E FARMACÊUTICOS S.A.;33.009.945/0001-23;750188251;03/06/2025;;2025-06-03;;;novo_em_relatorio
CAPZAT;ACHÉ LABORATÓRIOS FARMACÊUTICOS S.A;60.659.463/0029-92;748547231;19/07/2023;;2023-07-19;;;novo_em_relatorio
Lemtrada;SANOFI MEDLEY FARMACÊUTICA LTDA.;10.588.595/0010-92;655661255;15/05/2025;;2025-05-15;;;novo_em_relatorio
cetoconazol + dipropionato de betametasona + sulfato de neomicina;ACHÉ LABORATÓRIOS FARMACÊUTICOS S.A;60.659.463/0029-92;513502238;22/05/2023;;2023-05-22;;;novo_em_relatorio
PREDNISONA;ACHÉ LABORATÓRIOS FARMACÊUTICOS S.A;60.659.463/0029-92;266842259;25/02/2025;;2025-02-25;;;novo_em_relatorio
LISADOR DIP;COSMED INDUSTRIA DE COSMETICOS E MEDICAMENTOS S.A.;61.082.426/0002-07;529599252;17/04/2025;;2025-04-17;;;novo_em_relatorio
GLICLAZIDA;SUN FARMACÊUTICA DO BRASIL LTDA;05.035.244/0001-23;289176210;22/01/2021;;2021-01-22;;;novo_em_relatorio
ELENCOS;TEVA FARMACÊUTICA LTDA.;05.333.542/0001-08;571625240;30/04/2024;;2024-04-30;;;novo_em_relatorio
EMSGRIP CAF;EMS S/A;57.507.378/0003-65;459901249;11/04/2024;;2024-04-11;;;novo_em_relatorio
latanoprosta;MULTILAB INDUSTRIA E COMERCIO DE PRODUTOS FARMACEUTICOS LTDA;92.265.552/0009-05;600332250;05/05/2025;;2025-05-05;;;novo_em_relatorio
cloridrato de duloxetina;GERMED FARMACEUTICA LTDA;45.992.062/0001-65;1045453251;12/08/2025;;2025-08-12;;;novo_em_relatorio
Moriale ODT;EMS S/A;57.507.378/0003-65;792665252;12/06/2025;;2025-06-12;;;novo_em_relatorio
naproxeno sódico;GERMED FARMACEUTICA LTDA;45.992.062/0001-65;1161249249;23/08/2024;;2024-08-23;;;novo_em_relatorio
PRALÍVIO;CIMED INDUSTRIA S.A;02.814.497/0001-07;1563157241;13/11/2024;;2024-11-13;;;novo_em_relatorio
CEF;UNIÃO QUÍMICA FARMACÊUTICA NACIONAL S/A;60.665.981/0001-18;685735249;22/05/2024;;2024-05-22;;;novo_em_relatorio
DESVENTAG;ACHÉ LABORATÓRIOS FARMACÊUTICOS S.A;60.659.463/0029-92;1216002231;06/11/2023;;2023-11-06;;;novo_em_relatorio
amoxicilina + clavulanato de potássio;NOVARTIS BIOCIENCIAS S.A;56.994.502/0001-30;242067247;28/02/2024;;2024-02-28;;;novo_em_relatorio
TARGOCID;SANOFI MEDLEY FARMACÊUTICA LTDA.;10.588.595/0010-92;710414251;26/05/2025;;2025-05-26;;;novo_em_relatorio
CLIZE;HALEX ISTAR INDÚSTRIA FARMACÊUTICA SA;01.571.702/0001-98;4344142204;08/12/2020;;2020-12-08;;;novo_em_relatorio
NYPRAM;PRATI DONADUZZI & CIA LTDA;73.856.593/0001-66;294082239;23/03/2023;;2023-03-23;;;novo_em_relatorio
MECLIN JET;APSEN FARMACEUTICA S/A;62.462.015/0001-29;151735255;04/02/2025;;2025-02-04;;;novo_em_relatorio
DIOBRATE;CIMED INDUSTRIA S.A;02.814.497/0001-07;4128464200;23/11/2020;;2020-11-23;;;novo_em_relatorio
IBANUNO;SUPERA FARMA LABORATÓRIOS S.A;43.312.503/0001-05;395013259;24/03/2025;;2025-03-24;;;novo_em_relatorio
TRISK;EUROFARMA LABORATÓRIOS S.A.;61.190.096/0001-92;949830232;06/09/2023;;2023-09-06;;;novo_em_relatorio
CALMADOR;LABORATÓRIO SAÚDE LTDA;91.671.792/0001-81;689094256;22/05/2025;;2025-05-22;;;novo_em_relatorio
NEXFLEN;LEGRAND PHARMA INDÚSTRIA FARMACÊUTICA LTDA;05.044.984/0001-26;1161225242;23/08/2024;;2024-08-23;;;novo_em_relatorio
ALOIS DUO;APSEN FARMACEUTICA S/A;62.462.015/0001-29;821754254;23/06/2025;;2025-06-23;;;novo_em_relatorio
BORTECIP;CIPLA BRASIL IMPORTADORA E DISTRIBUIDORA DE MEDICAMENTOS LTDA;18.268.051/0001-64;461108259;03/04/2025;;2025-04-03;;;novo_em_relatorio
cloridrato de dorzolamida + maleato de timolol;RANBAXY FARMACÊUTICA LTDA;73.663.650/0001-90;1148993258;27/08/2025;;2025-08-27;;;novo_em_relatorio
BEXTRA IM/IV;PFIZER BRASIL LTDA;61.072.393/0001-33;672816245;21/05/2024;;2024-05-21;;;novo_em_relatorio
PERIDAL;COSMED INDUSTRIA DE COSMETICOS E MEDICAMENTOS S.A.;61.082.426/0002-07;985103256;30/07/2025;;2025-07-30;;;novo_em_relatorio
ASEA;SUPERA FARMA LABORATÓRIOS S.A;43.312.503/0001-05;709361254;26/05/2025;;2025-05-26;;;novo_em_relatorio
HOLMES;EUROFARMA LABORATÓRIOS S.A.;61.190.096/0001-92;1157503250;29/08/2025;;2025-08-29;;;novo_em_relatorio
SPIDUFEN LIMÃO COLA;ZAMBON LABORATÓRIOS FARMACÊUTICOS LTDA.;61.100.004/0001-36;1514677245;04/11/2024;;2024-11-04;;;novo_em_relatorio
montelucaste de sódio;GERMED FARMACEUTICA LTDA;45.992.062/0001-65;1150184256;27/08/2025;;2025-08-27;;;novo_em_relatorio
levonorgestrel;CIMED INDUSTRIA S.A;02.814.497/0001-07;540334227;14/02/2022;;2022-02-14;;;novo_em_relatorio
FEMINIQUE CONTI;ACHÉ LABORATÓRIOS FARMACÊUTICOS S.A;60.659.463/0029-92;996688251;01/08/2025;;2025-08-01;;;novo_em_relatorio
prednisona;BRAINFARMA INDÚSTRIA QUÍMICA E FARMACÊUTICA S.A;05.161.069/0001-10;387668250;21/03/2025;;2025-03-21;;;novo_em_relatorio
UROHIPE;UNO HEALTHCARE COMÉRCIO DE MEDICAMENTOS LTDA.;13.109.151/0001-24;743698240;04/06/2024;;2024-06-04;;;novo_em_relatorio
cloridrato de fexofenadina;LEGRAND PHARMA INDÚSTRIA FARMACÊUTICA LTDA;05.044.984/0001-26;1652389245;03/12/2024;;2024-12-03;;;novo_em_relatorio
letrozol;BLAU FARMACÊUTICA S.A.;58.430.828/0001-60;1683975243;10/12/2024;;2024-12-10;;;novo_em_relatorio
EXELRING;EXELTIS LABORATORIO FARMACEUTICO LTDA;19.136.432/0001-52;1632048248;28/11/2024;;2024-11-28;;;novo_em_relatorio
LEXLER;LEGRAND PHARMA INDÚSTRIA FARMACÊUTICA LTDA;05.044.984/0001-26;1652453245;03/12/2024;;2024-12-03;;;novo_em_relatorio
FENERGAN;OPELLA HEALTHCARE BRAZIL LTDA;38.391.432/0001-43;1717361242;16/12/2024;;2024-12-16;;;novo_em_relatorio
desloratadina;LEGRAND PHARMA INDÚSTRIA FARMACÊUTICA LTDA;05.044.984/0001-26;1006403256;05/08/2025;;2025-08-05;;;novo_em_relatorio
LEVOTAC;CRISTÁLIA PRODUTOS QUÍMICOS FARMACÊUTICOS LTDA.;44.734.671/0001-51;482875259;08/04/2025;;2025-04-08;;;novo_em_relatorio
BUPROVIL;MULTILAB INDUSTRIA E COMERCIO DE PRODUTOS FARMACEUTICOS LTDA;92.265.552/0009-05;1472092244;25/10/2024;;2024-10-25;;;novo_em_relatorio
ULTROX;SUPERA FARMA LABORATÓRIOS S.A;43.312.503/0001-05;836271246;19/06/2024;;2024-06-19;;;novo_em_relatorio
TAM;SUPERA FARMA LABORATÓRIOS S.A;43.312.503/0001-05;1245906241;10/09/2024;;2024-09-10;;;novo_em_relatorio
GUTTALAX;OPELLA HEALTHCARE BRAZIL LTDA;38.391.432/0001-43;105272248;29/01/2024;;2024-01-29;;;novo_em_relatorio
GLOBOFLU;LABORATÓRIO GLOBO SA;17.115.437/0001-73;149813252;03/02/2025;;2025-02-03;;;novo_em_relatorio
Evkeeza;ULTRAGENYX BRASIL FARMACEUTICA LTDA;27.724.245/0001-18;517492253;15/04/2025;;2025-04-15;;;novo_em_relatorio
CALCORT;BLANVER FARMOQUIMICA E FARMACEUTICA S.A.;53.359.824/0001-19;20205244;08/01/2024;;2024-01-08;;;novo_em_relatorio
FABHALTA;NOVARTIS BIOCIENCIAS S.A;56.994.502/0001-30;1194166253;09/09/2025;;2025-09-09;;;novo_em_relatorio
PABEXHY;BRAINFARMA INDÚSTRIA QUÍMICA E FARMACÊUTICA S.A;05.161.069/0001-10;360463258;18/03/2025;;2025-03-18;;;novo_em_relatorio
XAQUELIV;EMS S/A;57.507.378/0003-65;1743473249;20/12/2024;;2024-12-20;;;novo_em_relatorio
CREMEFENERGAN;OPELLA HEALTHCARE BRAZIL LTDA;38.391.432/0001-43;233490256;19/02/2025;;2025-02-19;;;novo_em_relatorio
fosfato de sitagliptina;BRAINFARMA INDÚSTRIA QUÍMICA E FARMACÊUTICA S.A;05.161.069/0001-10;1448608244;22/10/2024;;2024-10-22;;;novo_em_relatorio
ONIVYDE;LABORATÓRIOS SERVIER DO BRASIL LTDA;42.374.207/0001-76;571168256;28/04/2025;;2025-04-28;;;novo_em_relatorio
EBGLYSS;ELI LILLY DO BRASIL LTDA;43.940.618/0001-44;782875254;10/06/2025;;2025-06-10;;;novo_em_relatorio
prednisona;SANOFI MEDLEY FARMACÊUTICA LTDA.;10.588.595/0010-92;1039682243;30/07/2024;;2024-07-30;;;novo_em_relatorio
ALLENASAL;OPELLA HEALTHCARE BRAZIL LTDA;38.391.432/0001-43;578741253;29/04/2025;;2025-04-29;;;novo_em_relatorio
DORFLEX;OPELLA HEALTHCARE BRAZIL LTDA;38.391.432/0001-43;66247250;16/01/2025;;2025-01-16;;;novo_em_relatorio
CEFUROXIMA SÓDICA;EUGIA PHARMA INDUSTRIA FARMACEUTICA LTDA;44.639.493/0001-80;38654253;10/01/2025;;2025-01-10;;;novo_em_relatorio
ESTALIS;SANDOZ DO BRASIL INDÚSTRIA FARMACÊUTICA LTDA;61.286.647/0001-16;428524249;04/04/2024;;2024-04-04;;;novo_em_relatorio
SYLVANT;RECORDATI RARE DISEASES COMÉRCIO DE MEDICAMENTOS LTDA - ME;53.056.057/0001-79;179019252;07/02/2025;;2025-02-07;;;novo_em_relatorio
IROSÊ;Althaia S.A Indústria Farmacêutica;48.344.725/0007-19;165689251;06/02/2025;;2025-02-06;;;novo_em_relatorio
NUSIRA;ADIUM S.A.;55.980.684/0001-27;808328255;17/06/2025;;2025-06-17;;;novo_em_relatorio
CLORIDRATO DE AMBROXOL;AIRELA INDÚSTRIA FARMACÊUTICA LTDA.;01.858.973/0001-29;1070717258;14/08/2025;;2025-08-14;;;novo_em_relatorio
AGATHA;PFIZER BRASIL LTDA;61.072.393/0001-33;796226245;13/06/2024;;2024-06-13;;;novo_em_relatorio
TURNO XR;EUROFARMA LABORATÓRIOS S.A.;61.190.096/0001-92;1597136247;21/11/2024;;2024-11-21;;;novo_em_relatorio
cloridrato de fingolimode;CIPLA BRASIL IMPORTADORA E DISTRIBUIDORA DE MEDICAMENTOS LTDA;18.268.051/0001-64;94666253;22/01/2025;;2025-01-22;;;novo_em_relatorio
desloratadina;CIFARMA CIENTÍFICA FARMACÊUTICA LTDA;17.562.075/0001-69;1216237247;04/09/2024;;2024-09-04;;;novo_em_relatorio
CLORIDRATO DE AMBROXOL;BELFAR LTDA;18.324.343/0001-77;462310248;11/04/2024;;2024-04-11;;;novo_em_relatorio
ibuprofeno;MULTILAB INDUSTRIA E COMERCIO DE PRODUTOS FARMACEUTICOS LTDA;92.265.552/0009-05;1472286243;25/10/2024;;2024-10-25;;;novo_em_relatorio
TAXOL;BIOPAS BRASIL PRODUTOS FARMACEUTICOS LTDA;31.327.287/0001-92;360122248;22/03/2024;;2024-03-22;;;novo_em_relatorio
KELAC;COSMED INDUSTRIA DE COSMETICOS E MEDICAMENTOS S.A.;61.082.426/0002-07;1666828246;05/12/2024;;2024-12-05;;;novo_em_relatorio
MUSKARD;SUPERA FARMA LABORATÓRIOS S.A;43.312.503/0001-05;1729689248;18/12/2024;;2024-12-18;;;novo_em_relatorio
dicloridrato de trimetazidina;EUROFARMA LABORATÓRIOS S.A.;61.190.096/0001-92;385773242;27/03/2024;;2024-03-27;;;novo_em_relatorio
TRUQAP;ASTRAZENECA DO BRASIL LTDA;60.318.797/0001-00;340818255;13/03/2025;;2025-03-13;;;novo_em_relatorio
DIGLUSS;LABORATÓRIO GLOBO SA;17.115.437/0001-73;1153664259;28/08/2025;;2025-08-28;;;novo_em_relatorio
Prevenar® 20;PFIZER BRASIL LTDA;61.072.393/0001-33;1155989252;28/08/2025;;2025-08-28;;;novo_em_relatorio
VSIQQ;NOVARTIS BIOCIENCIAS S.A;56.994.502/0001-30;194756254;11/02/2025;;2025-02-11;;;novo_em_relatorio
VITAMINA D3;VITAMEDIC INDUSTRIA FARMACEUTICA LTDA;30.222.814/0001-31;446086240;09/04/2024;;2024-04-09;;;novo_em_relatorio
HISCONGEX;BRAINFARMA INDÚSTRIA QUÍMICA E FARMACÊUTICA S.A;05.161.069/0001-10;576642258;29/04/2025;;2025-04-29;;;novo_em_relatorio
DESCON;COSMED INDUSTRIA DE COSMETICOS E MEDICAMENTOS S.A.;61.082.426/0002-07;576703257;29/04/2025;;2025-04-29;;;novo_em_relatorio
LADOGAL;EUROFARMA LABORATÓRIOS S.A.;61.190.096/0001-92;262129248;04/03/2024;;2024-03-04;;;novo_em_relatorio
CLORIDRATO DE BROMEXINA;SANOFI MEDLEY FARMACÊUTICA LTDA.;10.588.595/0010-92;874491258;03/07/2025;;2025-07-03;;;novo_em_relatorio
Mevatyl;BIOPAS BRASIL PRODUTOS FARMACEUTICOS LTDA;31.327.287/0001-92;1416701231;13/12/2023;;2023-12-13;;;novo_em_relatorio
MYALEPT;CHIESI FARMACÊUTICA LTDA;61.363.032/0001-46;867608251;02/07/2025;;2025-07-02;;;novo_em_relatorio
xinafoato de salmeterol + propionato de fluticasona;GLENMARK FARMACÊUTICA LTDA;44.363.661/0001-57;455182248;10/04/2024;;2024-04-10;;;novo_em_relatorio
bilastina;BRAINFARMA INDÚSTRIA QUÍMICA E FARMACÊUTICA S.A;05.161.069/0001-10;503009253;11/04/2025;;2025-04-11;;;novo_em_relatorio
DUXXEN;COSMED INDUSTRIA DE COSMETICOS E MEDICAMENTOS S.A.;61.082.426/0002-07;1141068249;20/08/2024;;2024-08-20;;;novo_em_relatorio
JANUMET;MERCK SHARP & DOHME FARMACEUTICA LTDA.;03.560.974/0001-18;1425434240;17/10/2024;;2024-10-17;;;novo_em_relatorio
NATURETTI;BRAINFARMA INDÚSTRIA QUÍMICA E FARMACÊUTICA S.A;05.161.069/0001-10;917853253;15/07/2025;;2025-07-15;;;novo_em_relatorio
OLEPTAL;TORRENT DO BRASIL LTDA;33.078.528/0001-32;692344250;23/05/2025;;2025-05-23;;;novo_em_relatorio
TARBET;LABORATÓRIO TEUTO BRASILEIRO S/A;17.159.229/0001-76;805018255;16/06/2025;;2025-06-16;;;novo_em_relatorio
Cherry;FARMOQUÍMICA S/A;33.349.473/0001-58;482873256;08/04/2025;;2025-04-08;;;novo_em_relatorio
CORUS;ACHÉ LABORATÓRIOS FARMACÊUTICOS S.A;60.659.463/0029-92;1149328258;27/08/2025;;2025-08-27;;;novo_em_relatorio
bissulfato de clopidogrel;MULTILAB INDUSTRIA E COMERCIO DE PRODUTOS FARMACEUTICOS LTDA;92.265.552/0009-05;347591256;14/03/2025;;2025-03-14;;;novo_em_relatorio
montelucaste de sódio;BRAINFARMA INDÚSTRIA QUÍMICA E FARMACÊUTICA S.A;05.161.069/0001-10;152458239;14/02/2023;;2023-02-14;;;novo_em_relatorio
XAB;UNIÃO QUÍMICA FARMACÊUTICA NACIONAL S/A;60.665.981/0001-18;673929256;19/05/2025;;2025-05-19;;;novo_em_relatorio
etodolaco;EUROFARMA LABORATÓRIOS S.A.;61.190.096/0001-92;343031256;13/03/2025;;2025-03-13;;;novo_em_relatorio
APRETUDE;GLAXOSMITHKLINE BRASIL LTDA;33.247.743/0001-10;1367753244;04/10/2024;;2024-10-04;;;novo_em_relatorio
pitavastatina cálcica;PHARLAB INDÚSTRIA FARMACÊUTICA S.A.;02.501.297/0001-02;863084257;01/07/2025;;2025-07-01;;;novo_em_relatorio
DAEM;EUROFARMA LABORATÓRIOS S.A.;61.190.096/0001-92;822915235;07/08/2023;;2023-08-07;;;novo_em_relatorio
ALEKTOS PED;COSMED INDUSTRIA DE COSMETICOS E MEDICAMENTOS S.A.;61.082.426/0002-07;628163240;13/05/2024;;2024-05-13;;;novo_em_relatorio
bilastina;BRAINFARMA INDÚSTRIA QUÍMICA E FARMACÊUTICA S.A;05.161.069/0001-10;411314254;26/03/2025;;2025-03-26;;;novo_em_relatorio
pitavastatina cálcica;EMS S/A;57.507.378/0003-65;347950256;14/03/2025;;2025-03-14;;;novo_em_relatorio
PREDSIGMA;MULTILAB INDUSTRIA E COMERCIO DE PRODUTOS FARMACEUTICOS LTDA;92.265.552/0009-05;645425257;13/05/2025;;2025-05-13;;;novo_em_relatorio
MENSYVA;ACHÉ LABORATÓRIOS FARMACÊUTICOS S.A;60.659.463/0029-92;1006743251;05/08/2025;;2025-08-05;;;novo_em_relatorio
CETOCONAZOL + DIPROPIONATO DE BETAMETASONA;MULTILAB INDUSTRIA E COMERCIO DE PRODUTOS FARMACEUTICOS LTDA;92.265.552/0009-05;1085882250;15/08/2025;;2025-08-15;;;novo_em_relatorio
olmesartana medoxomila+besilato de anlodipino;GERMED FARMACEUTICA LTDA;45.992.062/0001-65;916125254;14/07/2025;;2025-07-14;;;novo_em_relatorio
SONOZZZ;PROCTER & GAMBLE DO BRASIL LTDA.;59.476.770/0001-58;5052574223;14/12/2022;;2022-12-14;;;novo_em_relatorio
RUNNER EZE;ACHÉ LABORATÓRIOS FARMACÊUTICOS S.A;60.659.463/0029-92;385201257;21/03/2025;;2025-03-21;;;novo_em_relatorio
ANDRUM;ACHÉ LABORATÓRIOS FARMACÊUTICOS S.A;60.659.463/0029-92;161944230;16/02/2023;;2023-02-16;;;novo_em_relatorio
cloridrato de ondansetrona;GERMED FARMACEUTICA LTDA;45.992.062/0001-65;122418255;28/01/2025;;2025-01-28;;;novo_em_relatorio
lamivudina + dolutegravir sódico;FUNDAÇÃO OSWALDO CRUZ;33.781.055/0001-35;833487256;25/06/2025;;2025-06-25;;;novo_em_relatorio
TENSIOVAL;HIPOLABOR FARMACEUTICA LTDA;19.570.720/0001-10;1415272247;15/10/2024;;2024-10-15;;;novo_em_relatorio
TAVOK;EUROFARMA LABORATÓRIOS S.A.;61.190.096/0001-92;297582259;05/03/2025;;2025-03-05;;;novo_em_relatorio
NEBACIDERME;MULTILAB INDUSTRIA E COMERCIO DE PRODUTOS FARMACEUTICOS LTDA;92.265.552/0009-05;61477257;15/01/2025;;2025-01-15;;;novo_em_relatorio
finasterida;MULTILAB INDUSTRIA E COMERCIO DE PRODUTOS FARMACEUTICOS LTDA;92.265.552/0009-05;630390258;09/05/2025;;2025-05-09;;;novo_em_relatorio
pregabalina;SANDOZ DO BRASIL INDÚSTRIA FARMACÊUTICA LTDA;61.286.647/0001-16;356875253;17/03/2025;;2025-03-17;;;novo_em_relatorio
MELAZTE;CRISTÁLIA PRODUTOS QUÍMICOS FARMACÊUTICOS LTDA.;44.734.671/0001-51;1155746252;28/08/2025;;2025-08-28;;;novo_em_relatorio
mesilato de doxazosina;UNIÃO QUÍMICA FARMACÊUTICA NACIONAL S/A;60.665.981/0001-18;743542258;02/06/2025;;2025-06-02;;;novo_em_relatorio
CARBAMAZEPINA;HIPOLABOR FARMACEUTICA LTDA;19.570.720/0001-10;1408580241;14/10/2024;;2024-10-14;;;novo_em_relatorio
fosfato de sitagliptina + cloridrato de metformina;SANDOZ DO BRASIL INDÚSTRIA FARMACÊUTICA LTDA;61.286.647/0001-16;712582258;27/05/2025;;2025-05-27;;;novo_em_relatorio
Trodelvy;GILEAD SCIENCES FARMACEUTICA DO BRASIL LTDA;15.670.288/0001-89;1084510251;15/08/2025;;2025-08-15;;;novo_em_relatorio
ASSERT;EUROFARMA LABORATÓRIOS S.A.;61.190.096/0001-92;838434258;26/06/2025;;2025-06-26;;;novo_em_relatorio
dasatinibe monoidratado;TEVA FARMACÊUTICA LTDA.;05.333.542/0001-08;53134257;14/01/2025;;2025-01-14;;;novo_em_relatorio
DESCON;COSMED INDUSTRIA DE COSMETICOS E MEDICAMENTOS S.A.;61.082.426/0002-07;571558259;28/04/2025;;2025-04-28;;;novo_em_relatorio
CORISTINA D CONGEST;COSMED INDUSTRIA DE COSMETICOS E MEDICAMENTOS S.A.;61.082.426/0002-07;571384251;28/04/2025;;2025-04-28;;;novo_em_relatorio
PRAALERGIA;CIMED INDUSTRIA S.A;02.814.497/0001-07;1659359244;04/12/2024;;2024-12-04;;;novo_em_relatorio
GUACONAT;PHARMASCIENCE INDUSTRIA FARMACEUTICA S.A;25.773.037/0001-83;2675510220;05/05/2022;;2022-05-05;;;novo_em_relatorio
NAXTRI;EMS S/A;57.507.378/0003-65;1161150242;23/08/2024;;2024-08-23;;;novo_em_relatorio
cloridrato de fingolimode;UNIVERSIDADE FEDERAL DO RIO GRANDE DO NORTE;24.365.710/0001-83;891456244;01/07/2024;;2024-07-01;;;novo_em_relatorio
loratadina + sulfato de pseudoefedrina;EMS S/A;57.507.378/0003-65;789583241;12/06/2024;;2024-06-12;;;novo_em_relatorio
cetoconazol + dipropionato de betametasona + sulfato de neomicina;CELLERA FARMACÊUTICA S.A.;33.173.097/0002-74;989514242;19/07/2024;;2024-07-19;;;novo_em_relatorio
minoxidil;BRAINFARMA INDÚSTRIA QUÍMICA E FARMACÊUTICA S.A;05.161.069/0001-10;723495254;28/05/2025;;2025-05-28;;;novo_em_relatorio
IMPERE;EMS S/A;57.507.378/0003-65;571285252;28/04/2025;;2025-04-28;;;novo_em_relatorio
AZITROMICINA;PHARLAB INDÚSTRIA FARMACÊUTICA S.A.;02.501.297/0001-02;24511251;08/01/2025;;2025-01-08;;;novo_em_relatorio
BRAVAN HCT;ACHÉ LABORATÓRIOS FARMACÊUTICOS S.A;60.659.463/0029-92;195754255;12/02/2025;;2025-02-12;;;novo_em_relatorio
citrato de tamoxifeno;LEGRAND PHARMA INDÚSTRIA FARMACÊUTICA LTDA;05.044.984/0001-26;1293136247;19/09/2024;;2024-09-19;;;novo_em_relatorio
levofloxacino hemihidratado;CELLERA FARMACÊUTICA S.A.;33.173.097/0002-74;463911253;04/04/2025;;2025-04-04;;;novo_em_relatorio
gliclazida;GERMED FARMACEUTICA LTDA;45.992.062/0001-65;631334254;09/05/2025;;2025-05-09;;;novo_em_relatorio
ONTRUZANT;Samsung Bioepis br Pharmaceutical ltda.;24.563.776/0001-88;341972258;13/03/2025;;2025-03-13;;;novo_em_relatorio
AGIOLAX;VIATRIS FARMACEUTICA DO BRASIL LTDA;11.643.096/0001-22;758212232;21/07/2023;;2023-07-21;;;novo_em_relatorio
LEGALON;VIATRIS FARMACEUTICA DO BRASIL LTDA;11.643.096/0001-22;1039999247;30/07/2024;;2024-07-30;;;novo_em_relatorio
apixabana;ACCORD FARMACÊUTICA LTDA;64.171.697/0001-46;1455147249;23/10/2024;;2024-10-23;;;novo_em_relatorio
BONVIVA;Laboratórios Bagó do Brasil S/A;04.748.181/0009-47;645527246;15/05/2024;;2024-05-15;;;novo_em_relatorio
SINVALIP;EMS S/A;57.507.378/0003-65;548504253;23/04/2025;;2025-04-23;;;novo_em_relatorio
tacrolimo;LEGRAND PHARMA INDÚSTRIA FARMACÊUTICA LTDA;05.044.984/0001-26;1194370250;09/09/2025;;2025-09-09;;;novo_em_relatorio
PROTEFIGAN SM;KLEY HERTZ FARMACEUTICA S.A;92.695.691/0001-03;741568233;18/07/2023;;2023-07-18;;;novo_em_relatorio
atorvastatina cálcica;NOVARTIS BIOCIENCIAS S.A;56.994.502/0001-30;584665237;07/06/2023;;2023-06-07;;;novo_em_relatorio
SPIOLTO;BOEHRINGER INGELHEIM DO BRASIL QUÍMICA E FARMACÊUTICA LTDA.;60.831.658/0001-77;58428259;15/01/2025;;2025-01-15;;;novo_em_relatorio
hidroclorotiazida;CIMED INDUSTRIA S.A;02.814.497/0001-07;285062255;28/02/2025;;2025-02-28;;;novo_em_relatorio
FLUITEÍNA;EMS S/A;57.507.378/0003-65;792158253;12/06/2025;;2025-06-12;;;novo_em_relatorio
RPHOSTEO;MJM PRODUTOS FARMACEUTICOS E DE RADIOPROTECAO S.A.;04.891.262/0001-44;1343488249;30/09/2024;;2024-09-30;;;novo_em_relatorio
VALPI;ACHÉ LABORATÓRIOS FARMACÊUTICOS S.A;60.659.463/0029-92;657392235;27/06/2023;;2023-06-27;;;novo_em_relatorio
Minel;ARESE PHARMA LTDA.;07.670.111/0001-54;248912241;29/02/2024;;2024-02-29;;;novo_em_relatorio
cloridrato de paroxetina;GEOLAB INDÚSTRIA FARMACÊUTICA S/A;03.485.572/0001-04;540159255;22/04/2025;;2025-04-22;;;novo_em_relatorio
RIVAXA;EUROFARMA LABORATÓRIOS S.A.;61.190.096/0001-92;639629253;12/05/2025;;2025-05-12;;;novo_em_relatorio
MOMATE;GLENMARK FARMACÊUTICA LTDA;44.363.661/0001-57;906738253;10/07/2025;;2025-07-10;;;novo_em_relatorio
PEPSAMAR;BRAINFARMA INDÚSTRIA QUÍMICA E FARMACÊUTICA S.A;05.161.069/0001-10;192220250;11/02/2025;;2025-02-11;;;novo_em_relatorio
UNIREZ;UNIÃO QUÍMICA FARMACÊUTICA NACIONAL S/A;60.665.981/0001-18;1135099243;19/08/2024;;2024-08-19;;;novo_em_relatorio
BIOVARIXON;VITAMEDIC INDUSTRIA FARMACEUTICA LTDA;30.222.814/0001-31;767825250;06/06/2025;;2025-06-06;;;novo_em_relatorio
SOMATULINE AUTOGEL;BEAUFOUR IPSEN FARMACÊUTICA LTDA;07.718.721/0001-80;83708251;20/01/2025;;2025-01-20;;;novo_em_relatorio
RUDITE;EMS S/A;57.507.378/0003-65;1064427243;05/08/2024;;2024-08-05;;;novo_em_relatorio
SANCOL;ACHÉ LABORATÓRIOS FARMACÊUTICOS S.A;60.659.463/0029-92;949269247;11/07/2024;;2024-07-11;;;novo_em_relatorio
AZENTEX;CRISTÁLIA PRODUTOS QUÍMICOS FARMACÊUTICOS LTDA.;44.734.671/0001-51;1300714239;22/11/2023;;2023-11-22;;;novo_em_relatorio
PASSARE;EMS S/A;57.507.378/0003-65;1191815242;29/08/2024;;2024-08-29;;;novo_em_relatorio
FEIBA;TAKEDA PHARMA LTDA.;60.397.775/0001-74;539392251;22/04/2025;;2025-04-22;;;novo_em_relatorio
QUERA;CRISTÁLIA PRODUTOS QUÍMICOS FARMACÊUTICOS LTDA.;44.734.671/0001-51;573796254;29/04/2025;;2025-04-29;;;novo_em_relatorio
cloridrato de metilfenidato;Althaia S.A Indústria Farmacêutica;48.344.725/0007-19;689077254;22/05/2025;;2025-05-22;;;novo_em_relatorio
SYSTEN SEQUI;FARMA VISION IMPORTAÇÃO E EXPORTAÇÃO DE MEDICAMENTOS LTDA;09.058.502/0001-48;1263697241;13/09/2024;;2024-09-13;;;novo_em_relatorio
TAXBAC;VITAMEDIC INDUSTRIA FARMACEUTICA LTDA;30.222.814/0001-31;336776233;04/04/2023;;2023-04-04;;;novo_em_relatorio
PRIVYMTRA;MERCK SHARP & DOHME FARMACEUTICA LTDA.;03.560.974/0001-18;1132768250;22/08/2025;;2025-08-22;;;novo_em_relatorio
pantoprazol sódico sesqui-hidratado;EUROFARMA LABORATÓRIOS S.A.;61.190.096/0001-92;1066421251;14/08/2025;;2025-08-14;;;novo_em_relatorio
albendazol;GEOLAB INDÚSTRIA FARMACÊUTICA S/A;03.485.572/0001-04;334009251;12/03/2025;;2025-03-12;;;novo_em_relatorio
SALONPAS GEL PATCH;HISAMITSU FARMACÊUTICA DO BRASIL LTDA;49.383.250/0001-47;604204230;14/06/2023;;2023-06-14;;;novo_em_relatorio
SYMDULOR SL;ADIUM S.A.;55.980.684/0001-27;605861242;07/05/2024;;2024-05-07;;;novo_em_relatorio
TAXONTAS;ACCORD FARMACÊUTICA LTDA;64.171.697/0001-46;720668239;13/07/2023;;2023-07-13;;;novo_em_relatorio
besilato de anlodipino;MULTILAB INDUSTRIA E COMERCIO DE PRODUTOS FARMACEUTICOS LTDA;92.265.552/0009-05;1438586248;18/10/2024;;2024-10-18;;;novo_em_relatorio
rosuvastatina calcica;BRAINFARMA INDÚSTRIA QUÍMICA E FARMACÊUTICA S.A;05.161.069/0001-10;349089230;06/04/2023;;2023-04-06;;;novo_em_relatorio
FIGMED;CIMED INDUSTRIA S.A;02.814.497/0001-07;4305198223;16/06/2022;;2022-06-16;;;novo_em_relatorio
LISADOR MUSCULAR;COSMED INDUSTRIA DE COSMETICOS E MEDICAMENTOS S.A.;61.082.426/0002-07;368207251;19/03/2025;;2025-03-19;;;novo_em_relatorio
CANCIDAS;MERCK SHARP & DOHME FARMACEUTICA LTDA.;03.560.974/0001-18;215983238;03/03/2023;;2023-03-03;;;novo_em_relatorio
HYBLUT;BRAINFARMA INDÚSTRIA QUÍMICA E FARMACÊUTICA S.A;05.161.069/0001-10;1155539257;28/08/2025;;2025-08-28;;;novo_em_relatorio
drosperinona + etinilestradiol;MULTILAB INDUSTRIA E COMERCIO DE PRODUTOS FARMACEUTICOS LTDA;92.265.552/0009-05;962194255;23/07/2025;;2025-07-23;;;novo_em_relatorio
cloridrato de naratriptana;SANOFI MEDLEY FARMACÊUTICA LTDA.;10.588.595/0010-92;1737673240;19/12/2024;;2024-12-19;;;novo_em_relatorio
MOBALE;EUROFARMA LABORATÓRIOS S.A.;61.190.096/0001-92;327253240;15/03/2024;;2024-03-15;;;novo_em_relatorio
rivaroxabana;SANOFI MEDLEY FARMACÊUTICA LTDA.;10.588.595/0010-92;688965253;22/05/2025;;2025-05-22;;;novo_em_relatorio
montelucaste sódico;CIMED INDUSTRIA S.A;02.814.497/0001-07;1162551259;01/09/2025;;2025-09-01;;;novo_em_relatorio
SOTYKTU;BRISTOL-MYERS SQUIBB FARMACÊUTICA LTDA;56.998.982/0001-07;355480247;21/03/2024;;2024-03-21;;;novo_em_relatorio
ALLESTRA CONTI;ACHÉ LABORATÓRIOS FARMACÊUTICOS S.A;60.659.463/0029-92;1393130232;07/12/2023;;2023-12-07;;;novo_em_relatorio
cloridrato de sertralina;ACHÉ LABORATÓRIOS FARMACÊUTICOS S.A;60.659.463/0029-92;1207129259;11/09/2025;;2025-09-11;;;novo_em_relatorio
PREDNISOLONA;BRAINFARMA INDÚSTRIA QUÍMICA E FARMACÊUTICA S.A;05.161.069/0001-10;584785259;30/04/2025;;2025-04-30;;;novo_em_relatorio
BREZTRI AEROSPHERE;ASTRAZENECA DO BRASIL LTDA;60.318.797/0001-00;1006602259;05/08/2025;;2025-08-05;;;novo_em_relatorio
GABANEURIN;EMS SIGMA PHARMA LTDA;00.923.140/0001-31;1768156247;27/12/2024;;2024-12-27;;;novo_em_relatorio
etoricoxibe;GERMED FARMACEUTICA LTDA;45.992.062/0001-65;1184196257;05/09/2025;;2025-09-05;;;novo_em_relatorio
AVIANT EFE;ORGANON FARMACÊUTICA LTDA.;45.987.013/0001-34;789105233;28/07/2023;;2023-07-28;;;novo_em_relatorio
ATENSINA;Mawdsleys Pharmaceuticals do Brasil Ltda;19.501.429/0001-90;1187927252;08/09/2025;;2025-09-08;;;novo_em_relatorio
nitazoxanida;Althaia S.A Indústria Farmacêutica;48.344.725/0007-19;172634253;07/02/2025;;2025-02-07;;;novo_em_relatorio
IMPLANON;ORGANON FARMACÊUTICA LTDA.;45.987.013/0001-34;693995254;23/05/2025;;2025-05-23;;;novo_em_relatorio
AGLITIL;MULTILAB INDUSTRIA E COMERCIO DE PRODUTOS FARMACEUTICOS LTDA;92.265.552/0009-05;1189886251;08/09/2025;;2025-09-08;;;novo_em_relatorio
SCEMBLIX;NOVARTIS BIOCIENCIAS S.A;56.994.502/0001-30;462351254;03/04/2025;;2025-04-03;;;novo_em_relatorio
cloridrato de donepezila;PHARLAB INDÚSTRIA FARMACÊUTICA S.A.;02.501.297/0001-02;844779253;27/06/2025;;2025-06-27;;;novo_em_relatorio
albendazol;MULTILAB INDUSTRIA E COMERCIO DE PRODUTOS FARMACEUTICOS LTDA;92.265.552/0009-05;4586214228;22/08/2022;;2022-08-22;;;novo_em_relatorio
OMENAX;GEOLAB INDÚSTRIA FARMACÊUTICA S/A;03.485.572/0001-04;4283860221;10/06/2022;;2022-06-10;;;novo_em_relatorio
Blugrip Pelargonium;BRAINFARMA INDÚSTRIA QUÍMICA E FARMACÊUTICA S.A;05.161.069/0001-10;115671234;03/02/2023;;2023-02-03;;;novo_em_relatorio
olmesartana medoxomila;GERMED FARMACEUTICA LTDA;45.992.062/0001-65;923915257;16/07/2025;;2025-07-16;;;novo_em_relatorio
LYBERDIA GOTAS;EMS S/A;57.507.378/0003-65;1192079248;29/08/2024;;2024-08-29;;;novo_em_relatorio
RUNNER;ACHÉ LABORATÓRIOS FARMACÊUTICOS S.A;60.659.463/0029-92;949054241;11/07/2024;;2024-07-11;;;novo_em_relatorio
tacrolimo monoidratado;Camber Farmaceutica Ltda;24.633.934/0001-29;812596242;18/06/2024;;2024-06-18;;;novo_em_relatorio
ácido fusídico + valerato de betametasona;MULTILAB INDUSTRIA E COMERCIO DE PRODUTOS FARMACEUTICOS LTDA;92.265.552/0009-05;682811254;21/05/2025;;2025-05-21;;;novo_em_relatorio
LIFOS;BLAU FARMACÊUTICA S.A.;58.430.828/0001-60;1378843231;05/12/2023;;2023-12-05;;;novo_em_relatorio
ACEFLOR;MULTILAB INDUSTRIA E COMERCIO DE PRODUTOS FARMACEUTICOS LTDA;92.265.552/0009-05;961902256;23/07/2025;;2025-07-23;;;novo_em_relatorio
loratadina;VITAMEDIC INDUSTRIA FARMACEUTICA LTDA;30.222.814/0001-31;1418109240;16/10/2024;;2024-10-16;;;novo_em_relatorio
ENAVO GOTAS;EMS S/A;57.507.378/0003-65;743089251;02/06/2025;;2025-06-02;;;novo_em_relatorio
Upstaza;PTC FARMACEUTICA DO BRASIL LTDA.;25.210.463/0001-09;1383412243;08/10/2024;;2024-10-08;;;novo_em_relatorio
CLORETO DE SÓDIO 0,9% BASA;BASAL INDUSTRIA FARMACEUTICA LTDA;36.526.169/0001-27;952572249;12/07/2024;;2024-07-12;;;novo_em_relatorio
KISUNLA;ELI LILLY DO BRASIL LTDA;43.940.618/0001-44;1028384254;11/08/2025;;2025-08-11;;;novo_em_relatorio
cloreto de sódio;BEKER PRODUTOS FÁRMACO HOSPITALARES LTDA;47.231.121/0001-08;677068255;20/05/2025;;2025-05-20;;;novo_em_relatorio
ibuprofeno;MEDQUIMICA INDUSTRIA FARMACEUTICA LTDA.;17.875.154/0001-20;1283012243;18/09/2024;;2024-09-18;;;novo_em_relatorio
trometamol cetorolaco;LEGRAND PHARMA INDÚSTRIA FARMACÊUTICA LTDA;05.044.984/0001-26;1182698255;05/09/2025;;2025-09-05;;;novo_em_relatorio
bromidrato de vortioxetina;EUROFARMA LABORATÓRIOS S.A.;61.190.096/0001-92;371310253;19/03/2025;;2025-03-19;;;novo_em_relatorio
cloreto de sódio 0,9%;COPERMED COMERCIAL IMPORTADORA LTDA;09.029.404/0001-82;1438262248;18/10/2024;;2024-10-18;;;novo_em_relatorio
DIMESILATO DE LISDEXANFETAMINA;EMS S/A;57.507.378/0003-65;923993258;16/07/2025;;2025-07-16;;;novo_em_relatorio
dapagliflozina;MEDQUIMICA INDUSTRIA FARMACEUTICA LTDA.;17.875.154/0001-20;1158245254;29/08/2025;;2025-08-29;;;novo_em_relatorio
CYDIKRIZ;DR. REDDYS FARMACÊUTICA DO BRASIL LTDA;03.978.166/0001-75;680889256;21/05/2025;;2025-05-21;;;novo_em_relatorio
INTRATECT;GRIFOLS BRASIL LTDA;02.513.899/0001-71;752236253;03/06/2025;;2025-06-03;;;novo_em_relatorio
ELEVIDYS;PRODUTOS ROCHE QUÍMICOS E FARMACÊUTICOS S.A.;33.009.945/0001-23;910301255;11/07/2025;;2025-07-11;;;novo_em_relatorio
BUSONID;ACHÉ LABORATÓRIOS FARMACÊUTICOS S.A;60.659.463/0029-92;1118311248;15/08/2024;;2024-08-15;;;novo_em_relatorio
MOTIX;FARMOQUÍMICA S/A;33.349.473/0001-58;1016023243;25/07/2024;;2024-07-25;;;novo_em_relatorio
LUSANDA;ADIUM S.A.;55.980.684/0001-27;556058259;25/04/2025;;2025-04-25;;;novo_em_relatorio
Nutriflex Lipid;LABORATORIOS B. BRAUN S/A;31.673.254/0001-02;659897253;15/05/2025;;2025-05-15;;;novo_em_relatorio
SOLIRIS;ASTRAZENECA DO BRASIL LTDA;60.318.797/0001-00;1718787243;17/12/2024;;2024-12-17;;;novo_em_relatorio
VEGAPALI;ADIUM S.A.;55.980.684/0001-27;385384254;21/03/2025;;2025-03-21;;;novo_em_relatorio
ELAHERE;ABBVIE FARMACÊUTICA LTDA.;15.800.545/0001-50;1163454257;01/09/2025;;2025-09-01;;;novo_em_relatorio
ibuprofeno;PHARLAB INDÚSTRIA FARMACÊUTICA S.A.;02.501.297/0001-02;506012255;14/04/2025;;2025-04-14;;;novo_em_relatorio
OZURDEX;ABBVIE FARMACÊUTICA LTDA.;15.800.545/0001-50;106660241;29/01/2024;;2024-01-29;;;novo_em_relatorio
CYTOVINEX;BLAU FARMACÊUTICA S.A.;58.430.828/0001-60;612922251;07/05/2025;;2025-05-07;;;novo_em_relatorio
WINREVAIR;MERCK SHARP & DOHME FARMACEUTICA LTDA.;03.560.974/0001-18;762539259;05/06/2025;;2025-06-05;;;novo_em_relatorio
KETALGI;SUPERA FARMA LABORATÓRIOS S.A;43.312.503/0001-05;1128077256;21/08/2025;;2025-08-21;;;novo_em_relatorio
isotretinoína;Althaia S.A Indústria Farmacêutica;48.344.725/0007-19;631985255;09/05/2025;;2025-05-09;;;novo_em_relatorio
NORTRY;LABORATÓRIO TEUTO BRASILEIRO S/A;17.159.229/0001-76;1133392253;22/08/2025;;2025-08-22;;;novo_em_relatorio
BENEDESC PLUS;COSMED INDUSTRIA DE COSMETICOS E MEDICAMENTOS S.A.;61.082.426/0002-07;552163252;24/04/2025;;2025-04-24;;;novo_em_relatorio
DECONLERG;ACHÉ LABORATÓRIOS FARMACÊUTICOS S.A;60.659.463/0029-92;923134255;16/07/2025;;2025-07-16;;;novo_em_relatorio
NUTRIFLEX;LABORATORIOS B. BRAUN S/A;31.673.254/0001-02;658344251;15/05/2025;;2025-05-15;;;novo_em_relatorio
vacina DTPa-HB-IPV-Hib adsorvida difteria, tétano, pertussis (acelular), hepatite B (recombinante), poliomielite 1, 2 e 3 (inativada) e Haemophilus influenzae B (conjugada);FUNDAÇÃO OSWALDO CRUZ;33.781.055/0001-35;975177257;28/07/2025;;2025-07-28;;;novo_em_relatorio
CASTANHA DA ÍNDIA LABORATÓRIOS OSÓRIO DE MORAES;LABORATÓRIOS OSÓRIO DE MORAES LTDA;19.791.813/0001-75;1723943240;17/12/2024;;2024-12-17;;;novo_em_relatorio
ALHEMO®;NOVO NORDISK FARMACÊUTICA DO BRASIL LTDA;82.277.955/0001-55;652157254;14/05/2025;;2025-05-14;;;novo_em_relatorio
VORANIGO;LABORATÓRIOS SERVIER DO BRASIL LTDA;42.374.207/0001-76;1026398258;11/08/2025;;2025-08-11;;;novo_em_relatorio
OSELGUARD;HEMAFARMA COM E IND FARMACEUTICA LTDA;30.332.829/0001-52;746091257;02/06/2025;;2025-06-02;;;novo_em_relatorio
COXDUO;TEVA FARMACÊUTICA LTDA.;05.333.542/0001-08;1278843248;17/09/2024;;2024-09-17;;;novo_em_relatorio
drospirenona + etinilestradiol;ACHÉ LABORATÓRIOS FARMACÊUTICOS S.A;60.659.463/0029-92;1002703255;04/08/2025;;2025-08-04;;;novo_em_relatorio
pantoprazol sódico sesqui-hidratado;SANOFI MEDLEY FARMACÊUTICA LTDA.;10.588.595/0010-92;864511256;02/07/2025;;2025-07-02;;;novo_em_relatorio
LIND;EUROFARMA LABORATÓRIOS S.A.;61.190.096/0001-92;933078251;18/07/2025;;2025-07-18;;;novo_em_relatorio
LISDEV;EUROFARMA LABORATÓRIOS S.A.;61.190.096/0001-92;932991254;18/07/2025;;2025-07-18;;;novo_em_relatorio
DEKSA;SUPERA FARMA LABORATÓRIOS S.A;43.312.503/0001-05;966753259;24/07/2025;;2025-07-24;;;novo_em_relatorio
SUNAM;SUN FARMACÊUTICA DO BRASIL LTDA;05.035.244/0001-23;509891250;14/04/2025;;2025-04-14;;;novo_em_relatorio
NEULEPTIL;BLANVER FARMOQUIMICA E FARMACEUTICA S.A.;53.359.824/0001-19;445981253;01/04/2025;;2025-04-01;;;novo_em_relatorio
MUCOS EXPEC;LEGRAND PHARMA INDÚSTRIA FARMACÊUTICA LTDA;05.044.984/0001-26;1173406255;03/09/2025;;2025-09-03;;;novo_em_relatorio
telmisartana + hidroclorotiazida;LABORATÓRIO TEUTO BRASILEIRO S/A;17.159.229/0001-76;1260490246;13/09/2024;;2024-09-13;;;novo_em_relatorio
ácido zoledrônico;ACCORD FARMACÊUTICA LTDA;64.171.697/0001-46;901306231;25/08/2023;;2023-08-25;;;novo_em_relatorio
celecoxibe;BRAINFARMA INDÚSTRIA QUÍMICA E FARMACÊUTICA S.A;05.161.069/0001-10;326047255;11/03/2025;;2025-03-11;;;novo_em_relatorio
XADAGO;ZAMBON LABORATÓRIOS FARMACÊUTICOS LTDA.;61.100.004/0001-36;1686073241;10/12/2024;;2024-12-10;;;novo_em_relatorio
LOKELMA;ASTRAZENECA DO BRASIL LTDA;60.318.797/0001-00;969855257;25/07/2025;;2025-07-25;;;novo_em_relatorio
cloridrato de donepezila;EMS S/A;57.507.378/0003-65;645420255;13/05/2025;;2025-05-13;;;novo_em_relatorio
meropeném;BLAU FARMACÊUTICA S.A.;58.430.828/0001-60;1219880248;04/09/2024;;2024-09-04;;;novo_em_relatorio
pantoprazol magnésico di-hidratado;EMS S/A;57.507.378/0003-65;297489259;05/03/2025;;2025-03-05;;;novo_em_relatorio
cloridrato de memantina;SANOFI MEDLEY FARMACÊUTICA LTDA.;10.588.595/0010-92;615463258;07/05/2025;;2025-05-07;;;novo_em_relatorio
DOMPED;ACHÉ LABORATÓRIOS FARMACÊUTICOS S.A;60.659.463/0029-92;3233349211;17/08/2021;;2021-08-17;;;novo_em_relatorio
Trumenba;PFIZER BRASIL LTDA;61.072.393/0001-33;1181280257;05/09/2025;;2025-09-05;;;novo_em_relatorio
TOUJEO;SANOFI MEDLEY FARMACÊUTICA LTDA.;10.588.595/0010-92;834465256;25/06/2025;;2025-06-25;;;novo_em_relatorio
entecavir;FUNDAÇÃO EZEQUIEL DIAS - FUNED;17.503.475/0001-01;1563830248;13/11/2024;;2024-11-13;;;novo_em_relatorio
Palexis® LP;GRÜNENTHAL DO BRASIL FARMACÊUTICA LTDA.;10.555.143/0001-13;1280437243;17/09/2024;;2024-09-17;;;novo_em_relatorio
SUKHI;SUN FARMACÊUTICA DO BRASIL LTDA;05.035.244/0001-23;861644255;01/07/2025;;2025-07-01;;;novo_em_relatorio
MIRUGELL;CRISTÁLIA PRODUTOS QUÍMICOS FARMACÊUTICOS LTDA.;44.734.671/0001-51;759839247;06/06/2024;;2024-06-06;;;novo_em_relatorio
BRONDELIX;EMS S/A;57.507.378/0003-65;176340246;15/02/2024;;2024-02-15;;;novo_em_relatorio
VOFLUR;UNIÃO QUÍMICA FARMACÊUTICA NACIONAL S/A;60.665.981/0001-18;477166253;07/04/2025;;2025-04-07;;;novo_em_relatorio
VAXIGRIP TETRA;SANOFI MEDLEY FARMACÊUTICA LTDA.;10.588.595/0010-92;443483256;01/04/2025;;2025-04-01;;;novo_em_relatorio
USOLEG;LEGRAND PHARMA INDÚSTRIA FARMACÊUTICA LTDA;05.044.984/0001-26;862750253;01/07/2025;;2025-07-01;;;novo_em_relatorio
ALFAINTERFERONA 2B (RECOMBINANTE);ACHÉ LABORATÓRIOS FARMACÊUTICOS S.A;60.659.463/0029-92;212212249;22/02/2024;;2024-02-22;;;novo_em_relatorio
TOBRACIN;CRISTÁLIA PRODUTOS QUÍMICOS FARMACÊUTICOS LTDA.;44.734.671/0001-51;997301252;01/08/2025;;2025-08-01;;;novo_em_relatorio
XGEVA;AMGEN BIOTECNOLOGIA DO BRASIL LTDA.;18.774.815/0001-93;1488629242;29/10/2024;;2024-10-29;;;novo_em_relatorio
OXCARBAZEPINA;TORRENT DO BRASIL LTDA;33.078.528/0001-32;681628251;21/05/2025;;2025-05-21;;;novo_em_relatorio
LUNAH;CRISTÁLIA PRODUTOS QUÍMICOS FARMACÊUTICOS LTDA.;44.734.671/0001-51;754315240;05/06/2024;;2024-06-05;;;novo_em_relatorio
CHOPHYTOL;MR PHARMA LTDA;23.668.196/0001-92;870459252;02/07/2025;;2025-07-02;;;novo_em_relatorio
atenolol + clortalidona;ACHÉ LABORATÓRIOS FARMACÊUTICOS S.A;60.659.463/0029-92;1204511210;29/03/2021;;2021-03-29;;;novo_em_relatorio
TAVAFLOX;EMS SIGMA PHARMA LTDA;00.923.140/0001-31;571795251;28/04/2025;;2025-04-28;;;novo_em_relatorio
MYOZYME;SANOFI MEDLEY FARMACÊUTICA LTDA.;10.588.595/0010-92;709773251;26/05/2025;;2025-05-26;;;novo_em_relatorio
hemifumarato de quetiapina;ACHÉ LABORATÓRIOS FARMACÊUTICOS S.A;60.659.463/0029-92;1006792252;05/08/2025;;2025-08-05;;;novo_em_relatorio
METRONIDAZOL;HALEX ISTAR INDÚSTRIA FARMACÊUTICA SA;01.571.702/0001-98;226806235;07/03/2023;;2023-03-07;;;novo_em_relatorio
risperidona;NOVARTIS BIOCIENCIAS S.A;56.994.502/0001-30;858451255;30/06/2025;;2025-06-30;;;novo_em_relatorio
CLEXANE;SANOFI MEDLEY FARMACÊUTICA LTDA.;10.588.595/0010-92;638710251;12/05/2025;;2025-05-12;;;novo_em_relatorio
BENEFIX;PFIZER BRASIL LTDA;61.072.393/0001-33;1567331246;14/11/2024;;2024-11-14;;;novo_em_relatorio
TILESTAL;MYRALIS INDÚSTRIA FARMACÊUTICA LTDA;17.440.261/0001-25;1190131251;08/09/2025;;2025-09-08;;;novo_em_relatorio
HELIORAL;FARMOQUÍMICA S/A;33.349.473/0001-58;1371789231;04/12/2023;;2023-12-04;;;novo_em_relatorio
amoxicilina + clavulanato de potássio;RANBAXY FARMACÊUTICA LTDA;73.663.650/0001-90;1112375252;18/08/2025;;2025-08-18;;;novo_em_relatorio
FINASTERIDA;PRATI DONADUZZI & CIA LTDA;73.856.593/0001-66;652648258;14/05/2025;;2025-05-14;;;novo_em_relatorio
CEREZYME;SANOFI MEDLEY FARMACÊUTICA LTDA.;10.588.595/0010-92;168753251;06/02/2025;;2025-02-06;;;novo_em_relatorio
BENEGRIP MULTI NOITE;COSMED INDUSTRIA DE COSMETICOS E MEDICAMENTOS S.A.;61.082.426/0002-07;1435464249;18/10/2024;;2024-10-18;;;novo_em_relatorio
apixabana;NATCOFARMA DO BRASIL LTDA;08.157.293/0001-27;1714929248;16/12/2024;;2024-12-16;;;novo_em_relatorio
LASIX;SANOFI MEDLEY FARMACÊUTICA LTDA.;10.588.595/0010-92;1232203246;06/09/2024;;2024-09-06;;;novo_em_relatorio
MYLVESTON;VIATRIS FARMACEUTICA DO BRASIL LTDA;11.643.096/0001-22;4986590227;28/11/2022;;2022-11-28;;;novo_em_relatorio
EMPAK;BIOLAB SANUS FARMACÊUTICA LTDA;49.475.833/0001-06;300187254;05/03/2025;;2025-03-05;;;novo_em_relatorio
levetiracetam;ADIUM S.A.;55.980.684/0001-27;150064250;03/02/2025;;2025-02-03;;;novo_em_relatorio
rivaroxabana;ACCORD FARMACÊUTICA LTDA;64.171.697/0001-46;4734857229;23/09/2022;;2022-09-23;;;novo_em_relatorio
TESS;UNIÃO QUÍMICA FARMACÊUTICA NACIONAL S/A;60.665.981/0001-18;289025257;28/02/2025;;2025-02-28;;;novo_em_relatorio
clotrimazol;BELFAR LTDA;18.324.343/0001-77;1196310246;30/08/2024;;2024-08-30;;;novo_em_relatorio
YESCARTA;GILEAD SCIENCES FARMACEUTICA DO BRASIL LTDA;15.670.288/0001-89;1580631240;18/11/2024;;2024-11-18;;;novo_em_relatorio
FITOVITAL;LABORATORIO CATARINENSE LTDA;84.684.620/0001-87;782886256;10/06/2025;;2025-06-10;;;novo_em_relatorio
cloridrato de ciclobenzaprina;VITAMEDIC INDUSTRIA FARMACEUTICA LTDA;30.222.814/0001-31;529608251;17/04/2025;;2025-04-17;;;novo_em_relatorio
XELJANZ;PFIZER BRASIL LTDA;61.072.393/0001-33;42563259;13/01/2025;;2025-01-13;;;novo_em_relatorio
STILRAM SL;LEGRAND PHARMA INDÚSTRIA FARMACÊUTICA LTDA;05.044.984/0001-26;54778255;14/01/2025;;2025-01-14;;;novo_em_relatorio
FORMYN;MULTILAB INDUSTRIA E COMERCIO DE PRODUTOS FARMACEUTICOS LTDA;92.265.552/0009-05;1182631258;05/09/2025;;2025-09-05;;;novo_em_relatorio
HYFREN;HYPOFARMA - INSTITUTO DE HYPODERMIA E FARMÁCIA LTDA;17.174.657/0001-78;558529259;25/04/2025;;2025-04-25;;;novo_em_relatorio
ADACEL;SANOFI MEDLEY FARMACÊUTICA LTDA.;10.588.595/0010-92;923259252;16/07/2025;;2025-07-16;;;novo_em_relatorio
cloridrato de erlotinibe;ZYDUS NIKKHO FARMACÊUTICA LTDA;05.254.971/0001-81;1015280234;25/09/2023;;2023-09-25;;;novo_em_relatorio
BRYST;LABORATÓRIO QUÍMICO FARMACÊUTICO BERGAMO LTDA;61.282.661/0001-41;815049251;18/06/2025;;2025-06-18;;;novo_em_relatorio
FLUCAZOL;CRISTÁLIA PRODUTOS QUÍMICOS FARMACÊUTICOS LTDA.;44.734.671/0001-51;690756241;23/05/2024;;2024-05-23;;;novo_em_relatorio
ciprofibrato;SANOFI MEDLEY FARMACÊUTICA LTDA.;10.588.595/0010-92;221125256;17/02/2025;;2025-02-17;;;novo_em_relatorio
bromoprida;FRESENIUS KABI BRASIL LTDA;49.324.221/0001-04;1603558241;22/11/2024;;2024-11-22;;;novo_em_relatorio
CIPROCILIN;LEGRAND PHARMA INDÚSTRIA FARMACÊUTICA LTDA;05.044.984/0001-26;368200256;19/03/2025;;2025-03-19;;;novo_em_relatorio
PREGNOLAN;CIFARMA CIENTÍFICA FARMACÊUTICA LTDA;17.562.075/0001-69;1627054243;28/11/2024;;2024-11-28;;;novo_em_relatorio
LORATAMED;CIMED INDUSTRIA S.A;02.814.497/0001-07;960633251;23/07/2025;;2025-07-23;;;novo_em_relatorio
ULTRAPROCT LDO;MOKSHA8 BRASIL INDUSTRIA E COMERCIO DE MEDICAMENTOS LTDA;07.591.326/0001-80;15775241;05/01/2024;;2024-01-05;;;novo_em_relatorio
LAKOS;LIBBS FARMACÊUTICA LTDA;61.230.314/0001-75;155290258;04/02/2025;;2025-02-04;;;novo_em_relatorio
REMISTESI;UNIÃO QUÍMICA FARMACÊUTICA NACIONAL S/A;60.665.981/0001-18;1477803238;27/12/2023;;2023-12-27;;;novo_em_relatorio
SYSTEN CONTI;FARMA VISION IMPORTAÇÃO E EXPORTAÇÃO DE MEDICAMENTOS LTDA;09.058.502/0001-48;1263654240;13/09/2024;;2024-09-13;;;novo_em_relatorio
NEO LORATADIN;BRAINFARMA INDÚSTRIA QUÍMICA E FARMACÊUTICA S.A;05.161.069/0001-10;3352414211;25/08/2021;;2021-08-25;;;novo_em_relatorio
NALBLI;HALEX ISTAR INDÚSTRIA FARMACÊUTICA SA;01.571.702/0001-98;4633168223;31/08/2022;;2022-08-31;;;novo_em_relatorio
GHEMAXAN;BIOMM SA;04.752.991/0001-10;1022117254;08/08/2025;;2025-08-08;;;novo_em_relatorio
bromidrato de vortioxetina;Althaia S.A Indústria Farmacêutica;48.344.725/0007-19;649037251;14/05/2025;;2025-05-14;;;novo_em_relatorio
ibuprofeno;GEOLAB INDÚSTRIA FARMACÊUTICA S/A;03.485.572/0001-04;1735652245;19/12/2024;;2024-12-19;;;novo_em_relatorio
atorvastatina cálcica;GEOLAB INDÚSTRIA FARMACÊUTICA S/A;03.485.572/0001-04;792568257;12/06/2025;;2025-06-12;;;novo_em_relatorio
ISON;UNIÃO QUÍMICA FARMACÊUTICA NACIONAL S/A;60.665.981/0001-18;1157488251;29/08/2025;;2025-08-29;;;novo_em_relatorio
Rybelsus;NOVO NORDISK FARMACÊUTICA DO BRASIL LTDA;82.277.955/0001-55;910793255;11/07/2025;;2025-07-11;;;novo_em_relatorio
tiocolchicosídeo;FRESENIUS KABI BRASIL LTDA;49.324.221/0001-04;151900256;04/02/2025;;2025-02-04;;;novo_em_relatorio
Xeomin;MERZ FARMACÊUTICA COMERCIAL LTDA;11.681.446/0001-45;289183251;28/02/2025;;2025-02-28;;;novo_em_relatorio
HEZO;SUPERA FARMA LABORATÓRIOS S.A;43.312.503/0001-05;934553254;18/07/2025;;2025-07-18;;;novo_em_relatorio
CLARISCAN;GE HEALTHCARE DO BRASIL COMÉRCIO E SERVIÇOS PARA EQUIPAMENTOS MEDICO-HOSPITALARES LTDA;00.029.372/0001-40;780135245;11/06/2024;;2024-06-11;;;novo_em_relatorio
PERLID;PRATI DONADUZZI & CIA LTDA;73.856.593/0001-66;379071258;20/03/2025;;2025-03-20;;;novo_em_relatorio
FLAGYL;SANOFI MEDLEY FARMACÊUTICA LTDA.;10.588.595/0010-92;991732251;31/07/2025;;2025-07-31;;;novo_em_relatorio
dutasterida + cloridrato de tansulosina;APSEN FARMACEUTICA S/A;62.462.015/0001-29;1073825256;14/08/2025;;2025-08-14;;;novo_em_relatorio
LYSDEXA;LIBBS FARMACÊUTICA LTDA;61.230.314/0001-75;1190660253;08/09/2025;;2025-09-08;;;novo_em_relatorio
hemitartarato de zolpidem;EUROFARMA LABORATÓRIOS S.A.;61.190.096/0001-92;1597137243;21/11/2024;;2024-11-21;;;novo_em_relatorio
AMCLAVU;UNIÃO QUÍMICA FARMACÊUTICA NACIONAL S/A;60.665.981/0001-18;1150443251;27/08/2025;;2025-08-27;;;novo_em_relatorio
TANSUDART;GLAXOSMITHKLINE BRASIL LTDA;33.247.743/0001-10;1486596240;29/10/2024;;2024-10-29;;;novo_em_relatorio
VENDEXLA;EUROFARMA LABORATÓRIOS S.A.;61.190.096/0001-92;1074960238;09/10/2023;;2023-10-09;;;novo_em_relatorio
ceftriaxona dissódica;BLAU FARMACÊUTICA S.A.;58.430.828/0001-60;67077242;18/01/2024;;2024-01-18;;;novo_em_relatorio
prednisolona;BRAINFARMA INDÚSTRIA QUÍMICA E FARMACÊUTICA S.A;05.161.069/0001-10;586730257;30/04/2025;;2025-04-30;;;novo_em_relatorio
LISADOR CÓLICA;COSMED INDUSTRIA DE COSMETICOS E MEDICAMENTOS S.A.;61.082.426/0002-07;707651239;10/07/2023;;2023-07-10;;;novo_em_relatorio
ROSUSTATIN;MULTILAB INDUSTRIA E COMERCIO DE PRODUTOS FARMACEUTICOS LTDA;92.265.552/0009-05;1173356258;03/09/2025;;2025-09-03;;;novo_em_relatorio
MELOCOX ODT;EUROFARMA LABORATÓRIOS S.A.;61.190.096/0001-92;57300241;17/01/2024;;2024-01-17;;;novo_em_relatorio
CALQUENCE COMPRIMIDOS;ASTRAZENECA DO BRASIL LTDA;60.318.797/0001-00;867636254;02/07/2025;;2025-07-02;;;novo_em_relatorio
cloridrato de paroxetina;MULTILAB INDUSTRIA E COMERCIO DE PRODUTOS FARMACEUTICOS LTDA;92.265.552/0009-05;301022259;05/03/2025;;2025-03-05;;;novo_em_relatorio
pitavastatina cálcica;BIOLAB SANUS FARMACÊUTICA LTDA;49.475.833/0001-06;52856259;14/01/2025;;2025-01-14;;;novo_em_relatorio
ZALERV;KLEY HERTZ FARMACEUTICA S.A;92.695.691/0001-03;907953255;11/07/2025;;2025-07-11;;;novo_em_relatorio
cloridrato de sibutramina monoidratado;MULTILAB INDUSTRIA E COMERCIO DE PRODUTOS FARMACEUTICOS LTDA;92.265.552/0009-05;1140141252;25/08/2025;;2025-08-25;;;novo_em_relatorio
olmesartana medoxomila;SANOFI MEDLEY FARMACÊUTICA LTDA.;10.588.595/0010-92;648840255;14/05/2025;;2025-05-14;;;novo_em_relatorio
RELYON;ACHÉ LABORATÓRIOS FARMACÊUTICOS S.A;60.659.463/0029-92;1456311239;21/12/2023;;2023-12-21;;;novo_em_relatorio
APRETUDE;GLAXOSMITHKLINE BRASIL LTDA;33.247.743/0001-10;1367764246;04/10/2024;;2024-10-04;;;novo_em_relatorio
LEMONT;EUROFARMA LABORATÓRIOS S.A.;61.190.096/0001-92;915621240;04/07/2024;;2024-07-04;;;novo_em_relatorio
trometamol cetorolaco;EMS S/A;57.507.378/0003-65;1182273254;05/09/2025;;2025-09-05;;;novo_em_relatorio
SIGMASPORIN MICRORAL;GERMED FARMACEUTICA LTDA;45.992.062/0001-65;882156241;27/06/2024;;2024-06-27;;;novo_em_relatorio
CAPEDUC;CRISTÁLIA PRODUTOS QUÍMICOS FARMACÊUTICOS LTDA.;44.734.671/0001-51;1443553247;21/10/2024;;2024-10-21;;;novo_em_relatorio
RESFEGRIPE;MULTILAB INDUSTRIA E COMERCIO DE PRODUTOS FARMACEUTICOS LTDA;92.265.552/0009-05;4946092226;17/11/2022;;2022-11-17;;;novo_em_relatorio
LIVALO;BIOLAB SANUS FARMACÊUTICA LTDA;49.475.833/0001-06;1736787241;19/12/2024;;2024-12-19;;;novo_em_relatorio
metildopa;HIPOLABOR FARMACEUTICA LTDA;19.570.720/0001-10;1414598246;15/10/2024;;2024-10-15;;;novo_em_relatorio
parecoxibe sódico;MANDALA BRASIL IMPORTAÇÃO E DISTRIBUIÇÃO DE PRODUTO MÉDICO HOSPITALAR LTDA;09.117.476/0001-81;44705255;13/01/2025;;2025-01-13;;;novo_em_relatorio
LEPONEX;VIATRIS FARMACEUTICA DO BRASIL LTDA;11.643.096/0001-22;961719249;15/07/2024;;2024-07-15;;;novo_em_relatorio
isotretinoína;EUROFARMA LABORATÓRIOS S.A.;61.190.096/0001-92;848569245;21/06/2024;;2024-06-21;;;novo_em_relatorio
Salonpas Gel;HISAMITSU FARMACÊUTICA DO BRASIL LTDA;49.383.250/0001-47;604186231;14/06/2023;;2023-06-14;;;novo_em_relatorio
cloridrato de lercanidipino;MULTILAB INDUSTRIA E COMERCIO DE PRODUTOS FARMACEUTICOS LTDA;92.265.552/0009-05;1158605251;29/08/2025;;2025-08-29;;;novo_em_relatorio
dipirona;CIMED INDUSTRIA S.A;02.814.497/0001-07;535155255;22/04/2025;;2025-04-22;;;novo_em_relatorio
pregabalina;PHARLAB INDÚSTRIA FARMACÊUTICA S.A.;02.501.297/0001-02;4886396224;31/10/2022;;2022-10-31;;;novo_em_relatorio
ESOP;MULTILAB INDUSTRIA E COMERCIO DE PRODUTOS FARMACEUTICOS LTDA;92.265.552/0009-05;644439254;13/05/2025;;2025-05-13;;;novo_em_relatorio
dimenidrinato + cloridrato de piridoxina;VITAMEDIC INDUSTRIA FARMACEUTICA LTDA;30.222.814/0001-31;1177919249;27/08/2024;;2024-08-27;;;novo_em_relatorio
OLIRE;EMS S/A;57.507.378/0003-65;982753250;29/07/2025;;2025-07-29;;;novo_em_relatorio
levetiracetam;EMS S/A;57.507.378/0003-65;1106711246;13/08/2024;;2024-08-13;;;novo_em_relatorio
DERADOP XL;MULTILAB INDUSTRIA E COMERCIO DE PRODUTOS FARMACEUTICOS LTDA;92.265.552/0009-05;199847258;12/02/2025;;2025-02-12;;;novo_em_relatorio
ORGALUTRAN;ORGANON FARMACÊUTICA LTDA.;45.987.013/0001-34;664782256;16/05/2025;;2025-05-16;;;novo_em_relatorio
NORADOP;MULTILAB INDUSTRIA E COMERCIO DE PRODUTOS FARMACEUTICOS LTDA;92.265.552/0009-05;857746251;30/06/2025;;2025-06-30;;;novo_em_relatorio
CLIMENE;UNIÃO QUÍMICA FARMACÊUTICA NACIONAL S/A;60.665.981/0001-18;109543246;29/01/2024;;2024-01-29;;;novo_em_relatorio
BUSCOPAN PEDIÁTRICO;COSMED INDUSTRIA DE COSMETICOS E MEDICAMENTOS S.A.;61.082.426/0002-07;707636230;10/07/2023;;2023-07-10;;;novo_em_relatorio
LECZA XR;APSEN FARMACEUTICA S/A;62.462.015/0001-29;1669320243;06/12/2024;;2024-12-06;;;novo_em_relatorio
cloridrato de sertralina;BELFAR LTDA;18.324.343/0001-77;283216255;27/02/2025;;2025-02-27;;;novo_em_relatorio
ciprofibrato;MEDQUIMICA INDUSTRIA FARMACEUTICA LTDA.;17.875.154/0001-20;264928253;25/02/2025;;2025-02-25;;;novo_em_relatorio
FOSTIMON-M;Besins Healthcare Brasil Comercial e Distribuidora de Medicamentos Ltda;11.082.598/0003-93;753990245;05/06/2024;;2024-06-05;;;novo_em_relatorio
VONSET;UNIÃO QUÍMICA FARMACÊUTICA NACIONAL S/A;60.665.981/0001-18;547066244;25/04/2024;;2024-04-25;;;novo_em_relatorio
DIPIDOR;HIPOLABOR FARMACEUTICA LTDA;19.570.720/0001-10;751887242;05/06/2024;;2024-06-05;;;novo_em_relatorio
cloridrato de trazodona;MEDQUIMICA INDUSTRIA FARMACEUTICA LTDA.;17.875.154/0001-20;678162255;20/05/2025;;2025-05-20;;;novo_em_relatorio
BENGPRO;EMS S/A;57.507.378/0003-65;228588251;18/02/2025;;2025-02-18;;;novo_em_relatorio
Pentalac;BELFAR LTDA;18.324.343/0001-77;149942257;03/02/2025;;2025-02-03;;;novo_em_relatorio
MIORRELAX;BRAINFARMA INDÚSTRIA QUÍMICA E FARMACÊUTICA S.A;05.161.069/0001-10;805278257;16/06/2025;;2025-06-16;;;novo_em_relatorio
BESREMI;PINT PHARMA PRODUTOS MEDICO-HOSPITALARES E FARMACEUTICOS LTDA;21.896.000/0001-91;838980252;26/06/2025;;2025-06-26;;;novo_em_relatorio
MUCOSOLVAN;OPELLA HEALTHCARE BRAZIL LTDA;38.391.432/0001-43;1594280240;21/11/2024;;2024-11-21;;;novo_em_relatorio
GLICONATO DE CÁLCIO;FARMARIN INDUSTRIA E COMERCIO LTDA;58.635.830/0001-75;978030257;28/07/2025;;2025-07-28;;;novo_em_relatorio
DOBLE;BIOLAB SANUS FARMACÊUTICA LTDA;49.475.833/0001-06;958750254;23/07/2025;;2025-07-23;;;novo_em_relatorio
HYMPAVZI;PFIZER BRASIL LTDA;61.072.393/0001-33;971262250;25/07/2025;;2025-07-25;;;novo_em_relatorio
KETHOL;GERMED FARMACEUTICA LTDA;45.992.062/0001-65;1182330258;05/09/2025;;2025-09-05;;;novo_em_relatorio
Strensiq;ASTRAZENECA DO BRASIL LTDA;60.318.797/0001-00;1148629254;27/08/2025;;2025-08-27;;;novo_em_relatorio
dicloridrato de daclatasvir;FUNDAÇÃO OSWALDO CRUZ;33.781.055/0001-35;551802251;24/04/2025;;2025-04-24;;;novo_em_relatorio
SEMTRI;BIOLAB SANUS FARMACÊUTICA LTDA;49.475.833/0001-06;457961252;03/04/2025;;2025-04-03;;;novo_em_relatorio
citrato de tamoxifeno;EUROFARMA LABORATÓRIOS S.A.;61.190.096/0001-92;1133116256;22/08/2025;;2025-08-22;;;novo_em_relatorio
cloridrato de tramadol;INSTITUTO BIOCHIMICO INDÚSTRIA FARMACÊUTICA LTDA;33.258.401/0001-03;1745075241;20/12/2024;;2024-12-20;;;novo_em_relatorio
BENGPRO;EMS S/A;57.507.378/0003-65;228709253;18/02/2025;;2025-02-18;;;novo_em_relatorio
THIABEN;BELFAR LTDA;18.324.343/0001-77;290423252;28/02/2025;;2025-02-28;;;novo_em_relatorio
UNYCA;COSMED INDUSTRIA DE COSMETICOS E MEDICAMENTOS S.A.;61.082.426/0002-07;515016250;15/04/2025;;2025-04-15;;;novo_em_relatorio
SINVASCOR EZE;LABORATÓRIOS BALDACCI LTDA;61.150.447/0001-31;857063251;30/06/2025;;2025-06-30;;;novo_em_relatorio
PRODYGO;LABORATÓRIO GROSS S. A.;33.145.194/0001-72;197845258;12/02/2025;;2025-02-12;;;novo_em_relatorio
PROPIOSOL;BRAINFARMA INDÚSTRIA QUÍMICA E FARMACÊUTICA S.A;05.161.069/0001-10;403435251;25/03/2025;;2025-03-25;;;novo_em_relatorio
ONZUK;DIFFUCAP - CHEMOBRÁS QUÍMICA E FARMACÊUTICA LTDA;42.457.796/0001-56;1169007252;02/09/2025;;2025-09-02;;;novo_em_relatorio
PIOMI;MYRALIS INDÚSTRIA FARMACÊUTICA LTDA;17.440.261/0001-25;580923258;30/04/2025;;2025-04-30;;;novo_em_relatorio
Choriomon-M;Besins Healthcare Brasil Comercial e Distribuidora de Medicamentos Ltda;11.082.598/0003-93;1506172245;01/11/2024;;2024-11-01;;;novo_em_relatorio
cloridrato de bupropiona + cloridrato de naltrexona;EUROFARMA LABORATÓRIOS S.A.;61.190.096/0001-92;1204370257;10/09/2025;;2025-09-10;;;novo_em_relatorio
BLESTO;EUROFARMA LABORATÓRIOS S.A.;61.190.096/0001-92;298545250;05/03/2025;;2025-03-05;;;novo_em_relatorio
BOTULIM;BLAU FARMACÊUTICA S.A.;58.430.828/0001-60;470452251;04/04/2025;;2025-04-04;;;novo_em_relatorio
ZYNLONTA;PINT PHARMA PRODUTOS MEDICO-HOSPITALARES E FARMACEUTICOS LTDA;21.896.000/0001-91;1170901255;02/09/2025;;2025-09-02;;;novo_em_relatorio
DORE;EUROFARMA LABORATÓRIOS S.A.;61.190.096/0001-92;1526564246;06/11/2024;;2024-11-06;;;novo_em_relatorio
LARC;EUROFARMA LABORATÓRIOS S.A.;61.190.096/0001-92;342838253;13/03/2025;;2025-03-13;;;novo_em_relatorio
COBI-12;APSEN FARMACEUTICA S/A;62.462.015/0001-29;811678253;18/06/2025;;2025-06-18;;;novo_em_relatorio
LEDUO;UNIÃO QUÍMICA FARMACÊUTICA NACIONAL S/A;60.665.981/0001-18;609900251;06/05/2025;;2025-05-06;;;novo_em_relatorio
palbociclibe;CIPLA BRASIL IMPORTADORA E DISTRIBUIDORA DE MEDICAMENTOS LTDA;18.268.051/0001-64;386122253;21/03/2025;;2025-03-21;;;novo_em_relatorio
SUPERHIST;EUROFARMA LABORATÓRIOS S.A.;61.190.096/0001-92;1140416251;25/08/2025;;2025-08-25;;;novo_em_relatorio
ZEUGMA XR;PRATI DONADUZZI & CIA LTDA;73.856.593/0001-66;228620252;18/02/2025;;2025-02-18;;;novo_em_relatorio
GLUNAC DUO;GERMED FARMACEUTICA LTDA;45.992.062/0001-65;1069731251;14/08/2025;;2025-08-14;;;novo_em_relatorio
TOTACEF;EUROFARMA LABORATÓRIOS S.A.;61.190.096/0001-92;13083252;06/01/2025;;2025-01-06;;;novo_em_relatorio
SPARK XR;EUROFARMA LABORATÓRIOS S.A.;61.190.096/0001-92;215677251;14/02/2025;;2025-02-14;;;novo_em_relatorio
INVOLU;EUROFARMA LABORATÓRIOS S.A.;61.190.096/0001-92;1105563243;13/08/2024;;2024-08-13;;;novo_em_relatorio
HEDD;FARMOQUÍMICA S/A;33.349.473/0001-58;424739241;04/04/2024;;2024-04-04;;;novo_em_relatorio
PYCOS;CRISTÁLIA PRODUTOS QUÍMICOS FARMACÊUTICOS LTDA.;44.734.671/0001-51;1608720241;25/11/2024;;2024-11-25;;;novo_em_relatorio
INGLESA SOBRAL;THEODORO F SOBRAL & CIA LTDA;06.597.801/0001-62;276417192;27/03/2019;;2019-03-27;;;novo_em_relatorio
besilato de anlodipino + losartana potássica;LEGRAND PHARMA INDÚSTRIA FARMACÊUTICA LTDA;05.044.984/0001-26;1138040258;25/08/2025;;2025-08-25;;;novo_em_relatorio
ICCOR;TORRENT DO BRASIL LTDA;33.078.528/0001-32;1008370258;05/08/2025;;2025-08-05;;;novo_em_relatorio
NAUTEX;ACHÉ LABORATÓRIOS FARMACÊUTICOS S.A;60.659.463/0029-92;3128371211;10/08/2021;;2021-08-10;;;novo_em_relatorio
BESILATO DE ANLODIPINO;ACHÉ LABORATÓRIOS FARMACÊUTICOS S.A;60.659.463/0029-92;712495258;27/05/2025;;2025-05-27;;;novo_em_relatorio
flumazenil;HIPOLABOR FARMACEUTICA LTDA;19.570.720/0001-10;1473103240;25/10/2024;;2024-10-25;;;novo_em_relatorio
XALKORI;PFIZER BRASIL LTDA;61.072.393/0001-33;900053241;02/07/2024;;2024-07-02;;;novo_em_relatorio
TYKITICIP;CIPLA BRASIL IMPORTADORA E DISTRIBUIDORA DE MEDICAMENTOS LTDA;18.268.051/0001-64;787196258;11/06/2025;;2025-06-11;;;novo_em_relatorio
INLYTA;PFIZER BRASIL LTDA;61.072.393/0001-33;804997250;16/06/2025;;2025-06-16;;;novo_em_relatorio
Ozempic;NOVO NORDISK FARMACÊUTICA DO BRASIL LTDA;82.277.955/0001-55;910844259;11/07/2025;;2025-07-11;;;novo_em_relatorio
ACICLOVIR;UNIÃO QUÍMICA FARMACÊUTICA NACIONAL S/A;60.665.981/0001-18;11787252;06/01/2025;;2025-01-06;;;novo_em_relatorio
bissulfato de clopidogrel;LABORATÓRIO TEUTO BRASILEIRO S/A;17.159.229/0001-76;546014259;23/04/2025;;2025-04-23;;;novo_em_relatorio
IRNO;Camber Farmaceutica Ltda;24.633.934/0001-29;249857251;21/02/2025;;2025-02-21;;;novo_em_relatorio
AUBAGIO;SANOFI MEDLEY FARMACÊUTICA LTDA.;10.588.595/0010-92;1016443251;07/08/2025;;2025-08-07;;;novo_em_relatorio
ALDURAZYME;SANOFI MEDLEY FARMACÊUTICA LTDA.;10.588.595/0010-92;1017838241;25/07/2024;;2024-07-25;;;novo_em_relatorio
cloridrato de nafazolina;EMS S/A;57.507.378/0003-65;92509258;22/01/2025;;2025-01-22;;;novo_em_relatorio
NUBEQA;BAYER S.A.;18.459.628/0001-15;740894251;02/06/2025;;2025-06-02;;;novo_em_relatorio
OXINEST;CRISTÁLIA PRODUTOS QUÍMICOS FARMACÊUTICOS LTDA.;44.734.671/0001-51;1567161243;14/11/2024;;2024-11-14;;;novo_em_relatorio
Divalproato de sódio;LEGRAND PHARMA INDÚSTRIA FARMACÊUTICA LTDA;05.044.984/0001-26;1679380249;09/12/2024;;2024-12-09;;;novo_em_relatorio
Cloridrato de Verapamil;ACHÉ LABORATÓRIOS FARMACÊUTICOS S.A;60.659.463/0029-92;460824252;03/04/2025;;2025-04-03;;;novo_em_relatorio
mesilato de doxazosina;NOVARTIS BIOCIENCIAS S.A;56.994.502/0001-30;826846254;23/06/2025;;2025-06-23;;;novo_em_relatorio
rosuvastatina cálcica;UNICHEM FARMACÊUTICA DO BRASIL LTDA;05.399.786/0001-85;672323257;19/05/2025;;2025-05-19;;;novo_em_relatorio
LOWE;HALEX ISTAR INDÚSTRIA FARMACÊUTICA SA;01.571.702/0001-98;1039341241;30/07/2024;;2024-07-30;;;novo_em_relatorio
ibuprofeno;LEGRAND PHARMA INDÚSTRIA FARMACÊUTICA LTDA;05.044.984/0001-26;1472315243;25/10/2024;;2024-10-25;;;novo_em_relatorio
SOMAVERT;PFIZER BRASIL LTDA;61.072.393/0001-33;1355717248;02/10/2024;;2024-10-02;;;novo_em_relatorio
succinato de solifenacina;LEGRAND PHARMA INDÚSTRIA FARMACÊUTICA LTDA;05.044.984/0001-26;571254250;28/04/2025;;2025-04-28;;;novo_em_relatorio
PREXULID;CIFARMA CIENTÍFICA FARMACÊUTICA LTDA;17.562.075/0001-69;4764706229;30/09/2022;;2022-09-30;;;novo_em_relatorio
MIGRALIV;EMS S/A;57.507.378/0003-65;266156258;25/02/2025;;2025-02-25;;;novo_em_relatorio
dipirona monoidratada;EMS S/A;57.507.378/0003-65;451141253;02/04/2025;;2025-04-02;;;novo_em_relatorio
Beleodaq;PINT PHARMA PRODUTOS MEDICO-HOSPITALARES E FARMACEUTICOS LTDA;21.896.000/0001-91;1498162240;31/10/2024;;2024-10-31;;;novo_em_relatorio
Levoxin;APSEN FARMACEUTICA S/A;62.462.015/0001-29;395764254;24/03/2025;;2025-03-24;;;novo_em_relatorio
aciclovir;CIFARMA CIENTÍFICA FARMACÊUTICA LTDA;17.562.075/0001-69;1090580240;09/08/2024;;2024-08-09;;;novo_em_relatorio
APIDRA;SANOFI MEDLEY FARMACÊUTICA LTDA.;10.588.595/0010-92;833353250;25/06/2025;;2025-06-25;;;novo_em_relatorio
DEPRASIL;DR. REDDYS FARMACÊUTICA DO BRASIL LTDA;03.978.166/0001-75;772921253;09/06/2025;;2025-06-09;;;novo_em_relatorio
captopril;CIMED INDUSTRIA S.A;02.814.497/0001-07;437213251;31/03/2025;;2025-03-31;;;novo_em_relatorio
SUGANON;EUROFARMA LABORATÓRIOS S.A.;61.190.096/0001-92;1502436248;31/10/2024;;2024-10-31;;;novo_em_relatorio
BENEVRAN;LEGRAND PHARMA INDÚSTRIA FARMACÊUTICA LTDA;05.044.984/0001-26;61923257;15/01/2025;;2025-01-15;;;novo_em_relatorio
BENEVRAN;LEGRAND PHARMA INDÚSTRIA FARMACÊUTICA LTDA;05.044.984/0001-26;772954259;09/06/2025;;2025-06-09;;;novo_em_relatorio
LEFÉMI;EMS S/A;57.507.378/0003-65;373414251;19/03/2025;;2025-03-19;;;novo_em_relatorio
CLIC;ARESE PHARMA LTDA.;07.670.111/0001-54;864797257;02/07/2025;;2025-07-02;;;novo_em_relatorio
cloridrato de trazodona;SANOFI MEDLEY FARMACÊUTICA LTDA.;10.588.595/0010-92;202889254;13/02/2025;;2025-02-13;;;novo_em_relatorio
MenQuadfi;SANOFI MEDLEY FARMACÊUTICA LTDA.;10.588.595/0010-92;1358930244;03/10/2024;;2024-10-03;;;novo_em_relatorio
UNI HALOPER;UNIÃO QUÍMICA FARMACÊUTICA NACIONAL S/A;60.665.981/0001-18;1018871241;25/07/2024;;2024-07-25;;;novo_em_relatorio
DORMONID;FARMOQUÍMICA S/A;33.349.473/0001-58;739014242;03/06/2024;;2024-06-03;;;novo_em_relatorio
ibuprofeno;SANOFI MEDLEY FARMACÊUTICA LTDA.;10.588.595/0010-92;1153749254;28/08/2025;;2025-08-28;;;novo_em_relatorio
MULTIGRIP;MULTILAB INDUSTRIA E COMERCIO DE PRODUTOS FARMACEUTICOS LTDA;92.265.552/0009-05;101784244;26/01/2024;;2024-01-26;;;novo_em_relatorio
Ibrance;PFIZER BRASIL LTDA;61.072.393/0001-33;796126241;13/06/2024;;2024-06-13;;;novo_em_relatorio
COXIZY;ZYDUS NIKKHO FARMACÊUTICA LTDA;05.254.971/0001-81;831615231;09/08/2023;;2023-08-09;;;novo_em_relatorio
ONUA;FARMOQUÍMICA S/A;33.349.473/0001-58;238158250;19/02/2025;;2025-02-19;;;novo_em_relatorio
BUSCOFEM;COSMED INDUSTRIA DE COSMETICOS E MEDICAMENTOS S.A.;61.082.426/0002-07;895817250;08/07/2025;;2025-07-08;;;novo_em_relatorio
BETADINE XR;ACHÉ LABORATÓRIOS FARMACÊUTICOS S.A;60.659.463/0029-92;267076258;25/02/2025;;2025-02-25;;;novo_em_relatorio
NOOTROPIL;SANOFI MEDLEY FARMACÊUTICA LTDA.;10.588.595/0010-92;1717427243;16/12/2024;;2024-12-16;;;novo_em_relatorio
paracetamol + cafeína + carisoprodol + diclofenaco sódico;LEGRAND PHARMA INDÚSTRIA FARMACÊUTICA LTDA;05.044.984/0001-26;1110237243;14/08/2024;;2024-08-14;;;novo_em_relatorio
Cloridrato de Fexofenadina;SANOFI MEDLEY FARMACÊUTICA LTDA.;10.588.595/0010-92;1368096247;04/10/2024;;2024-10-04;;;novo_em_relatorio
DOLO MOFF;UNIÃO QUÍMICA FARMACÊUTICA NACIONAL S/A;60.665.981/0001-18;1120094259;19/08/2025;;2025-08-19;;;novo_em_relatorio
ZIDER;LIBBS FARMACÊUTICA LTDA;61.230.314/0001-75;826332251;23/06/2025;;2025-06-23;;;novo_em_relatorio
LIRIS;UNIÃO QUÍMICA FARMACÊUTICA NACIONAL S/A;60.665.981/0001-18;1197393251;09/09/2025;;2025-09-09;;;novo_em_relatorio
Neo B;EUROFARMA LABORATÓRIOS S.A.;61.190.096/0001-92;370603249;25/03/2024;;2024-03-25;;;novo_em_relatorio
cloridrato de donepezila + cloridrato de memantina;BRAINFARMA INDÚSTRIA QUÍMICA E FARMACÊUTICA S.A;05.161.069/0001-10;751847232;20/07/2023;;2023-07-20;;;novo_em_relatorio
KALYME;ACHÉ LABORATÓRIOS FARMACÊUTICOS S.A;60.659.463/0029-92;436686252;31/03/2025;;2025-03-31;;;novo_em_relatorio
COMIRNATY;PFIZER BRASIL LTDA;61.072.393/0001-33;1042876258;12/08/2025;;2025-08-12;;;novo_em_relatorio
RPHPYRO;MJM PRODUTOS FARMACEUTICOS E DE RADIOPROTECAO S.A.;04.891.262/0001-44;1666337242;05/12/2024;;2024-12-05;;;novo_em_relatorio
cloridrato de ciprofloxacino;LEGRAND PHARMA INDÚSTRIA FARMACÊUTICA LTDA;05.044.984/0001-26;369943252;19/03/2025;;2025-03-19;;;novo_em_relatorio
ICACORT;LEO PHARMA LTDA;11.424.477/0001-10;1167901258;02/09/2025;;2025-09-02;;;novo_em_relatorio
SEIZLA;TORRENT DO BRASIL LTDA;33.078.528/0001-32;1429308249;17/10/2024;;2024-10-17;;;novo_em_relatorio
benzoato de rizatriptana;ZYDUS NIKKHO FARMACÊUTICA LTDA;05.254.971/0001-81;1543342248;08/11/2024;;2024-11-08;;;novo_em_relatorio
GAUDY;EMS S/A;57.507.378/0003-65;20166257;07/01/2025;;2025-01-07;;;novo_em_relatorio
cloridrato de ondansetrona;PHARLAB INDÚSTRIA FARMACÊUTICA S.A.;02.501.297/0001-02;140213252;31/01/2025;;2025-01-31;;;novo_em_relatorio
IVEVI;COSMED INDUSTRIA DE COSMETICOS E MEDICAMENTOS S.A.;61.082.426/0002-07;515960250;15/04/2025;;2025-04-15;;;novo_em_relatorio
dipirona monoidratada;HYPOFARMA - INSTITUTO DE HYPODERMIA E FARMÁCIA LTDA;17.174.657/0001-78;1014197252;06/08/2025;;2025-08-06;;;novo_em_relatorio
TRELEGY;GLAXOSMITHKLINE BRASIL LTDA;33.247.743/0001-10;770641253;09/06/2025;;2025-06-09;;;novo_em_relatorio
LINOFEME;CIFARMA CIENTÍFICA FARMACÊUTICA LTDA;17.562.075/0001-69;844295256;27/06/2025;;2025-06-27;;;novo_em_relatorio
NORIPURUM EV;BLANVER FARMOQUIMICA E FARMACEUTICA S.A.;53.359.824/0001-19;4408327221;11/07/2022;;2022-07-11;;;novo_em_relatorio
NUVARING;ORGANON FARMACÊUTICA LTDA.;45.987.013/0001-34;970894244;16/07/2024;;2024-07-16;;;novo_em_relatorio
NORIPURUM FÓLICO;BLANVER FARMOQUIMICA E FARMACEUTICA S.A.;53.359.824/0001-19;4408381225;11/07/2022;;2022-07-11;;;novo_em_relatorio
IMJUDO;ASTRAZENECA DO BRASIL LTDA;60.318.797/0001-00;1155882253;28/08/2025;;2025-08-28;;;novo_em_relatorio
BICERTO IV;EUROFARMA LABORATÓRIOS S.A.;61.190.096/0001-92;626845238;20/06/2023;;2023-06-20;;;novo_em_relatorio
Histamin;BRAINFARMA INDÚSTRIA QUÍMICA E FARMACÊUTICA S.A;05.161.069/0001-10;3444805217;01/09/2021;;2021-09-01;;;novo_em_relatorio
ATTENZE;EUROFARMA LABORATÓRIOS S.A.;61.190.096/0001-92;798074256;13/06/2025;;2025-06-13;;;novo_em_relatorio
NAUTEX ODG;ACHÉ LABORATÓRIOS FARMACÊUTICOS S.A;60.659.463/0029-92;1015487246;25/07/2024;;2024-07-25;;;novo_em_relatorio
Hexaxim;SANOFI MEDLEY FARMACÊUTICA LTDA.;10.588.595/0010-92;1187414239;30/10/2023;;2023-10-30;;;novo_em_relatorio
aripiprazol;EMS S/A;57.507.378/0003-65;266391257;25/02/2025;;2025-02-25;;;novo_em_relatorio
COXETO;GERMED FARMACEUTICA LTDA;45.992.062/0001-65;1184156255;05/09/2025;;2025-09-05;;;novo_em_relatorio
BUSCOFEM GIRLS;COSMED INDUSTRIA DE COSMETICOS E MEDICAMENTOS S.A.;61.082.426/0002-07;1168159245;26/08/2024;;2024-08-26;;;novo_em_relatorio
ZOLPAZ SL;UNIÃO QUÍMICA FARMACÊUTICA NACIONAL S/A;60.665.981/0001-18;1585512249;19/11/2024;;2024-11-19;;;novo_em_relatorio
risedronato sódico;MULTILAB INDUSTRIA E COMERCIO DE PRODUTOS FARMACEUTICOS LTDA;92.265.552/0009-05;1012046257;06/08/2025;;2025-08-06;;;novo_em_relatorio
ZETSIM;ORGANON FARMACÊUTICA LTDA.;45.987.013/0001-34;499029259;11/04/2025;;2025-04-11;;;novo_em_relatorio
CLONAZEPAM;MULTILAB INDUSTRIA E COMERCIO DE PRODUTOS FARMACEUTICOS LTDA;92.265.552/0009-05;1053061251;13/08/2025;;2025-08-13;;;novo_em_relatorio
levetiracetam;APSEN FARMACEUTICA S/A;62.462.015/0001-29;1669279243;06/12/2024;;2024-12-06;;;novo_em_relatorio
INVANZ;MERCK SHARP & DOHME FARMACEUTICA LTDA.;03.560.974/0001-18;1358336245;03/10/2024;;2024-10-03;;;novo_em_relatorio
apixabana;GERMED FARMACEUTICA LTDA;45.992.062/0001-65;1689615249;10/12/2024;;2024-12-10;;;novo_em_relatorio
fosfato de codeína;MULTILAB INDUSTRIA E COMERCIO DE PRODUTOS FARMACEUTICOS LTDA;92.265.552/0009-05;657676250;15/05/2025;;2025-05-15;;;novo_em_relatorio
PRIMOSISTON;UNIÃO QUÍMICA FARMACÊUTICA NACIONAL S/A;60.665.981/0001-18;109253248;29/01/2024;;2024-01-29;;;novo_em_relatorio
NEOVLAR;UNIÃO QUÍMICA FARMACÊUTICA NACIONAL S/A;60.665.981/0001-18;643337245;15/05/2024;;2024-05-15;;;novo_em_relatorio
PRIMOLUT-NOR;UNIÃO QUÍMICA FARMACÊUTICA NACIONAL S/A;60.665.981/0001-18;429384246;04/04/2024;;2024-04-04;;;novo_em_relatorio
clonazepam;INSTITUTO BIOCHIMICO INDÚSTRIA FARMACÊUTICA LTDA;33.258.401/0001-03;848070259;28/06/2025;;2025-06-28;;;novo_em_relatorio
SENGECIL;CRISTÁLIA PRODUTOS QUÍMICOS FARMACÊUTICOS LTDA.;44.734.671/0001-51;356155251;17/03/2025;;2025-03-17;;;novo_em_relatorio
EMEND INJETÁVEL;MERCK SHARP & DOHME FARMACEUTICA LTDA.;03.560.974/0001-18;703067249;27/05/2024;;2024-05-27;;;novo_em_relatorio
mirtazapina;LABORATÓRIO TEUTO BRASILEIRO S/A;17.159.229/0001-76;747757259;03/06/2025;;2025-06-03;;;novo_em_relatorio
meloxicam;MULTILAB INDUSTRIA E COMERCIO DE PRODUTOS FARMACEUTICOS LTDA;92.265.552/0009-05;1012075257;06/08/2025;;2025-08-06;;;novo_em_relatorio
BIO-MANGUINHOS RITUXIMABE;FUNDAÇÃO OSWALDO CRUZ;33.781.055/0001-35;35949244;11/01/2024;;2024-01-11;;;novo_em_relatorio
DIUBLOK;EUROFARMA LABORATÓRIOS S.A.;61.190.096/0001-92;787792241;12/06/2024;;2024-06-12;;;novo_em_relatorio
BEIZOM;SANDOZ DO BRASIL INDÚSTRIA FARMACÊUTICA LTDA;61.286.647/0001-16;507853245;19/04/2024;;2024-04-19;;;novo_em_relatorio
AMALFI;EUROFARMA LABORATÓRIOS S.A.;61.190.096/0001-92;848604245;21/06/2024;;2024-06-21;;;novo_em_relatorio
Vegzelma;CELLTRION HEALTHCARE DISTRIBUICAO DE PRODUTOS FARMACEUTICOS DOS BRASIL LTDA;05.452.889/0001-61;1343581249;01/10/2024;;2024-10-01;;;novo_em_relatorio
ONDAVON;BRAINFARMA INDÚSTRIA QUÍMICA E FARMACÊUTICA S.A;05.161.069/0001-10;514806257;15/04/2025;;2025-04-15;;;novo_em_relatorio
cloridrato de venlafaxina;MULTILAB INDUSTRIA E COMERCIO DE PRODUTOS FARMACEUTICOS LTDA;92.265.552/0009-05;2439255;02/01/2025;;2025-01-02;;;novo_em_relatorio
MEGALOTECT;GRIFOLS BRASIL LTDA;02.513.899/0001-71;794321259;12/06/2025;;2025-06-12;;;novo_em_relatorio
ZEROPIN;ABBOTT LABORATÓRIOS DO BRASIL LTDA;56.998.701/0001-16;646054252;13/05/2025;;2025-05-13;;;novo_em_relatorio
BEVYX;BIOMM SA;04.752.991/0001-10;1170064256;02/09/2025;;2025-09-02;;;novo_em_relatorio
NITIKABS;PHARMEDIC PHARMACEUTICALS, IMPORTACAO, EXPORTACAO, DISTRIBUICAO, COMERCIO E REPRESENTACOES LTDA;07.453.785/0003-69;643911251;13/05/2025;;2025-05-13;;;novo_em_relatorio
MILDÊ;LABORATÓRIO GROSS S. A.;33.145.194/0001-72;571360254;28/04/2025;;2025-04-28;;;novo_em_relatorio
IVERLIV;LEGRAND PHARMA INDÚSTRIA FARMACÊUTICA LTDA;05.044.984/0001-26;643497234;23/06/2023;;2023-06-23;;;novo_em_relatorio
CODEX;UNIÃO QUÍMICA FARMACÊUTICA NACIONAL S/A;60.665.981/0001-18;1428695249;17/10/2024;;2024-10-17;;;novo_em_relatorio
cloridrato de ondansetrona;BRAINFARMA INDÚSTRIA QUÍMICA E FARMACÊUTICA S.A;05.161.069/0001-10;514782251;15/04/2025;;2025-04-15;;;novo_em_relatorio
amoxicilina;MULTILAB INDUSTRIA E COMERCIO DE PRODUTOS FARMACEUTICOS LTDA;92.265.552/0009-05;977455254;28/07/2025;;2025-07-28;;;novo_em_relatorio
levofloxacino;BRAINFARMA INDÚSTRIA QUÍMICA E FARMACÊUTICA S.A;05.161.069/0001-10;120620251;28/01/2025;;2025-01-28;;;novo_em_relatorio
TAVOK;EUROFARMA LABORATÓRIOS S.A.;61.190.096/0001-92;334715253;12/03/2025;;2025-03-12;;;novo_em_relatorio
LOZEPREL;MULTILAB INDUSTRIA E COMERCIO DE PRODUTOS FARMACEUTICOS LTDA;92.265.552/0009-05;1672097240;06/12/2024;;2024-12-06;;;novo_em_relatorio
SITGLU MET;GERMED FARMACEUTICA LTDA;45.992.062/0001-65;36984256;10/01/2025;;2025-01-10;;;novo_em_relatorio
loratadina;UNIÃO QUÍMICA FARMACÊUTICA NACIONAL S/A;60.665.981/0001-18;1580552242;18/11/2024;;2024-11-18;;;novo_em_relatorio
ANDHORA;ZYDUS NIKKHO FARMACÊUTICA LTDA;05.254.971/0001-81;688227252;22/05/2025;;2025-05-22;;;novo_em_relatorio
TAXOTERE;SANOFI MEDLEY FARMACÊUTICA LTDA.;10.588.595/0010-92;833184253;25/06/2025;;2025-06-25;;;novo_em_relatorio
OLMY HCT;EMS SIGMA PHARMA LTDA;00.923.140/0001-31;918064252;15/07/2025;;2025-07-15;;;novo_em_relatorio
IMOVANE;SANOFI MEDLEY FARMACÊUTICA LTDA.;10.588.595/0010-92;916149251;14/07/2025;;2025-07-14;;;novo_em_relatorio
ARAVA;SANOFI MEDLEY FARMACÊUTICA LTDA.;10.588.595/0010-92;1168115256;02/09/2025;;2025-09-02;;;novo_em_relatorio
cetoconazol+dipropionato de betametasona+sulfato de neomicina;CIMED INDUSTRIA S.A;02.814.497/0001-07;230464254;18/02/2025;;2025-02-18;;;novo_em_relatorio
ZOUP SL;SUPERA FARMA LABORATÓRIOS S.A;43.312.503/0001-05;395539251;24/03/2025;;2025-03-24;;;novo_em_relatorio
KYLEENA;BAYER S.A.;18.459.628/0001-15;1634846249;29/11/2024;;2024-11-29;;;novo_em_relatorio
CEFALIUM ONE;ACHÉ LABORATÓRIOS FARMACÊUTICOS S.A;60.659.463/0029-92;1612375243;26/11/2024;;2024-11-26;;;novo_em_relatorio
alendronato de sódio;LABORATÓRIO GLOBO SA;17.115.437/0001-73;825955254;23/06/2025;;2025-06-23;;;novo_em_relatorio
aciclovir;GEOLAB INDÚSTRIA FARMACÊUTICA S/A;03.485.572/0001-04;2330614217;16/06/2021;;2021-06-16;;;novo_em_relatorio
Fasturtec;SANOFI MEDLEY FARMACÊUTICA LTDA.;10.588.595/0010-92;720813255;28/05/2025;;2025-05-28;;;novo_em_relatorio
mirtazapina;CIMED INDUSTRIA S.A;02.814.497/0001-07;4994298220;30/11/2022;;2022-11-30;;;novo_em_relatorio
CLABAT;EMS S/A;57.507.378/0003-65;826463258;23/06/2025;;2025-06-23;;;novo_em_relatorio
olmesartana medoxomila+hidroclorotiazida;LEGRAND PHARMA INDÚSTRIA FARMACÊUTICA LTDA;05.044.984/0001-26;918151252;15/07/2025;;2025-07-15;;;novo_em_relatorio
olanzapina;GERMED FARMACEUTICA LTDA;45.992.062/0001-65;732838258;29/05/2025;;2025-05-29;;;novo_em_relatorio
acetilcisteína;GERMED FARMACEUTICA LTDA;45.992.062/0001-65;689043252;22/05/2025;;2025-05-22;;;novo_em_relatorio
PENTAXIM;SANOFI MEDLEY FARMACÊUTICA LTDA.;10.588.595/0010-92;916032256;14/07/2025;;2025-07-14;;;novo_em_relatorio
Kozenis;GLAXOSMITHKLINE BRASIL LTDA;33.247.743/0001-10;1145617255;26/08/2025;;2025-08-26;;;novo_em_relatorio
tigeciclina;ACHÉ LABORATÓRIOS FARMACÊUTICOS S.A;60.659.463/0029-92;436646251;31/03/2025;;2025-03-31;;;novo_em_relatorio
EVRYSDI;PRODUTOS ROCHE QUÍMICOS E FARMACÊUTICOS S.A.;33.009.945/0001-23;1119986257;19/08/2025;;2025-08-19;;;novo_em_relatorio
cloridrato de duloxetina;LEGRAND PHARMA INDÚSTRIA FARMACÊUTICA LTDA;05.044.984/0001-26;999007254;01/08/2025;;2025-08-01;;;novo_em_relatorio
CYMBI;EMS SIGMA PHARMA LTDA;00.923.140/0001-31;710714254;26/05/2025;;2025-05-26;;;novo_em_relatorio
cloridrato de pioglitazona;LEGRAND PHARMA INDÚSTRIA FARMACÊUTICA LTDA;05.044.984/0001-26;1195759258;09/09/2025;;2025-09-09;;;novo_em_relatorio
TROL PAR;SUPERA FARMA LABORATÓRIOS S.A;43.312.503/0001-05;961946253;23/07/2025;;2025-07-23;;;novo_em_relatorio
ADVANTAN;LEO PHARMA LTDA;11.424.477/0001-10;357293240;22/03/2024;;2024-03-22;;;novo_em_relatorio
TOPIRAMATO;GERMED FARMACEUTICA LTDA;45.992.062/0001-65;1437542247;18/10/2024;;2024-10-18;;;novo_em_relatorio
Avsola;AMGEN BIOTECNOLOGIA DO BRASIL LTDA.;18.774.815/0001-93;864657251;02/07/2025;;2025-07-02;;;novo_em_relatorio
REBRIVE;EUROFARMA LABORATÓRIOS S.A.;61.190.096/0001-92;913380237;29/08/2023;;2023-08-29;;;novo_em_relatorio
Lorbrena;PFIZER BRASIL LTDA;61.072.393/0001-33;1180019253;04/09/2025;;2025-09-04;;;novo_em_relatorio
everolimo;UNIVERSIDADE FEDERAL DO RIO GRANDE DO NORTE;24.365.710/0001-83;1506723241;01/11/2024;;2024-11-01;;;novo_em_relatorio
everolimo;FUNDAÇÃO OSWALDO CRUZ;33.781.055/0001-35;1493913247;30/10/2024;;2024-10-30;;;novo_em_relatorio
ROXETIN XR;CRISTÁLIA PRODUTOS QUÍMICOS FARMACÊUTICOS LTDA.;44.734.671/0001-51;60405252;15/01/2025;;2025-01-15;;;novo_em_relatorio
PLAQUINOL;SANOFI MEDLEY FARMACÊUTICA LTDA.;10.588.595/0010-92;1013277252;06/08/2025;;2025-08-06;;;novo_em_relatorio
VYNKELLA;PFIZER BRASIL LTDA;61.072.393/0001-33;843586249;20/06/2024;;2024-06-20;;;novo_em_relatorio
gefitinibe;NATCOFARMA DO BRASIL LTDA;08.157.293/0001-27;757033253;04/06/2025;;2025-06-04;;;novo_em_relatorio
SHINGRIX;GLAXOSMITHKLINE BRASIL LTDA;33.247.743/0001-10;761622250;05/06/2025;;2025-06-05;;;novo_em_relatorio
GUACOFLUS;AIRELA INDÚSTRIA FARMACÊUTICA LTDA.;01.858.973/0001-29;4944163215;08/12/2021;;2021-12-08;;;novo_em_relatorio
ALLEXOFEDRIN PEDIÁTRICO;EMS S/A;57.507.378/0003-65;1652584242;03/12/2024;;2024-12-03;;;novo_em_relatorio
NERLYNX;PINT PHARMA PRODUTOS MEDICO-HOSPITALARES E FARMACEUTICOS LTDA;21.896.000/0001-91;723101248;29/05/2024;;2024-05-29;;;novo_em_relatorio
CONDUVAZ;MABRA FARMACEUTICA LTDA;09.545.589/0001-88;854264256;30/06/2025;;2025-06-30;;;novo_em_relatorio
Dupixent;SANOFI MEDLEY FARMACÊUTICA LTDA.;10.588.595/0010-92;1058875256;13/08/2025;;2025-08-13;;;novo_em_relatorio
trometamol cetorolaco;HIPOLABOR FARMACEUTICA LTDA;19.570.720/0001-10;1472751248;25/10/2024;;2024-10-25;;;novo_em_relatorio
RISEDROSS;EMS S/A;57.507.378/0003-65;812187253;18/06/2025;;2025-06-18;;;novo_em_relatorio
OTOMIXYN;EMS S/A;57.507.378/0003-65;341808253;13/03/2025;;2025-03-13;;;novo_em_relatorio
hemitartarato de zolpidem;ZYDUS NIKKHO FARMACÊUTICA LTDA;05.254.971/0001-81;617136254;07/05/2025;;2025-05-07;;;novo_em_relatorio
secnidazol;PHARLAB INDÚSTRIA FARMACÊUTICA S.A.;02.501.297/0001-02;659269252;15/05/2025;;2025-05-15;;;novo_em_relatorio
Balefio;DR. REDDYS FARMACÊUTICA DO BRASIL LTDA;03.978.166/0001-75;677551258;20/05/2025;;2025-05-20;;;novo_em_relatorio
minoxidil;LEGRAND PHARMA INDÚSTRIA FARMACÊUTICA LTDA;05.044.984/0001-26;380296250;20/03/2025;;2025-03-20;;;novo_em_relatorio
ALLOVITA;LEGRAND PHARMA INDÚSTRIA FARMACÊUTICA LTDA;05.044.984/0001-26;380260255;20/03/2025;;2025-03-20;;;novo_em_relatorio
CAPY;GERMED FARMACEUTICA LTDA;45.992.062/0001-65;380202255;20/03/2025;;2025-03-20;;;novo_em_relatorio
ZAVESCA;JANSSEN-CILAG FARMACÊUTICA LTDA;51.780.468/0001-87;1608877248;25/11/2024;;2024-11-25;;;novo_em_relatorio
Nabota;MOKSHA8 BRASIL INDUSTRIA E COMERCIO DE MEDICAMENTOS LTDA;07.591.326/0001-80;335228259;12/03/2025;;2025-03-12;;;novo_em_relatorio
SOCIAN;SANOFI MEDLEY FARMACÊUTICA LTDA.;10.588.595/0010-92;1728706246;18/12/2024;;2024-12-18;;;novo_em_relatorio
ácido valpróico;BIOLAB SANUS FARMACÊUTICA LTDA;49.475.833/0001-06;1697867243;12/12/2024;;2024-12-12;;;novo_em_relatorio
IBUPROFENO;CIFARMA CIENTÍFICA FARMACÊUTICA LTDA;17.562.075/0001-69;764897250;06/06/2025;;2025-06-06;;;novo_em_relatorio
ZYTIGA®;JANSSEN-CILAG FARMACÊUTICA LTDA;51.780.468/0001-87;1211843246;03/09/2024;;2024-09-03;;;novo_em_relatorio
GLIBENCLAMIDA;ACHÉ LABORATÓRIOS FARMACÊUTICOS S.A;60.659.463/0029-92;474631197;28/05/2019;;2019-05-28;;;novo_em_relatorio
NOSTIL;CRISTÁLIA PRODUTOS QUÍMICOS FARMACÊUTICOS LTDA.;44.734.671/0001-51;468488251;04/04/2025;;2025-04-04;;;novo_em_relatorio
MOZOBIL;SANOFI MEDLEY FARMACÊUTICA LTDA.;10.588.595/0010-92;1305980247;23/09/2024;;2024-09-23;;;novo_em_relatorio
PRATIPRAZOL;PRATI DONADUZZI & CIA LTDA;73.856.593/0001-66;960818243;15/07/2024;;2024-07-15;;;novo_em_relatorio
cloridrato de fluoxetina;PRATI DONADUZZI & CIA LTDA;73.856.593/0001-66;338097244;19/03/2024;;2024-03-19;;;novo_em_relatorio
ZIRK;ACHÉ LABORATÓRIOS FARMACÊUTICOS S.A;60.659.463/0029-92;490397239;15/05/2023;;2023-05-15;;;novo_em_relatorio
UNIZINCO;MYRALIS INDÚSTRIA FARMACÊUTICA LTDA;17.440.261/0001-25;342406256;13/03/2025;;2025-03-13;;;novo_em_relatorio
CLOROQUINA DIFOSFATO;FUNDAÇÃO OSWALDO CRUZ;33.781.055/0001-35;1007293250;05/08/2025;;2025-08-05;;;novo_em_relatorio
THYMOGLOBULINE;SANOFI MEDLEY FARMACÊUTICA LTDA.;10.588.595/0010-92;991903251;31/07/2025;;2025-07-31;;;novo_em_relatorio
PILOCAN;CRISTÁLIA PRODUTOS QUÍMICOS FARMACÊUTICOS LTDA.;44.734.671/0001-51;472878255;07/04/2025;;2025-04-07;;;novo_em_relatorio
Symdeko;VERTEX FARMACEUTICA DO BRASIL LTDA.;21.798.065/0001-02;43475248;13/01/2024;;2024-01-13;;;novo_em_relatorio
desloratadina;CIFARMA CIENTÍFICA FARMACÊUTICA LTDA;17.562.075/0001-69;1216336245;04/09/2024;;2024-09-04;;;novo_em_relatorio
GABAPENTINA;ACHÉ LABORATÓRIOS FARMACÊUTICOS S.A;60.659.463/0029-92;908474237;28/08/2023;;2023-08-28;;;novo_em_relatorio
propofol;FRESENIUS KABI BRASIL LTDA;49.324.221/0001-04;1018215247;25/07/2024;;2024-07-25;;;novo_em_relatorio
cloridrato de ranitidina;GEOLAB INDÚSTRIA FARMACÊUTICA S/A;03.485.572/0001-04;1151813188;06/12/2018;;2018-12-06;;;novo_em_relatorio
CORAMENT;LABORATÓRIOS FERRING LTDA;74.232.034/0001-48;1197842241;30/08/2024;;2024-08-30;;;novo_em_relatorio
THYROGEN;SANOFI MEDLEY FARMACÊUTICA LTDA.;10.588.595/0010-92;720941253;28/05/2025;;2025-05-28;;;novo_em_relatorio
ZYMEA;ZYDUS NIKKHO FARMACÊUTICA LTDA;05.254.971/0001-81;1424548225;28/03/2022;;2022-03-28;;;novo_em_relatorio
cloridrato de tirofibana monoidratado;ANTIBIÓTICOS DO BRASIL LTDA;05.439.635/0001-03;4477077220;29/07/2022;;2022-07-29;;;novo_em_relatorio
VITRAKVI;BAYER S.A.;18.459.628/0001-15;539577251;22/04/2025;;2025-04-22;;;novo_em_relatorio
cetoprofeno;GERMED FARMACEUTICA LTDA;45.992.062/0001-65;53041259;14/01/2025;;2025-01-14;;;novo_em_relatorio
cilostazol;EMS S/A;57.507.378/0003-65;810266253;17/06/2025;;2025-06-17;;;novo_em_relatorio
Vosevi;GILEAD SCIENCES FARMACEUTICA DO BRASIL LTDA;15.670.288/0001-89;1488217246;29/10/2024;;2024-10-29;;;novo_em_relatorio
cloridrato de bupropiona;LEGRAND PHARMA INDÚSTRIA FARMACÊUTICA LTDA;05.044.984/0001-26;857735250;30/06/2025;;2025-06-30;;;novo_em_relatorio
cloridrato de tramadol;PRATI DONADUZZI & CIA LTDA;73.856.593/0001-66;2660253;02/01/2025;;2025-01-02;;;novo_em_relatorio
PIELUS MX;COSMED INDUSTRIA DE COSMETICOS E MEDICAMENTOS S.A.;61.082.426/0002-07;723621250;28/05/2025;;2025-05-28;;;novo_em_relatorio
PLENANCE EZE;LIBBS FARMACÊUTICA LTDA;61.230.314/0001-75;1197186255;09/09/2025;;2025-09-09;;;novo_em_relatorio
cloridrato de metilfenidato;EUROFARMA LABORATÓRIOS S.A.;61.190.096/0001-92;798345250;13/06/2025;;2025-06-13;;;novo_em_relatorio
anastrozol;BLAU FARMACÊUTICA S.A.;58.430.828/0001-60;1315478242;25/09/2024;;2024-09-25;;;novo_em_relatorio
IBUVIX;GEOLAB INDÚSTRIA FARMACÊUTICA S/A;03.485.572/0001-04;1767960247;27/12/2024;;2024-12-27;;;novo_em_relatorio
LAVIE;PRATI DONADUZZI & CIA LTDA;73.856.593/0001-66;228766257;18/02/2025;;2025-02-18;;;novo_em_relatorio
HORMOSKIN ONE;GERMED FARMACEUTICA LTDA;45.992.062/0001-65;1004093250;04/08/2025;;2025-08-04;;;novo_em_relatorio
DOXATIVO;LEGRAND PHARMA INDÚSTRIA FARMACÊUTICA LTDA;05.044.984/0001-26;1002050251;04/08/2025;;2025-08-04;;;novo_em_relatorio
ZOLREM SL;GERMED FARMACEUTICA LTDA;45.992.062/0001-65;52855252;14/01/2025;;2025-01-14;;;novo_em_relatorio
NOVAMICIN;FRESENIUS KABI BRASIL LTDA;49.324.221/0001-04;1501305247;31/10/2024;;2024-10-31;;;novo_em_relatorio
acetilcisteína;EMS S/A;57.507.378/0003-65;688881254;22/05/2025;;2025-05-22;;;novo_em_relatorio
Cloridrato de fexofenadina;LABORATÓRIO TEUTO BRASILEIRO S/A;17.159.229/0001-76;787409251;11/06/2025;;2025-06-11;;;novo_em_relatorio
dolutegravir sódico;FUNDAÇÃO OSWALDO CRUZ;33.781.055/0001-35;814667252;18/06/2025;;2025-06-18;;;novo_em_relatorio
AGOXOM;LABORATÓRIOS SERVIER DO BRASIL LTDA;42.374.207/0001-76;1735634247;19/12/2024;;2024-12-19;;;novo_em_relatorio
AREXVY;GLAXOSMITHKLINE BRASIL LTDA;33.247.743/0001-10;1006487255;05/08/2025;;2025-08-05;;;novo_em_relatorio
succinato de metoprolol;PHARLAB INDÚSTRIA FARMACÊUTICA S.A.;02.501.297/0001-02;1450672230;20/12/2023;;2023-12-20;;;novo_em_relatorio
Zolgensma;NOVARTIS BIOCIENCIAS S.A;56.994.502/0001-30;727616251;29/05/2025;;2025-05-29;;;novo_em_relatorio
montelucaste de sódio;LEGRAND PHARMA INDÚSTRIA FARMACÊUTICA LTDA;05.044.984/0001-26;1149488255;27/08/2025;;2025-08-27;;;novo_em_relatorio
TAM;SUPERA FARMA LABORATÓRIOS S.A;43.312.503/0001-05;1010251252;06/08/2025;;2025-08-06;;;novo_em_relatorio
NEOPROFEN;RECORDATI RARE DISEASES COMÉRCIO DE MEDICAMENTOS LTDA - ME;53.056.057/0001-79;156022257;04/02/2025;;2025-02-04;;;novo_em_relatorio
TROL;SUPERA FARMA LABORATÓRIOS S.A;43.312.503/0001-05;210755253;14/02/2025;;2025-02-14;;;novo_em_relatorio
VPRIV;TAKEDA PHARMA LTDA.;60.397.775/0001-74;1494627248;30/10/2024;;2024-10-30;;;novo_em_relatorio
OXACILIL;FRESENIUS KABI BRASIL LTDA;49.324.221/0001-04;1349209244;01/10/2024;;2024-10-01;;;novo_em_relatorio
EUTYMIA XL;GERMED FARMACEUTICA LTDA;45.992.062/0001-65;1487880243;29/10/2024;;2024-10-29;;;novo_em_relatorio
rosuvastatina cálcica;PHARLAB INDÚSTRIA FARMACÊUTICA S.A.;02.501.297/0001-02;1179672259;04/09/2025;;2025-09-04;;;novo_em_relatorio
VABAM;COSMED INDUSTRIA DE COSMETICOS E MEDICAMENTOS S.A.;61.082.426/0002-07;751923257;03/06/2025;;2025-06-03;;;novo_em_relatorio
pirfenidona;SANDOZ DO BRASIL INDÚSTRIA FARMACÊUTICA LTDA;61.286.647/0001-16;936550252;18/07/2025;;2025-07-18;;;novo_em_relatorio
KEDAXYL;CIFARMA CIENTÍFICA FARMACÊUTICA LTDA;17.562.075/0001-69;380066254;20/03/2025;;2025-03-20;;;novo_em_relatorio
BRIXAG;LEGRAND PHARMA INDÚSTRIA FARMACÊUTICA LTDA;05.044.984/0001-26;1021972258;08/08/2025;;2025-08-08;;;novo_em_relatorio
BYCAL 150;ACCORD FARMACÊUTICA LTDA;64.171.697/0001-46;1172818258;03/09/2025;;2025-09-03;;;novo_em_relatorio
LENZETTO;GEDEON RICHTER DO BRASIL IMPORTADORA, EXPORTADORA E DISTRIBUIDORA S.A.;12.134.906/0002-69;1471754243;25/10/2024;;2024-10-25;;;novo_em_relatorio
SOLUÇÃO DE BICARBONATO DE SÓDIO 8,4% HALEX ISTAR;HALEX ISTAR INDÚSTRIA FARMACÊUTICA SA;01.571.702/0001-98;978915154;10/11/2015;;2015-11-10;;;novo_em_relatorio
TEPMETKO;MERCK S/A;33.069.212/0001-84;536563233;26/05/2023;;2023-05-26;;;novo_em_relatorio
succinato de solifenacina;ACCORD FARMACÊUTICA LTDA;64.171.697/0001-46;184097240;16/02/2024;;2024-02-16;;;novo_em_relatorio
aciclovir;GERMED FARMACEUTICA LTDA;45.992.062/0001-65;568942256;28/04/2025;;2025-04-28;;;novo_em_relatorio
BENALET;KENVUE LTDA.;59.748.988/0001-14;834846250;25/06/2025;;2025-06-25;;;novo_em_relatorio
hemitartarato de zolpidem;EMS S/A;57.507.378/0003-65;54841259;14/01/2025;;2025-01-14;;;novo_em_relatorio
AZELAN;LEO PHARMA LTDA;11.424.477/0001-10;386399247;27/03/2024;;2024-03-27;;;novo_em_relatorio
ORFADIN;INNOVATIVE MEDICINES BRASIL SP DISTRIBUICAO DE MEDICAMENTOS LTDA;21.810.980/0001-68;1112528245;14/08/2024;;2024-08-14;;;novo_em_relatorio
SUCROFER;UNIÃO QUÍMICA FARMACÊUTICA NACIONAL S/A;60.665.981/0001-18;1736902245;19/12/2024;;2024-12-19;;;novo_em_relatorio
CLINBACTER;UNIÃO QUÍMICA FARMACÊUTICA NACIONAL S/A;60.665.981/0001-18;767561252;06/06/2025;;2025-06-06;;;novo_em_relatorio
HYQVIA;TAKEDA PHARMA LTDA.;60.397.775/0001-74;1157260250;29/08/2025;;2025-08-29;;;novo_em_relatorio
ZELLA;COSMED INDUSTRIA DE COSMETICOS E MEDICAMENTOS S.A.;61.082.426/0002-07;268302243;05/03/2024;;2024-03-05;;;novo_em_relatorio
tigeciclina;BLAU FARMACÊUTICA S.A.;58.430.828/0001-60;282354255;27/02/2025;;2025-02-27;;;novo_em_relatorio
BYLVAY;BEAUFOUR IPSEN FARMACÊUTICA LTDA;07.718.721/0001-80;201446251;12/02/2025;;2025-02-12;;;novo_em_relatorio
AREMAZ;MULTILAB INDUSTRIA E COMERCIO DE PRODUTOS FARMACEUTICOS LTDA;92.265.552/0009-05;177168242;15/02/2024;;2024-02-15;;;novo_em_relatorio
RESFEGRIPE;MULTILAB INDUSTRIA E COMERCIO DE PRODUTOS FARMACEUTICOS LTDA;92.265.552/0009-05;101852240;26/01/2024;;2024-01-26;;;novo_em_relatorio
ARPEJO;EMS S/A;57.507.378/0003-65;684501252;21/05/2025;;2025-05-21;;;novo_em_relatorio
EVRA;GEDEON RICHTER DO BRASIL IMPORTADORA, EXPORTADORA E DISTRIBUIDORA S.A.;12.134.906/0002-69;475571240;15/04/2024;;2024-04-15;;;novo_em_relatorio
risperidona;LABORATÓRIO GLOBO SA;17.115.437/0001-73;817035257;19/06/2025;;2025-06-19;;;novo_em_relatorio
prednisona;INSTITUTO BIOCHIMICO INDÚSTRIA FARMACÊUTICA LTDA;33.258.401/0001-03;849026253;28/06/2025;;2025-06-28;;;novo_em_relatorio
OCYLIN;MULTILAB INDUSTRIA E COMERCIO DE PRODUTOS FARMACEUTICOS LTDA;92.265.552/0009-05;977480259;28/07/2025;;2025-07-28;;;novo_em_relatorio
CLINDELLA;MULTILAB INDUSTRIA E COMERCIO DE PRODUTOS FARMACEUTICOS LTDA;92.265.552/0009-05;289176255;28/02/2025;;2025-02-28;;;novo_em_relatorio
LEUSTATIN;Mawdsleys Pharmaceuticals do Brasil Ltda;19.501.429/0001-90;212582259;14/02/2025;;2025-02-14;;;novo_em_relatorio
cloridrato de duloxetina;MULTILAB INDUSTRIA E COMERCIO DE PRODUTOS FARMACEUTICOS LTDA;92.265.552/0009-05;939867257;21/07/2025;;2025-07-21;;;novo_em_relatorio
KOPREXX;ACHÉ LABORATÓRIOS FARMACÊUTICOS S.A;60.659.463/0029-92;249162237;13/03/2023;;2023-03-13;;;novo_em_relatorio
cloridrato de naratriptana;GERMED FARMACEUTICA LTDA;45.992.062/0001-65;1169803253;02/09/2025;;2025-09-02;;;novo_em_relatorio
aciclovir;BLAU FARMACÊUTICA S.A.;58.430.828/0001-60;875258247;26/06/2024;;2024-06-26;;;novo_em_relatorio
secnidazol;MULTILAB INDUSTRIA E COMERCIO DE PRODUTOS FARMACEUTICOS LTDA;92.265.552/0009-05;278022251;27/02/2025;;2025-02-27;;;novo_em_relatorio
rosuvastatina cálcica;MULTILAB INDUSTRIA E COMERCIO DE PRODUTOS FARMACEUTICOS LTDA;92.265.552/0009-05;1173190252;03/09/2025;;2025-09-03;;;novo_em_relatorio
OJJAARA;GLAXOSMITHKLINE BRASIL LTDA;33.247.743/0001-10;411224255;26/03/2025;;2025-03-26;;;novo_em_relatorio
MIRANOVA;UNIÃO QUÍMICA FARMACÊUTICA NACIONAL S/A;60.665.981/0001-18;766945243;07/06/2024;;2024-06-07;;;novo_em_relatorio
topiramato;MULTILAB INDUSTRIA E COMERCIO DE PRODUTOS FARMACEUTICOS LTDA;92.265.552/0009-05;1437696244;18/10/2024;;2024-10-18;;;novo_em_relatorio
AAS;COSMED INDUSTRIA DE COSMETICOS E MEDICAMENTOS S.A.;61.082.426/0002-07;899369251;09/07/2025;;2025-07-09;;;novo_em_relatorio
DISPETIC;ACHÉ LABORATÓRIOS FARMACÊUTICOS S.A;60.659.463/0029-92;1113118253;18/08/2025;;2025-08-18;;;novo_em_relatorio
pregabalina;MULTILAB INDUSTRIA E COMERCIO DE PRODUTOS FARMACEUTICOS LTDA;92.265.552/0009-05;502066253;11/04/2025;;2025-04-11;;;novo_em_relatorio
succinato de metoprolol;CIMED INDUSTRIA S.A;02.814.497/0001-07;887760252;07/07/2025;;2025-07-07;;;novo_em_relatorio
VISIOPRED;GEOLAB INDÚSTRIA FARMACÊUTICA S/A;03.485.572/0001-04;168028255;06/02/2025;;2025-02-06;;;novo_em_relatorio
PANTOMIX;ACHÉ LABORATÓRIOS FARMACÊUTICOS S.A;60.659.463/0029-92;110607236;02/02/2023;;2023-02-02;;;novo_em_relatorio
levetiracetam;EMS S/A;57.507.378/0003-65;1419989243;16/10/2024;;2024-10-16;;;novo_em_relatorio
ROPOLIVY;PRODUTOS ROCHE QUÍMICOS E FARMACÊUTICOS S.A.;33.009.945/0001-23;1154405257;28/08/2025;;2025-08-28;;;novo_em_relatorio
FERINJECT;BLANVER FARMOQUIMICA E FARMACEUTICA S.A.;53.359.824/0001-19;402146247;01/04/2024;;2024-04-01;;;novo_em_relatorio
SANPRONOL;HIPOLABOR FARMACEUTICA LTDA;19.570.720/0001-10;1395493243;10/10/2024;;2024-10-10;;;novo_em_relatorio
cloridrato de metilfenidato;MULTILAB INDUSTRIA E COMERCIO DE PRODUTOS FARMACEUTICOS LTDA;92.265.552/0009-05;905996259;10/07/2025;;2025-07-10;;;novo_em_relatorio
carfilzomibe;NATCOFARMA DO BRASIL LTDA;08.157.293/0001-27;844252255;27/06/2025;;2025-06-27;;;novo_em_relatorio
ACECLOFENACO;MULTILAB INDUSTRIA E COMERCIO DE PRODUTOS FARMACEUTICOS LTDA;92.265.552/0009-05;975453254;28/07/2025;;2025-07-28;;;novo_em_relatorio
ANDOLBA;EUROFARMA LABORATÓRIOS S.A.;61.190.096/0001-92;1290405247;19/09/2024;;2024-09-19;;;novo_em_relatorio
ATAK CLAV;EUROFARMA LABORATÓRIOS S.A.;61.190.096/0001-92;1001584252;04/08/2025;;2025-08-04;;;novo_em_relatorio
hemitartarato de zolpidem;TORRENT DO BRASIL LTDA;33.078.528/0001-32;79933246;22/01/2024;;2024-01-22;;;novo_em_relatorio
Gésico Duo;EUROFARMA LABORATÓRIOS S.A.;61.190.096/0001-92;840662246;20/06/2024;;2024-06-20;;;novo_em_relatorio
dipirona monoidratada;GERMED FARMACEUTICA LTDA;45.992.062/0001-65;443818258;01/04/2025;;2025-04-01;;;novo_em_relatorio
paracetamol + carisoprodol + diclofenaco sódico + cafeína;UNIÃO QUÍMICA FARMACÊUTICA NACIONAL S/A;60.665.981/0001-18;661557243;17/05/2024;;2024-05-17;;;novo_em_relatorio
NOURIN;SUPERA FARMA LABORATÓRIOS S.A;43.312.503/0001-05;502811251;11/04/2025;;2025-04-11;;;novo_em_relatorio
BENZOILMETRONIDAZOL;BELFAR LTDA;18.324.343/0001-77;548233241;25/04/2024;;2024-04-25;;;novo_em_relatorio
aceclofenaco;EUROFARMA LABORATÓRIOS S.A.;61.190.096/0001-92;1222682231;07/11/2023;;2023-11-07;;;novo_em_relatorio
SABINE;ACHÉ LABORATÓRIOS FARMACÊUTICOS S.A;60.659.463/0029-92;611308231;15/06/2023;;2023-06-15;;;novo_em_relatorio
Onpattro;SPECIALTY PHARMA GOIAS LTDA;31.731.807/0001-28;191811254;11/02/2025;;2025-02-11;;;novo_em_relatorio
OLMEDIX;EMS S/A;57.507.378/0003-65;923815252;16/07/2025;;2025-07-16;;;novo_em_relatorio
OLMEGRAN;LEGRAND PHARMA INDÚSTRIA FARMACÊUTICA LTDA;05.044.984/0001-26;923520252;16/07/2025;;2025-07-16;;;novo_em_relatorio
LUTAB;DAIICHI SANKYO BRASIL FARMACÊUTICA LTDA;60.874.187/0001-84;854254251;30/06/2025;;2025-06-30;;;novo_em_relatorio
maleato de enalapril;BELFAR LTDA;18.324.343/0001-77;972146253;25/07/2025;;2025-07-25;;;novo_em_relatorio
EXHER;NATCOFARMA DO BRASIL LTDA;08.157.293/0001-27;1263677240;13/09/2024;;2024-09-13;;;novo_em_relatorio
PIOTAZ;GERMED FARMACEUTICA LTDA;45.992.062/0001-65;1196933251;09/09/2025;;2025-09-09;;;novo_em_relatorio
cloridrato de pioglitazona;GERMED FARMACEUTICA LTDA;45.992.062/0001-65;1196309256;09/09/2025;;2025-09-09;;;novo_em_relatorio
losartana potássica;PHARLAB INDÚSTRIA FARMACÊUTICA S.A.;02.501.297/0001-02;4819477226;14/10/2022;;2022-10-14;;;novo_em_relatorio
mirtazapina;TORRENT DO BRASIL LTDA;33.078.528/0001-32;795153252;13/06/2025;;2025-06-13;;;novo_em_relatorio
OLMY;EMS SIGMA PHARMA LTDA;00.923.140/0001-31;924071257;16/07/2025;;2025-07-16;;;novo_em_relatorio
olmesartana medoxomila;LEGRAND PHARMA INDÚSTRIA FARMACÊUTICA LTDA;05.044.984/0001-26;923473254;16/07/2025;;2025-07-16;;;novo_em_relatorio
NEBITAH;ACHÉ LABORATÓRIOS FARMACÊUTICOS S.A;60.659.463/0029-92;1120097231;19/10/2023;;2023-10-19;;;novo_em_relatorio
IMBRUVICA;JANSSEN-CILAG FARMACÊUTICA LTDA;51.780.468/0001-87;815656254;18/06/2025;;2025-06-18;;;novo_em_relatorio
NEXT;UNIÃO QUÍMICA FARMACÊUTICA NACIONAL S/A;60.665.981/0001-18;381373258;20/03/2025;;2025-03-20;;;novo_em_relatorio
DESOGESTREL;ACHÉ LABORATÓRIOS FARMACÊUTICOS S.A;60.659.463/0029-92;405696256;25/03/2025;;2025-03-25;;;novo_em_relatorio
CLOPE;EMS S/A;57.507.378/0003-65;835218252;25/06/2025;;2025-06-25;;;novo_em_relatorio
DENPRYX;FARMOQUÍMICA S/A;33.349.473/0001-58;269101250;26/02/2025;;2025-02-26;;;novo_em_relatorio
BETACORTAZOL;BELFAR LTDA;18.324.343/0001-77;48490253;14/01/2025;;2025-01-14;;;novo_em_relatorio
GIVLAARI;SPECIALTY PHARMA GOIAS LTDA;31.731.807/0001-28;991413253;31/07/2025;;2025-07-31;;;novo_em_relatorio
LIVTENCITY;TAKEDA PHARMA LTDA.;60.397.775/0001-74;879667257;04/07/2025;;2025-07-04;;;novo_em_relatorio
XPREZA;NATCOFARMA DO BRASIL LTDA;08.157.293/0001-27;379285258;20/03/2025;;2025-03-20;;;novo_em_relatorio
cloridrato de ondansetrona dihidratado;EMS S/A;57.507.378/0003-65;122310250;28/01/2025;;2025-01-28;;;novo_em_relatorio
CRONOBE COMPLEX IM;BIOLAB SANUS FARMACÊUTICA LTDA;49.475.833/0001-06;1700428241;12/12/2024;;2024-12-12;;;novo_em_relatorio
vildagliptina;RANBAXY FARMACÊUTICA LTDA;73.663.650/0001-90;1174129255;03/09/2025;;2025-09-03;;;novo_em_relatorio
ATAK CLAV;EUROFARMA LABORATÓRIOS S.A.;61.190.096/0001-92;921458258;15/07/2025;;2025-07-15;;;novo_em_relatorio
VAXNEUVANCE;MERCK SHARP & DOHME FARMACEUTICA LTDA.;03.560.974/0001-18;1358417245;03/10/2024;;2024-10-03;;;novo_em_relatorio
PERLUMES;LEGRAND PHARMA INDÚSTRIA FARMACÊUTICA LTDA;05.044.984/0001-26;1739627245;19/12/2024;;2024-12-19;;;novo_em_relatorio
TELD HCT;TORRENT DO BRASIL LTDA;33.078.528/0001-32;804169250;16/06/2025;;2025-06-16;;;novo_em_relatorio
DIMORF BOLSA;CRISTÁLIA PRODUTOS QUÍMICOS FARMACÊUTICOS LTDA.;44.734.671/0001-51;492862257;10/04/2025;;2025-04-10;;;novo_em_relatorio
MOTRAZ;EUROFARMA LABORATÓRIOS S.A.;61.190.096/0001-92;570854253;28/04/2025;;2025-04-28;;;novo_em_relatorio
BOTOX;ABBVIE FARMACÊUTICA LTDA.;15.800.545/0001-50;401085252;25/03/2025;;2025-03-25;;;novo_em_relatorio
FLAMADOR;LEGRAND PHARMA INDÚSTRIA FARMACÊUTICA LTDA;05.044.984/0001-26;52955257;14/01/2025;;2025-01-14;;;novo_em_relatorio
Lenvima;UNITED MEDICAL LTDA;68.949.239/0001-46;980038251;29/07/2025;;2025-07-29;;;novo_em_relatorio
HILUROPT;GEOLAB INDÚSTRIA FARMACÊUTICA S/A;03.485.572/0001-04;1087137250;15/08/2025;;2025-08-15;;;novo_em_relatorio
valsartana + hidroclorotiazida;ZYDUS NIKKHO FARMACÊUTICA LTDA;05.254.971/0001-81;68621212;06/01/2021;;2021-01-06;;;novo_em_relatorio
glibenclamida;MEDQUIMICA INDUSTRIA FARMACEUTICA LTDA.;17.875.154/0001-20;334963257;12/03/2025;;2025-03-12;;;novo_em_relatorio
Zostide;LIBBS FARMACÊUTICA LTDA;61.230.314/0001-75;1638671249;29/11/2024;;2024-11-29;;;novo_em_relatorio
RISEDRONATO SÓDICO;LEGRAND PHARMA INDÚSTRIA FARMACÊUTICA LTDA;05.044.984/0001-26;4992169228;29/11/2022;;2022-11-29;;;novo_em_relatorio
FORLUT;BIOLAB SANUS FARMACÊUTICA LTDA;49.475.833/0001-06;813409250;18/06/2025;;2025-06-18;;;novo_em_relatorio
PROPALOL;LABORATÓRIO GLOBO SA;17.115.437/0001-73;777700255;10/06/2025;;2025-06-10;;;novo_em_relatorio
rosuvastatina cálcica;BRAINFARMA INDÚSTRIA QUÍMICA E FARMACÊUTICA S.A;05.161.069/0001-10;349430233;06/04/2023;;2023-04-06;;;novo_em_relatorio
pantoprazol;ACHÉ LABORATÓRIOS FARMACÊUTICOS S.A;60.659.463/0029-92;669774251;19/05/2025;;2025-05-19;;;novo_em_relatorio
PEITORAL MARTEL;KLEY HERTZ FARMACEUTICA S.A;92.695.691/0001-03;970011253;25/07/2025;;2025-07-25;;;novo_em_relatorio
levofloxacino hemi-hidratado;HALEX ISTAR INDÚSTRIA FARMACÊUTICA SA;01.571.702/0001-98;803281251;16/06/2025;;2025-06-16;;;novo_em_relatorio
cloridrato de clonidina;FRESENIUS KABI BRASIL LTDA;49.324.221/0001-04;1738045242;19/12/2024;;2024-12-19;;;novo_em_relatorio
haloperidol;FRESENIUS KABI BRASIL LTDA;49.324.221/0001-04;1565497244;13/11/2024;;2024-11-13;;;novo_em_relatorio
risedronato sódico;EMS S/A;57.507.378/0003-65;1011844257;06/08/2025;;2025-08-06;;;novo_em_relatorio
nimesulida;MULTILAB INDUSTRIA E COMERCIO DE PRODUTOS FARMACEUTICOS LTDA;92.265.552/0009-05;1561117215;23/04/2021;;2021-04-23;;;novo_em_relatorio
loratadina + sulfato de pseudoefedrina;ACHÉ LABORATÓRIOS FARMACÊUTICOS S.A;60.659.463/0029-92;1148843256;27/08/2025;;2025-08-27;;;novo_em_relatorio
FENAXXE;CIMED INDUSTRIA S.A;02.814.497/0001-07;2864550202;25/08/2020;;2020-08-25;;;novo_em_relatorio
XIFAXAN;BIOLAB SANUS FARMACÊUTICA LTDA;49.475.833/0001-06;1360637219;09/04/2021;;2021-04-09;;;novo_em_relatorio
ZIRABEV;PFIZER BRASIL LTDA;61.072.393/0001-33;1103621238;16/10/2023;;2023-10-16;;;novo_em_relatorio
BORMIB;CRISTÁLIA PRODUTOS QUÍMICOS FARMACÊUTICOS LTDA.;44.734.671/0001-51;1638580243;29/11/2024;;2024-11-29;;;novo_em_relatorio
Prysma;EUROFARMA LABORATÓRIOS S.A.;61.190.096/0001-92;437488250;31/03/2025;;2025-03-31;;;novo_em_relatorio
Anya;SUN FARMACÊUTICA DO BRASIL LTDA;05.035.244/0001-23;247863254;21/02/2025;;2025-02-21;;;novo_em_relatorio
ZIMIEX;MERCK S/A;33.069.212/0001-84;1085304230;11/10/2023;;2023-10-11;;;novo_em_relatorio
EMIBAZET;MULTILAB INDUSTRIA E COMERCIO DE PRODUTOS FARMACEUTICOS LTDA;92.265.552/0009-05;1044778253;12/08/2025;;2025-08-12;;;novo_em_relatorio
lamotrigina;GEOLAB INDÚSTRIA FARMACÊUTICA S/A;03.485.572/0001-04;680483250;21/05/2025;;2025-05-21;;;novo_em_relatorio
DIVALPROATO DE SODIO;RANBAXY FARMACÊUTICA LTDA;73.663.650/0001-90;263968251;25/02/2025;;2025-02-25;;;novo_em_relatorio
fluconazol;FARMACE INDÚSTRIA QUÍMICO-FARMACÊUTICA CEARENSE LTDA;06.628.333/0001-46;463635256;04/04/2025;;2025-04-04;;;novo_em_relatorio
cloridrato de fexofenadina;BRAINFARMA INDÚSTRIA QUÍMICA E FARMACÊUTICA S.A;05.161.069/0001-10;858470250;30/06/2025;;2025-06-30;;;novo_em_relatorio
aripiprazol;PRATI DONADUZZI & CIA LTDA;73.856.593/0001-66;1124673237;19/10/2023;;2023-10-19;;;novo_em_relatorio
ATELOP;EMS S/A;57.507.378/0003-65;620436255;08/05/2025;;2025-05-08;;;novo_em_relatorio
etodolaco;LEGRAND PHARMA INDÚSTRIA FARMACÊUTICA LTDA;05.044.984/0001-26;844294250;27/06/2025;;2025-06-27;;;novo_em_relatorio
losartana potássica + hidroclorotiazida;ACHÉ LABORATÓRIOS FARMACÊUTICOS S.A;60.659.463/0029-92;360662251;18/03/2025;;2025-03-18;;;novo_em_relatorio
DICLORIDRATO DE BETAISTINA;ACHÉ LABORATÓRIOS FARMACÊUTICOS S.A;60.659.463/0029-92;713137258;27/05/2025;;2025-05-27;;;novo_em_relatorio
glimepirida + cloridrato de metformina;EMS S/A;57.507.378/0003-65;412530252;26/03/2025;;2025-03-26;;;novo_em_relatorio
BROMOPRIDA;ACHÉ LABORATÓRIOS FARMACÊUTICOS S.A;60.659.463/0029-92;1066243255;14/08/2025;;2025-08-14;;;novo_em_relatorio
telmisartana;Althaia S.A Indústria Farmacêutica;48.344.725/0007-19;97588253;23/01/2025;;2025-01-23;;;novo_em_relatorio
POSLOV;CIFARMA CIENTÍFICA FARMACÊUTICA LTDA;17.562.075/0001-69;472951254;07/04/2025;;2025-04-07;;;novo_em_relatorio
CONCÁRDIO;EMS S/A;57.507.378/0003-65;966337255;24/07/2025;;2025-07-24;;;novo_em_relatorio
sulfato de hidroxicloroquina;EUROFARMA LABORATÓRIOS S.A.;61.190.096/0001-92;323291252;10/03/2025;;2025-03-10;;;novo_em_relatorio
cloridrato de moxifloxacino;GEOLAB INDÚSTRIA FARMACÊUTICA S/A;03.485.572/0001-04;717898253;27/05/2025;;2025-05-27;;;novo_em_relatorio
azitromicina di-hidratada;MANDALA BRASIL IMPORTAÇÃO E DISTRIBUIÇÃO DE PRODUTO MÉDICO HOSPITALAR LTDA;09.117.476/0001-81;974572241;17/07/2024;;2024-07-17;;;novo_em_relatorio
sulfato de polimixina B;ANTIBIÓTICOS DO BRASIL LTDA;05.439.635/0001-03;4635593223;31/08/2022;;2022-08-31;;;novo_em_relatorio
SUTENT;PFIZER BRASIL LTDA;61.072.393/0001-33;1258348241;12/09/2024;;2024-09-12;;;novo_em_relatorio
VECASTEN;MARJAN INDÚSTRIA E COMÉRCIO LTDA;60.726.692/0001-81;510065252;14/04/2025;;2025-04-14;;;novo_em_relatorio
besilato de atracúrio;FRESENIUS KABI BRASIL LTDA;49.324.221/0001-04;1302248;02/01/2024;;2024-01-02;;;novo_em_relatorio
MAGNESIA BISURADA;ASPEN PHARMA INDÚSTRIA FARMACÊUTICA LTDA;02.433.631/0001-20;4821329221;14/10/2022;;2022-10-14;;;novo_em_relatorio
SENSILACRI;GEOLAB INDÚSTRIA FARMACÊUTICA S/A;03.485.572/0001-04;1024607259;09/08/2025;;2025-08-09;;;novo_em_relatorio
TORMIV SL;ACHÉ LABORATÓRIOS FARMACÊUTICOS S.A;60.659.463/0029-92;1832697218;12/05/2021;;2021-05-12;;;novo_em_relatorio
Vastarel caps LP;LABORATÓRIOS SERVIER DO BRASIL LTDA;42.374.207/0001-76;455471258;03/04/2025;;2025-04-03;;;novo_em_relatorio
risperidona;VITAMEDIC INDUSTRIA FARMACEUTICA LTDA;30.222.814/0001-31;4967938221;22/11/2022;;2022-11-22;;;novo_em_relatorio
Vyndaqel;PFIZER BRASIL LTDA;61.072.393/0001-33;1050154240;01/08/2024;;2024-08-01;;;novo_em_relatorio
ertapeném sódico;ANTIBIÓTICOS DO BRASIL LTDA;05.439.635/0001-03;584011229;17/02/2022;;2022-02-17;;;novo_em_relatorio
capecitabina;LABORATÓRIO QUÍMICO FARMACÊUTICO BERGAMO LTDA;61.282.661/0001-41;563263237;01/06/2023;;2023-06-01;;;novo_em_relatorio
OLMECOR HCT;TORRENT DO BRASIL LTDA;33.078.528/0001-32;827966253;24/06/2025;;2025-06-24;;;novo_em_relatorio
ibandronato de sódio monoidratado;GERMED FARMACEUTICA LTDA;45.992.062/0001-65;1077876246;07/08/2024;;2024-08-07;;;novo_em_relatorio
ibandronato de sódio monoidratado;LEGRAND PHARMA INDÚSTRIA FARMACÊUTICA LTDA;05.044.984/0001-26;1078447241;07/08/2024;;2024-08-07;;;novo_em_relatorio
IBANESS;EMS S/A;57.507.378/0003-65;1078941246;07/08/2024;;2024-08-07;;;novo_em_relatorio
gabapentina;CIMED INDUSTRIA S.A;02.814.497/0001-07;978278232;14/09/2023;;2023-09-14;;;novo_em_relatorio
GENRYZON;PFIZER BRASIL LTDA;61.072.393/0001-33;1176783254;04/09/2025;;2025-09-04;;;novo_em_relatorio
permetrina;BELFAR LTDA;18.324.343/0001-77;665801246;20/05/2024;;2024-05-20;;;novo_em_relatorio
rosuvastatina calcica;LABORATÓRIO TEUTO BRASILEIRO S/A;17.159.229/0001-76;775096253;09/06/2025;;2025-06-09;;;novo_em_relatorio
BIO-MANGUINHOS ETANERCEPTE;FUNDAÇÃO OSWALDO CRUZ;33.781.055/0001-35;1019572248;25/07/2024;;2024-07-25;;;novo_em_relatorio
aciclovir;LEGRAND PHARMA INDÚSTRIA FARMACÊUTICA LTDA;05.044.984/0001-26;568984251;28/04/2025;;2025-04-28;;;novo_em_relatorio
fosfomicina trometamol;PHARMASCIENCE INDUSTRIA FARMACEUTICA S.A;25.773.037/0001-83;495246221;09/02/2022;;2022-02-09;;;novo_em_relatorio
SOLIQUA;SANOFI MEDLEY FARMACÊUTICA LTDA.;10.588.595/0010-92;824949251;23/06/2025;;2025-06-23;;;novo_em_relatorio
LORATAMED;CIMED INDUSTRIA S.A;02.814.497/0001-07;1586916246;19/11/2024;;2024-11-19;;;novo_em_relatorio
NITAZOXANIDA;GERMED FARMACEUTICA LTDA;45.992.062/0001-65;1065554249;05/08/2024;;2024-08-05;;;novo_em_relatorio
TIVICAY PD;GLAXOSMITHKLINE BRASIL LTDA;33.247.743/0001-10;501303251;11/04/2025;;2025-04-11;;;novo_em_relatorio
WAYLIVRA;PTC FARMACEUTICA DO BRASIL LTDA.;25.210.463/0001-09;1469318245;25/10/2024;;2024-10-25;;;novo_em_relatorio
MAVENCLAD;MERCK S/A;33.069.212/0001-84;219389241;23/02/2024;;2024-02-23;;;novo_em_relatorio
Gabapentina;BIOLAB SANUS FARMACÊUTICA LTDA;49.475.833/0001-06;1658902246;04/12/2024;;2024-12-04;;;novo_em_relatorio
LUFTAFEM;RECKITT BENCKISER (BRASIL) LTDA;59.557.124/0001-15;1101886242;12/08/2024;;2024-08-12;;;novo_em_relatorio
NIDHI;SUN FARMACÊUTICA DO BRASIL LTDA;05.035.244/0001-23;797924256;13/06/2025;;2025-06-13;;;novo_em_relatorio
NITAZOXANIDA;LEGRAND PHARMA INDÚSTRIA FARMACÊUTICA LTDA;05.044.984/0001-26;1065195249;05/08/2024;;2024-08-05;;;novo_em_relatorio
NAXXAGRAN;LEGRAND PHARMA INDÚSTRIA FARMACÊUTICA LTDA;05.044.984/0001-26;1065407246;05/08/2024;;2024-08-05;;;novo_em_relatorio
NITAZOXANIDA;EMS S/A;57.507.378/0003-65;1065040245;05/08/2024;;2024-08-05;;;novo_em_relatorio
PIEMONTE;EUROFARMA LABORATÓRIOS S.A.;61.190.096/0001-92;1502178249;31/10/2024;;2024-10-31;;;novo_em_relatorio
PRENI;EUROFARMA LABORATÓRIOS S.A.;61.190.096/0001-92;271136243;05/03/2024;;2024-03-05;;;novo_em_relatorio
Clabat;EMS S/A;57.507.378/0003-65;406132259;25/03/2025;;2025-03-25;;;novo_em_relatorio
omeprazol;GERMED FARMACEUTICA LTDA;45.992.062/0001-65;1672066247;06/12/2024;;2024-12-06;;;novo_em_relatorio
POKLI;Camber Farmaceutica Ltda;24.633.934/0001-29;773674250;09/06/2025;;2025-06-09;;;novo_em_relatorio
domperidona;MULTILAB INDUSTRIA E COMERCIO DE PRODUTOS FARMACEUTICOS LTDA;92.265.552/0009-05;1069809250;14/08/2025;;2025-08-14;;;novo_em_relatorio
cloridrato de fexofenadina;GERMED FARMACEUTICA LTDA;45.992.062/0001-65;1652168249;03/12/2024;;2024-12-03;;;novo_em_relatorio
GÁZIA;EUROFARMA LABORATÓRIOS S.A.;61.190.096/0001-92;552767255;24/04/2025;;2025-04-24;;;novo_em_relatorio
carbonato de lítio;INSTITUTO BIOCHIMICO INDÚSTRIA FARMACÊUTICA LTDA;33.258.401/0001-03;849189250;28/06/2025;;2025-06-28;;;novo_em_relatorio
HOMINUS;EUROFARMA LABORATÓRIOS S.A.;61.190.096/0001-92;965749258;24/07/2025;;2025-07-24;;;novo_em_relatorio
ORTOSAMIN;MULTILAB INDUSTRIA E COMERCIO DE PRODUTOS FARMACEUTICOS LTDA;92.265.552/0009-05;877704236;21/08/2023;;2023-08-21;;;novo_em_relatorio
olmesartana medoxomila + besilato de anlodipino;BRAINFARMA INDÚSTRIA QUÍMICA E FARMACÊUTICA S.A;05.161.069/0001-10;1506749241;01/11/2024;;2024-11-01;;;novo_em_relatorio
bromoprida;MULTILAB INDUSTRIA E COMERCIO DE PRODUTOS FARMACEUTICOS LTDA;92.265.552/0009-05;417593244;03/04/2024;;2024-04-03;;;novo_em_relatorio
MEGAPEN;EUROFARMA LABORATÓRIOS S.A.;61.190.096/0001-92;847942244;21/06/2024;;2024-06-21;;;novo_em_relatorio
cloridrato de ciprofloxacino;GERMED FARMACEUTICA LTDA;45.992.062/0001-65;370616251;19/03/2025;;2025-03-19;;;novo_em_relatorio
VURTUOSO;LUNDBECK BRASIL LTDA;04.522.600/0001-70;716864240;29/05/2024;;2024-05-29;;;novo_em_relatorio
HETROCAR;Camber Farmaceutica Ltda;24.633.934/0001-29;420332251;27/03/2025;;2025-03-27;;;novo_em_relatorio
BDEXBRAUN;LABORATORIOS B. BRAUN S/A;31.673.254/0001-02;1329013247;27/09/2024;;2024-09-27;;;novo_em_relatorio
dicloridrato de levocetirizina;PHARLAB INDÚSTRIA FARMACÊUTICA S.A.;02.501.297/0001-02;768642256;06/06/2025;;2025-06-06;;;novo_em_relatorio
DORCIFLEXIN;CIFARMA CIENTÍFICA FARMACÊUTICA LTDA;17.562.075/0001-69;515948250;15/04/2025;;2025-04-15;;;novo_em_relatorio
RAHIME;APSEN FARMACEUTICA S/A;62.462.015/0001-29;80423256;20/01/2025;;2025-01-20;;;novo_em_relatorio
DEX BOLSA;CRISTÁLIA PRODUTOS QUÍMICOS FARMACÊUTICOS LTDA.;44.734.671/0001-51;1429718234;15/12/2023;;2023-12-15;;;novo_em_relatorio
BORTYZ RTU;ACCORD FARMACÊUTICA LTDA;64.171.697/0001-46;1160906246;23/08/2024;;2024-08-23;;;novo_em_relatorio
TORANTE;EUROFARMA LABORATÓRIOS S.A.;61.190.096/0001-92;1016564252;07/08/2025;;2025-08-07;;;novo_em_relatorio
CELEBRA;VIATRIS FARMACEUTICA DO BRASIL LTDA;11.643.096/0001-22;1680796241;09/12/2024;;2024-12-09;;;novo_em_relatorio
LYBERDIA;EMS S/A;57.507.378/0003-65;923963251;16/07/2025;;2025-07-16;;;novo_em_relatorio
atorvastatina cálcica;CIMED INDUSTRIA S.A;02.814.497/0001-07;923276254;16/07/2025;;2025-07-16;;;novo_em_relatorio
cloridrato de cefepima;BRAINFARMA INDÚSTRIA QUÍMICA E FARMACÊUTICA S.A;05.161.069/0001-10;1579682243;18/11/2024;;2024-11-18;;;novo_em_relatorio
carisoprodol + diclofenaco sódico + paracetamol + cafeína;CELLERA FARMACÊUTICA S.A.;33.173.097/0002-74;456195254;03/04/2025;;2025-04-03;;;novo_em_relatorio
OLSAR;EUROFARMA LABORATÓRIOS S.A.;61.190.096/0001-92;1157809251;29/08/2025;;2025-08-29;;;novo_em_relatorio
micofenolato de mofetila;FARMA VISION IMPORTAÇÃO E EXPORTAÇÃO DE MEDICAMENTOS LTDA;09.058.502/0001-48;663099234;28/06/2023;;2023-06-28;;;novo_em_relatorio
dipropionato de betametasona + ácido salicílico;CELLERA FARMACÊUTICA S.A.;33.173.097/0002-74;1624619240;27/11/2024;;2024-11-27;;;novo_em_relatorio
montelucaste de sódio;BIOLAB SANUS FARMACÊUTICA LTDA;49.475.833/0001-06;473849241;15/04/2024;;2024-04-15;;;novo_em_relatorio
sugamadex sódico;TEVA FARMACÊUTICA LTDA.;05.333.542/0001-08;1395930236;08/12/2023;;2023-12-08;;;novo_em_relatorio
LADIZAC;DR. REDDYS FARMACÊUTICA DO BRASIL LTDA;03.978.166/0001-75;583594255;30/04/2025;;2025-04-30;;;novo_em_relatorio
VARIVAX;MERCK SHARP & DOHME FARMACEUTICA LTDA.;03.560.974/0001-18;806719257;17/06/2025;;2025-06-17;;;novo_em_relatorio
cloridrato de metilfenidato;TEVA FARMACÊUTICA LTDA.;05.333.542/0001-08;674872240;21/05/2024;;2024-05-21;;;novo_em_relatorio
PNEUMOVAX® 23;MERCK SHARP & DOHME FARMACEUTICA LTDA.;03.560.974/0001-18;1358238243;03/10/2024;;2024-10-03;;;novo_em_relatorio
cloridrato de tiamina + cloridrato de piridoxina + cianocobalamina + fosfato dissódico de dexametasona;EUROFARMA LABORATÓRIOS S.A.;61.190.096/0001-92;979053234;14/09/2023;;2023-09-14;;;novo_em_relatorio
CITALOR;VIATRIS FARMACEUTICA DO BRASIL LTDA;11.643.096/0001-22;525135251;16/04/2025;;2025-04-16;;;novo_em_relatorio
ácido acetilsalicílico;EUROFARMA LABORATÓRIOS S.A.;61.190.096/0001-92;803531257;16/06/2025;;2025-06-16;;;novo_em_relatorio
ZONIDRA;CRISTÁLIA PRODUTOS QUÍMICOS FARMACÊUTICOS LTDA.;44.734.671/0001-51;1712997246;16/12/2024;;2024-12-16;;;novo_em_relatorio
DORFLEX UNO;OPELLA HEALTHCARE BRAZIL LTDA;38.391.432/0001-43;148603254;03/02/2025;;2025-02-03;;;novo_em_relatorio
NEBLOCK;TORRENT DO BRASIL LTDA;33.078.528/0001-32;465691251;04/04/2025;;2025-04-04;;;novo_em_relatorio
LENANGIO;DR. REDDYS FARMACÊUTICA DO BRASIL LTDA;03.978.166/0001-75;44464258;13/01/2025;;2025-01-13;;;novo_em_relatorio
ETIRA INJETÁVEL;ACHÉ LABORATÓRIOS FARMACÊUTICOS S.A;60.659.463/0029-92;915579243;04/07/2024;;2024-07-04;;;novo_em_relatorio
mesilato de imatinibe;BLAU FARMACÊUTICA S.A.;58.430.828/0001-60;153611251;04/02/2025;;2025-02-04;;;novo_em_relatorio
RALZIN;PRATI DONADUZZI & CIA LTDA;73.856.593/0001-66;710042256;26/05/2025;;2025-05-26;;;novo_em_relatorio
losartana potássica;MULTILAB INDUSTRIA E COMERCIO DE PRODUTOS FARMACEUTICOS LTDA;92.265.552/0009-05;936005254;18/07/2025;;2025-07-18;;;novo_em_relatorio
DIACQUA;EUROFARMA LABORATÓRIOS S.A.;61.190.096/0001-92;1001833252;04/08/2025;;2025-08-04;;;novo_em_relatorio
metronidazol;MULTILAB INDUSTRIA E COMERCIO DE PRODUTOS FARMACEUTICOS LTDA;92.265.552/0009-05;793847257;12/06/2025;;2025-06-12;;;novo_em_relatorio
AAS PROTECT;COSMED INDUSTRIA DE COSMETICOS E MEDICAMENTOS S.A.;61.082.426/0002-07;503666254;11/04/2025;;2025-04-11;;;novo_em_relatorio
NEOSALDINA MUSCULAR;COSMED INDUSTRIA DE COSMETICOS E MEDICAMENTOS S.A.;61.082.426/0002-07;525768254;17/04/2025;;2025-04-17;;;novo_em_relatorio
hemifumarato de bisoprolol;PHARLAB INDÚSTRIA FARMACÊUTICA S.A.;02.501.297/0001-02;1022960253;08/08/2025;;2025-08-08;;;novo_em_relatorio
PRIVYMTRA;MERCK SHARP & DOHME FARMACEUTICA LTDA.;03.560.974/0001-18;1133029256;22/08/2025;;2025-08-22;;;novo_em_relatorio
telmisartana + hidroclorotiazida;TORRENT DO BRASIL LTDA;33.078.528/0001-32;348993251;14/03/2025;;2025-03-14;;;novo_em_relatorio
amoxicilina;MULTILAB INDUSTRIA E COMERCIO DE PRODUTOS FARMACEUTICOS LTDA;92.265.552/0009-05;977823253;28/07/2025;;2025-07-28;;;novo_em_relatorio
HARTERYA;ZYDUS NIKKHO FARMACÊUTICA LTDA;05.254.971/0001-81;30524237;11/01/2023;;2023-01-11;;;novo_em_relatorio
cloridrato de trazodona;EUROFARMA LABORATÓRIOS S.A.;61.190.096/0001-92;571193251;28/04/2025;;2025-04-28;;;novo_em_relatorio
AZOD;SUPERA FARMA LABORATÓRIOS S.A;43.312.503/0001-05;709319258;26/05/2025;;2025-05-26;;;novo_em_relatorio
XAKILIS;EMS S/A;57.507.378/0003-65;1602294241;22/11/2024;;2024-11-22;;;novo_em_relatorio
lacosamida;ZYDUS NIKKHO FARMACÊUTICA LTDA;05.254.971/0001-81;766764257;06/06/2025;;2025-06-06;;;novo_em_relatorio
FEMINIQUE 20;ACHÉ LABORATÓRIOS FARMACÊUTICOS S.A;60.659.463/0029-92;35082259;10/01/2025;;2025-01-10;;;novo_em_relatorio
TALVEY;JANSSEN-CILAG FARMACÊUTICA LTDA;51.780.468/0001-87;550735259;24/04/2025;;2025-04-24;;;novo_em_relatorio
drospirenona + etinilestradiol;EUROFARMA LABORATÓRIOS S.A.;61.190.096/0001-92;78853249;22/01/2024;;2024-01-22;;;novo_em_relatorio
ibuprofeno + paracetamol;EUROFARMA LABORATÓRIOS S.A.;61.190.096/0001-92;1282164244;18/09/2024;;2024-09-18;;;novo_em_relatorio
carbonato de lítio;BIOLAB SANUS FARMACÊUTICA LTDA;49.475.833/0001-06;1551106248;11/11/2024;;2024-11-11;;;novo_em_relatorio
VAQTA;MERCK SHARP & DOHME FARMACEUTICA LTDA.;03.560.974/0001-18;866334254;02/07/2025;;2025-07-02;;;novo_em_relatorio
BROMIDRATO DE GALANTAMINA;MULTILAB INDUSTRIA E COMERCIO DE PRODUTOS FARMACEUTICOS LTDA;92.265.552/0009-05;1733675248;19/12/2024;;2024-12-19;;;novo_em_relatorio
EMPOZZE;EMS S/A;57.507.378/0003-65;45178259;13/01/2025;;2025-01-13;;;novo_em_relatorio
pregabalina;CIMED INDUSTRIA S.A;02.814.497/0001-07;251861244;01/03/2024;;2024-03-01;;;novo_em_relatorio
cloridrato de trazodona;MULTILAB INDUSTRIA E COMERCIO DE PRODUTOS FARMACEUTICOS LTDA;92.265.552/0009-05;1021196258;08/08/2025;;2025-08-08;;;novo_em_relatorio
ATRACE;EUROFARMA LABORATÓRIOS S.A.;61.190.096/0001-92;882044257;04/07/2025;;2025-07-04;;;novo_em_relatorio
SITAREDDYS-M;DR. REDDYS FARMACÊUTICA DO BRASIL LTDA;03.978.166/0001-75;1318847249;25/09/2024;;2024-09-25;;;novo_em_relatorio
finasterida;MULTILAB INDUSTRIA E COMERCIO DE PRODUTOS FARMACEUTICOS LTDA;92.265.552/0009-05;190946253;11/02/2025;;2025-02-11;;;novo_em_relatorio
LEVAMZ;TORRENT DO BRASIL LTDA;33.078.528/0001-32;694814253;23/05/2025;;2025-05-23;;;novo_em_relatorio
rosuvastatina calcica;UNIÃO QUÍMICA FARMACÊUTICA NACIONAL S/A;60.665.981/0001-18;961870249;15/07/2024;;2024-07-15;;;novo_em_relatorio
RISPXAN;LABORATÓRIO GLOBO SA;17.115.437/0001-73;818089253;20/06/2025;;2025-06-20;;;novo_em_relatorio
BUPROVIL;MULTILAB INDUSTRIA E COMERCIO DE PRODUTOS FARMACEUTICOS LTDA;92.265.552/0009-05;1471784240;25/10/2024;;2024-10-25;;;novo_em_relatorio
MOUNJARO;ELI LILLY DO BRASIL LTDA;43.940.618/0001-44;786397250;11/06/2025;;2025-06-11;;;novo_em_relatorio
SYMPTA;EUROFARMA LABORATÓRIOS S.A.;61.190.096/0001-92;716810255;27/05/2025;;2025-05-27;;;novo_em_relatorio
succinato de solifenacina;BRAINFARMA INDÚSTRIA QUÍMICA E FARMACÊUTICA S.A;05.161.069/0001-10;474612244;15/04/2024;;2024-04-15;;;novo_em_relatorio
topiramato;UNIÃO QUÍMICA FARMACÊUTICA NACIONAL S/A;60.665.981/0001-18;1324176237;27/11/2023;;2023-11-27;;;novo_em_relatorio
cloridrato de memantina;GEOLAB INDÚSTRIA FARMACÊUTICA S/A;03.485.572/0001-04;1089457251;15/08/2025;;2025-08-15;;;novo_em_relatorio
BENALQ;TEVA FARMACÊUTICA LTDA.;05.333.542/0001-08;1120401232;19/10/2023;;2023-10-19;;;novo_em_relatorio
dicloridrato de manidipino;PHARLAB INDÚSTRIA FARMACÊUTICA S.A.;02.501.297/0001-02;45939250;13/01/2025;;2025-01-13;;;novo_em_relatorio
ECOFILM;CRISTÁLIA PRODUTOS QUÍMICOS FARMACÊUTICOS LTDA.;44.734.671/0001-51;361472242;22/03/2024;;2024-03-22;;;novo_em_relatorio
EVORUBICIN;FARMARIN INDUSTRIA E COMERCIO LTDA;58.635.830/0001-75;832687243;19/06/2024;;2024-06-19;;;novo_em_relatorio
ENAVO ODT;EMS S/A;57.507.378/0003-65;122499255;28/01/2025;;2025-01-28;;;novo_em_relatorio
hemifumarato de bisoprolol;SANOFI MEDLEY FARMACÊUTICA LTDA.;10.588.595/0010-92;787367257;11/06/2025;;2025-06-11;;;novo_em_relatorio
SPECDERA;LABORATÓRIO GLOBO SA;17.115.437/0001-73;803758251;16/06/2025;;2025-06-16;;;novo_em_relatorio
BENEGRIP MULTI DIA;COSMED INDUSTRIA DE COSMETICOS E MEDICAMENTOS S.A.;61.082.426/0002-07;1435996241;18/10/2024;;2024-10-18;;;novo_em_relatorio
cloridrato de memantina;PRATI DONADUZZI & CIA LTDA;73.856.593/0001-66;1703115244;12/12/2024;;2024-12-12;;;novo_em_relatorio
ÁCIDO MEFENÂMICO;ACHÉ LABORATÓRIOS FARMACÊUTICOS S.A;60.659.463/0029-92;2941555218;28/07/2021;;2021-07-28;;;novo_em_relatorio
MEVA FLEX;LEGRAND PHARMA INDÚSTRIA FARMACÊUTICA LTDA;05.044.984/0001-26;1148331247;21/08/2024;;2024-08-21;;;novo_em_relatorio
alprazolam;AUROBINDO PHARMA INDÚSTRIA FARMACÊUTICA LIMITADA;04.301.884/0001-75;4678302221;12/09/2022;;2022-09-12;;;novo_em_relatorio
mirtazapina;NOVARTIS BIOCIENCIAS S.A;56.994.502/0001-30;540288250;22/04/2025;;2025-04-22;;;novo_em_relatorio
valsartana;CIMED INDUSTRIA S.A;02.814.497/0001-07;1172649251;03/09/2025;;2025-09-03;;;novo_em_relatorio
BRINEURA;BIOMARIN BRASIL FARMACÊUTICA LTDA;08.002.360/0001-34;943022258;21/07/2025;;2025-07-21;;;novo_em_relatorio
Rubia;ACHÉ LABORATÓRIOS FARMACÊUTICOS S.A;60.659.463/0029-92;196039258;12/02/2025;;2025-02-12;;;novo_em_relatorio
Spasmex;APSEN FARMACEUTICA S/A;62.462.015/0001-29;149207255;03/02/2025;;2025-02-03;;;novo_em_relatorio
prednisolona;Althaia S.A Indústria Farmacêutica;48.344.725/0007-19;165642254;06/02/2025;;2025-02-06;;;novo_em_relatorio
Lacosamida;ADIUM S.A.;55.980.684/0001-27;1602235244;22/11/2024;;2024-11-22;;;novo_em_relatorio
LORATADINA;ACHÉ LABORATÓRIOS FARMACÊUTICOS S.A;60.659.463/0029-92;970588259;25/07/2025;;2025-07-25;;;novo_em_relatorio
CIPROFIBRATO;ACHÉ LABORATÓRIOS FARMACÊUTICOS S.A;60.659.463/0029-92;522019251;16/04/2025;;2025-04-16;;;novo_em_relatorio
MENOPUR;LABORATÓRIOS FERRING LTDA;74.232.034/0001-48;736446257;30/05/2025;;2025-05-30;;;novo_em_relatorio
losartana potássica + hidroclorotiazida;RANBAXY FARMACÊUTICA LTDA;73.663.650/0001-90;1202970257;10/09/2025;;2025-09-10;;;novo_em_relatorio
telmisartana + hidroclorotiazida;ACCORD FARMACÊUTICA LTDA;64.171.697/0001-46;1343318238;29/11/2023;;2023-11-29;;;novo_em_relatorio
itraconazol;GERMED FARMACEUTICA LTDA;45.992.062/0001-65;1327256240;26/09/2024;;2024-09-26;;;novo_em_relatorio
cilostazol;ACHÉ LABORATÓRIOS FARMACÊUTICOS S.A;60.659.463/0029-92;830077251;24/06/2025;;2025-06-24;;;novo_em_relatorio
sulfato de hidroxicloroquina;EMS S/A;57.507.378/0003-65;336119259;12/03/2025;;2025-03-12;;;novo_em_relatorio
Bramicar HCT;EMS SIGMA PHARMA LTDA;00.923.140/0001-31;337164258;12/03/2025;;2025-03-12;;;novo_em_relatorio
ACOG;TORRENT DO BRASIL LTDA;33.078.528/0001-32;828098255;24/06/2025;;2025-06-24;;;novo_em_relatorio
sulfato de salbutamol;GLENMARK FARMACÊUTICA LTDA;44.363.661/0001-57;616150253;07/05/2025;;2025-05-07;;;novo_em_relatorio
FLAXXIL;CIMED INDUSTRIA S.A;02.814.497/0001-07;629040190;18/07/2019;;2019-07-18;;;novo_em_relatorio
EGURINEL;ADIUM S.A.;55.980.684/0001-27;809997240;17/06/2024;;2024-06-17;;;novo_em_relatorio
HERPSTAL;GERMED FARMACEUTICA LTDA;45.992.062/0001-65;799130257;13/06/2025;;2025-06-13;;;novo_em_relatorio
ARTISS;BAXTER HOSPITALAR LTDA;49.351.786/0002-61;504802259;11/04/2025;;2025-04-11;;;novo_em_relatorio
RAGIONE;TEVA FARMACÊUTICA LTDA.;05.333.542/0001-08;674945247;21/05/2024;;2024-05-21;;;novo_em_relatorio
CECI;LIBBS FARMACÊUTICA LTDA;61.230.314/0001-75;1423342241;16/10/2024;;2024-10-16;;;novo_em_relatorio
hemifumarato de bisoprolol;TORRENT DO BRASIL LTDA;33.078.528/0001-32;1016670257;07/08/2025;;2025-08-07;;;novo_em_relatorio
VIVAXXIA;LIBBS FARMACÊUTICA LTDA;61.230.314/0001-75;1349714241;01/10/2024;;2024-10-01;;;novo_em_relatorio
ONCASPAR;LABORATÓRIOS SERVIER DO BRASIL LTDA;42.374.207/0001-76;1113483245;14/08/2024;;2024-08-14;;;novo_em_relatorio
cloridrato de donepezila;ZYDUS NIKKHO FARMACÊUTICA LTDA;05.254.971/0001-81;723064253;28/05/2025;;2025-05-28;;;novo_em_relatorio
olmesartana medoxomila;EMS S/A;57.507.378/0003-65;923979255;16/07/2025;;2025-07-16;;;novo_em_relatorio
RUPAFIN;ACHÉ LABORATÓRIOS FARMACÊUTICOS S.A;60.659.463/0029-92;2961306213;29/07/2021;;2021-07-29;;;novo_em_relatorio
DOCELIBBS;LIBBS FARMACÊUTICA LTDA;61.230.314/0001-75;1155235240;22/08/2024;;2024-08-22;;;novo_em_relatorio
tadalafila;ACHÉ LABORATÓRIOS FARMACÊUTICOS S.A;60.659.463/0029-92;1173452257;03/09/2025;;2025-09-03;;;novo_em_relatorio
Cygnus D;DAIICHI SANKYO BRASIL FARMACÊUTICA LTDA;60.874.187/0001-84;721702244;29/05/2024;;2024-05-29;;;novo_em_relatorio
FLORALYTE;PROCTER & GAMBLE DO BRASIL LTDA.;59.476.770/0001-58;4177803201;26/11/2020;;2020-11-26;;;novo_em_relatorio
acetato de dexametasona;PHARLAB INDÚSTRIA FARMACÊUTICA S.A.;02.501.297/0001-02;771212259;09/06/2025;;2025-06-09;;;novo_em_relatorio
desonida;ACHÉ LABORATÓRIOS FARMACÊUTICOS S.A;60.659.463/0029-92;728384230;14/07/2023;;2023-07-14;;;novo_em_relatorio
NATIFA PRO UBD;LIBBS FARMACÊUTICA LTDA;61.230.314/0001-75;1539828247;08/11/2024;;2024-11-08;;;novo_em_relatorio
QTERN;ASTRAZENECA DO BRASIL LTDA;60.318.797/0001-00;500200254;11/04/2025;;2025-04-11;;;novo_em_relatorio
dolutegravir sódico;BLANVER FARMOQUIMICA E FARMACEUTICA S.A.;53.359.824/0001-19;861502256;01/07/2025;;2025-07-01;;;novo_em_relatorio
TORMIV ODG;ACHÉ LABORATÓRIOS FARMACÊUTICOS S.A;60.659.463/0029-92;301961255;06/03/2025;;2025-03-06;;;novo_em_relatorio
HYPNOMIDATE;ANTIBIÓTICOS DO BRASIL LTDA;05.439.635/0001-03;435492250;31/03/2025;;2025-03-31;;;novo_em_relatorio
Replagal;TAKEDA PHARMA LTDA.;60.397.775/0001-74;248418246;29/02/2024;;2024-02-29;;;novo_em_relatorio
ETOD;CRISTÁLIA PRODUTOS QUÍMICOS FARMACÊUTICOS LTDA.;44.734.671/0001-51;576428256;29/04/2025;;2025-04-29;;;novo_em_relatorio
OXLUMO;SPECIALTY PHARMA GOIAS LTDA;31.731.807/0001-28;671648250;19/05/2025;;2025-05-19;;;novo_em_relatorio
HYSTALOR;GEOLAB INDÚSTRIA FARMACÊUTICA S/A;03.485.572/0001-04;1144897254;26/08/2025;;2025-08-26;;;novo_em_relatorio
DELTYBA;VIATRIS FARMACEUTICA DO BRASIL LTDA;11.643.096/0001-22;823017231;07/08/2023;;2023-08-07;;;novo_em_relatorio
SUFENTA;ANTIBIÓTICOS DO BRASIL LTDA;05.439.635/0001-03;250859254;21/02/2025;;2025-02-21;;;novo_em_relatorio
TRIPLIXAM;LABORATÓRIOS SERVIER DO BRASIL LTDA;42.374.207/0001-76;1437964249;18/10/2024;;2024-10-18;;;novo_em_relatorio
citrato de fentanila;FRESENIUS KABI BRASIL LTDA;49.324.221/0001-04;1291463232;21/11/2023;;2023-11-21;;;novo_em_relatorio
desogestrel;UNIÃO QUÍMICA FARMACÊUTICA NACIONAL S/A;60.665.981/0001-18;834946254;25/06/2025;;2025-06-25;;;novo_em_relatorio
JUNEVE;TAKEDA PHARMA LTDA.;60.397.775/0001-74;555485251;24/04/2025;;2025-04-24;;;novo_em_relatorio
AGRYLIN;TAKEDA PHARMA LTDA.;60.397.775/0001-74;750478233;20/07/2023;;2023-07-20;;;novo_em_relatorio
APETIVITON BC;CIFARMA CIENTÍFICA FARMACÊUTICA LTDA;17.562.075/0001-69;332661245;18/03/2024;;2024-03-18;;;novo_em_relatorio
Fericimed;CIMED INDUSTRIA S.A;02.814.497/0001-07;3943768200;10/11/2020;;2020-11-10;;;novo_em_relatorio
CLORANA;SANOFI MEDLEY FARMACÊUTICA LTDA.;10.588.595/0010-92;1657254241;04/12/2024;;2024-12-04;;;novo_em_relatorio
PROINFLAC;LABORATORIOS B. BRAUN S/A;31.673.254/0001-02;221989242;26/02/2024;;2024-02-26;;;novo_em_relatorio
BUPICAN;UNIÃO QUÍMICA FARMACÊUTICA NACIONAL S/A;60.665.981/0001-18;578812258;29/04/2025;;2025-04-29;;;novo_em_relatorio
bortezomibe;Camber Farmaceutica Ltda;24.633.934/0001-29;1225375240;05/09/2024;;2024-09-05;;;novo_em_relatorio
REUPLAQ;EUROFARMA LABORATÓRIOS S.A.;61.190.096/0001-92;323243258;10/03/2025;;2025-03-10;;;novo_em_relatorio
oxalato de escitalopram;NOVARTIS BIOCIENCIAS S.A;56.994.502/0001-30;561268231;01/06/2023;;2023-06-01;;;novo_em_relatorio
ENJOY;PHARMASCIENCE INDUSTRIA FARMACEUTICA S.A;25.773.037/0001-83;361410207;05/02/2020;;2020-02-05;;;novo_em_relatorio
UPELIOR;RECORDATI RARE DISEASES COMÉRCIO DE MEDICAMENTOS LTDA - ME;53.056.057/0001-79;169186253;06/02/2025;;2025-02-06;;;novo_em_relatorio
cefalotina sódica;ANTIBIÓTICOS DO BRASIL LTDA;05.439.635/0001-03;1514144216;20/04/2021;;2021-04-20;;;novo_em_relatorio
ENDOBULIN KIOVIG;TAKEDA PHARMA LTDA.;60.397.775/0001-74;127043250;29/01/2025;;2025-01-29;;;novo_em_relatorio
BILYT;BIOLAB SANUS FARMACÊUTICA LTDA;49.475.833/0001-06;1551133245;11/11/2024;;2024-11-11;;;novo_em_relatorio
OSELFLU;NATCOFARMA DO BRASIL LTDA;08.157.293/0001-27;290566258;28/02/2025;;2025-02-28;;;novo_em_relatorio
FONT D;UNIÃO QUÍMICA FARMACÊUTICA NACIONAL S/A;60.665.981/0001-18;511106246;22/04/2024;;2024-04-22;;;novo_em_relatorio
ACERTALIX;LABORATÓRIOS SERVIER DO BRASIL LTDA;42.374.207/0001-76;88364259;21/01/2025;;2025-01-21;;;novo_em_relatorio
MITRIP;MYRALIS INDÚSTRIA FARMACÊUTICA LTDA;17.440.261/0001-25;1337307238;28/11/2023;;2023-11-28;;;novo_em_relatorio
cloridrato de tramadol + paracetamol;EMS S/A;57.507.378/0003-65;981079253;29/07/2025;;2025-07-29;;;novo_em_relatorio
sulfato de hidroxicloroquina;BRAINFARMA INDÚSTRIA QUÍMICA E FARMACÊUTICA S.A;05.161.069/0001-10;367742250;19/03/2025;;2025-03-19;;;novo_em_relatorio
OLMEGRAN HCT;LEGRAND PHARMA INDÚSTRIA FARMACÊUTICA LTDA;05.044.984/0001-26;919464254;15/07/2025;;2025-07-15;;;novo_em_relatorio
cloridrato de nortriptilina;LABORATÓRIO TEUTO BRASILEIRO S/A;17.159.229/0001-76;1133388256;22/08/2025;;2025-08-22;;;novo_em_relatorio
montelucaste de sódio;RANBAXY FARMACÊUTICA LTDA;73.663.650/0001-90;1112510257;18/08/2025;;2025-08-18;;;novo_em_relatorio
LIDOSTESIM AD;DLA PHARMACEUTICAL LTDA;45.841.137/0001-07;334608252;12/03/2025;;2025-03-12;;;novo_em_relatorio
simeticona + metilbrometo de homatropina;GERMED FARMACEUTICA LTDA;45.992.062/0001-65;2703918216;12/07/2021;;2021-07-12;;;novo_em_relatorio
montelucaste de sódio;RANBAXY FARMACÊUTICA LTDA;73.663.650/0001-90;1117962253;19/08/2025;;2025-08-19;;;novo_em_relatorio
DUNIA 35;ACHÉ LABORATÓRIOS FARMACÊUTICOS S.A;60.659.463/0029-92;688702252;22/05/2025;;2025-05-22;;;novo_em_relatorio
PUREGON;ORGANON FARMACÊUTICA LTDA.;45.987.013/0001-34;746072252;02/06/2025;;2025-06-02;;;novo_em_relatorio
ZAP;EUROFARMA LABORATÓRIOS S.A.;61.190.096/0001-92;832701246;19/06/2024;;2024-06-19;;;novo_em_relatorio
cloridrato de remifentanila;EUROFARMA LABORATÓRIOS S.A.;61.190.096/0001-92;1523345241;05/11/2024;;2024-11-05;;;novo_em_relatorio
SOLLY;BIOLAB SANUS FARMACÊUTICA LTDA;49.475.833/0001-06;1018359257;07/08/2025;;2025-08-07;;;novo_em_relatorio
EZONIA;EUROFARMA LABORATÓRIOS S.A.;61.190.096/0001-92;438531256;31/03/2025;;2025-03-31;;;novo_em_relatorio
ZOLFEST SPRAY;ACHÉ LABORATÓRIOS FARMACÊUTICOS S.A;60.659.463/0029-92;1313700240;24/09/2024;;2024-09-24;;;novo_em_relatorio
LUMAKRAS;AMGEN BIOTECNOLOGIA DO BRASIL LTDA.;18.774.815/0001-93;682483257;21/05/2025;;2025-05-21;;;novo_em_relatorio
Saphnelo;ASTRAZENECA DO BRASIL LTDA;60.318.797/0001-00;1150703253;27/08/2025;;2025-08-27;;;novo_em_relatorio
BENZIFLEX;EMS S/A;57.507.378/0003-65;519576250;16/04/2025;;2025-04-16;;;novo_em_relatorio
ibuprofeno;VITAMEDIC INDUSTRIA FARMACEUTICA LTDA;30.222.814/0001-31;1694641244;11/12/2024;;2024-12-11;;;novo_em_relatorio
NYTEB;DIFFUCAP - CHEMOBRÁS QUÍMICA E FARMACÊUTICA LTDA;42.457.796/0001-56;4761674229;29/09/2022;;2022-09-29;;;novo_em_relatorio
DORZOPTAN MT;GEOLAB INDÚSTRIA FARMACÊUTICA S/A;03.485.572/0001-04;1119534232;18/10/2023;;2023-10-18;;;novo_em_relatorio
VACINA SARAMPO, RUBÉOLA (ATENUADA);FUNDAÇÃO OSWALDO CRUZ;33.781.055/0001-35;1570728241;14/11/2024;;2024-11-14;;;novo_em_relatorio
BART H;EUROFARMA LABORATÓRIOS S.A.;61.190.096/0001-92;940295253;21/07/2025;;2025-07-21;;;novo_em_relatorio
valsartana;EUROFARMA LABORATÓRIOS S.A.;61.190.096/0001-92;1039985254;12/08/2025;;2025-08-12;;;novo_em_relatorio
VOCABRIA;GLAXOSMITHKLINE BRASIL LTDA;33.247.743/0001-10;1026336252;11/08/2025;;2025-08-11;;;novo_em_relatorio
cloridrato de tramadol + paracetamol;LABORATÓRIO GLOBO SA;17.115.437/0001-73;982583257;29/07/2025;;2025-07-29;;;novo_em_relatorio
DESRINITE;BRAINFARMA INDÚSTRIA QUÍMICA E FARMACÊUTICA S.A;05.161.069/0001-10;4942619211;08/12/2021;;2021-12-08;;;novo_em_relatorio
VOCABRIA;GLAXOSMITHKLINE BRASIL LTDA;33.247.743/0001-10;1026386250;11/08/2025;;2025-08-11;;;novo_em_relatorio
DACXI;BIOLAB SANUS FARMACÊUTICA LTDA;49.475.833/0001-06;205096247;21/02/2024;;2024-02-21;;;novo_em_relatorio
Yuflyma;CELLTRION HEALTHCARE DISTRIBUICAO DE PRODUTOS FARMACEUTICOS DOS BRASIL LTDA;05.452.889/0001-61;1199433250;10/09/2025;;2025-09-10;;;novo_em_relatorio
CARVYKTI®;JANSSEN-CILAG FARMACÊUTICA LTDA;51.780.468/0001-87;1121714251;20/08/2025;;2025-08-20;;;novo_em_relatorio
ácido tranexâmico;FRESENIUS KABI BRASIL LTDA;49.324.221/0001-04;1556812248;12/11/2024;;2024-11-12;;;novo_em_relatorio
bosentana;BIOLAB SANUS FARMACÊUTICA LTDA;49.475.833/0001-06;744925258;02/06/2025;;2025-06-02;;;novo_em_relatorio
SAYA CONTROL;DKT DO BRASIL PRODUTOS DE USO PESSOAL LTDA;38.756.680/0001-40;553711245;26/04/2024;;2024-04-26;;;novo_em_relatorio
hemifumarato de bisoprolol;RANBAXY FARMACÊUTICA LTDA;73.663.650/0001-90;1011729253;06/08/2025;;2025-08-06;;;novo_em_relatorio
ANTARA IV;EUROFARMA LABORATÓRIOS S.A.;61.190.096/0001-92;440893241;08/04/2024;;2024-04-08;;;novo_em_relatorio
cloridrato de ciclobenzaprina;MULTILAB INDUSTRIA E COMERCIO DE PRODUTOS FARMACEUTICOS LTDA;92.265.552/0009-05;518026256;15/04/2025;;2025-04-15;;;novo_em_relatorio
BARITEKAL HIPERBÁRICA;LABORATORIOS B. BRAUN S/A;31.673.254/0001-02;340202246;19/03/2024;;2024-03-19;;;novo_em_relatorio
RADICAVA;DAIICHI SANKYO BRASIL FARMACÊUTICA LTDA;60.874.187/0001-84;1119640253;19/08/2025;;2025-08-19;;;novo_em_relatorio
KEYTRUDA;MERCK SHARP & DOHME FARMACEUTICA LTDA.;03.560.974/0001-18;976467259;28/07/2025;;2025-07-28;;;novo_em_relatorio
citalopram;BRAINFARMA INDÚSTRIA QUÍMICA E FARMACÊUTICA S.A;05.161.069/0001-10;150066236;14/02/2023;;2023-02-14;;;novo_em_relatorio
VEKLURY®;GILEAD SCIENCES FARMACEUTICA DO BRASIL LTDA;15.670.288/0001-89;905838246;03/07/2024;;2024-07-03;;;novo_em_relatorio
esilato de nintedanibe;SUN FARMACÊUTICA DO BRASIL LTDA;05.035.244/0001-23;797941258;13/06/2025;;2025-06-13;;;novo_em_relatorio
paracetamol;MULTILAB INDUSTRIA E COMERCIO DE PRODUTOS FARMACEUTICOS LTDA;92.265.552/0009-05;1679234242;09/12/2024;;2024-12-09;;;novo_em_relatorio
OXIPELLE;MEDQUIMICA INDUSTRIA FARMACEUTICA LTDA.;17.875.154/0001-20;869465252;02/07/2025;;2025-07-02;;;novo_em_relatorio
clonazepam;GEOLAB INDÚSTRIA FARMACÊUTICA S/A;03.485.572/0001-04;4879591220;28/10/2022;;2022-10-28;;;novo_em_relatorio
succinato de metoprolol;BIOLAB SANUS FARMACÊUTICA LTDA;49.475.833/0001-06;1057314234;04/10/2023;;2023-10-04;;;novo_em_relatorio
OXCENE;ACHÉ LABORATÓRIOS FARMACÊUTICOS S.A;60.659.463/0029-92;715164252;27/05/2025;;2025-05-27;;;novo_em_relatorio
cloridrato de donepezila;MULTILAB INDUSTRIA E COMERCIO DE PRODUTOS FARMACEUTICOS LTDA;92.265.552/0009-05;645742252;13/05/2025;;2025-05-13;;;novo_em_relatorio
HEDERA TEUTO;LABORATÓRIO TEUTO BRASILEIRO S/A;17.159.229/0001-76;190708247;19/02/2024;;2024-02-19;;;novo_em_relatorio
cloridrato de bupropiona;MULTILAB INDUSTRIA E COMERCIO DE PRODUTOS FARMACEUTICOS LTDA;92.265.552/0009-05;1488040249;29/10/2024;;2024-10-29;;;novo_em_relatorio
temozolomida;BLAU FARMACÊUTICA S.A.;58.430.828/0001-60;1191354245;29/08/2024;;2024-08-29;;;novo_em_relatorio
TRIAXIN;EUROFARMA LABORATÓRIOS S.A.;61.190.096/0001-92;941878244;10/07/2024;;2024-07-10;;;novo_em_relatorio
succinato de solifenacina;SANOFI MEDLEY FARMACÊUTICA LTDA.;10.588.595/0010-92;1311763236;23/11/2023;;2023-11-23;;;novo_em_relatorio
ESTRIONIL;HIPOLABOR FARMACEUTICA LTDA;19.570.720/0001-10;483937258;08/04/2025;;2025-04-08;;;novo_em_relatorio
captopril;HIPOLABOR FARMACEUTICA LTDA;19.570.720/0001-10;1399591240;11/10/2024;;2024-10-11;;;novo_em_relatorio
rivaroxabana;PRATI DONADUZZI & CIA LTDA;73.856.593/0001-66;949857254;22/07/2025;;2025-07-22;;;novo_em_relatorio
IMOSEC;KENVUE LTDA.;59.748.988/0001-14;726175251;28/05/2025;;2025-05-28;;;novo_em_relatorio
HPMIX;ACHÉ LABORATÓRIOS FARMACÊUTICOS S.A;60.659.463/0029-92;312149247;13/03/2024;;2024-03-13;;;novo_em_relatorio
PARZO;ACHÉ LABORATÓRIOS FARMACÊUTICOS S.A;60.659.463/0029-92;322929253;10/03/2025;;2025-03-10;;;novo_em_relatorio
LUR;ACHÉ LABORATÓRIOS FARMACÊUTICOS S.A;60.659.463/0029-92;1017192251;07/08/2025;;2025-08-07;;;novo_em_relatorio
INSTAURA;TEVA FARMACÊUTICA LTDA.;05.333.542/0001-08;1396006231;08/12/2023;;2023-12-08;;;novo_em_relatorio
cetoprofeno;BRAINFARMA INDÚSTRIA QUÍMICA E FARMACÊUTICA S.A;05.161.069/0001-10;67175252;16/01/2025;;2025-01-16;;;novo_em_relatorio
IEROBINA;BELFAR LTDA;18.324.343/0001-77;1590053249;20/11/2024;;2024-11-20;;;novo_em_relatorio
azitromicina di-hidratada;BRAINFARMA INDÚSTRIA QUÍMICA E FARMACÊUTICA S.A;05.161.069/0001-10;790187230;28/07/2023;;2023-07-28;;;novo_em_relatorio
D3CAPS;UNIÃO QUÍMICA FARMACÊUTICA NACIONAL S/A;60.665.981/0001-18;398469253;24/03/2025;;2025-03-24;;;novo_em_relatorio
TRANSAMIN;ZYDUS NIKKHO FARMACÊUTICA LTDA;05.254.971/0001-81;910837252;11/07/2025;;2025-07-11;;;novo_em_relatorio
Cedur;TEVA FARMACÊUTICA LTDA.;05.333.542/0001-08;792402235;31/07/2023;;2023-07-31;;;novo_em_relatorio
DEGEN;BIOLAB SANUS FARMACÊUTICA LTDA;49.475.833/0001-06;652056253;14/05/2025;;2025-05-14;;;novo_em_relatorio
AFECSO;VITAMEDIC INDUSTRIA FARMACEUTICA LTDA;30.222.814/0001-31;1134311257;22/08/2025;;2025-08-22;;;novo_em_relatorio
ÁRIA;EUROFARMA LABORATÓRIOS S.A.;61.190.096/0001-92;787970247;12/06/2024;;2024-06-12;;;novo_em_relatorio
ZETIA;ORGANON FARMACÊUTICA LTDA.;45.987.013/0001-34;799203254;13/06/2025;;2025-06-13;;;novo_em_relatorio
KAVIUM ODT;ZYDUS NIKKHO FARMACÊUTICA LTDA;05.254.971/0001-81;910959251;11/07/2025;;2025-07-11;;;novo_em_relatorio
ZINACEF;SANDOZ DO BRASIL INDÚSTRIA FARMACÊUTICA LTDA;61.286.647/0001-16;946688231;05/09/2023;;2023-09-05;;;novo_em_relatorio
CUBICIN;MERCK SHARP & DOHME FARMACEUTICA LTDA.;03.560.974/0001-18;288237234;22/03/2023;;2023-03-22;;;novo_em_relatorio
hemifumarato de bisoprolol;BRAINFARMA INDÚSTRIA QUÍMICA E FARMACÊUTICA S.A;05.161.069/0001-10;1120205247;15/08/2024;;2024-08-15;;;novo_em_relatorio
NEOSALDINA MUSCULAR MAX;COSMED INDUSTRIA DE COSMETICOS E MEDICAMENTOS S.A.;61.082.426/0002-07;525877258;17/04/2025;;2025-04-17;;;novo_em_relatorio
everolimo;ACCORD FARMACÊUTICA LTDA;64.171.697/0001-46;1332325246;27/09/2024;;2024-09-27;;;novo_em_relatorio
ATENTAH;APSEN FARMACEUTICA S/A;62.462.015/0001-29;1740377249;20/12/2024;;2024-12-20;;;novo_em_relatorio
EXELON;UNITED MEDICAL LTDA;68.949.239/0001-46;639866255;12/05/2025;;2025-05-12;;;novo_em_relatorio
FATOR VIII DE COAGULAÇÃO HEMOBRÁS;EMPRESA BRASILEIRA DE HEMODERIVADOS E BIOTECNOLOGIA;07.607.851/0001-46;1197563245;30/08/2024;;2024-08-30;;;novo_em_relatorio
SEPTANEST;DLA PHARMACEUTICAL LTDA;45.841.137/0001-07;1683906241;10/12/2024;;2024-12-10;;;novo_em_relatorio
CRONOBE COMPLEX;BIOLAB SANUS FARMACÊUTICA LTDA;49.475.833/0001-06;1699908249;12/12/2024;;2024-12-12;;;novo_em_relatorio
cipionato de testosterona;CIFARMA CIENTÍFICA FARMACÊUTICA LTDA;17.562.075/0001-69;1364600242;04/10/2024;;2024-10-04;;;novo_em_relatorio
DIGESIGMA GOTAS;MULTILAB INDUSTRIA E COMERCIO DE PRODUTOS FARMACEUTICOS LTDA;92.265.552/0009-05;417776241;03/04/2024;;2024-04-03;;;novo_em_relatorio
PARACETAMOL;ACHÉ LABORATÓRIOS FARMACÊUTICOS S.A;60.659.463/0029-92;1612287247;26/11/2024;;2024-11-26;;;novo_em_relatorio
UPTRAVI;JANSSEN-CILAG FARMACÊUTICA LTDA;51.780.468/0001-87;474555259;07/04/2025;;2025-04-07;;;novo_em_relatorio
NOSINT;ACHÉ LABORATÓRIOS FARMACÊUTICOS S.A;60.659.463/0029-92;4923661224;09/11/2022;;2022-11-09;;;novo_em_relatorio
REPARIL;VIATRIS FARMACEUTICA DO BRASIL LTDA;11.643.096/0001-22;1040091245;30/07/2024;;2024-07-30;;;novo_em_relatorio
citrato de tamoxifeno;GERMED FARMACEUTICA LTDA;45.992.062/0001-65;1293043249;19/09/2024;;2024-09-19;;;novo_em_relatorio
FULVESTRANTO;TEVA FARMACÊUTICA LTDA.;05.333.542/0001-08;1523630248;05/11/2024;;2024-11-05;;;novo_em_relatorio
ampicilina sódica + sulbactam sódico;BLAU FARMACÊUTICA S.A.;58.430.828/0001-60;251728251;21/02/2025;;2025-02-21;;;novo_em_relatorio
UNAK;DIFFUCAP - CHEMOBRÁS QUÍMICA E FARMACÊUTICA LTDA;42.457.796/0001-56;1273855230;17/11/2023;;2023-11-17;;;novo_em_relatorio
ALENIA;ACHÉ LABORATÓRIOS FARMACÊUTICOS S.A;60.659.463/0029-92;930898257;17/07/2025;;2025-07-17;;;novo_em_relatorio
cloridrato de fluoxetina;ACHÉ LABORATÓRIOS FARMACÊUTICOS S.A;60.659.463/0029-92;1085452221;14/03/2022;;2022-03-14;;;novo_em_relatorio
Oxaliplatina;BLAU FARMACÊUTICA S.A.;58.430.828/0001-60;932876251;18/07/2025;;2025-07-18;;;novo_em_relatorio
mesilato de doxazosina;GEOLAB INDÚSTRIA FARMACÊUTICA S/A;03.485.572/0001-04;689317255;22/05/2025;;2025-05-22;;;novo_em_relatorio
atenolol;GEOLAB INDÚSTRIA FARMACÊUTICA S/A;03.485.572/0001-04;542816205;21/02/2020;;2020-02-21;;;novo_em_relatorio
RUXIENCE;PFIZER BRASIL LTDA;61.072.393/0001-33;1193592259;09/09/2025;;2025-09-09;;;novo_em_relatorio
MAXIBELL;CRISTÁLIA PRODUTOS QUÍMICOS FARMACÊUTICOS LTDA.;44.734.671/0001-51;948534249;11/07/2024;;2024-07-11;;;novo_em_relatorio
sinvastatina;LEGRAND PHARMA INDÚSTRIA FARMACÊUTICA LTDA;05.044.984/0001-26;548823251;23/04/2025;;2025-04-23;;;novo_em_relatorio
loratadina + sulfato de pseudoefedrina;CIMED INDUSTRIA S.A;02.814.497/0001-07;3964403201;11/11/2020;;2020-11-11;;;novo_em_relatorio
MYRAFER;MYRALIS INDÚSTRIA FARMACÊUTICA LTDA;17.440.261/0001-25;742489256;02/06/2025;;2025-06-02;;;novo_em_relatorio
DICLORIDRATO DE PRAMIPEXOL;ACHÉ LABORATÓRIOS FARMACÊUTICOS S.A;60.659.463/0029-92;1147840253;27/08/2025;;2025-08-27;;;novo_em_relatorio
DEFULL;BRASTERAPICA PHARMACEUTICA LTDA.;46.179.008/0001-68;1496134212;19/04/2021;;2021-04-19;;;novo_em_relatorio
STILNOX;SANOFI MEDLEY FARMACÊUTICA LTDA.;10.588.595/0010-92;1587006243;19/11/2024;;2024-11-19;;;novo_em_relatorio
DPREV GOTAS;MYRALIS INDÚSTRIA FARMACÊUTICA LTDA;17.440.261/0001-25;1140046250;25/08/2025;;2025-08-25;;;novo_em_relatorio
ZOTEON PÓ;VIATRIS FARMACEUTICA DO BRASIL LTDA;11.643.096/0001-22;802893252;16/06/2025;;2025-06-16;;;novo_em_relatorio
BICARBONATO DE SÓDIO;JP INDUSTRIA FARMACEUTICA S/A;55.972.087/0001-50;897222253;08/07/2025;;2025-07-08;;;novo_em_relatorio
CLORIDRATO DE SOTALOL;ACHÉ LABORATÓRIOS FARMACÊUTICOS S.A;60.659.463/0029-92;4524231203;21/12/2020;;2020-12-21;;;novo_em_relatorio
AXETILCEFUROXIMA;BRAINFARMA INDÚSTRIA QUÍMICA E FARMACÊUTICA S.A;05.161.069/0001-10;939413256;21/07/2025;;2025-07-21;;;novo_em_relatorio
Rarija;TEVA FARMACÊUTICA LTDA.;05.333.542/0001-08;204564247;21/02/2024;;2024-02-21;;;novo_em_relatorio
QUESTRAN LIGHT;MOKSHA8 BRASIL INDUSTRIA E COMERCIO DE MEDICAMENTOS LTDA;07.591.326/0001-80;4405021228;11/07/2022;;2022-07-11;;;novo_em_relatorio
hemitartarato de zolpidem;MULTILAB INDUSTRIA E COMERCIO DE PRODUTOS FARMACEUTICOS LTDA;92.265.552/0009-05;32928254;09/01/2025;;2025-01-09;;;novo_em_relatorio
MULTIBIC;FRESENIUS MEDICAL CARE LTDA;01.440.590/0001-36;605202257;05/05/2025;;2025-05-05;;;novo_em_relatorio
LACTOSAN;SANTISA LABORATÓRIO FARMACÊUTICO S/A;04.099.395/0001-82;506195236;18/05/2023;;2023-05-18;;;novo_em_relatorio
CLORIDRATO DE AMBROXOL;ACHÉ LABORATÓRIOS FARMACÊUTICOS S.A;60.659.463/0029-92;328150258;11/03/2025;;2025-03-11;;;novo_em_relatorio
VYNAXA;EMS S/A;57.507.378/0003-65;957302258;22/07/2025;;2025-07-22;;;novo_em_relatorio
SOFOSBUVIR;BLANVER FARMOQUIMICA E FARMACEUTICA S.A.;53.359.824/0001-19;4553205211;17/11/2021;;2021-11-17;;;novo_em_relatorio
mirtazapina;PRATI DONADUZZI & CIA LTDA;73.856.593/0001-66;814417256;18/06/2025;;2025-06-18;;;novo_em_relatorio
Cloridrato de Verapamil;ACHÉ LABORATÓRIOS FARMACÊUTICOS S.A;60.659.463/0029-92;455507252;03/04/2025;;2025-04-03;;;novo_em_relatorio
Lonsurf®;LABORATÓRIOS SERVIER DO BRASIL LTDA;42.374.207/0001-76;744507251;02/06/2025;;2025-06-02;;;novo_em_relatorio
OXALATO DE ESCITALOPRAM;ACHÉ LABORATÓRIOS FARMACÊUTICOS S.A;60.659.463/0029-92;1142084256;26/08/2025;;2025-08-26;;;novo_em_relatorio
GLAMIGAN MT;GERMED FARMACEUTICA LTDA;45.992.062/0001-65;1164183257;01/09/2025;;2025-09-01;;;novo_em_relatorio
maleato de enalapril + hidroclorotiazida;LEGRAND PHARMA INDÚSTRIA FARMACÊUTICA LTDA;05.044.984/0001-26;4388751227;06/07/2022;;2022-07-06;;;novo_em_relatorio
GALAFOLD;PINT PHARMA PRODUTOS MEDICO-HOSPITALARES E FARMACEUTICOS LTDA;21.896.000/0001-91;436840251;31/03/2025;;2025-03-31;;;novo_em_relatorio
trometamol cetorolaco;EUROFARMA LABORATÓRIOS S.A.;61.190.096/0001-92;1077989237;10/10/2023;;2023-10-10;;;novo_em_relatorio
DOISKA 180;BIOLAB SANUS FARMACÊUTICA LTDA;49.475.833/0001-06;671347233;30/06/2023;;2023-06-30;;;novo_em_relatorio
WILLENTINE;Mawdsleys Pharmaceuticals do Brasil Ltda;19.501.429/0001-90;1750721244;23/12/2024;;2024-12-23;;;novo_em_relatorio
mesalazina;RANBAXY FARMACÊUTICA LTDA;73.663.650/0001-90;750362251;03/06/2025;;2025-06-03;;;novo_em_relatorio
PADCEV;ADIUM S.A.;55.980.684/0001-27;1463123248;24/10/2024;;2024-10-24;;;novo_em_relatorio
SUGADIOZ;SANDOZ DO BRASIL INDÚSTRIA FARMACÊUTICA LTDA;61.286.647/0001-16;710971257;26/05/2025;;2025-05-26;;;novo_em_relatorio
GABA ER;EUROFARMA LABORATÓRIOS S.A.;61.190.096/0001-92;1268301248;16/09/2024;;2024-09-16;;;novo_em_relatorio
CISAUNI;UNIÃO QUÍMICA FARMACÊUTICA NACIONAL S/A;60.665.981/0001-18;1426171234;14/12/2023;;2023-12-14;;;novo_em_relatorio
RAPIFEN;ANTIBIÓTICOS DO BRASIL LTDA;05.439.635/0001-03;258987251;24/02/2025;;2025-02-24;;;novo_em_relatorio
TAKHZYRO;TAKEDA PHARMA LTDA.;60.397.775/0001-74;163755256;05/02/2025;;2025-02-05;;;novo_em_relatorio
SIGNIFOR LP;RECORDATI RARE DISEASES COMÉRCIO DE MEDICAMENTOS LTDA - ME;53.056.057/0001-79;102135258;23/01/2025;;2025-01-23;;;novo_em_relatorio
aciclovir;VITAMEDIC INDUSTRIA FARMACEUTICA LTDA;30.222.814/0001-31;823567231;07/08/2023;;2023-08-07;;;novo_em_relatorio
KITAPEN;BIOLAB SANUS FARMACÊUTICA LTDA;49.475.833/0001-06;675629250;20/05/2025;;2025-05-20;;;novo_em_relatorio
MIRADOR;BRAINFARMA INDÚSTRIA QUÍMICA E FARMACÊUTICA S.A;05.161.069/0001-10;4784881221;05/10/2022;;2022-10-05;;;novo_em_relatorio
trometamol cetorolaco;ACHÉ LABORATÓRIOS FARMACÊUTICOS S.A;60.659.463/0029-92;4604575223;25/08/2022;;2022-08-25;;;novo_em_relatorio
VENVANSE;TAKEDA PHARMA LTDA.;60.397.775/0001-74;554258251;24/04/2025;;2025-04-24;;;novo_em_relatorio
CICLATRY;MULTILAB INDUSTRIA E COMERCIO DE PRODUTOS FARMACEUTICOS LTDA;92.265.552/0009-05;368834255;19/03/2025;;2025-03-19;;;novo_em_relatorio
VOLARE;ACHÉ LABORATÓRIOS FARMACÊUTICOS S.A;60.659.463/0029-92;921627254;15/07/2025;;2025-07-15;;;novo_em_relatorio
ENEK;LABORATÓRIO QUÍMICO FARMACÊUTICO BERGAMO LTDA;61.282.661/0001-41;947942246;11/07/2024;;2024-07-11;;;novo_em_relatorio
HARIP;PRATI DONADUZZI & CIA LTDA;73.856.593/0001-66;1124725237;19/10/2023;;2023-10-19;;;novo_em_relatorio
RIFOCINA SPRAY;SANOFI MEDLEY FARMACÊUTICA LTDA.;10.588.595/0010-92;1232295248;06/09/2024;;2024-09-06;;;novo_em_relatorio
ZYNVIR;FRESENIUS KABI BRASIL LTDA;49.324.221/0001-04;1140025252;25/08/2025;;2025-08-25;;;novo_em_relatorio
OPTAFLAN;GALLIA INDUSTRIA FARMACEUTICA LTDA;12.022.755/0001-76;1422370241;16/10/2024;;2024-10-16;;;novo_em_relatorio
cloridrato de diltiazem;LABORATÓRIO TEUTO BRASILEIRO S/A;17.159.229/0001-76;617496251;07/05/2025;;2025-05-07;;;novo_em_relatorio
olmesartana medoxomila;GEOLAB INDÚSTRIA FARMACÊUTICA S/A;03.485.572/0001-04;929751256;17/07/2025;;2025-07-17;;;novo_em_relatorio
ALIBSTAR;PANAMERICAN MEDICAL SUPPLY SUPRIMENTOS MÉDICOS LTDA;01.329.816/0001-26;1007547251;05/08/2025;;2025-08-05;;;novo_em_relatorio
ALANDRE;LEGRAND PHARMA INDÚSTRIA FARMACÊUTICA LTDA;05.044.984/0001-26;4080303211;15/10/2021;;2021-10-15;;;novo_em_relatorio
DIENOGESTE;LEGRAND PHARMA INDÚSTRIA FARMACÊUTICA LTDA;05.044.984/0001-26;4080181213;15/10/2021;;2021-10-15;;;novo_em_relatorio
DIENOGESTE;GERMED FARMACEUTICA LTDA;45.992.062/0001-65;1659685249;04/12/2024;;2024-12-04;;;novo_em_relatorio
PHESGO;PRODUTOS ROCHE QUÍMICOS E FARMACÊUTICOS S.A.;33.009.945/0001-23;1733470247;19/12/2024;;2024-12-19;;;novo_em_relatorio
linezolida;FARMACE INDÚSTRIA QUÍMICO-FARMACÊUTICA CEARENSE LTDA;06.628.333/0001-46;519375254;16/04/2025;;2025-04-16;;;novo_em_relatorio
NAUDAN ODT;EMS S/A;57.507.378/0003-65;122868251;28/01/2025;;2025-01-28;;;novo_em_relatorio
ADVATE;TAKEDA PHARMA LTDA.;60.397.775/0001-74;875852254;03/07/2025;;2025-07-03;;;novo_em_relatorio
palmitato de paliperidona;ADIUM S.A.;55.980.684/0001-27;1139051253;25/08/2025;;2025-08-25;;;novo_em_relatorio
ibuprofeno;Althaia S.A Indústria Farmacêutica;48.344.725/0007-19;1297810244;20/09/2024;;2024-09-20;;;novo_em_relatorio
dipirona sódica;BRAINFARMA INDÚSTRIA QUÍMICA E FARMACÊUTICA S.A;05.161.069/0001-10;528396251;17/04/2025;;2025-04-17;;;novo_em_relatorio
KEPPRA XR;UCB BIOPHARMA LTDA.;64.711.500/0001-14;1049094247;31/07/2024;;2024-07-31;;;novo_em_relatorio
aciclovir;EMS S/A;57.507.378/0003-65;568693256;28/04/2025;;2025-04-28;;;novo_em_relatorio
SECRELISE;EMS S/A;57.507.378/0003-65;1168910251;02/09/2025;;2025-09-02;;;novo_em_relatorio
VEEPI;TORRENT DO BRASIL LTDA;33.078.528/0001-32;1315223244;25/09/2024;;2024-09-25;;;novo_em_relatorio
FLUCISTEIN;UNIÃO QUÍMICA FARMACÊUTICA NACIONAL S/A;60.665.981/0001-18;307344240;13/03/2024;;2024-03-13;;;novo_em_relatorio
BRONCHO-VAXOM;CHIESI FARMACÊUTICA LTDA;61.363.032/0001-46;104666251;24/01/2025;;2025-01-24;;;novo_em_relatorio
RIPOSO SL;EUROFARMA LABORATÓRIOS S.A.;61.190.096/0001-92;231363257;18/02/2025;;2025-02-18;;;novo_em_relatorio
ALOIS DUO PACK;APSEN FARMACEUTICA S/A;62.462.015/0001-29;556906233;31/05/2023;;2023-05-31;;;novo_em_relatorio
succinato de sumatriptana;BIOLAB SANUS FARMACÊUTICA LTDA;49.475.833/0001-06;1039136257;12/08/2025;;2025-08-12;;;novo_em_relatorio
DUCOX;EUROFARMA LABORATÓRIOS S.A.;61.190.096/0001-92;663008239;28/06/2023;;2023-06-28;;;novo_em_relatorio
CETROLAC SL;UNIÃO QUÍMICA FARMACÊUTICA NACIONAL S/A;60.665.981/0001-18;555334252;24/04/2025;;2025-04-24;;;novo_em_relatorio
PROQUAD;MERCK SHARP & DOHME FARMACEUTICA LTDA.;03.560.974/0001-18;951378252;22/07/2025;;2025-07-22;;;novo_em_relatorio
ROTATEQ;MERCK SHARP & DOHME FARMACEUTICA LTDA.;03.560.974/0001-18;1425058248;17/10/2024;;2024-10-17;;;novo_em_relatorio
MULTISORO ADULTO;MULTILAB INDUSTRIA E COMERCIO DE PRODUTOS FARMACEUTICOS LTDA;92.265.552/0009-05;93071256;22/01/2025;;2025-01-22;;;novo_em_relatorio
DEXALGEN NF;EUROFARMA LABORATÓRIOS S.A.;61.190.096/0001-92;979078237;14/09/2023;;2023-09-14;;;novo_em_relatorio
RENOVI B PLUS;SUPERA FARMA LABORATÓRIOS S.A;43.312.503/0001-05;39088243;12/01/2024;;2024-01-12;;;novo_em_relatorio
etinilestradiol + gestodeno;ACHÉ LABORATÓRIOS FARMACÊUTICOS S.A;60.659.463/0029-92;1148841253;27/08/2025;;2025-08-27;;;novo_em_relatorio
aripiprazol;NOVARTIS BIOCIENCIAS S.A;56.994.502/0001-30;994571232;19/09/2023;;2023-09-19;;;novo_em_relatorio
POLYCID;UNIÃO QUÍMICA FARMACÊUTICA NACIONAL S/A;60.665.981/0001-18;892937238;24/08/2023;;2023-08-24;;;novo_em_relatorio
RIVACRIST;ABBOTT LABORATÓRIOS DO BRASIL LTDA;56.998.701/0001-16;924182253;16/07/2025;;2025-07-16;;;novo_em_relatorio
PATZ GTS;EMS SIGMA PHARMA LTDA;00.923.140/0001-31;1589435249;20/11/2024;;2024-11-20;;;novo_em_relatorio
NARANETY;LEGRAND PHARMA INDÚSTRIA FARMACÊUTICA LTDA;05.044.984/0001-26;1170499252;02/09/2025;;2025-09-02;;;novo_em_relatorio
OPDUALAG;BRISTOL-MYERS SQUIBB FARMACÊUTICA LTDA;56.998.982/0001-07;875647251;03/07/2025;;2025-07-03;;;novo_em_relatorio
ALBEL;GEOLAB INDÚSTRIA FARMACÊUTICA S/A;03.485.572/0001-04;333987250;12/03/2025;;2025-03-12;;;novo_em_relatorio
VICK PYRENA GRIP – 7;PROCTER & GAMBLE DO BRASIL LTDA.;59.476.770/0001-58;3734329213;21/09/2021;;2021-09-21;;;novo_em_relatorio
ELONVA;ORGANON FARMACÊUTICA LTDA.;45.987.013/0001-34;557793254;25/04/2025;;2025-04-25;;;novo_em_relatorio
dicloridrato de daclatasvir;BLANVER FARMOQUIMICA E FARMACEUTICA S.A.;53.359.824/0001-19;1324814233;27/11/2023;;2023-11-27;;;novo_em_relatorio
GARDASIL;MERCK SHARP & DOHME FARMACEUTICA LTDA.;03.560.974/0001-18;1325186244;26/09/2024;;2024-09-26;;;novo_em_relatorio
GARDASIL 9;MERCK SHARP & DOHME FARMACEUTICA LTDA.;03.560.974/0001-18;1325472247;26/09/2024;;2024-09-26;;;novo_em_relatorio
REVLIMID;BRISTOL-MYERS SQUIBB FARMACÊUTICA LTDA;56.998.982/0001-07;1205422242;02/09/2024;;2024-09-02;;;novo_em_relatorio
CAMOMILA COMPOSTA CATARINENSE;LABORATORIO CATARINENSE LTDA;84.684.620/0001-87;780564251;10/06/2025;;2025-06-10;;;novo_em_relatorio
CRONOPLEX;UNIÃO QUÍMICA FARMACÊUTICA NACIONAL S/A;60.665.981/0001-18;721132251;28/05/2025;;2025-05-28;;;novo_em_relatorio
desogestrel;ACHÉ LABORATÓRIOS FARMACÊUTICOS S.A;60.659.463/0029-92;4622762218;22/11/2021;;2021-11-22;;;novo_em_relatorio
NARATRIN;EMS S/A;57.507.378/0003-65;1169585256;02/09/2025;;2025-09-02;;;novo_em_relatorio
vildagliptina;Althaia S.A Indústria Farmacêutica;48.344.725/0007-19;829917250;24/06/2025;;2025-06-24;;;novo_em_relatorio
MUSCUSAN;GERMED FARMACEUTICA LTDA;45.992.062/0001-65;517840251;15/04/2025;;2025-04-15;;;novo_em_relatorio
ibuprofeno;LABORATÓRIO TEUTO BRASILEIRO S/A;17.159.229/0001-76;1368467245;04/10/2024;;2024-10-04;;;novo_em_relatorio
ALGIE;EUROFARMA LABORATÓRIOS S.A.;61.190.096/0001-92;835781241;19/06/2024;;2024-06-19;;;novo_em_relatorio
rivaroxabana;BIOLAB SANUS FARMACÊUTICA LTDA;49.475.833/0001-06;205003249;21/02/2024;;2024-02-21;;;novo_em_relatorio
DIEVARI;EUROFARMA LABORATÓRIOS S.A.;61.190.096/0001-92;473940248;15/04/2024;;2024-04-15;;;novo_em_relatorio
daptomicina;ANTIBIÓTICOS DO BRASIL LTDA;05.439.635/0001-03;672279258;19/05/2025;;2025-05-19;;;novo_em_relatorio
M-M-R II;MERCK SHARP & DOHME FARMACEUTICA LTDA.;03.560.974/0001-18;971288259;25/07/2025;;2025-07-25;;;novo_em_relatorio
KOIDE D;EUROFARMA LABORATÓRIOS S.A.;61.190.096/0001-92;1344915248;01/10/2024;;2024-10-01;;;novo_em_relatorio
THIOCTACID;VIATRIS FARMACEUTICA DO BRASIL LTDA;11.643.096/0001-22;1048246248;31/07/2024;;2024-07-31;;;novo_em_relatorio
lenalidomida;EUROFARMA LABORATÓRIOS S.A.;61.190.096/0001-92;1530713242;06/11/2024;;2024-11-06;;;novo_em_relatorio
DIZTABEX;MULTILAB INDUSTRIA E COMERCIO DE PRODUTOS FARMACEUTICOS LTDA;92.265.552/0009-05;1679423240;09/12/2024;;2024-12-09;;;novo_em_relatorio
cloridrato de duloxetina;UNIÃO QUÍMICA FARMACÊUTICA NACIONAL S/A;60.665.981/0001-18;447923242;09/04/2024;;2024-04-09;;;novo_em_relatorio
acebrofilina;MULTILAB INDUSTRIA E COMERCIO DE PRODUTOS FARMACEUTICOS LTDA;92.265.552/0009-05;547317255;23/04/2025;;2025-04-23;;;novo_em_relatorio
SAL DE FRUTA ENO;PF Consumer Healthcare Brazil Importadora e Distribuidora de Medicamentos Ltda;30.872.270/0001-53;1153806258;28/08/2025;;2025-08-28;;;novo_em_relatorio
CLORIDRATO DE BUPROPIONA;MULTILAB INDUSTRIA E COMERCIO DE PRODUTOS FARMACEUTICOS LTDA;92.265.552/0009-05;857725254;30/06/2025;;2025-06-30;;;novo_em_relatorio
SANVAPRESS;HIPOLABOR FARMACEUTICA LTDA;19.570.720/0001-10;1676638245;09/12/2024;;2024-12-09;;;novo_em_relatorio
AIR SALONPAS;HISAMITSU FARMACÊUTICA DO BRASIL LTDA;49.383.250/0001-47;604124236;14/06/2023;;2023-06-14;;;novo_em_relatorio
dipirona monoidratada;MULTILAB INDUSTRIA E COMERCIO DE PRODUTOS FARMACEUTICOS LTDA;92.265.552/0009-05;451309251;02/04/2025;;2025-04-02;;;novo_em_relatorio
hemitartarato de zolpidem;Althaia S.A Indústria Farmacêutica;48.344.725/0007-19;148008259;03/02/2025;;2025-02-03;;;novo_em_relatorio
PIPERAZAM;BLAU FARMACÊUTICA S.A.;58.430.828/0001-60;1279014245;17/09/2024;;2024-09-17;;;novo_em_relatorio
pregabalina;GEOLAB INDÚSTRIA FARMACÊUTICA S/A;03.485.572/0001-04;10312251;06/01/2025;;2025-01-06;;;novo_em_relatorio
travoprosta;MULTILAB INDUSTRIA E COMERCIO DE PRODUTOS FARMACEUTICOS LTDA;92.265.552/0009-05;4989000226;29/11/2022;;2022-11-29;;;novo_em_relatorio
paracetamol + carisoprodol + diclofenaco sódico + cafeína;GEOLAB INDÚSTRIA FARMACÊUTICA S/A;03.485.572/0001-04;1121052240;15/08/2024;;2024-08-15;;;novo_em_relatorio
Divalproato de sódio;MULTILAB INDUSTRIA E COMERCIO DE PRODUTOS FARMACEUTICOS LTDA;92.265.552/0009-05;1679431242;09/12/2024;;2024-12-09;;;novo_em_relatorio
maleato de bronfeniramina + cloridrato de fenilefrina;BRAINFARMA INDÚSTRIA QUÍMICA E FARMACÊUTICA S.A;05.161.069/0001-10;576618250;29/04/2025;;2025-04-29;;;novo_em_relatorio
CERAZETTE;ORGANON FARMACÊUTICA LTDA.;45.987.013/0001-34;835792251;25/06/2025;;2025-06-25;;;novo_em_relatorio
DECNAZOL;PHARLAB INDÚSTRIA FARMACÊUTICA S.A.;02.501.297/0001-02;659441250;15/05/2025;;2025-05-15;;;novo_em_relatorio
NORIPURUM;BLANVER FARMOQUIMICA E FARMACEUTICA S.A.;53.359.824/0001-19;4408310221;11/07/2022;;2022-07-11;;;novo_em_relatorio
ISENTRESS;MERCK SHARP & DOHME FARMACEUTICA LTDA.;03.560.974/0001-18;1392606233;07/12/2023;;2023-12-07;;;novo_em_relatorio
ENJOVIX FLASH;Althaia S.A Indústria Farmacêutica;48.344.725/0007-19;1562676245;13/11/2024;;2024-11-13;;;novo_em_relatorio
TECVAYLI;JANSSEN-CILAG FARMACÊUTICA LTDA;51.780.468/0001-87;713018259;27/05/2025;;2025-05-27;;;novo_em_relatorio
MICROVLAR;UNIÃO QUÍMICA FARMACÊUTICA NACIONAL S/A;60.665.981/0001-18;288213254;28/02/2025;;2025-02-28;;;novo_em_relatorio
ALURAX;EUROFARMA LABORATÓRIOS S.A.;61.190.096/0001-92;3562255;02/01/2025;;2025-01-02;;;novo_em_relatorio
DORAGEO;GEOLAB INDÚSTRIA FARMACÊUTICA S/A;03.485.572/0001-04;540840254;22/04/2025;;2025-04-22;;;novo_em_relatorio
MALEATO DE ENALAPRIL;MULTILAB INDUSTRIA E COMERCIO DE PRODUTOS FARMACEUTICOS LTDA;92.265.552/0009-05;987662252;30/07/2025;;2025-07-30;;;novo_em_relatorio
ONDSET ODT;UNIÃO QUÍMICA FARMACÊUTICA NACIONAL S/A;60.665.981/0001-18;224487248;26/02/2024;;2024-02-26;;;novo_em_relatorio
SIMBEVA;LABORATÓRIO TEUTO BRASILEIRO S/A;17.159.229/0001-76;158598245;08/02/2024;;2024-02-08;;;novo_em_relatorio
dipirona;SANTISA LABORATÓRIO FARMACÊUTICO S/A;04.099.395/0001-82;1159296251;29/08/2025;;2025-08-29;;;novo_em_relatorio
apixabana;EMS S/A;57.507.378/0003-65;1689598247;10/12/2024;;2024-12-10;;;novo_em_relatorio
apixabana;SANOFI MEDLEY FARMACÊUTICA LTDA.;10.588.595/0010-92;1428682244;17/10/2024;;2024-10-17;;;novo_em_relatorio
PREDNISONA;HIPOLABOR FARMACEUTICA LTDA;19.570.720/0001-10;1397491248;10/10/2024;;2024-10-10;;;novo_em_relatorio
cloridrato de trazodona;SANOFI MEDLEY FARMACÊUTICA LTDA.;10.588.595/0010-92;2816253;02/01/2025;;2025-01-02;;;novo_em_relatorio
TEZSPIRE;ASTRAZENECA DO BRASIL LTDA;60.318.797/0001-00;1160735255;29/08/2025;;2025-08-29;;;novo_em_relatorio
levetiracetam;BRAINFARMA INDÚSTRIA QUÍMICA E FARMACÊUTICA S.A;05.161.069/0001-10;717477231;12/07/2023;;2023-07-12;;;novo_em_relatorio
ZINNAT;SANDOZ DO BRASIL INDÚSTRIA FARMACÊUTICA LTDA;61.286.647/0001-16;946656231;05/09/2023;;2023-09-05;;;novo_em_relatorio
FOPITANT;Camber Farmaceutica Ltda;24.633.934/0001-29;1685772242;10/12/2024;;2024-12-10;;;novo_em_relatorio
levetiracetam;EMS S/A;57.507.378/0003-65;1477342249;28/10/2024;;2024-10-28;;;novo_em_relatorio
valsartana + besilato de anlodipino;MULTILAB INDUSTRIA E COMERCIO DE PRODUTOS FARMACEUTICOS LTDA;92.265.552/0009-05;1525267248;05/11/2024;;2024-11-05;;;novo_em_relatorio
ULCTAM;LABORATÓRIO TEUTO BRASILEIRO S/A;17.159.229/0001-76;1275399240;17/09/2024;;2024-09-17;;;novo_em_relatorio
SANDRENA;ORGANON FARMACÊUTICA LTDA.;45.987.013/0001-34;379675251;20/03/2025;;2025-03-20;;;novo_em_relatorio
cloridrato de fexofenadina;EUROFARMA LABORATÓRIOS S.A.;61.190.096/0001-92;1032814250;11/08/2025;;2025-08-11;;;novo_em_relatorio
ILLUCCIX;MJM PRODUTOS FARMACEUTICOS E DE RADIOPROTECAO S.A.;04.891.262/0001-44;906405254;10/07/2025;;2025-07-10;;;novo_em_relatorio
FUMAGUM;FARMOQUÍMICA S/A;33.349.473/0001-58;1466647248;24/10/2024;;2024-10-24;;;novo_em_relatorio
amoxicilina;ACHÉ LABORATÓRIOS FARMACÊUTICOS S.A;60.659.463/0029-92;280805241;07/03/2024;;2024-03-07;;;novo_em_relatorio
MONONITRATO DE ISOSSORBIDA;ACHÉ LABORATÓRIOS FARMACÊUTICOS S.A;60.659.463/0029-92;343793253;13/03/2025;;2025-03-13;;;novo_em_relatorio
cabergolina;SUN FARMACÊUTICA DO BRASIL LTDA;05.035.244/0001-23;4642202201;30/12/2020;;2020-12-30;;;novo_em_relatorio
cloridrato de raloxifeno;BLANVER FARMOQUIMICA E FARMACEUTICA S.A.;53.359.824/0001-19;1045949256;12/08/2025;;2025-08-12;;;novo_em_relatorio
Celecoxibe;SANDOZ DO BRASIL INDÚSTRIA FARMACÊUTICA LTDA;61.286.647/0001-16;421324252;27/03/2025;;2025-03-27;;;novo_em_relatorio
gabapentina;PHARLAB INDÚSTRIA FARMACÊUTICA S.A.;02.501.297/0001-02;869038257;02/07/2025;;2025-07-02;;;novo_em_relatorio
mesilato de doxazosina;ACHÉ LABORATÓRIOS FARMACÊUTICOS S.A;60.659.463/0029-92;2067470218;28/05/2021;;2021-05-28;;;novo_em_relatorio
CETOPROFENO;SANOFI MEDLEY FARMACÊUTICA LTDA.;10.588.595/0010-92;1053070250;13/08/2025;;2025-08-13;;;novo_em_relatorio
DROPROPIZINA;ACHÉ LABORATÓRIOS FARMACÊUTICOS S.A;60.659.463/0029-92;343781255;13/03/2025;;2025-03-13;;;novo_em_relatorio
maleato de trimebutina;LEGRAND PHARMA INDÚSTRIA FARMACÊUTICA LTDA;05.044.984/0001-26;4943503225;16/11/2022;;2022-11-16;;;novo_em_relatorio
MODULATRI;LEGRAND PHARMA INDÚSTRIA FARMACÊUTICA LTDA;05.044.984/0001-26;4943504221;16/11/2022;;2022-11-16;;;novo_em_relatorio
TAVAGRAN;LEGRAND PHARMA INDÚSTRIA FARMACÊUTICA LTDA;05.044.984/0001-26;571225250;28/04/2025;;2025-04-28;;;novo_em_relatorio
CLORIDRATO DE DONEPEZILA;ACHÉ LABORATÓRIOS FARMACÊUTICOS S.A;60.659.463/0029-92;715043251;27/05/2025;;2025-05-27;;;novo_em_relatorio
TRAVAMED MT;GERMED FARMACEUTICA LTDA;45.992.062/0001-65;402724259;25/03/2025;;2025-03-25;;;novo_em_relatorio
PIQRAY;NOVARTIS BIOCIENCIAS S.A;56.994.502/0001-30;584438257;30/04/2025;;2025-04-30;;;novo_em_relatorio
rosuvastatina calcica;GEOLAB INDÚSTRIA FARMACÊUTICA S/A;03.485.572/0001-04;349375232;06/04/2023;;2023-04-06;;;novo_em_relatorio
CRESLIP;Althaia S.A Indústria Farmacêutica;48.344.725/0007-19;1121653251;20/08/2025;;2025-08-20;;;novo_em_relatorio
celecoxibe;LABORATÓRIO GLOBO SA;17.115.437/0001-73;312706251;07/03/2025;;2025-03-07;;;novo_em_relatorio
BETALOR;ACHÉ LABORATÓRIOS FARMACÊUTICOS S.A;60.659.463/0029-92;501411259;11/04/2025;;2025-04-11;;;novo_em_relatorio
RACECADOTRILA;ACHÉ LABORATÓRIOS FARMACÊUTICOS S.A;60.659.463/0029-92;2168604201;06/07/2020;;2020-07-06;;;novo_em_relatorio
PASSIFLORINE PI;MR PHARMA LTDA;23.668.196/0001-92;870335251;02/07/2025;;2025-07-02;;;novo_em_relatorio
metronidazol;LABORATÓRIO TEUTO BRASILEIRO S/A;17.159.229/0001-76;809024250;17/06/2025;;2025-06-17;;;novo_em_relatorio
Farmanguinhos rifampicina+isoniazida+pirazinamida+etambutol;FUNDAÇÃO OSWALDO CRUZ;33.781.055/0001-35;1403013233;08/12/2023;;2023-12-08;;;novo_em_relatorio
TARTARATO DE METOPROLOL;ACHÉ LABORATÓRIOS FARMACÊUTICOS S.A;60.659.463/0029-92;328374253;11/03/2025;;2025-03-11;;;novo_em_relatorio
cloridrato de valganciclovir;DR. REDDYS FARMACÊUTICA DO BRASIL LTDA;03.978.166/0001-75;435909258;31/03/2025;;2025-03-31;;;novo_em_relatorio
Divalproato de Sódio;EMS S/A;57.507.378/0003-65;1679390244;09/12/2024;;2024-12-09;;;novo_em_relatorio
cloridrato de tramadol + paracetamol;ACHÉ LABORATÓRIOS FARMACÊUTICOS S.A;60.659.463/0029-92;784908249;12/06/2024;;2024-06-12;;;novo_em_relatorio
LYNOZ;CRISTÁLIA PRODUTOS QUÍMICOS FARMACÊUTICOS LTDA.;44.734.671/0001-51;806182253;17/06/2025;;2025-06-17;;;novo_em_relatorio
cefalexina monoidratada;MULTILAB INDUSTRIA E COMERCIO DE PRODUTOS FARMACEUTICOS LTDA;92.265.552/0009-05;224189247;26/02/2024;;2024-02-26;;;novo_em_relatorio
alprazolam;EUROFARMA LABORATÓRIOS S.A.;61.190.096/0001-92;1363306243;03/10/2024;;2024-10-03;;;novo_em_relatorio
LANTUS;SANOFI MEDLEY FARMACÊUTICA LTDA.;10.588.595/0010-92;833965255;25/06/2025;;2025-06-25;;;novo_em_relatorio
cetoconazol;LABORATÓRIO TEUTO BRASILEIRO S/A;17.159.229/0001-76;1638986240;29/11/2024;;2024-11-29;;;novo_em_relatorio
cloridrato de pioglitazona;AUROBINDO PHARMA INDÚSTRIA FARMACÊUTICA LIMITADA;04.301.884/0001-75;930131231;31/08/2023;;2023-08-31;;;novo_em_relatorio
brometo de rocurônio;VIATRIS FARMACEUTICA DO BRASIL LTDA;11.643.096/0001-22;2481128222;20/04/2022;;2022-04-20;;;novo_em_relatorio
Zaltrap;SANOFI MEDLEY FARMACÊUTICA LTDA.;10.588.595/0010-92;356710254;17/03/2025;;2025-03-17;;;novo_em_relatorio
MYLZAR;VIATRIS FARMACEUTICA DO BRASIL LTDA;11.643.096/0001-22;4259158209;02/12/2020;;2020-12-02;;;novo_em_relatorio
LAMZEDE;CHIESI FARMACÊUTICA LTDA;61.363.032/0001-46;854357254;30/06/2025;;2025-06-30;;;novo_em_relatorio
Diclofenaco Sódico;FRESENIUS KABI BRASIL LTDA;49.324.221/0001-04;52243257;14/01/2025;;2025-01-14;;;novo_em_relatorio
LIPFITE;LABORATÓRIO GLOBO SA;17.115.437/0001-73;302347259;06/03/2025;;2025-03-06;;;novo_em_relatorio
CEFTAFOR;FRESENIUS KABI BRASIL LTDA;49.324.221/0001-04;537810251;22/04/2025;;2025-04-22;;;novo_em_relatorio
PAPILUP;GERMED FARMACEUTICA LTDA;45.992.062/0001-65;336202253;12/03/2025;;2025-03-12;;;novo_em_relatorio
DORENE LÍQUIDO;ACHÉ LABORATÓRIOS FARMACÊUTICOS S.A;60.659.463/0029-92;4711108220;19/09/2022;;2022-09-19;;;novo_em_relatorio
LEXOTAN;BLANVER FARMOQUIMICA E FARMACEUTICA S.A.;53.359.824/0001-19;1268849227;21/03/2022;;2022-03-21;;;novo_em_relatorio
montelucaste de sódio;CIMED INDUSTRIA S.A;02.814.497/0001-07;1159393257;29/08/2025;;2025-08-29;;;novo_em_relatorio
NOREGYNA;CIFARMA CIENTÍFICA FARMACÊUTICA LTDA;17.562.075/0001-69;385742258;21/03/2025;;2025-03-21;;;novo_em_relatorio
diclofenaco sódico;GEOLAB INDÚSTRIA FARMACÊUTICA S/A;03.485.572/0001-04;681139251;21/05/2025;;2025-05-21;;;novo_em_relatorio
propofol;LABORATÓRIO TEUTO BRASILEIRO S/A;17.159.229/0001-76;1200670256;10/09/2025;;2025-09-10;;;novo_em_relatorio
succinato de metoprolol;SANOFI MEDLEY FARMACÊUTICA LTDA.;10.588.595/0010-92;613365259;07/05/2025;;2025-05-07;;;novo_em_relatorio
NOAZY;NATCOFARMA DO BRASIL LTDA;08.157.293/0001-27;1686919247;10/12/2024;;2024-12-10;;;novo_em_relatorio
mesilato de rasagilina;TEVA FARMACÊUTICA LTDA.;05.333.542/0001-08;1120956251;19/08/2025;;2025-08-19;;;novo_em_relatorio
omeprazol;GEOLAB INDÚSTRIA FARMACÊUTICA S/A;03.485.572/0001-04;4932073224;11/11/2022;;2022-11-11;;;novo_em_relatorio
ANTARA;EUROFARMA LABORATÓRIOS S.A.;61.190.096/0001-92;1523280247;05/11/2024;;2024-11-05;;;novo_em_relatorio
DPHAR;PHARLAB INDÚSTRIA FARMACÊUTICA S.A.;02.501.297/0001-02;868887251;02/07/2025;;2025-07-02;;;novo_em_relatorio
DALMADORM;MEDQUIMICA INDUSTRIA FARMACEUTICA LTDA.;17.875.154/0001-20;846493250;27/06/2025;;2025-06-27;;;novo_em_relatorio
carbidopa + levodopa;ZYDUS NIKKHO FARMACÊUTICA LTDA;05.254.971/0001-81;687484251;22/05/2025;;2025-05-22;;;novo_em_relatorio
ramelteona;APSEN FARMACEUTICA S/A;62.462.015/0001-29;77873254;20/01/2025;;2025-01-20;;;novo_em_relatorio
montelucaste de sódio + dicloridrato de levocetirizina;EUROFARMA LABORATÓRIOS S.A.;61.190.096/0001-92;915571242;04/07/2024;;2024-07-04;;;novo_em_relatorio
cloridrato de bendamustina;TEVA FARMACÊUTICA LTDA.;05.333.542/0001-08;4988756220;28/11/2022;;2022-11-28;;;novo_em_relatorio
nimesulida betaciclodextrina;EUROFARMA LABORATÓRIOS S.A.;61.190.096/0001-92;762726253;05/06/2025;;2025-06-05;;;novo_em_relatorio
DIOVASES;EMS S/A;57.507.378/0003-65;476287251;07/04/2025;;2025-04-07;;;novo_em_relatorio
MICOSTALAB;MULTILAB INDUSTRIA E COMERCIO DE PRODUTOS FARMACEUTICOS LTDA;92.265.552/0009-05;271168251;26/02/2025;;2025-02-26;;;novo_em_relatorio
cloridrato de venlafaxina;BRAINFARMA INDÚSTRIA QUÍMICA E FARMACÊUTICA S.A;05.161.069/0001-10;894526235;24/08/2023;;2023-08-24;;;novo_em_relatorio
PRONTOMID;LABORATORIOS B. BRAUN S/A;31.673.254/0001-02;495845248;18/04/2024;;2024-04-18;;;novo_em_relatorio
UNICLARIN;UNIÃO QUÍMICA FARMACÊUTICA NACIONAL S/A;60.665.981/0001-18;418270244;03/04/2024;;2024-04-03;;;novo_em_relatorio
amoxicilina + clavulanato de potássio;LEGRAND PHARMA INDÚSTRIA FARMACÊUTICA LTDA;05.044.984/0001-26;1119574251;19/08/2025;;2025-08-19;;;novo_em_relatorio
cloridrato de metoclopramida;BELFAR LTDA;18.324.343/0001-77;244695245;29/02/2024;;2024-02-29;;;novo_em_relatorio
cloridrato de tramadol;EMS S/A;57.507.378/0003-65;1547259;02/01/2025;;2025-01-02;;;novo_em_relatorio
ACTONEL;FARMA VISION IMPORTAÇÃO E EXPORTAÇÃO DE MEDICAMENTOS LTDA;09.058.502/0001-48;1008327247;24/07/2024;;2024-07-24;;;novo_em_relatorio
desogestrel;EUROFARMA LABORATÓRIOS S.A.;61.190.096/0001-92;1129311252;21/08/2025;;2025-08-21;;;novo_em_relatorio
GLINK MET;LIBBS FARMACÊUTICA LTDA;61.230.314/0001-75;1041173253;12/08/2025;;2025-08-12;;;novo_em_relatorio
LEVOZINE;CRISTÁLIA PRODUTOS QUÍMICOS FARMACÊUTICOS LTDA.;44.734.671/0001-51;1729057241;18/12/2024;;2024-12-18;;;novo_em_relatorio
SPARK;EUROFARMA LABORATÓRIOS S.A.;61.190.096/0001-92;1523520248;05/11/2024;;2024-11-05;;;novo_em_relatorio
propofol;Camber Farmaceutica Ltda;24.633.934/0001-29;162795254;05/02/2025;;2025-02-05;;;novo_em_relatorio
SPIVA MCT-LCT;BAXTER HOSPITALAR LTDA;49.351.786/0002-61;1145604251;26/08/2025;;2025-08-26;;;novo_em_relatorio
ESOL XR;COSMED INDUSTRIA DE COSMETICOS E MEDICAMENTOS S.A.;61.082.426/0002-07;1141494248;20/08/2024;;2024-08-20;;;novo_em_relatorio
amoxicilina + claritromicina + esomeprazol;EMS S/A;57.507.378/0003-65;645368253;13/05/2025;;2025-05-13;;;novo_em_relatorio
STEZZA;FARMA VISION IMPORTAÇÃO E EXPORTAÇÃO DE MEDICAMENTOS LTDA;09.058.502/0001-48;312722249;13/03/2024;;2024-03-13;;;novo_em_relatorio
sinvastatina;MULTILAB INDUSTRIA E COMERCIO DE PRODUTOS FARMACEUTICOS LTDA;92.265.552/0009-05;548945250;23/04/2025;;2025-04-23;;;novo_em_relatorio
GLICEFOR;GEOLAB INDÚSTRIA FARMACÊUTICA S/A;03.485.572/0001-04;1178982254;04/09/2025;;2025-09-04;;;novo_em_relatorio
bromidrato de citalopram;BIOLAB SANUS FARMACÊUTICA LTDA;49.475.833/0001-06;1724193244;17/12/2024;;2024-12-17;;;novo_em_relatorio
levetiracetam;EUROFARMA LABORATÓRIOS S.A.;61.190.096/0001-92;646255240;15/05/2024;;2024-05-15;;;novo_em_relatorio
NEXVIAZYME;SANOFI MEDLEY FARMACÊUTICA LTDA.;10.588.595/0010-92;517531259;15/04/2025;;2025-04-15;;;novo_em_relatorio
Advil 12h;PF Consumer Healthcare Brazil Importadora e Distribuidora de Medicamentos Ltda;30.872.270/0001-53;1123069247;16/08/2024;;2024-08-16;;;novo_em_relatorio
PERMESE;EUROFARMA LABORATÓRIOS S.A.;61.190.096/0001-92;574937234;06/06/2023;;2023-06-06;;;novo_em_relatorio
MEDATO;EUROFARMA LABORATÓRIOS S.A.;61.190.096/0001-92;798583258;13/06/2025;;2025-06-13;;;novo_em_relatorio
nitazoxanida;PHARLAB INDÚSTRIA FARMACÊUTICA S.A.;02.501.297/0001-02;768722250;06/06/2025;;2025-06-06;;;novo_em_relatorio
FULVY;ACCORD FARMACÊUTICA LTDA;64.171.697/0001-46;1055047255;13/08/2025;;2025-08-13;;;novo_em_relatorio
OLSAR H;EUROFARMA LABORATÓRIOS S.A.;61.190.096/0001-92;910912254;11/07/2025;;2025-07-11;;;novo_em_relatorio
NIBISNU;DR. REDDYS FARMACÊUTICA DO BRASIL LTDA;03.978.166/0001-75;715129252;27/05/2025;;2025-05-27;;;novo_em_relatorio
CLORIDRATO DE TANSULOSINA;BIOLAB SANUS FARMACÊUTICA LTDA;49.475.833/0001-06;60637251;15/01/2025;;2025-01-15;;;novo_em_relatorio
CERMAZ;CRISTÁLIA PRODUTOS QUÍMICOS FARMACÊUTICOS LTDA.;44.734.671/0001-51;1333642245;27/09/2024;;2024-09-27;;;novo_em_relatorio
SLOW-K;UNIÃO QUÍMICA FARMACÊUTICA NACIONAL S/A;60.665.981/0001-18;579464253;29/04/2025;;2025-04-29;;;novo_em_relatorio
RIVOTRIL;BLANVER FARMOQUIMICA E FARMACEUTICA S.A.;53.359.824/0001-19;814760228;03/03/2022;;2022-03-03;;;novo_em_relatorio
PEGASYS;INNOVATIVE MEDICINES BRASIL SP DISTRIBUICAO DE MEDICAMENTOS LTDA;21.810.980/0001-68;1053318243;01/08/2024;;2024-08-01;;;novo_em_relatorio
hemitartarato de zolpidem;BIOLAB SANUS FARMACÊUTICA LTDA;49.475.833/0001-06;1176065246;27/08/2024;;2024-08-27;;;novo_em_relatorio
cloridrato de moxifloxacino;GEOLAB INDÚSTRIA FARMACÊUTICA S/A;03.485.572/0001-04;1097195252;16/08/2025;;2025-08-16;;;novo_em_relatorio
MONAX;EUROFARMA LABORATÓRIOS S.A.;61.190.096/0001-92;925783251;16/07/2025;;2025-07-16;;;novo_em_relatorio
VENTUS;EUROFARMA LABORATÓRIOS S.A.;61.190.096/0001-92;925709255;16/07/2025;;2025-07-16;;;novo_em_relatorio
SYNAGIS;ASTRAZENECA DO BRASIL LTDA;60.318.797/0001-00;764553259;06/06/2025;;2025-06-06;;;novo_em_relatorio
dienogeste;ACHÉ LABORATÓRIOS FARMACÊUTICOS S.A;60.659.463/0029-92;4556229219;17/11/2021;;2021-11-17;;;novo_em_relatorio
INDOSSO;EUROFARMA LABORATÓRIOS S.A.;61.190.096/0001-92;826715249;18/06/2024;;2024-06-18;;;novo_em_relatorio
NEVRALGEX DIP;CIMED INDUSTRIA S.A;02.814.497/0001-07;530222256;17/04/2025;;2025-04-17;;;novo_em_relatorio
ATIVB;BIOLAB SANUS FARMACÊUTICA LTDA;49.475.833/0001-06;1670918246;06/12/2024;;2024-12-06;;;novo_em_relatorio
ROX;EUROFARMA LABORATÓRIOS S.A.;61.190.096/0001-92;1069575259;14/08/2025;;2025-08-14;;;novo_em_relatorio
cloridrato de ciclobenzaprina;LEGRAND PHARMA INDÚSTRIA FARMACÊUTICA LTDA;05.044.984/0001-26;517753251;15/04/2025;;2025-04-15;;;novo_em_relatorio
nimesulida;UNIÃO QUÍMICA FARMACÊUTICA NACIONAL S/A;60.665.981/0001-18;455757259;03/04/2025;;2025-04-03;;;novo_em_relatorio
QDENGA;TAKEDA PHARMA LTDA.;60.397.775/0001-74;991199251;31/07/2025;;2025-07-31;;;novo_em_relatorio
TRANQUIL;LABORATÓRIO GLOBO SA;17.115.437/0001-73;832973254;25/06/2025;;2025-06-25;;;novo_em_relatorio
LANEXAT;BIOPAS BRASIL PRODUTOS FARMACEUTICOS LTDA;31.327.287/0001-92;687573246;23/05/2024;;2024-05-23;;;novo_em_relatorio
TORXIS;ACHÉ LABORATÓRIOS FARMACÊUTICOS S.A;60.659.463/0029-92;996975250;01/08/2025;;2025-08-01;;;novo_em_relatorio
TYG;UNIÃO QUÍMICA FARMACÊUTICA NACIONAL S/A;60.665.981/0001-18;44923252;13/01/2025;;2025-01-13;;;novo_em_relatorio
DOZOITO;BIOLAB SANUS FARMACÊUTICA LTDA;49.475.833/0001-06;1057496235;04/10/2023;;2023-10-04;;;novo_em_relatorio
CITOBÊ-DEXA;EUROFARMA LABORATÓRIOS S.A.;61.190.096/0001-92;1392203236;07/12/2023;;2023-12-07;;;novo_em_relatorio
VARICELL;FARMOQUÍMICA S/A;33.349.473/0001-58;995537241;22/07/2024;;2024-07-22;;;novo_em_relatorio
TURNO;EUROFARMA LABORATÓRIOS S.A.;61.190.096/0001-92;1597131245;21/11/2024;;2024-11-21;;;novo_em_relatorio
DORSANOL;MULTILAB INDUSTRIA E COMERCIO DE PRODUTOS FARMACEUTICOS LTDA;92.265.552/0009-05;643775242;15/05/2024;;2024-05-15;;;novo_em_relatorio
IMUNOGLOBULINA HUMANA HEMOBRÁS;EMPRESA BRASILEIRA DE HEMODERIVADOS E BIOTECNOLOGIA;07.607.851/0001-46;175898251;07/02/2025;;2025-02-07;;;novo_em_relatorio
JANUVIA;MERCK SHARP & DOHME FARMACEUTICA LTDA.;03.560.974/0001-18;1425064248;17/10/2024;;2024-10-17;;;novo_em_relatorio
fampridina;ACCORD FARMACÊUTICA LTDA;64.171.697/0001-46;942263251;21/07/2025;;2025-07-21;;;novo_em_relatorio
ácido clavulânico + amoxicilina;BLAU FARMACÊUTICA S.A.;58.430.828/0001-60;836658230;10/08/2023;;2023-08-10;;;novo_em_relatorio
CITTÀ;EUROFARMA LABORATÓRIOS S.A.;61.190.096/0001-92;804032246;14/06/2024;;2024-06-14;;;novo_em_relatorio
OPPY;LABORATÓRIO TEUTO BRASILEIRO S/A;17.159.229/0001-76;1275373241;17/09/2024;;2024-09-17;;;novo_em_relatorio
benfotiamina;BIOLAB SANUS FARMACÊUTICA LTDA;49.475.833/0001-06;1658602242;04/12/2024;;2024-12-04;;;novo_em_relatorio
VITAMINA D3;UNIÃO QUÍMICA FARMACÊUTICA NACIONAL S/A;60.665.981/0001-18;674003250;19/05/2025;;2025-05-19;;;novo_em_relatorio
HYPORIDROL;HYPOFARMA - INSTITUTO DE HYPODERMIA E FARMÁCIA LTDA;17.174.657/0001-78;198404255;12/02/2025;;2025-02-12;;;novo_em_relatorio
GLIOCORT;FRESENIUS KABI BRASIL LTDA;49.324.221/0001-04;1393438245;10/10/2024;;2024-10-10;;;novo_em_relatorio
cabergolina;MULTILAB INDUSTRIA E COMERCIO DE PRODUTOS FARMACEUTICOS LTDA;92.265.552/0009-05;1701054248;12/12/2024;;2024-12-12;;;novo_em_relatorio
ALIVETORE;ABBOTT LABORATÓRIOS DO BRASIL LTDA;56.998.701/0001-16;419374256;27/03/2025;;2025-03-27;;;novo_em_relatorio
BRITENS LC;UNIÃO QUÍMICA FARMACÊUTICA NACIONAL S/A;60.665.981/0001-18;1174493259;03/09/2025;;2025-09-03;;;novo_em_relatorio
IBULIV;EMS S/A;57.507.378/0003-65;1472869249;25/10/2024;;2024-10-25;;;novo_em_relatorio
KOZENIS;GLAXOSMITHKLINE BRASIL LTDA;33.247.743/0001-10;1145538258;26/08/2025;;2025-08-26;;;novo_em_relatorio
PIPTA;LABORATÓRIO TEUTO BRASILEIRO S/A;17.159.229/0001-76;1368384242;04/10/2024;;2024-10-04;;;novo_em_relatorio
Kymriah;NOVARTIS BIOCIENCIAS S.A;56.994.502/0001-30;1180103254;04/09/2025;;2025-09-04;;;novo_em_relatorio
hemitartarato de zolpidem;EUROFARMA LABORATÓRIOS S.A.;61.190.096/0001-92;1597103241;22/11/2024;;2024-11-22;;;novo_em_relatorio
GABANEURIN;EMS SIGMA PHARMA LTDA;00.923.140/0001-31;688686257;22/05/2025;;2025-05-22;;;novo_em_relatorio
TERROSA;GEDEON RICHTER DO BRASIL IMPORTADORA, EXPORTADORA E DISTRIBUIDORA S.A.;12.134.906/0002-69;1594421242;21/11/2024;;2024-11-21;;;novo_em_relatorio
trometamol cetorolaco;GERMED FARMACEUTICA LTDA;45.992.062/0001-65;1182370250;05/09/2025;;2025-09-05;;;novo_em_relatorio
claritromicina;BRAINFARMA INDÚSTRIA QUÍMICA E FARMACÊUTICA S.A;05.161.069/0001-10;687127254;22/05/2025;;2025-05-22;;;novo_em_relatorio
GLAMETIX;Laboratórios Bagó do Brasil S/A;04.748.181/0009-47;4519853222;08/08/2022;;2022-08-08;;;novo_em_relatorio
FEMINA;ACHÉ LABORATÓRIOS FARMACÊUTICOS S.A;60.659.463/0029-92;200886258;12/02/2025;;2025-02-12;;;novo_em_relatorio
TAMOXIN;EUROFARMA LABORATÓRIOS S.A.;61.190.096/0001-92;1133187251;22/08/2025;;2025-08-22;;;novo_em_relatorio
dimesilato de lisdexanfetamina;PHARLAB INDÚSTRIA FARMACÊUTICA S.A.;02.501.297/0001-02;925726257;16/07/2025;;2025-07-16;;;novo_em_relatorio
TRIQUILAR;UNIÃO QUÍMICA FARMACÊUTICA NACIONAL S/A;60.665.981/0001-18;574498249;01/05/2024;;2024-05-01;;;novo_em_relatorio
CUPRIMINE;MEDQUIMICA INDUSTRIA FARMACEUTICA LTDA.;17.875.154/0001-20;835132251;25/06/2025;;2025-06-25;;;novo_em_relatorio
FRONTAL;VIATRIS FARMACEUTICA DO BRASIL LTDA;11.643.096/0001-22;788191250;11/06/2025;;2025-06-11;;;novo_em_relatorio
SUTRIPTAN;BIOLAB SANUS FARMACÊUTICA LTDA;49.475.833/0001-06;1039177255;12/08/2025;;2025-08-12;;;novo_em_relatorio
SITAREDDYS;DR. REDDYS FARMACÊUTICA DO BRASIL LTDA;03.978.166/0001-75;1622403240;27/11/2024;;2024-11-27;;;novo_em_relatorio
brometo de ipratrópio;MULTILAB INDUSTRIA E COMERCIO DE PRODUTOS FARMACEUTICOS LTDA;92.265.552/0009-05;478170254;07/04/2025;;2025-04-07;;;novo_em_relatorio
cloridrato de fexofenadina;VITAMEDIC INDUSTRIA FARMACEUTICA LTDA;30.222.814/0001-31;199447250;12/02/2025;;2025-02-12;;;novo_em_relatorio
IBUPRIL CAPS;LABORATÓRIO TEUTO BRASILEIRO S/A;17.159.229/0001-76;1368404243;04/10/2024;;2024-10-04;;;novo_em_relatorio
MANTIDAN;EUROFARMA LABORATÓRIOS S.A.;61.190.096/0001-92;475785240;15/04/2024;;2024-04-15;;;novo_em_relatorio
NESTA;ACHÉ LABORATÓRIOS FARMACÊUTICOS S.A;60.659.463/0029-92;317824236;30/03/2023;;2023-03-30;;;novo_em_relatorio
RECARBRIO;MERCK SHARP & DOHME FARMACEUTICA LTDA.;03.560.974/0001-18;1358345244;03/10/2024;;2024-10-03;;;novo_em_relatorio
ANLUSBED;MULTILAB INDUSTRIA E COMERCIO DE PRODUTOS FARMACEUTICOS LTDA;92.265.552/0009-05;1438483244;18/10/2024;;2024-10-18;;;novo_em_relatorio
MONOLATAN;UNIÃO QUÍMICA FARMACÊUTICA NACIONAL S/A;60.665.981/0001-18;556801253;25/04/2025;;2025-04-25;;;novo_em_relatorio
COLEMONO;COSMED INDUSTRIA DE COSMETICOS E MEDICAMENTOS S.A.;61.082.426/0002-07;1015300251;07/08/2025;;2025-08-07;;;novo_em_relatorio
FEMIANE;UNIÃO QUÍMICA FARMACÊUTICA NACIONAL S/A;60.665.981/0001-18;12158241;04/01/2024;;2024-01-04;;;novo_em_relatorio
AEROGOLD;GLENMARK FARMACÊUTICA LTDA;44.363.661/0001-57;678737258;20/05/2025;;2025-05-20;;;novo_em_relatorio
dicloridrato de hidroxizina;LEGRAND PHARMA INDÚSTRIA FARMACÊUTICA LTDA;05.044.984/0001-26;601183258;05/05/2025;;2025-05-05;;;novo_em_relatorio
DESLORATADINA;ACHÉ LABORATÓRIOS FARMACÊUTICOS S.A;60.659.463/0029-92;1016321252;07/08/2025;;2025-08-07;;;novo_em_relatorio
Epinefrina;HYPOFARMA - INSTITUTO DE HYPODERMIA E FARMÁCIA LTDA;17.174.657/0001-78;60127252;15/01/2025;;2025-01-15;;;novo_em_relatorio
ESALERG D12;ACHÉ LABORATÓRIOS FARMACÊUTICOS S.A;60.659.463/0029-92;21638250;08/01/2025;;2025-01-08;;;novo_em_relatorio
mesilato de imatinibe;LABORATORIO QUIMICO FARMACEUTICO DA AERONAUTICA;00.394.429/0099-14;91869234;30/01/2023;;2023-01-30;;;novo_em_relatorio
Numeta Neo;BAXTER HOSPITALAR LTDA;49.351.786/0002-61;1145579256;26/08/2025;;2025-08-26;;;novo_em_relatorio
desogestrel;EMS S/A;57.507.378/0003-65;313171254;07/03/2025;;2025-03-07;;;novo_em_relatorio
pemetrexede dissodico;SUN FARMACÊUTICA DO BRASIL LTDA;05.035.244/0001-23;861555252;01/07/2025;;2025-07-01;;;novo_em_relatorio
Hemitartarato de Zolpidem;MEDQUIMICA INDUSTRIA FARMACEUTICA LTDA.;17.875.154/0001-20;580988244;02/05/2024;;2024-05-02;;;novo_em_relatorio
GLIMEPIRIDA;ACHÉ LABORATÓRIOS FARMACÊUTICOS S.A;60.659.463/0029-92;4523359204;21/12/2020;;2020-12-21;;;novo_em_relatorio
desloratadina;EUROFARMA LABORATÓRIOS S.A.;61.190.096/0001-92;987050257;30/07/2025;;2025-07-30;;;novo_em_relatorio
SACFER;VASCONCELOS INDUSTRIA FARMACEUTICA E COMERCIO LTDA;05.155.425/0001-93;845113259;27/06/2025;;2025-06-27;;;novo_em_relatorio
SABRIL;SANOFI MEDLEY FARMACÊUTICA LTDA.;10.588.595/0010-92;874466253;03/07/2025;;2025-07-03;;;novo_em_relatorio
dipirona monoidratada;EMS S/A;57.507.378/0003-65;508378257;14/04/2025;;2025-04-14;;;novo_em_relatorio
levonorgestrel + etinilestradiol;CIFARMA CIENTÍFICA FARMACÊUTICA LTDA;17.562.075/0001-69;1257372246;12/09/2024;;2024-09-12;;;novo_em_relatorio
WOSULIN N;GERAIS, COMÉRCIO E IMPORTAÇÃO DE MATERIAIS E EQUIPAMENTOS MEDICOS LTDA;04.491.780/0001-70;469229250;04/04/2025;;2025-04-04;;;novo_em_relatorio
cloridrato de ciprofloxacino;NOVARTIS BIOCIENCIAS S.A;56.994.502/0001-30;858059258;30/06/2025;;2025-06-30;;;novo_em_relatorio
GEMCIT;SANDOZ DO BRASIL INDÚSTRIA FARMACÊUTICA LTDA;61.286.647/0001-16;1726254241;18/12/2024;;2024-12-18;;;novo_em_relatorio
fosfato sódico de prednisolona;VITAMEDIC INDUSTRIA FARMACEUTICA LTDA;30.222.814/0001-31;826286259;23/06/2025;;2025-06-23;;;novo_em_relatorio
amoxicilina + clavulanato de potássio;CELLERA FARMACÊUTICA S.A.;33.173.097/0002-74;226123243;26/02/2024;;2024-02-26;;;novo_em_relatorio
GLICOSE HALEX ISTAR;HALEX ISTAR INDÚSTRIA FARMACÊUTICA SA;01.571.702/0001-98;2312550211;15/06/2021;;2021-06-15;;;novo_em_relatorio
ISOFARMA - SOLUÇÃO DE SULFATO DE MAGNESIO;HALEX ISTAR INDÚSTRIA FARMACÊUTICA SA;01.571.702/0001-98;7102766211;15/12/2021;;2021-12-15;;;novo_em_relatorio
PREGABALINA;ACHÉ LABORATÓRIOS FARMACÊUTICOS S.A;60.659.463/0029-92;1726096246;18/12/2024;;2024-12-18;;;novo_em_relatorio
ibuprofeno;VITAMEDIC INDUSTRIA FARMACEUTICA LTDA;30.222.814/0001-31;1709679247;13/12/2024;;2024-12-13;;;novo_em_relatorio
WOSULIN R;GERAIS, COMÉRCIO E IMPORTAÇÃO DE MATERIAIS E EQUIPAMENTOS MEDICOS LTDA;04.491.780/0001-70;469246251;04/04/2025;;2025-04-04;;;novo_em_relatorio
temozolomida;EUROFARMA LABORATÓRIOS S.A.;61.190.096/0001-92;1238274242;09/09/2024;;2024-09-09;;;novo_em_relatorio
TRAUM;ACHÉ LABORATÓRIOS FARMACÊUTICOS S.A;60.659.463/0029-92;1736841246;19/12/2024;;2024-12-19;;;novo_em_relatorio
DOVATO;GLAXOSMITHKLINE BRASIL LTDA;33.247.743/0001-10;501283251;11/04/2025;;2025-04-11;;;novo_em_relatorio
Naucloz;ACHÉ LABORATÓRIOS FARMACÊUTICOS S.A;60.659.463/0029-92;1176820257;04/09/2025;;2025-09-04;;;novo_em_relatorio
PASMODEX;HALEX ISTAR INDÚSTRIA FARMACÊUTICA SA;01.571.702/0001-98;4339884207;08/12/2020;;2020-12-08;;;novo_em_relatorio
meloxicam;GEOLAB INDÚSTRIA FARMACÊUTICA S/A;03.485.572/0001-04;1075203252;14/08/2025;;2025-08-14;;;novo_em_relatorio
TREZETE;ACHÉ LABORATÓRIOS FARMACÊUTICOS S.A;60.659.463/0029-92;1726442241;18/12/2024;;2024-12-18;;;novo_em_relatorio
levofloxacino hemi-hidratado;EUROFARMA LABORATÓRIOS S.A.;61.190.096/0001-92;646631250;13/05/2025;;2025-05-13;;;novo_em_relatorio
levofloxacino;LABORATÓRIO GLOBO SA;17.115.437/0001-73;787112259;11/06/2025;;2025-06-11;;;novo_em_relatorio
montelucaste de sódio;ACHÉ LABORATÓRIOS FARMACÊUTICOS S.A;60.659.463/0029-92;692633251;23/05/2025;;2025-05-23;;;novo_em_relatorio
FERRO;BIOLAB SANUS FARMACÊUTICA LTDA;49.475.833/0001-06;170513254;06/02/2025;;2025-02-06;;;novo_em_relatorio
HEDERA CATARINENSE;LABORATORIO CATARINENSE LTDA;84.684.620/0001-87;787086258;11/06/2025;;2025-06-11;;;novo_em_relatorio
tartarato de brimonidina;EMS S/A;57.507.378/0003-65;1111186251;18/08/2025;;2025-08-18;;;novo_em_relatorio
FABRAZYME;SANOFI MEDLEY FARMACÊUTICA LTDA.;10.588.595/0010-92;1153622254;28/08/2025;;2025-08-28;;;novo_em_relatorio
SULFATO DE NEOMICINA + BACITRACINA ZÍNCICA;PHARLAB INDÚSTRIA FARMACÊUTICA S.A.;02.501.297/0001-02;794119255;12/06/2025;;2025-06-12;;;novo_em_relatorio
PROLIA;AMGEN BIOTECNOLOGIA DO BRASIL LTDA.;18.774.815/0001-93;1496334248;30/10/2024;;2024-10-30;;;novo_em_relatorio
ZOMYLE;VIATRIS FARMACEUTICA DO BRASIL LTDA;11.643.096/0001-22;536451231;26/05/2023;;2023-05-26;;;novo_em_relatorio
RYTMISE;GERMED FARMACEUTICA LTDA;45.992.062/0001-65;1204520241;02/09/2024;;2024-09-02;;;novo_em_relatorio
FLANAX XR;BAYER S.A.;18.459.628/0001-15;916076253;14/07/2025;;2025-07-14;;;novo_em_relatorio
dipropionato de beclometasona;GLENMARK FARMACÊUTICA LTDA;44.363.661/0001-57;731056256;29/05/2025;;2025-05-29;;;novo_em_relatorio
PERLID;PRATI DONADUZZI & CIA LTDA;73.856.593/0001-66;798021250;13/06/2025;;2025-06-13;;;novo_em_relatorio
ELIQUIS;PFIZER BRASIL LTDA;61.072.393/0001-33;1284177246;18/09/2024;;2024-09-18;;;novo_em_relatorio
cloridrato de ondansetrona;SANOFI MEDLEY FARMACÊUTICA LTDA.;10.588.595/0010-92;1631012240;28/11/2024;;2024-11-28;;;novo_em_relatorio
KOLPOCERVIX;ZYDUS NIKKHO FARMACÊUTICA LTDA;05.254.971/0001-81;757037259;04/06/2025;;2025-06-04;;;novo_em_relatorio
BACTRIM;FARMOQUÍMICA S/A;33.349.473/0001-58;677257244;21/05/2024;;2024-05-21;;;novo_em_relatorio
KOPLAN;FRESENIUS KABI BRASIL LTDA;49.324.221/0001-04;1130507254;21/08/2025;;2025-08-21;;;novo_em_relatorio
KALOBA;HERBARIUM LABORATORIO BOTANICO LTDA;78.950.011/0001-20;1138017256;25/08/2025;;2025-08-25;;;novo_em_relatorio
SINCRO XR;EUROFARMA LABORATÓRIOS S.A.;61.190.096/0001-92;1332439241;27/09/2024;;2024-09-27;;;novo_em_relatorio
Cloridrato de donepezila;BRAINFARMA INDÚSTRIA QUÍMICA E FARMACÊUTICA S.A;05.161.069/0001-10;150127235;14/02/2023;;2023-02-14;;;novo_em_relatorio
DANYELZA;ADIUM S.A.;55.980.684/0001-27;730119254;29/05/2025;;2025-05-29;;;novo_em_relatorio
letrozol;LABORATÓRIO QUÍMICO FARMACÊUTICO BERGAMO LTDA;61.282.661/0001-41;625124235;20/06/2023;;2023-06-20;;;novo_em_relatorio
BIOGRIPE;UNIÃO QUÍMICA FARMACÊUTICA NACIONAL S/A;60.665.981/0001-18;381368254;20/03/2025;;2025-03-20;;;novo_em_relatorio
cloridrato de trazodona;Althaia S.A Indústria Farmacêutica;48.344.725/0007-19;192738259;11/02/2025;;2025-02-11;;;novo_em_relatorio
ICADEN;LEO PHARMA LTDA;11.424.477/0001-10;122574257;28/01/2025;;2025-01-28;;;novo_em_relatorio
cloridrato de metformina;MULTILAB INDUSTRIA E COMERCIO DE PRODUTOS FARMACEUTICOS LTDA;92.265.552/0009-05;1182593259;05/09/2025;;2025-09-05;;;novo_em_relatorio
GENOTROPIN;PFIZER BRASIL LTDA;61.072.393/0001-33;1058246259;13/08/2025;;2025-08-13;;;novo_em_relatorio
bromoprida;CIMED INDUSTRIA S.A;02.814.497/0001-07;594700221;18/02/2022;;2022-02-18;;;novo_em_relatorio
cloridrato de paroxetina;CIMED INDUSTRIA S.A;02.814.497/0001-07;29933234;11/01/2023;;2023-01-11;;;novo_em_relatorio
MEROPENEM;FRESENIUS KABI BRASIL LTDA;49.324.221/0001-04;306239256;06/03/2025;;2025-03-06;;;novo_em_relatorio
captopril;BELFAR LTDA;18.324.343/0001-77;1332411240;27/09/2024;;2024-09-27;;;novo_em_relatorio
cloridrato de ciprofloxacino;EMS S/A;57.507.378/0003-65;370173252;19/03/2025;;2025-03-19;;;novo_em_relatorio
TRICIT;EUROFARMA LABORATÓRIOS S.A.;61.190.096/0001-92;718304250;27/05/2025;;2025-05-27;;;novo_em_relatorio
PLAVIX;SANOFI MEDLEY FARMACÊUTICA LTDA.;10.588.595/0010-92;1726634248;18/12/2024;;2024-12-18;;;novo_em_relatorio
FLEXIVE CDM;PROCTER & GAMBLE DO BRASIL LTDA.;59.476.770/0001-58;1019333227;11/03/2022;;2022-03-11;;;novo_em_relatorio
Epocler Comprimido;COSMED INDUSTRIA DE COSMETICOS E MEDICAMENTOS S.A.;61.082.426/0002-07;1148775251;27/08/2025;;2025-08-27;;;novo_em_relatorio
Xilbrilada;PFIZER BRASIL LTDA;61.072.393/0001-33;569596246;30/04/2024;;2024-04-30;;;novo_em_relatorio
AILUK;GLENMARK FARMACÊUTICA LTDA;44.363.661/0001-57;737396253;30/05/2025;;2025-05-30;;;novo_em_relatorio
ILUDRAL;ADIUM S.A.;55.980.684/0001-27;141890258;31/01/2025;;2025-01-31;;;novo_em_relatorio
SANY D CAPS;ACHÉ LABORATÓRIOS FARMACÊUTICOS S.A;60.659.463/0029-92;4524194205;21/12/2020;;2020-12-21;;;novo_em_relatorio
LUBIP;TORRENT DO BRASIL LTDA;33.078.528/0001-32;922443254;15/07/2025;;2025-07-15;;;novo_em_relatorio
IRO;CRISTÁLIA PRODUTOS QUÍMICOS FARMACÊUTICOS LTDA.;44.734.671/0001-51;318714248;14/03/2024;;2024-03-14;;;novo_em_relatorio
estradiol + drospirenona;EUROFARMA LABORATÓRIOS S.A.;61.190.096/0001-92;1655485245;04/12/2024;;2024-12-04;;;novo_em_relatorio
oxaliplatina;ACCORD FARMACÊUTICA LTDA;64.171.697/0001-46;4917869226;08/11/2022;;2022-11-08;;;novo_em_relatorio
algestona acetofenida + enantato de estradiol;CIFARMA CIENTÍFICA FARMACÊUTICA LTDA;17.562.075/0001-69;1627157247;28/11/2024;;2024-11-28;;;novo_em_relatorio
furosemida;CIMED INDUSTRIA S.A;02.814.497/0001-07;582147221;17/02/2022;;2022-02-17;;;novo_em_relatorio
Efluelda;SANOFI MEDLEY FARMACÊUTICA LTDA.;10.588.595/0010-92;742362256;02/06/2025;;2025-06-02;;;novo_em_relatorio
ibuprofeno;CIMED INDUSTRIA S.A;02.814.497/0001-07;1455372242;23/10/2024;;2024-10-23;;;novo_em_relatorio
LUXTURNA;NOVARTIS BIOCIENCIAS S.A;56.994.502/0001-30;720887259;28/05/2025;;2025-05-28;;;novo_em_relatorio
BUSCOPAN COMPOSTO;COSMED INDUSTRIA DE COSMETICOS E MEDICAMENTOS S.A.;61.082.426/0002-07;488200245;17/04/2024;;2024-04-17;;;novo_em_relatorio
SYSTEN;FARMA VISION IMPORTAÇÃO E EXPORTAÇÃO DE MEDICAMENTOS LTDA;09.058.502/0001-48;1263602240;13/09/2024;;2024-09-13;;;novo_em_relatorio
cloridrato de amiodarona;FRESENIUS KABI BRASIL LTDA;49.324.221/0001-04;90881257;22/01/2025;;2025-01-22;;;novo_em_relatorio
HEPTRIS;VIATRIS FARMACEUTICA DO BRASIL LTDA;11.643.096/0001-22;1084403251;15/08/2025;;2025-08-15;;;novo_em_relatorio
PEGTIMA;BIONOVIS S.A. - COMPANHIA BRASILEIRA DE BIOTECNOLOGIA FARMACEUTICA;12.320.079/0001-17;842053255;27/06/2025;;2025-06-27;;;novo_em_relatorio
BENFIBE;MYRALIS INDÚSTRIA FARMACÊUTICA LTDA;17.440.261/0001-25;684496259;21/05/2025;;2025-05-21;;;novo_em_relatorio
dolutegravir sódico;LABORATORIO FARMACEUTICO DO ESTADO DE PERNAMBUCO GOVERNADOR MIGUEL ARRAES S/A - LAFEPE;10.877.926/0001-13;859945251;01/07/2025;;2025-07-01;;;novo_em_relatorio
XANTINON;UNIÃO QUÍMICA FARMACÊUTICA NACIONAL S/A;60.665.981/0001-18;309226252;07/03/2025;;2025-03-07;;;novo_em_relatorio
ANTARA;EUROFARMA LABORATÓRIOS S.A.;61.190.096/0001-92;646911244;15/05/2024;;2024-05-15;;;novo_em_relatorio
SPARK;EUROFARMA LABORATÓRIOS S.A.;61.190.096/0001-92;1105514242;13/08/2024;;2024-08-13;;;novo_em_relatorio
ALGICOD;EUROFARMA LABORATÓRIOS S.A.;61.190.096/0001-92;1068262231;06/10/2023;;2023-10-06;;;novo_em_relatorio
DEPZEL;UNIÃO QUÍMICA FARMACÊUTICA NACIONAL S/A;60.665.981/0001-18;682544256;21/05/2025;;2025-05-21;;;novo_em_relatorio
TYLENOL SINUS;KENVUE LTDA.;59.748.988/0001-14;726465259;28/05/2025;;2025-05-28;;;novo_em_relatorio
ampicilina sódica;EUGIA PHARMA INDUSTRIA FARMACEUTICA LTDA;44.639.493/0001-80;986766259;30/07/2025;;2025-07-30;;;novo_em_relatorio
atenolol + clortalidona;GERMED FARMACEUTICA LTDA;45.992.062/0001-65;889961255;07/07/2025;;2025-07-07;;;novo_em_relatorio
ANADOR;OPELLA HEALTHCARE BRAZIL LTDA;38.391.432/0001-43;135818257;30/01/2025;;2025-01-30;;;novo_em_relatorio
ADVIPRO;PF Consumer Healthcare Brazil Importadora e Distribuidora de Medicamentos Ltda;30.872.270/0001-53;725162244;29/05/2024;;2024-05-29;;;novo_em_relatorio
ticagrelor;RANBAXY FARMACÊUTICA LTDA;73.663.650/0001-90;808278258;17/06/2025;;2025-06-17;;;novo_em_relatorio
FENBIP;MULTILAB INDUSTRIA E COMERCIO DE PRODUTOS FARMACEUTICOS LTDA;92.265.552/0009-05;53177258;14/01/2025;;2025-01-14;;;novo_em_relatorio
TRANQUIL;LABORATÓRIO GLOBO SA;17.115.437/0001-73;813389259;18/06/2025;;2025-06-18;;;novo_em_relatorio
EPKINLY;ABBVIE FARMACÊUTICA LTDA.;15.800.545/0001-50;274311259;26/02/2025;;2025-02-26;;;novo_em_relatorio
ALGILIVE;ACHÉ LABORATÓRIOS FARMACÊUTICOS S.A;60.659.463/0029-92;611790246;08/05/2024;;2024-05-08;;;novo_em_relatorio
VACINA MENINGOCÓCICA ACWY (CONJUGADA);FUNDAÇÃO EZEQUIEL DIAS - FUNED;17.503.475/0001-01;243004257;20/02/2025;;2025-02-20;;;novo_em_relatorio
IBUGLOBO;LABORATÓRIO GLOBO SA;17.115.437/0001-73;1612378242;26/11/2024;;2024-11-26;;;novo_em_relatorio
HPROZ;CRISTÁLIA PRODUTOS QUÍMICOS FARMACÊUTICOS LTDA.;44.734.671/0001-51;329299255;11/03/2025;;2025-03-11;;;novo_em_relatorio
MIOGESIC LIS;EMS S/A;57.507.378/0003-65;1148246240;21/08/2024;;2024-08-21;;;novo_em_relatorio
rivaroxabana;LABORATÓRIO GLOBO SA;17.115.437/0001-73;797234250;13/06/2025;;2025-06-13;;;novo_em_relatorio
adenosina;FRESENIUS KABI BRASIL LTDA;49.324.221/0001-04;82274258;20/01/2025;;2025-01-20;;;novo_em_relatorio
HISMERID;PRATI DONADUZZI & CIA LTDA;73.856.593/0001-66;1592954243;21/11/2024;;2024-11-21;;;novo_em_relatorio
FORASEQ;SANDOZ DO BRASIL INDÚSTRIA FARMACÊUTICA LTDA;61.286.647/0001-16;12458244;04/01/2024;;2024-01-04;;;novo_em_relatorio
DEFLAZACORTE;MULTILAB INDUSTRIA E COMERCIO DE PRODUTOS FARMACEUTICOS LTDA;92.265.552/0009-05;385003242;27/03/2024;;2024-03-27;;;novo_em_relatorio
ADVIL;PF Consumer Healthcare Brazil Importadora e Distribuidora de Medicamentos Ltda;30.872.270/0001-53;982330251;29/07/2025;;2025-07-29;;;novo_em_relatorio
nimesulida;MULTILAB INDUSTRIA E COMERCIO DE PRODUTOS FARMACEUTICOS LTDA;92.265.552/0009-05;756064252;04/06/2025;;2025-06-04;;;novo_em_relatorio
ARACOR HCT;MULTILAB INDUSTRIA E COMERCIO DE PRODUTOS FARMACEUTICOS LTDA;92.265.552/0009-05;1809253;02/01/2025;;2025-01-02;;;novo_em_relatorio
DECONTOSSE;ACHÉ LABORATÓRIOS FARMACÊUTICOS S.A;60.659.463/0029-92;681117257;21/05/2025;;2025-05-21;;;novo_em_relatorio
cloridrato de ondansetrona;UNIÃO QUÍMICA FARMACÊUTICA NACIONAL S/A;60.665.981/0001-18;1729532241;18/12/2024;;2024-12-18;;;novo_em_relatorio
OSBANT;MULTILAB INDUSTRIA E COMERCIO DE PRODUTOS FARMACEUTICOS LTDA;92.265.552/0009-05;1079435247;07/08/2024;;2024-08-07;;;novo_em_relatorio
COMFECT DUO;ACHÉ LABORATÓRIOS FARMACÊUTICOS S.A;60.659.463/0029-92;1445145235;19/12/2023;;2023-12-19;;;novo_em_relatorio
cloridrato de tramadol + diclofenaco sódico;ADIUM S.A.;55.980.684/0001-27;808271253;17/06/2025;;2025-06-17;;;novo_em_relatorio
CLORIDRATO DE MOXIFLOXACINO;MULTILAB INDUSTRIA E COMERCIO DE PRODUTOS FARMACEUTICOS LTDA;92.265.552/0009-05;364161256;18/03/2025;;2025-03-18;;;novo_em_relatorio
TEARFILM;GEOLAB INDÚSTRIA FARMACÊUTICA S/A;03.485.572/0001-04;455513252;03/04/2025;;2025-04-03;;;novo_em_relatorio
ZOXYLAB;MULTILAB INDUSTRIA E COMERCIO DE PRODUTOS FARMACEUTICOS LTDA;92.265.552/0009-05;1064827241;05/08/2024;;2024-08-05;;;novo_em_relatorio
SOGROYA;NOVO NORDISK FARMACÊUTICA DO BRASIL LTDA;82.277.955/0001-55;1057215252;13/08/2025;;2025-08-13;;;novo_em_relatorio
Qarziba;RECORDATI RARE DISEASES COMÉRCIO DE MEDICAMENTOS LTDA - ME;53.056.057/0001-79;988052253;30/07/2025;;2025-07-30;;;novo_em_relatorio
MEFLAGIN;MULTILAB INDUSTRIA E COMERCIO DE PRODUTOS FARMACEUTICOS LTDA;92.265.552/0009-05;793819253;12/06/2025;;2025-06-12;;;novo_em_relatorio
hemitartarato de rivastigmina;LABORVIDA LABORATÓRIOS FARMACÊUTICOS LTDA.;31.111.412/0001-22;1169103251;02/09/2025;;2025-09-02;;;novo_em_relatorio
TODUZE;EMS S/A;57.507.378/0003-65;493809252;10/04/2025;;2025-04-10;;;novo_em_relatorio
TACHOSIL;MANDALA BRASIL IMPORTAÇÃO E DISTRIBUIÇÃO DE PRODUTO MÉDICO HOSPITALAR LTDA;09.117.476/0001-81;4394259223;07/07/2022;;2022-07-07;;;novo_em_relatorio
ALOFF;EUROFARMA LABORATÓRIOS S.A.;61.190.096/0001-92;986267252;30/07/2025;;2025-07-30;;;novo_em_relatorio
SPEVIGO;BOEHRINGER INGELHEIM DO BRASIL QUÍMICA E FARMACÊUTICA LTDA.;60.831.658/0001-77;289020255;28/02/2025;;2025-02-28;;;novo_em_relatorio
OXACILINA SÓDICA;EUGIA PHARMA INDUSTRIA FARMACEUTICA LTDA;44.639.493/0001-80;950654230;06/09/2023;;2023-09-06;;;novo_em_relatorio
ZERBAXA;MERCK SHARP & DOHME FARMACEUTICA LTDA.;03.560.974/0001-18;834308258;25/06/2025;;2025-06-25;;;novo_em_relatorio
dicloridrato de hidroxizina;GERMED FARMACEUTICA LTDA;45.992.062/0001-65;857901257;30/06/2025;;2025-06-30;;;novo_em_relatorio
BENICAR ODT;DAIICHI SANKYO BRASIL FARMACÊUTICA LTDA;60.874.187/0001-84;816310254;18/06/2025;;2025-06-18;;;novo_em_relatorio
dipirona;LABORATÓRIO TEUTO BRASILEIRO S/A;17.159.229/0001-76;528841254;17/04/2025;;2025-04-17;;;novo_em_relatorio
lacosamida;TORRENT DO BRASIL LTDA;33.078.528/0001-32;1430041242;17/10/2024;;2024-10-17;;;novo_em_relatorio
CITOBÊ;EUROFARMA LABORATÓRIOS S.A.;61.190.096/0001-92;1103672240;13/08/2024;;2024-08-13;;;novo_em_relatorio
ONDSET SOLUÇÃO ORAL;UNIÃO QUÍMICA FARMACÊUTICA NACIONAL S/A;60.665.981/0001-18;625839251;08/05/2025;;2025-05-08;;;novo_em_relatorio
cloridrato de naratriptana;MULTILAB INDUSTRIA E COMERCIO DE PRODUTOS FARMACEUTICOS LTDA;92.265.552/0009-05;1170428258;02/09/2025;;2025-09-02;;;novo_em_relatorio
AYMEE;LIBBS FARMACÊUTICA LTDA;61.230.314/0001-75;463691253;04/04/2025;;2025-04-04;;;novo_em_relatorio
NASONEX®;ORGANON FARMACÊUTICA LTDA.;45.987.013/0001-34;565532251;27/04/2025;;2025-04-27;;;novo_em_relatorio
dicloridrato de levocetirizina;GERMED FARMACEUTICA LTDA;45.992.062/0001-65;1443756245;21/10/2024;;2024-10-21;;;novo_em_relatorio
nimesulida;GERMED FARMACEUTICA LTDA;45.992.062/0001-65;756133254;04/06/2025;;2025-06-04;;;novo_em_relatorio
CLOTRIMIX;FARMOQUÍMICA S/A;33.349.473/0001-58;1148651241;21/08/2024;;2024-08-21;;;novo_em_relatorio
LYNDAVELUNO;HEMAFARMA COM E IND FARMACEUTICA LTDA;30.332.829/0001-52;1137690232;20/10/2023;;2023-10-20;;;novo_em_relatorio
ALBUMINA HUMANA HEMOBRÁS;EMPRESA BRASILEIRA DE HEMODERIVADOS E BIOTECNOLOGIA;07.607.851/0001-46;1490110241;30/10/2024;;2024-10-30;;;novo_em_relatorio
VALSARTANA;MULTILAB INDUSTRIA E COMERCIO DE PRODUTOS FARMACEUTICOS LTDA;92.265.552/0009-05;1174029251;03/09/2025;;2025-09-03;;;novo_em_relatorio
BIXLYN;ACHÉ LABORATÓRIOS FARMACÊUTICOS S.A;60.659.463/0029-92;1111247251;18/08/2025;;2025-08-18;;;novo_em_relatorio
MEKTOVI;PFIZER BRASIL LTDA;61.072.393/0001-33;1535559241;07/11/2024;;2024-11-07;;;novo_em_relatorio
BEYFORTUS;SANOFI MEDLEY FARMACÊUTICA LTDA.;10.588.595/0010-92;629490252;09/05/2025;;2025-05-09;;;novo_em_relatorio
FLYKATO;DR. REDDYS FARMACÊUTICA DO BRASIL LTDA;03.978.166/0001-75;1128244250;21/08/2025;;2025-08-21;;;novo_em_relatorio
hemitartarato de zolpidem;PRATI DONADUZZI & CIA LTDA;73.856.593/0001-66;793511259;12/06/2025;;2025-06-12;;;novo_em_relatorio
FERRIPROX BD;CHIESI FARMACÊUTICA LTDA;61.363.032/0001-46;104522259;24/01/2025;;2025-01-24;;;novo_em_relatorio
pregabalina;LABORATÓRIO GLOBO SA;17.115.437/0001-73;138280240;05/02/2024;;2024-02-05;;;novo_em_relatorio
ticagrelor;TORRENT DO BRASIL LTDA;33.078.528/0001-32;780616251;10/06/2025;;2025-06-10;;;novo_em_relatorio
KALYDECO;VERTEX FARMACEUTICA DO BRASIL LTDA.;21.798.065/0001-02;927721244;08/07/2024;;2024-07-08;;;novo_em_relatorio
NUVYOR;EUROFARMA LABORATÓRIOS S.A.;61.190.096/0001-92;1687494240;10/12/2024;;2024-12-10;;;novo_em_relatorio
BRAFTOVI;PFIZER BRASIL LTDA;61.072.393/0001-33;1148671251;27/08/2025;;2025-08-27;;;novo_em_relatorio
gabapentina;GERMED FARMACEUTICA LTDA;45.992.062/0001-65;1063440238;05/10/2023;;2023-10-05;;;novo_em_relatorio
HYPOZAM;HYPOFARMA - INSTITUTO DE HYPODERMIA E FARMÁCIA LTDA;17.174.657/0001-78;558575251;25/04/2025;;2025-04-25;;;novo_em_relatorio
gabapentina;GERMED FARMACEUTICA LTDA;45.992.062/0001-65;792491254;12/06/2025;;2025-06-12;;;novo_em_relatorio
FUSOR;ACHÉ LABORATÓRIOS FARMACÊUTICOS S.A;60.659.463/0029-92;901747246;02/07/2024;;2024-07-02;;;novo_em_relatorio
cloridrato de fexofenadina;MULTILAB INDUSTRIA E COMERCIO DE PRODUTOS FARMACEUTICOS LTDA;92.265.552/0009-05;1652304240;03/12/2024;;2024-12-03;;;novo_em_relatorio
cloridrato de fexofenadina;MULTILAB INDUSTRIA E COMERCIO DE PRODUTOS FARMACEUTICOS LTDA;92.265.552/0009-05;1652369244;03/12/2024;;2024-12-03;;;novo_em_relatorio
LABIRIN XR;APSEN FARMACEUTICA S/A;62.462.015/0001-29;546774253;23/04/2025;;2025-04-23;;;novo_em_relatorio
esomeprazol magnésico;CIMED INDUSTRIA S.A;02.814.497/0001-07;1193063256;09/09/2025;;2025-09-09;;;novo_em_relatorio
apixabana;BRAINFARMA INDÚSTRIA QUÍMICA E FARMACÊUTICA S.A;05.161.069/0001-10;150013230;14/02/2023;;2023-02-14;;;novo_em_relatorio
LOSEC;BIOPAS BRASIL PRODUTOS FARMACEUTICOS LTDA;31.327.287/0001-92;897633253;08/07/2025;;2025-07-08;;;novo_em_relatorio
RETSEVMO;ELI LILLY DO BRASIL LTDA;43.940.618/0001-44;972045252;25/07/2025;;2025-07-25;;;novo_em_relatorio
MEROPENEM;LABORATÓRIO TEUTO BRASILEIRO S/A;17.159.229/0001-76;1389172244;09/10/2024;;2024-10-09;;;novo_em_relatorio
furoato de mometasona;GLENMARK FARMACÊUTICA LTDA;44.363.661/0001-57;906635250;10/07/2025;;2025-07-10;;;novo_em_relatorio
BUSONID;ACHÉ LABORATÓRIOS FARMACÊUTICOS S.A;60.659.463/0029-92;961543248;15/07/2024;;2024-07-15;;;novo_em_relatorio
WOSULIN 70/30;GERAIS, COMÉRCIO E IMPORTAÇÃO DE MATERIAIS E EQUIPAMENTOS MEDICOS LTDA;04.491.780/0001-70;3553933200;14/10/2020;;2020-10-14;;;novo_em_relatorio
bissulfato de clopidogrel;ACHÉ LABORATÓRIOS FARMACÊUTICOS S.A;60.659.463/0029-92;705650235;10/07/2023;;2023-07-10;;;novo_em_relatorio
cloridrato de metformina;GEOLAB INDÚSTRIA FARMACÊUTICA S/A;03.485.572/0001-04;1178914259;04/09/2025;;2025-09-04;;;novo_em_relatorio
NIMSY;MABRA FARMACEUTICA LTDA;09.545.589/0001-88;764672258;06/06/2025;;2025-06-06;;;novo_em_relatorio
nimesulida;CIFARMA CIENTÍFICA FARMACÊUTICA LTDA;17.562.075/0001-69;764734253;06/06/2025;;2025-06-06;;;novo_em_relatorio
MAXIFLOX D;CRISTÁLIA PRODUTOS QUÍMICOS FARMACÊUTICOS LTDA.;44.734.671/0001-51;992725259;31/07/2025;;2025-07-31;;;novo_em_relatorio
desogestrel;GERMED FARMACEUTICA LTDA;45.992.062/0001-65;468410252;04/04/2025;;2025-04-04;;;novo_em_relatorio
desogestrel;LEGRAND PHARMA INDÚSTRIA FARMACÊUTICA LTDA;05.044.984/0001-26;4628706221;30/08/2022;;2022-08-30;;;novo_em_relatorio
CARELI;EMS S/A;57.507.378/0003-65;372159257;19/03/2025;;2025-03-19;;;novo_em_relatorio
MAYSA;LEGRAND PHARMA INDÚSTRIA FARMACÊUTICA LTDA;05.044.984/0001-26;4628196222;30/08/2022;;2022-08-30;;;novo_em_relatorio
KELLY;EMS SIGMA PHARMA LTDA;00.923.140/0001-31;4628076227;30/08/2022;;2022-08-30;;;novo_em_relatorio
brometo de rocuronio;ANTIBIÓTICOS DO BRASIL LTDA;05.439.635/0001-03;909233241;03/07/2024;;2024-07-03;;;novo_em_relatorio
CALQUENCE;ASTRAZENECA DO BRASIL LTDA;60.318.797/0001-00;268870211;21/01/2021;;2021-01-21;;;novo_em_relatorio
BONAR;ACHÉ LABORATÓRIOS FARMACÊUTICOS S.A;60.659.463/0029-92;4923754222;09/11/2022;;2022-11-09;;;novo_em_relatorio
rivaroxabana;LEGRAND PHARMA INDÚSTRIA FARMACÊUTICA LTDA;05.044.984/0001-26;1159377251;29/08/2025;;2025-08-29;;;novo_em_relatorio
FluQuadri;SANOFI MEDLEY FARMACÊUTICA LTDA.;10.588.595/0010-92;244028257;20/02/2025;;2025-02-20;;;novo_em_relatorio
letrozol;ACCORD FARMACÊUTICA LTDA;64.171.697/0001-46;996742255;01/08/2025;;2025-08-01;;;novo_em_relatorio
gliclazida;CIMED INDUSTRIA S.A;02.814.497/0001-07;1021338249;26/07/2024;;2024-07-26;;;novo_em_relatorio
hemitartarato de zolpidem;GEOLAB INDÚSTRIA FARMACÊUTICA S/A;03.485.572/0001-04;1742720242;20/12/2024;;2024-12-20;;;novo_em_relatorio
DAGLI;LEGRAND PHARMA INDÚSTRIA FARMACÊUTICA LTDA;05.044.984/0001-26;631527257;09/05/2025;;2025-05-09;;;novo_em_relatorio
aciclovir sódico;BLAU FARMACÊUTICA S.A.;58.430.828/0001-60;1134295251;22/08/2025;;2025-08-22;;;novo_em_relatorio
PHOXILIUM;BAXTER HOSPITALAR LTDA;49.351.786/0002-61;470450240;12/04/2024;;2024-04-12;;;novo_em_relatorio
AGUD;BIOLAB SANUS FARMACÊUTICA LTDA;49.475.833/0001-06;1063844231;05/10/2023;;2023-10-05;;;novo_em_relatorio
ACETATO DE CLORMADINONA + ETINILESTRADIOL;LEGRAND PHARMA INDÚSTRIA FARMACÊUTICA LTDA;05.044.984/0001-26;1164212257;01/09/2025;;2025-09-01;;;novo_em_relatorio
EPCLUSA;GILEAD SCIENCES FARMACEUTICA DO BRASIL LTDA;15.670.288/0001-89;1054126241;01/08/2024;;2024-08-01;;;novo_em_relatorio
FIQUEZEN;MEDQUIMICA INDUSTRIA FARMACEUTICA LTDA.;17.875.154/0001-20;12345253;06/01/2025;;2025-01-06;;;novo_em_relatorio
Restitue;EMS S/A;57.507.378/0003-65;297481258;05/03/2025;;2025-03-05;;;novo_em_relatorio
CLORIDRATO DE DULOXETINA;ACHÉ LABORATÓRIOS FARMACÊUTICOS S.A;60.659.463/0029-92;75707233;25/01/2023;;2023-01-25;;;novo_em_relatorio
FUCSIA FEM;MULTILAB INDUSTRIA E COMERCIO DE PRODUTOS FARMACEUTICOS LTDA;92.265.552/0009-05;931261252;17/07/2025;;2025-07-17;;;novo_em_relatorio
CORUS H;ACHÉ LABORATÓRIOS FARMACÊUTICOS S.A;60.659.463/0029-92;356275256;17/03/2025;;2025-03-17;;;novo_em_relatorio
MELOCOX;EUROFARMA LABORATÓRIOS S.A.;61.190.096/0001-92;1067521259;14/08/2025;;2025-08-14;;;novo_em_relatorio
PROBENXIL;CIMED INDUSTRIA S.A;02.814.497/0001-07;211279234;02/03/2023;;2023-03-02;;;novo_em_relatorio
EPIKABI;FRESENIUS KABI BRASIL LTDA;49.324.221/0001-04;1708934243;13/12/2024;;2024-12-13;;;novo_em_relatorio
BECA;HALEX ISTAR INDÚSTRIA FARMACÊUTICA SA;01.571.702/0001-98;2060310210;28/05/2021;;2021-05-28;;;novo_em_relatorio
ATENOLOL;ACHÉ LABORATÓRIOS FARMACÊUTICOS S.A;60.659.463/0029-92;992376254;31/07/2025;;2025-07-31;;;novo_em_relatorio
CLORIDRATO DE AMIODARONA;ACHÉ LABORATÓRIOS FARMACÊUTICOS S.A;60.659.463/0029-92;435179197;16/05/2019;;2019-05-16;;;novo_em_relatorio
paracetamol + cafeína;EMS S/A;57.507.378/0003-65;710950250;26/05/2025;;2025-05-26;;;novo_em_relatorio
HALAVEN;UNITED MEDICAL LTDA;68.949.239/0001-46;775079251;09/06/2025;;2025-06-09;;;novo_em_relatorio
ivermectina;LEGRAND PHARMA INDÚSTRIA FARMACÊUTICA LTDA;05.044.984/0001-26;1057691241;02/08/2024;;2024-08-02;;;novo_em_relatorio
cloridrato de fexofenadina + cloridrato de pseudoefedrina;EMS S/A;57.507.378/0003-65;1117714250;19/08/2025;;2025-08-19;;;novo_em_relatorio
FERANE 35;CIFARMA CIENTÍFICA FARMACÊUTICA LTDA;17.562.075/0001-69;843967251;27/06/2025;;2025-06-27;;;novo_em_relatorio
VOEXTOR;LIBBS FARMACÊUTICA LTDA;61.230.314/0001-75;1164278240;23/08/2024;;2024-08-23;;;novo_em_relatorio
ABMETHA;CRISTÁLIA PRODUTOS QUÍMICOS FARMACÊUTICOS LTDA.;44.734.671/0001-51;665963246;20/05/2024;;2024-05-20;;;novo_em_relatorio
BRYONY;UNIÃO QUÍMICA FARMACÊUTICA NACIONAL S/A;60.665.981/0001-18;1560579242;13/11/2024;;2024-11-13;;;novo_em_relatorio
NIENZA;ACHÉ LABORATÓRIOS FARMACÊUTICOS S.A;60.659.463/0029-92;1254396241;12/09/2024;;2024-09-12;;;novo_em_relatorio
LEXLER;LEGRAND PHARMA INDÚSTRIA FARMACÊUTICA LTDA;05.044.984/0001-26;1652030247;03/12/2024;;2024-12-03;;;novo_em_relatorio
Unizinco Comprimido;MYRALIS INDÚSTRIA FARMACÊUTICA LTDA;17.440.261/0001-25;42337259;13/01/2025;;2025-01-13;;;novo_em_relatorio
bortezomibe;BLAU FARMACÊUTICA S.A.;58.430.828/0001-60;1617925241;26/11/2024;;2024-11-26;;;novo_em_relatorio
TAXILAN;LABORATÓRIO QUÍMICO FARMACÊUTICO BERGAMO LTDA;61.282.661/0001-41;767293240;07/06/2024;;2024-06-07;;;novo_em_relatorio
omeprazol sódico;LABORATÓRIO TEUTO BRASILEIRO S/A;17.159.229/0001-76;749948256;03/06/2025;;2025-06-03;;;novo_em_relatorio
MOVINAU;NATULAB LABORATORIO S.A;02.456.955/0001-83;909146241;03/07/2024;;2024-07-03;;;novo_em_relatorio
ZINPASS® EZE;SANOFI MEDLEY FARMACÊUTICA LTDA.;10.588.595/0010-92;1341509249;30/09/2024;;2024-09-30;;;novo_em_relatorio
cloridrato de midazolam;FRESENIUS KABI BRASIL LTDA;49.324.221/0001-04;1434996247;18/10/2024;;2024-10-18;;;novo_em_relatorio
ampicilina sódica + sulbactam sódico;FRESENIUS KABI BRASIL LTDA;49.324.221/0001-04;1625547242;27/11/2024;;2024-11-27;;;novo_em_relatorio
brometo de pancurônio;FRESENIUS KABI BRASIL LTDA;49.324.221/0001-04;411194241;02/04/2024;;2024-04-02;;;novo_em_relatorio
paracetamol + fosfato de codeína;MULTILAB INDUSTRIA E COMERCIO DE PRODUTOS FARMACEUTICOS LTDA;92.265.552/0009-05;1409070247;14/10/2024;;2024-10-14;;;novo_em_relatorio
SULPH;PRATI DONADUZZI & CIA LTDA;73.856.593/0001-66;355412250;17/03/2025;;2025-03-17;;;novo_em_relatorio
DUODEX;GEOLAB INDÚSTRIA FARMACÊUTICA S/A;03.485.572/0001-04;545014239;29/05/2023;;2023-05-29;;;novo_em_relatorio
ALBIOPLAS;ASP-FARMACÊUTICA LTDA;28.942.435/0001-74;769196250;06/06/2025;;2025-06-06;;;novo_em_relatorio
ivermectina;PRATI DONADUZZI & CIA LTDA;73.856.593/0001-66;407310240;02/04/2024;;2024-04-02;;;novo_em_relatorio
dicloridrato de trimetazidina;SANOFI MEDLEY FARMACÊUTICA LTDA.;10.588.595/0010-92;1542482241;08/11/2024;;2024-11-08;;;novo_em_relatorio
amoxicilina + clavulanato de potássio;UNIÃO QUÍMICA FARMACÊUTICA NACIONAL S/A;60.665.981/0001-18;1738172244;19/12/2024;;2024-12-19;;;novo_em_relatorio
besilato de levanlodipino;BRAINFARMA INDÚSTRIA QUÍMICA E FARMACÊUTICA S.A;05.161.069/0001-10;1111105251;18/08/2025;;2025-08-18;;;novo_em_relatorio
SITGLU;GERMED FARMACEUTICA LTDA;45.992.062/0001-65;61777251;15/01/2025;;2025-01-15;;;novo_em_relatorio
GAPEM;PRATI DONADUZZI & CIA LTDA;73.856.593/0001-66;1043099255;12/08/2025;;2025-08-12;;;novo_em_relatorio
cloridrato de ciprofloxacino;BIOLAB SANUS FARMACÊUTICA LTDA;49.475.833/0001-06;69758255;17/01/2025;;2025-01-17;;;novo_em_relatorio
tartarato de metoprolol;LABORATÓRIO TEUTO BRASILEIRO S/A;17.159.229/0001-76;805065253;16/06/2025;;2025-06-16;;;novo_em_relatorio
cloridrato de bupropiona;RANBAXY FARMACÊUTICA LTDA;73.663.650/0001-90;1112052259;18/08/2025;;2025-08-18;;;novo_em_relatorio
Loratadina;AIRELA INDÚSTRIA FARMACÊUTICA LTDA.;01.858.973/0001-29;342546252;13/03/2025;;2025-03-13;;;novo_em_relatorio
COLEDUE R;COSMED INDUSTRIA DE COSMETICOS E MEDICAMENTOS S.A.;61.082.426/0002-07;1625159242;27/11/2024;;2024-11-27;;;novo_em_relatorio
EZETIMIBA;BIOLAB SANUS FARMACÊUTICA LTDA;49.475.833/0001-06;1054649235;04/10/2023;;2023-10-04;;;novo_em_relatorio
COLEDUE;COSMED INDUSTRIA DE COSMETICOS E MEDICAMENTOS S.A.;61.082.426/0002-07;856621242;24/06/2024;;2024-06-24;;;novo_em_relatorio
olmesartana medoxomila+hidroclorotiazida;GERMED FARMACEUTICA LTDA;45.992.062/0001-65;919503250;15/07/2025;;2025-07-15;;;novo_em_relatorio
OLMEDIX HCT;EMS S/A;57.507.378/0003-65;919427251;15/07/2025;;2025-07-15;;;novo_em_relatorio
desloratadina;LABORATÓRIO TEUTO BRASILEIRO S/A;17.159.229/0001-76;1138168254;25/08/2025;;2025-08-25;;;novo_em_relatorio
AZOX;EUROFARMA LABORATÓRIOS S.A.;61.190.096/0001-92;906535255;10/07/2025;;2025-07-10;;;novo_em_relatorio
Dexa-Citoneurin NFF;PROCTER & GAMBLE DO BRASIL LTDA.;59.476.770/0001-58;553520245;26/04/2024;;2024-04-26;;;novo_em_relatorio
BIOGAM;ASP-FARMACÊUTICA LTDA;28.942.435/0001-74;957116250;22/07/2025;;2025-07-22;;;novo_em_relatorio
PYPE;INSTITUTO BIOCHIMICO INDÚSTRIA FARMACÊUTICA LTDA;33.258.401/0001-03;849164257;28/06/2025;;2025-06-28;;;novo_em_relatorio
FENTANIL;ANTIBIÓTICOS DO BRASIL LTDA;05.439.635/0001-03;436015251;31/03/2025;;2025-03-31;;;novo_em_relatorio
LAFEPE fumarato de tenofovir desoproxila + lamivudina;LABORATORIO FARMACEUTICO DO ESTADO DE PERNAMBUCO GOVERNADOR MIGUEL ARRAES S/A - LAFEPE;10.877.926/0001-13;912167254;11/07/2025;;2025-07-11;;;novo_em_relatorio
MINJUVI;UNITED MEDICAL LTDA;68.949.239/0001-46;921876254;15/07/2025;;2025-07-15;;;novo_em_relatorio
DIGESAN;EUROFARMA LABORATÓRIOS S.A.;61.190.096/0001-92;1049184254;12/08/2025;;2025-08-12;;;novo_em_relatorio
LEFOR;EMS S/A;57.507.378/0003-65;985886251;30/07/2025;;2025-07-30;;;novo_em_relatorio
LITFULO;PFIZER BRASIL LTDA;61.072.393/0001-33;1407235249;14/10/2024;;2024-10-14;;;novo_em_relatorio
MECOBE;MYRALIS INDÚSTRIA FARMACÊUTICA LTDA;17.440.261/0001-25;1705160247;13/12/2024;;2024-12-13;;;novo_em_relatorio
CEFOTAXIMA SÓDICA;EUGIA PHARMA INDUSTRIA FARMACEUTICA LTDA;44.639.493/0001-80;1753681243;23/12/2024;;2024-12-23;;;novo_em_relatorio
ALERADINA;GERMED FARMACEUTICA LTDA;45.992.062/0001-65;1006352252;05/08/2025;;2025-08-05;;;novo_em_relatorio
Linagliptina;MULTILAB INDUSTRIA E COMERCIO DE PRODUTOS FARMACEUTICOS LTDA;92.265.552/0009-05;336587252;12/03/2025;;2025-03-12;;;novo_em_relatorio
CLORIDRATO DE NAFAZOLINA;BELFAR LTDA;18.324.343/0001-77;987575252;30/07/2025;;2025-07-30;;;novo_em_relatorio
dipirona monoidratada;LABORATÓRIO GLOBO SA;17.115.437/0001-73;386308250;21/03/2025;;2025-03-21;;;novo_em_relatorio
IMBRUVICA;JANSSEN-CILAG FARMACÊUTICA LTDA;51.780.468/0001-87;375891251;20/03/2025;;2025-03-20;;;novo_em_relatorio
parecoxibe sódico;TEVA FARMACÊUTICA LTDA.;05.333.542/0001-08;1279352248;17/09/2024;;2024-09-17;;;novo_em_relatorio
NOVOB;BIOLAB SANUS FARMACÊUTICA LTDA;49.475.833/0001-06;393727246;28/03/2024;;2024-03-28;;;novo_em_relatorio
SANTIAZEPAM;SANTISA LABORATÓRIO FARMACÊUTICO S/A;04.099.395/0001-82;1160139253;29/08/2025;;2025-08-29;;;novo_em_relatorio
vacina varicela (atenuada);INSTITUTO BUTANTAN;61.821.344/0001-56;1027237258;11/08/2025;;2025-08-11;;;novo_em_relatorio
hemitartarato de zolpidem;MULTILAB INDUSTRIA E COMERCIO DE PRODUTOS FARMACEUTICOS LTDA;92.265.552/0009-05;34185259;09/01/2025;;2025-01-09;;;novo_em_relatorio
desloratadina;MULTILAB INDUSTRIA E COMERCIO DE PRODUTOS FARMACEUTICOS LTDA;92.265.552/0009-05;1006337253;05/08/2025;;2025-08-05;;;novo_em_relatorio
GOLTRITE;MULTILAB INDUSTRIA E COMERCIO DE PRODUTOS FARMACEUTICOS LTDA;92.265.552/0009-05;1593895241;21/11/2024;;2024-11-21;;;novo_em_relatorio
IBUVIX;GEOLAB INDÚSTRIA FARMACÊUTICA S/A;03.485.572/0001-04;1735584240;19/12/2024;;2024-12-19;;;novo_em_relatorio
RESFENOL;KLEY HERTZ FARMACEUTICA S.A;92.695.691/0001-03;1013221249;24/07/2024;;2024-07-24;;;novo_em_relatorio
TANDUO;APSEN FARMACEUTICA S/A;62.462.015/0001-29;1073737250;14/08/2025;;2025-08-14;;;novo_em_relatorio
norfloxacino;MULTILAB INDUSTRIA E COMERCIO DE PRODUTOS FARMACEUTICOS LTDA;92.265.552/0009-05;611891255;06/05/2025;;2025-05-06;;;novo_em_relatorio
maleato de fluvoxamina;BIOLAB SANUS FARMACÊUTICA LTDA;49.475.833/0001-06;457644257;03/04/2025;;2025-04-03;;;novo_em_relatorio
CIFOBAN;FRESENIUS MEDICAL CARE LTDA;01.440.590/0001-36;1416443240;15/10/2024;;2024-10-15;;;novo_em_relatorio
TADALAFILA;MULTILAB INDUSTRIA E COMERCIO DE PRODUTOS FARMACEUTICOS LTDA;92.265.552/0009-05;149761252;03/02/2025;;2025-02-03;;;novo_em_relatorio
lansoprazol;MULTILAB INDUSTRIA E COMERCIO DE PRODUTOS FARMACEUTICOS LTDA;92.265.552/0009-05;1120512247;15/08/2024;;2024-08-15;;;novo_em_relatorio
YONDELIS;ADIUM S.A.;55.980.684/0001-27;932886256;18/07/2025;;2025-07-18;;;novo_em_relatorio
AROTHAZY;BLAU FARMACÊUTICA S.A.;58.430.828/0001-60;1332154247;27/09/2024;;2024-09-27;;;novo_em_relatorio
FRONTLEV;ACHÉ LABORATÓRIOS FARMACÊUTICOS S.A;60.659.463/0029-92;832992241;19/06/2024;;2024-06-19;;;novo_em_relatorio
SULPAN;COSMED INDUSTRIA DE COSMETICOS E MEDICAMENTOS S.A.;61.082.426/0002-07;207505250;13/02/2025;;2025-02-13;;;novo_em_relatorio
BRUKINSA;BEONE MEDICINES BRASIL LTDA;30.763.301/0003-08;918266254;15/07/2025;;2025-07-15;;;novo_em_relatorio
levetiracetam;EUROFARMA LABORATÓRIOS S.A.;61.190.096/0001-92;215599250;14/02/2025;;2025-02-14;;;novo_em_relatorio
DIATARCOM MR;LABORATÓRIOS SERVIER DO BRASIL LTDA;42.374.207/0001-76;1751687244;23/12/2024;;2024-12-23;;;novo_em_relatorio
olanzapina;MULTILAB INDUSTRIA E COMERCIO DE PRODUTOS FARMACEUTICOS LTDA;92.265.552/0009-05;601222253;05/05/2025;;2025-05-05;;;novo_em_relatorio
ivermectina;LABORATÓRIO GLOBO SA;17.115.437/0001-73;499636252;11/04/2025;;2025-04-11;;;novo_em_relatorio
cloridrato de pioglitazona;LABORATÓRIO TEUTO BRASILEIRO S/A;17.159.229/0001-76;1068367237;06/10/2023;;2023-10-06;;;novo_em_relatorio
EPITHELIZE;CRISTÁLIA PRODUTOS QUÍMICOS FARMACÊUTICOS LTDA.;44.734.671/0001-51;347447252;14/03/2025;;2025-03-14;;;novo_em_relatorio
DEFB;BIOLAB SANUS FARMACÊUTICA LTDA;49.475.833/0001-06;1701655241;12/12/2024;;2024-12-12;;;novo_em_relatorio
OCYLIN;MULTILAB INDUSTRIA E COMERCIO DE PRODUTOS FARMACEUTICOS LTDA;92.265.552/0009-05;967462258;24/07/2025;;2025-07-24;;;novo_em_relatorio
COLTRAX;EUROFARMA LABORATÓRIOS S.A.;61.190.096/0001-92;1392141231;07/12/2023;;2023-12-07;;;novo_em_relatorio
CEFAZOLINA SÓDICA;EUGIA PHARMA INDUSTRIA FARMACEUTICA LTDA;44.639.493/0001-80;1265353247;13/09/2024;;2024-09-13;;;novo_em_relatorio
risperidona;INSTITUTO BIOCHIMICO INDÚSTRIA FARMACÊUTICA LTDA;33.258.401/0001-03;848202252;28/06/2025;;2025-06-28;;;novo_em_relatorio
JAYPIRCE;ELI LILLY DO BRASIL LTDA;43.940.618/0001-44;386748250;21/03/2025;;2025-03-21;;;novo_em_relatorio
fumarato de tenofovir desoproxila + lamivudina;FUNDAÇÃO PARA O REMÉDIO POPULAR - FURP;43.640.754/0001-19;839455241;20/06/2024;;2024-06-20;;;novo_em_relatorio
omeprazol;INSTITUTO BIOCHIMICO INDÚSTRIA FARMACÊUTICA LTDA;33.258.401/0001-03;644223251;13/05/2025;;2025-05-13;;;novo_em_relatorio
FATOR IX DE COAGULAÇÃO HEMOBRÁS;EMPRESA BRASILEIRA DE HEMODERIVADOS E BIOTECNOLOGIA;07.607.851/0001-46;922347247;05/07/2024;;2024-07-05;;;novo_em_relatorio
dicloridrato de levocetirizina;GLENMARK FARMACÊUTICA LTDA;44.363.661/0001-57;762421258;05/06/2025;;2025-06-05;;;novo_em_relatorio
ciprofibrato;LABORATÓRIO GLOBO SA;17.115.437/0001-73;304192252;06/03/2025;;2025-03-06;;;novo_em_relatorio
cloridrato de ondansetrona;PRATI DONADUZZI & CIA LTDA;73.856.593/0001-66;1375965247;07/10/2024;;2024-10-07;;;novo_em_relatorio
SEDAVAN;FARMOQUÍMICA S/A;33.349.473/0001-58;1360716246;03/10/2024;;2024-10-03;;;novo_em_relatorio
VITAMINA D3;BIOLAB SANUS FARMACÊUTICA LTDA;49.475.833/0001-06;1501377248;31/10/2024;;2024-10-31;;;novo_em_relatorio
amoxicilina;MULTILAB INDUSTRIA E COMERCIO DE PRODUTOS FARMACEUTICOS LTDA;92.265.552/0009-05;155377256;04/02/2025;;2025-02-04;;;novo_em_relatorio
ASTRO IV;EUROFARMA LABORATÓRIOS S.A.;61.190.096/0001-92;1010905252;06/08/2025;;2025-08-06;;;novo_em_relatorio
succinato de desvenlafaxina;TORRENT DO BRASIL LTDA;33.078.528/0001-32;1210903245;03/09/2024;;2024-09-03;;;novo_em_relatorio
domperidona;BRAINFARMA INDÚSTRIA QUÍMICA E FARMACÊUTICA S.A;05.161.069/0001-10;985189258;30/07/2025;;2025-07-30;;;novo_em_relatorio
etodolaco;Althaia S.A Indústria Farmacêutica;48.344.725/0007-19;529033259;17/04/2025;;2025-04-17;;;novo_em_relatorio
CEBETYM;CIFARMA CIENTÍFICA FARMACÊUTICA LTDA;17.562.075/0001-69;1250150248;11/09/2024;;2024-09-11;;;novo_em_relatorio
DOJOLVI;ULTRAGENYX BRASIL FARMACEUTICA LTDA;27.724.245/0001-18;1176711253;04/09/2025;;2025-09-04;;;novo_em_relatorio
cloridrato de sertralina;MULTILAB INDUSTRIA E COMERCIO DE PRODUTOS FARMACEUTICOS LTDA;92.265.552/0009-05;1174965258;03/09/2025;;2025-09-03;;;novo_em_relatorio
fosfato dissódico de dexametasona;EUROFARMA LABORATÓRIOS S.A.;61.190.096/0001-92;1254035249;12/09/2024;;2024-09-12;;;novo_em_relatorio
etoricoxibe;BRAINFARMA INDÚSTRIA QUÍMICA E FARMACÊUTICA S.A;05.161.069/0001-10;699039231;07/07/2023;;2023-07-07;;;novo_em_relatorio
MINILAX;EUROFARMA LABORATÓRIOS S.A.;61.190.096/0001-92;199848254;12/02/2025;;2025-02-12;;;novo_em_relatorio
AQUARELA;ACHÉ LABORATÓRIOS FARMACÊUTICOS S.A;60.659.463/0029-92;833514253;25/06/2025;;2025-06-25;;;novo_em_relatorio
Wegovy;NOVO NORDISK FARMACÊUTICA DO BRASIL LTDA;82.277.955/0001-55;910831254;11/07/2025;;2025-07-11;;;novo_em_relatorio
PARINEX;HIPOLABOR FARMACEUTICA LTDA;19.570.720/0001-10;1452225249;22/10/2024;;2024-10-22;;;novo_em_relatorio
COMBTOL;ACHÉ LABORATÓRIOS FARMACÊUTICOS S.A;60.659.463/0029-92;795534256;13/06/2025;;2025-06-13;;;novo_em_relatorio
LEXIN;LABORATÓRIO TEUTO BRASILEIRO S/A;17.159.229/0001-76;1247967247;11/09/2024;;2024-09-11;;;novo_em_relatorio
HORA H;ACHÉ LABORATÓRIOS FARMACÊUTICOS S.A;60.659.463/0029-92;184147255;10/02/2025;;2025-02-10;;;novo_em_relatorio
RIVAR;EUROFARMA LABORATÓRIOS S.A.;61.190.096/0001-92;191244252;11/02/2025;;2025-02-11;;;novo_em_relatorio
LONADIAL;FRESENIUS MEDICAL CARE LTDA;01.440.590/0001-36;1005080232;21/09/2023;;2023-09-21;;;novo_em_relatorio
VOXZOGO;BIOMARIN BRASIL FARMACÊUTICA LTDA;08.002.360/0001-34;997680253;01/08/2025;;2025-08-01;;;novo_em_relatorio
cloridrato de prometazina;PRATI DONADUZZI & CIA LTDA;73.856.593/0001-66;1114454249;14/08/2024;;2024-08-14;;;novo_em_relatorio
maleato de bronfeniramina + cloridrato de fenilefrina;BRAINFARMA INDÚSTRIA QUÍMICA E FARMACÊUTICA S.A;05.161.069/0001-10;572002254;28/04/2025;;2025-04-28;;;novo_em_relatorio
desloratadina;PHARLAB INDÚSTRIA FARMACÊUTICA S.A.;02.501.297/0001-02;1015500251;07/08/2025;;2025-08-07;;;novo_em_relatorio
MIXISTAR;HALEX ISTAR INDÚSTRIA FARMACÊUTICA SA;01.571.702/0001-98;2977550216;30/07/2021;;2021-07-30;;;novo_em_relatorio
trometamol cetorolaco;ADIUM S.A.;55.980.684/0001-27;604753241;07/05/2024;;2024-05-07;;;novo_em_relatorio
VOGNUS;EMS S/A;57.507.378/0003-65;1170782248;26/08/2024;;2024-08-26;;;novo_em_relatorio
ALYVIAZES;AIRELA INDÚSTRIA FARMACÊUTICA LTDA.;01.858.973/0001-29;175813230;22/02/2023;;2023-02-22;;;novo_em_relatorio
DUEPOLI ER;APSEN FARMACEUTICA S/A;62.462.015/0001-29;311298257;07/03/2025;;2025-03-07;;;novo_em_relatorio
ONO;SUN FARMACÊUTICA DO BRASIL LTDA;05.035.244/0001-23;1463463235;22/12/2023;;2023-12-22;;;novo_em_relatorio
ZEVUXA;EMS S/A;57.507.378/0003-65;243795254;20/02/2025;;2025-02-20;;;novo_em_relatorio
HANAZ;Camber Farmaceutica Ltda;24.633.934/0001-29;790647257;12/06/2025;;2025-06-12;;;novo_em_relatorio
FORFIG;EUROFARMA LABORATÓRIOS S.A.;61.190.096/0001-92;1644402246;02/12/2024;;2024-12-02;;;novo_em_relatorio
SUVERSADEX;DR. REDDYS FARMACÊUTICA DO BRASIL LTDA;03.978.166/0001-75;1687834245;10/12/2024;;2024-12-10;;;novo_em_relatorio
amoxicilina + clavulanato de potássio;ACHÉ LABORATÓRIOS FARMACÊUTICOS S.A;60.659.463/0029-92;823358232;07/08/2023;;2023-08-07;;;novo_em_relatorio
METILDOPA;ACHÉ LABORATÓRIOS FARMACÊUTICOS S.A;60.659.463/0029-92;315747194;08/04/2019;;2019-04-08;;;novo_em_relatorio
CLORIDRATO DE VENLAFAXINA (PORT. 344/98 L-C1);ACHÉ LABORATÓRIOS FARMACÊUTICOS S.A;60.659.463/0029-92;195872258;12/02/2025;;2025-02-12;;;novo_em_relatorio
BENERVA;CELLERA FARMACÊUTICA S.A.;33.173.097/0002-74;165797258;06/02/2025;;2025-02-06;;;novo_em_relatorio
fumarato de dimetila;ACCORD FARMACÊUTICA LTDA;64.171.697/0001-46;641079231;23/06/2023;;2023-06-23;;;novo_em_relatorio
XTANDI;ASTELLAS FARMA BRASIL IMPORTAÇÃO E DISTRIBUIÇÃO DE MEDICAMENTOS LTDA.;07.768.134/0001-04;1148171258;27/08/2025;;2025-08-27;;;novo_em_relatorio
FLAXXIL;CIMED INDUSTRIA S.A;02.814.497/0001-07;1440021209;08/05/2020;;2020-05-08;;;novo_em_relatorio
RAPAMUNE;PFIZER BRASIL LTDA;61.072.393/0001-33;536057249;23/04/2024;;2024-04-23;;;novo_em_relatorio
Lamotrigina;ZYDUS NIKKHO FARMACÊUTICA LTDA;05.254.971/0001-81;1202173250;10/09/2025;;2025-09-10;;;novo_em_relatorio
BREELET;LABORATÓRIO QUÍMICO FARMACÊUTICO BERGAMO LTDA;61.282.661/0001-41;625490231;20/06/2023;;2023-06-20;;;novo_em_relatorio
tobramicina;ACHÉ LABORATÓRIOS FARMACÊUTICOS S.A;60.659.463/0029-92;643689197;23/07/2019;;2019-07-23;;;novo_em_relatorio
CLARITROMICINA;MR PHARMA LTDA;23.668.196/0001-92;870730258;02/07/2025;;2025-07-02;;;novo_em_relatorio
VENOLISE;MYRALIS INDÚSTRIA FARMACÊUTICA LTDA;17.440.261/0001-25;441258255;01/04/2025;;2025-04-01;;;novo_em_relatorio
GLUCOREUMIN;VIATRIS FARMACEUTICA DO BRASIL LTDA;11.643.096/0001-22;961677244;15/07/2024;;2024-07-15;;;novo_em_relatorio
SLINDA;EXELTIS LABORATORIO FARMACEUTICO LTDA;19.136.432/0001-52;1496642244;30/10/2024;;2024-10-30;;;novo_em_relatorio
COD;SUPERA FARMA LABORATÓRIOS S.A;43.312.503/0001-05;184676258;10/02/2025;;2025-02-10;;;novo_em_relatorio
ACICLOVIR;ACHÉ LABORATÓRIOS FARMACÊUTICOS S.A;60.659.463/0029-92;1346024212;08/04/2021;;2021-04-08;;;novo_em_relatorio
fluconazol;HALEX ISTAR INDÚSTRIA FARMACÊUTICA SA;01.571.702/0001-98;13316257;06/01/2025;;2025-01-06;;;novo_em_relatorio
BRASART HCT;EMS SIGMA PHARMA LTDA;00.923.140/0001-31;710141254;26/05/2025;;2025-05-26;;;novo_em_relatorio
PLASIL;SANOFI MEDLEY FARMACÊUTICA LTDA.;10.588.595/0010-92;1533477248;07/11/2024;;2024-11-07;;;novo_em_relatorio
ibuprofeno;CIMED INDUSTRIA S.A;02.814.497/0001-07;1562177249;13/11/2024;;2024-11-13;;;novo_em_relatorio
INSTITUTO BUTANTAN - ADALIMUMABE;INSTITUTO BUTANTAN;61.821.344/0001-56;1184259259;05/09/2025;;2025-09-05;;;novo_em_relatorio
JEVTANA;SANOFI MEDLEY FARMACÊUTICA LTDA.;10.588.595/0010-92;923129251;16/07/2025;;2025-07-16;;;novo_em_relatorio
EVOTAXEL;FARMARIN INDUSTRIA E COMERCIO LTDA;58.635.830/0001-75;493854240;18/04/2024;;2024-04-18;;;novo_em_relatorio
VZOM;Camber Farmaceutica Ltda;24.633.934/0001-29;1622842243;27/11/2024;;2024-11-27;;;novo_em_relatorio
sinvastatina;BIOLAB SANUS FARMACÊUTICA LTDA;49.475.833/0001-06;153490250;04/02/2025;;2025-02-04;;;novo_em_relatorio
valsartana + hidroclorotiazida;ACHÉ LABORATÓRIOS FARMACÊUTICOS S.A;60.659.463/0029-92;1728691249;18/12/2024;;2024-12-18;;;novo_em_relatorio
VASOGARD;ACHÉ LABORATÓRIOS FARMACÊUTICOS S.A;60.659.463/0029-92;711040257;26/05/2025;;2025-05-26;;;novo_em_relatorio
OMEPRAZOL;PHARLAB INDÚSTRIA FARMACÊUTICA S.A.;02.501.297/0001-02;4288159211;29/10/2021;;2021-10-29;;;novo_em_relatorio
IBAND;LEGRAND PHARMA INDÚSTRIA FARMACÊUTICA LTDA;05.044.984/0001-26;1079195246;07/08/2024;;2024-08-07;;;novo_em_relatorio
DEP;EUROFARMA LABORATÓRIOS S.A.;61.190.096/0001-92;717589251;27/05/2025;;2025-05-27;;;novo_em_relatorio
ISOFARMA - SOLUÇÃO DE GLICOSE;HALEX ISTAR INDÚSTRIA FARMACÊUTICA SA;01.571.702/0001-98;7104619216;15/12/2021;;2021-12-15;;;novo_em_relatorio
albendazol;ACHÉ LABORATÓRIOS FARMACÊUTICOS S.A;60.659.463/0029-92;303905247;12/03/2024;;2024-03-12;;;novo_em_relatorio
BOSENTANA;JANSSEN-CILAG FARMACÊUTICA LTDA;51.780.468/0001-87;237372258;19/02/2025;;2025-02-19;;;novo_em_relatorio
DACTIL OB;SANOFI MEDLEY FARMACÊUTICA LTDA.;10.588.595/0010-92;1726238245;18/12/2024;;2024-12-18;;;novo_em_relatorio
Divalproato de sódio;GERMED FARMACEUTICA LTDA;45.992.062/0001-65;1679279246;09/12/2024;;2024-12-09;;;novo_em_relatorio
PURAN T4;SANOFI MEDLEY FARMACÊUTICA LTDA.;10.588.595/0010-92;459776240;11/04/2024;;2024-04-11;;;novo_em_relatorio
valerato de betametasona + sulfato de gentamicina + tolnaftato + clioquinol;CELLERA FARMACÊUTICA S.A.;33.173.097/0002-74;880547251;04/07/2025;;2025-07-04;;;novo_em_relatorio
MYLETIN;PRATI DONADUZZI & CIA LTDA;73.856.593/0001-66;801545234;01/08/2023;;2023-08-01;;;novo_em_relatorio
BIO-MANGUINHOS GOLIMUMABE;FUNDAÇÃO OSWALDO CRUZ;33.781.055/0001-35;1326065246;26/09/2024;;2024-09-26;;;novo_em_relatorio
ACU FRESH G;GEOLAB INDÚSTRIA FARMACÊUTICA S/A;03.485.572/0001-04;1024660257;09/08/2025;;2025-08-09;;;novo_em_relatorio
FARMANGUINHOS PRIMAQUINA;FUNDAÇÃO OSWALDO CRUZ;33.781.055/0001-35;956855253;22/07/2025;;2025-07-22;;;novo_em_relatorio
ibuprofeno;LABORATÓRIO GLOBO SA;17.115.437/0001-73;677256256;20/05/2025;;2025-05-20;;;novo_em_relatorio
BIMZELX;UCB BIOPHARMA LTDA.;64.711.500/0001-14;1162960256;01/09/2025;;2025-09-01;;;novo_em_relatorio
SUBTRAX;EUROFARMA LABORATÓRIOS S.A.;61.190.096/0001-92;1175744247;27/08/2024;;2024-08-27;;;novo_em_relatorio
topiramato;LEGRAND PHARMA INDÚSTRIA FARMACÊUTICA LTDA;05.044.984/0001-26;1437600247;18/10/2024;;2024-10-18;;;novo_em_relatorio
TRIMBOW;CHIESI FARMACÊUTICA LTDA;61.363.032/0001-46;13763253;06/01/2025;;2025-01-06;;;novo_em_relatorio
Alginac;PROCTER & GAMBLE DO BRASIL LTDA.;59.476.770/0001-58;7024258;03/01/2025;;2025-01-03;;;novo_em_relatorio
hemitartarato de zolpidem;UNICHEM FARMACÊUTICA DO BRASIL LTDA;05.399.786/0001-85;672090252;19/05/2025;;2025-05-19;;;novo_em_relatorio
SOLUÇÃO FISIOLÓGICA A 0,9%;CRISTÁLIA PRODUTOS QUÍMICOS FARMACÊUTICOS LTDA.;44.734.671/0001-51;364296259;18/03/2025;;2025-03-18;;;novo_em_relatorio
ADLYV;PHARLAB INDÚSTRIA FARMACÊUTICA S.A.;02.501.297/0001-02;843828251;27/06/2025;;2025-06-27;;;novo_em_relatorio
cloridrato de fexofenadina;EMS S/A;57.507.378/0003-65;1651845247;03/12/2024;;2024-12-03;;;novo_em_relatorio
XUMER;ADIUM S.A.;55.980.684/0001-27;742306259;02/06/2025;;2025-06-02;;;novo_em_relatorio
levetiracetam;ZYDUS NIKKHO FARMACÊUTICA LTDA;05.254.971/0001-81;330218255;11/03/2025;;2025-03-11;;;novo_em_relatorio
Vacina COVID-19 (recombinante);ZALIKA FARMACEUTICA LTDA;29.536.205/0001-78;865365245;25/06/2024;;2024-06-25;;;novo_em_relatorio
SONDELBAY;ACCORD FARMACÊUTICA LTDA;64.171.697/0001-46;999304259;01/08/2025;;2025-08-01;;;novo_em_relatorio
MYLOTARG;PFIZER BRASIL LTDA;61.072.393/0001-33;828606242;18/06/2024;;2024-06-18;;;novo_em_relatorio
QUEPSIA LP;EUROFARMA LABORATÓRIOS S.A.;61.190.096/0001-92;858523248;24/06/2024;;2024-06-24;;;novo_em_relatorio
ivermectina;GERMED FARMACEUTICA LTDA;45.992.062/0001-65;1646196244;02/12/2024;;2024-12-02;;;novo_em_relatorio
POMALYST;BRISTOL-MYERS SQUIBB FARMACÊUTICA LTDA;56.998.982/0001-07;1196332240;30/08/2024;;2024-08-30;;;novo_em_relatorio
Prothromplex;TAKEDA PHARMA LTDA.;60.397.775/0001-74;1377432246;07/10/2024;;2024-10-07;;;novo_em_relatorio
etoricoxibe;BRAINFARMA INDÚSTRIA QUÍMICA E FARMACÊUTICA S.A;05.161.069/0001-10;795871244;13/06/2024;;2024-06-13;;;novo_em_relatorio
topiramato;VITAMEDIC INDUSTRIA FARMACEUTICA LTDA;30.222.814/0001-31;1671866240;06/12/2024;;2024-12-06;;;novo_em_relatorio
succinato de desvenlafaxina;ZYDUS NIKKHO FARMACÊUTICA LTDA;05.254.971/0001-81;1542456240;08/11/2024;;2024-11-08;;;novo_em_relatorio
cloridrato de donepezila;DR. REDDYS FARMACÊUTICA DO BRASIL LTDA;03.978.166/0001-75;482079258;08/04/2025;;2025-04-08;;;novo_em_relatorio
ZAPSY;PRATI DONADUZZI & CIA LTDA;73.856.593/0001-66;814442251;18/06/2025;;2025-06-18;;;novo_em_relatorio
cloridrato de donepezila;AUROBINDO PHARMA INDÚSTRIA FARMACÊUTICA LIMITADA;04.301.884/0001-75;384077234;17/04/2023;;2023-04-17;;;novo_em_relatorio
CIMEGRIPE;CIMED INDUSTRIA S.A;02.814.497/0001-07;723011257;28/05/2025;;2025-05-28;;;novo_em_relatorio
RUKOBIA;GLAXOSMITHKLINE BRASIL LTDA;33.247.743/0001-10;1179030257;04/09/2025;;2025-09-04;;;novo_em_relatorio
LOXONIN FLEX;DAIICHI SANKYO BRASIL FARMACÊUTICA LTDA;60.874.187/0001-84;724778241;29/05/2024;;2024-05-29;;;novo_em_relatorio
levetiracetam;AUROBINDO PHARMA INDÚSTRIA FARMACÊUTICA LIMITADA;04.301.884/0001-75;1086991257;15/08/2025;;2025-08-15;;;novo_em_relatorio
ESTREVA;FARMA VISION IMPORTAÇÃO E EXPORTAÇÃO DE MEDICAMENTOS LTDA;09.058.502/0001-48;1528753241;06/11/2024;;2024-11-06;;;novo_em_relatorio
AMORA;EUROFARMA LABORATÓRIOS S.A.;61.190.096/0001-92;1078395250;14/08/2025;;2025-08-14;;;novo_em_relatorio
dutasterida + cloridrato de tansulosina;ZYDUS NIKKHO FARMACÊUTICA LTDA;05.254.971/0001-81;345509251;14/03/2025;;2025-03-14;;;novo_em_relatorio
FIRIALTA;BAYER S.A.;18.459.628/0001-15;858510251;30/06/2025;;2025-06-30;;;novo_em_relatorio
TACE;CRISTÁLIA PRODUTOS QUÍMICOS FARMACÊUTICOS LTDA.;44.734.671/0001-51;404920233;24/04/2023;;2023-04-24;;;novo_em_relatorio
OROXADIN;SANOFI MEDLEY FARMACÊUTICA LTDA.;10.588.595/0010-92;1671101243;06/12/2024;;2024-12-06;;;novo_em_relatorio
DAONIL;SANOFI MEDLEY FARMACÊUTICA LTDA.;10.588.595/0010-92;1720180245;17/12/2024;;2024-12-17;;;novo_em_relatorio
NEOSULIDA;BRAINFARMA INDÚSTRIA QUÍMICA E FARMACÊUTICA S.A;05.161.069/0001-10;193197235;27/02/2023;;2023-02-27;;;novo_em_relatorio
fenobarbital;INSTITUTO BIOCHIMICO INDÚSTRIA FARMACÊUTICA LTDA;33.258.401/0001-03;848089251;28/06/2025;;2025-06-28;;;novo_em_relatorio
ANAFRANIL;SANDOZ DO BRASIL INDÚSTRIA FARMACÊUTICA LTDA;61.286.647/0001-16;12382248;04/01/2024;;2024-01-04;;;novo_em_relatorio
TEVIMBRA;BEONE MEDICINES BRASIL LTDA;30.763.301/0003-08;1044087251;12/08/2025;;2025-08-12;;;novo_em_relatorio
NARATANO;MULTILAB INDUSTRIA E COMERCIO DE PRODUTOS FARMACEUTICOS LTDA;92.265.552/0009-05;1170010253;02/09/2025;;2025-09-02;;;novo_em_relatorio
SUZOPA;DR. REDDYS FARMACÊUTICA DO BRASIL LTDA;03.978.166/0001-75;878807250;04/07/2025;;2025-07-04;;;novo_em_relatorio
ibuprofeno;VITAMEDIC INDUSTRIA FARMACEUTICA LTDA;30.222.814/0001-31;1709560240;13/12/2024;;2024-12-13;;;novo_em_relatorio
DROALFA;ACHÉ LABORATÓRIOS FARMACÊUTICOS S.A;60.659.463/0029-92;857639234;15/08/2023;;2023-08-15;;;novo_em_relatorio
telmisartana + hidroclorotiazida;BRAINFARMA INDÚSTRIA QUÍMICA E FARMACÊUTICA S.A;05.161.069/0001-10;198985258;12/02/2025;;2025-02-12;;;novo_em_relatorio
BROMOPRIDA;AIRELA INDÚSTRIA FARMACÊUTICA LTDA.;01.858.973/0001-29;306667258;06/03/2025;;2025-03-06;;;novo_em_relatorio
lacosamida;LABORATÓRIO TEUTO BRASILEIRO S/A;17.159.229/0001-76;1605740241;25/11/2024;;2024-11-25;;;novo_em_relatorio
fosfato sódico de prednisolona;EUROFARMA LABORATÓRIOS S.A.;61.190.096/0001-92;810590255;17/06/2025;;2025-06-17;;;novo_em_relatorio
cloridrato de escetamina;HIPOLABOR FARMACEUTICA LTDA;19.570.720/0001-10;759890242;06/06/2024;;2024-06-06;;;novo_em_relatorio
oxalato de escitalopram;MULTILAB INDUSTRIA E COMERCIO DE PRODUTOS FARMACEUTICOS LTDA;92.265.552/0009-05;1044133252;12/08/2025;;2025-08-12;;;novo_em_relatorio
COLÍRIO MOURA BRASIL;OPELLA HEALTHCARE BRAZIL LTDA;38.391.432/0001-43;637859251;12/05/2025;;2025-05-12;;;novo_em_relatorio
cloridrato de metformina;VITAMEDIC INDUSTRIA FARMACEUTICA LTDA;30.222.814/0001-31;1174968257;03/09/2025;;2025-09-03;;;novo_em_relatorio
rivaroxabana;BRAINFARMA INDÚSTRIA QUÍMICA E FARMACÊUTICA S.A;05.161.069/0001-10;734362251;30/05/2025;;2025-05-30;;;novo_em_relatorio
NICORETTE;KENVUE LTDA.;59.748.988/0001-14;839162251;26/06/2025;;2025-06-26;;;novo_em_relatorio
OXA-PLATIN;BLAU FARMACÊUTICA S.A.;58.430.828/0001-60;982838255;29/07/2025;;2025-07-29;;;novo_em_relatorio
CEFTRIAXONA SÓDICA;EUGIA PHARMA INDUSTRIA FARMACEUTICA LTDA;44.639.493/0001-80;1085586251;15/08/2025;;2025-08-15;;;novo_em_relatorio
OLZICAR ANLO;COSMED INDUSTRIA DE COSMETICOS E MEDICAMENTOS S.A.;61.082.426/0002-07;233790250;19/02/2025;;2025-02-19;;;novo_em_relatorio
ACLASTA;SANDOZ DO BRASIL INDÚSTRIA FARMACÊUTICA LTDA;61.286.647/0001-16;1029093237;27/09/2023;;2023-09-27;;;novo_em_relatorio
PREDNISONA;MULTILAB INDUSTRIA E COMERCIO DE PRODUTOS FARMACEUTICOS LTDA;92.265.552/0009-05;1058872257;13/08/2025;;2025-08-13;;;novo_em_relatorio
AFETUS;EUROFARMA LABORATÓRIOS S.A.;61.190.096/0001-92;838508251;26/06/2025;;2025-06-26;;;novo_em_relatorio
desloratadina;GERMED FARMACEUTICA LTDA;45.992.062/0001-65;1006415254;05/08/2025;;2025-08-05;;;novo_em_relatorio
meropenem;EUGIA PHARMA INDUSTRIA FARMACEUTICA LTDA;44.639.493/0001-80;1757110241;24/12/2024;;2024-12-24;;;novo_em_relatorio
NIMUS BETA;EUROFARMA LABORATÓRIOS S.A.;61.190.096/0001-92;221741259;17/02/2025;;2025-02-17;;;novo_em_relatorio
COMPLEXO SENNA ALMEIDA PRADO Nº 46;MEGALABS FARMACEUTICA S.A.;33.026.055/0001-20;893901245;01/07/2024;;2024-07-01;;;novo_em_relatorio
Omlyclo;CELLTRION HEALTHCARE DISTRIBUICAO DE PRODUTOS FARMACEUTICOS DOS BRASIL LTDA;05.452.889/0001-61;1199552259;10/09/2025;;2025-09-10;;;novo_em_relatorio
TORVILIP;MULTILAB INDUSTRIA E COMERCIO DE PRODUTOS FARMACEUTICOS LTDA;92.265.552/0009-05;921552254;15/07/2025;;2025-07-15;;;novo_em_relatorio
ARACOR ANLO;MULTILAB INDUSTRIA E COMERCIO DE PRODUTOS FARMACEUTICOS LTDA;92.265.552/0009-05;1525241249;05/11/2024;;2024-11-05;;;novo_em_relatorio
REACTINE;KENVUE LTDA.;59.748.988/0001-14;1004341253;04/08/2025;;2025-08-04;;;novo_em_relatorio
KAZFONA;DR. REDDYS FARMACÊUTICA DO BRASIL LTDA;03.978.166/0001-75;138374252;31/01/2025;;2025-01-31;;;novo_em_relatorio
CORISTINA D CONGEST;COSMED INDUSTRIA DE COSMETICOS E MEDICAMENTOS S.A.;61.082.426/0002-07;551345250;24/04/2025;;2025-04-24;;;novo_em_relatorio
levofloxacino;MULTILAB INDUSTRIA E COMERCIO DE PRODUTOS FARMACEUTICOS LTDA;92.265.552/0009-05;571557252;28/04/2025;;2025-04-28;;;novo_em_relatorio
desloratadina;EMS S/A;57.507.378/0003-65;1006447253;05/08/2025;;2025-08-05;;;novo_em_relatorio
VITRAKVI;BAYER S.A.;18.459.628/0001-15;539705250;22/04/2025;;2025-04-22;;;novo_em_relatorio
cloridrato de trazodona;LABORATÓRIO GLOBO SA;17.115.437/0001-73;508180252;14/04/2025;;2025-04-14;;;novo_em_relatorio
PEGNEUCYTE;LABORATÓRIO TEUTO BRASILEIRO S/A;17.159.229/0001-76;901981257;09/07/2025;;2025-07-09;;;novo_em_relatorio
aciclovir;INSTITUTO BIOCHIMICO INDÚSTRIA FARMACÊUTICA LTDA;33.258.401/0001-03;864614250;02/07/2025;;2025-07-02;;;novo_em_relatorio
COLTRAX INJ;EUROFARMA LABORATÓRIOS S.A.;61.190.096/0001-92;1529916241;06/11/2024;;2024-11-06;;;novo_em_relatorio
glibenclamida;MULTILAB INDUSTRIA E COMERCIO DE PRODUTOS FARMACEUTICOS LTDA;92.265.552/0009-05;289250251;28/02/2025;;2025-02-28;;;novo_em_relatorio
CETOCONAZOL+DIPROPIONATO DE BETAMETASONA+SULFATO DE NEOMICINA;GERMED FARMACEUTICA LTDA;45.992.062/0001-65;443190259;01/04/2025;;2025-04-01;;;novo_em_relatorio
HYFOL;BRAINFARMA INDÚSTRIA QUÍMICA E FARMACÊUTICA S.A;05.161.069/0001-10;472884255;07/04/2025;;2025-04-07;;;novo_em_relatorio
omeprazol;MULTILAB INDUSTRIA E COMERCIO DE PRODUTOS FARMACEUTICOS LTDA;92.265.552/0009-05;1672114241;06/12/2024;;2024-12-06;;;novo_em_relatorio
FLORALON;CIFARMA CIENTÍFICA FARMACÊUTICA LTDA;17.562.075/0001-69;1268255246;16/09/2024;;2024-09-16;;;novo_em_relatorio
acetato de ciproterona + etinilestradiol;ACHÉ LABORATÓRIOS FARMACÊUTICOS S.A;60.659.463/0029-92;1193270251;09/09/2025;;2025-09-09;;;novo_em_relatorio
dapagliflozina propanodiol;ASTRAZENECA DO BRASIL LTDA;60.318.797/0001-00;1018537252;07/08/2025;;2025-08-07;;;novo_em_relatorio
cefalexina;EMS S/A;57.507.378/0003-65;2536978214;30/06/2021;;2021-06-30;;;novo_em_relatorio
hemitartarato de zolpidem;CIMED INDUSTRIA S.A;02.814.497/0001-07;48584258;14/01/2025;;2025-01-14;;;novo_em_relatorio
RENOVI B;SUPERA FARMA LABORATÓRIOS S.A;43.312.503/0001-05;896328252;08/07/2025;;2025-07-08;;;novo_em_relatorio
EZ-TEC99m;ECKERT & ZIEGLER BRASIL COMERCIAL LTDA;02.887.124/0002-47;264559258;25/02/2025;;2025-02-25;;;novo_em_relatorio
cloridrato de ondansetrona;Althaia S.A Indústria Farmacêutica;48.344.725/0007-19;1562998242;13/11/2024;;2024-11-13;;;novo_em_relatorio
azacitidina;BLAU FARMACÊUTICA S.A.;58.430.828/0001-60;380341255;20/03/2025;;2025-03-20;;;novo_em_relatorio
BOSULIF;PFIZER BRASIL LTDA;61.072.393/0001-33;1467245241;24/10/2024;;2024-10-24;;;novo_em_relatorio
EKNUS;VIATRIS FARMACEUTICA DO BRASIL LTDA;11.643.096/0001-22;1074546245;07/08/2024;;2024-08-07;;;novo_em_relatorio
RYBREVANT;JANSSEN-CILAG FARMACÊUTICA LTDA;51.780.468/0001-87;585824258;30/04/2025;;2025-04-30;;;novo_em_relatorio
DORILEN DIP;LEGRAND PHARMA INDÚSTRIA FARMACÊUTICA LTDA;05.044.984/0001-26;508586259;14/04/2025;;2025-04-14;;;novo_em_relatorio
dipirona monoidratada;GERMED FARMACEUTICA LTDA;45.992.062/0001-65;508478251;14/04/2025;;2025-04-14;;;novo_em_relatorio
VASCOR MR;EUROFARMA LABORATÓRIOS S.A.;61.190.096/0001-92;372827241;26/03/2024;;2024-03-26;;;novo_em_relatorio
carvedilol;BIOLAB SANUS FARMACÊUTICA LTDA;49.475.833/0001-06;221194258;17/02/2025;;2025-02-17;;;novo_em_relatorio
JOLIK;LIBBS FARMACÊUTICA LTDA;61.230.314/0001-75;873467248;26/06/2024;;2024-06-26;;;novo_em_relatorio
DERMACERIUM;CRISTÁLIA PRODUTOS QUÍMICOS FARMACÊUTICOS LTDA.;44.734.671/0001-51;709343256;26/05/2025;;2025-05-26;;;novo_em_relatorio
PEMDIA;TEVA FARMACÊUTICA LTDA.;05.333.542/0001-08;1637459246;29/11/2024;;2024-11-29;;;novo_em_relatorio
CIBINQO;PFIZER BRASIL LTDA;61.072.393/0001-33;774444258;09/06/2025;;2025-06-09;;;novo_em_relatorio
mesilato de rasagilina;ZYDUS NIKKHO FARMACÊUTICA LTDA;05.254.971/0001-81;400093243;01/04/2024;;2024-04-01;;;novo_em_relatorio
ELOVIE;LIBBS FARMACÊUTICA LTDA;61.230.314/0001-75;1170708251;02/09/2025;;2025-09-02;;;novo_em_relatorio
sugamadex sódico;Camber Farmaceutica Ltda;24.633.934/0001-29;1686621248;10/12/2024;;2024-12-10;;;novo_em_relatorio
VIAGRA;VIATRIS FARMACEUTICA DO BRASIL LTDA;11.643.096/0001-22;982296258;29/07/2025;;2025-07-29;;;novo_em_relatorio
trometamol cetorolaco;BRAINFARMA INDÚSTRIA QUÍMICA E FARMACÊUTICA S.A;05.161.069/0001-10;1666734241;05/12/2024;;2024-12-05;;;novo_em_relatorio
ZEJULA;GLAXOSMITHKLINE BRASIL LTDA;33.247.743/0001-10;489616259;09/04/2025;;2025-04-09;;;novo_em_relatorio
levetiracetam;SANDOZ DO BRASIL INDÚSTRIA FARMACÊUTICA LTDA;61.286.647/0001-16;849306248;21/06/2024;;2024-06-21;;;novo_em_relatorio
SYBRAVA;NOVARTIS BIOCIENCIAS S.A;56.994.502/0001-30;868453251;02/07/2025;;2025-07-02;;;novo_em_relatorio
DICOXIBE;VIATRIS FARMACEUTICA DO BRASIL LTDA;11.643.096/0001-22;1687908249;10/12/2024;;2024-12-10;;;novo_em_relatorio
HISBILA;EUROFARMA LABORATÓRIOS S.A.;61.190.096/0001-92;1173337253;03/09/2025;;2025-09-03;;;novo_em_relatorio
DRAMIN B6 DL;COSMED INDUSTRIA DE COSMETICOS E MEDICAMENTOS S.A.;61.082.426/0002-07;1051401232;03/10/2023;;2023-10-03;;;novo_em_relatorio
AMMY;COSMED INDUSTRIA DE COSMETICOS E MEDICAMENTOS S.A.;61.082.426/0002-07;57461244;17/01/2024;;2024-01-17;;;novo_em_relatorio
mirabegrona;APSEN FARMACEUTICA S/A;62.462.015/0001-29;1650874243;03/12/2024;;2024-12-03;;;novo_em_relatorio
montelucaste de sódio;BIOLAB SANUS FARMACÊUTICA LTDA;49.475.833/0001-06;473904241;15/04/2024;;2024-04-15;;;novo_em_relatorio
fosfato de sitagliptina;RANBAXY FARMACÊUTICA LTDA;73.663.650/0001-90;1694189244;11/12/2024;;2024-12-11;;;novo_em_relatorio
ENHERTU;DAIICHI SANKYO BRASIL FARMACÊUTICA LTDA;60.874.187/0001-84;1187987255;08/09/2025;;2025-09-08;;;novo_em_relatorio
rivaroxabana;EUROFARMA LABORATÓRIOS S.A.;61.190.096/0001-92;648876250;14/05/2025;;2025-05-14;;;novo_em_relatorio
MOVYDIA;ABBOTT LABORATÓRIOS DO BRASIL LTDA;56.998.701/0001-16;287788253;28/02/2025;;2025-02-28;;;novo_em_relatorio
NORVASC;VIATRIS FARMACEUTICA DO BRASIL LTDA;11.643.096/0001-22;514805251;15/04/2025;;2025-04-15;;;novo_em_relatorio
furoato de mometasona;EUROFARMA LABORATÓRIOS S.A.;61.190.096/0001-92;925889253;16/07/2025;;2025-07-16;;;novo_em_relatorio
AMVUTTRA;SPECIALTY PHARMA GOIAS LTDA;31.731.807/0001-28;455510253;03/04/2025;;2025-04-03;;;novo_em_relatorio
ZISQUE;COSMED INDUSTRIA DE COSMETICOS E MEDICAMENTOS S.A.;61.082.426/0002-07;17028256;07/01/2025;;2025-01-07;;;novo_em_relatorio
cetoprofeno;MULTILAB INDUSTRIA E COMERCIO DE PRODUTOS FARMACEUTICOS LTDA;92.265.552/0009-05;53248252;14/01/2025;;2025-01-14;;;novo_em_relatorio
BIPHOZYL;BAXTER HOSPITALAR LTDA;49.351.786/0002-61;470111241;12/04/2024;;2024-04-12;;;novo_em_relatorio
CIPROFIBRATO;LABORATÓRIO TEUTO BRASILEIRO S/A;17.159.229/0001-76;1200943236;01/11/2023;;2023-11-01;;;novo_em_relatorio
Amoxicilina + clavulanato de Potássio;CELLERA FARMACÊUTICA S.A.;33.173.097/0002-74;226036243;26/02/2024;;2024-02-26;;;novo_em_relatorio
ceftriaxona dissódica;LABORATÓRIO TEUTO BRASILEIRO S/A;17.159.229/0001-76;1153797259;28/08/2025;;2025-08-28;;;novo_em_relatorio
BICERTO;EUROFARMA LABORATÓRIOS S.A.;61.190.096/0001-92;835901246;19/06/2024;;2024-06-19;;;novo_em_relatorio
Besponsa;PFIZER BRASIL LTDA;61.072.393/0001-33;1107850240;13/08/2024;;2024-08-13;;;novo_em_relatorio
MIBI-TEC;COMISSAO NACIONAL DE ENERGIA NUCLEAR;00.402.552/0001-26;1253085234;13/11/2023;;2023-11-13;;;novo_em_relatorio
Tegsedi;PTC FARMACEUTICA DO BRASIL LTDA.;25.210.463/0001-09;952693241;12/07/2024;;2024-07-12;;;novo_em_relatorio
PRIMACOR;SANOFI MEDLEY FARMACÊUTICA LTDA.;10.588.595/0010-92;1073220257;14/08/2025;;2025-08-14;;;novo_em_relatorio
CAPRELSA;SANOFI MEDLEY FARMACÊUTICA LTDA.;10.588.595/0010-92;1163509256;01/09/2025;;2025-09-01;;;novo_em_relatorio
ROTEAS;DAIICHI SANKYO BRASIL FARMACÊUTICA LTDA;60.874.187/0001-84;719366241;29/05/2024;;2024-05-29;;;novo_em_relatorio
cloridrato de venlafaxina;EMS S/A;57.507.378/0003-65;39816257;10/01/2025;;2025-01-10;;;novo_em_relatorio
SKYRIZI;ABBVIE FARMACÊUTICA LTDA.;15.800.545/0001-50;990953254;31/07/2025;;2025-07-31;;;novo_em_relatorio
hemitartarato de zolpidem;EUROFARMA LABORATÓRIOS S.A.;61.190.096/0001-92;231403259;18/02/2025;;2025-02-18;;;novo_em_relatorio
CARISOPRODOL + DICLOFENACO DE SÓDIO + PARACETAMOL+ CAFEÍNA;EUROFARMA LABORATÓRIOS S.A.;61.190.096/0001-92;1155232241;22/08/2024;;2024-08-22;;;novo_em_relatorio
levetiracetam;TORRENT DO BRASIL LTDA;33.078.528/0001-32;1308913249;24/09/2024;;2024-09-24;;;novo_em_relatorio
NEBIPRE;LEGRAND PHARMA INDÚSTRIA FARMACÊUTICA LTDA;05.044.984/0001-26;1119649234;18/10/2023;;2023-10-18;;;novo_em_relatorio
SINVASTATINA;ACHÉ LABORATÓRIOS FARMACÊUTICOS S.A;60.659.463/0029-92;474759193;28/05/2019;;2019-05-28;;;novo_em_relatorio
Waryz;CIMED INDUSTRIA S.A;02.814.497/0001-07;1168929253;02/09/2025;;2025-09-02;;;novo_em_relatorio
CALT;CRISTÁLIA PRODUTOS QUÍMICOS FARMACÊUTICOS LTDA.;44.734.671/0001-51;774484250;09/06/2025;;2025-06-09;;;novo_em_relatorio
bromazepam;ACHÉ LABORATÓRIOS FARMACÊUTICOS S.A;60.659.463/0029-92;455440255;03/04/2025;;2025-04-03;;;novo_em_relatorio
MIRTAZAPINA;BRAINFARMA INDÚSTRIA QUÍMICA E FARMACÊUTICA S.A;05.161.069/0001-10;1200142250;10/09/2025;;2025-09-10;;;novo_em_relatorio
voriconazol;DR. REDDYS FARMACÊUTICA DO BRASIL LTDA;03.978.166/0001-75;1132641250;22/08/2025;;2025-08-22;;;novo_em_relatorio
brometo de ipratrópio;ACHÉ LABORATÓRIOS FARMACÊUTICOS S.A;60.659.463/0029-92;343719258;13/03/2025;;2025-03-13;;;novo_em_relatorio
amoxicilina triidratada;ACHÉ LABORATÓRIOS FARMACÊUTICOS S.A;60.659.463/0029-92;3721436211;20/09/2021;;2021-09-20;;;novo_em_relatorio
ZINA ODT;EUROFARMA LABORATÓRIOS S.A.;61.190.096/0001-92;207683247;22/02/2024;;2024-02-22;;;novo_em_relatorio
FOSMORYL;PHARMASCIENCE INDUSTRIA FARMACEUTICA S.A;25.773.037/0001-83;787331252;11/06/2025;;2025-06-11;;;novo_em_relatorio
furosemida;BLAU FARMACÊUTICA S.A.;58.430.828/0001-60;1527154246;06/11/2024;;2024-11-06;;;novo_em_relatorio
TOLREST;ACHÉ LABORATÓRIOS FARMACÊUTICOS S.A;60.659.463/0029-92;257884254;24/02/2025;;2025-02-24;;;novo_em_relatorio
dutasterida;ACHÉ LABORATÓRIOS FARMACÊUTICOS S.A;60.659.463/0029-92;383102251;21/03/2025;;2025-03-21;;;novo_em_relatorio
COALY;LEGRAND PHARMA INDÚSTRIA FARMACÊUTICA LTDA;05.044.984/0001-26;1138061255;25/08/2025;;2025-08-25;;;novo_em_relatorio
OKÓTICO;SUPERA FARMA LABORATÓRIOS S.A;43.312.503/0001-05;775106259;09/06/2025;;2025-06-09;;;novo_em_relatorio
B-TABLOCK;CRISTÁLIA PRODUTOS QUÍMICOS FARMACÊUTICOS LTDA.;44.734.671/0001-51;1591294240;21/11/2024;;2024-11-21;;;novo_em_relatorio
tacrolimo;MULTILAB INDUSTRIA E COMERCIO DE PRODUTOS FARMACEUTICOS LTDA;92.265.552/0009-05;1201512255;10/09/2025;;2025-09-10;;;novo_em_relatorio
diclofenaco sódico;MULTILAB INDUSTRIA E COMERCIO DE PRODUTOS FARMACEUTICOS LTDA;92.265.552/0009-05;1110535252;18/08/2025;;2025-08-18;;;novo_em_relatorio
succinato de desvenlafaxina monoidratado;BRAINFARMA INDÚSTRIA QUÍMICA E FARMACÊUTICA S.A;05.161.069/0001-10;1230007237;08/11/2023;;2023-11-08;;;novo_em_relatorio
Teriflunomida;NATCOFARMA DO BRASIL LTDA;08.157.293/0001-27;1479508233;28/12/2023;;2023-12-28;;;novo_em_relatorio
ticagrelor;GERMED FARMACEUTICA LTDA;45.992.062/0001-65;1138082252;25/08/2025;;2025-08-25;;;novo_em_relatorio
CEFTFENPRO LP;GERMED FARMACEUTICA LTDA;45.992.062/0001-65;53133251;14/01/2025;;2025-01-14;;;novo_em_relatorio
ceftriaxona dissódica hemieptaidratada;ANTIBIÓTICOS DO BRASIL LTDA;05.439.635/0001-03;142754242;06/02/2024;;2024-02-06;;;novo_em_relatorio
KIENDRA;NOVARTIS BIOCIENCIAS S.A;56.994.502/0001-30;1709760249;13/12/2024;;2024-12-13;;;novo_em_relatorio
SECNIDAL;SANOFI MEDLEY FARMACÊUTICA LTDA.;10.588.595/0010-92;1723383244;17/12/2024;;2024-12-17;;;novo_em_relatorio
ZINLERG;LEGRAND PHARMA INDÚSTRIA FARMACÊUTICA LTDA;05.044.984/0001-26;1443622249;21/10/2024;;2024-10-21;;;novo_em_relatorio
etoricoxibe;EMS S/A;57.507.378/0003-65;1187838250;08/09/2025;;2025-09-08;;;novo_em_relatorio
enantato de noretisterona + valerato de estradiol;CIFARMA CIENTÍFICA FARMACÊUTICA LTDA;17.562.075/0001-69;1497867240;31/10/2024;;2024-10-31;;;novo_em_relatorio
cetoconazol + betametasona + sulfato de neomicina;PHARLAB INDÚSTRIA FARMACÊUTICA S.A.;02.501.297/0001-02;732779251;29/05/2025;;2025-05-29;;;novo_em_relatorio
EQUILIBRISSE;BRAINFARMA INDÚSTRIA QUÍMICA E FARMACÊUTICA S.A;05.161.069/0001-10;920579256;15/07/2025;;2025-07-15;;;novo_em_relatorio
LÁBREA DUO;CRISTÁLIA PRODUTOS QUÍMICOS FARMACÊUTICOS LTDA.;44.734.671/0001-51;738322253;30/05/2025;;2025-05-30;;;novo_em_relatorio
rivaroxabana;CIMED INDUSTRIA S.A;02.814.497/0001-07;939227258;21/07/2025;;2025-07-21;;;novo_em_relatorio
CABLIVI;SANOFI MEDLEY FARMACÊUTICA LTDA.;10.588.595/0010-92;1311819231;23/11/2023;;2023-11-23;;;novo_em_relatorio
celecoxibe;GERMED FARMACEUTICA LTDA;45.992.062/0001-65;309653258;07/03/2025;;2025-03-07;;;novo_em_relatorio
lamotrigina;BIOLAB SANUS FARMACÊUTICA LTDA;49.475.833/0001-06;812481259;18/06/2025;;2025-06-18;;;novo_em_relatorio
BIANCORT;GERMED FARMACEUTICA LTDA;45.992.062/0001-65;874562252;03/07/2025;;2025-07-03;;;novo_em_relatorio
CEFTRIONA;FRESENIUS KABI BRASIL LTDA;49.324.221/0001-04;1565192249;13/11/2024;;2024-11-13;;;novo_em_relatorio
REZIMORP;CIPLA BRASIL IMPORTADORA E DISTRIBUIDORA DE MEDICAMENTOS LTDA;18.268.051/0001-64;801377251;16/06/2025;;2025-06-16;;;novo_em_relatorio
ARTAG;LIBBS FARMACÊUTICA LTDA;61.230.314/0001-75;845247255;27/06/2025;;2025-06-27;;;novo_em_relatorio
fluconazol;BEKER PRODUTOS FÁRMACO HOSPITALARES LTDA;47.231.121/0001-08;13121251;06/01/2025;;2025-01-06;;;novo_em_relatorio
ATESTO;SUPERA FARMA LABORATÓRIOS S.A;43.312.503/0001-05;495716243;18/04/2024;;2024-04-18;;;novo_em_relatorio
ELOXATIN;SANOFI MEDLEY FARMACÊUTICA LTDA.;10.588.595/0010-92;528905252;17/04/2025;;2025-04-17;;;novo_em_relatorio
ácido ursodesoxicólico;RANBAXY FARMACÊUTICA LTDA;73.663.650/0001-90;1735631248;19/12/2024;;2024-12-19;;;novo_em_relatorio
paracetamol + fosfato de codeína;UNIÃO QUÍMICA FARMACÊUTICA NACIONAL S/A;60.665.981/0001-18;1428673245;17/10/2024;;2024-10-17;;;novo_em_relatorio
fosfato de sitagliptina;SANDOZ DO BRASIL INDÚSTRIA FARMACÊUTICA LTDA;61.286.647/0001-16;1671447247;06/12/2024;;2024-12-06;;;novo_em_relatorio
REVERT;FARMOQUÍMICA S/A;33.349.473/0001-58;669217247;20/05/2024;;2024-05-20;;;novo_em_relatorio
BUSCOPAN;COSMED INDUSTRIA DE COSMETICOS E MEDICAMENTOS S.A.;61.082.426/0002-07;673688232;30/06/2023;;2023-06-30;;;novo_em_relatorio
cabergolina;RANBAXY FARMACÊUTICA LTDA;73.663.650/0001-90;1579704247;18/11/2024;;2024-11-18;;;novo_em_relatorio
RIFALDIN;SANOFI MEDLEY FARMACÊUTICA LTDA.;10.588.595/0010-92;833225251;25/06/2025;;2025-06-25;;;novo_em_relatorio
TALZENNA;PFIZER BRASIL LTDA;61.072.393/0001-33;829570250;24/06/2025;;2025-06-24;;;novo_em_relatorio
ILUDRAL;ADIUM S.A.;55.980.684/0001-27;515528251;15/04/2025;;2025-04-15;;;novo_em_relatorio
PROSOY;FARMOQUÍMICA S/A;33.349.473/0001-58;1176979248;27/08/2024;;2024-08-27;;;novo_em_relatorio
PLUTO;SUN FARMACÊUTICA DO BRASIL LTDA;05.035.244/0001-23;833638254;25/06/2025;;2025-06-25;;;novo_em_relatorio
TEBONIN;HERBARIUM LABORATORIO BOTANICO LTDA;78.950.011/0001-20;155303252;04/02/2025;;2025-02-04;;;novo_em_relatorio
Elaprase;TAKEDA PHARMA LTDA.;60.397.775/0001-74;275979245;06/03/2024;;2024-03-06;;;novo_em_relatorio
PYVERM;CIFARMA CIENTÍFICA FARMACÊUTICA LTDA;17.562.075/0001-69;839946252;26/06/2025;;2025-06-26;;;novo_em_relatorio
PRAZY;LEGRAND PHARMA INDÚSTRIA FARMACÊUTICA LTDA;05.044.984/0001-26;342012258;13/03/2025;;2025-03-13;;;novo_em_relatorio
Sulfato de Amicacina;FRESENIUS KABI BRASIL LTDA;49.324.221/0001-04;1393392245;10/10/2024;;2024-10-10;;;novo_em_relatorio
PRENI;EUROFARMA LABORATÓRIOS S.A.;61.190.096/0001-92;809359251;17/06/2025;;2025-06-17;;;novo_em_relatorio
mesilato de imatinibe;ZYDUS NIKKHO FARMACÊUTICA LTDA;05.254.971/0001-81;281990255;27/02/2025;;2025-02-27;;;novo_em_relatorio
JEMPERLI;GLAXOSMITHKLINE BRASIL LTDA;33.247.743/0001-10;1528983246;06/11/2024;;2024-11-06;;;novo_em_relatorio
GENTAMICIN;FRESENIUS KABI BRASIL LTDA;49.324.221/0001-04;1471917240;25/10/2024;;2024-10-25;;;novo_em_relatorio
azitromicina di-hidratada;LABORATÓRIO TEUTO BRASILEIRO S/A;17.159.229/0001-76;680501258;21/05/2025;;2025-05-21;;;novo_em_relatorio
BHENA;BIOLAB SANUS FARMACÊUTICA LTDA;49.475.833/0001-06;483072257;08/04/2025;;2025-04-08;;;novo_em_relatorio
COMBFIX;ACHÉ LABORATÓRIOS FARMACÊUTICOS S.A;60.659.463/0029-92;982664257;29/07/2025;;2025-07-29;;;novo_em_relatorio
MELYSSE;ACHÉ LABORATÓRIOS FARMACÊUTICOS S.A;60.659.463/0029-92;607113251;06/05/2025;;2025-05-06;;;novo_em_relatorio
NEXOPRAX;MULTILAB INDUSTRIA E COMERCIO DE PRODUTOS FARMACEUTICOS LTDA;92.265.552/0009-05;1161349243;23/08/2024;;2024-08-23;;;novo_em_relatorio
CLORIDRATO DE CEFEPIME;EUGIA PHARMA INDUSTRIA FARMACEUTICA LTDA;44.639.493/0001-80;1085683257;15/08/2025;;2025-08-15;;;novo_em_relatorio
CONSIV;ADIUM S.A.;55.980.684/0001-27;288894251;28/02/2025;;2025-02-28;;;novo_em_relatorio
BUCLINA;COSMED INDUSTRIA DE COSMETICOS E MEDICAMENTOS S.A.;61.082.426/0002-07;905825241;03/07/2024;;2024-07-03;;;novo_em_relatorio
POLARAX;AIRELA INDÚSTRIA FARMACÊUTICA LTDA.;01.858.973/0001-29;134305256;30/01/2025;;2025-01-30;;;novo_em_relatorio
tibolona;MULTILAB INDUSTRIA E COMERCIO DE PRODUTOS FARMACEUTICOS LTDA;92.265.552/0009-05;289254256;28/02/2025;;2025-02-28;;;novo_em_relatorio
Rosucor EZE;TORRENT DO BRASIL LTDA;33.078.528/0001-32;965273245;16/07/2024;;2024-07-16;;;novo_em_relatorio
cloridrato de escetamina;UNIÃO QUÍMICA FARMACÊUTICA NACIONAL S/A;60.665.981/0001-18;549300252;23/04/2025;;2025-04-23;;;novo_em_relatorio
ISTURISA;RECORDATI RARE DISEASES COMÉRCIO DE MEDICAMENTOS LTDA - ME;53.056.057/0001-79;734628251;30/05/2025;;2025-05-30;;;novo_em_relatorio
MYLANTA PLUS;KENVUE LTDA.;59.748.988/0001-14;726931250;28/05/2025;;2025-05-28;;;novo_em_relatorio
KETTO;EUROFARMA LABORATÓRIOS S.A.;61.190.096/0001-92;826554245;18/06/2024;;2024-06-18;;;novo_em_relatorio
VÓRIC;EUROFARMA LABORATÓRIOS S.A.;61.190.096/0001-92;1412430232;12/12/2023;;2023-12-12;;;novo_em_relatorio
DRUSOLOL LC;UNIÃO QUÍMICA FARMACÊUTICA NACIONAL S/A;60.665.981/0001-18;1116264251;19/08/2025;;2025-08-19;;;novo_em_relatorio
oxalato de escitalopram;INSTITUTO BIOCHIMICO INDÚSTRIA FARMACÊUTICA LTDA;33.258.401/0001-03;848169255;28/06/2025;;2025-06-28;;;novo_em_relatorio
DORFLEX DIP;OPELLA HEALTHCARE BRAZIL LTDA;38.391.432/0001-43;148527256;03/02/2025;;2025-02-03;;;novo_em_relatorio
PRALÍVIO;CIMED INDUSTRIA S.A;02.814.497/0001-07;1456659243;23/10/2024;;2024-10-23;;;novo_em_relatorio
ÁGUA PARA INJETÁVEIS;FARMA VISION IMPORTAÇÃO E EXPORTAÇÃO DE MEDICAMENTOS LTDA;09.058.502/0001-48;1308502231;23/11/2023;;2023-11-23;;;novo_em_relatorio
mupirocina;INSTITUTO BIOCHIMICO INDÚSTRIA FARMACÊUTICA LTDA;33.258.401/0001-03;1767929242;27/12/2024;;2024-12-27;;;novo_em_relatorio
desloratadina;LABORATÓRIO GLOBO SA;17.115.437/0001-73;984926259;30/07/2025;;2025-07-30;;;novo_em_relatorio
desloratadina;LABORATÓRIO GLOBO SA;17.115.437/0001-73;971399255;25/07/2025;;2025-07-25;;;novo_em_relatorio
JOGGER;ACHÉ LABORATÓRIOS FARMACÊUTICOS S.A;60.659.463/0029-92;1007382252;05/08/2025;;2025-08-05;;;novo_em_relatorio
drospirenona + etinilestradiol;MULTILAB INDUSTRIA E COMERCIO DE PRODUTOS FARMACEUTICOS LTDA;92.265.552/0009-05;930946251;17/07/2025;;2025-07-17;;;novo_em_relatorio
FENTANEST BOLSA;CRISTÁLIA PRODUTOS QUÍMICOS FARMACÊUTICOS LTDA.;44.734.671/0001-51;15779246;05/01/2024;;2024-01-05;;;novo_em_relatorio
ZYPTAN;ZYDUS NIKKHO FARMACÊUTICA LTDA;05.254.971/0001-81;1543103243;08/11/2024;;2024-11-08;;;novo_em_relatorio
cloridrato de bupropiona;GERMED FARMACEUTICA LTDA;45.992.062/0001-65;1487942249;29/10/2024;;2024-10-29;;;novo_em_relatorio
pitavastatina cálcica;GERMED FARMACEUTICA LTDA;45.992.062/0001-65;347991254;14/03/2025;;2025-03-14;;;novo_em_relatorio
dimesilato de lisdexanfetamina;EUROFARMA LABORATÓRIOS S.A.;61.190.096/0001-92;934353255;18/07/2025;;2025-07-18;;;novo_em_relatorio
DIVALPROATO DE SÓDIO;EUROFARMA LABORATÓRIOS S.A.;61.190.096/0001-92;1268200247;16/09/2024;;2024-09-16;;;novo_em_relatorio
clonazepam;INSTITUTO BIOCHIMICO INDÚSTRIA FARMACÊUTICA LTDA;33.258.401/0001-03;523630255;16/04/2025;;2025-04-16;;;novo_em_relatorio
cloridrato de tramadol;MULTILAB INDUSTRIA E COMERCIO DE PRODUTOS FARMACEUTICOS LTDA;92.265.552/0009-05;1730819249;18/12/2024;;2024-12-18;;;novo_em_relatorio
TANDRIFLAN;UNIÃO QUÍMICA FARMACÊUTICA NACIONAL S/A;60.665.981/0001-18;126290245;01/02/2024;;2024-02-01;;;novo_em_relatorio
XAROPE BENETOSSE;COSMED INDUSTRIA DE COSMETICOS E MEDICAMENTOS S.A.;61.082.426/0002-07;892839252;08/07/2025;;2025-07-08;;;novo_em_relatorio
mirabegrona;Althaia S.A Indústria Farmacêutica;48.344.725/0007-19;94916250;22/01/2025;;2025-01-22;;;novo_em_relatorio
LIDE;BIOLAB SANUS FARMACÊUTICA LTDA;49.475.833/0001-06;1623820243;27/11/2024;;2024-11-27;;;novo_em_relatorio
DIPIRONA SODICA;BELFAR LTDA;18.324.343/0001-77;907883257;11/07/2025;;2025-07-11;;;novo_em_relatorio
VITAMINA D3;BRAINFARMA INDÚSTRIA QUÍMICA E FARMACÊUTICA S.A;05.161.069/0001-10;937240249;09/07/2024;;2024-07-09;;;novo_em_relatorio
PAXIBE;EUROFARMA LABORATÓRIOS S.A.;61.190.096/0001-92;906174252;10/07/2025;;2025-07-10;;;novo_em_relatorio
ESTRADOT;SANDOZ DO BRASIL INDÚSTRIA FARMACÊUTICA LTDA;61.286.647/0001-16;429150245;04/04/2024;;2024-04-04;;;novo_em_relatorio
atorvastatina cálcica;MULTILAB INDUSTRIA E COMERCIO DE PRODUTOS FARMACEUTICOS LTDA;92.265.552/0009-05;921393253;15/07/2025;;2025-07-15;;;novo_em_relatorio
aripiprazol;MULTILAB INDUSTRIA E COMERCIO DE PRODUTOS FARMACEUTICOS LTDA;92.265.552/0009-05;256940258;24/02/2025;;2025-02-24;;;novo_em_relatorio
BMAST;DROXTER INDUSTRIA, COMÉRCIO E PARTICIPAÇÕES LTDA;05.090.043/0001-29;1025372247;26/07/2024;;2024-07-26;;;novo_em_relatorio
temozolomida;BLAU FARMACÊUTICA S.A.;58.430.828/0001-60;1196270244;30/08/2024;;2024-08-30;;;novo_em_relatorio
REKAMBYS;JANSSEN-CILAG FARMACÊUTICA LTDA;51.780.468/0001-87;542554259;23/04/2025;;2025-04-23;;;novo_em_relatorio
vildagliptina;NATCOFARMA DO BRASIL LTDA;08.157.293/0001-27;1004696256;04/08/2025;;2025-08-04;;;novo_em_relatorio
NARCEF;GERMED FARMACEUTICA LTDA;45.992.062/0001-65;1169673252;02/09/2025;;2025-09-02;;;novo_em_relatorio
rivaroxabana;UNIÃO QUÍMICA FARMACÊUTICA NACIONAL S/A;60.665.981/0001-18;674035259;19/05/2025;;2025-05-19;;;novo_em_relatorio
EQUITAM;EUROFARMA LABORATÓRIOS S.A.;61.190.096/0001-92;1297460243;20/09/2024;;2024-09-20;;;novo_em_relatorio
MIOSAN ODT;APSEN FARMACEUTICA S/A;62.462.015/0001-29;138564256;31/01/2025;;2025-01-31;;;novo_em_relatorio
cloridrato de paroxetina;BRAINFARMA INDÚSTRIA QUÍMICA E FARMACÊUTICA S.A;05.161.069/0001-10;152541233;14/02/2023;;2023-02-14;;;novo_em_relatorio
WELIREG;MERCK SHARP & DOHME FARMACEUTICA LTDA.;03.560.974/0001-18;1133931251;22/08/2025;;2025-08-22;;;novo_em_relatorio
LIPITOR;VIATRIS FARMACEUTICA DO BRASIL LTDA;11.643.096/0001-22;525106251;16/04/2025;;2025-04-16;;;novo_em_relatorio
cloridrato de metilfenidato;ADIUM S.A.;55.980.684/0001-27;288972252;28/02/2025;;2025-02-28;;;novo_em_relatorio
cloridrato de ciprofloxacino;MULTILAB INDUSTRIA E COMERCIO DE PRODUTOS FARMACEUTICOS LTDA;92.265.552/0009-05;370935250;19/03/2025;;2025-03-19;;;novo_em_relatorio
hemifumarato de quetiapina;BIOLAB SANUS FARMACÊUTICA LTDA;49.475.833/0001-06;675541255;20/05/2025;;2025-05-20;;;novo_em_relatorio
VEEPI;TORRENT DO BRASIL LTDA;33.078.528/0001-32;922748233;30/08/2023;;2023-08-30;;;novo_em_relatorio
REVERSO;CRISTÁLIA PRODUTOS QUÍMICOS FARMACÊUTICOS LTDA.;44.734.671/0001-51;18967248;08/01/2024;;2024-01-08;;;novo_em_relatorio
BUSCOVERAN COMPOSTO;UNIÃO QUÍMICA FARMACÊUTICA NACIONAL S/A;60.665.981/0001-18;1444366246;21/10/2024;;2024-10-21;;;novo_em_relatorio
UNIANORA;UNIÃO QUÍMICA FARMACÊUTICA NACIONAL S/A;60.665.981/0001-18;1729507247;18/12/2024;;2024-12-18;;;novo_em_relatorio
lamotrigina;Althaia S.A Indústria Farmacêutica;48.344.725/0007-19;843715251;27/06/2025;;2025-06-27;;;novo_em_relatorio
CALMINEX DICLO;COSMED INDUSTRIA DE COSMETICOS E MEDICAMENTOS S.A.;61.082.426/0002-07;1194534252;09/09/2025;;2025-09-09;;;novo_em_relatorio
Crysvita;ULTRAGENYX BRASIL FARMACEUTICA LTDA;27.724.245/0001-18;759010242;06/06/2024;;2024-06-06;;;novo_em_relatorio
vildagliptina;PHARLAB INDÚSTRIA FARMACÊUTICA S.A.;02.501.297/0001-02;1179753259;04/09/2025;;2025-09-04;;;novo_em_relatorio
AKALMESE;AIRELA INDÚSTRIA FARMACÊUTICA LTDA.;01.858.973/0001-29;2454210223;18/04/2022;;2022-04-18;;;novo_em_relatorio
hemitartarato de zolpidem;MULTILAB INDUSTRIA E COMERCIO DE PRODUTOS FARMACEUTICOS LTDA;92.265.552/0009-05;53483251;14/01/2025;;2025-01-14;;;novo_em_relatorio
CRONOCOR;BIOLAB SANUS FARMACÊUTICA LTDA;49.475.833/0001-06;221161252;17/02/2025;;2025-02-17;;;novo_em_relatorio
RELDAPTOS;CIPLA BRASIL IMPORTADORA E DISTRIBUIDORA DE MEDICAMENTOS LTDA;18.268.051/0001-64;127198245;01/02/2024;;2024-02-01;;;novo_em_relatorio
apixabana;SANDOZ DO BRASIL INDÚSTRIA FARMACÊUTICA LTDA;61.286.647/0001-16;1029700231;27/09/2023;;2023-09-27;;;novo_em_relatorio
EDISTRIDE;ASTRAZENECA DO BRASIL LTDA;60.318.797/0001-00;1018569251;07/08/2025;;2025-08-07;;;novo_em_relatorio
NEOSALDINA DIP;COSMED INDUSTRIA DE COSMETICOS E MEDICAMENTOS S.A.;61.082.426/0002-07;629520259;09/05/2025;;2025-05-09;;;novo_em_relatorio
ILUMYA;SUN FARMACÊUTICA DO BRASIL LTDA;05.035.244/0001-23;600508251;05/05/2025;;2025-05-05;;;novo_em_relatorio
besilato de cisatracúrio;FRESENIUS KABI BRASIL LTDA;49.324.221/0001-04;225280256;18/02/2025;;2025-02-18;;;novo_em_relatorio
TRADEP;MULTILAB INDUSTRIA E COMERCIO DE PRODUTOS FARMACEUTICOS LTDA;92.265.552/0009-05;212614258;14/02/2025;;2025-02-14;;;novo_em_relatorio
CEFUROXIMA SÓDICA;BRAINFARMA INDÚSTRIA QUÍMICA E FARMACÊUTICA S.A;05.161.069/0001-10;1666053244;05/12/2024;;2024-12-05;;;novo_em_relatorio
LESSAV;ACHÉ LABORATÓRIOS FARMACÊUTICOS S.A;60.659.463/0029-92;4793690220;07/10/2022;;2022-10-07;;;novo_em_relatorio
ALEKTOS;COSMED INDUSTRIA DE COSMETICOS E MEDICAMENTOS S.A.;61.082.426/0002-07;1187666254;08/09/2025;;2025-09-08;;;novo_em_relatorio
TRIKAFTA;VERTEX FARMACEUTICA DO BRASIL LTDA.;21.798.065/0001-02;587090251;30/04/2025;;2025-04-30;;;novo_em_relatorio
ISOY;FARMOQUÍMICA S/A;33.349.473/0001-58;1680316249;09/12/2024;;2024-12-09;;;novo_em_relatorio
PREDSIM;COSMED INDUSTRIA DE COSMETICOS E MEDICAMENTOS S.A.;61.082.426/0002-07;1185699252;06/09/2025;;2025-09-06;;;novo_em_relatorio
CICLOMIDRIN;CRISTÁLIA PRODUTOS QUÍMICOS FARMACÊUTICOS LTDA.;44.734.671/0001-51;1476999244;28/10/2024;;2024-10-28;;;novo_em_relatorio
LORATADINA;ACHÉ LABORATÓRIOS FARMACÊUTICOS S.A;60.659.463/0029-92;970276257;25/07/2025;;2025-07-25;;;novo_em_relatorio
Sirturo;JANSSEN-CILAG FARMACÊUTICA LTDA;51.780.468/0001-87;693571241;24/05/2024;;2024-05-24;;;novo_em_relatorio
VATIS;LIBBS FARMACÊUTICA LTDA;61.230.314/0001-75;669876259;19/05/2025;;2025-05-19;;;novo_em_relatorio
ALENDRONATO DE SODIO;ACHÉ LABORATÓRIOS FARMACÊUTICOS S.A;60.659.463/0029-92;4959349221;21/11/2022;;2022-11-21;;;novo_em_relatorio
LEVODOPA+CLORIDRATO DE BENSERAZIDA;ACHÉ LABORATÓRIOS FARMACÊUTICOS S.A;60.659.463/0029-92;772362198;24/07/2019;;2019-07-24;;;novo_em_relatorio
mirtazapina;LEGRAND PHARMA INDÚSTRIA FARMACÊUTICA LTDA;05.044.984/0001-26;2537361229;26/04/2022;;2022-04-26;;;novo_em_relatorio
MIODARON;ACHÉ LABORATÓRIOS FARMACÊUTICOS S.A;60.659.463/0029-92;315616198;08/04/2019;;2019-04-08;;;novo_em_relatorio
ZARGUS;ACHÉ LABORATÓRIOS FARMACÊUTICOS S.A;60.659.463/0029-92;1207032255;11/09/2025;;2025-09-11;;;novo_em_relatorio
CLOPIN DUO;ACHÉ LABORATÓRIOS FARMACÊUTICOS S.A;60.659.463/0029-92;356318257;17/03/2025;;2025-03-17;;;novo_em_relatorio
ACETILCISTEINA;ACHÉ LABORATÓRIOS FARMACÊUTICOS S.A;60.659.463/0029-92;67217257;16/01/2025;;2025-01-16;;;novo_em_relatorio
sulfametoxazol + trimetoprima;CIMED INDUSTRIA S.A;02.814.497/0001-07;751273202;12/03/2020;;2020-03-12;;;novo_em_relatorio
sofosbuvir;FUNDAÇÃO OSWALDO CRUZ;33.781.055/0001-35;949579246;11/07/2024;;2024-07-11;;;novo_em_relatorio
Vemlidy;GILEAD SCIENCES FARMACEUTICA DO BRASIL LTDA;15.670.288/0001-89;499603249;19/04/2024;;2024-04-19;;;novo_em_relatorio
rivaroxabana;GERMED FARMACEUTICA LTDA;45.992.062/0001-65;957004257;22/07/2025;;2025-07-22;;;novo_em_relatorio
levonorgestrel;CIFARMA CIENTÍFICA FARMACÊUTICA LTDA;17.562.075/0001-69;1061816249;05/08/2024;;2024-08-05;;;novo_em_relatorio
cloridrato de tansulosina;GERMED FARMACEUTICA LTDA;45.992.062/0001-65;1445533243;21/10/2024;;2024-10-21;;;novo_em_relatorio
malato de sunitinibe;NATCOFARMA DO BRASIL LTDA;08.157.293/0001-27;1339995247;30/09/2024;;2024-09-30;;;novo_em_relatorio
DEWS;UNIÃO QUÍMICA FARMACÊUTICA NACIONAL S/A;60.665.981/0001-18;1651122245;03/12/2024;;2024-12-03;;;novo_em_relatorio
HEVELAIR;BRASTERAPICA PHARMACEUTICA LTDA.;46.179.008/0001-68;356060233;10/04/2023;;2023-04-10;;;novo_em_relatorio
cloridrato de nebivolol;PHARLAB INDÚSTRIA FARMACÊUTICA S.A.;02.501.297/0001-02;794040250;12/06/2025;;2025-06-12;;;novo_em_relatorio
ALPHALIV;MABRA FARMACEUTICA LTDA;09.545.589/0001-88;839314256;26/06/2025;;2025-06-26;;;novo_em_relatorio
CANDESARTANA CILEXETILA;ACHÉ LABORATÓRIOS FARMACÊUTICOS S.A;60.659.463/0029-92;927597250;17/07/2025;;2025-07-17;;;novo_em_relatorio
TAZOMAZ;UNIÃO QUÍMICA FARMACÊUTICA NACIONAL S/A;60.665.981/0001-18;1437624243;18/10/2024;;2024-10-18;;;novo_em_relatorio
ARISTAB;ACHÉ LABORATÓRIOS FARMACÊUTICOS S.A;60.659.463/0029-92;1147399239;23/10/2023;;2023-10-23;;;novo_em_relatorio
Kovaltry;BAYER S.A.;18.459.628/0001-15;1438553234;18/12/2023;;2023-12-18;;;novo_em_relatorio
DIPIRONA SÓDICA;ACHÉ LABORATÓRIOS FARMACÊUTICOS S.A;60.659.463/0029-92;460697251;03/04/2025;;2025-04-03;;;novo_em_relatorio
Fycompa;UNITED MEDICAL LTDA;68.949.239/0001-46;445004258;01/04/2025;;2025-04-01;;;novo_em_relatorio
vacina raiva(inativada);INSTITUTO BUTANTAN;61.821.344/0001-56;1160971251;29/08/2025;;2025-08-29;;;novo_em_relatorio
PLANTABEN;VIATRIS FARMACEUTICA DO BRASIL LTDA;11.643.096/0001-22;838918255;26/06/2025;;2025-06-26;;;novo_em_relatorio
NIVUX;EMS S/A;57.507.378/0003-65;515866253;15/04/2025;;2025-04-15;;;novo_em_relatorio
Exfuno;DR. REDDYS FARMACÊUTICA DO BRASIL LTDA;03.978.166/0001-75;1759941247;26/12/2024;;2024-12-26;;;novo_em_relatorio
Hylo-Comod;FBM INDÚSTRIA FARMACÊUTICA LTDA;02.060.549/0001-05;1069428256;14/08/2025;;2025-08-14;;;novo_em_relatorio
Citoplax;LABORATÓRIO QUÍMICO FARMACÊUTICO BERGAMO LTDA;61.282.661/0001-41;1250659248;11/09/2024;;2024-09-11;;;novo_em_relatorio
Panhematin;RECORDATI RARE DISEASES COMÉRCIO DE MEDICAMENTOS LTDA - ME;53.056.057/0001-79;168961253;06/02/2025;;2025-02-06;;;novo_em_relatorio
losartana potássica+hidroclorotiazida;PRATI DONADUZZI & CIA LTDA;73.856.593/0001-66;354229257;17/03/2025;;2025-03-17;;;novo_em_relatorio
Torgena;PFIZER BRASIL LTDA;61.072.393/0001-33;1058332252;13/08/2025;;2025-08-13;;;novo_em_relatorio
cloridrato de nebivolol;GERMED FARMACEUTICA LTDA;45.992.062/0001-65;109530241;29/01/2024;;2024-01-29;;;novo_em_relatorio
pregabalina;BRAINFARMA INDÚSTRIA QUÍMICA E FARMACÊUTICA S.A;05.161.069/0001-10;12163252;06/01/2025;;2025-01-06;;;novo_em_relatorio
cloridrato de venlafaxina;ZYDUS NIKKHO FARMACÊUTICA LTDA;05.254.971/0001-81;4677951225;12/09/2022;;2022-09-12;;;novo_em_relatorio
AMPICILINA SÓDICA + SULBACTAM SÓDICA;EUGIA PHARMA INDUSTRIA FARMACEUTICA LTDA;44.639.493/0001-80;1757216243;24/12/2024;;2024-12-24;;;novo_em_relatorio
CITONEURIN;PROCTER & GAMBLE DO BRASIL LTDA.;59.476.770/0001-58;433593253;31/03/2025;;2025-03-31;;;novo_em_relatorio
cloridrato de pioglitazona;MULTILAB INDUSTRIA E COMERCIO DE PRODUTOS FARMACEUTICOS LTDA;92.265.552/0009-05;1196034257;09/09/2025;;2025-09-09;;;novo_em_relatorio
BIQUIZ;SUPERA FARMA LABORATÓRIOS S.A;43.312.503/0001-05;1493868241;30/10/2024;;2024-10-30;;;novo_em_relatorio
loratadina;GEOLAB INDÚSTRIA FARMACÊUTICA S/A;03.485.572/0001-04;1766721249;27/12/2024;;2024-12-27;;;novo_em_relatorio
CEFAZOLINA SÓDICA;FRESENIUS KABI BRASIL LTDA;49.324.221/0001-04;1494923246;30/10/2024;;2024-10-30;;;novo_em_relatorio
VACINA COVID-19 (RECOMBINANTE);FUNDAÇÃO OSWALDO CRUZ;33.781.055/0001-35;1190705231;31/10/2023;;2023-10-31;;;novo_em_relatorio
REBLOZYL;BRISTOL-MYERS SQUIBB FARMACÊUTICA LTDA;56.998.982/0001-07;1060310252;13/08/2025;;2025-08-13;;;novo_em_relatorio
Xospata®;ASTELLAS FARMA BRASIL IMPORTAÇÃO E DISTRIBUIÇÃO DE MEDICAMENTOS LTDA.;07.768.134/0001-04;1639219242;29/11/2024;;2024-11-29;;;novo_em_relatorio
hidroclorotiazida;SANOFI MEDLEY FARMACÊUTICA LTDA.;10.588.595/0010-92;228939259;18/02/2025;;2025-02-18;;;novo_em_relatorio
GULSHEN;SUN FARMACÊUTICA DO BRASIL LTDA;05.035.244/0001-23;419184252;27/03/2025;;2025-03-27;;;novo_em_relatorio
MAIZHER;PRATI DONADUZZI & CIA LTDA;73.856.593/0001-66;1705187242;13/12/2024;;2024-12-13;;;novo_em_relatorio
ibuprofeno;Althaia S.A Indústria Farmacêutica;48.344.725/0007-19;1126956252;21/08/2025;;2025-08-21;;;novo_em_relatorio
tinidazol + nitrato de miconazol;EUROFARMA LABORATÓRIOS S.A.;61.190.096/0001-92;897302257;08/07/2025;;2025-07-08;;;novo_em_relatorio
FIXENATO;GERMED FARMACEUTICA LTDA;45.992.062/0001-65;1013342259;06/08/2025;;2025-08-06;;;novo_em_relatorio
piperacilina sódica + tazobactam sódico;FRESENIUS KABI BRASIL LTDA;49.324.221/0001-04;1408151243;14/10/2024;;2024-10-14;;;novo_em_relatorio
NEXTELA;LIBBS FARMACÊUTICA LTDA;61.230.314/0001-75;1087973252;15/08/2025;;2025-08-15;;;novo_em_relatorio
succinato sódico de metilpredinisolona;FRESENIUS KABI BRASIL LTDA;49.324.221/0001-04;3300626226;20/05/2022;;2022-05-20;;;novo_em_relatorio
MEPSEVII;ULTRAGENYX BRASIL FARMACEUTICA LTDA;27.724.245/0001-18;273470248;06/03/2024;;2024-03-06;;;novo_em_relatorio
Cresemba;UNITED MEDICAL LTDA;68.949.239/0001-46;1126994251;21/08/2025;;2025-08-21;;;novo_em_relatorio
TRIPLOA;SUPERA FARMA LABORATÓRIOS S.A;43.312.503/0001-05;1630103241;28/11/2024;;2024-11-28;;;novo_em_relatorio
Enspryng;PRODUTOS ROCHE QUÍMICOS E FARMACÊUTICOS S.A.;33.009.945/0001-23;1025974255;11/08/2025;;2025-08-11;;;novo_em_relatorio
NUVIGIL;TEVA FARMACÊUTICA LTDA.;05.333.542/0001-08;1319245234;24/11/2023;;2023-11-24;;;novo_em_relatorio
Turno SL;EUROFARMA LABORATÓRIOS S.A.;61.190.096/0001-92;231201257;18/02/2025;;2025-02-18;;;novo_em_relatorio
MENOPRIN;CIFARMA CIENTÍFICA FARMACÊUTICA LTDA;17.562.075/0001-69;840533250;26/06/2025;;2025-06-26;;;novo_em_relatorio
Jivi;BAYER S.A.;18.459.628/0001-15;1006143254;05/08/2025;;2025-08-05;;;novo_em_relatorio
LIVANEL;ABBOTT LABORATÓRIOS DO BRASIL LTDA;56.998.701/0001-16;1400011248;11/10/2024;;2024-10-11;;;novo_em_relatorio
KUVAN;BIOMARIN BRASIL FARMACÊUTICA LTDA;08.002.360/0001-34;845994255;27/06/2025;;2025-06-27;;;novo_em_relatorio
ALERGOMINE;CIMED INDUSTRIA S.A;02.814.497/0001-07;423028235;27/04/2023;;2023-04-27;;;novo_em_relatorio
DVITERD3;NATULAB LABORATORIO S.A;02.456.955/0001-83;54763223;04/01/2022;;2022-01-04;;;novo_em_relatorio
FAXXA;GERMED FARMACEUTICA LTDA;45.992.062/0001-65;957383258;22/07/2025;;2025-07-22;;;novo_em_relatorio
cloridrato de ondansetrona;FRESENIUS KABI BRASIL LTDA;49.324.221/0001-04;1081016230;10/10/2023;;2023-10-10;;;novo_em_relatorio
NIDUE;GERMED FARMACEUTICA LTDA;45.992.062/0001-65;538637251;22/04/2025;;2025-04-22;;;novo_em_relatorio
REVESTIVE;TAKEDA PHARMA LTDA.;60.397.775/0001-74;66913250;16/01/2025;;2025-01-16;;;novo_em_relatorio
Sarclisa;SANOFI MEDLEY FARMACÊUTICA LTDA.;10.588.595/0010-92;1164240251;01/09/2025;;2025-09-01;;;novo_em_relatorio
RISPERIDONA;BIOLAB SANUS FARMACÊUTICA LTDA;49.475.833/0001-06;156013258;04/02/2025;;2025-02-04;;;novo_em_relatorio
SUG;BIOLAB SANUS FARMACÊUTICA LTDA;49.475.833/0001-06;1478993243;28/10/2024;;2024-10-28;;;novo_em_relatorio
pemetrexede dissódico;VIATRIS FARMACEUTICA DO BRASIL LTDA;11.643.096/0001-22;2535666227;26/04/2022;;2022-04-26;;;novo_em_relatorio
TORFLAY;LEGRAND PHARMA INDÚSTRIA FARMACÊUTICA LTDA;05.044.984/0001-26;1110286244;14/08/2024;;2024-08-14;;;novo_em_relatorio
ONDAALIVE;LABORATÓRIO GLOBO SA;17.115.437/0001-73;587728256;30/04/2025;;2025-04-30;;;novo_em_relatorio
cloridrato de diltiazem;MULTILAB INDUSTRIA E COMERCIO DE PRODUTOS FARMACEUTICOS LTDA;92.265.552/0009-05;1685640249;10/12/2024;;2024-12-10;;;novo_em_relatorio
esomeprazol magnésico tri-hidratado;MULTILAB INDUSTRIA E COMERCIO DE PRODUTOS FARMACEUTICOS LTDA;92.265.552/0009-05;642028257;13/05/2025;;2025-05-13;;;novo_em_relatorio
DAKTARIN GEL ORAL;KENVUE LTDA.;59.748.988/0001-14;47950242;15/01/2024;;2024-01-15;;;novo_em_relatorio
FUNOK;MULTILAB INDUSTRIA E COMERCIO DE PRODUTOS FARMACEUTICOS LTDA;92.265.552/0009-05;13654250;06/01/2025;;2025-01-06;;;novo_em_relatorio
NAVELBINE;BLANVER FARMOQUIMICA E FARMACEUTICA S.A.;53.359.824/0001-19;790130246;12/06/2024;;2024-06-12;;;novo_em_relatorio
cloridrato de tramadol + paracetamol;GERMED FARMACEUTICA LTDA;45.992.062/0001-65;981104258;29/07/2025;;2025-07-29;;;novo_em_relatorio
cloridrato de donepezila;INSTITUTO BIOCHIMICO INDÚSTRIA FARMACÊUTICA LTDA;33.258.401/0001-03;848185251;28/06/2025;;2025-06-28;;;novo_em_relatorio
MYLICON;KENVUE LTDA.;59.748.988/0001-14;48328243;15/01/2024;;2024-01-15;;;novo_em_relatorio
dimesilato de lisdexanfetamina;MULTILAB INDUSTRIA E COMERCIO DE PRODUTOS FARMACEUTICOS LTDA;92.265.552/0009-05;924036257;16/07/2025;;2025-07-16;;;novo_em_relatorio
RAVUMA;ACHÉ LABORATÓRIOS FARMACÊUTICOS S.A;60.659.463/0029-92;372470238;13/04/2023;;2023-04-13;;;novo_em_relatorio
montelucaste de sódio + dicloridrato de levocetirizina;GLENMARK FARMACÊUTICA LTDA;44.363.661/0001-57;972581251;25/07/2025;;2025-07-25;;;novo_em_relatorio
ALGY GOTAS;VITAMEDIC INDUSTRIA FARMACEUTICA LTDA;30.222.814/0001-31;1709636246;13/12/2024;;2024-12-13;;;novo_em_relatorio
DULCOLAX GOTAS;OPELLA HEALTHCARE BRAZIL LTDA;38.391.432/0001-43;105231240;29/01/2024;;2024-01-29;;;novo_em_relatorio
lactato de milrinona;FARMA VISION IMPORTAÇÃO E EXPORTAÇÃO DE MEDICAMENTOS LTDA;09.058.502/0001-48;1742860249;20/12/2024;;2024-12-20;;;novo_em_relatorio
MOTILIUM;KENVUE LTDA.;59.748.988/0001-14;736772251;30/05/2025;;2025-05-30;;;novo_em_relatorio
OFTALMOX;GEOLAB INDÚSTRIA FARMACÊUTICA S/A;03.485.572/0001-04;990802256;31/07/2025;;2025-07-31;;;novo_em_relatorio
propionato de clobetasol;MULTILAB INDUSTRIA E COMERCIO DE PRODUTOS FARMACEUTICOS LTDA;92.265.552/0009-05;1709791241;13/12/2024;;2024-12-13;;;novo_em_relatorio
ORLADEYO;PINT PHARMA PRODUTOS MEDICO-HOSPITALARES E FARMACEUTICOS LTDA;21.896.000/0001-91;338932259;13/03/2025;;2025-03-13;;;novo_em_relatorio
cloridrato de ondansetrona;GEOLAB INDÚSTRIA FARMACÊUTICA S/A;03.485.572/0001-04;140176250;31/01/2025;;2025-01-31;;;novo_em_relatorio
levetiracetam;GERMED FARMACEUTICA LTDA;45.992.062/0001-65;1477486241;28/10/2024;;2024-10-28;;;novo_em_relatorio
ALLEGRA;OPELLA HEALTHCARE BRAZIL LTDA;38.391.432/0001-43;1225273242;05/09/2024;;2024-09-05;;;novo_em_relatorio
DIPATE;Mawdsleys Pharmaceuticals do Brasil Ltda;19.501.429/0001-90;1694097242;11/12/2024;;2024-12-11;;;novo_em_relatorio
triancinolona acetonida;CIMED INDUSTRIA S.A;02.814.497/0001-07;762696257;05/06/2025;;2025-06-05;;;novo_em_relatorio
DIGLIXX;LABORATÓRIO GLOBO SA;17.115.437/0001-73;1072384256;14/08/2025;;2025-08-14;;;novo_em_relatorio
TOLZA IV;LABORATÓRIO TEUTO BRASILEIRO S/A;17.159.229/0001-76;787128252;11/06/2025;;2025-06-11;;;novo_em_relatorio
AKYNZEO;UNITED MEDICAL LTDA;68.949.239/0001-46;1322535230;27/11/2023;;2023-11-27;;;novo_em_relatorio
PERSUR;COSMED INDUSTRIA DE COSMETICOS E MEDICAMENTOS S.A.;61.082.426/0002-07;964153238;12/09/2023;;2023-09-12;;;novo_em_relatorio
ABRYSVO;PFIZER BRASIL LTDA;61.072.393/0001-33;917904257;15/07/2025;;2025-07-15;;;novo_em_relatorio
ANSIODORON;WELEDA DO BRASIL LABORATÓRIO E FARMÁCIA LTDA;56.992.217/0001-80;1179629256;04/09/2025;;2025-09-04;;;novo_em_relatorio
albendazol;GEOLAB INDÚSTRIA FARMACÊUTICA S/A;03.485.572/0001-04;760179239;21/07/2023;;2023-07-21;;;novo_em_relatorio
OTRIVINA;PF Consumer Healthcare Brazil Importadora e Distribuidora de Medicamentos Ltda;30.872.270/0001-53;836892232;10/08/2023;;2023-08-10;;;novo_em_relatorio
desloratadina;CIFARMA CIENTÍFICA FARMACÊUTICA LTDA;17.562.075/0001-69;661710254;16/05/2025;;2025-05-16;;;novo_em_relatorio
azitromicina di-hidratada;MULTILAB INDUSTRIA E COMERCIO DE PRODUTOS FARMACEUTICOS LTDA;92.265.552/0009-05;1222575248;05/09/2024;;2024-09-05;;;novo_em_relatorio
ADZYNMA;TAKEDA PHARMA LTDA.;60.397.775/0001-74;966414250;24/07/2025;;2025-07-24;;;novo_em_relatorio
FUCSIA MINUS;MULTILAB INDUSTRIA E COMERCIO DE PRODUTOS FARMACEUTICOS LTDA;92.265.552/0009-05;975353250;28/07/2025;;2025-07-28;;;novo_em_relatorio
TAXBAC;VITAMEDIC INDUSTRIA FARMACEUTICA LTDA;30.222.814/0001-31;380933233;17/04/2023;;2023-04-17;;;novo_em_relatorio
FULVAFIT;EUGIA PHARMA INDUSTRIA FARMACEUTICA LTDA;44.639.493/0001-80;943750253;21/07/2025;;2025-07-21;;;novo_em_relatorio
EDIFICAN;ACHÉ LABORATÓRIOS FARMACÊUTICOS S.A;60.659.463/0029-92;839942231;10/08/2023;;2023-08-10;;;novo_em_relatorio
LIRUX;EMS S/A;57.507.378/0003-65;982243251;29/07/2025;;2025-07-29;;;novo_em_relatorio
IBUFLEX;LEGRAND PHARMA INDÚSTRIA FARMACÊUTICA LTDA;05.044.984/0001-26;1472174241;25/10/2024;;2024-10-25;;;novo_em_relatorio
olanzapina;INSTITUTO BIOCHIMICO INDÚSTRIA FARMACÊUTICA LTDA;33.258.401/0001-03;848147251;28/06/2025;;2025-06-28;;;novo_em_relatorio
cloridrato de tramadol;GERMED FARMACEUTICA LTDA;45.992.062/0001-65;1573250;02/01/2025;;2025-01-02;;;novo_em_relatorio
Abraxane;UNITED MEDICAL LTDA;68.949.239/0001-46;922936242;05/07/2024;;2024-07-05;;;novo_em_relatorio
cloridrato de dexmedetomidina;EUGIA PHARMA INDUSTRIA FARMACEUTICA LTDA;44.639.493/0001-80;1390415244;09/10/2024;;2024-10-09;;;novo_em_relatorio
OLMECOR TRIPLO;TORRENT DO BRASIL LTDA;33.078.528/0001-32;515985252;15/04/2025;;2025-04-15;;;novo_em_relatorio
CAPITRAT MEN;KLEY HERTZ FARMACEUTICA S.A;92.695.691/0001-03;1444790234;19/12/2023;;2023-12-19;;;novo_em_relatorio
AIRES;EUROFARMA LABORATÓRIOS S.A.;61.190.096/0001-92;1201877253;10/09/2025;;2025-09-10;;;novo_em_relatorio
rivaroxabana;PHARLAB INDÚSTRIA FARMACÊUTICA S.A.;02.501.297/0001-02;734210256;30/05/2025;;2025-05-30;;;novo_em_relatorio
ENLUTOZA;DR. REDDYS FARMACÊUTICA DO BRASIL LTDA;03.978.166/0001-75;1172365253;03/09/2025;;2025-09-03;;;novo_em_relatorio
FOQ XR;COSMED INDUSTRIA DE COSMETICOS E MEDICAMENTOS S.A.;61.082.426/0002-07;715238256;27/05/2025;;2025-05-27;;;novo_em_relatorio
bissulfato de clopidogrel;BIOLAB SANUS FARMACÊUTICA LTDA;49.475.833/0001-06;53171250;14/01/2025;;2025-01-14;;;novo_em_relatorio
hidroxiureia;BLAU FARMACÊUTICA S.A.;58.430.828/0001-60;494045256;10/04/2025;;2025-04-10;;;novo_em_relatorio
JARDIANCE DUO;BOEHRINGER INGELHEIM DO BRASIL QUÍMICA E FARMACÊUTICA LTDA.;60.831.658/0001-77;665449259;16/05/2025;;2025-05-16;;;novo_em_relatorio
rivaroxabana;BRAINFARMA INDÚSTRIA QUÍMICA E FARMACÊUTICA S.A;05.161.069/0001-10;840856253;26/06/2025;;2025-06-26;;;novo_em_relatorio
RIVNEO;BRAINFARMA INDÚSTRIA QUÍMICA E FARMACÊUTICA S.A;05.161.069/0001-10;840882254;26/06/2025;;2025-06-26;;;novo_em_relatorio
ONDRAU;GEOLAB INDÚSTRIA FARMACÊUTICA S/A;03.485.572/0001-04;976753251;28/07/2025;;2025-07-28;;;novo_em_relatorio
ALGY-FLANDERIL CAPS;VITAMEDIC INDUSTRIA FARMACEUTICA LTDA;30.222.814/0001-31;1694587240;11/12/2024;;2024-12-11;;;novo_em_relatorio
DERMAZINE;CRISTÁLIA PRODUTOS QUÍMICOS FARMACÊUTICOS LTDA.;44.734.671/0001-51;991762258;31/07/2025;;2025-07-31;;;novo_em_relatorio
CAMZYOS;BRISTOL-MYERS SQUIBB FARMACÊUTICA LTDA;56.998.982/0001-07;752560255;03/06/2025;;2025-06-03;;;novo_em_relatorio
maleato de dexclorfeniramina;CIMED INDUSTRIA S.A;02.814.497/0001-07;527064246;22/04/2024;;2024-04-22;;;novo_em_relatorio
simeticona + metilbrometo de homatropina;EMS S/A;57.507.378/0003-65;2704336211;12/07/2021;;2021-07-12;;;novo_em_relatorio
CEBETYM;CIFARMA CIENTÍFICA FARMACÊUTICA LTDA;17.562.075/0001-69;1250169241;11/09/2024;;2024-09-11;;;novo_em_relatorio
Nebic;MULTILAB INDUSTRIA E COMERCIO DE PRODUTOS FARMACEUTICOS LTDA;92.265.552/0009-05;1119658233;18/10/2023;;2023-10-18;;;novo_em_relatorio
DOXPROVIR;EMS S/A;57.507.378/0003-65;1001797256;04/08/2025;;2025-08-04;;;novo_em_relatorio
pregabalina;BIOLAB SANUS FARMACÊUTICA LTDA;49.475.833/0001-06;652947255;14/05/2025;;2025-05-14;;;novo_em_relatorio
MYTRO;MYRALIS INDÚSTRIA FARMACÊUTICA LTDA;17.440.261/0001-25;788816250;11/06/2025;;2025-06-11;;;novo_em_relatorio
MUD ORAL;EUROFARMA LABORATÓRIOS S.A.;61.190.096/0001-92;744868246;04/06/2024;;2024-06-04;;;novo_em_relatorio
hemitartarato de zolpidem;GERMED FARMACEUTICA LTDA;45.992.062/0001-65;53055250;14/01/2025;;2025-01-14;;;novo_em_relatorio
axetilcefuroxima;EUROFARMA LABORATÓRIOS S.A.;61.190.096/0001-92;798901241;14/06/2024;;2024-06-14;;;novo_em_relatorio
desogestrel + etinilestradiol;ACHÉ LABORATÓRIOS FARMACÊUTICOS S.A;60.659.463/0029-92;4750786225;28/09/2022;;2022-09-28;;;novo_em_relatorio
DESTYC;EPHAR PESQUISA E DESENVOLVIMENTO LTDA;36.130.126/0001-28;808695240;17/06/2024;;2024-06-17;;;novo_em_relatorio
HEXOMEDINE;COSMED INDUSTRIA DE COSMETICOS E MEDICAMENTOS S.A.;61.082.426/0002-07;1244697249;10/09/2024;;2024-09-10;;;novo_em_relatorio
cloridrato de ciclobenzaprina;GERMED FARMACEUTICA LTDA;45.992.062/0001-65;517087251;15/04/2025;;2025-04-15;;;novo_em_relatorio
cloridrato de olopatadina;RANBAXY FARMACÊUTICA LTDA;73.663.650/0001-90;749535253;03/06/2025;;2025-06-03;;;novo_em_relatorio
ZOLOFT;VIATRIS FARMACEUTICA DO BRASIL LTDA;11.643.096/0001-22;940944251;21/07/2025;;2025-07-21;;;novo_em_relatorio
FLORATIL;FARMOQUÍMICA S/A;33.349.473/0001-58;216034256;14/02/2025;;2025-02-14;;;novo_em_relatorio
IBUFRAN;BRAINFARMA INDÚSTRIA QUÍMICA E FARMACÊUTICA S.A;05.161.069/0001-10;255897243;01/03/2024;;2024-03-01;;;novo_em_relatorio
cloridrato de ciclobenzaprina;EMS S/A;57.507.378/0003-65;519519256;16/04/2025;;2025-04-16;;;novo_em_relatorio
KYNTHEUM;LEO PHARMA LTDA;11.424.477/0001-10;1172423253;03/09/2025;;2025-09-03;;;novo_em_relatorio
cloridrato de donepezila + cloridrato de memantina;EMS S/A;57.507.378/0003-65;207095256;13/02/2025;;2025-02-13;;;novo_em_relatorio
NESINA;COSMED INDUSTRIA DE COSMETICOS E MEDICAMENTOS S.A.;61.082.426/0002-07;1362905241;03/10/2024;;2024-10-03;;;novo_em_relatorio
Inovelon;UNITED MEDICAL LTDA;68.949.239/0001-46;1346525234;29/11/2023;;2023-11-29;;;novo_em_relatorio
POEMMY;LIBBS FARMACÊUTICA LTDA;61.230.314/0001-75;815390254;18/06/2025;;2025-06-18;;;novo_em_relatorio
secnidazol;LABORATÓRIO GLOBO SA;17.115.437/0001-73;992148251;31/07/2025;;2025-07-31;;;novo_em_relatorio
CLORETO DE SÓDIO;HYPOFARMA - INSTITUTO DE HYPODERMIA E FARMÁCIA LTDA;17.174.657/0001-78;1717097243;16/12/2024;;2024-12-16;;;novo_em_relatorio
Cresemba;UNITED MEDICAL LTDA;68.949.239/0001-46;1126960250;21/08/2025;;2025-08-21;;;novo_em_relatorio
nimesulida;LABORATÓRIO GLOBO SA;17.115.437/0001-73;753696258;04/06/2025;;2025-06-04;;;novo_em_relatorio
Hemifumarato de Quetiapina;AUROBINDO PHARMA INDÚSTRIA FARMACÊUTICA LIMITADA;04.301.884/0001-75;528000250;17/04/2025;;2025-04-17;;;novo_em_relatorio
alopurinol;NOVARTIS BIOCIENCIAS S.A;56.994.502/0001-30;826753256;23/06/2025;;2025-06-23;;;novo_em_relatorio
CETOPROFENO;HIPOLABOR FARMACEUTICA LTDA;19.570.720/0001-10;1450270247;22/10/2024;;2024-10-22;;;novo_em_relatorio
LEG;EUROFARMA LABORATÓRIOS S.A.;61.190.096/0001-92;1140291254;25/08/2025;;2025-08-25;;;novo_em_relatorio
besilato de levanlodipino;LEGRAND PHARMA INDÚSTRIA FARMACÊUTICA LTDA;05.044.984/0001-26;4266986220;07/06/2022;;2022-06-07;;;novo_em_relatorio
hemitartarato de zolpidem;BIOLAB SANUS FARMACÊUTICA LTDA;49.475.833/0001-06;1176103245;27/08/2024;;2024-08-27;;;novo_em_relatorio
bissulfato de clopidogrel;GERMED FARMACEUTICA LTDA;45.992.062/0001-65;347168256;14/03/2025;;2025-03-14;;;novo_em_relatorio
HERMAB;EUROFARMA LABORATÓRIOS S.A.;61.190.096/0001-92;1601311249;22/11/2024;;2024-11-22;;;novo_em_relatorio
fenofibrato;CIMED INDUSTRIA S.A;02.814.497/0001-07;2358262206;20/07/2020;;2020-07-20;;;novo_em_relatorio
CLORIDRATO DE BUPROPIONA;GERMED FARMACEUTICA LTDA;45.992.062/0001-65;857791257;30/06/2025;;2025-06-30;;;novo_em_relatorio
acetato de abiraterona;SUN FARMACÊUTICA DO BRASIL LTDA;05.035.244/0001-23;797398252;13/06/2025;;2025-06-13;;;novo_em_relatorio
Glivance XR;MERCK S/A;33.069.212/0001-84;635202255;12/05/2025;;2025-05-12;;;novo_em_relatorio
NINLARO;TAKEDA PHARMA LTDA.;60.397.775/0001-74;1159274258;29/08/2025;;2025-08-29;;;novo_em_relatorio
ENEMIN;KLEY HERTZ FARMACEUTICA S.A;92.695.691/0001-03;1380166233;05/12/2023;;2023-12-05;;;novo_em_relatorio
estriol;BIOLAB SANUS FARMACÊUTICA LTDA;49.475.833/0001-06;1571127241;14/11/2024;;2024-11-14;;;novo_em_relatorio
GLICOFISIOLÓGICO;FARMARIN INDUSTRIA E COMERCIO LTDA;58.635.830/0001-75;1045470236;02/10/2023;;2023-10-02;;;novo_em_relatorio
Fenofibrato;BRAINFARMA INDÚSTRIA QUÍMICA E FARMACÊUTICA S.A;05.161.069/0001-10;458491250;03/04/2025;;2025-04-03;;;novo_em_relatorio
Nuit flash;BIOLAB SANUS FARMACÊUTICA LTDA;49.475.833/0001-06;43571255;13/01/2025;;2025-01-13;;;novo_em_relatorio
hemitartarato de zolpidem;BRAINFARMA INDÚSTRIA QUÍMICA E FARMACÊUTICA S.A;05.161.069/0001-10;153206233;14/02/2023;;2023-02-14;;;novo_em_relatorio
letrozol;SUN FARMACÊUTICA DO BRASIL LTDA;05.035.244/0001-23;1688182241;10/12/2024;;2024-12-10;;;novo_em_relatorio
LOZAN;LABORATÓRIO TEUTO BRASILEIRO S/A;17.159.229/0001-76;1639165240;29/11/2024;;2024-11-29;;;novo_em_relatorio
linezolida;HYPOFARMA - INSTITUTO DE HYPODERMIA E FARMÁCIA LTDA;17.174.657/0001-78;225321254;18/02/2025;;2025-02-18;;;novo_em_relatorio
dipirona monohidratada;LEGRAND PHARMA INDÚSTRIA FARMACÊUTICA LTDA;05.044.984/0001-26;443872252;01/04/2025;;2025-04-01;;;novo_em_relatorio
Salonpas Adesivo;HISAMITSU FARMACÊUTICA DO BRASIL LTDA;49.383.250/0001-47;1222651246;05/09/2024;;2024-09-05;;;novo_em_relatorio
sinvastatina;GERMED FARMACEUTICA LTDA;45.992.062/0001-65;548683255;23/04/2025;;2025-04-23;;;novo_em_relatorio
meloxicam;CIMED INDUSTRIA S.A;02.814.497/0001-07;563030241;29/04/2024;;2024-04-29;;;novo_em_relatorio
celecoxibe;ZYDUS NIKKHO FARMACÊUTICA LTDA;05.254.971/0001-81;831538236;09/08/2023;;2023-08-09;;;novo_em_relatorio
BORTEZOMIBE;SUN FARMACÊUTICA DO BRASIL LTDA;05.035.244/0001-23;1617397245;26/11/2024;;2024-11-26;;;novo_em_relatorio
Risedronato sódico;Althaia S.A Indústria Farmacêutica;48.344.725/0007-19;94115257;22/01/2025;;2025-01-22;;;novo_em_relatorio
SUPRENIQ;TEVA FARMACÊUTICA LTDA.;05.333.542/0001-08;1032629240;29/07/2024;;2024-07-29;;;novo_em_relatorio
meloxicam;CELLERA FARMACÊUTICA S.A.;33.173.097/0002-74;1027454259;11/08/2025;;2025-08-11;;;novo_em_relatorio
PANT SEC;ACHÉ LABORATÓRIOS FARMACÊUTICOS S.A;60.659.463/0029-92;375740252;20/03/2025;;2025-03-20;;;novo_em_relatorio
claritromicina;MANDALA BRASIL IMPORTAÇÃO E DISTRIBUIÇÃO DE PRODUTO MÉDICO HOSPITALAR LTDA;09.117.476/0001-81;1010572253;06/08/2025;;2025-08-06;;;novo_em_relatorio
FLUX SR;BIOLAB SANUS FARMACÊUTICA LTDA;49.475.833/0001-06;542883244;24/04/2024;;2024-04-24;;;novo_em_relatorio
TEROCOXI;CRISTÁLIA PRODUTOS QUÍMICOS FARMACÊUTICOS LTDA.;44.734.671/0001-51;779074254;10/06/2025;;2025-06-10;;;novo_em_relatorio
BUSCODUO;COSMED INDUSTRIA DE COSMETICOS E MEDICAMENTOS S.A.;61.082.426/0002-07;673568237;30/06/2023;;2023-06-30;;;novo_em_relatorio
XANTINON COMPLEX;UNIÃO QUÍMICA FARMACÊUTICA NACIONAL S/A;60.665.981/0001-18;579401251;29/04/2025;;2025-04-29;;;novo_em_relatorio
DORSANOL;MULTILAB INDUSTRIA E COMERCIO DE PRODUTOS FARMACEUTICOS LTDA;92.265.552/0009-05;1723661244;17/12/2024;;2024-12-17;;;novo_em_relatorio
IMMUNATE;TAKEDA PHARMA LTDA.;60.397.775/0001-74;118994247;31/01/2024;;2024-01-31;;;novo_em_relatorio
bicalutamida;BLAU FARMACÊUTICA S.A.;58.430.828/0001-60;1153889242;22/08/2024;;2024-08-22;;;novo_em_relatorio
EFEXOR;VIATRIS FARMACEUTICA DO BRASIL LTDA;11.643.096/0001-22;1083987241;08/08/2024;;2024-08-08;;;novo_em_relatorio
ACLAF;LABORATÓRIO FARMACÊUTICO ELOFAR LTDA;83.874.628/0001-43;1286203244;18/09/2024;;2024-09-18;;;novo_em_relatorio
ARTRINID IV;UNIÃO QUÍMICA FARMACÊUTICA NACIONAL S/A;60.665.981/0001-18;93938250;22/01/2025;;2025-01-22;;;novo_em_relatorio
SONIC;EUROFARMA LABORATÓRIOS S.A.;61.190.096/0001-92;569879256;28/04/2025;;2025-04-28;;;novo_em_relatorio
acetato de abiraterona;TEVA FARMACÊUTICA LTDA.;05.333.542/0001-08;204555248;21/02/2024;;2024-02-21;;;novo_em_relatorio
ATLANSIL;SANOFI MEDLEY FARMACÊUTICA LTDA.;10.588.595/0010-92;1726316246;18/12/2024;;2024-12-18;;;novo_em_relatorio
cloridrato de duloxetina;GEOLAB INDÚSTRIA FARMACÊUTICA S/A;03.485.572/0001-04;1004046251;04/08/2025;;2025-08-04;;;novo_em_relatorio
CyPcino;CIFARMA CIENTÍFICA FARMACÊUTICA LTDA;17.562.075/0001-69;1157202250;29/08/2025;;2025-08-29;;;novo_em_relatorio
BLOQUERON;LABORATORIOS B. BRAUN S/A;31.673.254/0001-02;1132531241;19/08/2024;;2024-08-19;;;novo_em_relatorio
ZIEXTENZO;SANDOZ DO BRASIL INDÚSTRIA FARMACÊUTICA LTDA;61.286.647/0001-16;85657255;21/01/2025;;2025-01-21;;;novo_em_relatorio
KESIMPTA;NOVARTIS BIOCIENCIAS S.A;56.994.502/0001-30;220941254;17/02/2025;;2025-02-17;;;novo_em_relatorio
CANEPHRON;BIONORICA DO BRASIL DISTRIBUICAO E IMPORTACAO LTDA;19.585.186/0001-16;784739251;11/06/2025;;2025-06-11;;;novo_em_relatorio
ORFADIN;INNOVATIVE MEDICINES BRASIL SP DISTRIBUICAO DE MEDICAMENTOS LTDA;21.810.980/0001-68;1112435247;14/08/2024;;2024-08-14;;;novo_em_relatorio
NAPRONAX;BRAINFARMA INDÚSTRIA QUÍMICA E FARMACÊUTICA S.A;05.161.069/0001-10;1351637240;02/10/2024;;2024-10-02;;;novo_em_relatorio
prednisona;LABORATÓRIO GLOBO SA;17.115.437/0001-73;1351490249;02/10/2024;;2024-10-02;;;novo_em_relatorio
cloridrato de tansulosina;BRAINFARMA INDÚSTRIA QUÍMICA E FARMACÊUTICA S.A;05.161.069/0001-10;1354730232;30/11/2023;;2023-11-30;;;novo_em_relatorio
CLORIDRATO DE CEFEPIMA;FRESENIUS KABI BRASIL LTDA;49.324.221/0001-04;1723021245;17/12/2024;;2024-12-17;;;novo_em_relatorio
TANDERALGIN;CELLERA FARMACÊUTICA S.A.;33.173.097/0002-74;1143259246;20/08/2024;;2024-08-20;;;novo_em_relatorio
azacitidina;NATCOFARMA DO BRASIL LTDA;08.157.293/0001-27;379355256;20/03/2025;;2025-03-20;;;novo_em_relatorio
ÁPICE;SUPERA FARMA LABORATÓRIOS S.A;43.312.503/0001-05;1556350244;12/11/2024;;2024-11-12;;;novo_em_relatorio
LIMIAR;EUROFARMA LABORATÓRIOS S.A.;61.190.096/0001-92;327201240;15/03/2024;;2024-03-15;;;novo_em_relatorio
NEOCOPAN COMPOSTO;UNIÃO QUÍMICA FARMACÊUTICA NACIONAL S/A;60.665.981/0001-18;1347971246;01/10/2024;;2024-10-01;;;novo_em_relatorio
hemifumarato de quetiapina;BRAINFARMA INDÚSTRIA QUÍMICA E FARMACÊUTICA S.A;05.161.069/0001-10;4982387222;25/11/2022;;2022-11-25;;;novo_em_relatorio
Arpejo;EMS S/A;57.507.378/0003-65;59646250;15/01/2025;;2025-01-15;;;novo_em_relatorio
BENESTARE;ASPEN PHARMA INDÚSTRIA FARMACÊUTICA LTDA;02.433.631/0001-20;4567471229;17/08/2022;;2022-08-17;;;novo_em_relatorio
FERTNON;CIFARMA CIENTÍFICA FARMACÊUTICA LTDA;17.562.075/0001-69;747668256;03/06/2025;;2025-06-03;;;novo_em_relatorio
Roxetin;CRISTÁLIA PRODUTOS QUÍMICOS FARMACÊUTICOS LTDA.;44.734.671/0001-51;767072251;06/06/2025;;2025-06-06;;;novo_em_relatorio
UNIFLU;UNIÃO QUÍMICA FARMACÊUTICA NACIONAL S/A;60.665.981/0001-18;365912255;18/03/2025;;2025-03-18;;;novo_em_relatorio
Monboc;EMS S/A;57.507.378/0003-65;1357010249;02/10/2024;;2024-10-02;;;novo_em_relatorio
OPONAP®;Camber Farmaceutica Ltda;24.633.934/0001-29;163006253;05/02/2025;;2025-02-05;;;novo_em_relatorio
VIZURIA;EXELTIS LABORATORIO FARMACEUTICO LTDA;19.136.432/0001-52;1632192241;28/11/2024;;2024-11-28;;;novo_em_relatorio
VOLIG;LEGRAND PHARMA INDÚSTRIA FARMACÊUTICA LTDA;05.044.984/0001-26;122545257;28/01/2025;;2025-01-28;;;novo_em_relatorio
mesilato de imatinibe;SUN FARMACÊUTICA DO BRASIL LTDA;05.035.244/0001-23;844554251;27/06/2025;;2025-06-27;;;novo_em_relatorio
cloridrato de dexmedetomidina;SANVAL COMERCIO E INDUSTRIA LTDA;61.068.755/0007-08;1740398246;20/12/2024;;2024-12-20;;;novo_em_relatorio
MELLERIL;MEDQUIMICA INDUSTRIA FARMACEUTICA LTDA.;17.875.154/0001-20;575291231;06/06/2023;;2023-06-06;;;novo_em_relatorio
EZHYUM;BRAINFARMA INDÚSTRIA QUÍMICA E FARMACÊUTICA S.A;05.161.069/0001-10;1737623242;19/12/2024;;2024-12-19;;;novo_em_relatorio
AILUK;GLENMARK FARMACÊUTICA LTDA;44.363.661/0001-57;737305258;30/05/2025;;2025-05-30;;;novo_em_relatorio
MIRADOR CÓLICA;BRAINFARMA INDÚSTRIA QUÍMICA E FARMACÊUTICA S.A;05.161.069/0001-10;710693231;11/07/2023;;2023-07-11;;;novo_em_relatorio
axetilcefuroxima;LABORATÓRIO TEUTO BRASILEIRO S/A;17.159.229/0001-76;882230247;27/06/2024;;2024-06-27;;;novo_em_relatorio
TOTTI SL;ACHÉ LABORATÓRIOS FARMACÊUTICOS S.A;60.659.463/0029-92;397085231;20/04/2023;;2023-04-20;;;novo_em_relatorio
XANEV;VIATRIS FARMACEUTICA DO BRASIL LTDA;11.643.096/0001-22;99303256;23/01/2025;;2025-01-23;;;novo_em_relatorio
captopril;INSTITUTO BIOCHIMICO INDÚSTRIA FARMACÊUTICA LTDA;33.258.401/0001-03;1117080251;19/08/2025;;2025-08-19;;;novo_em_relatorio
FEMINIQUE 30;ACHÉ LABORATÓRIOS FARMACÊUTICOS S.A;60.659.463/0029-92;165610255;06/02/2025;;2025-02-06;;;novo_em_relatorio
ibuprofeno;COLBRÁS INDÚSTRIA E COMÉRCIO LTDA;00.413.925/0001-64;438915259;31/03/2025;;2025-03-31;;;novo_em_relatorio
succinato de solifenacina;MULTILAB INDUSTRIA E COMERCIO DE PRODUTOS FARMACEUTICOS LTDA;92.265.552/0009-05;571381251;28/04/2025;;2025-04-28;;;novo_em_relatorio
piperacilina sódica + tazobactam sódico;EUGIA PHARMA INDUSTRIA FARMACEUTICA LTDA;44.639.493/0001-80;1326400240;26/09/2024;;2024-09-26;;;novo_em_relatorio
cloridrato de paroxetina;INSTITUTO BIOCHIMICO INDÚSTRIA FARMACÊUTICA LTDA;33.258.401/0001-03;1026202256;11/08/2025;;2025-08-11;;;novo_em_relatorio
benzilpenicilina benzatina;EUROFARMA LABORATÓRIOS S.A.;61.190.096/0001-92;871325250;03/07/2025;;2025-07-03;;;novo_em_relatorio
DORALGINA;BRAINFARMA INDÚSTRIA QUÍMICA E FARMACÊUTICA S.A;05.161.069/0001-10;68535244;18/01/2024;;2024-01-18;;;novo_em_relatorio
REZZAYO;MUNDIPHARMA BRASIL PRODUTOS MÉDICOS E FARMACÊUTICOS LTDA;15.127.898/0001-30;1742502245;20/12/2024;;2024-12-20;;;novo_em_relatorio
COMFECT;ACHÉ LABORATÓRIOS FARMACÊUTICOS S.A;60.659.463/0029-92;706658256;26/05/2025;;2025-05-26;;;novo_em_relatorio
IVECTE;VITAMEDIC INDUSTRIA FARMACEUTICA LTDA;30.222.814/0001-31;235252255;19/02/2025;;2025-02-19;;;novo_em_relatorio
tosilato de sorafenibe;ACCORD FARMACÊUTICA LTDA;64.171.697/0001-46;647526247;15/05/2024;;2024-05-15;;;novo_em_relatorio
LEPS ER;TORRENT DO BRASIL LTDA;33.078.528/0001-32;191978256;11/02/2025;;2025-02-11;;;novo_em_relatorio
risperidona;MULTILAB INDUSTRIA E COMERCIO DE PRODUTOS FARMACEUTICOS LTDA;92.265.552/0009-05;121761258;28/01/2025;;2025-01-28;;;novo_em_relatorio
levotiroxina sódica;MERCK S/A;33.069.212/0001-84;1681040247;09/12/2024;;2024-12-09;;;novo_em_relatorio
Hipovit B;HIPOLABOR FARMACEUTICA LTDA;19.570.720/0001-10;1457691248;23/10/2024;;2024-10-23;;;novo_em_relatorio
VALERIANA LABORATÓRIOS OSÓRIO DE MORAES;LABORATÓRIOS OSÓRIO DE MORAES LTDA;19.791.813/0001-75;445414251;01/04/2025;;2025-04-01;;;novo_em_relatorio
amoxicilina triidratada;MULTILAB INDUSTRIA E COMERCIO DE PRODUTOS FARMACEUTICOS LTDA;92.265.552/0009-05;966995252;24/07/2025;;2025-07-24;;;novo_em_relatorio
valsartana + hidroclorotiazida;MULTILAB INDUSTRIA E COMERCIO DE PRODUTOS FARMACEUTICOS LTDA;92.265.552/0009-05;1803255;02/01/2025;;2025-01-02;;;novo_em_relatorio
LIPISTATINA;MULTILAB INDUSTRIA E COMERCIO DE PRODUTOS FARMACEUTICOS LTDA;92.265.552/0009-05;977358259;28/07/2025;;2025-07-28;;;novo_em_relatorio
ORLIBESI;MULTILAB INDUSTRIA E COMERCIO DE PRODUTOS FARMACEUTICOS LTDA;92.265.552/0009-05;563752246;29/04/2024;;2024-04-29;;;novo_em_relatorio
Propionato de clobetasol;MULTILAB INDUSTRIA E COMERCIO DE PRODUTOS FARMACEUTICOS LTDA;92.265.552/0009-05;81125259;20/01/2025;;2025-01-20;;;novo_em_relatorio
COMBIWAVE;GLENMARK FARMACÊUTICA LTDA;44.363.661/0001-57;455167249;10/04/2024;;2024-04-10;;;novo_em_relatorio
CATAFLAMPRO;PF Consumer Healthcare Brazil Importadora e Distribuidora de Medicamentos Ltda;30.872.270/0001-53;579594254;29/04/2025;;2025-04-29;;;novo_em_relatorio
NEVRALGEX DC;CIMED INDUSTRIA S.A;02.814.497/0001-07;1397186232;08/12/2023;;2023-12-08;;;novo_em_relatorio
Niflag;MULTILAB INDUSTRIA E COMERCIO DE PRODUTOS FARMACEUTICOS LTDA;92.265.552/0009-05;755873254;04/06/2025;;2025-06-04;;;novo_em_relatorio
KAODINE;GEOLAB INDÚSTRIA FARMACÊUTICA S/A;03.485.572/0001-04;969737238;13/09/2023;;2023-09-13;;;novo_em_relatorio
levetiracetam;TORRENT DO BRASIL LTDA;33.078.528/0001-32;88729249;24/01/2024;;2024-01-24;;;novo_em_relatorio
NISTATINA + ÓXIDO DE ZINCO;MULTILAB INDUSTRIA E COMERCIO DE PRODUTOS FARMACEUTICOS LTDA;92.265.552/0009-05;1707113246;13/12/2024;;2024-12-13;;;novo_em_relatorio
XAGLUSEF;DR. REDDYS FARMACÊUTICA DO BRASIL LTDA;03.978.166/0001-75;532115252;17/04/2025;;2025-04-17;;;novo_em_relatorio
OLANEXYN;ACHÉ LABORATÓRIOS FARMACÊUTICOS S.A;60.659.463/0029-92;416738257;27/03/2025;;2025-03-27;;;novo_em_relatorio
cloridrato de ciprofloxacino;MULTILAB INDUSTRIA E COMERCIO DE PRODUTOS FARMACEUTICOS LTDA;92.265.552/0009-05;371474256;19/03/2025;;2025-03-19;;;novo_em_relatorio
hemifumarato de bisoprolol;MULTILAB INDUSTRIA E COMERCIO DE PRODUTOS FARMACEUTICOS LTDA;92.265.552/0009-05;966395255;24/07/2025;;2025-07-24;;;novo_em_relatorio
acetato de abiraterona;GLENMARK FARMACÊUTICA LTDA;44.363.661/0001-57;1582239240;19/11/2024;;2024-11-19;;;novo_em_relatorio
TERZA;EUROFARMA LABORATÓRIOS S.A.;61.190.096/0001-92;999310259;01/08/2025;;2025-08-01;;;novo_em_relatorio
SOANZA XR;ACHÉ LABORATÓRIOS FARMACÊUTICOS S.A;60.659.463/0029-92;7287513218;16/12/2021;;2021-12-16;;;novo_em_relatorio
acetato de icatibanto;CIPLA BRASIL IMPORTADORA E DISTRIBUIDORA DE MEDICAMENTOS LTDA;18.268.051/0001-64;835372251;25/06/2025;;2025-06-25;;;novo_em_relatorio
BIVOLET;BIOLAB SANUS FARMACÊUTICA LTDA;49.475.833/0001-06;1144399254;26/08/2025;;2025-08-26;;;novo_em_relatorio
TEPEV FF;EMS S/A;57.507.378/0003-65;1333135238;28/11/2023;;2023-11-28;;;novo_em_relatorio
vildagliptina;BRAINFARMA INDÚSTRIA QUÍMICA E FARMACÊUTICA S.A;05.161.069/0001-10;1194224253;09/09/2025;;2025-09-09;;;novo_em_relatorio
PROMETAZOL;HIPOLABOR FARMACEUTICA LTDA;19.570.720/0001-10;1476687242;28/10/2024;;2024-10-28;;;novo_em_relatorio
PIVAST;EUROFARMA LABORATÓRIOS S.A.;61.190.096/0001-92;428330258;28/03/2025;;2025-03-28;;;novo_em_relatorio
CORTITOP;MULTILAB INDUSTRIA E COMERCIO DE PRODUTOS FARMACEUTICOS LTDA;92.265.552/0009-05;365191256;18/03/2025;;2025-03-18;;;novo_em_relatorio
NUANCE;EUROFARMA LABORATÓRIOS S.A.;61.190.096/0001-92;1655613243;04/12/2024;;2024-12-04;;;novo_em_relatorio
DARVYR;CRISTÁLIA PRODUTOS QUÍMICOS FARMACÊUTICOS LTDA.;44.734.671/0001-51;630864250;09/05/2025;;2025-05-09;;;novo_em_relatorio
KOSELUGO;ASTRAZENECA DO BRASIL LTDA;60.318.797/0001-00;985180251;30/07/2025;;2025-07-30;;;novo_em_relatorio
TENSALIV;BRAINFARMA INDÚSTRIA QUÍMICA E FARMACÊUTICA S.A;05.161.069/0001-10;1443957241;21/10/2024;;2024-10-21;;;novo_em_relatorio
VABYSMO;PRODUTOS ROCHE QUÍMICOS E FARMACÊUTICOS S.A.;33.009.945/0001-23;773819258;09/06/2025;;2025-06-09;;;novo_em_relatorio
Vivencia Patch;ACHÉ LABORATÓRIOS FARMACÊUTICOS S.A;60.659.463/0029-92;1020301252;08/08/2025;;2025-08-08;;;novo_em_relatorio
docetaxel;BLAU FARMACÊUTICA S.A.;58.430.828/0001-60;421231254;27/03/2025;;2025-03-27;;;novo_em_relatorio
sulfato de polimixina B;BLAU FARMACÊUTICA S.A.;58.430.828/0001-60;488072255;09/04/2025;;2025-04-09;;;novo_em_relatorio
Cloridrato de tramadol + paracetamol;BRAINFARMA INDÚSTRIA QUÍMICA E FARMACÊUTICA S.A;05.161.069/0001-10;1165799235;25/10/2023;;2023-10-25;;;novo_em_relatorio
ALPES XL;SUPERA FARMA LABORATÓRIOS S.A;43.312.503/0001-05;1084955253;15/08/2025;;2025-08-15;;;novo_em_relatorio
cloridrato de bupropiona;EUROFARMA LABORATÓRIOS S.A.;61.190.096/0001-92;1008544256;05/08/2025;;2025-08-05;;;novo_em_relatorio
cetoprofeno;UNIÃO QUÍMICA FARMACÊUTICA NACIONAL S/A;60.665.981/0001-18;1578564247;18/11/2024;;2024-11-18;;;novo_em_relatorio
fosfato dissódico de betametasona + dipropionato de betametasona;UNIÃO QUÍMICA FARMACÊUTICA NACIONAL S/A;60.665.981/0001-18;466508255;04/04/2025;;2025-04-04;;;novo_em_relatorio
VALIUM;BELFAR LTDA;18.324.343/0001-77;693017252;23/05/2025;;2025-05-23;;;novo_em_relatorio
ONCILEG CORT;LEGRAND PHARMA INDÚSTRIA FARMACÊUTICA LTDA;05.044.984/0001-26;86253239;27/01/2023;;2023-01-27;;;novo_em_relatorio
MELIK;ACHÉ LABORATÓRIOS FARMACÊUTICOS S.A;60.659.463/0029-92;281588236;21/03/2023;;2023-03-21;;;novo_em_relatorio
succinato de desvenlafaxina monoidratado;PHARLAB INDÚSTRIA FARMACÊUTICA S.A.;02.501.297/0001-02;284682250;28/02/2025;;2025-02-28;;;novo_em_relatorio
NOVOTRAM PAR;COSMED INDUSTRIA DE COSMETICOS E MEDICAMENTOS S.A.;61.082.426/0002-07;1165794233;25/10/2023;;2023-10-25;;;novo_em_relatorio
BUSCOFEM;COSMED INDUSTRIA DE COSMETICOS E MEDICAMENTOS S.A.;61.082.426/0002-07;759879231;21/07/2023;;2023-07-21;;;novo_em_relatorio
XENPOZYME;SANOFI MEDLEY FARMACÊUTICA LTDA.;10.588.595/0010-92;664566251;16/05/2025;;2025-05-16;;;novo_em_relatorio
VITAMINA D3;UNIÃO QUÍMICA FARMACÊUTICA NACIONAL S/A;60.665.981/0001-18;511461241;22/04/2024;;2024-04-22;;;novo_em_relatorio
FAMOX;ACHÉ LABORATÓRIOS FARMACÊUTICOS S.A;60.659.463/0029-92;384953247;27/03/2024;;2024-03-27;;;novo_em_relatorio
micafungina sódica;ACCORD FARMACÊUTICA LTDA;64.171.697/0001-46;941918254;21/07/2025;;2025-07-21;;;novo_em_relatorio
trometamol cetorolaco;Althaia S.A Indústria Farmacêutica;48.344.725/0007-19;1126926256;21/08/2025;;2025-08-21;;;novo_em_relatorio
EMGALITY;LIBBS FARMACÊUTICA LTDA;61.230.314/0001-75;14225247;05/01/2024;;2024-01-05;;;novo_em_relatorio
COLPOTROFINE;FARMA VISION IMPORTAÇÃO E EXPORTAÇÃO DE MEDICAMENTOS LTDA;09.058.502/0001-48;273482246;06/03/2024;;2024-03-06;;;novo_em_relatorio
EZETIMIBA;MULTILAB INDUSTRIA E COMERCIO DE PRODUTOS FARMACEUTICOS LTDA;92.265.552/0009-05;1042557250;12/08/2025;;2025-08-12;;;novo_em_relatorio
dipirona monoidratada;MULTILAB INDUSTRIA E COMERCIO DE PRODUTOS FARMACEUTICOS LTDA;92.265.552/0009-05;443896259;01/04/2025;;2025-04-01;;;novo_em_relatorio
itraconazol;LEGRAND PHARMA INDÚSTRIA FARMACÊUTICA LTDA;05.044.984/0001-26;60105259;15/01/2025;;2025-01-15;;;novo_em_relatorio
rivaroxabana;MEDQUIMICA INDUSTRIA FARMACEUTICA LTDA.;17.875.154/0001-20;915945258;14/07/2025;;2025-07-14;;;novo_em_relatorio
TODOC;LEGRAND PHARMA INDÚSTRIA FARMACÊUTICA LTDA;05.044.984/0001-26;845491253;27/06/2025;;2025-06-27;;;novo_em_relatorio
MEZP;CRISTÁLIA PRODUTOS QUÍMICOS FARMACÊUTICOS LTDA.;44.734.671/0001-51;1331772215;07/04/2021;;2021-04-07;;;novo_em_relatorio
acetilcisteína;LEGRAND PHARMA INDÚSTRIA FARMACÊUTICA LTDA;05.044.984/0001-26;709834250;26/05/2025;;2025-05-26;;;novo_em_relatorio
DORALGINA DIPCAF;BRAINFARMA INDÚSTRIA QUÍMICA E FARMACÊUTICA S.A;05.161.069/0001-10;4193021205;27/11/2020;;2020-11-27;;;novo_em_relatorio
DULCOLAX;OPELLA HEALTHCARE BRAZIL LTDA;38.391.432/0001-43;535778252;22/04/2025;;2025-04-22;;;novo_em_relatorio
oxcarbazepina;UNIÃO QUÍMICA FARMACÊUTICA NACIONAL S/A;60.665.981/0001-18;640580254;12/05/2025;;2025-05-12;;;novo_em_relatorio
pantoprazol sódico sesqui-hidratado;MEDQUIMICA INDUSTRIA FARMACEUTICA LTDA.;17.875.154/0001-20;1111382255;18/08/2025;;2025-08-18;;;novo_em_relatorio
fosaprepitanto dimeglumina;DR. REDDYS FARMACÊUTICA DO BRASIL LTDA;03.978.166/0001-75;747203253;03/06/2025;;2025-06-03;;;novo_em_relatorio
AXIFLENNID;HALEX ISTAR INDÚSTRIA FARMACÊUTICA SA;01.571.702/0001-98;1162537256;01/09/2025;;2025-09-01;;;novo_em_relatorio
FACOBA®;LEGRAND PHARMA INDÚSTRIA FARMACÊUTICA LTDA;05.044.984/0001-26;997638257;01/08/2025;;2025-08-01;;;novo_em_relatorio
EVOLOX;FARMARIN INDUSTRIA E COMERCIO LTDA;58.635.830/0001-75;1135235244;19/08/2024;;2024-08-19;;;novo_em_relatorio
TYLEX;CELLERA FARMACÊUTICA S.A.;33.173.097/0002-74;483978256;08/04/2025;;2025-04-08;;;novo_em_relatorio
DEX;CRISTÁLIA PRODUTOS QUÍMICOS FARMACÊUTICOS LTDA.;44.734.671/0001-51;1473874246;25/10/2024;;2024-10-25;;;novo_em_relatorio
tacrolimo;EMS S/A;57.507.378/0003-65;1200532252;10/09/2025;;2025-09-10;;;novo_em_relatorio
DUGAR;EUROFARMA LABORATÓRIOS S.A.;61.190.096/0001-92;436996251;31/03/2025;;2025-03-31;;;novo_em_relatorio
CLORIDRATO DE TANSULOSINA;LEGRAND PHARMA INDÚSTRIA FARMACÊUTICA LTDA;05.044.984/0001-26;862763258;01/07/2025;;2025-07-01;;;novo_em_relatorio
CIPROBACTER;HALEX ISTAR INDÚSTRIA FARMACÊUTICA SA;01.571.702/0001-98;4239272220;01/06/2022;;2022-06-01;;;novo_em_relatorio
MEVA;LEGRAND PHARMA INDÚSTRIA FARMACÊUTICA LTDA;05.044.984/0001-26;1100574247;12/08/2024;;2024-08-12;;;novo_em_relatorio
ARIPIPRAZOL;BRAINFARMA INDÚSTRIA QUÍMICA E FARMACÊUTICA S.A;05.161.069/0001-10;1192526236;31/10/2023;;2023-10-31;;;novo_em_relatorio
Anastrozol;SANDOZ DO BRASIL INDÚSTRIA FARMACÊUTICA LTDA;61.286.647/0001-16;1263703241;13/09/2024;;2024-09-13;;;novo_em_relatorio
Micend;LABORATÓRIO QUÍMICO FARMACÊUTICO BERGAMO LTDA;61.282.661/0001-41;1152866257;28/08/2025;;2025-08-28;;;novo_em_relatorio
GINO-CANESTEN;BAYER S.A.;18.459.628/0001-15;1655550241;04/12/2024;;2024-12-04;;;novo_em_relatorio
HORMUS;EUROFARMA LABORATÓRIOS S.A.;61.190.096/0001-92;1163449253;01/09/2025;;2025-09-01;;;novo_em_relatorio
risedronato sódico;EUROFARMA LABORATÓRIOS S.A.;61.190.096/0001-92;4143517206;24/11/2020;;2020-11-24;;;novo_em_relatorio
ticagrelor;LEGRAND PHARMA INDÚSTRIA FARMACÊUTICA LTDA;05.044.984/0001-26;1138044253;25/08/2025;;2025-08-25;;;novo_em_relatorio
amoxicilina tri-hidratada + clavulanato de potássio;NOVARTIS BIOCIENCIAS S.A;56.994.502/0001-30;242083242;28/02/2024;;2024-02-28;;;novo_em_relatorio
cloridrato de dexmedetomidina;EUROFARMA LABORATÓRIOS S.A.;61.190.096/0001-92;1324519240;26/09/2024;;2024-09-26;;;novo_em_relatorio
mesalazina;ZYDUS NIKKHO FARMACÊUTICA LTDA;05.254.971/0001-81;528290231;24/05/2023;;2023-05-24;;;novo_em_relatorio
meloxicam;PHARLAB INDÚSTRIA FARMACÊUTICA S.A.;02.501.297/0001-02;1022068253;08/08/2025;;2025-08-08;;;novo_em_relatorio
DURATOCIN;LABORATÓRIOS FERRING LTDA;74.232.034/0001-48;249275244;29/02/2024;;2024-02-29;;;novo_em_relatorio
cloridrato de ambroxol;LABORATÓRIO GLOBO SA;17.115.437/0001-73;825837251;23/06/2025;;2025-06-23;;;novo_em_relatorio
ADORLAN;GRÜNENTHAL DO BRASIL FARMACÊUTICA LTDA.;10.555.143/0001-13;1514128241;04/11/2024;;2024-11-04;;;novo_em_relatorio
fulvestranto;DR. REDDYS FARMACÊUTICA DO BRASIL LTDA;03.978.166/0001-75;677783256;20/05/2025;;2025-05-20;;;novo_em_relatorio
AIPRI;COSMED INDUSTRIA DE COSMETICOS E MEDICAMENTOS S.A.;61.082.426/0002-07;1192385233;31/10/2023;;2023-10-31;;;novo_em_relatorio
AUSTEDO;TEVA FARMACÊUTICA LTDA.;05.333.542/0001-08;1604106247;22/11/2024;;2024-11-22;;;novo_em_relatorio
CETAZIMA;FRESENIUS KABI BRASIL LTDA;49.324.221/0001-04;1393285244;10/10/2024;;2024-10-10;;;novo_em_relatorio
FIRAZYR;TAKEDA PHARMA LTDA.;60.397.775/0001-74;1354413237;30/11/2023;;2023-11-30;;;novo_em_relatorio
captopril;MULTILAB INDUSTRIA E COMERCIO DE PRODUTOS FARMACEUTICOS LTDA;92.265.552/0009-05;652771254;14/05/2025;;2025-05-14;;;novo_em_relatorio
succinato de desvenlafaxina;LABORATÓRIO TEUTO BRASILEIRO S/A;17.159.229/0001-76;750101253;03/06/2025;;2025-06-03;;;novo_em_relatorio
PRUROK;LEGRAND PHARMA INDÚSTRIA FARMACÊUTICA LTDA;05.044.984/0001-26;838569251;26/06/2025;;2025-06-26;;;novo_em_relatorio
BRAVAN DUO;ACHÉ LABORATÓRIOS FARMACÊUTICOS S.A;60.659.463/0029-92;193807254;11/02/2025;;2025-02-11;;;novo_em_relatorio
Dozemast;MARJAN INDÚSTRIA E COMÉRCIO LTDA;60.726.692/0001-81;309328250;07/03/2025;;2025-03-07;;;novo_em_relatorio
linezolida;DR. REDDYS FARMACÊUTICA DO BRASIL LTDA;03.978.166/0001-75;153933259;04/02/2025;;2025-02-04;;;novo_em_relatorio
cloridrato de nortriptilina;CELLERA FARMACÊUTICA S.A.;33.173.097/0002-74;1493761242;30/10/2024;;2024-10-30;;;novo_em_relatorio
TENOXICAM;CIFARMA CIENTÍFICA FARMACÊUTICA LTDA;17.562.075/0001-69;675295254;20/05/2025;;2025-05-20;;;novo_em_relatorio
DIXIL;EUROFARMA LABORATÓRIOS S.A.;61.190.096/0001-92;37282255;10/01/2025;;2025-01-10;;;novo_em_relatorio
DBRIZ;SUPERA FARMA LABORATÓRIOS S.A;43.312.503/0001-05;104660252;24/01/2025;;2025-01-24;;;novo_em_relatorio
FLUXON;BRAINFARMA INDÚSTRIA QUÍMICA E FARMACÊUTICA S.A;05.161.069/0001-10;1175164259;03/09/2025;;2025-09-03;;;novo_em_relatorio
RUVA;EUROFARMA LABORATÓRIOS S.A.;61.190.096/0001-92;1066335257;14/08/2025;;2025-08-14;;;novo_em_relatorio
LIPNEO;BRAINFARMA INDÚSTRIA QUÍMICA E FARMACÊUTICA S.A;05.161.069/0001-10;948684214;11/03/2021;;2021-03-11;;;novo_em_relatorio
amoxicilina + clavulanato de potássio;BEKER PRODUTOS FÁRMACO HOSPITALARES LTDA;47.231.121/0001-08;311240241;13/03/2024;;2024-03-13;;;novo_em_relatorio
LEUX;CRISTÁLIA PRODUTOS QUÍMICOS FARMACÊUTICOS LTDA.;44.734.671/0001-51;615661254;07/05/2025;;2025-05-07;;;novo_em_relatorio
cloridrato de trazodona;BRAINFARMA INDÚSTRIA QUÍMICA E FARMACÊUTICA S.A;05.161.069/0001-10;1372443240;07/10/2024;;2024-10-07;;;novo_em_relatorio
H.BACTER;CIFARMA CIENTÍFICA FARMACÊUTICA LTDA;17.562.075/0001-69;648616258;14/05/2025;;2025-05-14;;;novo_em_relatorio
ezetimiba + sinvastatina;BRAINFARMA INDÚSTRIA QUÍMICA E FARMACÊUTICA S.A;05.161.069/0001-10;1153076250;28/08/2025;;2025-08-28;;;novo_em_relatorio
levonorgestrel + etinilestradiol;BIOLAB SANUS FARMACÊUTICA LTDA;49.475.833/0001-06;1113197242;14/08/2024;;2024-08-14;;;novo_em_relatorio
M-LIX;COSMED INDUSTRIA DE COSMETICOS E MEDICAMENTOS S.A.;61.082.426/0002-07;1090176252;15/08/2025;;2025-08-15;;;novo_em_relatorio
CINETOL;CRISTÁLIA PRODUTOS QUÍMICOS FARMACÊUTICOS LTDA.;44.734.671/0001-51;1467011240;24/10/2024;;2024-10-24;;;novo_em_relatorio
Evenity;AMGEN BIOTECNOLOGIA DO BRASIL LTDA.;18.774.815/0001-93;412449242;03/04/2024;;2024-04-03;;;novo_em_relatorio
AMENIFLAC;LABORATORIOS B. BRAUN S/A;31.673.254/0001-02;221999248;26/02/2024;;2024-02-26;;;novo_em_relatorio
KOLI D3;EMS SIGMA PHARMA LTDA;00.923.140/0001-31;789033241;12/06/2024;;2024-06-12;;;novo_em_relatorio
FUCIDIN;LEO PHARMA LTDA;11.424.477/0001-10;280739249;07/03/2024;;2024-03-07;;;novo_em_relatorio
hemitartarato de zolpidem;BRAINFARMA INDÚSTRIA QUÍMICA E FARMACÊUTICA S.A;05.161.069/0001-10;1653802243;03/12/2024;;2024-12-03;;;novo_em_relatorio
ZYLINOX SL;ZYDUS NIKKHO FARMACÊUTICA LTDA;05.254.971/0001-81;617033251;07/05/2025;;2025-05-07;;;novo_em_relatorio
cetoprofeno;SANOFI MEDLEY FARMACÊUTICA LTDA.;10.588.595/0010-92;1053045255;13/08/2025;;2025-08-13;;;novo_em_relatorio
isotretinoína;MULTILAB INDUSTRIA E COMERCIO DE PRODUTOS FARMACEUTICOS LTDA;92.265.552/0009-05;357803248;22/03/2024;;2024-03-22;;;novo_em_relatorio
cloridrato de moxifloxacino;BEKER PRODUTOS FÁRMACO HOSPITALARES LTDA;47.231.121/0001-08;919073247;05/07/2024;;2024-07-05;;;novo_em_relatorio
secnidazol;VITAMEDIC INDUSTRIA FARMACEUTICA LTDA;30.222.814/0001-31;349844259;14/03/2025;;2025-03-14;;;novo_em_relatorio
succinato de solifenacina;BIOLAB SANUS FARMACÊUTICA LTDA;49.475.833/0001-06;1021474258;08/08/2025;;2025-08-08;;;novo_em_relatorio
PLUVICTO;NOVARTIS BIOCIENCIAS S.A;56.994.502/0001-30;806103256;17/06/2025;;2025-06-17;;;novo_em_relatorio
cloridrato de valaciclovir;EUROFARMA LABORATÓRIOS S.A.;61.190.096/0001-92;254988253;24/02/2025;;2025-02-24;;;novo_em_relatorio
tobramicina;MULTILAB INDUSTRIA E COMERCIO DE PRODUTOS FARMACEUTICOS LTDA;92.265.552/0009-05;906886252;10/07/2025;;2025-07-10;;;novo_em_relatorio
aciclovir;MULTILAB INDUSTRIA E COMERCIO DE PRODUTOS FARMACEUTICOS LTDA;92.265.552/0009-05;40541258;10/01/2025;;2025-01-10;;;novo_em_relatorio
ESPASMOPAN COMPOSTO;UNIÃO QUÍMICA FARMACÊUTICA NACIONAL S/A;60.665.981/0001-18;1241607249;10/09/2024;;2024-09-10;;;novo_em_relatorio
Xô! Pós Picada;CIMED INDUSTRIA S.A;02.814.497/0001-07;651818231;26/06/2023;;2023-06-26;;;novo_em_relatorio
MICPURE;APSEN FARMACEUTICA S/A;62.462.015/0001-29;1648158242;03/12/2024;;2024-12-03;;;novo_em_relatorio
HISCONGEX;BRAINFARMA INDÚSTRIA QUÍMICA E FARMACÊUTICA S.A;05.161.069/0001-10;550743251;24/04/2025;;2025-04-24;;;novo_em_relatorio
besilato de anlodipino;INSTITUTO BIOCHIMICO INDÚSTRIA FARMACÊUTICA LTDA;33.258.401/0001-03;857892258;30/06/2025;;2025-06-30;;;novo_em_relatorio
LIMBITROL;MEDQUIMICA INDUSTRIA FARMACEUTICA LTDA.;17.875.154/0001-20;846576252;27/06/2025;;2025-06-27;;;novo_em_relatorio
hemifumarato de bisoprolol;GERMED FARMACEUTICA LTDA;45.992.062/0001-65;966423259;24/07/2025;;2025-07-24;;;novo_em_relatorio
agomelatina;TEVA FARMACÊUTICA LTDA.;05.333.542/0001-08;571110240;30/04/2024;;2024-04-30;;;novo_em_relatorio
RESSALIVDOR;1FARMA INDUSTRIA FARMACEUTICA LTDA;48.113.906/0001-49;1203675232;02/11/2023;;2023-11-02;;;novo_em_relatorio
TIBSOVO;LABORATÓRIOS SERVIER DO BRASIL LTDA;42.374.207/0001-76;1122791259;20/08/2025;;2025-08-20;;;novo_em_relatorio
cloridrato de bendamustina;NATCOFARMA DO BRASIL LTDA;08.157.293/0001-27;588135241;03/05/2024;;2024-05-03;;;novo_em_relatorio
cloridrato de dorzolamida + maleato de timolol;MULTILAB INDUSTRIA E COMERCIO DE PRODUTOS FARMACEUTICOS LTDA;92.265.552/0009-05;1188247255;08/09/2025;;2025-09-08;;;novo_em_relatorio
TIMB;EUROFARMA LABORATÓRIOS S.A.;61.190.096/0001-92;920927254;15/07/2025;;2025-07-15;;;novo_em_relatorio
orlistate;MULTILAB INDUSTRIA E COMERCIO DE PRODUTOS FARMACEUTICOS LTDA;92.265.552/0009-05;563697245;29/04/2024;;2024-04-29;;;novo_em_relatorio
LORITIL;GEOLAB INDÚSTRIA FARMACÊUTICA S/A;03.485.572/0001-04;1764292243;27/12/2024;;2024-12-27;;;novo_em_relatorio
MULTIPIRAL;MULTILAB INDUSTRIA E COMERCIO DE PRODUTOS FARMACEUTICOS LTDA;92.265.552/0009-05;508779251;14/04/2025;;2025-04-14;;;novo_em_relatorio
REDUCOFEN;MULTILAB INDUSTRIA E COMERCIO DE PRODUTOS FARMACEUTICOS LTDA;92.265.552/0009-05;244520259;20/02/2025;;2025-02-20;;;novo_em_relatorio
VENOXIDE;ACHÉ LABORATÓRIOS FARMACÊUTICOS S.A;60.659.463/0029-92;1176666258;04/09/2025;;2025-09-04;;;novo_em_relatorio
HIDANTAL;COSMED INDUSTRIA DE COSMETICOS E MEDICAMENTOS S.A.;61.082.426/0002-07;1116753251;19/08/2025;;2025-08-19;;;novo_em_relatorio
RESOLOR;Laboratórios Bagó do Brasil S/A;04.748.181/0009-47;1247962245;11/09/2024;;2024-09-11;;;novo_em_relatorio
dicloridrato de hidroxizina;MULTILAB INDUSTRIA E COMERCIO DE PRODUTOS FARMACEUTICOS LTDA;92.265.552/0009-05;857850253;30/06/2025;;2025-06-30;;;novo_em_relatorio
PAXLOVID;PFIZER BRASIL LTDA;61.072.393/0001-33;1038929253;12/08/2025;;2025-08-12;;;novo_em_relatorio
hemifumarato de quetiapina;INSTITUTO BIOCHIMICO INDÚSTRIA FARMACÊUTICA LTDA;33.258.401/0001-03;848863259;28/06/2025;;2025-06-28;;;novo_em_relatorio
BISOLVON;OPELLA HEALTHCARE BRAZIL LTDA;38.391.432/0001-43;762862254;05/06/2025;;2025-06-05;;;novo_em_relatorio
cloridrato de propranolol;VITAMEDIC INDUSTRIA FARMACEUTICA LTDA;30.222.814/0001-31;538175257;22/04/2025;;2025-04-22;;;novo_em_relatorio
hemifumarato de quetiapina;MULTILAB INDUSTRIA E COMERCIO DE PRODUTOS FARMACEUTICOS LTDA;92.265.552/0009-05;1006910255;05/08/2025;;2025-08-05;;;novo_em_relatorio
LETHOZY;BLAU FARMACÊUTICA S.A.;58.430.828/0001-60;1688730249;10/12/2024;;2024-12-10;;;novo_em_relatorio
REVIPEL;UNIÃO QUÍMICA FARMACÊUTICA NACIONAL S/A;60.665.981/0001-18;608228257;06/05/2025;;2025-05-06;;;novo_em_relatorio
SOLAQUIN;MEDQUIMICA INDUSTRIA FARMACEUTICA LTDA.;17.875.154/0001-20;844981257;27/06/2025;;2025-06-27;;;novo_em_relatorio
TITENIL;GEOLAB INDÚSTRIA FARMACÊUTICA S/A;03.485.572/0001-04;684730251;21/05/2025;;2025-05-21;;;novo_em_relatorio
trometamol cetorolaco;UNIÃO QUÍMICA FARMACÊUTICA NACIONAL S/A;60.665.981/0001-18;1325151246;26/09/2024;;2024-09-26;;;novo_em_relatorio
RENAPRIL;VITAMEDIC INDUSTRIA FARMACEUTICA LTDA;30.222.814/0001-31;986998257;30/07/2025;;2025-07-30;;;novo_em_relatorio
SIRDALUD;SANDOZ DO BRASIL INDÚSTRIA FARMACÊUTICA LTDA;61.286.647/0001-16;12328243;04/01/2024;;2024-01-04;;;novo_em_relatorio
HISCONGEX;BRAINFARMA INDÚSTRIA QUÍMICA E FARMACÊUTICA S.A;05.161.069/0001-10;572106254;28/04/2025;;2025-04-28;;;novo_em_relatorio
cloridrato de metoclopramida;AIRELA INDÚSTRIA FARMACÊUTICA LTDA.;01.858.973/0001-29;982253249;18/07/2024;;2024-07-18;;;novo_em_relatorio
TYLENOL;KENVUE LTDA.;59.748.988/0001-14;461586240;11/04/2024;;2024-04-11;;;novo_em_relatorio
CLORETO DE SÓDIO 0,9%;FARMA VISION IMPORTAÇÃO E EXPORTAÇÃO DE MEDICAMENTOS LTDA;09.058.502/0001-48;1308499230;23/11/2023;;2023-11-23;;;novo_em_relatorio
cloridrato de tramadol + paracetamol;MCG INDUSTRIA FARMACEUTICA E IMPORTAÇAO LTDA;18.755.529/0001-80;645105252;13/05/2025;;2025-05-13;;;novo_em_relatorio
FUNED INSULINA R;FUNDAÇÃO EZEQUIEL DIAS - FUNED;17.503.475/0001-01;1142426254;26/08/2025;;2025-08-26;;;novo_em_relatorio
BIOLME H;BIOLAB SANUS FARMACÊUTICA LTDA;49.475.833/0001-06;918116252;15/07/2025;;2025-07-15;;;novo_em_relatorio
MADUN;PRATI DONADUZZI & CIA LTDA;73.856.593/0001-66;825579252;23/06/2025;;2025-06-23;;;novo_em_relatorio
cloridrato de donepezila;MCG INDUSTRIA FARMACEUTICA E IMPORTAÇAO LTDA;18.755.529/0001-80;643753257;13/05/2025;;2025-05-13;;;novo_em_relatorio
EVORTIA;COSMED INDUSTRIA DE COSMETICOS E MEDICAMENTOS S.A.;61.082.426/0002-07;1019933241;25/07/2024;;2024-07-25;;;novo_em_relatorio
etoricoxibe;LABORATÓRIO GLOBO SA;17.115.437/0001-73;1148050256;27/08/2025;;2025-08-27;;;novo_em_relatorio
NISVO;PRATI DONADUZZI & CIA LTDA;73.856.593/0001-66;808315251;17/06/2025;;2025-06-17;;;novo_em_relatorio
VYLOY;ASTELLAS FARMA BRASIL IMPORTAÇÃO E DISTRIBUIÇÃO DE MEDICAMENTOS LTDA.;07.768.134/0001-04;1737269244;19/12/2024;;2024-12-19;;;novo_em_relatorio
dicloridrato de trimetazidina;BRAINFARMA INDÚSTRIA QUÍMICA E FARMACÊUTICA S.A;05.161.069/0001-10;244064253;20/02/2025;;2025-02-20;;;novo_em_relatorio
sulfadiazina de prata;PRATI DONADUZZI & CIA LTDA;73.856.593/0001-66;355598256;17/03/2025;;2025-03-17;;;novo_em_relatorio
LOJUXTA®;CHIESI FARMACÊUTICA LTDA;61.363.032/0001-46;854196251;30/06/2025;;2025-06-30;;;novo_em_relatorio
NIB;EUROFARMA LABORATÓRIOS S.A.;61.190.096/0001-92;170121259;06/02/2025;;2025-02-06;;;novo_em_relatorio
hemitartarato de zolpidem;UNIÃO QUÍMICA FARMACÊUTICA NACIONAL S/A;60.665.981/0001-18;66686253;16/01/2025;;2025-01-16;;;novo_em_relatorio
INFOC;ACHÉ LABORATÓRIOS FARMACÊUTICOS S.A;60.659.463/0029-92;1011025248;24/07/2024;;2024-07-24;;;novo_em_relatorio
LIBTAYO;ADIUM S.A.;55.980.684/0001-27;878897259;04/07/2025;;2025-07-04;;;novo_em_relatorio
Kanuma;ASTRAZENECA DO BRASIL LTDA;60.318.797/0001-00;1155780256;28/08/2025;;2025-08-28;;;novo_em_relatorio
ENRIZA;ACHÉ LABORATÓRIOS FARMACÊUTICOS S.A;60.659.463/0029-92;932666256;18/07/2025;;2025-07-18;;;novo_em_relatorio
PENTAGLOBIN;GRIFOLS BRASIL LTDA;02.513.899/0001-71;759500258;05/06/2025;;2025-06-05;;;novo_em_relatorio
VORPRO;GERMED FARMACEUTICA LTDA;45.992.062/0001-65;387859250;21/03/2025;;2025-03-21;;;novo_em_relatorio
LYRICA;VIATRIS FARMACEUTICA DO BRASIL LTDA;11.643.096/0001-22;205166253;13/02/2025;;2025-02-13;;;novo_em_relatorio
tacrolimo;LEO PHARMA LTDA;11.424.477/0001-10;1157392253;29/08/2025;;2025-08-29;;;novo_em_relatorio
SEVOQ;CRISTÁLIA PRODUTOS QUÍMICOS FARMACÊUTICOS LTDA.;44.734.671/0001-51;1415294241;15/10/2024;;2024-10-15;;;novo_em_relatorio
bilastina;ACHÉ LABORATÓRIOS FARMACÊUTICOS S.A;60.659.463/0029-92;1066366250;14/08/2025;;2025-08-14;;;novo_em_relatorio
XALACOM;VIATRIS FARMACEUTICA DO BRASIL LTDA;11.643.096/0001-22;220452253;17/02/2025;;2025-02-17;;;novo_em_relatorio
DIVA;CRISTÁLIA PRODUTOS QUÍMICOS FARMACÊUTICOS LTDA.;44.734.671/0001-51;379125251;20/03/2025;;2025-03-20;;;novo_em_relatorio
LIVMARLI;BIOPAS BRASIL PRODUTOS FARMACEUTICOS LTDA;31.327.287/0001-92;176150251;07/02/2025;;2025-02-07;;;novo_em_relatorio
HYPONIBE;HYPOFARMA - INSTITUTO DE HYPODERMIA E FARMÁCIA LTDA;17.174.657/0001-78;558668259;25/04/2025;;2025-04-25;;;novo_em_relatorio
maleato de dexclorfeniramina;VITAMEDIC INDUSTRIA FARMACEUTICA LTDA;30.222.814/0001-31;185390251;10/02/2025;;2025-02-10;;;novo_em_relatorio
citrato de tofacitinibe;FUNDAÇÃO OSWALDO CRUZ;33.781.055/0001-35;843604255;27/06/2025;;2025-06-27;;;novo_em_relatorio
PERIGITE;BELFAR LTDA;18.324.343/0001-77;271772255;26/02/2025;;2025-02-26;;;novo_em_relatorio
CUTISANOL;CRISTÁLIA PRODUTOS QUÍMICOS FARMACÊUTICOS LTDA.;44.734.671/0001-51;910411255;11/07/2025;;2025-07-11;;;novo_em_relatorio
Albiomin;GRIFOLS BRASIL LTDA;02.513.899/0001-71;751866253;03/06/2025;;2025-06-03;;;novo_em_relatorio
TRINIZOL-M;BELFAR LTDA;18.324.343/0001-77;281736251;27/02/2025;;2025-02-27;;;novo_em_relatorio
cloridrato de donepezila;MEDQUIMICA INDUSTRIA FARMACEUTICA LTDA.;17.875.154/0001-20;718327250;27/05/2025;;2025-05-27;;;novo_em_relatorio
GARDENAL;PHARLAB INDÚSTRIA FARMACÊUTICA S.A.;02.501.297/0001-02;249715252;21/02/2025;;2025-02-21;;;novo_em_relatorio
DUALGI;EUROFARMA LABORATÓRIOS S.A.;61.190.096/0001-92;1350667242;02/10/2024;;2024-10-02;;;novo_em_relatorio
GEODON;VIATRIS FARMACEUTICA DO BRASIL LTDA;11.643.096/0001-22;1202964257;10/09/2025;;2025-09-10;;;novo_em_relatorio
VALASKI;SUPERA FARMA LABORATÓRIOS S.A;43.312.503/0001-05;348589255;14/03/2025;;2025-03-14;;;novo_em_relatorio
LAZCLUZE;JANSSEN-CILAG FARMACÊUTICA LTDA;51.780.468/0001-87;866127259;02/07/2025;;2025-07-02;;;novo_em_relatorio
NEOZINE;BLANVER FARMOQUIMICA E FARMACEUTICA S.A.;53.359.824/0001-19;445897252;01/04/2025;;2025-04-01;;;novo_em_relatorio
nitazoxanida;EUROFARMA LABORATÓRIOS S.A.;61.190.096/0001-92;905667255;10/07/2025;;2025-07-10;;;novo_em_relatorio
MULTIPIRAL;MULTILAB INDUSTRIA E COMERCIO DE PRODUTOS FARMACEUTICOS LTDA;92.265.552/0009-05;443849251;01/04/2025;;2025-04-01;;;novo_em_relatorio
DESLORANA;LEGRAND PHARMA INDÚSTRIA FARMACÊUTICA LTDA;05.044.984/0001-26;1006239251;05/08/2025;;2025-08-05;;;novo_em_relatorio
acetato de dexametasona;VITAMEDIC INDUSTRIA FARMACEUTICA LTDA;30.222.814/0001-31;1535438240;07/11/2024;;2024-11-07;;;novo_em_relatorio
dapagliflozina;EUROFARMA LABORATÓRIOS S.A.;61.190.096/0001-92;1152894251;28/08/2025;;2025-08-28;;;novo_em_relatorio
LIDEXOR;GERMED FARMACEUTICA LTDA;45.992.062/0001-65;924002255;16/07/2025;;2025-07-16;;;novo_em_relatorio
ECTEVO;PRATI DONADUZZI & CIA LTDA;73.856.593/0001-66;1012042251;06/08/2025;;2025-08-06;;;novo_em_relatorio
DEXPOLARIM;VITAMEDIC INDUSTRIA FARMACEUTICA LTDA;30.222.814/0001-31;186383258;10/02/2025;;2025-02-10;;;novo_em_relatorio
FRISIUM;PHARLAB INDÚSTRIA FARMACÊUTICA S.A.;02.501.297/0001-02;274550253;26/02/2025;;2025-02-26;;;novo_em_relatorio
VILGLI;TORRENT DO BRASIL LTDA;33.078.528/0001-32;1177059258;04/09/2025;;2025-09-04;;;novo_em_relatorio
ULTOMIRIS;ASTRAZENECA DO BRASIL LTDA;60.318.797/0001-00;784599254;11/06/2025;;2025-06-11;;;novo_em_relatorio
OPTIRAY;GUERBET PRODUTOS RADIOLÓGICOS LTDA;42.180.406/0001-43;1199970247;30/08/2024;;2024-08-30;;;novo_em_relatorio
succinato de desvenlafaxina;PRATI DONADUZZI & CIA LTDA;73.856.593/0001-66;905974247;03/07/2024;;2024-07-03;;;novo_em_relatorio
AFAX;PRATI DONADUZZI & CIA LTDA;73.856.593/0001-66;1474303242;25/10/2024;;2024-10-25;;;novo_em_relatorio
RILAN;BELFAR LTDA;18.324.343/0001-77;283280255;27/02/2025;;2025-02-27;;;novo_em_relatorio
GYNBEN;BELFAR LTDA;18.324.343/0001-77;220159254;17/02/2025;;2025-02-17;;;novo_em_relatorio
ELFI;PRATI DONADUZZI & CIA LTDA;73.856.593/0001-66;1159090254;29/08/2025;;2025-08-29;;;novo_em_relatorio
ATIOVIL;PRATI DONADUZZI & CIA LTDA;73.856.593/0001-66;579082253;29/04/2025;;2025-04-29;;;novo_em_relatorio
ANTARA XR;EUROFARMA LABORATÓRIOS S.A.;61.190.096/0001-92;215579259;14/02/2025;;2025-02-14;;;novo_em_relatorio
olmesartana medoxomila;LABORATÓRIO TEUTO BRASILEIRO S/A;17.159.229/0001-76;458143251;03/04/2025;;2025-04-03;;;novo_em_relatorio
SPYLGLEN;GLENMARK FARMACÊUTICA LTDA;44.363.661/0001-57;457185252;03/04/2025;;2025-04-03;;;novo_em_relatorio
INFOC;ACHÉ LABORATÓRIOS FARMACÊUTICOS S.A;60.659.463/0029-92;1112964240;14/08/2024;;2024-08-14;;;novo_em_relatorio
DYFUCERT;DR. REDDYS FARMACÊUTICA DO BRASIL LTDA;03.978.166/0001-75;153791250;04/02/2025;;2025-02-04;;;novo_em_relatorio
HEPATECT;GRIFOLS BRASIL LTDA;02.513.899/0001-71;752011251;03/06/2025;;2025-06-03;;;novo_em_relatorio
ROACUTAN;FARMOQUÍMICA S/A;33.349.473/0001-58;372259251;19/03/2025;;2025-03-19;;;novo_em_relatorio
MANITOL;EQUIPLEX INDÚSTRIA FARMACÊUTICA LTDA;01.784.792/0001-03;1147826251;27/08/2025;;2025-08-27;;;novo_em_relatorio
acebrofilina;AIRELA INDÚSTRIA FARMACÊUTICA LTDA.;01.858.973/0001-29;1138666254;25/08/2025;;2025-08-25;;;novo_em_relatorio
SOLUÇÃO GLICOFISIOLÓGICA;EQUIPLEX INDÚSTRIA FARMACÊUTICA LTDA;01.784.792/0001-03;1152451251;28/08/2025;;2025-08-28;;;novo_em_relatorio
cloreto de sódio 0,9%;VITAMED MEDICAMENTOS E PRODUTOS PARA SAUDE LTDA;44.593.084/0001-90;1182621252;05/09/2025;;2025-09-05;;;novo_em_relatorio
TOLREST;ACHÉ LABORATÓRIOS FARMACÊUTICOS S.A;60.659.463/0029-92;1207174254;11/09/2025;;2025-09-11;;;novo_em_relatorio
PERFENOL MULTI;UNIÃO QUÍMICA FARMACÊUTICA NACIONAL S/A;60.665.981/0001-18;826819257;23/06/2025;;2025-06-23;;;novo_em_relatorio
cloreto de sódio + glicose;VITAMED MEDICAMENTOS E PRODUTOS PARA SAUDE LTDA;44.593.084/0001-90;1184173257;05/09/2025;;2025-09-05;;;novo_em_relatorio
sulfametoxazol + trimetoprima;AIRELA INDÚSTRIA FARMACÊUTICA LTDA.;01.858.973/0001-29;1189050251;08/09/2025;;2025-09-08;;;novo_em_relatorio
NAUSICALM B6;UNIÃO QUÍMICA FARMACÊUTICA NACIONAL S/A;60.665.981/0001-18;1296607241;20/09/2024;;2024-09-20;;;novo_em_relatorio
sulfato de salbutamol;LABORATÓRIO TEUTO BRASILEIRO S/A;17.159.229/0001-76;694054259;23/05/2025;;2025-05-23;;;novo_em_relatorio
BUSCOPAN COMPOSTO;COSMED INDUSTRIA DE COSMETICOS E MEDICAMENTOS S.A.;61.082.426/0002-07;1384049240;08/10/2024;;2024-10-08;;;novo_em_relatorio
TEROLAC;CRISTÁLIA PRODUTOS QUÍMICOS FARMACÊUTICOS LTDA.;44.734.671/0001-51;915604248;04/07/2024;;2024-07-04;;;novo_em_relatorio
IQIRVO;BEAUFOUR IPSEN FARMACÊUTICA LTDA;07.718.721/0001-80;1057475254;13/08/2025;;2025-08-13;;;novo_em_relatorio
mirtazapina;LABORATÓRIO TEUTO BRASILEIRO S/A;17.159.229/0001-76;768199255;06/06/2025;;2025-06-06;;;novo_em_relatorio
TAM XR;SUPERA FARMA LABORATÓRIOS S.A;43.312.503/0001-05;1284286240;18/09/2024;;2024-09-18;;;novo_em_relatorio
fenofibrato;TORRENT DO BRASIL LTDA;33.078.528/0001-32;195941250;12/02/2025;;2025-02-12;;;novo_em_relatorio
cloridrato de donepezila;SANOFI MEDLEY FARMACÊUTICA LTDA.;10.588.595/0010-92;416935257;27/03/2025;;2025-03-27;;;novo_em_relatorio
ESTOMAZIL;COSMED INDUSTRIA DE COSMETICOS E MEDICAMENTOS S.A.;61.082.426/0002-07;1740722248;20/12/2024;;2024-12-20;;;novo_em_relatorio
VANLURE;EUROFARMA LABORATÓRIOS S.A.;61.190.096/0001-92;185477259;10/02/2025;;2025-02-10;;;novo_em_relatorio
VILAXY;EUROFARMA LABORATÓRIOS S.A.;61.190.096/0001-92;227930258;18/02/2025;;2025-02-18;;;novo_em_relatorio
bilastina;GERMED FARMACEUTICA LTDA;45.992.062/0001-65;1288500246;19/09/2024;;2024-09-19;;;novo_em_relatorio
dipirona monoidratada;VITAMEDIC INDUSTRIA FARMACEUTICA LTDA;30.222.814/0001-31;353951251;17/03/2025;;2025-03-17;;;novo_em_relatorio
AQUARELA;ACHÉ LABORATÓRIOS FARMACÊUTICOS S.A;60.659.463/0029-92;1081457244;08/08/2024;;2024-08-08;;;novo_em_relatorio
MULTIPIRAL;MULTILAB INDUSTRIA E COMERCIO DE PRODUTOS FARMACEUTICOS LTDA;92.265.552/0009-05;443773254;01/04/2025;;2025-04-01;;;novo_em_relatorio
MYCAFREM;ACCORD FARMACÊUTICA LTDA;64.171.697/0001-46;1119923255;19/08/2025;;2025-08-19;;;novo_em_relatorio
DESENVO;ACHÉ LABORATÓRIOS FARMACÊUTICOS S.A;60.659.463/0029-92;1449974244;22/10/2024;;2024-10-22;;;novo_em_relatorio
TEROQUATRO;CRISTÁLIA PRODUTOS QUÍMICOS FARMACÊUTICOS LTDA.;44.734.671/0001-51;915725240;04/07/2024;;2024-07-04;;;novo_em_relatorio
LUR D12;ACHÉ LABORATÓRIOS FARMACÊUTICOS S.A;60.659.463/0029-92;21649251;08/01/2025;;2025-01-08;;;novo_em_relatorio
bromidrato de vortioxetina;BRAINFARMA INDÚSTRIA QUÍMICA E FARMACÊUTICA S.A;05.161.069/0001-10;906727251;10/07/2025;;2025-07-10;;;novo_em_relatorio
hemitartarato de zolpidem;MEDQUIMICA INDUSTRIA FARMACEUTICA LTDA.;17.875.154/0001-20;1638431248;29/11/2024;;2024-11-29;;;novo_em_relatorio
SKYCLARYS;BIOGEN BRASIL PRODUTOS FARMACÊUTICOS LTDA;07.986.222/0001-74;826651259;23/06/2025;;2025-06-23;;;novo_em_relatorio
UNITRAM;FARMOQUÍMICA S/A;33.349.473/0001-58;1306563241;23/09/2024;;2024-09-23;;;novo_em_relatorio
MECOBALAMINA;BIOLAB SANUS FARMACÊUTICA LTDA;49.475.833/0001-06;1701592240;12/12/2024;;2024-12-12;;;novo_em_relatorio
LISVENX;PHARLAB INDÚSTRIA FARMACÊUTICA S.A.;02.501.297/0001-02;925819255;16/07/2025;;2025-07-16;;;novo_em_relatorio
ZYDCOL MR;ZYDUS NIKKHO FARMACÊUTICA LTDA;05.254.971/0001-81;762719257;05/06/2025;;2025-06-05;;;novo_em_relatorio
MERIONAL HG;Besins Healthcare Brasil Comercial e Distribuidora de Medicamentos Ltda;11.082.598/0003-93;754585247;05/06/2024;;2024-06-05;;;novo_em_relatorio
AUROM;PRATI DONADUZZI & CIA LTDA;73.856.593/0001-66;1082851248;08/08/2024;;2024-08-08;;;novo_em_relatorio
ondansetrona;RANBAXY FARMACÊUTICA LTDA;73.663.650/0001-90;101770251;23/01/2025;;2025-01-23;;;novo_em_relatorio
BLAUTOX;BLAU FARMACÊUTICA S.A.;58.430.828/0001-60;134554256;30/01/2025;;2025-01-30;;;novo_em_relatorio
MYCAMINE;SANDOZ DO BRASIL INDÚSTRIA FARMACÊUTICA LTDA;61.286.647/0001-16;1206013249;02/09/2024;;2024-09-02;;;novo_em_relatorio
DIAVITALITY;HEMAFARMA COM E IND FARMACEUTICA LTDA;30.332.829/0001-52;1164912259;01/09/2025;;2025-09-01;;;novo_em_relatorio
etoricoxibe;ACHÉ LABORATÓRIOS FARMACÊUTICOS S.A;60.659.463/0029-92;1045112259;12/08/2025;;2025-08-12;;;novo_em_relatorio
ETORBEN;ACHÉ LABORATÓRIOS FARMACÊUTICOS S.A;60.659.463/0029-92;1084181258;15/08/2025;;2025-08-15;;;novo_em_relatorio
DIPIRONA;BRAINFARMA INDÚSTRIA QUÍMICA E FARMACÊUTICA S.A;05.161.069/0001-10;529891255;17/04/2025;;2025-04-17;;;novo_em_relatorio
sulfato de neomicina + bacitracina zíncica;VITAMEDIC INDUSTRIA FARMACEUTICA LTDA;30.222.814/0001-31;723069247;29/05/2024;;2024-05-29;;;novo_em_relatorio
omeprazol;PRATI DONADUZZI & CIA LTDA;73.856.593/0001-66;95194258;22/01/2025;;2025-01-22;;;novo_em_relatorio
PIOTRATY;VIDORA FARMACÊUTICA LTDA;92.762.277/0001-70;494212250;10/04/2025;;2025-04-10;;;novo_em_relatorio
besilato de levanlodipino hemipentaidratado;TORRENT DO BRASIL LTDA;33.078.528/0001-32;682666254;21/05/2025;;2025-05-21;;;novo_em_relatorio
EQUILID;BLANVER FARMOQUIMICA E FARMACEUTICA S.A.;53.359.824/0001-19;445884258;01/04/2025;;2025-04-01;;;novo_em_relatorio
MINUSORB;BELFAR LTDA;18.324.343/0001-77;271534257;26/02/2025;;2025-02-26;;;novo_em_relatorio
LYCERAH;PRATI DONADUZZI & CIA LTDA;73.856.593/0001-66;426995252;28/03/2025;;2025-03-28;;;novo_em_relatorio
SIPUL;PRATI DONADUZZI & CIA LTDA;73.856.593/0001-66;516641255;15/04/2025;;2025-04-15;;;novo_em_relatorio
NAUSICALM CÁPSULA MOLE;UNIÃO QUÍMICA FARMACÊUTICA NACIONAL S/A;60.665.981/0001-18;1296507246;20/09/2024;;2024-09-20;;;novo_em_relatorio
HISTADIN;UNIÃO QUÍMICA FARMACÊUTICA NACIONAL S/A;60.665.981/0001-18;1736820249;19/12/2024;;2024-12-19;;;novo_em_relatorio
DIVA 20;CRISTÁLIA PRODUTOS QUÍMICOS FARMACÊUTICOS LTDA.;44.734.671/0001-51;395022258;24/03/2025;;2025-03-24;;;novo_em_relatorio
KETAH;UNIÃO QUÍMICA FARMACÊUTICA NACIONAL S/A;60.665.981/0001-18;1165588251;01/09/2025;;2025-09-01;;;novo_em_relatorio
NASOCLEAN;MEDQUIMICA INDUSTRIA FARMACEUTICA LTDA.;17.875.154/0001-20;1652599240;03/12/2024;;2024-12-03;;;novo_em_relatorio
budesonida;ACHÉ LABORATÓRIOS FARMACÊUTICOS S.A;60.659.463/0029-92;688695256;22/05/2025;;2025-05-22;;;novo_em_relatorio
DUAKLIR GENUAIR;GLENMARK FARMACÊUTICA LTDA;44.363.661/0001-57;244165254;20/02/2025;;2025-02-20;;;novo_em_relatorio
FLUIDSORO;VITAMEDIC INDUSTRIA FARMACEUTICA LTDA;30.222.814/0001-31;299383253;05/03/2025;;2025-03-05;;;novo_em_relatorio
HIRUDOID INFANTIL;DAIICHI SANKYO BRASIL FARMACÊUTICA LTDA;60.874.187/0001-84;330078259;11/03/2025;;2025-03-11;;;novo_em_relatorio
FENDICAL;BELFAR LTDA;18.324.343/0001-77;271800259;26/02/2025;;2025-02-26;;;novo_em_relatorio
Perigite;BELFAR LTDA;18.324.343/0001-77;215589254;14/02/2025;;2025-02-14;;;novo_em_relatorio
GUACO VITAMEDIC;VITAMEDIC INDUSTRIA FARMACEUTICA LTDA;30.222.814/0001-31;999159259;01/08/2025;;2025-08-01;;;novo_em_relatorio
RECAPSER;BELFAR LTDA;18.324.343/0001-77;207713251;13/02/2025;;2025-02-13;;;novo_em_relatorio
APRESOLINA;UNIÃO QUÍMICA FARMACÊUTICA NACIONAL S/A;60.665.981/0001-18;1729484247;18/12/2024;;2024-12-18;;;novo_em_relatorio
PLIAGLIS;MEGALABS FARMACEUTICA S.A.;33.026.055/0001-20;338676252;13/03/2025;;2025-03-13;;;novo_em_relatorio
ESPECBAC;PRATI DONADUZZI & CIA LTDA;73.856.593/0001-66;305895257;06/03/2025;;2025-03-06;;;novo_em_relatorio
DUZOR;PRATI DONADUZZI & CIA LTDA;73.856.593/0001-66;554222256;24/04/2025;;2025-04-24;;;novo_em_relatorio
GUAKOEXPEC;VITAMEDIC INDUSTRIA FARMACEUTICA LTDA;30.222.814/0001-31;891788255;07/07/2025;;2025-07-07;;;novo_em_relatorio
Fulphila;BIOCON BIOLOGICS DO BRASIL LTDA;38.108.988/0001-80;711651256;26/05/2025;;2025-05-26;;;novo_em_relatorio
minoxidil;UNIÃO QUÍMICA FARMACÊUTICA NACIONAL S/A;60.665.981/0001-18;609248251;06/05/2025;;2025-05-06;;;novo_em_relatorio
TANDRILAX;ACHÉ LABORATÓRIOS FARMACÊUTICOS S.A;60.659.463/0029-92;12081256;06/01/2025;;2025-01-06;;;novo_em_relatorio
CALCIOFAR PLUS;BELFAR LTDA;18.324.343/0001-77;678356254;20/05/2025;;2025-05-20;;;novo_em_relatorio
ANDROCUR;Laboratórios Bagó do Brasil S/A;04.748.181/0009-47;451500253;02/04/2025;;2025-04-02;;;novo_em_relatorio
olmesartana medoxomila;PRATI DONADUZZI & CIA LTDA;73.856.593/0001-66;923789251;16/07/2025;;2025-07-16;;;novo_em_relatorio
diazepam;INSTITUTO BIOCHIMICO INDÚSTRIA FARMACÊUTICA LTDA;33.258.401/0001-03;119921251;28/01/2025;;2025-01-28;;;novo_em_relatorio
VABAM;COSMED INDUSTRIA DE COSMETICOS E MEDICAMENTOS S.A.;61.082.426/0002-07;737061251;30/05/2025;;2025-05-30;;;novo_em_relatorio
lansoprazol +claritromicina +amoxicilina;CIFARMA CIENTÍFICA FARMACÊUTICA LTDA;17.562.075/0001-69;641853254;13/05/2025;;2025-05-13;;;novo_em_relatorio
GINKGO BILOBA LABORATÓRIOS OSÓRIO DE MORAES;LABORATÓRIOS OSÓRIO DE MORAES LTDA;19.791.813/0001-75;1723509248;17/12/2024;;2024-12-17;;;novo_em_relatorio
SARRA;SUN FARMACÊUTICA DO BRASIL LTDA;05.035.244/0001-23;804433259;16/06/2025;;2025-06-16;;;novo_em_relatorio
LOFERNIM;PRATI DONADUZZI & CIA LTDA;73.856.593/0001-66;334147255;12/03/2025;;2025-03-12;;;novo_em_relatorio
AMPLICTIL;BLANVER FARMOQUIMICA E FARMACEUTICA S.A.;53.359.824/0001-19;445803258;01/04/2025;;2025-04-01;;;novo_em_relatorio
ABEVMY;BIOCON BIOLOGICS DO BRASIL LTDA;38.108.988/0001-80;711606251;26/05/2025;;2025-05-26;;;novo_em_relatorio
trometamol cetorolaco;MULTILAB INDUSTRIA E COMERCIO DE PRODUTOS FARMACEUTICOS LTDA;92.265.552/0009-05;1182722253;05/09/2025;;2025-09-05;;;novo_em_relatorio
URBANIL;PHARLAB INDÚSTRIA FARMACÊUTICA S.A.;02.501.297/0001-02;277086256;27/02/2025;;2025-02-27;;;novo_em_relatorio
LETYBO;GLOBAL REGULATORY PARTNERS BRASIL LTDA;29.190.430/0001-03;1206419253;11/09/2025;;2025-09-11;;;novo_em_relatorio
DUELLE;ZYDUS NIKKHO FARMACÊUTICA LTDA;05.254.971/0001-81;266304257;25/02/2025;;2025-02-25;;;novo_em_relatorio
LOFERNIM BETA;PRATI DONADUZZI & CIA LTDA;73.856.593/0001-66;515484253;15/04/2025;;2025-04-15;;;novo_em_relatorio
bromoprida;VITAMEDIC INDUSTRIA FARMACEUTICA LTDA;30.222.814/0001-31;183017251;10/02/2025;;2025-02-10;;;novo_em_relatorio
ZEFORUS;VIATRIS FARMACEUTICA DO BRASIL LTDA;11.643.096/0001-22;250936259;21/02/2025;;2025-02-21;;;novo_em_relatorio
EKLIRA GENUAIR;GLENMARK FARMACÊUTICA LTDA;44.363.661/0001-57;325075255;10/03/2025;;2025-03-10;;;novo_em_relatorio
TERCEN;EUROFARMA LABORATÓRIOS S.A.;61.190.096/0001-92;906340250;10/07/2025;;2025-07-10;;;novo_em_relatorio
TEPEZZA;AMGEN BIOTECNOLOGIA DO BRASIL LTDA.;18.774.815/0001-93;660522250;15/05/2025;;2025-05-15;;;novo_em_relatorio
INSPRA;VIATRIS FARMACEUTICA DO BRASIL LTDA;11.643.096/0001-22;629657254;09/05/2025;;2025-05-09;;;novo_em_relatorio
PROPIOSOL;BRAINFARMA INDÚSTRIA QUÍMICA E FARMACÊUTICA S.A;05.161.069/0001-10;403246253;25/03/2025;;2025-03-25;;;novo_em_relatorio
bromidrato de vortioxetina;EMS S/A;57.507.378/0003-65;1168712254;02/09/2025;;2025-09-02;;;novo_em_relatorio
DECONLERG;ACHÉ LABORATÓRIOS FARMACÊUTICOS S.A;60.659.463/0029-92;577608258;29/04/2025;;2025-04-29;;;novo_em_relatorio
ATIOVIL;PRATI DONADUZZI & CIA LTDA;73.856.593/0001-66;584067259;30/04/2025;;2025-04-30;;;novo_em_relatorio
XALATAN;VIATRIS FARMACEUTICA DO BRASIL LTDA;11.643.096/0001-22;236364251;19/02/2025;;2025-02-19;;;novo_em_relatorio
Uplizna;AMGEN BIOTECNOLOGIA DO BRASIL LTDA.;18.774.815/0001-93;681136251;21/05/2025;;2025-05-21;;;novo_em_relatorio
BEVANOVIS;BIONOVIS S.A. - COMPANHIA BRASILEIRA DE BIOTECNOLOGIA FARMACEUTICA;12.320.079/0001-17;1157276253;29/08/2025;;2025-08-29;;;novo_em_relatorio
KIMMTRAK;MEDISON PHARMA BRASIL PRODUTOS FARMACEUTICOS LTDA.;48.682.588/0001-37;192823256;11/02/2025;;2025-02-11;;;novo_em_relatorio
DOXAPROST;UNIÃO QUÍMICA FARMACÊUTICA NACIONAL S/A;60.665.981/0001-18;743480252;02/06/2025;;2025-06-02;;;novo_em_relatorio
LIDEXOR GOTAS;GERMED FARMACEUTICA LTDA;45.992.062/0001-65;530496259;17/04/2025;;2025-04-17;;;novo_em_relatorio
ATACAND HCT;BIOPAS BRASIL PRODUTOS FARMACEUTICOS LTDA;31.327.287/0001-92;1199858251;10/09/2025;;2025-09-10;;;novo_em_relatorio
SALIPREVI;EUROFARMA LABORATÓRIOS S.A.;61.190.096/0001-92;1001994256;04/08/2025;;2025-08-04;;;novo_em_relatorio
fosfomicina trometamol;PHARMASCIENCE INDUSTRIA FARMACEUTICA S.A;25.773.037/0001-83;717222250;27/05/2025;;2025-05-27;;;novo_em_relatorio
gabapentina;EUROFARMA LABORATÓRIOS S.A.;61.190.096/0001-92;371175259;19/03/2025;;2025-03-19;;;novo_em_relatorio
V-TOSSE;EUROFARMA LABORATÓRIOS S.A.;61.190.096/0001-92;1016557256;07/08/2025;;2025-08-07;;;novo_em_relatorio
SAUMYA;SUN FARMACÊUTICA DO BRASIL LTDA;05.035.244/0001-23;1543043241;08/11/2024;;2024-11-08;;;novo_em_relatorio
IMDELLTRA;AMGEN BIOTECNOLOGIA DO BRASIL LTDA.;18.774.815/0001-93;1580525245;18/11/2024;;2024-11-18;;;novo_em_relatorio
TARCEVA;BIOPAS BRASIL PRODUTOS FARMACEUTICOS LTDA;31.327.287/0001-92;863651259;01/07/2025;;2025-07-01;;;novo_em_relatorio
HYVORA;BRAINFARMA INDÚSTRIA QUÍMICA E FARMACÊUTICA S.A;05.161.069/0001-10;1178080251;04/09/2025;;2025-09-04;;;novo_em_relatorio
KARBO;EUROFARMA LABORATÓRIOS S.A.;61.190.096/0001-92;1012053253;06/08/2025;;2025-08-06;;;novo_em_relatorio
aripiprazol;MCG INDUSTRIA FARMACEUTICA E IMPORTAÇAO LTDA;18.755.529/0001-80;868171255;02/07/2025;;2025-07-02;;;novo_em_relatorio
VARYLIFT;UNIÃO QUÍMICA FARMACÊUTICA NACIONAL S/A;60.665.981/0001-18;403834244;01/04/2024;;2024-04-01;;;novo_em_relatorio
ELIM;PRATI DONADUZZI & CIA LTDA;73.856.593/0001-66;932929257;18/07/2025;;2025-07-18;;;novo_em_relatorio
manitol 20%;COPERMED COMERCIAL IMPORTADORA LTDA;09.029.404/0001-82;1175026255;03/09/2025;;2025-09-03;;;novo_em_relatorio
ASPDIP;BAYER S.A.;18.459.628/0001-15;1017486255;07/08/2025;;2025-08-07;;;novo_em_relatorio
DOZI;EUROFARMA LABORATÓRIOS S.A.;61.190.096/0001-92;481460250;08/04/2025;;2025-04-08;;;novo_em_relatorio
ONICIT;UNITED MEDICAL LTDA;68.949.239/0001-46;1132788251;22/08/2025;;2025-08-22;;;novo_em_relatorio
GLOBOXAREL;LABORATÓRIO GLOBO SA;17.115.437/0001-73;578874253;29/04/2025;;2025-04-29;;;novo_em_relatorio
HALDOL DECANOATO;MOKSHA8 BRASIL INDUSTRIA E COMERCIO DE MEDICAMENTOS LTDA;07.591.326/0001-80;956859259;22/07/2025;;2025-07-22;;;novo_em_relatorio
hemitartarato de zolpidem;MCG INDUSTRIA FARMACEUTICA E IMPORTAÇAO LTDA;18.755.529/0001-80;646092251;13/05/2025;;2025-05-13;;;novo_em_relatorio
MIRAB;EUROFARMA LABORATÓRIOS S.A.;61.190.096/0001-92;623861259;08/05/2025;;2025-05-08;;;novo_em_relatorio
cloridrato de donepezila;LABORATÓRIO GLOBO SA;17.115.437/0001-73;558950256;25/04/2025;;2025-04-25;;;novo_em_relatorio
NEPEXTO;BIOCON BIOLOGICS DO BRASIL LTDA;38.108.988/0001-80;779733258;10/06/2025;;2025-06-10;;;novo_em_relatorio
HALDOL;MOKSHA8 BRASIL INDUSTRIA E COMERCIO DE MEDICAMENTOS LTDA;07.591.326/0001-80;956623255;22/07/2025;;2025-07-22;;;novo_em_relatorio
EMPAVELI;PINT PHARMA PRODUTOS MEDICO-HOSPITALARES E FARMACEUTICOS LTDA;21.896.000/0001-91;1003330258;04/08/2025;;2025-08-04;;;novo_em_relatorio
cloridrato de loperamida;PHARMASCIENCE INDUSTRIA FARMACEUTICA S.A;25.773.037/0001-83;419271252;27/03/2025;;2025-03-27;;;novo_em_relatorio
PEMAZYRE;UNITED MEDICAL LTDA;68.949.239/0001-46;1194628257;09/09/2025;;2025-09-09;;;novo_em_relatorio
Diaglits;LABORATÓRIO GLOBO SA;17.115.437/0001-73;1153500256;28/08/2025;;2025-08-28;;;novo_em_relatorio
CALMLIVE;PHARMASCIENCE INDUSTRIA FARMACEUTICA S.A;25.773.037/0001-83;744383251;02/06/2025;;2025-06-02;;;novo_em_relatorio
FUNED INSULINA N;FUNDAÇÃO EZEQUIEL DIAS - FUNED;17.503.475/0001-01;1142420256;26/08/2025;;2025-08-26;;;novo_em_relatorio
HULIO;BIOCON BIOLOGICS DO BRASIL LTDA;38.108.988/0001-80;961912251;23/07/2025;;2025-07-23;;;novo_em_relatorio
SEROQUEL;PHARLAB INDÚSTRIA FARMACÊUTICA S.A.;02.501.297/0001-02;844614254;27/06/2025;;2025-06-27;;;novo_em_relatorio
INSUNORM N;BIOCON BIOLOGICS DO BRASIL LTDA;38.108.988/0001-80;973010258;25/07/2025;;2025-07-25;;;novo_em_relatorio
fenofibrato;RANBAXY FARMACÊUTICA LTDA;73.663.650/0001-90;762666251;05/06/2025;;2025-06-05;;;novo_em_relatorio
FRONTLEV;ACHÉ LABORATÓRIOS FARMACÊUTICOS S.A;60.659.463/0029-92;848474244;21/06/2024;;2024-06-21;;;novo_em_relatorio
ATACAND;BIOPAS BRASIL PRODUTOS FARMACEUTICOS LTDA;31.327.287/0001-92;1003523251;04/08/2025;;2025-08-04;;;novo_em_relatorio
dicloridrato de levocetirizina;LABORATÓRIO GLOBO SA;17.115.437/0001-73;827948255;24/06/2025;;2025-06-24;;;novo_em_relatorio
MEC 12;EUROFARMA LABORATÓRIOS S.A.;61.190.096/0001-92;487938259;09/04/2025;;2025-04-09;;;novo_em_relatorio
ácido tranexâmico;LEGRAND PHARMA INDÚSTRIA FARMACÊUTICA LTDA;05.044.984/0001-26;905674251;10/07/2025;;2025-07-10;;;novo_em_relatorio
ZYPREXA;BIOPAS BRASIL PRODUTOS FARMACEUTICOS LTDA;31.327.287/0001-92;912345250;11/07/2025;;2025-07-11;;;novo_em_relatorio
SEDECIB;CIPLA BRASIL IMPORTADORA E DISTRIBUIDORA DE MEDICAMENTOS LTDA;18.268.051/0001-64;638012252;12/05/2025;;2025-05-12;;;novo_em_relatorio
LIDEXTRIN;BIOLAB SANUS FARMACÊUTICA LTDA;49.475.833/0001-06;1085784258;15/08/2025;;2025-08-15;;;novo_em_relatorio
lamotrigina;MEDQUIMICA INDUSTRIA FARMACEUTICA LTDA.;17.875.154/0001-20;1086475259;15/08/2025;;2025-08-15;;;novo_em_relatorio
BIOLME;BIOLAB SANUS FARMACÊUTICA LTDA;49.475.833/0001-06;918079250;15/07/2025;;2025-07-15;;;novo_em_relatorio
naproxeno;UNIÃO QUÍMICA FARMACÊUTICA NACIONAL S/A;60.665.981/0001-18;259156256;24/02/2025;;2025-02-24;;;novo_em_relatorio
água para injetáveis;EQUIPLEX INDÚSTRIA FARMACÊUTICA LTDA;01.784.792/0001-03;1145567258;26/08/2025;;2025-08-26;;;novo_em_relatorio
NORI-1;BIOLAB SANUS FARMACÊUTICA LTDA;49.475.833/0001-06;183940253;10/02/2025;;2025-02-10;;;novo_em_relatorio
telmisartana + hidroclorotiazida;EUROFARMA LABORATÓRIOS S.A.;61.190.096/0001-92;858934256;30/06/2025;;2025-06-30;;;novo_em_relatorio
