"idActiveIngredient","nameActiveIngredient","atcCode","umlsCUI","umlsTUI","therapeuticClass","prefLabel","altLabel"
"http://healdb.org/rdf-schema#AI_100","LINEZOLIDA","http://purl.bioontology.org/ontology/ATC/J01XX08","C0663241","T109","http://purl.bioontology.org/ontology/ATC/J01XX","Other antibacterials in ATC","Other antibacterials"
"http://healdb.org/rdf-schema#AI_100","LINEZOLIDA","http://purl.bioontology.org/ontology/ATC/J01XX08","C0663241","T121","http://purl.bioontology.org/ontology/ATC/J01XX","Other antibacterials in ATC","Other antibacterials"
"http://healdb.org/rdf-schema#AI_1002","DEXTRANA","http://purl.bioontology.org/ontology/ATC/V06DC01","C0017725","T109","http://purl.bioontology.org/ontology/ATC/V06DC","Carbohydrate nutrients","Carbohydrates"
"http://healdb.org/rdf-schema#AI_1002","DEXTRANA","http://purl.bioontology.org/ontology/ATC/V06DC01","C0017725","T121","http://purl.bioontology.org/ontology/ATC/V06DC","Carbohydrate nutrients","Carbohydrates"
"http://healdb.org/rdf-schema#AI_1002","DEXTRANA","http://purl.bioontology.org/ontology/ATC/V06DC01","C0017725","T123","http://purl.bioontology.org/ontology/ATC/V06DC","Carbohydrate nutrients","Carbohydrates"
"http://healdb.org/rdf-schema#AI_1002","DEXTRANA","http://purl.bioontology.org/ontology/ATC/B05CX01","C0017725","T109","http://purl.bioontology.org/ontology/ATC/B05CX","Other irrigating solutions in ATC","Other irrigating solutions"
"http://healdb.org/rdf-schema#AI_1002","DEXTRANA","http://purl.bioontology.org/ontology/ATC/B05CX01","C0017725","T121","http://purl.bioontology.org/ontology/ATC/B05CX","Other irrigating solutions in ATC","Other irrigating solutions"
"http://healdb.org/rdf-schema#AI_1002","DEXTRANA","http://purl.bioontology.org/ontology/ATC/B05CX01","C0017725","T123","http://purl.bioontology.org/ontology/ATC/B05CX","Other irrigating solutions in ATC","Other irrigating solutions"
"http://healdb.org/rdf-schema#AI_1002","DEXTRANA","http://purl.bioontology.org/ontology/ATC/V04CA02","C0017725","T109","http://purl.bioontology.org/ontology/ATC/V04CA","Diagnostic agents for diabetes testing","Tests for diabetes"
"http://healdb.org/rdf-schema#AI_1002","DEXTRANA","http://purl.bioontology.org/ontology/ATC/V04CA02","C0017725","T121","http://purl.bioontology.org/ontology/ATC/V04CA","Diagnostic agents for diabetes testing","Tests for diabetes"
"http://healdb.org/rdf-schema#AI_1002","DEXTRANA","http://purl.bioontology.org/ontology/ATC/V04CA02","C0017725","T123","http://purl.bioontology.org/ontology/ATC/V04CA","Diagnostic agents for diabetes testing","Tests for diabetes"
"http://healdb.org/rdf-schema#AI_1006","HIDROXOCOBALAMINA","http://purl.bioontology.org/ontology/ATC/B03BA03","C0020316","T109","http://purl.bioontology.org/ontology/ATC/B03BA","Vitamin B12 (cyanocobalamin and analogues)",
"http://healdb.org/rdf-schema#AI_1006","HIDROXOCOBALAMINA","http://purl.bioontology.org/ontology/ATC/B03BA03","C0020316","T121","http://purl.bioontology.org/ontology/ATC/B03BA","Vitamin B12 (cyanocobalamin and analogues)",
"http://healdb.org/rdf-schema#AI_1006","HIDROXOCOBALAMINA","http://purl.bioontology.org/ontology/ATC/B03BA03","C0020316","T127","http://purl.bioontology.org/ontology/ATC/B03BA","Vitamin B12 (cyanocobalamin and analogues)",
"http://healdb.org/rdf-schema#AI_1006","HIDROXOCOBALAMINA","http://purl.bioontology.org/ontology/ATC/V03AB33","C0020316","T109","http://purl.bioontology.org/ontology/ATC/V03AB","Antidotes",
"http://healdb.org/rdf-schema#AI_1006","HIDROXOCOBALAMINA","http://purl.bioontology.org/ontology/ATC/V03AB33","C0020316","T121","http://purl.bioontology.org/ontology/ATC/V03AB","Antidotes",
"http://healdb.org/rdf-schema#AI_1006","HIDROXOCOBALAMINA","http://purl.bioontology.org/ontology/ATC/V03AB33","C0020316","T127","http://purl.bioontology.org/ontology/ATC/V03AB","Antidotes",
"http://healdb.org/rdf-schema#AI_1009","DEXLANSOPRAZOL","http://purl.bioontology.org/ontology/ATC/A02BC06","C2348248","T109","http://purl.bioontology.org/ontology/ATC/A02BC","Proton pump inhibitors for peptic ulcer and GORD","Proton pump inhibitors"
"http://healdb.org/rdf-schema#AI_1009","DEXLANSOPRAZOL","http://purl.bioontology.org/ontology/ATC/A02BC06","C2348248","T121","http://purl.bioontology.org/ontology/ATC/A02BC","Proton pump inhibitors for peptic ulcer and GORD","Proton pump inhibitors"
"http://healdb.org/rdf-schema#AI_101","DESONIDA","http://purl.bioontology.org/ontology/ATC/D07AB08","C0011705","T109","http://purl.bioontology.org/ontology/ATC/D07AB","Corticosteroids, moderately potent (group II)",
"http://healdb.org/rdf-schema#AI_101","DESONIDA","http://purl.bioontology.org/ontology/ATC/D07AB08","C0011705","T121","http://purl.bioontology.org/ontology/ATC/D07AB","Corticosteroids, moderately potent (group II)",
"http://healdb.org/rdf-schema#AI_101","DESONIDA","http://purl.bioontology.org/ontology/ATC/S01BA11","C0011705","T109","http://purl.bioontology.org/ontology/ATC/S01BA","Corticosteroid ophthalmologic antiinflammatory agents, plain","Corticosteroids, plain"
"http://healdb.org/rdf-schema#AI_101","DESONIDA","http://purl.bioontology.org/ontology/ATC/S01BA11","C0011705","T121","http://purl.bioontology.org/ontology/ATC/S01BA","Corticosteroid ophthalmologic antiinflammatory agents, plain","Corticosteroids, plain"
"http://healdb.org/rdf-schema#AI_1010","ACETAZOLAMIDA","http://purl.bioontology.org/ontology/ATC/S01EC01","C0000981","T109","http://purl.bioontology.org/ontology/ATC/S01EC","Carbonic anhydrase inhibitors, antiglaucoma drugs and miotics","Carbonic anhydrase inhibitors"
"http://healdb.org/rdf-schema#AI_1010","ACETAZOLAMIDA","http://purl.bioontology.org/ontology/ATC/S01EC01","C0000981","T121","http://purl.bioontology.org/ontology/ATC/S01EC","Carbonic anhydrase inhibitors, antiglaucoma drugs and miotics","Carbonic anhydrase inhibitors"
"http://healdb.org/rdf-schema#AI_1016","BETAISTINA","http://purl.bioontology.org/ontology/ATC/N07CA01","C0005301","T109","http://purl.bioontology.org/ontology/ATC/N07CA","Antivertigo preparations",
"http://healdb.org/rdf-schema#AI_1016","BETAISTINA","http://purl.bioontology.org/ontology/ATC/N07CA01","C0005301","T121","http://purl.bioontology.org/ontology/ATC/N07CA","Antivertigo preparations",
"http://healdb.org/rdf-schema#AI_1023","DIMETICONA","http://purl.bioontology.org/ontology/ATC/P03AX05","C1113707","T109","http://purl.bioontology.org/ontology/ATC/P03AX","Other ectoparasiticides, incl. scabicides in ATC","Other ectoparasiticides, incl. scabicides"
"http://healdb.org/rdf-schema#AI_1023","DIMETICONA","http://purl.bioontology.org/ontology/ATC/P03AX05","C1113707","T121","http://purl.bioontology.org/ontology/ATC/P03AX","Other ectoparasiticides, incl. scabicides in ATC","Other ectoparasiticides, incl. scabicides"
"http://healdb.org/rdf-schema#AI_1024","PEPSINA","http://purl.bioontology.org/ontology/ATC/A09AA03","C0030909","T116","http://purl.bioontology.org/ontology/ATC/A09AA","Enzyme preparations, digestives","Enzyme preparations"
"http://healdb.org/rdf-schema#AI_1024","PEPSINA","http://purl.bioontology.org/ontology/ATC/A09AA03","C0030909","T121","http://purl.bioontology.org/ontology/ATC/A09AA","Enzyme preparations, digestives","Enzyme preparations"
"http://healdb.org/rdf-schema#AI_1024","PEPSINA","http://purl.bioontology.org/ontology/ATC/A09AA03","C0030909","T126","http://purl.bioontology.org/ontology/ATC/A09AA","Enzyme preparations, digestives","Enzyme preparations"
"http://healdb.org/rdf-schema#AI_1025","ACIDO CITRICO","http://purl.bioontology.org/ontology/ATC/A09AB04","C0055819","T109","http://purl.bioontology.org/ontology/ATC/A09AB","Acid preparations, digestives","Acid preparations"
"http://healdb.org/rdf-schema#AI_1025","ACIDO CITRICO","http://purl.bioontology.org/ontology/ATC/A09AB04","C0055819","T121","http://purl.bioontology.org/ontology/ATC/A09AB","Acid preparations, digestives","Acid preparations"
"http://healdb.org/rdf-schema#AI_1025","ACIDO CITRICO","http://purl.bioontology.org/ontology/ATC/A09AB04","C0055819","T123","http://purl.bioontology.org/ontology/ATC/A09AB","Acid preparations, digestives","Acid preparations"
"http://healdb.org/rdf-schema#AI_1028","DIMENIDRINATO","http://purl.bioontology.org/ontology/ATC/R06AA11","C0012381","T109","http://purl.bioontology.org/ontology/ATC/R06AA","Aminoalkyl ethers, systemic antihistamines","Aminoalkyl ethers"
"http://healdb.org/rdf-schema#AI_1028","DIMENIDRINATO","http://purl.bioontology.org/ontology/ATC/R06AA11","C0012381","T121","http://purl.bioontology.org/ontology/ATC/R06AA","Aminoalkyl ethers, systemic antihistamines","Aminoalkyl ethers"
"http://healdb.org/rdf-schema#AI_103","PANTOPRAZOL","http://purl.bioontology.org/ontology/ATC/A02BC02","C0081876","T109","http://purl.bioontology.org/ontology/ATC/A02BC","Proton pump inhibitors for peptic ulcer and GORD","Proton pump inhibitors"
"http://healdb.org/rdf-schema#AI_103","PANTOPRAZOL","http://purl.bioontology.org/ontology/ATC/A02BC02","C0081876","T121","http://purl.bioontology.org/ontology/ATC/A02BC","Proton pump inhibitors for peptic ulcer and GORD","Proton pump inhibitors"
"http://healdb.org/rdf-schema#AI_1030","ÁCIDO BÓRICO","http://purl.bioontology.org/ontology/ATC/D08AD","C3653521","T121","http://purl.bioontology.org/ontology/ATC/D08A","ANTISEPTICS AND DISINFECTANTS",
"http://healdb.org/rdf-schema#AI_1030","ÁCIDO BÓRICO","http://purl.bioontology.org/ontology/ATC/S02AA03","C0006020","T121","http://purl.bioontology.org/ontology/ATC/S02AA","Antiinfectives",
"http://healdb.org/rdf-schema#AI_1030","ÁCIDO BÓRICO","http://purl.bioontology.org/ontology/ATC/S02AA03","C0006020","T197","http://purl.bioontology.org/ontology/ATC/S02AA","Antiinfectives",
"http://healdb.org/rdf-schema#AI_1031","DIODARONE","http://purl.bioontology.org/ontology/ATC/C01BD01","C0002598","T109","http://purl.bioontology.org/ontology/ATC/C01BD","Antiarrhythmics, class III",
"http://healdb.org/rdf-schema#AI_1031","DIODARONE","http://purl.bioontology.org/ontology/ATC/C01BD01","C0002598","T121","http://purl.bioontology.org/ontology/ATC/C01BD","Antiarrhythmics, class III",
"http://healdb.org/rdf-schema#AI_1032","ALANILGLUTAMINA","http://purl.bioontology.org/ontology/ATC/B05XB02","C0051080","T116","http://purl.bioontology.org/ontology/ATC/B05XB","Amino Acids, I.V. solution additive","Amino acids"
"http://healdb.org/rdf-schema#AI_1032","ALANILGLUTAMINA","http://purl.bioontology.org/ontology/ATC/B05XB02","C0051080","T121","http://purl.bioontology.org/ontology/ATC/B05XB","Amino Acids, I.V. solution additive","Amino acids"
"http://healdb.org/rdf-schema#AI_1032","ALANILGLUTAMINA","http://purl.bioontology.org/ontology/ATC/B05XB02","C0051080","T123","http://purl.bioontology.org/ontology/ATC/B05XB","Amino Acids, I.V. solution additive","Amino acids"
"http://healdb.org/rdf-schema#AI_1033","DIPIRIDAMOL","http://purl.bioontology.org/ontology/ATC/B01AC07","C0012582","T109","http://purl.bioontology.org/ontology/ATC/B01AC","Platelet aggregation inhibitors excl. heparin",
"http://healdb.org/rdf-schema#AI_1033","DIPIRIDAMOL","http://purl.bioontology.org/ontology/ATC/B01AC07","C0012582","T121","http://purl.bioontology.org/ontology/ATC/B01AC","Platelet aggregation inhibitors excl. heparin",
"http://healdb.org/rdf-schema#AI_1034","DIPIRONA SODICA","http://purl.bioontology.org/ontology/ATC/N02BB02","C3714569","T109","http://purl.bioontology.org/ontology/ATC/N02BB","Pyrazolones, analgesics and antipyretics","Pyrazolones"
"http://healdb.org/rdf-schema#AI_1034","DIPIRONA SODICA","http://purl.bioontology.org/ontology/ATC/N02BB02","C3714569","T121","http://purl.bioontology.org/ontology/ATC/N02BB","Pyrazolones, analgesics and antipyretics","Pyrazolones"
"http://healdb.org/rdf-schema#AI_1036","PROPOFOL","http://purl.bioontology.org/ontology/ATC/N01AX10","C0033487","T109","http://purl.bioontology.org/ontology/ATC/N01AX","Other general anesthetics in ATC","Other general anesthetics"
"http://healdb.org/rdf-schema#AI_1036","PROPOFOL","http://purl.bioontology.org/ontology/ATC/N01AX10","C0033487","T121","http://purl.bioontology.org/ontology/ATC/N01AX","Other general anesthetics in ATC","Other general anesthetics"
"http://healdb.org/rdf-schema#AI_1039","FUROSEMIDA","http://purl.bioontology.org/ontology/ATC/C03CA01","C0016860","T109","http://purl.bioontology.org/ontology/ATC/C03CA","sulfonamides, high-ceiling diuretics, plain","Sulfonamides, plain"
"http://healdb.org/rdf-schema#AI_1039","FUROSEMIDA","http://purl.bioontology.org/ontology/ATC/C03CA01","C0016860","T121","http://purl.bioontology.org/ontology/ATC/C03CA","sulfonamides, high-ceiling diuretics, plain","Sulfonamides, plain"
"http://healdb.org/rdf-schema#AI_104","IBUPROFENO","http://purl.bioontology.org/ontology/ATC/G02CC01","C0020740","T109","http://purl.bioontology.org/ontology/ATC/G02CC","Antiinflammatory products for vaginal administration",
"http://healdb.org/rdf-schema#AI_104","IBUPROFENO","http://purl.bioontology.org/ontology/ATC/G02CC01","C0020740","T121","http://purl.bioontology.org/ontology/ATC/G02CC","Antiinflammatory products for vaginal administration",
"http://healdb.org/rdf-schema#AI_104","IBUPROFENO","http://purl.bioontology.org/ontology/ATC/M02AA13","C0020740","T109","http://purl.bioontology.org/ontology/ATC/M02AA","Antiinflammatory preparations, non-steroids for topical use",
"http://healdb.org/rdf-schema#AI_104","IBUPROFENO","http://purl.bioontology.org/ontology/ATC/M02AA13","C0020740","T121","http://purl.bioontology.org/ontology/ATC/M02AA","Antiinflammatory preparations, non-steroids for topical use",
"http://healdb.org/rdf-schema#AI_104","IBUPROFENO","http://purl.bioontology.org/ontology/ATC/C01EB16","C0020740","T109","http://purl.bioontology.org/ontology/ATC/C01EB","Other plain cardiac preparations in ATC","Other cardiac preparations"
"http://healdb.org/rdf-schema#AI_104","IBUPROFENO","http://purl.bioontology.org/ontology/ATC/C01EB16","C0020740","T121","http://purl.bioontology.org/ontology/ATC/C01EB","Other plain cardiac preparations in ATC","Other cardiac preparations"
"http://healdb.org/rdf-schema#AI_104","IBUPROFENO","http://purl.bioontology.org/ontology/ATC/R02AX02","C0020740","T109","http://purl.bioontology.org/ontology/ATC/R02AX","Other throat preparations in ATC","Other throat preparations"
"http://healdb.org/rdf-schema#AI_104","IBUPROFENO","http://purl.bioontology.org/ontology/ATC/R02AX02","C0020740","T121","http://purl.bioontology.org/ontology/ATC/R02AX","Other throat preparations in ATC","Other throat preparations"
"http://healdb.org/rdf-schema#AI_104","IBUPROFENO","http://purl.bioontology.org/ontology/ATC/M01AE01","C0020740","T109","http://purl.bioontology.org/ontology/ATC/M01AE","Propionic acid derivatives, antiinflammatory and antirheumatic products","Propionic acid derivatives"
"http://healdb.org/rdf-schema#AI_104","IBUPROFENO","http://purl.bioontology.org/ontology/ATC/M01AE01","C0020740","T121","http://purl.bioontology.org/ontology/ATC/M01AE","Propionic acid derivatives, antiinflammatory and antirheumatic products","Propionic acid derivatives"
"http://healdb.org/rdf-schema#AI_1043","DOBESILATO DE CÁLCIO","http://purl.bioontology.org/ontology/ATC/C05BX01","C0006694","T109","http://purl.bioontology.org/ontology/ATC/C05BX","Other sclerosing agents in ATC","Other sclerosing agents"
"http://healdb.org/rdf-schema#AI_1043","DOBESILATO DE CÁLCIO","http://purl.bioontology.org/ontology/ATC/C05BX01","C0006694","T121","http://purl.bioontology.org/ontology/ATC/C05BX","Other sclerosing agents in ATC","Other sclerosing agents"
"http://healdb.org/rdf-schema#AI_1044","DOCETAXEL","http://purl.bioontology.org/ontology/ATC/L01CD02","C0246415","T109","http://purl.bioontology.org/ontology/ATC/L01CD","Taxanes, antineoplastic","Taxanes"
"http://healdb.org/rdf-schema#AI_1044","DOCETAXEL","http://purl.bioontology.org/ontology/ATC/L01CD02","C0246415","T121","http://purl.bioontology.org/ontology/ATC/L01CD","Taxanes, antineoplastic","Taxanes"
"http://healdb.org/rdf-schema#AI_1048","DOMPERIDONA","http://purl.bioontology.org/ontology/ATC/A03FA03","C0013015","T109","http://purl.bioontology.org/ontology/ATC/A03FA","Propulsives",
"http://healdb.org/rdf-schema#AI_1048","DOMPERIDONA","http://purl.bioontology.org/ontology/ATC/A03FA03","C0013015","T121","http://purl.bioontology.org/ontology/ATC/A03FA","Propulsives",
"http://healdb.org/rdf-schema#AI_105","INSULINA LISPRO","http://purl.bioontology.org/ontology/ATC/A10AB04","C0293359","T116","http://purl.bioontology.org/ontology/ATC/A10AB","Insulins and analogues for injection, fast-acting",
"http://healdb.org/rdf-schema#AI_105","INSULINA LISPRO","http://purl.bioontology.org/ontology/ATC/A10AB04","C0293359","T121","http://purl.bioontology.org/ontology/ATC/A10AB","Insulins and analogues for injection, fast-acting",
"http://healdb.org/rdf-schema#AI_105","INSULINA LISPRO","http://purl.bioontology.org/ontology/ATC/A10AB04","C0293359","T125","http://purl.bioontology.org/ontology/ATC/A10AB","Insulins and analogues for injection, fast-acting",
"http://healdb.org/rdf-schema#AI_105","INSULINA LISPRO","http://purl.bioontology.org/ontology/ATC/A10AC04","C0293359","T116","http://purl.bioontology.org/ontology/ATC/A10AC","Insulins and analogues for injection, intermediate-acting",
"http://healdb.org/rdf-schema#AI_105","INSULINA LISPRO","http://purl.bioontology.org/ontology/ATC/A10AC04","C0293359","T121","http://purl.bioontology.org/ontology/ATC/A10AC","Insulins and analogues for injection, intermediate-acting",
"http://healdb.org/rdf-schema#AI_105","INSULINA LISPRO","http://purl.bioontology.org/ontology/ATC/A10AC04","C0293359","T125","http://purl.bioontology.org/ontology/ATC/A10AC","Insulins and analogues for injection, intermediate-acting",
"http://healdb.org/rdf-schema#AI_105","INSULINA LISPRO","http://purl.bioontology.org/ontology/ATC/A10AD04","C0293359","T116","http://purl.bioontology.org/ontology/ATC/A10AD","Insulins and analogues for injection used in Diabetes, intermediate- or long-acting combined with fast-acting","Insulins and analogues for injection, intermediate- or long-acting combined with fast-acting"
"http://healdb.org/rdf-schema#AI_105","INSULINA LISPRO","http://purl.bioontology.org/ontology/ATC/A10AD04","C0293359","T121","http://purl.bioontology.org/ontology/ATC/A10AD","Insulins and analogues for injection used in Diabetes, intermediate- or long-acting combined with fast-acting","Insulins and analogues for injection, intermediate- or long-acting combined with fast-acting"
"http://healdb.org/rdf-schema#AI_105","INSULINA LISPRO","http://purl.bioontology.org/ontology/ATC/A10AD04","C0293359","T125","http://purl.bioontology.org/ontology/ATC/A10AD","Insulins and analogues for injection used in Diabetes, intermediate- or long-acting combined with fast-acting","Insulins and analogues for injection, intermediate- or long-acting combined with fast-acting"
"http://healdb.org/rdf-schema#AI_1050","PROCAÍNA","http://purl.bioontology.org/ontology/ATC/S01HA05","C0033218","T109","http://purl.bioontology.org/ontology/ATC/S01HA","Local anesthetics",
"http://healdb.org/rdf-schema#AI_1050","PROCAÍNA","http://purl.bioontology.org/ontology/ATC/S01HA05","C0033218","T121","http://purl.bioontology.org/ontology/ATC/S01HA","Local anesthetics",
"http://healdb.org/rdf-schema#AI_1050","PROCAÍNA","http://purl.bioontology.org/ontology/ATC/N01BA02","C0033218","T109","http://purl.bioontology.org/ontology/ATC/N01BA","Esters of aminobenzoic acid for local anesthesia","Esters of aminobenzoic acid"
"http://healdb.org/rdf-schema#AI_1050","PROCAÍNA","http://purl.bioontology.org/ontology/ATC/N01BA02","C0033218","T121","http://purl.bioontology.org/ontology/ATC/N01BA","Esters of aminobenzoic acid for local anesthesia","Esters of aminobenzoic acid"
"http://healdb.org/rdf-schema#AI_1050","PROCAÍNA","http://purl.bioontology.org/ontology/ATC/C05AD05","C0033218","T109","http://purl.bioontology.org/ontology/ATC/C05AD","Local anesthetics for treatment of hemorrhoids and anal fissures for topical use","Local anesthetics"
"http://healdb.org/rdf-schema#AI_1050","PROCAÍNA","http://purl.bioontology.org/ontology/ATC/C05AD05","C0033218","T121","http://purl.bioontology.org/ontology/ATC/C05AD","Local anesthetics for treatment of hemorrhoids and anal fissures for topical use","Local anesthetics"
"http://healdb.org/rdf-schema#AI_1052","CITRATO DE CÁLCIO","http://purl.bioontology.org/ontology/ATC/A12AA13","C0108101","T109","http://purl.bioontology.org/ontology/ATC/A12AA","Calcium",
"http://healdb.org/rdf-schema#AI_1052","CITRATO DE CÁLCIO","http://purl.bioontology.org/ontology/ATC/A12AA13","C0108101","T121","http://purl.bioontology.org/ontology/ATC/A12AA","Calcium",
"http://healdb.org/rdf-schema#AI_1053","FEREDEDATO DE SÓDIO","http://purl.bioontology.org/ontology/ATC/B03AB03","C0357084","T121","http://purl.bioontology.org/ontology/ATC/B03AB","Iron trivalent, oral antianemic preparations","Iron trivalent, oral preparations"
"http://healdb.org/rdf-schema#AI_1053","FEREDEDATO DE SÓDIO","http://purl.bioontology.org/ontology/ATC/B03AB03","C0357084","T197","http://purl.bioontology.org/ontology/ATC/B03AB","Iron trivalent, oral antianemic preparations","Iron trivalent, oral preparations"
"http://healdb.org/rdf-schema#AI_1056","MIDAZOLAM","http://purl.bioontology.org/ontology/ATC/N05CD08","C0026056","T109","http://purl.bioontology.org/ontology/ATC/N05CD","Benzodiazepine derivative hypnotics and sedatives","Benzodiazepine derivatives"
"http://healdb.org/rdf-schema#AI_1056","MIDAZOLAM","http://purl.bioontology.org/ontology/ATC/N05CD08","C0026056","T121","http://purl.bioontology.org/ontology/ATC/N05CD","Benzodiazepine derivative hypnotics and sedatives","Benzodiazepine derivatives"
"http://healdb.org/rdf-schema#AI_1062","FLUDROXICORTIDA","http://purl.bioontology.org/ontology/ATC/D07AC08","C0016299","T109","http://purl.bioontology.org/ontology/ATC/D07AC","Corticosteroids, potent (group III)",
"http://healdb.org/rdf-schema#AI_1062","FLUDROXICORTIDA","http://purl.bioontology.org/ontology/ATC/D07AC08","C0016299","T121","http://purl.bioontology.org/ontology/ATC/D07AC","Corticosteroids, potent (group III)",
"http://healdb.org/rdf-schema#AI_1062","FLUDROXICORTIDA","http://purl.bioontology.org/ontology/ATC/C05AA11","C0016299","T109","http://purl.bioontology.org/ontology/ATC/C05AA","Corticosteroids, topical for treatment of hemorrhoids and anal fissures","Corticosteroids"
"http://healdb.org/rdf-schema#AI_1062","FLUDROXICORTIDA","http://purl.bioontology.org/ontology/ATC/C05AA11","C0016299","T121","http://purl.bioontology.org/ontology/ATC/C05AA","Corticosteroids, topical for treatment of hemorrhoids and anal fissures","Corticosteroids"
"http://healdb.org/rdf-schema#AI_1063","FLUDOXICORTIDA","http://purl.bioontology.org/ontology/ATC/D07AC07","C0016374","T109","http://purl.bioontology.org/ontology/ATC/D07AC","Corticosteroids, potent (group III)",
"http://healdb.org/rdf-schema#AI_1063","FLUDOXICORTIDA","http://purl.bioontology.org/ontology/ATC/D07AC07","C0016374","T121","http://purl.bioontology.org/ontology/ATC/D07AC","Corticosteroids, potent (group III)",
"http://healdb.org/rdf-schema#AI_1063","FLUDOXICORTIDA","http://purl.bioontology.org/ontology/ATC/D07AC07","C0016374","T125","http://purl.bioontology.org/ontology/ATC/D07AC","Corticosteroids, potent (group III)",
"http://healdb.org/rdf-schema#AI_1064","DROPERIDOL","http://purl.bioontology.org/ontology/ATC/N05AD08","C0013136","T109","http://purl.bioontology.org/ontology/ATC/N05AD","Butyrophenone derivatives, antipsychotics","Butyrophenone derivatives"
"http://healdb.org/rdf-schema#AI_1064","DROPERIDOL","http://purl.bioontology.org/ontology/ATC/N05AD08","C0013136","T121","http://purl.bioontology.org/ontology/ATC/N05AD","Butyrophenone derivatives, antipsychotics","Butyrophenone derivatives"
"http://healdb.org/rdf-schema#AI_1065","HIDRÓXIDO DE ALUMÍNIO","http://purl.bioontology.org/ontology/ATC/A02AB01","C0002371","T121","http://purl.bioontology.org/ontology/ATC/A02AB","antacids containing aluminium compounds","Aluminium compounds"
"http://healdb.org/rdf-schema#AI_1065","HIDRÓXIDO DE ALUMÍNIO","http://purl.bioontology.org/ontology/ATC/A02AB01","C0002371","T197","http://purl.bioontology.org/ontology/ATC/A02AB","antacids containing aluminium compounds","Aluminium compounds"
"http://healdb.org/rdf-schema#AI_1066","HIDRÓXIDO DE MAGNÉSIO","http://purl.bioontology.org/ontology/ATC/A02AA04","C0024476","T121","http://purl.bioontology.org/ontology/ATC/A02AA","antacids containing magnesium compounds","Magnesium compounds"
"http://healdb.org/rdf-schema#AI_1066","HIDRÓXIDO DE MAGNÉSIO","http://purl.bioontology.org/ontology/ATC/A02AA04","C0024476","T197","http://purl.bioontology.org/ontology/ATC/A02AA","antacids containing magnesium compounds","Magnesium compounds"
"http://healdb.org/rdf-schema#AI_1066","HIDRÓXIDO DE MAGNÉSIO","http://purl.bioontology.org/ontology/ATC/G04BX01","C0024476","T121","http://purl.bioontology.org/ontology/ATC/G04BX","Other urologicals in ATC","Other urologicals"
"http://healdb.org/rdf-schema#AI_1066","HIDRÓXIDO DE MAGNÉSIO","http://purl.bioontology.org/ontology/ATC/G04BX01","C0024476","T197","http://purl.bioontology.org/ontology/ATC/G04BX","Other urologicals in ATC","Other urologicals"
"http://healdb.org/rdf-schema#AI_1071","ETODOLACO","http://purl.bioontology.org/ontology/ATC/M01AB08","C0059865","T109","http://purl.bioontology.org/ontology/ATC/M01AB","Acetic acid derivatives and related substances",
"http://healdb.org/rdf-schema#AI_1071","ETODOLACO","http://purl.bioontology.org/ontology/ATC/M01AB08","C0059865","T121","http://purl.bioontology.org/ontology/ATC/M01AB","Acetic acid derivatives and related substances",
"http://healdb.org/rdf-schema#AI_1072","TIGECICLINA","http://purl.bioontology.org/ontology/ATC/J01AA12","C1260298","T109","http://purl.bioontology.org/ontology/ATC/J01AA","Tetracyclines",
"http://healdb.org/rdf-schema#AI_1072","TIGECICLINA","http://purl.bioontology.org/ontology/ATC/J01AA12","C1260298","T195","http://purl.bioontology.org/ontology/ATC/J01AA","Tetracyclines",
"http://healdb.org/rdf-schema#AI_1075","TRAVOPROSTA","http://purl.bioontology.org/ontology/ATC/S01EE04","C0937916","T109","http://purl.bioontology.org/ontology/ATC/S01EE","Prostaglandin analogues, antiglaucoma drugs and miotics","Prostaglandin analogues"
"http://healdb.org/rdf-schema#AI_1075","TRAVOPROSTA","http://purl.bioontology.org/ontology/ATC/S01EE04","C0937916","T121","http://purl.bioontology.org/ontology/ATC/S01EE","Prostaglandin analogues, antiglaucoma drugs and miotics","Prostaglandin analogues"
"http://healdb.org/rdf-schema#AI_1077","ÁCIDO LÁTICO","http://purl.bioontology.org/ontology/ATC/G01AD01","C0064582","T109","http://purl.bioontology.org/ontology/ATC/G01AD","Organic acids, Gynecological","Organic acids"
"http://healdb.org/rdf-schema#AI_1077","ÁCIDO LÁTICO","http://purl.bioontology.org/ontology/ATC/G01AD01","C0064582","T121","http://purl.bioontology.org/ontology/ATC/G01AD","Organic acids, Gynecological","Organic acids"
"http://healdb.org/rdf-schema#AI_1077","ÁCIDO LÁTICO","http://purl.bioontology.org/ontology/ATC/G01AD01","C0064582","T123","http://purl.bioontology.org/ontology/ATC/G01AD","Organic acids, Gynecological","Organic acids"
"http://healdb.org/rdf-schema#AI_1079","LACTULOSE","http://purl.bioontology.org/ontology/ATC/A06AD11","C0022957","T109","http://purl.bioontology.org/ontology/ATC/A06AD","Osmotically acting laxatives",
"http://healdb.org/rdf-schema#AI_1079","LACTULOSE","http://purl.bioontology.org/ontology/ATC/A06AD11","C0022957","T121","http://purl.bioontology.org/ontology/ATC/A06AD","Osmotically acting laxatives",
"http://healdb.org/rdf-schema#AI_1080","DIDROGESTERONA","http://purl.bioontology.org/ontology/ATC/G03DB01","C0013340","T109","http://purl.bioontology.org/ontology/ATC/G03DB","Pregnadien derivatives, progestogens","Pregnadien derivatives"
"http://healdb.org/rdf-schema#AI_1080","DIDROGESTERONA","http://purl.bioontology.org/ontology/ATC/G03DB01","C0013340","T121","http://purl.bioontology.org/ontology/ATC/G03DB","Pregnadien derivatives, progestogens","Pregnadien derivatives"
"http://healdb.org/rdf-schema#AI_1080","DIDROGESTERONA","http://purl.bioontology.org/ontology/ATC/G03DB01","C0013340","T125","http://purl.bioontology.org/ontology/ATC/G03DB","Pregnadien derivatives, progestogens","Pregnadien derivatives"
"http://healdb.org/rdf-schema#AI_1086","FENTANILA","http://purl.bioontology.org/ontology/ATC/N01AH01","C0015846","T109","http://purl.bioontology.org/ontology/ATC/N01AH","Opioid anesthetics",
"http://healdb.org/rdf-schema#AI_1086","FENTANILA","http://purl.bioontology.org/ontology/ATC/N01AH01","C0015846","T121","http://purl.bioontology.org/ontology/ATC/N01AH","Opioid anesthetics",
"http://healdb.org/rdf-schema#AI_1086","FENTANILA","http://purl.bioontology.org/ontology/ATC/N02AB03","C0015846","T109","http://purl.bioontology.org/ontology/ATC/N02AB","Phenylpiperidine derivatives, opioid analgesics","Phenylpiperidine derivatives"
"http://healdb.org/rdf-schema#AI_1086","FENTANILA","http://purl.bioontology.org/ontology/ATC/N02AB03","C0015846","T121","http://purl.bioontology.org/ontology/ATC/N02AB","Phenylpiperidine derivatives, opioid analgesics","Phenylpiperidine derivatives"
"http://healdb.org/rdf-schema#AI_1088","ÁCIDO URSODESOXICÓLICO","http://purl.bioontology.org/ontology/ATC/A05AA02","C0042105","T109","http://purl.bioontology.org/ontology/ATC/A05AA","Bile acids and derivatives for bile therapy","Bile acids and derivatives"
"http://healdb.org/rdf-schema#AI_1088","ÁCIDO URSODESOXICÓLICO","http://purl.bioontology.org/ontology/ATC/A05AA02","C0042105","T121","http://purl.bioontology.org/ontology/ATC/A05AA","Bile acids and derivatives for bile therapy","Bile acids and derivatives"
"http://healdb.org/rdf-schema#AI_1088","ÁCIDO URSODESOXICÓLICO","http://purl.bioontology.org/ontology/ATC/A05AA02","C0042105","T123","http://purl.bioontology.org/ontology/ATC/A05AA","Bile acids and derivatives for bile therapy","Bile acids and derivatives"
"http://healdb.org/rdf-schema#AI_1089","ÁLCOOL BENZÍLICO","http://purl.bioontology.org/ontology/ATC/P03AX06","C0005100","T109","http://purl.bioontology.org/ontology/ATC/P03AX","Other ectoparasiticides, incl. scabicides in ATC","Other ectoparasiticides, incl. scabicides"
"http://healdb.org/rdf-schema#AI_1089","ÁLCOOL BENZÍLICO","http://purl.bioontology.org/ontology/ATC/P03AX06","C0005100","T121","http://purl.bioontology.org/ontology/ATC/P03AX","Other ectoparasiticides, incl. scabicides in ATC","Other ectoparasiticides, incl. scabicides"
"http://healdb.org/rdf-schema#AI_109","EPINEFRINA","http://purl.bioontology.org/ontology/ATC/B02BC09","C0014563","T109","http://purl.bioontology.org/ontology/ATC/B02BC","Local hemostatics",
"http://healdb.org/rdf-schema#AI_109","EPINEFRINA","http://purl.bioontology.org/ontology/ATC/B02BC09","C0014563","T121","http://purl.bioontology.org/ontology/ATC/B02BC","Local hemostatics",
"http://healdb.org/rdf-schema#AI_109","EPINEFRINA","http://purl.bioontology.org/ontology/ATC/B02BC09","C0014563","T125","http://purl.bioontology.org/ontology/ATC/B02BC","Local hemostatics",
"http://healdb.org/rdf-schema#AI_109","EPINEFRINA","http://purl.bioontology.org/ontology/ATC/R01AA14","C0014563","T109","http://purl.bioontology.org/ontology/ATC/R01AA","Sympathomimetics, plain",
"http://healdb.org/rdf-schema#AI_109","EPINEFRINA","http://purl.bioontology.org/ontology/ATC/R01AA14","C0014563","T121","http://purl.bioontology.org/ontology/ATC/R01AA","Sympathomimetics, plain",
"http://healdb.org/rdf-schema#AI_109","EPINEFRINA","http://purl.bioontology.org/ontology/ATC/R01AA14","C0014563","T125","http://purl.bioontology.org/ontology/ATC/R01AA","Sympathomimetics, plain",
"http://healdb.org/rdf-schema#AI_109","EPINEFRINA","http://purl.bioontology.org/ontology/ATC/S01EA01","C0014563","T109","http://purl.bioontology.org/ontology/ATC/S01EA","Sympathomimetics in glaucoma therapy",
"http://healdb.org/rdf-schema#AI_109","EPINEFRINA","http://purl.bioontology.org/ontology/ATC/S01EA01","C0014563","T121","http://purl.bioontology.org/ontology/ATC/S01EA","Sympathomimetics in glaucoma therapy",
"http://healdb.org/rdf-schema#AI_109","EPINEFRINA","http://purl.bioontology.org/ontology/ATC/S01EA01","C0014563","T125","http://purl.bioontology.org/ontology/ATC/S01EA","Sympathomimetics in glaucoma therapy",
"http://healdb.org/rdf-schema#AI_109","EPINEFRINA","http://purl.bioontology.org/ontology/ATC/C01CA24","C0014563","T109","http://purl.bioontology.org/ontology/ATC/C01CA","Adrenergic and dopaminergic cardiac stimulants","Adrenergic and dopaminergic agents"
"http://healdb.org/rdf-schema#AI_109","EPINEFRINA","http://purl.bioontology.org/ontology/ATC/C01CA24","C0014563","T121","http://purl.bioontology.org/ontology/ATC/C01CA","Adrenergic and dopaminergic cardiac stimulants","Adrenergic and dopaminergic agents"
"http://healdb.org/rdf-schema#AI_109","EPINEFRINA","http://purl.bioontology.org/ontology/ATC/C01CA24","C0014563","T125","http://purl.bioontology.org/ontology/ATC/C01CA","Adrenergic and dopaminergic cardiac stimulants","Adrenergic and dopaminergic agents"
"http://healdb.org/rdf-schema#AI_109","EPINEFRINA","http://purl.bioontology.org/ontology/ATC/R03AA01","C0014563","T109","http://purl.bioontology.org/ontology/ATC/R03AA","Alpha- and beta-adrenoreceptor agonist inhalants","Alpha- and beta-adrenoreceptor agonists"
"http://healdb.org/rdf-schema#AI_109","EPINEFRINA","http://purl.bioontology.org/ontology/ATC/R03AA01","C0014563","T121","http://purl.bioontology.org/ontology/ATC/R03AA","Alpha- and beta-adrenoreceptor agonist inhalants","Alpha- and beta-adrenoreceptor agonists"
"http://healdb.org/rdf-schema#AI_109","EPINEFRINA","http://purl.bioontology.org/ontology/ATC/R03AA01","C0014563","T125","http://purl.bioontology.org/ontology/ATC/R03AA","Alpha- and beta-adrenoreceptor agonist inhalants","Alpha- and beta-adrenoreceptor agonists"
"http://healdb.org/rdf-schema#AI_109","EPINEFRINA","http://purl.bioontology.org/ontology/ATC/A01AD01","C0014563","T109","http://purl.bioontology.org/ontology/ATC/A01AD","Other agents for local oral treatment in ATC","Other agents for local oral treatment"
"http://healdb.org/rdf-schema#AI_109","EPINEFRINA","http://purl.bioontology.org/ontology/ATC/A01AD01","C0014563","T121","http://purl.bioontology.org/ontology/ATC/A01AD","Other agents for local oral treatment in ATC","Other agents for local oral treatment"
"http://healdb.org/rdf-schema#AI_109","EPINEFRINA","http://purl.bioontology.org/ontology/ATC/A01AD01","C0014563","T125","http://purl.bioontology.org/ontology/ATC/A01AD","Other agents for local oral treatment in ATC","Other agents for local oral treatment"
"http://healdb.org/rdf-schema#AI_1090","MECOBALAMINA","http://purl.bioontology.org/ontology/ATC/B03BA05","C0065844","T109","http://purl.bioontology.org/ontology/ATC/B03BA","Vitamin B12 (cyanocobalamin and analogues)",
"http://healdb.org/rdf-schema#AI_1090","MECOBALAMINA","http://purl.bioontology.org/ontology/ATC/B03BA05","C0065844","T121","http://purl.bioontology.org/ontology/ATC/B03BA","Vitamin B12 (cyanocobalamin and analogues)",
"http://healdb.org/rdf-schema#AI_1090","MECOBALAMINA","http://purl.bioontology.org/ontology/ATC/B03BA05","C0065844","T127","http://purl.bioontology.org/ontology/ATC/B03BA","Vitamin B12 (cyanocobalamin and analogues)",
"http://healdb.org/rdf-schema#AI_1091","FRUTOSE","http://purl.bioontology.org/ontology/ATC/V06DC02","C0016745","T109","http://purl.bioontology.org/ontology/ATC/V06DC","Carbohydrate nutrients","Carbohydrates"
"http://healdb.org/rdf-schema#AI_1091","FRUTOSE","http://purl.bioontology.org/ontology/ATC/V06DC02","C0016745","T121","http://purl.bioontology.org/ontology/ATC/V06DC","Carbohydrate nutrients","Carbohydrates"
"http://healdb.org/rdf-schema#AI_1092","BROMETO DE ACLIDÍNIO","http://purl.bioontology.org/ontology/ATC/R03BB05","C2699758","T109","http://purl.bioontology.org/ontology/ATC/R03BB","Anticholinergics inhalants for obstructive airway diseases","Anticholinergics"
"http://healdb.org/rdf-schema#AI_1092","BROMETO DE ACLIDÍNIO","http://purl.bioontology.org/ontology/ATC/R03BB05","C2699758","T121","http://purl.bioontology.org/ontology/ATC/R03BB","Anticholinergics inhalants for obstructive airway diseases","Anticholinergics"
"http://healdb.org/rdf-schema#AI_1093","ESTROGÊNIOS CONJUGADOS","http://purl.bioontology.org/ontology/ATC/G03CA57","C0014938","T109","http://purl.bioontology.org/ontology/ATC/G03CA","Natural and semisynthetic estrogens, plain",
"http://healdb.org/rdf-schema#AI_1093","ESTROGÊNIOS CONJUGADOS","http://purl.bioontology.org/ontology/ATC/G03CA57","C0014938","T121","http://purl.bioontology.org/ontology/ATC/G03CA","Natural and semisynthetic estrogens, plain",
"http://healdb.org/rdf-schema#AI_1093","ESTROGÊNIOS CONJUGADOS","http://purl.bioontology.org/ontology/ATC/G03CA57","C0014938","T125","http://purl.bioontology.org/ontology/ATC/G03CA","Natural and semisynthetic estrogens, plain",
"http://healdb.org/rdf-schema#AI_1095","DUPILUMABE","http://purl.bioontology.org/ontology/ATC/D11AH05","C3660996","T116","http://purl.bioontology.org/ontology/ATC/D11AH","Agents for dermatitis, excluding corticosteroids",
"http://healdb.org/rdf-schema#AI_1095","DUPILUMABE","http://purl.bioontology.org/ontology/ATC/D11AH05","C3660996","T121","http://purl.bioontology.org/ontology/ATC/D11AH","Agents for dermatitis, excluding corticosteroids",
"http://healdb.org/rdf-schema#AI_1095","DUPILUMABE","http://purl.bioontology.org/ontology/ATC/D11AH05","C3660996","T129","http://purl.bioontology.org/ontology/ATC/D11AH","Agents for dermatitis, excluding corticosteroids",
"http://healdb.org/rdf-schema#AI_1097","BENZOATO DE SÓDIO","http://purl.bioontology.org/ontology/ATC/A16AX11","C0142805","T109","http://purl.bioontology.org/ontology/ATC/A16AX","Various alimentary tract and metabolism products",
"http://healdb.org/rdf-schema#AI_1097","BENZOATO DE SÓDIO","http://purl.bioontology.org/ontology/ATC/A16AX11","C0142805","T121","http://purl.bioontology.org/ontology/ATC/A16AX","Various alimentary tract and metabolism products",
"http://healdb.org/rdf-schema#AI_1098","ÁCIDO ÉPSILON AMINOCAPRÓICO","http://purl.bioontology.org/ontology/ATC/B02AA01","C0000608","T116","http://purl.bioontology.org/ontology/ATC/B02AA","Antifibrinolytic amino acids","Amino acids"
"http://healdb.org/rdf-schema#AI_1098","ÁCIDO ÉPSILON AMINOCAPRÓICO","http://purl.bioontology.org/ontology/ATC/B02AA01","C0000608","T121","http://purl.bioontology.org/ontology/ATC/B02AA","Antifibrinolytic amino acids","Amino acids"
"http://healdb.org/rdf-schema#AI_1099","EBASTINA","http://purl.bioontology.org/ontology/ATC/R06AX22","C0058895","T109","http://purl.bioontology.org/ontology/ATC/R06AX","Other antihistamines for systemic use in ATC","Other antihistamines for systemic use"
"http://healdb.org/rdf-schema#AI_1099","EBASTINA","http://purl.bioontology.org/ontology/ATC/R06AX22","C0058895","T121","http://purl.bioontology.org/ontology/ATC/R06AX","Other antihistamines for systemic use in ATC","Other antihistamines for systemic use"
"http://healdb.org/rdf-schema#AI_11","LEVOMETIONINA","http://purl.bioontology.org/ontology/ATC/V03AB26","C0025646","T116","http://purl.bioontology.org/ontology/ATC/V03AB","Antidotes",
"http://healdb.org/rdf-schema#AI_11","LEVOMETIONINA","http://purl.bioontology.org/ontology/ATC/V03AB26","C0025646","T121","http://purl.bioontology.org/ontology/ATC/V03AB","Antidotes",
"http://healdb.org/rdf-schema#AI_11","LEVOMETIONINA","http://purl.bioontology.org/ontology/ATC/V03AB26","C0025646","T123","http://purl.bioontology.org/ontology/ATC/V03AB","Antidotes",
"http://healdb.org/rdf-schema#AI_110","ACEPONATO DE METILPREDNISOLONA","http://purl.bioontology.org/ontology/ATC/D07AC14","C0174938","T109","http://purl.bioontology.org/ontology/ATC/D07AC","Corticosteroids, potent (group III)",
"http://healdb.org/rdf-schema#AI_110","ACEPONATO DE METILPREDNISOLONA","http://purl.bioontology.org/ontology/ATC/D07AC14","C0174938","T121","http://purl.bioontology.org/ontology/ATC/D07AC","Corticosteroids, potent (group III)",
"http://healdb.org/rdf-schema#AI_1102","PERMETRINA","http://purl.bioontology.org/ontology/ATC/P03AC04","C0070455","T109","http://purl.bioontology.org/ontology/ATC/P03AC","Pyrethrines, incl. synthetic compounds, ectoparasiticides, incl. scabicides","Pyrethrines, incl. synthetic compounds"
"http://healdb.org/rdf-schema#AI_1102","PERMETRINA","http://purl.bioontology.org/ontology/ATC/P03AC04","C0070455","T121","http://purl.bioontology.org/ontology/ATC/P03AC","Pyrethrines, incl. synthetic compounds, ectoparasiticides, incl. scabicides","Pyrethrines, incl. synthetic compounds"
"http://healdb.org/rdf-schema#AI_1102","PERMETRINA","http://purl.bioontology.org/ontology/ATC/P03AC04","C0070455","T131","http://purl.bioontology.org/ontology/ATC/P03AC","Pyrethrines, incl. synthetic compounds, ectoparasiticides, incl. scabicides","Pyrethrines, incl. synthetic compounds"
"http://healdb.org/rdf-schema#AI_1103","EFAVIRENZ","http://purl.bioontology.org/ontology/ATC/J05AG03","C0674428","T109","http://purl.bioontology.org/ontology/ATC/J05AG","Non-nucleoside reverse transcriptase inhibitors",
"http://healdb.org/rdf-schema#AI_1103","EFAVIRENZ","http://purl.bioontology.org/ontology/ATC/J05AG03","C0674428","T121","http://purl.bioontology.org/ontology/ATC/J05AG","Non-nucleoside reverse transcriptase inhibitors",
"http://healdb.org/rdf-schema#AI_1106","FLUORURACILA","http://purl.bioontology.org/ontology/ATC/L01BC02","C0016360","T114","http://purl.bioontology.org/ontology/ATC/L01BC","Pyrimidine analogues, antineoplastic antimetabolites","Pyrimidine analogues"
"http://healdb.org/rdf-schema#AI_1106","FLUORURACILA","http://purl.bioontology.org/ontology/ATC/L01BC02","C0016360","T121","http://purl.bioontology.org/ontology/ATC/L01BC","Pyrimidine analogues, antineoplastic antimetabolites","Pyrimidine analogues"
"http://healdb.org/rdf-schema#AI_1107","PIRFENIDONA","http://purl.bioontology.org/ontology/ATC/L04AX05","C0298067","T109","http://purl.bioontology.org/ontology/ATC/L04AX","Other immunosuppressants in ATC","Other immunosuppressants"
"http://healdb.org/rdf-schema#AI_1107","PIRFENIDONA","http://purl.bioontology.org/ontology/ATC/L04AX05","C0298067","T121","http://purl.bioontology.org/ontology/ATC/L04AX","Other immunosuppressants in ATC","Other immunosuppressants"
"http://healdb.org/rdf-schema#AI_1110","PIMECROLIMO","http://purl.bioontology.org/ontology/ATC/D11AH02","C1099414","T109","http://purl.bioontology.org/ontology/ATC/D11AH","Agents for dermatitis, excluding corticosteroids",
"http://healdb.org/rdf-schema#AI_1110","PIMECROLIMO","http://purl.bioontology.org/ontology/ATC/D11AH02","C1099414","T121","http://purl.bioontology.org/ontology/ATC/D11AH","Agents for dermatitis, excluding corticosteroids",
"http://healdb.org/rdf-schema#AI_1112","PAPAVER SOMNIFERUM L.","http://purl.bioontology.org/ontology/ATC/A07DA02","C0029112","T109","http://purl.bioontology.org/ontology/ATC/A07DA","Antipropulsives",
"http://healdb.org/rdf-schema#AI_1112","PAPAVER SOMNIFERUM L.","http://purl.bioontology.org/ontology/ATC/A07DA02","C0029112","T121","http://purl.bioontology.org/ontology/ATC/A07DA","Antipropulsives",
"http://healdb.org/rdf-schema#AI_1112","PAPAVER SOMNIFERUM L.","http://purl.bioontology.org/ontology/ATC/N02AA02","C0029112","T109","http://purl.bioontology.org/ontology/ATC/N02AA","Natural opium alkaloid analgesics","Natural opium alkaloids"
"http://healdb.org/rdf-schema#AI_1112","PAPAVER SOMNIFERUM L.","http://purl.bioontology.org/ontology/ATC/N02AA02","C0029112","T121","http://purl.bioontology.org/ontology/ATC/N02AA","Natural opium alkaloid analgesics","Natural opium alkaloids"
"http://healdb.org/rdf-schema#AI_1116","FLUOCINOLONA ACETONIDA","http://purl.bioontology.org/ontology/ATC/D07AC04","C0016298","T109","http://purl.bioontology.org/ontology/ATC/D07AC","Corticosteroids, potent (group III)",
"http://healdb.org/rdf-schema#AI_1116","FLUOCINOLONA ACETONIDA","http://purl.bioontology.org/ontology/ATC/D07AC04","C0016298","T121","http://purl.bioontology.org/ontology/ATC/D07AC","Corticosteroids, potent (group III)",
"http://healdb.org/rdf-schema#AI_1116","FLUOCINOLONA ACETONIDA","http://purl.bioontology.org/ontology/ATC/S02BA08","C0016298","T109","http://purl.bioontology.org/ontology/ATC/S02BA","Corticosteroids",
"http://healdb.org/rdf-schema#AI_1116","FLUOCINOLONA ACETONIDA","http://purl.bioontology.org/ontology/ATC/S02BA08","C0016298","T121","http://purl.bioontology.org/ontology/ATC/S02BA","Corticosteroids",
"http://healdb.org/rdf-schema#AI_1116","FLUOCINOLONA ACETONIDA","http://purl.bioontology.org/ontology/ATC/C05AA10","C0016298","T109","http://purl.bioontology.org/ontology/ATC/C05AA","Corticosteroids, topical for treatment of hemorrhoids and anal fissures","Corticosteroids"
"http://healdb.org/rdf-schema#AI_1116","FLUOCINOLONA ACETONIDA","http://purl.bioontology.org/ontology/ATC/C05AA10","C0016298","T121","http://purl.bioontology.org/ontology/ATC/C05AA","Corticosteroids, topical for treatment of hemorrhoids and anal fissures","Corticosteroids"
"http://healdb.org/rdf-schema#AI_1116","FLUOCINOLONA ACETONIDA","http://purl.bioontology.org/ontology/ATC/S01BA15","C0016298","T109","http://purl.bioontology.org/ontology/ATC/S01BA","Corticosteroid ophthalmologic antiinflammatory agents, plain","Corticosteroids, plain"
"http://healdb.org/rdf-schema#AI_1116","FLUOCINOLONA ACETONIDA","http://purl.bioontology.org/ontology/ATC/S01BA15","C0016298","T121","http://purl.bioontology.org/ontology/ATC/S01BA","Corticosteroid ophthalmologic antiinflammatory agents, plain","Corticosteroids, plain"
"http://healdb.org/rdf-schema#AI_1117","OMEPRAZOL","http://purl.bioontology.org/ontology/ATC/A02BC01","C0028978","T109","http://purl.bioontology.org/ontology/ATC/A02BC","Proton pump inhibitors for peptic ulcer and GORD","Proton pump inhibitors"
"http://healdb.org/rdf-schema#AI_1117","OMEPRAZOL","http://purl.bioontology.org/ontology/ATC/A02BC01","C0028978","T121","http://purl.bioontology.org/ontology/ATC/A02BC","Proton pump inhibitors for peptic ulcer and GORD","Proton pump inhibitors"
"http://healdb.org/rdf-schema#AI_1120","GALCANEZUMABE","http://purl.bioontology.org/ontology/ATC/N02CD02","C4694273","T116","http://purl.bioontology.org/ontology/ATC/N02CD","Calcitonin gene-related peptide (CGRP) antagonists",
"http://healdb.org/rdf-schema#AI_1120","GALCANEZUMABE","http://purl.bioontology.org/ontology/ATC/N02CD02","C4694273","T121","http://purl.bioontology.org/ontology/ATC/N02CD","Calcitonin gene-related peptide (CGRP) antagonists",
"http://healdb.org/rdf-schema#AI_1120","GALCANEZUMABE","http://purl.bioontology.org/ontology/ATC/N02CD02","C4694273","T129","http://purl.bioontology.org/ontology/ATC/N02CD","Calcitonin gene-related peptide (CGRP) antagonists",
"http://healdb.org/rdf-schema#AI_1122","PRILOCAÍNA","http://purl.bioontology.org/ontology/ATC/N01BB04","C0033124","T109","http://purl.bioontology.org/ontology/ATC/N01BB","Amide local anesthetics","Amides"
"http://healdb.org/rdf-schema#AI_1122","PRILOCAÍNA","http://purl.bioontology.org/ontology/ATC/N01BB04","C0033124","T121","http://purl.bioontology.org/ontology/ATC/N01BB","Amide local anesthetics","Amides"
"http://healdb.org/rdf-schema#AI_1123","GABAPENTINA","http://purl.bioontology.org/ontology/ATC/N02BF01","C0060926","T109","http://purl.bioontology.org/ontology/ATC/N02BF","Gabapentinoids, analgesics and antipyretics","Gabapentinoids"
"http://healdb.org/rdf-schema#AI_1123","GABAPENTINA","http://purl.bioontology.org/ontology/ATC/N02BF01","C0060926","T121","http://purl.bioontology.org/ontology/ATC/N02BF","Gabapentinoids, analgesics and antipyretics","Gabapentinoids"
"http://healdb.org/rdf-schema#AI_1124","PREDNISOLONA","http://purl.bioontology.org/ontology/ATC/A01AC04","C0032950","T109","http://purl.bioontology.org/ontology/ATC/A01AC","Corticosteroids for local oral treatment",
"http://healdb.org/rdf-schema#AI_1124","PREDNISOLONA","http://purl.bioontology.org/ontology/ATC/A01AC04","C0032950","T121","http://purl.bioontology.org/ontology/ATC/A01AC","Corticosteroids for local oral treatment",
"http://healdb.org/rdf-schema#AI_1124","PREDNISOLONA","http://purl.bioontology.org/ontology/ATC/A07EA01","C0032950","T109","http://purl.bioontology.org/ontology/ATC/A07EA","Corticosteroids acting locally",
"http://healdb.org/rdf-schema#AI_1124","PREDNISOLONA","http://purl.bioontology.org/ontology/ATC/A07EA01","C0032950","T121","http://purl.bioontology.org/ontology/ATC/A07EA","Corticosteroids acting locally",
"http://healdb.org/rdf-schema#AI_1124","PREDNISOLONA","http://purl.bioontology.org/ontology/ATC/D07AA03","C0032950","T109","http://purl.bioontology.org/ontology/ATC/D07AA","Corticosteroids, weak (group I)",
"http://healdb.org/rdf-schema#AI_1124","PREDNISOLONA","http://purl.bioontology.org/ontology/ATC/D07AA03","C0032950","T121","http://purl.bioontology.org/ontology/ATC/D07AA","Corticosteroids, weak (group I)",
"http://healdb.org/rdf-schema#AI_1124","PREDNISOLONA","http://purl.bioontology.org/ontology/ATC/D07XA02","C0032950","T109","http://purl.bioontology.org/ontology/ATC/D07XA","Corticosteroids, weak, other combinations",
"http://healdb.org/rdf-schema#AI_1124","PREDNISOLONA","http://purl.bioontology.org/ontology/ATC/D07XA02","C0032950","T121","http://purl.bioontology.org/ontology/ATC/D07XA","Corticosteroids, weak, other combinations",
"http://healdb.org/rdf-schema#AI_1124","PREDNISOLONA","http://purl.bioontology.org/ontology/ATC/S01CB02","C0032950","T109","http://purl.bioontology.org/ontology/ATC/S01CB","Corticosteroids/antiinfectives/mydriatics in combination",
"http://healdb.org/rdf-schema#AI_1124","PREDNISOLONA","http://purl.bioontology.org/ontology/ATC/S01CB02","C0032950","T121","http://purl.bioontology.org/ontology/ATC/S01CB","Corticosteroids/antiinfectives/mydriatics in combination",
"http://healdb.org/rdf-schema#AI_1124","PREDNISOLONA","http://purl.bioontology.org/ontology/ATC/S02BA03","C0032950","T109","http://purl.bioontology.org/ontology/ATC/S02BA","Corticosteroids",
"http://healdb.org/rdf-schema#AI_1124","PREDNISOLONA","http://purl.bioontology.org/ontology/ATC/S02BA03","C0032950","T121","http://purl.bioontology.org/ontology/ATC/S02BA","Corticosteroids",
"http://healdb.org/rdf-schema#AI_1124","PREDNISOLONA","http://purl.bioontology.org/ontology/ATC/S03BA02","C0032950","T109","http://purl.bioontology.org/ontology/ATC/S03BA","Corticosteroids",
"http://healdb.org/rdf-schema#AI_1124","PREDNISOLONA","http://purl.bioontology.org/ontology/ATC/S03BA02","C0032950","T121","http://purl.bioontology.org/ontology/ATC/S03BA","Corticosteroids",
"http://healdb.org/rdf-schema#AI_1124","PREDNISOLONA","http://purl.bioontology.org/ontology/ATC/C05AA04","C0032950","T109","http://purl.bioontology.org/ontology/ATC/C05AA","Corticosteroids, topical for treatment of hemorrhoids and anal fissures","Corticosteroids"
"http://healdb.org/rdf-schema#AI_1124","PREDNISOLONA","http://purl.bioontology.org/ontology/ATC/C05AA04","C0032950","T121","http://purl.bioontology.org/ontology/ATC/C05AA","Corticosteroids, topical for treatment of hemorrhoids and anal fissures","Corticosteroids"
"http://healdb.org/rdf-schema#AI_1124","PREDNISOLONA","http://purl.bioontology.org/ontology/ATC/R01AD02","C0032950","T109","http://purl.bioontology.org/ontology/ATC/R01AD","Corticosteroid nasal preparations for topical use","Corticosteroids"
"http://healdb.org/rdf-schema#AI_1124","PREDNISOLONA","http://purl.bioontology.org/ontology/ATC/R01AD02","C0032950","T121","http://purl.bioontology.org/ontology/ATC/R01AD","Corticosteroid nasal preparations for topical use","Corticosteroids"
"http://healdb.org/rdf-schema#AI_1124","PREDNISOLONA","http://purl.bioontology.org/ontology/ATC/S01BA04","C0032950","T109","http://purl.bioontology.org/ontology/ATC/S01BA","Corticosteroid ophthalmologic antiinflammatory agents, plain","Corticosteroids, plain"
"http://healdb.org/rdf-schema#AI_1124","PREDNISOLONA","http://purl.bioontology.org/ontology/ATC/S01BA04","C0032950","T121","http://purl.bioontology.org/ontology/ATC/S01BA","Corticosteroid ophthalmologic antiinflammatory agents, plain","Corticosteroids, plain"
"http://healdb.org/rdf-schema#AI_1124","PREDNISOLONA","http://purl.bioontology.org/ontology/ATC/H02AB06","C0032950","T109","http://purl.bioontology.org/ontology/ATC/H02AB","Glucocorticoids, Systemic","Glucocorticoids"
"http://healdb.org/rdf-schema#AI_1124","PREDNISOLONA","http://purl.bioontology.org/ontology/ATC/H02AB06","C0032950","T121","http://purl.bioontology.org/ontology/ATC/H02AB","Glucocorticoids, Systemic","Glucocorticoids"
"http://healdb.org/rdf-schema#AI_1128","VITAMINA A","http://purl.bioontology.org/ontology/ATC/A11CA","C3653321","T109","http://purl.bioontology.org/ontology/ATC/A11C","VITAMIN A AND D, INCL. COMBINATIONS OF THE TWO",
"http://healdb.org/rdf-schema#AI_1128","VITAMINA A","http://purl.bioontology.org/ontology/ATC/A11CA","C3653321","T121","http://purl.bioontology.org/ontology/ATC/A11C","VITAMIN A AND D, INCL. COMBINATIONS OF THE TWO",
"http://healdb.org/rdf-schema#AI_1128","VITAMINA A","http://purl.bioontology.org/ontology/ATC/A11CA","C3653321","T127","http://purl.bioontology.org/ontology/ATC/A11C","VITAMIN A AND D, INCL. COMBINATIONS OF THE TWO",
"http://healdb.org/rdf-schema#AI_1128","VITAMINA A","http://purl.bioontology.org/ontology/ATC/A11CA01","C0042839","T109","http://purl.bioontology.org/ontology/ATC/A11CA","Vitamin A, plain",
"http://healdb.org/rdf-schema#AI_1128","VITAMINA A","http://purl.bioontology.org/ontology/ATC/A11CA01","C0042839","T121","http://purl.bioontology.org/ontology/ATC/A11CA","Vitamin A, plain",
"http://healdb.org/rdf-schema#AI_1128","VITAMINA A","http://purl.bioontology.org/ontology/ATC/A11CA01","C0042839","T127","http://purl.bioontology.org/ontology/ATC/A11CA","Vitamin A, plain",
"http://healdb.org/rdf-schema#AI_1128","VITAMINA A","http://purl.bioontology.org/ontology/ATC/D10AD02","C0042839","T109","http://purl.bioontology.org/ontology/ATC/D10AD","Retinoids for topical use in acne",
"http://healdb.org/rdf-schema#AI_1128","VITAMINA A","http://purl.bioontology.org/ontology/ATC/D10AD02","C0042839","T121","http://purl.bioontology.org/ontology/ATC/D10AD","Retinoids for topical use in acne",
"http://healdb.org/rdf-schema#AI_1128","VITAMINA A","http://purl.bioontology.org/ontology/ATC/D10AD02","C0042839","T127","http://purl.bioontology.org/ontology/ATC/D10AD","Retinoids for topical use in acne",
"http://healdb.org/rdf-schema#AI_1128","VITAMINA A","http://purl.bioontology.org/ontology/ATC/R01AX02","C0042839","T109","http://purl.bioontology.org/ontology/ATC/R01AX","Other nasal preparations in ATC","Other nasal preparations"
"http://healdb.org/rdf-schema#AI_1128","VITAMINA A","http://purl.bioontology.org/ontology/ATC/R01AX02","C0042839","T121","http://purl.bioontology.org/ontology/ATC/R01AX","Other nasal preparations in ATC","Other nasal preparations"
"http://healdb.org/rdf-schema#AI_1128","VITAMINA A","http://purl.bioontology.org/ontology/ATC/R01AX02","C0042839","T127","http://purl.bioontology.org/ontology/ATC/R01AX","Other nasal preparations in ATC","Other nasal preparations"
"http://healdb.org/rdf-schema#AI_1128","VITAMINA A","http://purl.bioontology.org/ontology/ATC/S01XA02","C0042839","T109","http://purl.bioontology.org/ontology/ATC/S01XA","Other ophthalmologicals in ATC","Other ophthalmologicals"
"http://healdb.org/rdf-schema#AI_1128","VITAMINA A","http://purl.bioontology.org/ontology/ATC/S01XA02","C0042839","T121","http://purl.bioontology.org/ontology/ATC/S01XA","Other ophthalmologicals in ATC","Other ophthalmologicals"
"http://healdb.org/rdf-schema#AI_1128","VITAMINA A","http://purl.bioontology.org/ontology/ATC/S01XA02","C0042839","T127","http://purl.bioontology.org/ontology/ATC/S01XA","Other ophthalmologicals in ATC","Other ophthalmologicals"
"http://healdb.org/rdf-schema#AI_1134","VASOPRESSINA SINTETICA","http://purl.bioontology.org/ontology/ATC/H01BA01","C0003779","T116","http://purl.bioontology.org/ontology/ATC/H01BA","Vasopressin and analogues",
"http://healdb.org/rdf-schema#AI_1134","VASOPRESSINA SINTETICA","http://purl.bioontology.org/ontology/ATC/H01BA01","C0003779","T121","http://purl.bioontology.org/ontology/ATC/H01BA","Vasopressin and analogues",
"http://healdb.org/rdf-schema#AI_1134","VASOPRESSINA SINTETICA","http://purl.bioontology.org/ontology/ATC/H01BA01","C0003779","T125","http://purl.bioontology.org/ontology/ATC/H01BA","Vasopressin and analogues",
"http://healdb.org/rdf-schema#AI_1135","IMUNOGLOBULINA G","http://purl.bioontology.org/ontology/ATC/J06BA02","C3652960","T116","http://purl.bioontology.org/ontology/ATC/J06BA","Immunoglobulins, normal human",
"http://healdb.org/rdf-schema#AI_1135","IMUNOGLOBULINA G","http://purl.bioontology.org/ontology/ATC/J06BA02","C3652960","T121","http://purl.bioontology.org/ontology/ATC/J06BA","Immunoglobulins, normal human",
"http://healdb.org/rdf-schema#AI_1135","IMUNOGLOBULINA G","http://purl.bioontology.org/ontology/ATC/J06BA02","C3652960","T129","http://purl.bioontology.org/ontology/ATC/J06BA","Immunoglobulins, normal human",
"http://healdb.org/rdf-schema#AI_1138","LAURILSULFATO DE SÓDIO","http://purl.bioontology.org/ontology/ATC/A06AD13","C0074769","T121","http://purl.bioontology.org/ontology/ATC/A06AD","Osmotically acting laxatives",
"http://healdb.org/rdf-schema#AI_1138","LAURILSULFATO DE SÓDIO","http://purl.bioontology.org/ontology/ATC/A06AD13","C0074769","T197","http://purl.bioontology.org/ontology/ATC/A06AD","Osmotically acting laxatives",
"http://healdb.org/rdf-schema#AI_1139","ENFLURANO","http://purl.bioontology.org/ontology/ATC/N01AB04","C0014277","T109","http://purl.bioontology.org/ontology/ATC/N01AB","Halogenated hydrocarbons, general anesthetics","Halogenated hydrocarbons"
"http://healdb.org/rdf-schema#AI_1139","ENFLURANO","http://purl.bioontology.org/ontology/ATC/N01AB04","C0014277","T121","http://purl.bioontology.org/ontology/ATC/N01AB","Halogenated hydrocarbons, general anesthetics","Halogenated hydrocarbons"
"http://healdb.org/rdf-schema#AI_1141","SULFUR","http://purl.bioontology.org/ontology/ATC/D10AB02","C0038774","T121","http://purl.bioontology.org/ontology/ATC/D10AB","Preparations containing sulfur, anti-acne preparations for topical use","Preparations containing sulfur"
"http://healdb.org/rdf-schema#AI_1141","SULFUR","http://purl.bioontology.org/ontology/ATC/D10AB02","C0038774","T123","http://purl.bioontology.org/ontology/ATC/D10AB","Preparations containing sulfur, anti-acne preparations for topical use","Preparations containing sulfur"
"http://healdb.org/rdf-schema#AI_1141","SULFUR","http://purl.bioontology.org/ontology/ATC/D10AB02","C0038774","T196","http://purl.bioontology.org/ontology/ATC/D10AB","Preparations containing sulfur, anti-acne preparations for topical use","Preparations containing sulfur"
"http://healdb.org/rdf-schema#AI_1143","TRASTUZUMABE DERUXTECANA","http://purl.bioontology.org/ontology/ATC/L01FD04","C4726900","T116","http://purl.bioontology.org/ontology/ATC/L01FD","HER2 (Human Epidermal Growth Factor Receptor 2) inhibitors",
"http://healdb.org/rdf-schema#AI_1143","TRASTUZUMABE DERUXTECANA","http://purl.bioontology.org/ontology/ATC/L01FD04","C4726900","T121","http://purl.bioontology.org/ontology/ATC/L01FD","HER2 (Human Epidermal Growth Factor Receptor 2) inhibitors",
"http://healdb.org/rdf-schema#AI_1143","TRASTUZUMABE DERUXTECANA","http://purl.bioontology.org/ontology/ATC/L01FD04","C4726900","T129","http://purl.bioontology.org/ontology/ATC/L01FD","HER2 (Human Epidermal Growth Factor Receptor 2) inhibitors",
"http://healdb.org/rdf-schema#AI_1144","BUDESONIDA MICRONIZADA","http://purl.bioontology.org/ontology/ATC/A07EA06","C0054201","T109","http://purl.bioontology.org/ontology/ATC/A07EA","Corticosteroids acting locally",
"http://healdb.org/rdf-schema#AI_1144","BUDESONIDA MICRONIZADA","http://purl.bioontology.org/ontology/ATC/A07EA06","C0054201","T121","http://purl.bioontology.org/ontology/ATC/A07EA","Corticosteroids acting locally",
"http://healdb.org/rdf-schema#AI_1144","BUDESONIDA MICRONIZADA","http://purl.bioontology.org/ontology/ATC/D07AC09","C0054201","T109","http://purl.bioontology.org/ontology/ATC/D07AC","Corticosteroids, potent (group III)",
"http://healdb.org/rdf-schema#AI_1144","BUDESONIDA MICRONIZADA","http://purl.bioontology.org/ontology/ATC/D07AC09","C0054201","T121","http://purl.bioontology.org/ontology/ATC/D07AC","Corticosteroids, potent (group III)",
"http://healdb.org/rdf-schema#AI_1144","BUDESONIDA MICRONIZADA","http://purl.bioontology.org/ontology/ATC/R01AD05","C0054201","T109","http://purl.bioontology.org/ontology/ATC/R01AD","Corticosteroid nasal preparations for topical use","Corticosteroids"
"http://healdb.org/rdf-schema#AI_1144","BUDESONIDA MICRONIZADA","http://purl.bioontology.org/ontology/ATC/R01AD05","C0054201","T121","http://purl.bioontology.org/ontology/ATC/R01AD","Corticosteroid nasal preparations for topical use","Corticosteroids"
"http://healdb.org/rdf-schema#AI_1144","BUDESONIDA MICRONIZADA","http://purl.bioontology.org/ontology/ATC/R03BA02","C0054201","T109","http://purl.bioontology.org/ontology/ATC/R03BA","Glucocorticoid inhalants for obstructive airway disease","Glucocorticoids"
"http://healdb.org/rdf-schema#AI_1144","BUDESONIDA MICRONIZADA","http://purl.bioontology.org/ontology/ATC/R03BA02","C0054201","T121","http://purl.bioontology.org/ontology/ATC/R03BA","Glucocorticoid inhalants for obstructive airway disease","Glucocorticoids"
"http://healdb.org/rdf-schema#AI_1145","VEDOLIZUMABE","http://purl.bioontology.org/ontology/ATC/L04AG05","C2742797","T116","http://purl.bioontology.org/ontology/ATC/L04AG","Monoclonal antibodies",
"http://healdb.org/rdf-schema#AI_1145","VEDOLIZUMABE","http://purl.bioontology.org/ontology/ATC/L04AG05","C2742797","T121","http://purl.bioontology.org/ontology/ATC/L04AG","Monoclonal antibodies",
"http://healdb.org/rdf-schema#AI_1145","VEDOLIZUMABE","http://purl.bioontology.org/ontology/ATC/L04AG05","C2742797","T129","http://purl.bioontology.org/ontology/ATC/L04AG","Monoclonal antibodies",
"http://healdb.org/rdf-schema#AI_1147","HEMITARTARATO DE NOREPINEFRINA","http://purl.bioontology.org/ontology/ATC/C01CA03","C0028351","T109","http://purl.bioontology.org/ontology/ATC/C01CA","Adrenergic and dopaminergic cardiac stimulants","Adrenergic and dopaminergic agents"
"http://healdb.org/rdf-schema#AI_1147","HEMITARTARATO DE NOREPINEFRINA","http://purl.bioontology.org/ontology/ATC/C01CA03","C0028351","T121","http://purl.bioontology.org/ontology/ATC/C01CA","Adrenergic and dopaminergic cardiac stimulants","Adrenergic and dopaminergic agents"
"http://healdb.org/rdf-schema#AI_1147","HEMITARTARATO DE NOREPINEFRINA","http://purl.bioontology.org/ontology/ATC/C01CA03","C0028351","T125","http://purl.bioontology.org/ontology/ATC/C01CA","Adrenergic and dopaminergic cardiac stimulants","Adrenergic and dopaminergic agents"
"http://healdb.org/rdf-schema#AI_1148","LAMOTRIGINA","http://purl.bioontology.org/ontology/ATC/N03AX09","C0064636","T109","http://purl.bioontology.org/ontology/ATC/N03AX","Other antiepileptics in ATC","Other antiepileptics"
"http://healdb.org/rdf-schema#AI_1148","LAMOTRIGINA","http://purl.bioontology.org/ontology/ATC/N03AX09","C0064636","T121","http://purl.bioontology.org/ontology/ATC/N03AX","Other antiepileptics in ATC","Other antiepileptics"
"http://healdb.org/rdf-schema#AI_1149","ETOPOSÍDEO","http://purl.bioontology.org/ontology/ATC/L01CB01","C0015133","T109","http://purl.bioontology.org/ontology/ATC/L01CB","Podophyllotoxin derivatives, antineoplastic drugs","Podophyllotoxin derivatives"
"http://healdb.org/rdf-schema#AI_1149","ETOPOSÍDEO","http://purl.bioontology.org/ontology/ATC/L01CB01","C0015133","T121","http://purl.bioontology.org/ontology/ATC/L01CB","Podophyllotoxin derivatives, antineoplastic drugs","Podophyllotoxin derivatives"
"http://healdb.org/rdf-schema#AI_1150","SULPIRIDA","http://purl.bioontology.org/ontology/ATC/N05AL01","C0038803","T109","http://purl.bioontology.org/ontology/ATC/N05AL","Benzamide antipsychotics","Benzamides"
"http://healdb.org/rdf-schema#AI_1150","SULPIRIDA","http://purl.bioontology.org/ontology/ATC/N05AL01","C0038803","T121","http://purl.bioontology.org/ontology/ATC/N05AL","Benzamide antipsychotics","Benzamides"
"http://healdb.org/rdf-schema#AI_1151","FULVESTRANTO","http://purl.bioontology.org/ontology/ATC/L02BA03","C0935916","T109","http://purl.bioontology.org/ontology/ATC/L02BA","Anti-estrogens",
"http://healdb.org/rdf-schema#AI_1151","FULVESTRANTO","http://purl.bioontology.org/ontology/ATC/L02BA03","C0935916","T121","http://purl.bioontology.org/ontology/ATC/L02BA","Anti-estrogens",
"http://healdb.org/rdf-schema#AI_1152","CETUXIMABE","http://purl.bioontology.org/ontology/ATC/L01FE01","C0995188","T116","http://purl.bioontology.org/ontology/ATC/L01FE","EGFR (Epidermal Growth Factor Receptor) inhibitors",
"http://healdb.org/rdf-schema#AI_1152","CETUXIMABE","http://purl.bioontology.org/ontology/ATC/L01FE01","C0995188","T121","http://purl.bioontology.org/ontology/ATC/L01FE","EGFR (Epidermal Growth Factor Receptor) inhibitors",
"http://healdb.org/rdf-schema#AI_1152","CETUXIMABE","http://purl.bioontology.org/ontology/ATC/L01FE01","C0995188","T129","http://purl.bioontology.org/ontology/ATC/L01FE","EGFR (Epidermal Growth Factor Receptor) inhibitors",
"http://healdb.org/rdf-schema#AI_1154","VISMODEGIBE","http://purl.bioontology.org/ontology/ATC/L01XJ01","C2987716","T109","http://purl.bioontology.org/ontology/ATC/L01XJ","Hedgehog pathway inhibitors",
"http://healdb.org/rdf-schema#AI_1154","VISMODEGIBE","http://purl.bioontology.org/ontology/ATC/L01XJ01","C2987716","T121","http://purl.bioontology.org/ontology/ATC/L01XJ","Hedgehog pathway inhibitors",
"http://healdb.org/rdf-schema#AI_116","SOLUCAO DE SALBUTAMOL","http://purl.bioontology.org/ontology/ATC/R03AC02","C0001927","T109","http://purl.bioontology.org/ontology/ATC/R03AC","Selective beta-2-adrenoreceptor agonist inhalants","Selective beta-2-adrenoreceptor agonists"
"http://healdb.org/rdf-schema#AI_116","SOLUCAO DE SALBUTAMOL","http://purl.bioontology.org/ontology/ATC/R03AC02","C0001927","T121","http://purl.bioontology.org/ontology/ATC/R03AC","Selective beta-2-adrenoreceptor agonist inhalants","Selective beta-2-adrenoreceptor agonists"
"http://healdb.org/rdf-schema#AI_116","SOLUCAO DE SALBUTAMOL","http://purl.bioontology.org/ontology/ATC/R03CC02","C0001927","T109","http://purl.bioontology.org/ontology/ATC/R03CC","Selective beta-2-adrenoreceptor agonists, systemic","Selective beta-2-adrenoreceptor agonists"
"http://healdb.org/rdf-schema#AI_116","SOLUCAO DE SALBUTAMOL","http://purl.bioontology.org/ontology/ATC/R03CC02","C0001927","T121","http://purl.bioontology.org/ontology/ATC/R03CC","Selective beta-2-adrenoreceptor agonists, systemic","Selective beta-2-adrenoreceptor agonists"
"http://healdb.org/rdf-schema#AI_1162","FITOMENADIONA","http://purl.bioontology.org/ontology/ATC/B02BA01","C0031862","T109","http://purl.bioontology.org/ontology/ATC/B02BA","Vitamin K containing hemostatics","Vitamin K"
"http://healdb.org/rdf-schema#AI_1162","FITOMENADIONA","http://purl.bioontology.org/ontology/ATC/B02BA01","C0031862","T121","http://purl.bioontology.org/ontology/ATC/B02BA","Vitamin K containing hemostatics","Vitamin K"
"http://healdb.org/rdf-schema#AI_1162","FITOMENADIONA","http://purl.bioontology.org/ontology/ATC/B02BA01","C0031862","T127","http://purl.bioontology.org/ontology/ATC/B02BA","Vitamin K containing hemostatics","Vitamin K"
"http://healdb.org/rdf-schema#AI_1163","BROMETO DE ROCURÔNIO","http://purl.bioontology.org/ontology/ATC/M03AC09","C0069632","T109","http://purl.bioontology.org/ontology/ATC/M03AC","Other quaternary ammonium compounds in ATC, muscle relaxants, peripherally acting","Other quaternary ammonium compounds"
"http://healdb.org/rdf-schema#AI_1163","BROMETO DE ROCURÔNIO","http://purl.bioontology.org/ontology/ATC/M03AC09","C0069632","T121","http://purl.bioontology.org/ontology/ATC/M03AC","Other quaternary ammonium compounds in ATC, muscle relaxants, peripherally acting","Other quaternary ammonium compounds"
"http://healdb.org/rdf-schema#AI_1167","METILBROMETO DE HOMATROPINA","http://purl.bioontology.org/ontology/ATC/A03BB06","C0062923","T109","http://purl.bioontology.org/ontology/ATC/A03BB","Belladonna alkaloids, semisynthetic, quaternary ammonium compounds for functional gastrointestinal disorders","Belladonna alkaloids, semisynthetic, quaternary ammonium compounds"
"http://healdb.org/rdf-schema#AI_1167","METILBROMETO DE HOMATROPINA","http://purl.bioontology.org/ontology/ATC/A03BB06","C0062923","T121","http://purl.bioontology.org/ontology/ATC/A03BB","Belladonna alkaloids, semisynthetic, quaternary ammonium compounds for functional gastrointestinal disorders","Belladonna alkaloids, semisynthetic, quaternary ammonium compounds"
"http://healdb.org/rdf-schema#AI_1169","DESOXIMETASONA","http://purl.bioontology.org/ontology/ATC/D07AC03","C0011707","T109","http://purl.bioontology.org/ontology/ATC/D07AC","Corticosteroids, potent (group III)",
"http://healdb.org/rdf-schema#AI_1169","DESOXIMETASONA","http://purl.bioontology.org/ontology/ATC/D07AC03","C0011707","T121","http://purl.bioontology.org/ontology/ATC/D07AC","Corticosteroids, potent (group III)",
"http://healdb.org/rdf-schema#AI_1169","DESOXIMETASONA","http://purl.bioontology.org/ontology/ATC/D07AC03","C0011707","T125","http://purl.bioontology.org/ontology/ATC/D07AC","Corticosteroids, potent (group III)",
"http://healdb.org/rdf-schema#AI_1169","DESOXIMETASONA","http://purl.bioontology.org/ontology/ATC/D07XC02","C0011707","T109","http://purl.bioontology.org/ontology/ATC/D07XC","Corticosteroids, potent, other combinations",
"http://healdb.org/rdf-schema#AI_1169","DESOXIMETASONA","http://purl.bioontology.org/ontology/ATC/D07XC02","C0011707","T121","http://purl.bioontology.org/ontology/ATC/D07XC","Corticosteroids, potent, other combinations",
"http://healdb.org/rdf-schema#AI_1169","DESOXIMETASONA","http://purl.bioontology.org/ontology/ATC/D07XC02","C0011707","T125","http://purl.bioontology.org/ontology/ATC/D07XC","Corticosteroids, potent, other combinations",
"http://healdb.org/rdf-schema#AI_117","EVEROLIMO","http://purl.bioontology.org/ontology/ATC/L01EG02","C0541315","T109","http://purl.bioontology.org/ontology/ATC/L01EG","Mammalian target of rapamycin (mTOR) kinase inhibitors (L01EG)","Mammalian target of rapamycin (mTOR) kinase inhibitors"
"http://healdb.org/rdf-schema#AI_117","EVEROLIMO","http://purl.bioontology.org/ontology/ATC/L01EG02","C0541315","T121","http://purl.bioontology.org/ontology/ATC/L01EG","Mammalian target of rapamycin (mTOR) kinase inhibitors (L01EG)","Mammalian target of rapamycin (mTOR) kinase inhibitors"
"http://healdb.org/rdf-schema#AI_117","EVEROLIMO","http://purl.bioontology.org/ontology/ATC/L04AH02","C0541315","T109","http://purl.bioontology.org/ontology/ATC/L04AH","Mammalian target of rapamycin (mTOR) kinase inhibitors (L04AH)","Mammalian target of rapamycin (mTOR) kinase inhibitors"
"http://healdb.org/rdf-schema#AI_117","EVEROLIMO","http://purl.bioontology.org/ontology/ATC/L04AH02","C0541315","T121","http://purl.bioontology.org/ontology/ATC/L04AH","Mammalian target of rapamycin (mTOR) kinase inhibitors (L04AH)","Mammalian target of rapamycin (mTOR) kinase inhibitors"
"http://healdb.org/rdf-schema#AI_1172","ESTRADIOL","http://purl.bioontology.org/ontology/ATC/G03CA03","C0014912","T109","http://purl.bioontology.org/ontology/ATC/G03CA","Natural and semisynthetic estrogens, plain",
"http://healdb.org/rdf-schema#AI_1172","ESTRADIOL","http://purl.bioontology.org/ontology/ATC/G03CA03","C0014912","T121","http://purl.bioontology.org/ontology/ATC/G03CA","Natural and semisynthetic estrogens, plain",
"http://healdb.org/rdf-schema#AI_1172","ESTRADIOL","http://purl.bioontology.org/ontology/ATC/G03CA03","C0014912","T125","http://purl.bioontology.org/ontology/ATC/G03CA","Natural and semisynthetic estrogens, plain",
"http://healdb.org/rdf-schema#AI_1174","OMEPRAZOL MICROGRANULADOS","http://purl.bioontology.org/ontology/ATC/A02BC01","C0028978","T109","http://purl.bioontology.org/ontology/ATC/A02BC","Proton pump inhibitors for peptic ulcer and GORD","Proton pump inhibitors"
"http://healdb.org/rdf-schema#AI_1174","OMEPRAZOL MICROGRANULADOS","http://purl.bioontology.org/ontology/ATC/A02BC01","C0028978","T121","http://purl.bioontology.org/ontology/ATC/A02BC","Proton pump inhibitors for peptic ulcer and GORD","Proton pump inhibitors"
"http://healdb.org/rdf-schema#AI_1176","ESTRIOL","http://purl.bioontology.org/ontology/ATC/G03CA04","C0014927","T109","http://purl.bioontology.org/ontology/ATC/G03CA","Natural and semisynthetic estrogens, plain",
"http://healdb.org/rdf-schema#AI_1176","ESTRIOL","http://purl.bioontology.org/ontology/ATC/G03CA04","C0014927","T121","http://purl.bioontology.org/ontology/ATC/G03CA","Natural and semisynthetic estrogens, plain",
"http://healdb.org/rdf-schema#AI_1176","ESTRIOL","http://purl.bioontology.org/ontology/ATC/G03CA04","C0014927","T125","http://purl.bioontology.org/ontology/ATC/G03CA","Natural and semisynthetic estrogens, plain",
"http://healdb.org/rdf-schema#AI_1176","ESTRIOL","http://purl.bioontology.org/ontology/ATC/G03CC06","C0014927","T109","http://purl.bioontology.org/ontology/ATC/G03CC","Estrogens, combinations with other drugs",
"http://healdb.org/rdf-schema#AI_1176","ESTRIOL","http://purl.bioontology.org/ontology/ATC/G03CC06","C0014927","T121","http://purl.bioontology.org/ontology/ATC/G03CC","Estrogens, combinations with other drugs",
"http://healdb.org/rdf-schema#AI_1176","ESTRIOL","http://purl.bioontology.org/ontology/ATC/G03CC06","C0014927","T125","http://purl.bioontology.org/ontology/ATC/G03CC","Estrogens, combinations with other drugs",
"http://healdb.org/rdf-schema#AI_1177","OLEATO DE MONOETANOLAMINA","http://purl.bioontology.org/ontology/ATC/C05BB01","C0059699","T109","http://purl.bioontology.org/ontology/ATC/C05BB","Sclerosing agents for local injection",
"http://healdb.org/rdf-schema#AI_1177","OLEATO DE MONOETANOLAMINA","http://purl.bioontology.org/ontology/ATC/C05BB01","C0059699","T121","http://purl.bioontology.org/ontology/ATC/C05BB","Sclerosing agents for local injection",
"http://healdb.org/rdf-schema#AI_1184","ETOMIDATO","http://purl.bioontology.org/ontology/ATC/N01AX07","C0015131","T109","http://purl.bioontology.org/ontology/ATC/N01AX","Other general anesthetics in ATC","Other general anesthetics"
"http://healdb.org/rdf-schema#AI_1184","ETOMIDATO","http://purl.bioontology.org/ontology/ATC/N01AX07","C0015131","T121","http://purl.bioontology.org/ontology/ATC/N01AX","Other general anesthetics in ATC","Other general anesthetics"
"http://healdb.org/rdf-schema#AI_1185","ETOPOSIDO","http://purl.bioontology.org/ontology/ATC/L01CB01","C0015133","T109","http://purl.bioontology.org/ontology/ATC/L01CB","Podophyllotoxin derivatives, antineoplastic drugs","Podophyllotoxin derivatives"
"http://healdb.org/rdf-schema#AI_1185","ETOPOSIDO","http://purl.bioontology.org/ontology/ATC/L01CB01","C0015133","T121","http://purl.bioontology.org/ontology/ATC/L01CB","Podophyllotoxin derivatives, antineoplastic drugs","Podophyllotoxin derivatives"
"http://healdb.org/rdf-schema#AI_1186","ETOSSUXIMIDA","http://purl.bioontology.org/ontology/ATC/N03AD01","C0015043","T109","http://purl.bioontology.org/ontology/ATC/N03AD","Succinimide derivatives, antiepileptics","Succinimide derivatives"
"http://healdb.org/rdf-schema#AI_1186","ETOSSUXIMIDA","http://purl.bioontology.org/ontology/ATC/N03AD01","C0015043","T121","http://purl.bioontology.org/ontology/ATC/N03AD","Succinimide derivatives, antiepileptics","Succinimide derivatives"
"http://healdb.org/rdf-schema#AI_1187","ARGENTUM NITRICUM","http://purl.bioontology.org/ontology/ATC/D08AL01","C0037129","T121","http://purl.bioontology.org/ontology/ATC/D08AL","Silver compounds, antiseptics and disinfectants","Silver compounds"
"http://healdb.org/rdf-schema#AI_1187","ARGENTUM NITRICUM","http://purl.bioontology.org/ontology/ATC/D08AL01","C0037129","T197","http://purl.bioontology.org/ontology/ATC/D08AL","Silver compounds, antiseptics and disinfectants","Silver compounds"
"http://healdb.org/rdf-schema#AI_119","INSULINA HUMANA","http://purl.bioontology.org/ontology/ATC/A10AB01","C0795635","T116","http://purl.bioontology.org/ontology/ATC/A10AB","Insulins and analogues for injection, fast-acting",
"http://healdb.org/rdf-schema#AI_119","INSULINA HUMANA","http://purl.bioontology.org/ontology/ATC/A10AB01","C0795635","T121","http://purl.bioontology.org/ontology/ATC/A10AB","Insulins and analogues for injection, fast-acting",
"http://healdb.org/rdf-schema#AI_119","INSULINA HUMANA","http://purl.bioontology.org/ontology/ATC/A10AB01","C0795635","T125","http://purl.bioontology.org/ontology/ATC/A10AB","Insulins and analogues for injection, fast-acting",
"http://healdb.org/rdf-schema#AI_119","INSULINA HUMANA","http://purl.bioontology.org/ontology/ATC/A10AC01","C0795635","T116","http://purl.bioontology.org/ontology/ATC/A10AC","Insulins and analogues for injection, intermediate-acting",
"http://healdb.org/rdf-schema#AI_119","INSULINA HUMANA","http://purl.bioontology.org/ontology/ATC/A10AC01","C0795635","T121","http://purl.bioontology.org/ontology/ATC/A10AC","Insulins and analogues for injection, intermediate-acting",
"http://healdb.org/rdf-schema#AI_119","INSULINA HUMANA","http://purl.bioontology.org/ontology/ATC/A10AC01","C0795635","T125","http://purl.bioontology.org/ontology/ATC/A10AC","Insulins and analogues for injection, intermediate-acting",
"http://healdb.org/rdf-schema#AI_119","INSULINA HUMANA","http://purl.bioontology.org/ontology/ATC/A10AE01","C0795635","T116","http://purl.bioontology.org/ontology/ATC/A10AE","Insulins and analogues for injection, long-acting",
"http://healdb.org/rdf-schema#AI_119","INSULINA HUMANA","http://purl.bioontology.org/ontology/ATC/A10AE01","C0795635","T121","http://purl.bioontology.org/ontology/ATC/A10AE","Insulins and analogues for injection, long-acting",
"http://healdb.org/rdf-schema#AI_119","INSULINA HUMANA","http://purl.bioontology.org/ontology/ATC/A10AE01","C0795635","T125","http://purl.bioontology.org/ontology/ATC/A10AE","Insulins and analogues for injection, long-acting",
"http://healdb.org/rdf-schema#AI_119","INSULINA HUMANA","http://purl.bioontology.org/ontology/ATC/A10AF01","C0795635","T116","http://purl.bioontology.org/ontology/ATC/A10AF","Insulins and analogues for inhalation",
"http://healdb.org/rdf-schema#AI_119","INSULINA HUMANA","http://purl.bioontology.org/ontology/ATC/A10AF01","C0795635","T121","http://purl.bioontology.org/ontology/ATC/A10AF","Insulins and analogues for inhalation",
"http://healdb.org/rdf-schema#AI_119","INSULINA HUMANA","http://purl.bioontology.org/ontology/ATC/A10AF01","C0795635","T125","http://purl.bioontology.org/ontology/ATC/A10AF","Insulins and analogues for inhalation",
"http://healdb.org/rdf-schema#AI_119","INSULINA HUMANA","http://purl.bioontology.org/ontology/ATC/A10AD01","C0795635","T116","http://purl.bioontology.org/ontology/ATC/A10AD","Insulins and analogues for injection used in Diabetes, intermediate- or long-acting combined with fast-acting","Insulins and analogues for injection, intermediate- or long-acting combined with fast-acting"
"http://healdb.org/rdf-schema#AI_119","INSULINA HUMANA","http://purl.bioontology.org/ontology/ATC/A10AD01","C0795635","T121","http://purl.bioontology.org/ontology/ATC/A10AD","Insulins and analogues for injection used in Diabetes, intermediate- or long-acting combined with fast-acting","Insulins and analogues for injection, intermediate- or long-acting combined with fast-acting"
"http://healdb.org/rdf-schema#AI_119","INSULINA HUMANA","http://purl.bioontology.org/ontology/ATC/A10AD01","C0795635","T125","http://purl.bioontology.org/ontology/ATC/A10AD","Insulins and analogues for injection used in Diabetes, intermediate- or long-acting combined with fast-acting","Insulins and analogues for injection, intermediate- or long-acting combined with fast-acting"
"http://healdb.org/rdf-schema#AI_1193","LEVOTIROXINA SÓDICA","http://purl.bioontology.org/ontology/ATC/H03AA01","C0079691","T116","http://purl.bioontology.org/ontology/ATC/H03AA","Thyroid hormones",
"http://healdb.org/rdf-schema#AI_1193","LEVOTIROXINA SÓDICA","http://purl.bioontology.org/ontology/ATC/H03AA01","C0079691","T121","http://purl.bioontology.org/ontology/ATC/H03AA","Thyroid hormones",
"http://healdb.org/rdf-schema#AI_1193","LEVOTIROXINA SÓDICA","http://purl.bioontology.org/ontology/ATC/H03AA01","C0079691","T125","http://purl.bioontology.org/ontology/ATC/H03AA","Thyroid hormones",
"http://healdb.org/rdf-schema#AI_1195","BRIGATINIBE","http://purl.bioontology.org/ontology/ATC/L01ED04","C4287815","T109","http://purl.bioontology.org/ontology/ATC/L01ED","Anaplastic lymphoma kinase (ALK) inhibitors",
"http://healdb.org/rdf-schema#AI_1195","BRIGATINIBE","http://purl.bioontology.org/ontology/ATC/L01ED04","C4287815","T121","http://purl.bioontology.org/ontology/ATC/L01ED","Anaplastic lymphoma kinase (ALK) inhibitors",
"http://healdb.org/rdf-schema#AI_1197","FOSFATO DE FLUDARABINA","http://purl.bioontology.org/ontology/ATC/L01BB05","C0059985","T114","http://purl.bioontology.org/ontology/ATC/L01BB","Purine analogs, antimetabolites antineoplastic","Purine analogues"
"http://healdb.org/rdf-schema#AI_1197","FOSFATO DE FLUDARABINA","http://purl.bioontology.org/ontology/ATC/L01BB05","C0059985","T121","http://purl.bioontology.org/ontology/ATC/L01BB","Purine analogs, antimetabolites antineoplastic","Purine analogues"
"http://healdb.org/rdf-schema#AI_1198","IFOSFAMIDA","http://purl.bioontology.org/ontology/ATC/L01AA06","C0020823","T109","http://purl.bioontology.org/ontology/ATC/L01AA","Nitrogen mustard analogues",
"http://healdb.org/rdf-schema#AI_1198","IFOSFAMIDA","http://purl.bioontology.org/ontology/ATC/L01AA06","C0020823","T121","http://purl.bioontology.org/ontology/ATC/L01AA","Nitrogen mustard analogues",
"http://healdb.org/rdf-schema#AI_1203","RISDIPLAM","http://purl.bioontology.org/ontology/ATC/M09AX10","C5139676","T109","http://purl.bioontology.org/ontology/ATC/M09AX","Other drugs for disorders of the musculo-skeletal system in ATC","Other drugs for disorders of the musculo-skeletal system"
"http://healdb.org/rdf-schema#AI_1203","RISDIPLAM","http://purl.bioontology.org/ontology/ATC/M09AX10","C5139676","T121","http://purl.bioontology.org/ontology/ATC/M09AX","Other drugs for disorders of the musculo-skeletal system in ATC","Other drugs for disorders of the musculo-skeletal system"
"http://healdb.org/rdf-schema#AI_1204","CAMBENDAZOL","http://purl.bioontology.org/ontology/ATC/P02CA03","C0001911","T109","http://purl.bioontology.org/ontology/ATC/P02CA","Benzimidazole derivatives, antinematodal","Benzimidazole derivatives"
"http://healdb.org/rdf-schema#AI_1204","CAMBENDAZOL","http://purl.bioontology.org/ontology/ATC/P02CA03","C0001911","T121","http://purl.bioontology.org/ontology/ATC/P02CA","Benzimidazole derivatives, antinematodal","Benzimidazole derivatives"
"http://healdb.org/rdf-schema#AI_1206","RIVASTIGMINA","http://purl.bioontology.org/ontology/ATC/N06DA03","C0649350","T109","http://purl.bioontology.org/ontology/ATC/N06DA","Anticholinesterase anti-dementia drugs","Anticholinesterases"
"http://healdb.org/rdf-schema#AI_1206","RIVASTIGMINA","http://purl.bioontology.org/ontology/ATC/N06DA03","C0649350","T121","http://purl.bioontology.org/ontology/ATC/N06DA","Anticholinesterase anti-dementia drugs","Anticholinesterases"
"http://healdb.org/rdf-schema#AI_1212","ESZOPICLONA","http://purl.bioontology.org/ontology/ATC/N05CF04","C1436328","T109","http://purl.bioontology.org/ontology/ATC/N05CF","Benzodiazepine related hypnotics and sedatives","Benzodiazepine related drugs"
"http://healdb.org/rdf-schema#AI_1212","ESZOPICLONA","http://purl.bioontology.org/ontology/ATC/N05CF04","C1436328","T121","http://purl.bioontology.org/ontology/ATC/N05CF","Benzodiazepine related hypnotics and sedatives","Benzodiazepine related drugs"
"http://healdb.org/rdf-schema#AI_1213","IDURSULFASE","http://purl.bioontology.org/ontology/ATC/A16AB09","C1739462","T116","http://purl.bioontology.org/ontology/ATC/A16AB","Enzymes for ALIMENTARY TRACT AND METABOLISM","Enzymes"
"http://healdb.org/rdf-schema#AI_1213","IDURSULFASE","http://purl.bioontology.org/ontology/ATC/A16AB09","C1739462","T121","http://purl.bioontology.org/ontology/ATC/A16AB","Enzymes for ALIMENTARY TRACT AND METABOLISM","Enzymes"
"http://healdb.org/rdf-schema#AI_1213","IDURSULFASE","http://purl.bioontology.org/ontology/ATC/A16AB09","C1739462","T126","http://purl.bioontology.org/ontology/ATC/A16AB","Enzymes for ALIMENTARY TRACT AND METABOLISM","Enzymes"
"http://healdb.org/rdf-schema#AI_1214","ELOTUZUMABE","http://purl.bioontology.org/ontology/ATC/L01FX08","C1832049","T116","http://purl.bioontology.org/ontology/ATC/L01FX","Other monoclonal antibodies and antibody drug conjugates in ATC","Other monoclonal antibodies and antibody drug conjugates"
"http://healdb.org/rdf-schema#AI_1214","ELOTUZUMABE","http://purl.bioontology.org/ontology/ATC/L01FX08","C1832049","T121","http://purl.bioontology.org/ontology/ATC/L01FX","Other monoclonal antibodies and antibody drug conjugates in ATC","Other monoclonal antibodies and antibody drug conjugates"
"http://healdb.org/rdf-schema#AI_1214","ELOTUZUMABE","http://purl.bioontology.org/ontology/ATC/L01FX08","C1832049","T129","http://purl.bioontology.org/ontology/ATC/L01FX","Other monoclonal antibodies and antibody drug conjugates in ATC","Other monoclonal antibodies and antibody drug conjugates"
"http://healdb.org/rdf-schema#AI_1215","ETANERCEPTE (TNFR:FC)","http://purl.bioontology.org/ontology/ATC/L04AB01","C0717758","T116","http://purl.bioontology.org/ontology/ATC/L04AB","Tumor necrosis factor alpha (TNF-alpha) inhibitors",
"http://healdb.org/rdf-schema#AI_1215","ETANERCEPTE (TNFR:FC)","http://purl.bioontology.org/ontology/ATC/L04AB01","C0717758","T121","http://purl.bioontology.org/ontology/ATC/L04AB","Tumor necrosis factor alpha (TNF-alpha) inhibitors",
"http://healdb.org/rdf-schema#AI_1216","SATRALIZUMABE","http://purl.bioontology.org/ontology/ATC/L04AC19","C4726732","T116","http://purl.bioontology.org/ontology/ATC/L04AC","Interleukin inhibitors",
"http://healdb.org/rdf-schema#AI_1216","SATRALIZUMABE","http://purl.bioontology.org/ontology/ATC/L04AC19","C4726732","T121","http://purl.bioontology.org/ontology/ATC/L04AC","Interleukin inhibitors",
"http://healdb.org/rdf-schema#AI_1216","SATRALIZUMABE","http://purl.bioontology.org/ontology/ATC/L04AC19","C4726732","T129","http://purl.bioontology.org/ontology/ATC/L04AC","Interleukin inhibitors",
"http://healdb.org/rdf-schema#AI_1219","SOFOSBUVIR","http://purl.bioontology.org/ontology/ATC/J05AP08","C2976303","T114","http://purl.bioontology.org/ontology/ATC/J05AP","Antivirals for treatment of HCV infections",
"http://healdb.org/rdf-schema#AI_1219","SOFOSBUVIR","http://purl.bioontology.org/ontology/ATC/J05AP08","C2976303","T121","http://purl.bioontology.org/ontology/ATC/J05AP","Antivirals for treatment of HCV infections",
"http://healdb.org/rdf-schema#AI_1220","ERDAFITINIBE","http://purl.bioontology.org/ontology/ATC/L01EN01","C4519323","T109","http://purl.bioontology.org/ontology/ATC/L01EN","Fibroblast growth factor receptor (FGFR) tyrosine kinase inhibitors",
"http://healdb.org/rdf-schema#AI_1220","ERDAFITINIBE","http://purl.bioontology.org/ontology/ATC/L01EN01","C4519323","T121","http://purl.bioontology.org/ontology/ATC/L01EN","Fibroblast growth factor receptor (FGFR) tyrosine kinase inhibitors",
"http://healdb.org/rdf-schema#AI_1221","APALUTAMIDA","http://purl.bioontology.org/ontology/ATC/L02BB05","C4329353","T109","http://purl.bioontology.org/ontology/ATC/L02BB","Anti-androgen hormone antagonists and related agents","Anti-androgens"
"http://healdb.org/rdf-schema#AI_1221","APALUTAMIDA","http://purl.bioontology.org/ontology/ATC/L02BB05","C4329353","T121","http://purl.bioontology.org/ontology/ATC/L02BB","Anti-androgen hormone antagonists and related agents","Anti-androgens"
"http://healdb.org/rdf-schema#AI_1222","ROMOSOZUMABE","http://purl.bioontology.org/ontology/ATC/M05BX06","C3661283","T116","http://purl.bioontology.org/ontology/ATC/M05BX","Other drugs affecting bone structure and mineralization in ATC","Other drugs affecting bone structure and mineralization"
"http://healdb.org/rdf-schema#AI_1222","ROMOSOZUMABE","http://purl.bioontology.org/ontology/ATC/M05BX06","C3661283","T121","http://purl.bioontology.org/ontology/ATC/M05BX","Other drugs affecting bone structure and mineralization in ATC","Other drugs affecting bone structure and mineralization"
"http://healdb.org/rdf-schema#AI_1222","ROMOSOZUMABE","http://purl.bioontology.org/ontology/ATC/M05BX06","C3661283","T129","http://purl.bioontology.org/ontology/ATC/M05BX","Other drugs affecting bone structure and mineralization in ATC","Other drugs affecting bone structure and mineralization"
"http://healdb.org/rdf-schema#AI_1223","AFLIBERCEPTE","http://purl.bioontology.org/ontology/ATC/S01LA05","C1134659","T116","http://purl.bioontology.org/ontology/ATC/S01LA","Antineovascularisation agents",
"http://healdb.org/rdf-schema#AI_1223","AFLIBERCEPTE","http://purl.bioontology.org/ontology/ATC/S01LA05","C1134659","T121","http://purl.bioontology.org/ontology/ATC/S01LA","Antineovascularisation agents",
"http://healdb.org/rdf-schema#AI_1223","AFLIBERCEPTE","http://purl.bioontology.org/ontology/ATC/S01LA05","C1134659","T129","http://purl.bioontology.org/ontology/ATC/S01LA","Antineovascularisation agents",
"http://healdb.org/rdf-schema#AI_1223","AFLIBERCEPTE","http://purl.bioontology.org/ontology/ATC/L01XX44","C1134659","T116","http://purl.bioontology.org/ontology/ATC/L01XX","Other antineoplastic agents in ATC","Other antineoplastic agents"
"http://healdb.org/rdf-schema#AI_1223","AFLIBERCEPTE","http://purl.bioontology.org/ontology/ATC/L01XX44","C1134659","T121","http://purl.bioontology.org/ontology/ATC/L01XX","Other antineoplastic agents in ATC","Other antineoplastic agents"
"http://healdb.org/rdf-schema#AI_1223","AFLIBERCEPTE","http://purl.bioontology.org/ontology/ATC/L01XX44","C1134659","T129","http://purl.bioontology.org/ontology/ATC/L01XX","Other antineoplastic agents in ATC","Other antineoplastic agents"
"http://healdb.org/rdf-schema#AI_1226","FAMOTIDINA","http://purl.bioontology.org/ontology/ATC/A02BA03","C0015620","T109","http://purl.bioontology.org/ontology/ATC/A02BA","H2-receptor antagonists",
"http://healdb.org/rdf-schema#AI_1226","FAMOTIDINA","http://purl.bioontology.org/ontology/ATC/A02BA03","C0015620","T121","http://purl.bioontology.org/ontology/ATC/A02BA","H2-receptor antagonists",
"http://healdb.org/rdf-schema#AI_1227","FAMPRIDINA","http://purl.bioontology.org/ontology/ATC/N07XX07","C0000477","T109","http://purl.bioontology.org/ontology/ATC/N07XX","Other nervous system drugs in ATC","Other nervous system drugs"
"http://healdb.org/rdf-schema#AI_1227","FAMPRIDINA","http://purl.bioontology.org/ontology/ATC/N07XX07","C0000477","T121","http://purl.bioontology.org/ontology/ATC/N07XX","Other nervous system drugs in ATC","Other nervous system drugs"
"http://healdb.org/rdf-schema#AI_1228","FANCICLOVIR","http://purl.bioontology.org/ontology/ATC/J05AB09","C0209227","T109","http://purl.bioontology.org/ontology/ATC/J05AB","Nucleosides and nucleotides excl. reverse transcriptase inhibitors",
"http://healdb.org/rdf-schema#AI_1228","FANCICLOVIR","http://purl.bioontology.org/ontology/ATC/J05AB09","C0209227","T121","http://purl.bioontology.org/ontology/ATC/J05AB","Nucleosides and nucleotides excl. reverse transcriptase inhibitors",
"http://healdb.org/rdf-schema#AI_1228","FANCICLOVIR","http://purl.bioontology.org/ontology/ATC/S01AD07","C0209227","T109","http://purl.bioontology.org/ontology/ATC/S01AD","Antivirals, ophthalmologic","Antivirals"
"http://healdb.org/rdf-schema#AI_1228","FANCICLOVIR","http://purl.bioontology.org/ontology/ATC/S01AD07","C0209227","T121","http://purl.bioontology.org/ontology/ATC/S01AD","Antivirals, ophthalmologic","Antivirals"
"http://healdb.org/rdf-schema#AI_1229","PRAZIQUANTEL","http://purl.bioontology.org/ontology/ATC/P02BA01","C0032911","T109","http://purl.bioontology.org/ontology/ATC/P02BA","Quinoline derivatives and related substances, antitrematodals","Quinoline derivatives and related substances"
"http://healdb.org/rdf-schema#AI_1229","PRAZIQUANTEL","http://purl.bioontology.org/ontology/ATC/P02BA01","C0032911","T121","http://purl.bioontology.org/ontology/ATC/P02BA","Quinoline derivatives and related substances, antitrematodals","Quinoline derivatives and related substances"
"http://healdb.org/rdf-schema#AI_1231","ETIONAMIDA","http://purl.bioontology.org/ontology/ATC/J04AD03","C0015021","T109","http://purl.bioontology.org/ontology/ATC/J04AD","Thiocarbamide derivatives for treatment of tuberculosis","Thiocarbamide derivatives"
"http://healdb.org/rdf-schema#AI_1231","ETIONAMIDA","http://purl.bioontology.org/ontology/ATC/J04AD03","C0015021","T121","http://purl.bioontology.org/ontology/ATC/J04AD","Thiocarbamide derivatives for treatment of tuberculosis","Thiocarbamide derivatives"
"http://healdb.org/rdf-schema#AI_1232","ISONIAZIDA","http://purl.bioontology.org/ontology/ATC/J04AC01","C0022209","T109","http://purl.bioontology.org/ontology/ATC/J04AC","Hydrazides for tuberculosis treatment","Hydrazides"
"http://healdb.org/rdf-schema#AI_1232","ISONIAZIDA","http://purl.bioontology.org/ontology/ATC/J04AC01","C0022209","T121","http://purl.bioontology.org/ontology/ATC/J04AC","Hydrazides for tuberculosis treatment","Hydrazides"
"http://healdb.org/rdf-schema#AI_1233","NEVIRAPINA","http://purl.bioontology.org/ontology/ATC/J05AG01","C0132326","T109","http://purl.bioontology.org/ontology/ATC/J05AG","Non-nucleoside reverse transcriptase inhibitors",
"http://healdb.org/rdf-schema#AI_1233","NEVIRAPINA","http://purl.bioontology.org/ontology/ATC/J05AG01","C0132326","T121","http://purl.bioontology.org/ontology/ATC/J05AG","Non-nucleoside reverse transcriptase inhibitors",
"http://healdb.org/rdf-schema#AI_1237","PIROXICAM","http://purl.bioontology.org/ontology/ATC/M02AA07","C0031990","T109","http://purl.bioontology.org/ontology/ATC/M02AA","Antiinflammatory preparations, non-steroids for topical use",
"http://healdb.org/rdf-schema#AI_1237","PIROXICAM","http://purl.bioontology.org/ontology/ATC/M02AA07","C0031990","T121","http://purl.bioontology.org/ontology/ATC/M02AA","Antiinflammatory preparations, non-steroids for topical use",
"http://healdb.org/rdf-schema#AI_1237","PIROXICAM","http://purl.bioontology.org/ontology/ATC/S01BC06","C0031990","T109","http://purl.bioontology.org/ontology/ATC/S01BC","Antiinflammatory agents, non-steroidal, ophthalmologic","Antiinflammatory agents, non-steroids"
"http://healdb.org/rdf-schema#AI_1237","PIROXICAM","http://purl.bioontology.org/ontology/ATC/S01BC06","C0031990","T121","http://purl.bioontology.org/ontology/ATC/S01BC","Antiinflammatory agents, non-steroidal, ophthalmologic","Antiinflammatory agents, non-steroids"
"http://healdb.org/rdf-schema#AI_1237","PIROXICAM","http://purl.bioontology.org/ontology/ATC/M01AC01","C0031990","T109","http://purl.bioontology.org/ontology/ATC/M01AC","Oxicams, antiinflammatory and antirheumatic drugs","Oxicams"
"http://healdb.org/rdf-schema#AI_1237","PIROXICAM","http://purl.bioontology.org/ontology/ATC/M01AC01","C0031990","T121","http://purl.bioontology.org/ontology/ATC/M01AC","Oxicams, antiinflammatory and antirheumatic drugs","Oxicams"
"http://healdb.org/rdf-schema#AI_1238","BENRALIZUMABE","http://purl.bioontology.org/ontology/ATC/R03DX10","C2982078","T116","http://purl.bioontology.org/ontology/ATC/R03DX","Other systemic drugs for obstructive airway diseases in ATC","Other systemic drugs for obstructive airway diseases"
"http://healdb.org/rdf-schema#AI_1238","BENRALIZUMABE","http://purl.bioontology.org/ontology/ATC/R03DX10","C2982078","T121","http://purl.bioontology.org/ontology/ATC/R03DX","Other systemic drugs for obstructive airway diseases in ATC","Other systemic drugs for obstructive airway diseases"
"http://healdb.org/rdf-schema#AI_1238","BENRALIZUMABE","http://purl.bioontology.org/ontology/ATC/R03DX10","C2982078","T129","http://purl.bioontology.org/ontology/ATC/R03DX","Other systemic drugs for obstructive airway diseases in ATC","Other systemic drugs for obstructive airway diseases"
"http://healdb.org/rdf-schema#AI_1242","METOTREXATO","http://purl.bioontology.org/ontology/ATC/L01BA01","C0025677","T109","http://purl.bioontology.org/ontology/ATC/L01BA","Folic acid analogs, antimetabolites","Folic acid analogues"
"http://healdb.org/rdf-schema#AI_1242","METOTREXATO","http://purl.bioontology.org/ontology/ATC/L01BA01","C0025677","T121","http://purl.bioontology.org/ontology/ATC/L01BA","Folic acid analogs, antimetabolites","Folic acid analogues"
"http://healdb.org/rdf-schema#AI_1242","METOTREXATO","http://purl.bioontology.org/ontology/ATC/L04AX03","C0025677","T109","http://purl.bioontology.org/ontology/ATC/L04AX","Other immunosuppressants in ATC","Other immunosuppressants"
"http://healdb.org/rdf-schema#AI_1242","METOTREXATO","http://purl.bioontology.org/ontology/ATC/L04AX03","C0025677","T121","http://purl.bioontology.org/ontology/ATC/L04AX","Other immunosuppressants in ATC","Other immunosuppressants"
"http://healdb.org/rdf-schema#AI_1244","ACETATO DE MEGESTROL","http://purl.bioontology.org/ontology/ATC/G03DB02","C0025175","T109","http://purl.bioontology.org/ontology/ATC/G03DB","Pregnadien derivatives, progestogens","Pregnadien derivatives"
"http://healdb.org/rdf-schema#AI_1244","ACETATO DE MEGESTROL","http://purl.bioontology.org/ontology/ATC/G03DB02","C0025175","T121","http://purl.bioontology.org/ontology/ATC/G03DB","Pregnadien derivatives, progestogens","Pregnadien derivatives"
"http://healdb.org/rdf-schema#AI_1244","ACETATO DE MEGESTROL","http://purl.bioontology.org/ontology/ATC/G03DB02","C0025175","T125","http://purl.bioontology.org/ontology/ATC/G03DB","Pregnadien derivatives, progestogens","Pregnadien derivatives"
"http://healdb.org/rdf-schema#AI_1244","ACETATO DE MEGESTROL","http://purl.bioontology.org/ontology/ATC/G03AC05","C0025175","T109","http://purl.bioontology.org/ontology/ATC/G03AC","Progestogen systemic hormonal contraceptives","Progestogens"
"http://healdb.org/rdf-schema#AI_1244","ACETATO DE MEGESTROL","http://purl.bioontology.org/ontology/ATC/G03AC05","C0025175","T121","http://purl.bioontology.org/ontology/ATC/G03AC","Progestogen systemic hormonal contraceptives","Progestogens"
"http://healdb.org/rdf-schema#AI_1244","ACETATO DE MEGESTROL","http://purl.bioontology.org/ontology/ATC/G03AC05","C0025175","T125","http://purl.bioontology.org/ontology/ATC/G03AC","Progestogen systemic hormonal contraceptives","Progestogens"
"http://healdb.org/rdf-schema#AI_1248","PANTOTENATO CALCICO","http://purl.bioontology.org/ontology/ATC/D03AX04","C0006710","T109","http://purl.bioontology.org/ontology/ATC/D03AX","Other cicatrizants in ATC","Other cicatrizants"
"http://healdb.org/rdf-schema#AI_1248","PANTOTENATO CALCICO","http://purl.bioontology.org/ontology/ATC/D03AX04","C0006710","T121","http://purl.bioontology.org/ontology/ATC/D03AX","Other cicatrizants in ATC","Other cicatrizants"
"http://healdb.org/rdf-schema#AI_1248","PANTOTENATO CALCICO","http://purl.bioontology.org/ontology/ATC/D03AX04","C0006710","T127","http://purl.bioontology.org/ontology/ATC/D03AX","Other cicatrizants in ATC","Other cicatrizants"
"http://healdb.org/rdf-schema#AI_1248","PANTOTENATO CALCICO","http://purl.bioontology.org/ontology/ATC/A11HA31","C0006710","T109","http://purl.bioontology.org/ontology/ATC/A11HA","Other plain vitamin preparations in ATC","Other plain vitamin preparations"
"http://healdb.org/rdf-schema#AI_1248","PANTOTENATO CALCICO","http://purl.bioontology.org/ontology/ATC/A11HA31","C0006710","T121","http://purl.bioontology.org/ontology/ATC/A11HA","Other plain vitamin preparations in ATC","Other plain vitamin preparations"
"http://healdb.org/rdf-schema#AI_1248","PANTOTENATO CALCICO","http://purl.bioontology.org/ontology/ATC/A11HA31","C0006710","T127","http://purl.bioontology.org/ontology/ATC/A11HA","Other plain vitamin preparations in ATC","Other plain vitamin preparations"
"http://healdb.org/rdf-schema#AI_1250","ÁCIDO ASCÓ","http://purl.bioontology.org/ontology/ATC/A11G","C3653337","T109","http://purl.bioontology.org/ontology/ATC/A11","VITAMINS",
"http://healdb.org/rdf-schema#AI_1250","ÁCIDO ASCÓ","http://purl.bioontology.org/ontology/ATC/A11G","C3653337","T121","http://purl.bioontology.org/ontology/ATC/A11","VITAMINS",
"http://healdb.org/rdf-schema#AI_1250","ÁCIDO ASCÓ","http://purl.bioontology.org/ontology/ATC/A11G","C3653337","T127","http://purl.bioontology.org/ontology/ATC/A11","VITAMINS",
"http://healdb.org/rdf-schema#AI_1250","ÁCIDO ASCÓ","http://purl.bioontology.org/ontology/ATC/A11GA01","C0003968","T109","http://purl.bioontology.org/ontology/ATC/A11GA","vitamin C products, plain","Ascorbic acid (vitamin C), plain"
"http://healdb.org/rdf-schema#AI_1250","ÁCIDO ASCÓ","http://purl.bioontology.org/ontology/ATC/A11GA01","C0003968","T121","http://purl.bioontology.org/ontology/ATC/A11GA","vitamin C products, plain","Ascorbic acid (vitamin C), plain"
"http://healdb.org/rdf-schema#AI_1250","ÁCIDO ASCÓ","http://purl.bioontology.org/ontology/ATC/A11GA01","C0003968","T127","http://purl.bioontology.org/ontology/ATC/A11GA","vitamin C products, plain","Ascorbic acid (vitamin C), plain"
"http://healdb.org/rdf-schema#AI_1250","ÁCIDO ASCÓ","http://purl.bioontology.org/ontology/ATC/G01AD03","C0003968","T109","http://purl.bioontology.org/ontology/ATC/G01AD","Organic acids, Gynecological","Organic acids"
"http://healdb.org/rdf-schema#AI_1250","ÁCIDO ASCÓ","http://purl.bioontology.org/ontology/ATC/G01AD03","C0003968","T121","http://purl.bioontology.org/ontology/ATC/G01AD","Organic acids, Gynecological","Organic acids"
"http://healdb.org/rdf-schema#AI_1250","ÁCIDO ASCÓ","http://purl.bioontology.org/ontology/ATC/G01AD03","C0003968","T127","http://purl.bioontology.org/ontology/ATC/G01AD","Organic acids, Gynecological","Organic acids"
"http://healdb.org/rdf-schema#AI_1250","ÁCIDO ASCÓ","http://purl.bioontology.org/ontology/ATC/S01XA15","C0003968","T109","http://purl.bioontology.org/ontology/ATC/S01XA","Other ophthalmologicals in ATC","Other ophthalmologicals"
"http://healdb.org/rdf-schema#AI_1250","ÁCIDO ASCÓ","http://purl.bioontology.org/ontology/ATC/S01XA15","C0003968","T121","http://purl.bioontology.org/ontology/ATC/S01XA","Other ophthalmologicals in ATC","Other ophthalmologicals"
"http://healdb.org/rdf-schema#AI_1250","ÁCIDO ASCÓ","http://purl.bioontology.org/ontology/ATC/S01XA15","C0003968","T127","http://purl.bioontology.org/ontology/ATC/S01XA","Other ophthalmologicals in ATC","Other ophthalmologicals"
"http://healdb.org/rdf-schema#AI_1252","ÁCIDO FÓLIC","http://purl.bioontology.org/ontology/ATC/B03BB01","C0016410","T109","http://purl.bioontology.org/ontology/ATC/B03BB","Folic acid and derivatives as antianemics","Folic acid and derivatives"
"http://healdb.org/rdf-schema#AI_1252","ÁCIDO FÓLIC","http://purl.bioontology.org/ontology/ATC/B03BB01","C0016410","T121","http://purl.bioontology.org/ontology/ATC/B03BB","Folic acid and derivatives as antianemics","Folic acid and derivatives"
"http://healdb.org/rdf-schema#AI_1252","ÁCIDO FÓLIC","http://purl.bioontology.org/ontology/ATC/B03BB01","C0016410","T127","http://purl.bioontology.org/ontology/ATC/B03BB","Folic acid and derivatives as antianemics","Folic acid and derivatives"
"http://healdb.org/rdf-schema#AI_1252","ÁCIDO FÓLIC","http://purl.bioontology.org/ontology/ATC/V04CX02","C0016410","T109","http://purl.bioontology.org/ontology/ATC/V04CX","Other diagnostic agents in ATC","Other diagnostic agents"
"http://healdb.org/rdf-schema#AI_1252","ÁCIDO FÓLIC","http://purl.bioontology.org/ontology/ATC/V04CX02","C0016410","T121","http://purl.bioontology.org/ontology/ATC/V04CX","Other diagnostic agents in ATC","Other diagnostic agents"
"http://healdb.org/rdf-schema#AI_1252","ÁCIDO FÓLIC","http://purl.bioontology.org/ontology/ATC/V04CX02","C0016410","T127","http://purl.bioontology.org/ontology/ATC/V04CX","Other diagnostic agents in ATC","Other diagnostic agents"
"http://healdb.org/rdf-schema#AI_1256","FENOFIBRATO","http://purl.bioontology.org/ontology/ATC/C10AB05","C0033228","T109","http://purl.bioontology.org/ontology/ATC/C10AB","Fibrates, lipid modifying drugs, plain","Fibrates"
"http://healdb.org/rdf-schema#AI_1256","FENOFIBRATO","http://purl.bioontology.org/ontology/ATC/C10AB05","C0033228","T121","http://purl.bioontology.org/ontology/ATC/C10AB","Fibrates, lipid modifying drugs, plain","Fibrates"
"http://healdb.org/rdf-schema#AI_1261","DEFERIPRONA","http://purl.bioontology.org/ontology/ATC/V03AC02","C0043832","T109","http://purl.bioontology.org/ontology/ATC/V03AC","Iron chelating agents",
"http://healdb.org/rdf-schema#AI_1261","DEFERIPRONA","http://purl.bioontology.org/ontology/ATC/V03AC02","C0043832","T121","http://purl.bioontology.org/ontology/ATC/V03AC","Iron chelating agents",
"http://healdb.org/rdf-schema#AI_1262","SACARATO DE HIDRÓXIDO FÉRRICO","http://purl.bioontology.org/ontology/ATC/B03AB02","C0060241","T109","http://purl.bioontology.org/ontology/ATC/B03AB","Iron trivalent, oral antianemic preparations","Iron trivalent, oral preparations"
"http://healdb.org/rdf-schema#AI_1262","SACARATO DE HIDRÓXIDO FÉRRICO","http://purl.bioontology.org/ontology/ATC/B03AB02","C0060241","T121","http://purl.bioontology.org/ontology/ATC/B03AB","Iron trivalent, oral antianemic preparations","Iron trivalent, oral preparations"
"http://healdb.org/rdf-schema#AI_1266","CLORANFENICOL","http://purl.bioontology.org/ontology/ATC/D10AF03","C0008168","T109","http://purl.bioontology.org/ontology/ATC/D10AF","Antiinfectives for treatment of acne",
"http://healdb.org/rdf-schema#AI_1266","CLORANFENICOL","http://purl.bioontology.org/ontology/ATC/D10AF03","C0008168","T195","http://purl.bioontology.org/ontology/ATC/D10AF","Antiinfectives for treatment of acne",
"http://healdb.org/rdf-schema#AI_1266","CLORANFENICOL","http://purl.bioontology.org/ontology/ATC/S02AA01","C0008168","T109","http://purl.bioontology.org/ontology/ATC/S02AA","Antiinfectives",
"http://healdb.org/rdf-schema#AI_1266","CLORANFENICOL","http://purl.bioontology.org/ontology/ATC/S02AA01","C0008168","T195","http://purl.bioontology.org/ontology/ATC/S02AA","Antiinfectives",
"http://healdb.org/rdf-schema#AI_1266","CLORANFENICOL","http://purl.bioontology.org/ontology/ATC/S03AA08","C0008168","T109","http://purl.bioontology.org/ontology/ATC/S03AA","Antiinfectives",
"http://healdb.org/rdf-schema#AI_1266","CLORANFENICOL","http://purl.bioontology.org/ontology/ATC/S03AA08","C0008168","T195","http://purl.bioontology.org/ontology/ATC/S03AA","Antiinfectives",
"http://healdb.org/rdf-schema#AI_1266","CLORANFENICOL","http://purl.bioontology.org/ontology/ATC/J01BA01","C0008168","T109","http://purl.bioontology.org/ontology/ATC/J01BA","Amphenicol antibacterials, systemic","Amphenicols"
"http://healdb.org/rdf-schema#AI_1266","CLORANFENICOL","http://purl.bioontology.org/ontology/ATC/J01BA01","C0008168","T195","http://purl.bioontology.org/ontology/ATC/J01BA","Amphenicol antibacterials, systemic","Amphenicols"
"http://healdb.org/rdf-schema#AI_1266","CLORANFENICOL","http://purl.bioontology.org/ontology/ATC/G01AA05","C0008168","T109","http://purl.bioontology.org/ontology/ATC/G01AA","Antibiotics, Gynecological","Antibiotics"
"http://healdb.org/rdf-schema#AI_1266","CLORANFENICOL","http://purl.bioontology.org/ontology/ATC/G01AA05","C0008168","T195","http://purl.bioontology.org/ontology/ATC/G01AA","Antibiotics, Gynecological","Antibiotics"
"http://healdb.org/rdf-schema#AI_1266","CLORANFENICOL","http://purl.bioontology.org/ontology/ATC/S01AA01","C0008168","T109","http://purl.bioontology.org/ontology/ATC/S01AA","Antibiotics, ophthalmologic","Antibiotics"
"http://healdb.org/rdf-schema#AI_1266","CLORANFENICOL","http://purl.bioontology.org/ontology/ATC/S01AA01","C0008168","T195","http://purl.bioontology.org/ontology/ATC/S01AA","Antibiotics, ophthalmologic","Antibiotics"
"http://healdb.org/rdf-schema#AI_1266","CLORANFENICOL","http://purl.bioontology.org/ontology/ATC/D06AX02","C0008168","T109","http://purl.bioontology.org/ontology/ATC/D06AX","Other antibiotics for topical use in ATC","Other antibiotics for topical use"
"http://healdb.org/rdf-schema#AI_1266","CLORANFENICOL","http://purl.bioontology.org/ontology/ATC/D06AX02","C0008168","T195","http://purl.bioontology.org/ontology/ATC/D06AX","Other antibiotics for topical use in ATC","Other antibiotics for topical use"
"http://healdb.org/rdf-schema#AI_1268","FIBRINOLISINA","http://purl.bioontology.org/ontology/ATC/B01AD05","C0016016","T116","http://purl.bioontology.org/ontology/ATC/B01AD","Enzymes, antithrombotic","Enzymes"
"http://healdb.org/rdf-schema#AI_1268","FIBRINOLISINA","http://purl.bioontology.org/ontology/ATC/B01AD05","C0016016","T121","http://purl.bioontology.org/ontology/ATC/B01AD","Enzymes, antithrombotic","Enzymes"
"http://healdb.org/rdf-schema#AI_1268","FIBRINOLISINA","http://purl.bioontology.org/ontology/ATC/B01AD05","C0016016","T126","http://purl.bioontology.org/ontology/ATC/B01AD","Enzymes, antithrombotic","Enzymes"
"http://healdb.org/rdf-schema#AI_1269","FILGRASTIM","http://purl.bioontology.org/ontology/ATC/L03AA02","C0210630","T116","http://purl.bioontology.org/ontology/ATC/L03AA","Colony stimulating factors",
"http://healdb.org/rdf-schema#AI_1269","FILGRASTIM","http://purl.bioontology.org/ontology/ATC/L03AA02","C0210630","T121","http://purl.bioontology.org/ontology/ATC/L03AA","Colony stimulating factors",
"http://healdb.org/rdf-schema#AI_1269","FILGRASTIM","http://purl.bioontology.org/ontology/ATC/L03AA02","C0210630","T129","http://purl.bioontology.org/ontology/ATC/L03AA","Colony stimulating factors",
"http://healdb.org/rdf-schema#AI_1291","OFLOXACINO","http://purl.bioontology.org/ontology/ATC/S02AA16","C0028902","T109","http://purl.bioontology.org/ontology/ATC/S02AA","Antiinfectives",
"http://healdb.org/rdf-schema#AI_1291","OFLOXACINO","http://purl.bioontology.org/ontology/ATC/S02AA16","C0028902","T195","http://purl.bioontology.org/ontology/ATC/S02AA","Antiinfectives",
"http://healdb.org/rdf-schema#AI_1291","OFLOXACINO","http://purl.bioontology.org/ontology/ATC/J01MA01","C0028902","T109","http://purl.bioontology.org/ontology/ATC/J01MA","Fluoroquinolone antibacterials, systemic","Fluoroquinolones"
"http://healdb.org/rdf-schema#AI_1291","OFLOXACINO","http://purl.bioontology.org/ontology/ATC/J01MA01","C0028902","T195","http://purl.bioontology.org/ontology/ATC/J01MA","Fluoroquinolone antibacterials, systemic","Fluoroquinolones"
"http://healdb.org/rdf-schema#AI_1291","OFLOXACINO","http://purl.bioontology.org/ontology/ATC/S01AE01","C0028902","T109","http://purl.bioontology.org/ontology/ATC/S01AE","Fluoroquinolone antiinfectives, ophthalmologic","Fluoroquinolones"
"http://healdb.org/rdf-schema#AI_1291","OFLOXACINO","http://purl.bioontology.org/ontology/ATC/S01AE01","C0028902","T195","http://purl.bioontology.org/ontology/ATC/S01AE","Fluoroquinolone antiinfectives, ophthalmologic","Fluoroquinolones"
"http://healdb.org/rdf-schema#AI_1298","FLUMAZENIL","http://purl.bioontology.org/ontology/ATC/V03AB25","C0016293","T109","http://purl.bioontology.org/ontology/ATC/V03AB","Antidotes",
"http://healdb.org/rdf-schema#AI_1298","FLUMAZENIL","http://purl.bioontology.org/ontology/ATC/V03AB25","C0016293","T121","http://purl.bioontology.org/ontology/ATC/V03AB","Antidotes",
"http://healdb.org/rdf-schema#AI_1299","FLUTAMIDA","http://purl.bioontology.org/ontology/ATC/L02BB01","C0016384","T109","http://purl.bioontology.org/ontology/ATC/L02BB","Anti-androgen hormone antagonists and related agents","Anti-androgens"
"http://healdb.org/rdf-schema#AI_1299","FLUTAMIDA","http://purl.bioontology.org/ontology/ATC/L02BB01","C0016384","T121","http://purl.bioontology.org/ontology/ATC/L02BB","Anti-androgen hormone antagonists and related agents","Anti-androgens"
"http://healdb.org/rdf-schema#AI_13","ATENOLOL","http://purl.bioontology.org/ontology/ATC/C07AB03","C0004147","T109","http://purl.bioontology.org/ontology/ATC/C07AB","Beta blocking agents, selective",
"http://healdb.org/rdf-schema#AI_13","ATENOLOL","http://purl.bioontology.org/ontology/ATC/C07AB03","C0004147","T121","http://purl.bioontology.org/ontology/ATC/C07AB","Beta blocking agents, selective",
"http://healdb.org/rdf-schema#AI_130","ACARBOSE","http://purl.bioontology.org/ontology/ATC/A10BF01","C0050393","T109","http://purl.bioontology.org/ontology/ATC/A10BF","Alpha glucosidase inhibitors, blood glucose lowering","Alpha glucosidase inhibitors"
"http://healdb.org/rdf-schema#AI_130","ACARBOSE","http://purl.bioontology.org/ontology/ATC/A10BF01","C0050393","T121","http://purl.bioontology.org/ontology/ATC/A10BF","Alpha glucosidase inhibitors, blood glucose lowering","Alpha glucosidase inhibitors"
"http://healdb.org/rdf-schema#AI_1300","CLORIDRATO DE ARGININA","http://purl.bioontology.org/ontology/ATC/B05XB01","C0301556","T109","http://purl.bioontology.org/ontology/ATC/B05XB","Amino Acids, I.V. solution additive","Amino acids"
"http://healdb.org/rdf-schema#AI_1300","CLORIDRATO DE ARGININA","http://purl.bioontology.org/ontology/ATC/B05XB01","C0301556","T121","http://purl.bioontology.org/ontology/ATC/B05XB","Amino Acids, I.V. solution additive","Amino acids"
"http://healdb.org/rdf-schema#AI_1303","GLUTAMINA","http://purl.bioontology.org/ontology/ATC/A16AA03","C0017797","T116","http://purl.bioontology.org/ontology/ATC/A16AA","Amino acids and derivatives",
"http://healdb.org/rdf-schema#AI_1303","GLUTAMINA","http://purl.bioontology.org/ontology/ATC/A16AA03","C0017797","T121","http://purl.bioontology.org/ontology/ATC/A16AA","Amino acids and derivatives",
"http://healdb.org/rdf-schema#AI_1303","GLUTAMINA","http://purl.bioontology.org/ontology/ATC/A16AA03","C0017797","T123","http://purl.bioontology.org/ontology/ATC/A16AA","Amino acids and derivatives",
"http://healdb.org/rdf-schema#AI_1304","TERIPARATIDA","http://purl.bioontology.org/ontology/ATC/H05AA02","C0070093","T116","http://purl.bioontology.org/ontology/ATC/H05AA","Parathyroid hormones and analogues",
"http://healdb.org/rdf-schema#AI_1304","TERIPARATIDA","http://purl.bioontology.org/ontology/ATC/H05AA02","C0070093","T121","http://purl.bioontology.org/ontology/ATC/H05AA","Parathyroid hormones and analogues",
"http://healdb.org/rdf-schema#AI_1304","TERIPARATIDA","http://purl.bioontology.org/ontology/ATC/H05AA02","C0070093","T125","http://purl.bioontology.org/ontology/ATC/H05AA","Parathyroid hormones and analogues",
"http://healdb.org/rdf-schema#AI_1312","UROFOLITROPINA","http://purl.bioontology.org/ontology/ATC/G03GA04","C0524639","T116","http://purl.bioontology.org/ontology/ATC/G03GA","Gonadotropins",
"http://healdb.org/rdf-schema#AI_1312","UROFOLITROPINA","http://purl.bioontology.org/ontology/ATC/G03GA04","C0524639","T121","http://purl.bioontology.org/ontology/ATC/G03GA","Gonadotropins",
"http://healdb.org/rdf-schema#AI_1312","UROFOLITROPINA","http://purl.bioontology.org/ontology/ATC/G03GA04","C0524639","T125","http://purl.bioontology.org/ontology/ATC/G03GA","Gonadotropins",
"http://healdb.org/rdf-schema#AI_1313","TEOFILINA","http://purl.bioontology.org/ontology/ATC/R03DA04","C0039771","T109","http://purl.bioontology.org/ontology/ATC/R03DA","Xanthines, systemic for obstructive airway disease","Xanthines"
"http://healdb.org/rdf-schema#AI_1313","TEOFILINA","http://purl.bioontology.org/ontology/ATC/R03DA04","C0039771","T121","http://purl.bioontology.org/ontology/ATC/R03DA","Xanthines, systemic for obstructive airway disease","Xanthines"
"http://healdb.org/rdf-schema#AI_1314","NADROPARINA CÁLCICA","http://purl.bioontology.org/ontology/ATC/B01AB06","C0206232","T109","http://purl.bioontology.org/ontology/ATC/B01AB","Heparin group antithrombotic drugs","Heparin group"
"http://healdb.org/rdf-schema#AI_1314","NADROPARINA CÁLCICA","http://purl.bioontology.org/ontology/ATC/B01AB06","C0206232","T121","http://purl.bioontology.org/ontology/ATC/B01AB","Heparin group antithrombotic drugs","Heparin group"
"http://healdb.org/rdf-schema#AI_1315","CLOBAZAM","http://purl.bioontology.org/ontology/ATC/N05BA09","C0055891","T109","http://purl.bioontology.org/ontology/ATC/N05BA","Benzodiazepine derivative anxiolytics","Benzodiazepine derivatives"
"http://healdb.org/rdf-schema#AI_1315","CLOBAZAM","http://purl.bioontology.org/ontology/ATC/N05BA09","C0055891","T121","http://purl.bioontology.org/ontology/ATC/N05BA","Benzodiazepine derivative anxiolytics","Benzodiazepine derivatives"
"http://healdb.org/rdf-schema#AI_1318","TALIDOMIDA","http://purl.bioontology.org/ontology/ATC/L04AX02","C0039736","T109","http://purl.bioontology.org/ontology/ATC/L04AX","Other immunosuppressants in ATC","Other immunosuppressants"
"http://healdb.org/rdf-schema#AI_1318","TALIDOMIDA","http://purl.bioontology.org/ontology/ATC/L04AX02","C0039736","T121","http://purl.bioontology.org/ontology/ATC/L04AX","Other immunosuppressants in ATC","Other immunosuppressants"
"http://healdb.org/rdf-schema#AI_1318","TALIDOMIDA","http://purl.bioontology.org/ontology/ATC/L04AX02","C0039736","T131","http://purl.bioontology.org/ontology/ATC/L04AX","Other immunosuppressants in ATC","Other immunosuppressants"
"http://healdb.org/rdf-schema#AI_1319","ALFA METILDOPA","http://purl.bioontology.org/ontology/ATC/C02AB","C3540782","T109","http://purl.bioontology.org/ontology/ATC/C02A","ANTIADRENERGIC AGENTS, CENTRALLY ACTING",
"http://healdb.org/rdf-schema#AI_1319","ALFA METILDOPA","http://purl.bioontology.org/ontology/ATC/C02AB","C3540782","T121","http://purl.bioontology.org/ontology/ATC/C02A","ANTIADRENERGIC AGENTS, CENTRALLY ACTING",
"http://healdb.org/rdf-schema#AI_1319","ALFA METILDOPA","http://purl.bioontology.org/ontology/ATC/C02AB01","C0025741","T116","http://purl.bioontology.org/ontology/ATC/C02AB","Methyldopa, centrally acting adntiadrenergic agents","Methyldopa"
"http://healdb.org/rdf-schema#AI_1319","ALFA METILDOPA","http://purl.bioontology.org/ontology/ATC/C02AB01","C0025741","T121","http://purl.bioontology.org/ontology/ATC/C02AB","Methyldopa, centrally acting adntiadrenergic agents","Methyldopa"
"http://healdb.org/rdf-schema#AI_1320","CICLOPIROX","http://purl.bioontology.org/ontology/ATC/D01AE14","C0055711","T109","http://purl.bioontology.org/ontology/ATC/D01AE","Other antifungals for topical use in ATC","Other antifungals for topical use"
"http://healdb.org/rdf-schema#AI_1320","CICLOPIROX","http://purl.bioontology.org/ontology/ATC/D01AE14","C0055711","T121","http://purl.bioontology.org/ontology/ATC/D01AE","Other antifungals for topical use in ATC","Other antifungals for topical use"
"http://healdb.org/rdf-schema#AI_1320","CICLOPIROX","http://purl.bioontology.org/ontology/ATC/G01AX12","C0055711","T109","http://purl.bioontology.org/ontology/ATC/G01AX","Other gynecological antiinfectives and antiseptics in ATC","Other antiinfectives and antiseptics"
"http://healdb.org/rdf-schema#AI_1320","CICLOPIROX","http://purl.bioontology.org/ontology/ATC/G01AX12","C0055711","T121","http://purl.bioontology.org/ontology/ATC/G01AX","Other gynecological antiinfectives and antiseptics in ATC","Other antiinfectives and antiseptics"
"http://healdb.org/rdf-schema#AI_1321","ITRACONAZOL","http://purl.bioontology.org/ontology/ATC/J02AC02","C0064113","T109","http://purl.bioontology.org/ontology/ATC/J02AC","Triazole and tetrazole derivatives",
"http://healdb.org/rdf-schema#AI_1321","ITRACONAZOL","http://purl.bioontology.org/ontology/ATC/J02AC02","C0064113","T121","http://purl.bioontology.org/ontology/ATC/J02AC","Triazole and tetrazole derivatives",
"http://healdb.org/rdf-schema#AI_1322","NITROFURAL","http://purl.bioontology.org/ontology/ATC/D09AA03","C0028157","T109","http://purl.bioontology.org/ontology/ATC/D09AA","Medicated dressings with antiinfectives",
"http://healdb.org/rdf-schema#AI_1322","NITROFURAL","http://purl.bioontology.org/ontology/ATC/D09AA03","C0028157","T121","http://purl.bioontology.org/ontology/ATC/D09AA","Medicated dressings with antiinfectives",
"http://healdb.org/rdf-schema#AI_1322","NITROFURAL","http://purl.bioontology.org/ontology/ATC/S02AA02","C0028157","T109","http://purl.bioontology.org/ontology/ATC/S02AA","Antiinfectives",
"http://healdb.org/rdf-schema#AI_1322","NITROFURAL","http://purl.bioontology.org/ontology/ATC/S02AA02","C0028157","T121","http://purl.bioontology.org/ontology/ATC/S02AA","Antiinfectives",
"http://healdb.org/rdf-schema#AI_1322","NITROFURAL","http://purl.bioontology.org/ontology/ATC/B05CA03","C0028157","T109","http://purl.bioontology.org/ontology/ATC/B05CA","Antiinfective irrigating solutions","Antiinfectives"
"http://healdb.org/rdf-schema#AI_1322","NITROFURAL","http://purl.bioontology.org/ontology/ATC/B05CA03","C0028157","T121","http://purl.bioontology.org/ontology/ATC/B05CA","Antiinfective irrigating solutions","Antiinfectives"
"http://healdb.org/rdf-schema#AI_1322","NITROFURAL","http://purl.bioontology.org/ontology/ATC/D08AF01","C0028157","T109","http://purl.bioontology.org/ontology/ATC/D08AF","Nitrofuran derivatives, antiseptics and disinfectants","Nitrofuran derivatives"
"http://healdb.org/rdf-schema#AI_1322","NITROFURAL","http://purl.bioontology.org/ontology/ATC/D08AF01","C0028157","T121","http://purl.bioontology.org/ontology/ATC/D08AF","Nitrofuran derivatives, antiseptics and disinfectants","Nitrofuran derivatives"
"http://healdb.org/rdf-schema#AI_1322","NITROFURAL","http://purl.bioontology.org/ontology/ATC/P01CC02","C0028157","T109","http://purl.bioontology.org/ontology/ATC/P01CC","Nitrofuran derivatives, antiprotozoal drugs","Nitrofuran derivatives"
"http://healdb.org/rdf-schema#AI_1322","NITROFURAL","http://purl.bioontology.org/ontology/ATC/P01CC02","C0028157","T121","http://purl.bioontology.org/ontology/ATC/P01CC","Nitrofuran derivatives, antiprotozoal drugs","Nitrofuran derivatives"
"http://healdb.org/rdf-schema#AI_1322","NITROFURAL","http://purl.bioontology.org/ontology/ATC/S01AX04","C0028157","T109","http://purl.bioontology.org/ontology/ATC/S01AX","Other antiinfectives in ATC","Other antiinfectives"
"http://healdb.org/rdf-schema#AI_1322","NITROFURAL","http://purl.bioontology.org/ontology/ATC/S01AX04","C0028157","T121","http://purl.bioontology.org/ontology/ATC/S01AX","Other antiinfectives in ATC","Other antiinfectives"
"http://healdb.org/rdf-schema#AI_1324","SULFADIAZINA","http://purl.bioontology.org/ontology/ATC/J01EC02","C0038675","T109","http://purl.bioontology.org/ontology/ATC/J01EC","Intermediate-acting sulfonamides",
"http://healdb.org/rdf-schema#AI_1324","SULFADIAZINA","http://purl.bioontology.org/ontology/ATC/J01EC02","C0038675","T195","http://purl.bioontology.org/ontology/ATC/J01EC","Intermediate-acting sulfonamides",
"http://healdb.org/rdf-schema#AI_1325","PIRAZINAMIDA","http://purl.bioontology.org/ontology/ATC/J04AK01","C0034239","T109","http://purl.bioontology.org/ontology/ATC/J04AK","Other drugs for treatment of tuberculosis in ATC","Other drugs for treatment of tuberculosis"
"http://healdb.org/rdf-schema#AI_1325","PIRAZINAMIDA","http://purl.bioontology.org/ontology/ATC/J04AK01","C0034239","T121","http://purl.bioontology.org/ontology/ATC/J04AK","Other drugs for treatment of tuberculosis in ATC","Other drugs for treatment of tuberculosis"
"http://healdb.org/rdf-schema#AI_1326","AZATIOPRINA","http://purl.bioontology.org/ontology/ATC/L04AX01","C0004482","T109","http://purl.bioontology.org/ontology/ATC/L04AX","Other immunosuppressants in ATC","Other immunosuppressants"
"http://healdb.org/rdf-schema#AI_1326","AZATIOPRINA","http://purl.bioontology.org/ontology/ATC/L04AX01","C0004482","T121","http://purl.bioontology.org/ontology/ATC/L04AX","Other immunosuppressants in ATC","Other immunosuppressants"
"http://healdb.org/rdf-schema#AI_1326","AZATIOPRINA","http://purl.bioontology.org/ontology/ATC/L04AX01","C0004482","T131","http://purl.bioontology.org/ontology/ATC/L04AX","Other immunosuppressants in ATC","Other immunosuppressants"
"http://healdb.org/rdf-schema#AI_1327","DAPSONA","http://purl.bioontology.org/ontology/ATC/J04BA02","C0010980","T109","http://purl.bioontology.org/ontology/ATC/J04BA","Drugs for treatment of lepra",
"http://healdb.org/rdf-schema#AI_1327","DAPSONA","http://purl.bioontology.org/ontology/ATC/J04BA02","C0010980","T121","http://purl.bioontology.org/ontology/ATC/J04BA","Drugs for treatment of lepra",
"http://healdb.org/rdf-schema#AI_1327","DAPSONA","http://purl.bioontology.org/ontology/ATC/D10AX05","C0010980","T109","http://purl.bioontology.org/ontology/ATC/D10AX","Other anti-acne preparations for topical use in ATC","Other anti-acne preparations for topical use"
"http://healdb.org/rdf-schema#AI_1327","DAPSONA","http://purl.bioontology.org/ontology/ATC/D10AX05","C0010980","T121","http://purl.bioontology.org/ontology/ATC/D10AX","Other anti-acne preparations for topical use in ATC","Other anti-acne preparations for topical use"
"http://healdb.org/rdf-schema#AI_1330","HALOPERIDOL","http://purl.bioontology.org/ontology/ATC/N05AD01","C0018546","T109","http://purl.bioontology.org/ontology/ATC/N05AD","Butyrophenone derivatives, antipsychotics","Butyrophenone derivatives"
"http://healdb.org/rdf-schema#AI_1330","HALOPERIDOL","http://purl.bioontology.org/ontology/ATC/N05AD01","C0018546","T121","http://purl.bioontology.org/ontology/ATC/N05AD","Butyrophenone derivatives, antipsychotics","Butyrophenone derivatives"
"http://healdb.org/rdf-schema#AI_1331","RIFAMPICINA","http://purl.bioontology.org/ontology/ATC/J04AB02","C0035608","T109","http://purl.bioontology.org/ontology/ATC/J04AB","Antibiotics, Antitubercular","Antibiotics"
"http://healdb.org/rdf-schema#AI_1331","RIFAMPICINA","http://purl.bioontology.org/ontology/ATC/J04AB02","C0035608","T195","http://purl.bioontology.org/ontology/ATC/J04AB","Antibiotics, Antitubercular","Antibiotics"
"http://healdb.org/rdf-schema#AI_1332","SULFATO FERROSO DESSECADO","http://purl.bioontology.org/ontology/ATC/B03AA07","C0060282","T121","http://purl.bioontology.org/ontology/ATC/B03AA","Iron bivalent, oral antianemic preparations","Iron bivalent, oral preparations"
"http://healdb.org/rdf-schema#AI_1332","SULFATO FERROSO DESSECADO","http://purl.bioontology.org/ontology/ATC/B03AA07","C0060282","T197","http://purl.bioontology.org/ontology/ATC/B03AA","Iron bivalent, oral antianemic preparations","Iron bivalent, oral preparations"
"http://healdb.org/rdf-schema#AI_1333","ENFUVIRTIDA","http://purl.bioontology.org/ontology/ATC/J05AX07","C0537439","T116","http://purl.bioontology.org/ontology/ATC/J05AX","Other antivirals in ATC","Other antivirals"
"http://healdb.org/rdf-schema#AI_1333","ENFUVIRTIDA","http://purl.bioontology.org/ontology/ATC/J05AX07","C0537439","T121","http://purl.bioontology.org/ontology/ATC/J05AX","Other antivirals in ATC","Other antivirals"
"http://healdb.org/rdf-schema#AI_1333","ENFUVIRTIDA","http://purl.bioontology.org/ontology/ATC/J05AX07","C0537439","T129","http://purl.bioontology.org/ontology/ATC/J05AX","Other antivirals in ATC","Other antivirals"
"http://healdb.org/rdf-schema#AI_1335","RASBURICASE","http://purl.bioontology.org/ontology/ATC/V03AF07","C0937932","T116","http://purl.bioontology.org/ontology/ATC/V03AF","Detoxifying agents for antineoplastic treatment",
"http://healdb.org/rdf-schema#AI_1335","RASBURICASE","http://purl.bioontology.org/ontology/ATC/V03AF07","C0937932","T121","http://purl.bioontology.org/ontology/ATC/V03AF","Detoxifying agents for antineoplastic treatment",
"http://healdb.org/rdf-schema#AI_1335","RASBURICASE","http://purl.bioontology.org/ontology/ATC/V03AF07","C0937932","T126","http://purl.bioontology.org/ontology/ATC/V03AF","Detoxifying agents for antineoplastic treatment",
"http://healdb.org/rdf-schema#AI_1336","INSULINA ASPARTE","http://purl.bioontology.org/ontology/ATC/A10AB05","C0123677","T116","http://purl.bioontology.org/ontology/ATC/A10AB","Insulins and analogues for injection, fast-acting",
"http://healdb.org/rdf-schema#AI_1336","INSULINA ASPARTE","http://purl.bioontology.org/ontology/ATC/A10AB05","C0123677","T121","http://purl.bioontology.org/ontology/ATC/A10AB","Insulins and analogues for injection, fast-acting",
"http://healdb.org/rdf-schema#AI_1336","INSULINA ASPARTE","http://purl.bioontology.org/ontology/ATC/A10AB05","C0123677","T125","http://purl.bioontology.org/ontology/ATC/A10AB","Insulins and analogues for injection, fast-acting",
"http://healdb.org/rdf-schema#AI_1336","INSULINA ASPARTE","http://purl.bioontology.org/ontology/ATC/A10AD05","C0123677","T116","http://purl.bioontology.org/ontology/ATC/A10AD","Insulins and analogues for injection used in Diabetes, intermediate- or long-acting combined with fast-acting","Insulins and analogues for injection, intermediate- or long-acting combined with fast-acting"
"http://healdb.org/rdf-schema#AI_1336","INSULINA ASPARTE","http://purl.bioontology.org/ontology/ATC/A10AD05","C0123677","T121","http://purl.bioontology.org/ontology/ATC/A10AD","Insulins and analogues for injection used in Diabetes, intermediate- or long-acting combined with fast-acting","Insulins and analogues for injection, intermediate- or long-acting combined with fast-acting"
"http://healdb.org/rdf-schema#AI_1336","INSULINA ASPARTE","http://purl.bioontology.org/ontology/ATC/A10AD05","C0123677","T125","http://purl.bioontology.org/ontology/ATC/A10AD","Insulins and analogues for injection used in Diabetes, intermediate- or long-acting combined with fast-acting","Insulins and analogues for injection, intermediate- or long-acting combined with fast-acting"
"http://healdb.org/rdf-schema#AI_1338","PEGFILGRASTIM","http://purl.bioontology.org/ontology/ATC/L03AA13","C1136535","T116","http://purl.bioontology.org/ontology/ATC/L03AA","Colony stimulating factors",
"http://healdb.org/rdf-schema#AI_1338","PEGFILGRASTIM","http://purl.bioontology.org/ontology/ATC/L03AA13","C1136535","T121","http://purl.bioontology.org/ontology/ATC/L03AA","Colony stimulating factors",
"http://healdb.org/rdf-schema#AI_1338","PEGFILGRASTIM","http://purl.bioontology.org/ontology/ATC/L03AA13","C1136535","T129","http://purl.bioontology.org/ontology/ATC/L03AA","Colony stimulating factors",
"http://healdb.org/rdf-schema#AI_1339","PERAMPANEL","http://purl.bioontology.org/ontology/ATC/N03AX22","C2698764","T109","http://purl.bioontology.org/ontology/ATC/N03AX","Other antiepileptics in ATC","Other antiepileptics"
"http://healdb.org/rdf-schema#AI_1339","PERAMPANEL","http://purl.bioontology.org/ontology/ATC/N03AX22","C2698764","T121","http://purl.bioontology.org/ontology/ATC/N03AX","Other antiepileptics in ATC","Other antiepileptics"
"http://healdb.org/rdf-schema#AI_1341","ÁCIDO GAMAMINOBUTÍRICO","http://purl.bioontology.org/ontology/ATC/N03AG03","C0220780","T116","http://purl.bioontology.org/ontology/ATC/N03AG","Fatty acid derivatives, antiepileptics","Fatty acid derivatives"
"http://healdb.org/rdf-schema#AI_1341","ÁCIDO GAMAMINOBUTÍRICO","http://purl.bioontology.org/ontology/ATC/N03AG03","C0220780","T121","http://purl.bioontology.org/ontology/ATC/N03AG","Fatty acid derivatives, antiepileptics","Fatty acid derivatives"
"http://healdb.org/rdf-schema#AI_1342","GADOBUTROL","http://purl.bioontology.org/ontology/ATC/V08CA09","C0291216","T130","http://purl.bioontology.org/ontology/ATC/V08CA","Paramagnetic contrast media",
"http://healdb.org/rdf-schema#AI_1347","VILDAGLIPTINA","http://purl.bioontology.org/ontology/ATC/A10BH02","C1570906","T109","http://purl.bioontology.org/ontology/ATC/A10BH","Dipeptidyl peptidase 4 (DPP-4) inhibitors for blood glucose lowering","Dipeptidyl peptidase 4 (DPP-4) inhibitors"
"http://healdb.org/rdf-schema#AI_1347","VILDAGLIPTINA","http://purl.bioontology.org/ontology/ATC/A10BH02","C1570906","T121","http://purl.bioontology.org/ontology/ATC/A10BH","Dipeptidyl peptidase 4 (DPP-4) inhibitors for blood glucose lowering","Dipeptidyl peptidase 4 (DPP-4) inhibitors"
"http://healdb.org/rdf-schema#AI_1349","IMUNOGLOBULINA ANTITETÂNICA","http://purl.bioontology.org/ontology/ATC/J06BB02","C4048265","T116","http://purl.bioontology.org/ontology/ATC/J06BB","Specific immunoglobulins",
"http://healdb.org/rdf-schema#AI_1349","IMUNOGLOBULINA ANTITETÂNICA","http://purl.bioontology.org/ontology/ATC/J06BB02","C4048265","T121","http://purl.bioontology.org/ontology/ATC/J06BB","Specific immunoglobulins",
"http://healdb.org/rdf-schema#AI_1349","IMUNOGLOBULINA ANTITETÂNICA","http://purl.bioontology.org/ontology/ATC/J06BB02","C4048265","T129","http://purl.bioontology.org/ontology/ATC/J06BB","Specific immunoglobulins",
"http://healdb.org/rdf-schema#AI_1351","GANCICLOVIR","http://purl.bioontology.org/ontology/ATC/J05AB06","C0017066","T114","http://purl.bioontology.org/ontology/ATC/J05AB","Nucleosides and nucleotides excl. reverse transcriptase inhibitors",
"http://healdb.org/rdf-schema#AI_1351","GANCICLOVIR","http://purl.bioontology.org/ontology/ATC/J05AB06","C0017066","T121","http://purl.bioontology.org/ontology/ATC/J05AB","Nucleosides and nucleotides excl. reverse transcriptase inhibitors",
"http://healdb.org/rdf-schema#AI_1351","GANCICLOVIR","http://purl.bioontology.org/ontology/ATC/S01AD09","C0017066","T114","http://purl.bioontology.org/ontology/ATC/S01AD","Antivirals, ophthalmologic","Antivirals"
"http://healdb.org/rdf-schema#AI_1351","GANCICLOVIR","http://purl.bioontology.org/ontology/ATC/S01AD09","C0017066","T121","http://purl.bioontology.org/ontology/ATC/S01AD","Antivirals, ophthalmologic","Antivirals"
"http://healdb.org/rdf-schema#AI_1352","GENTAMICINA","http://purl.bioontology.org/ontology/ATC/S02AA14","C3854019","T109","http://purl.bioontology.org/ontology/ATC/S02AA","Antiinfectives",
"http://healdb.org/rdf-schema#AI_1352","GENTAMICINA","http://purl.bioontology.org/ontology/ATC/S02AA14","C3854019","T195","http://purl.bioontology.org/ontology/ATC/S02AA","Antiinfectives",
"http://healdb.org/rdf-schema#AI_1352","GENTAMICINA","http://purl.bioontology.org/ontology/ATC/S03AA06","C3854019","T109","http://purl.bioontology.org/ontology/ATC/S03AA","Antiinfectives",
"http://healdb.org/rdf-schema#AI_1352","GENTAMICINA","http://purl.bioontology.org/ontology/ATC/S03AA06","C3854019","T195","http://purl.bioontology.org/ontology/ATC/S03AA","Antiinfectives",
"http://healdb.org/rdf-schema#AI_1352","GENTAMICINA","http://purl.bioontology.org/ontology/ATC/S01AA11","C3854019","T109","http://purl.bioontology.org/ontology/ATC/S01AA","Antibiotics, ophthalmologic","Antibiotics"
"http://healdb.org/rdf-schema#AI_1352","GENTAMICINA","http://purl.bioontology.org/ontology/ATC/S01AA11","C3854019","T195","http://purl.bioontology.org/ontology/ATC/S01AA","Antibiotics, ophthalmologic","Antibiotics"
"http://healdb.org/rdf-schema#AI_1352","GENTAMICINA","http://purl.bioontology.org/ontology/ATC/J01GB03","C3854019","T109","http://purl.bioontology.org/ontology/ATC/J01GB","Other aminoglycosides in ATC","Other aminoglycosides"
"http://healdb.org/rdf-schema#AI_1352","GENTAMICINA","http://purl.bioontology.org/ontology/ATC/J01GB03","C3854019","T195","http://purl.bioontology.org/ontology/ATC/J01GB","Other aminoglycosides in ATC","Other aminoglycosides"
"http://healdb.org/rdf-schema#AI_1352","GENTAMICINA","http://purl.bioontology.org/ontology/ATC/D06AX07","C3854019","T109","http://purl.bioontology.org/ontology/ATC/D06AX","Other antibiotics for topical use in ATC","Other antibiotics for topical use"
"http://healdb.org/rdf-schema#AI_1352","GENTAMICINA","http://purl.bioontology.org/ontology/ATC/D06AX07","C3854019","T195","http://purl.bioontology.org/ontology/ATC/D06AX","Other antibiotics for topical use in ATC","Other antibiotics for topical use"
"http://healdb.org/rdf-schema#AI_1364","GEL DE HIDRÓXIDO DE ALUMINIO","http://purl.bioontology.org/ontology/ATC/A02AB01","C0002371","T121","http://purl.bioontology.org/ontology/ATC/A02AB","antacids containing aluminium compounds","Aluminium compounds"
"http://healdb.org/rdf-schema#AI_1364","GEL DE HIDRÓXIDO DE ALUMINIO","http://purl.bioontology.org/ontology/ATC/A02AB01","C0002371","T197","http://purl.bioontology.org/ontology/ATC/A02AB","antacids containing aluminium compounds","Aluminium compounds"
"http://healdb.org/rdf-schema#AI_1365","OBINUTUZUMABE","http://purl.bioontology.org/ontology/ATC/L01FA03","C2742503","T116","http://purl.bioontology.org/ontology/ATC/L01FA","CD20 (Clusters of Differentiation 20) inhibitors",
"http://healdb.org/rdf-schema#AI_1365","OBINUTUZUMABE","http://purl.bioontology.org/ontology/ATC/L01FA03","C2742503","T121","http://purl.bioontology.org/ontology/ATC/L01FA","CD20 (Clusters of Differentiation 20) inhibitors",
"http://healdb.org/rdf-schema#AI_1365","OBINUTUZUMABE","http://purl.bioontology.org/ontology/ATC/L01FA03","C2742503","T129","http://purl.bioontology.org/ontology/ATC/L01FA","CD20 (Clusters of Differentiation 20) inhibitors",
"http://healdb.org/rdf-schema#AI_1371","GENFIBROZILA","http://purl.bioontology.org/ontology/ATC/C10AB04","C0017245","T109","http://purl.bioontology.org/ontology/ATC/C10AB","Fibrates, lipid modifying drugs, plain","Fibrates"
"http://healdb.org/rdf-schema#AI_1371","GENFIBROZILA","http://purl.bioontology.org/ontology/ATC/C10AB04","C0017245","T121","http://purl.bioontology.org/ontology/ATC/C10AB","Fibrates, lipid modifying drugs, plain","Fibrates"
"http://healdb.org/rdf-schema#AI_1374","COBICISTATE","http://purl.bioontology.org/ontology/ATC/V03AX03","C3177235","T109","http://purl.bioontology.org/ontology/ATC/V03AX","Other therapeutic products in ATC","Other therapeutic products"
"http://healdb.org/rdf-schema#AI_1374","COBICISTATE","http://purl.bioontology.org/ontology/ATC/V03AX03","C3177235","T121","http://purl.bioontology.org/ontology/ATC/V03AX","Other therapeutic products in ATC","Other therapeutic products"
"http://healdb.org/rdf-schema#AI_1375","ELVITEGRAVIR","http://purl.bioontology.org/ontology/ATC/J05AJ02","C2606637","T109","http://purl.bioontology.org/ontology/ATC/J05AJ","Integrase Inhibitors, antiinfectives for systematic use","Integrase inhibitors"
"http://healdb.org/rdf-schema#AI_1375","ELVITEGRAVIR","http://purl.bioontology.org/ontology/ATC/J05AJ02","C2606637","T121","http://purl.bioontology.org/ontology/ATC/J05AJ","Integrase Inhibitors, antiinfectives for systematic use","Integrase inhibitors"
"http://healdb.org/rdf-schema#AI_1376","INOSITOL","http://purl.bioontology.org/ontology/ATC/A11HA07","C0021547","T109","http://purl.bioontology.org/ontology/ATC/A11HA","Other plain vitamin preparations in ATC","Other plain vitamin preparations"
"http://healdb.org/rdf-schema#AI_1376","INOSITOL","http://purl.bioontology.org/ontology/ATC/A11HA07","C0021547","T121","http://purl.bioontology.org/ontology/ATC/A11HA","Other plain vitamin preparations in ATC","Other plain vitamin preparations"
"http://healdb.org/rdf-schema#AI_1376","INOSITOL","http://purl.bioontology.org/ontology/ATC/A11HA07","C0021547","T127","http://purl.bioontology.org/ontology/ATC/A11HA","Other plain vitamin preparations in ATC","Other plain vitamin preparations"
"http://healdb.org/rdf-schema#AI_1379","D-PANTENOL","http://purl.bioontology.org/ontology/ATC/D03AX03","C0057610","T109","http://purl.bioontology.org/ontology/ATC/D03AX","Other cicatrizants in ATC","Other cicatrizants"
"http://healdb.org/rdf-schema#AI_1379","D-PANTENOL","http://purl.bioontology.org/ontology/ATC/D03AX03","C0057610","T121","http://purl.bioontology.org/ontology/ATC/D03AX","Other cicatrizants in ATC","Other cicatrizants"
"http://healdb.org/rdf-schema#AI_1379","D-PANTENOL","http://purl.bioontology.org/ontology/ATC/D03AX03","C0057610","T127","http://purl.bioontology.org/ontology/ATC/D03AX","Other cicatrizants in ATC","Other cicatrizants"
"http://healdb.org/rdf-schema#AI_1379","D-PANTENOL","http://purl.bioontology.org/ontology/ATC/S01XA12","C0057610","T109","http://purl.bioontology.org/ontology/ATC/S01XA","Other ophthalmologicals in ATC","Other ophthalmologicals"
"http://healdb.org/rdf-schema#AI_1379","D-PANTENOL","http://purl.bioontology.org/ontology/ATC/S01XA12","C0057610","T121","http://purl.bioontology.org/ontology/ATC/S01XA","Other ophthalmologicals in ATC","Other ophthalmologicals"
"http://healdb.org/rdf-schema#AI_1379","D-PANTENOL","http://purl.bioontology.org/ontology/ATC/S01XA12","C0057610","T127","http://purl.bioontology.org/ontology/ATC/S01XA","Other ophthalmologicals in ATC","Other ophthalmologicals"
"http://healdb.org/rdf-schema#AI_1379","D-PANTENOL","http://purl.bioontology.org/ontology/ATC/A11HA30","C0057610","T109","http://purl.bioontology.org/ontology/ATC/A11HA","Other plain vitamin preparations in ATC","Other plain vitamin preparations"
"http://healdb.org/rdf-schema#AI_1379","D-PANTENOL","http://purl.bioontology.org/ontology/ATC/A11HA30","C0057610","T121","http://purl.bioontology.org/ontology/ATC/A11HA","Other plain vitamin preparations in ATC","Other plain vitamin preparations"
"http://healdb.org/rdf-schema#AI_1379","D-PANTENOL","http://purl.bioontology.org/ontology/ATC/A11HA30","C0057610","T127","http://purl.bioontology.org/ontology/ATC/A11HA","Other plain vitamin preparations in ATC","Other plain vitamin preparations"
"http://healdb.org/rdf-schema#AI_1381","RUTOSÍDEO","http://purl.bioontology.org/ontology/ATC/C05CA01","C0035976","T109","http://purl.bioontology.org/ontology/ATC/C05CA","Bioflavonoid drugs for capillary stabilizing","Bioflavonoids"
"http://healdb.org/rdf-schema#AI_1381","RUTOSÍDEO","http://purl.bioontology.org/ontology/ATC/C05CA01","C0035976","T121","http://purl.bioontology.org/ontology/ATC/C05CA","Bioflavonoid drugs for capillary stabilizing","Bioflavonoids"
"http://healdb.org/rdf-schema#AI_1382","SULFATO DE MAGNÉSIO","http://purl.bioontology.org/ontology/ATC/A06AD04","C0024480","T121","http://purl.bioontology.org/ontology/ATC/A06AD","Osmotically acting laxatives",
"http://healdb.org/rdf-schema#AI_1382","SULFATO DE MAGNÉSIO","http://purl.bioontology.org/ontology/ATC/A06AD04","C0024480","T197","http://purl.bioontology.org/ontology/ATC/A06AD","Osmotically acting laxatives",
"http://healdb.org/rdf-schema#AI_1382","SULFATO DE MAGNÉSIO","http://purl.bioontology.org/ontology/ATC/B05XA05","C0024480","T121","http://purl.bioontology.org/ontology/ATC/B05XA","Electrolyte solutions",
"http://healdb.org/rdf-schema#AI_1382","SULFATO DE MAGNÉSIO","http://purl.bioontology.org/ontology/ATC/B05XA05","C0024480","T197","http://purl.bioontology.org/ontology/ATC/B05XA","Electrolyte solutions",
"http://healdb.org/rdf-schema#AI_1382","SULFATO DE MAGNÉSIO","http://purl.bioontology.org/ontology/ATC/A12CC02","C0024480","T121","http://purl.bioontology.org/ontology/ATC/A12CC","Magnesium supplements, alimentary tract and metabolism","Magnesium"
"http://healdb.org/rdf-schema#AI_1382","SULFATO DE MAGNÉSIO","http://purl.bioontology.org/ontology/ATC/A12CC02","C0024480","T197","http://purl.bioontology.org/ontology/ATC/A12CC","Magnesium supplements, alimentary tract and metabolism","Magnesium"
"http://healdb.org/rdf-schema#AI_1382","SULFATO DE MAGNÉSIO","http://purl.bioontology.org/ontology/ATC/D11AX05","C0024480","T121","http://purl.bioontology.org/ontology/ATC/D11AX","OTHER DERMATOLOGICAL PREPARATIONS IN ATC","Other dermatologicals"
"http://healdb.org/rdf-schema#AI_1382","SULFATO DE MAGNÉSIO","http://purl.bioontology.org/ontology/ATC/D11AX05","C0024480","T197","http://purl.bioontology.org/ontology/ATC/D11AX","OTHER DERMATOLOGICAL PREPARATIONS IN ATC","Other dermatologicals"
"http://healdb.org/rdf-schema#AI_1382","SULFATO DE MAGNÉSIO","http://purl.bioontology.org/ontology/ATC/V04CC02","C0024480","T121","http://purl.bioontology.org/ontology/ATC/V04CC","Diagnostic agents for bile duct patency testing","Tests for bile duct patency"
"http://healdb.org/rdf-schema#AI_1382","SULFATO DE MAGNÉSIO","http://purl.bioontology.org/ontology/ATC/V04CC02","C0024480","T197","http://purl.bioontology.org/ontology/ATC/V04CC","Diagnostic agents for bile duct patency testing","Tests for bile duct patency"
"http://healdb.org/rdf-schema#AI_1384","LEVONORGESTREL MICRONIZADO","http://purl.bioontology.org/ontology/ATC/G03AD01","C0023566","T109","http://purl.bioontology.org/ontology/ATC/G03AD","Emergency contraceptive drugs","Emergency contraceptives"
"http://healdb.org/rdf-schema#AI_1384","LEVONORGESTREL MICRONIZADO","http://purl.bioontology.org/ontology/ATC/G03AD01","C0023566","T121","http://purl.bioontology.org/ontology/ATC/G03AD","Emergency contraceptive drugs","Emergency contraceptives"
"http://healdb.org/rdf-schema#AI_1384","LEVONORGESTREL MICRONIZADO","http://purl.bioontology.org/ontology/ATC/G03AD01","C0023566","T125","http://purl.bioontology.org/ontology/ATC/G03AD","Emergency contraceptive drugs","Emergency contraceptives"
"http://healdb.org/rdf-schema#AI_1384","LEVONORGESTREL MICRONIZADO","http://purl.bioontology.org/ontology/ATC/G03AC03","C0023566","T109","http://purl.bioontology.org/ontology/ATC/G03AC","Progestogen systemic hormonal contraceptives","Progestogens"
"http://healdb.org/rdf-schema#AI_1384","LEVONORGESTREL MICRONIZADO","http://purl.bioontology.org/ontology/ATC/G03AC03","C0023566","T121","http://purl.bioontology.org/ontology/ATC/G03AC","Progestogen systemic hormonal contraceptives","Progestogens"
"http://healdb.org/rdf-schema#AI_1384","LEVONORGESTREL MICRONIZADO","http://purl.bioontology.org/ontology/ATC/G03AC03","C0023566","T125","http://purl.bioontology.org/ontology/ATC/G03AC","Progestogen systemic hormonal contraceptives","Progestogens"
"http://healdb.org/rdf-schema#AI_1389","CARMUSTINA","http://purl.bioontology.org/ontology/ATC/L01AD01","C0007257","T109","http://purl.bioontology.org/ontology/ATC/L01AD","Nitrosoureas, antineoplastic alkylating agents","Nitrosoureas"
"http://healdb.org/rdf-schema#AI_1389","CARMUSTINA","http://purl.bioontology.org/ontology/ATC/L01AD01","C0007257","T121","http://purl.bioontology.org/ontology/ATC/L01AD","Nitrosoureas, antineoplastic alkylating agents","Nitrosoureas"
"http://healdb.org/rdf-schema#AI_139","PARACETAMOL","http://purl.bioontology.org/ontology/ATC/N02BE01","C0000970","T109","http://purl.bioontology.org/ontology/ATC/N02BE","Anilide analgesics and antipyretics","Anilides"
"http://healdb.org/rdf-schema#AI_139","PARACETAMOL","http://purl.bioontology.org/ontology/ATC/N02BE01","C0000970","T121","http://purl.bioontology.org/ontology/ATC/N02BE","Anilide analgesics and antipyretics","Anilides"
"http://healdb.org/rdf-schema#AI_1390","CLORETO DE SÓDIO USP","http://purl.bioontology.org/ontology/ATC/B05XA03","C0037494","T197","http://purl.bioontology.org/ontology/ATC/B05XA","Electrolyte solutions",
"http://healdb.org/rdf-schema#AI_1390","CLORETO DE SÓDIO USP","http://purl.bioontology.org/ontology/ATC/B05CB01","C0037494","T197","http://purl.bioontology.org/ontology/ATC/B05CB","Salt irrigating solutions","Salt solutions"
"http://healdb.org/rdf-schema#AI_1390","CLORETO DE SÓDIO USP","http://purl.bioontology.org/ontology/ATC/A12CA01","C0037494","T197","http://purl.bioontology.org/ontology/ATC/A12CA","Sodium supplements","Sodium"
"http://healdb.org/rdf-schema#AI_1391","GLICONATO DE CÁLCIO","http://purl.bioontology.org/ontology/ATC/A12AA03","C0006699","T109","http://purl.bioontology.org/ontology/ATC/A12AA","Calcium",
"http://healdb.org/rdf-schema#AI_1391","GLICONATO DE CÁLCIO","http://purl.bioontology.org/ontology/ATC/A12AA03","C0006699","T121","http://purl.bioontology.org/ontology/ATC/A12AA","Calcium",
"http://healdb.org/rdf-schema#AI_1391","GLICONATO DE CÁLCIO","http://purl.bioontology.org/ontology/ATC/B05XA19","C0006699","T109","http://purl.bioontology.org/ontology/ATC/B05XA","Electrolyte solutions",
"http://healdb.org/rdf-schema#AI_1391","GLICONATO DE CÁLCIO","http://purl.bioontology.org/ontology/ATC/B05XA19","C0006699","T121","http://purl.bioontology.org/ontology/ATC/B05XA","Electrolyte solutions",
"http://healdb.org/rdf-schema#AI_1391","GLICONATO DE CÁLCIO","http://purl.bioontology.org/ontology/ATC/D11AX03","C0006699","T109","http://purl.bioontology.org/ontology/ATC/D11AX","OTHER DERMATOLOGICAL PREPARATIONS IN ATC","Other dermatologicals"
"http://healdb.org/rdf-schema#AI_1391","GLICONATO DE CÁLCIO","http://purl.bioontology.org/ontology/ATC/D11AX03","C0006699","T121","http://purl.bioontology.org/ontology/ATC/D11AX","OTHER DERMATOLOGICAL PREPARATIONS IN ATC","Other dermatologicals"
"http://healdb.org/rdf-schema#AI_1392","CLORPROPAMIDA","http://purl.bioontology.org/ontology/ATC/A10BB02","C0008287","T109","http://purl.bioontology.org/ontology/ATC/A10BB","Sulfonylureas for blood glucose lowering","Sulfonylureas"
"http://healdb.org/rdf-schema#AI_1392","CLORPROPAMIDA","http://purl.bioontology.org/ontology/ATC/A10BB02","C0008287","T121","http://purl.bioontology.org/ontology/ATC/A10BB","Sulfonylureas for blood glucose lowering","Sulfonylureas"
"http://healdb.org/rdf-schema#AI_1393","LINAGLIPTINA","http://purl.bioontology.org/ontology/ATC/A10BH05","C2746078","T109","http://purl.bioontology.org/ontology/ATC/A10BH","Dipeptidyl peptidase 4 (DPP-4) inhibitors for blood glucose lowering","Dipeptidyl peptidase 4 (DPP-4) inhibitors"
"http://healdb.org/rdf-schema#AI_1393","LINAGLIPTINA","http://purl.bioontology.org/ontology/ATC/A10BH05","C2746078","T121","http://purl.bioontology.org/ontology/ATC/A10BH","Dipeptidyl peptidase 4 (DPP-4) inhibitors for blood glucose lowering","Dipeptidyl peptidase 4 (DPP-4) inhibitors"
"http://healdb.org/rdf-schema#AI_1394","GLUCAGON","http://purl.bioontology.org/ontology/ATC/H04AA01","C0017687","T116","http://purl.bioontology.org/ontology/ATC/H04AA","Glycogenolytic hormones",
"http://healdb.org/rdf-schema#AI_1394","GLUCAGON","http://purl.bioontology.org/ontology/ATC/H04AA01","C0017687","T121","http://purl.bioontology.org/ontology/ATC/H04AA","Glycogenolytic hormones",
"http://healdb.org/rdf-schema#AI_1394","GLUCAGON","http://purl.bioontology.org/ontology/ATC/H04AA01","C0017687","T125","http://purl.bioontology.org/ontology/ATC/H04AA","Glycogenolytic hormones",
"http://healdb.org/rdf-schema#AI_1395","ANTIMONIATO DE MEGLUMINA","http://purl.bioontology.org/ontology/ATC/P01CB01","C1096768","T109","http://purl.bioontology.org/ontology/ATC/P01CB","Antimony compounds for treatment of leishmaniasis and trypanosomiasis","Antimony compounds"
"http://healdb.org/rdf-schema#AI_1395","ANTIMONIATO DE MEGLUMINA","http://purl.bioontology.org/ontology/ATC/P01CB01","C1096768","T121","http://purl.bioontology.org/ontology/ATC/P01CB","Antimony compounds for treatment of leishmaniasis and trypanosomiasis","Antimony compounds"
"http://healdb.org/rdf-schema#AI_1396","GLICEROFOSFATO DE SÓDIO","http://purl.bioontology.org/ontology/ATC/B05XA14","C0377349","T109","http://purl.bioontology.org/ontology/ATC/B05XA","Electrolyte solutions",
"http://healdb.org/rdf-schema#AI_1396","GLICEROFOSFATO DE SÓDIO","http://purl.bioontology.org/ontology/ATC/B05XA14","C0377349","T121","http://purl.bioontology.org/ontology/ATC/B05XA","Electrolyte solutions",
"http://healdb.org/rdf-schema#AI_1399","EMPAGLIFLOZINA","http://purl.bioontology.org/ontology/ATC/A10BK03","C3490348","T109","http://purl.bioontology.org/ontology/ATC/A10BK","Sodium-glucose co-transporter 2 (SGLT2) inhibitors",
"http://healdb.org/rdf-schema#AI_1399","EMPAGLIFLOZINA","http://purl.bioontology.org/ontology/ATC/A10BK03","C3490348","T121","http://purl.bioontology.org/ontology/ATC/A10BK","Sodium-glucose co-transporter 2 (SGLT2) inhibitors",
"http://healdb.org/rdf-schema#AI_14","CLORTALIDONA","http://purl.bioontology.org/ontology/ATC/C03BA04","C0008294","T109","http://purl.bioontology.org/ontology/ATC/C03BA","sulfonamides, low-ceiling diuretics, plain","Sulfonamides, plain"
"http://healdb.org/rdf-schema#AI_14","CLORTALIDONA","http://purl.bioontology.org/ontology/ATC/C03BA04","C0008294","T121","http://purl.bioontology.org/ontology/ATC/C03BA","sulfonamides, low-ceiling diuretics, plain","Sulfonamides, plain"
"http://healdb.org/rdf-schema#AI_1400","ALFAFOLITROPINA","http://purl.bioontology.org/ontology/ATC/G03GA05","C1268876","T116","http://purl.bioontology.org/ontology/ATC/G03GA","Gonadotropins",
"http://healdb.org/rdf-schema#AI_1400","ALFAFOLITROPINA","http://purl.bioontology.org/ontology/ATC/G03GA05","C1268876","T121","http://purl.bioontology.org/ontology/ATC/G03GA","Gonadotropins",
"http://healdb.org/rdf-schema#AI_1402","TRANDOLAPRIL","http://purl.bioontology.org/ontology/ATC/C09AA10","C0076891","T109","http://purl.bioontology.org/ontology/ATC/C09AA","ACE inhibitors, plain",
"http://healdb.org/rdf-schema#AI_1402","TRANDOLAPRIL","http://purl.bioontology.org/ontology/ATC/C09AA10","C0076891","T121","http://purl.bioontology.org/ontology/ATC/C09AA","ACE inhibitors, plain",
"http://healdb.org/rdf-schema#AI_1403","COLECALCIFEROL CRISTALIZADO","http://purl.bioontology.org/ontology/ATC/A11CC05","C0008318","T109","http://purl.bioontology.org/ontology/ATC/A11CC","Vitamin D and analogues",
"http://healdb.org/rdf-schema#AI_1403","COLECALCIFEROL CRISTALIZADO","http://purl.bioontology.org/ontology/ATC/A11CC05","C0008318","T121","http://purl.bioontology.org/ontology/ATC/A11CC","Vitamin D and analogues",
"http://healdb.org/rdf-schema#AI_1403","COLECALCIFEROL CRISTALIZADO","http://purl.bioontology.org/ontology/ATC/A11CC05","C0008318","T127","http://purl.bioontology.org/ontology/ATC/A11CC","Vitamin D and analogues",
"http://healdb.org/rdf-schema#AI_141","DIPROPIONATO DE BECLOMETASONA","http://purl.bioontology.org/ontology/ATC/A07EA07","C0004905","T109","http://purl.bioontology.org/ontology/ATC/A07EA","Corticosteroids acting locally",
"http://healdb.org/rdf-schema#AI_141","DIPROPIONATO DE BECLOMETASONA","http://purl.bioontology.org/ontology/ATC/A07EA07","C0004905","T121","http://purl.bioontology.org/ontology/ATC/A07EA","Corticosteroids acting locally",
"http://healdb.org/rdf-schema#AI_141","DIPROPIONATO DE BECLOMETASONA","http://purl.bioontology.org/ontology/ATC/A07EA07","C0004905","T125","http://purl.bioontology.org/ontology/ATC/A07EA","Corticosteroids acting locally",
"http://healdb.org/rdf-schema#AI_141","DIPROPIONATO DE BECLOMETASONA","http://purl.bioontology.org/ontology/ATC/D07AC15","C0004905","T109","http://purl.bioontology.org/ontology/ATC/D07AC","Corticosteroids, potent (group III)",
"http://healdb.org/rdf-schema#AI_141","DIPROPIONATO DE BECLOMETASONA","http://purl.bioontology.org/ontology/ATC/D07AC15","C0004905","T121","http://purl.bioontology.org/ontology/ATC/D07AC","Corticosteroids, potent (group III)",
"http://healdb.org/rdf-schema#AI_141","DIPROPIONATO DE BECLOMETASONA","http://purl.bioontology.org/ontology/ATC/D07AC15","C0004905","T125","http://purl.bioontology.org/ontology/ATC/D07AC","Corticosteroids, potent (group III)",
"http://healdb.org/rdf-schema#AI_141","DIPROPIONATO DE BECLOMETASONA","http://purl.bioontology.org/ontology/ATC/R01AD01","C0004905","T109","http://purl.bioontology.org/ontology/ATC/R01AD","Corticosteroid nasal preparations for topical use","Corticosteroids"
"http://healdb.org/rdf-schema#AI_141","DIPROPIONATO DE BECLOMETASONA","http://purl.bioontology.org/ontology/ATC/R01AD01","C0004905","T121","http://purl.bioontology.org/ontology/ATC/R01AD","Corticosteroid nasal preparations for topical use","Corticosteroids"
"http://healdb.org/rdf-schema#AI_141","DIPROPIONATO DE BECLOMETASONA","http://purl.bioontology.org/ontology/ATC/R01AD01","C0004905","T125","http://purl.bioontology.org/ontology/ATC/R01AD","Corticosteroid nasal preparations for topical use","Corticosteroids"
"http://healdb.org/rdf-schema#AI_141","DIPROPIONATO DE BECLOMETASONA","http://purl.bioontology.org/ontology/ATC/R03BA01","C0004905","T109","http://purl.bioontology.org/ontology/ATC/R03BA","Glucocorticoid inhalants for obstructive airway disease","Glucocorticoids"
"http://healdb.org/rdf-schema#AI_141","DIPROPIONATO DE BECLOMETASONA","http://purl.bioontology.org/ontology/ATC/R03BA01","C0004905","T121","http://purl.bioontology.org/ontology/ATC/R03BA","Glucocorticoid inhalants for obstructive airway disease","Glucocorticoids"
"http://healdb.org/rdf-schema#AI_141","DIPROPIONATO DE BECLOMETASONA","http://purl.bioontology.org/ontology/ATC/R03BA01","C0004905","T125","http://purl.bioontology.org/ontology/ATC/R03BA","Glucocorticoid inhalants for obstructive airway disease","Glucocorticoids"
"http://healdb.org/rdf-schema#AI_1412","IMUNOGLOBULINA ANTI-D","http://purl.bioontology.org/ontology/ATC/J06BB01","C0073188","T116","http://purl.bioontology.org/ontology/ATC/J06BB","Specific immunoglobulins",
"http://healdb.org/rdf-schema#AI_1412","IMUNOGLOBULINA ANTI-D","http://purl.bioontology.org/ontology/ATC/J06BB01","C0073188","T121","http://purl.bioontology.org/ontology/ATC/J06BB","Specific immunoglobulins",
"http://healdb.org/rdf-schema#AI_1412","IMUNOGLOBULINA ANTI-D","http://purl.bioontology.org/ontology/ATC/J06BB01","C0073188","T129","http://purl.bioontology.org/ontology/ATC/J06BB","Specific immunoglobulins",
"http://healdb.org/rdf-schema#AI_1415","IODO","http://purl.bioontology.org/ontology/ATC/D08AG03","C0021968","T121","http://purl.bioontology.org/ontology/ATC/D08AG","Iodine products, antiseptics and disinfectants","Iodine products"
"http://healdb.org/rdf-schema#AI_1415","IODO","http://purl.bioontology.org/ontology/ATC/D08AG03","C0021968","T123","http://purl.bioontology.org/ontology/ATC/D08AG","Iodine products, antiseptics and disinfectants","Iodine products"
"http://healdb.org/rdf-schema#AI_1415","IODO","http://purl.bioontology.org/ontology/ATC/D08AG03","C0021968","T196","http://purl.bioontology.org/ontology/ATC/D08AG","Iodine products, antiseptics and disinfectants","Iodine products"
"http://healdb.org/rdf-schema#AI_1418","POTÁSSIO","http://purl.bioontology.org/ontology/ATC/A12BA","C0304475","T121","http://purl.bioontology.org/ontology/ATC/A12B","POTASSIUM SUPPLEMENTS","POTASSIUM"
"http://healdb.org/rdf-schema#AI_1418","POTÁSSIO","http://purl.bioontology.org/ontology/ATC/A12BA","C0304475","T197","http://purl.bioontology.org/ontology/ATC/A12B","POTASSIUM SUPPLEMENTS","POTASSIUM"
"http://healdb.org/rdf-schema#AI_142","ARIPIPRAZOL","http://purl.bioontology.org/ontology/ATC/N05AX12","C0299792","T109","http://purl.bioontology.org/ontology/ATC/N05AX","Other antipsychotics in ATC","Other antipsychotics"
"http://healdb.org/rdf-schema#AI_142","ARIPIPRAZOL","http://purl.bioontology.org/ontology/ATC/N05AX12","C0299792","T121","http://purl.bioontology.org/ontology/ATC/N05AX","Other antipsychotics in ATC","Other antipsychotics"
"http://healdb.org/rdf-schema#AI_1421","LANSOPRAZOL","http://purl.bioontology.org/ontology/ATC/A02BC03","C0050940","T109","http://purl.bioontology.org/ontology/ATC/A02BC","Proton pump inhibitors for peptic ulcer and GORD","Proton pump inhibitors"
"http://healdb.org/rdf-schema#AI_1421","LANSOPRAZOL","http://purl.bioontology.org/ontology/ATC/A02BC03","C0050940","T121","http://purl.bioontology.org/ontology/ATC/A02BC","Proton pump inhibitors for peptic ulcer and GORD","Proton pump inhibitors"
"http://healdb.org/rdf-schema#AI_1422","FATOR VON WILLEBRAND","http://purl.bioontology.org/ontology/ATC/B02BD10","C0042971","T116","http://purl.bioontology.org/ontology/ATC/B02BD","Blood coagulation factors",
"http://healdb.org/rdf-schema#AI_1422","FATOR VON WILLEBRAND","http://purl.bioontology.org/ontology/ATC/B02BD10","C0042971","T121","http://purl.bioontology.org/ontology/ATC/B02BD","Blood coagulation factors",
"http://healdb.org/rdf-schema#AI_1422","FATOR VON WILLEBRAND","http://purl.bioontology.org/ontology/ATC/B02BD10","C0042971","T123","http://purl.bioontology.org/ontology/ATC/B02BD","Blood coagulation factors",
"http://healdb.org/rdf-schema#AI_1423","BOSENTANA","http://purl.bioontology.org/ontology/ATC/C02KX01","C0252643","T109","http://purl.bioontology.org/ontology/ATC/C02KX","Antihypertensives for pulmonary arterial hypertension",
"http://healdb.org/rdf-schema#AI_1423","BOSENTANA","http://purl.bioontology.org/ontology/ATC/C02KX01","C0252643","T121","http://purl.bioontology.org/ontology/ATC/C02KX","Antihypertensives for pulmonary arterial hypertension",
"http://healdb.org/rdf-schema#AI_143","FREMANEZUMABE","http://purl.bioontology.org/ontology/ATC/N02CD03","C4549503","T116","http://purl.bioontology.org/ontology/ATC/N02CD","Calcitonin gene-related peptide (CGRP) antagonists",
"http://healdb.org/rdf-schema#AI_143","FREMANEZUMABE","http://purl.bioontology.org/ontology/ATC/N02CD03","C4549503","T121","http://purl.bioontology.org/ontology/ATC/N02CD","Calcitonin gene-related peptide (CGRP) antagonists",
"http://healdb.org/rdf-schema#AI_143","FREMANEZUMABE","http://purl.bioontology.org/ontology/ATC/N02CD03","C4549503","T129","http://purl.bioontology.org/ontology/ATC/N02CD","Calcitonin gene-related peptide (CGRP) antagonists",
"http://healdb.org/rdf-schema#AI_1432","HEMITARTARATO DE NOREPINEFRINA MONOIDRATADA","http://purl.bioontology.org/ontology/ATC/C01CA03","C0028351","T109","http://purl.bioontology.org/ontology/ATC/C01CA","Adrenergic and dopaminergic cardiac stimulants","Adrenergic and dopaminergic agents"
"http://healdb.org/rdf-schema#AI_1432","HEMITARTARATO DE NOREPINEFRINA MONOIDRATADA","http://purl.bioontology.org/ontology/ATC/C01CA03","C0028351","T121","http://purl.bioontology.org/ontology/ATC/C01CA","Adrenergic and dopaminergic cardiac stimulants","Adrenergic and dopaminergic agents"
"http://healdb.org/rdf-schema#AI_1432","HEMITARTARATO DE NOREPINEFRINA MONOIDRATADA","http://purl.bioontology.org/ontology/ATC/C01CA03","C0028351","T125","http://purl.bioontology.org/ontology/ATC/C01CA","Adrenergic and dopaminergic cardiac stimulants","Adrenergic and dopaminergic agents"
"http://healdb.org/rdf-schema#AI_1437","IOBITRIDOL","http://purl.bioontology.org/ontology/ATC/V08AB11","C0296806","T109","http://purl.bioontology.org/ontology/ATC/V08AB","Watersoluble, nephrotropic, low osmolar X-ray contrast media",
"http://healdb.org/rdf-schema#AI_1437","IOBITRIDOL","http://purl.bioontology.org/ontology/ATC/V08AB11","C0296806","T121","http://purl.bioontology.org/ontology/ATC/V08AB","Watersoluble, nephrotropic, low osmolar X-ray contrast media",
"http://healdb.org/rdf-schema#AI_1437","IOBITRIDOL","http://purl.bioontology.org/ontology/ATC/V08AB11","C0296806","T130","http://purl.bioontology.org/ontology/ATC/V08AB","Watersoluble, nephrotropic, low osmolar X-ray contrast media",
"http://healdb.org/rdf-schema#AI_144","PACLITAXEL","http://purl.bioontology.org/ontology/ATC/L01CD01","C0144576","T109","http://purl.bioontology.org/ontology/ATC/L01CD","Taxanes, antineoplastic","Taxanes"
"http://healdb.org/rdf-schema#AI_144","PACLITAXEL","http://purl.bioontology.org/ontology/ATC/L01CD01","C0144576","T121","http://purl.bioontology.org/ontology/ATC/L01CD","Taxanes, antineoplastic","Taxanes"
"http://healdb.org/rdf-schema#AI_1440","FENTOLAMINA","http://purl.bioontology.org/ontology/ATC/V03AB36","C0031448","T109","http://purl.bioontology.org/ontology/ATC/V03AB","Antidotes",
"http://healdb.org/rdf-schema#AI_1440","FENTOLAMINA","http://purl.bioontology.org/ontology/ATC/V03AB36","C0031448","T121","http://purl.bioontology.org/ontology/ATC/V03AB","Antidotes",
"http://healdb.org/rdf-schema#AI_1440","FENTOLAMINA","http://purl.bioontology.org/ontology/ATC/C04AB01","C0031448","T109","http://purl.bioontology.org/ontology/ATC/C04AB","Imidazoline derivatives, peripheral vasodilators","Imidazoline derivatives"
"http://healdb.org/rdf-schema#AI_1440","FENTOLAMINA","http://purl.bioontology.org/ontology/ATC/C04AB01","C0031448","T121","http://purl.bioontology.org/ontology/ATC/C04AB","Imidazoline derivatives, peripheral vasodilators","Imidazoline derivatives"
"http://healdb.org/rdf-schema#AI_1441","ISETIONATO DE HEXAMIDINA","http://purl.bioontology.org/ontology/ATC/S03AA05","C0062648","T109","http://purl.bioontology.org/ontology/ATC/S03AA","Antiinfectives",
"http://healdb.org/rdf-schema#AI_1441","ISETIONATO DE HEXAMIDINA","http://purl.bioontology.org/ontology/ATC/S03AA05","C0062648","T121","http://purl.bioontology.org/ontology/ATC/S03AA","Antiinfectives",
"http://healdb.org/rdf-schema#AI_1441","ISETIONATO DE HEXAMIDINA","http://purl.bioontology.org/ontology/ATC/R02AA18","C0062648","T109","http://purl.bioontology.org/ontology/ATC/R02AA","Antiseptic throat preparations","Antiseptics"
"http://healdb.org/rdf-schema#AI_1441","ISETIONATO DE HEXAMIDINA","http://purl.bioontology.org/ontology/ATC/R02AA18","C0062648","T121","http://purl.bioontology.org/ontology/ATC/R02AA","Antiseptic throat preparations","Antiseptics"
"http://healdb.org/rdf-schema#AI_1441","ISETIONATO DE HEXAMIDINA","http://purl.bioontology.org/ontology/ATC/D08AC04","C0062648","T109","http://purl.bioontology.org/ontology/ATC/D08AC","Biguanides and amidines as antiseptics and disinfectants","Biguanides and amidines"
"http://healdb.org/rdf-schema#AI_1441","ISETIONATO DE HEXAMIDINA","http://purl.bioontology.org/ontology/ATC/D08AC04","C0062648","T121","http://purl.bioontology.org/ontology/ATC/D08AC","Biguanides and amidines as antiseptics and disinfectants","Biguanides and amidines"
"http://healdb.org/rdf-schema#AI_1441","ISETIONATO DE HEXAMIDINA","http://purl.bioontology.org/ontology/ATC/S01AX08","C0062648","T109","http://purl.bioontology.org/ontology/ATC/S01AX","Other antiinfectives in ATC","Other antiinfectives"
"http://healdb.org/rdf-schema#AI_1441","ISETIONATO DE HEXAMIDINA","http://purl.bioontology.org/ontology/ATC/S01AX08","C0062648","T121","http://purl.bioontology.org/ontology/ATC/S01AX","Other antiinfectives in ATC","Other antiinfectives"
"http://healdb.org/rdf-schema#AI_1441","ISETIONATO DE HEXAMIDINA","http://purl.bioontology.org/ontology/ATC/R01AX07","C0062648","T109","http://purl.bioontology.org/ontology/ATC/R01AX","Other nasal preparations in ATC","Other nasal preparations"
"http://healdb.org/rdf-schema#AI_1441","ISETIONATO DE HEXAMIDINA","http://purl.bioontology.org/ontology/ATC/R01AX07","C0062648","T121","http://purl.bioontology.org/ontology/ATC/R01AX","Other nasal preparations in ATC","Other nasal preparations"
"http://healdb.org/rdf-schema#AI_1443","TRETINOÍNA","http://purl.bioontology.org/ontology/ATC/D10AD01","C0040845","T109","http://purl.bioontology.org/ontology/ATC/D10AD","Retinoids for topical use in acne",
"http://healdb.org/rdf-schema#AI_1443","TRETINOÍNA","http://purl.bioontology.org/ontology/ATC/D10AD01","C0040845","T121","http://purl.bioontology.org/ontology/ATC/D10AD","Retinoids for topical use in acne",
"http://healdb.org/rdf-schema#AI_1443","TRETINOÍNA","http://purl.bioontology.org/ontology/ATC/D10AD01","C0040845","T131","http://purl.bioontology.org/ontology/ATC/D10AD","Retinoids for topical use in acne",
"http://healdb.org/rdf-schema#AI_1443","TRETINOÍNA","http://purl.bioontology.org/ontology/ATC/L01XF01","C0040845","T109","http://purl.bioontology.org/ontology/ATC/L01XF","Retinoids for cancer treatment",
"http://healdb.org/rdf-schema#AI_1443","TRETINOÍNA","http://purl.bioontology.org/ontology/ATC/L01XF01","C0040845","T121","http://purl.bioontology.org/ontology/ATC/L01XF","Retinoids for cancer treatment",
"http://healdb.org/rdf-schema#AI_1443","TRETINOÍNA","http://purl.bioontology.org/ontology/ATC/L01XF01","C0040845","T131","http://purl.bioontology.org/ontology/ATC/L01XF","Retinoids for cancer treatment",
"http://healdb.org/rdf-schema#AI_1445","HIDROXIURÉIA","http://purl.bioontology.org/ontology/ATC/L01XX05","C0020402","T109","http://purl.bioontology.org/ontology/ATC/L01XX","Other antineoplastic agents in ATC","Other antineoplastic agents"
"http://healdb.org/rdf-schema#AI_1445","HIDROXIURÉIA","http://purl.bioontology.org/ontology/ATC/L01XX05","C0020402","T121","http://purl.bioontology.org/ontology/ATC/L01XX","Other antineoplastic agents in ATC","Other antineoplastic agents"
"http://healdb.org/rdf-schema#AI_1448","PSEUDOEFEDRINA","http://purl.bioontology.org/ontology/ATC/R01BA02","C0033798","T109","http://purl.bioontology.org/ontology/ATC/R01BA","Sympathomimetics",
"http://healdb.org/rdf-schema#AI_1448","PSEUDOEFEDRINA","http://purl.bioontology.org/ontology/ATC/R01BA02","C0033798","T121","http://purl.bioontology.org/ontology/ATC/R01BA","Sympathomimetics",
"http://healdb.org/rdf-schema#AI_1449","HYPERICUM PERFORATUM","http://purl.bioontology.org/ontology/ATC/N06AX25","C0813171","T109","http://purl.bioontology.org/ontology/ATC/N06AX","Other antidepressants in ATC","Other antidepressants"
"http://healdb.org/rdf-schema#AI_1449","HYPERICUM PERFORATUM","http://purl.bioontology.org/ontology/ATC/N06AX25","C0813171","T121","http://purl.bioontology.org/ontology/ATC/N06AX","Other antidepressants in ATC","Other antidepressants"
"http://healdb.org/rdf-schema#AI_1450","ÁCIDO HIALURÔNICO","http://purl.bioontology.org/ontology/ATC/S01KA01","C0020196","T109","http://purl.bioontology.org/ontology/ATC/S01KA","Viscoelastic substances",
"http://healdb.org/rdf-schema#AI_1450","ÁCIDO HIALURÔNICO","http://purl.bioontology.org/ontology/ATC/S01KA01","C0020196","T121","http://purl.bioontology.org/ontology/ATC/S01KA","Viscoelastic substances",
"http://healdb.org/rdf-schema#AI_1450","ÁCIDO HIALURÔNICO","http://purl.bioontology.org/ontology/ATC/S01KA01","C0020196","T123","http://purl.bioontology.org/ontology/ATC/S01KA","Viscoelastic substances",
"http://healdb.org/rdf-schema#AI_1450","ÁCIDO HIALURÔNICO","http://purl.bioontology.org/ontology/ATC/D03AX05","C0020196","T109","http://purl.bioontology.org/ontology/ATC/D03AX","Other cicatrizants in ATC","Other cicatrizants"
"http://healdb.org/rdf-schema#AI_1450","ÁCIDO HIALURÔNICO","http://purl.bioontology.org/ontology/ATC/D03AX05","C0020196","T121","http://purl.bioontology.org/ontology/ATC/D03AX","Other cicatrizants in ATC","Other cicatrizants"
"http://healdb.org/rdf-schema#AI_1450","ÁCIDO HIALURÔNICO","http://purl.bioontology.org/ontology/ATC/D03AX05","C0020196","T123","http://purl.bioontology.org/ontology/ATC/D03AX","Other cicatrizants in ATC","Other cicatrizants"
"http://healdb.org/rdf-schema#AI_1450","ÁCIDO HIALURÔNICO","http://purl.bioontology.org/ontology/ATC/M09AX01","C0020196","T109","http://purl.bioontology.org/ontology/ATC/M09AX","Other drugs for disorders of the musculo-skeletal system in ATC","Other drugs for disorders of the musculo-skeletal system"
"http://healdb.org/rdf-schema#AI_1450","ÁCIDO HIALURÔNICO","http://purl.bioontology.org/ontology/ATC/M09AX01","C0020196","T121","http://purl.bioontology.org/ontology/ATC/M09AX","Other drugs for disorders of the musculo-skeletal system in ATC","Other drugs for disorders of the musculo-skeletal system"
"http://healdb.org/rdf-schema#AI_1450","ÁCIDO HIALURÔNICO","http://purl.bioontology.org/ontology/ATC/M09AX01","C0020196","T123","http://purl.bioontology.org/ontology/ATC/M09AX","Other drugs for disorders of the musculo-skeletal system in ATC","Other drugs for disorders of the musculo-skeletal system"
"http://healdb.org/rdf-schema#AI_1450","ÁCIDO HIALURÔNICO","http://purl.bioontology.org/ontology/ATC/R01AX09","C0020196","T109","http://purl.bioontology.org/ontology/ATC/R01AX","Other nasal preparations in ATC","Other nasal preparations"
"http://healdb.org/rdf-schema#AI_1450","ÁCIDO HIALURÔNICO","http://purl.bioontology.org/ontology/ATC/R01AX09","C0020196","T121","http://purl.bioontology.org/ontology/ATC/R01AX","Other nasal preparations in ATC","Other nasal preparations"
"http://healdb.org/rdf-schema#AI_1450","ÁCIDO HIALURÔNICO","http://purl.bioontology.org/ontology/ATC/R01AX09","C0020196","T123","http://purl.bioontology.org/ontology/ATC/R01AX","Other nasal preparations in ATC","Other nasal preparations"
"http://healdb.org/rdf-schema#AI_1451","HIALURONIDASE","http://purl.bioontology.org/ontology/ATC/B06AA03","C0020197","T116","http://purl.bioontology.org/ontology/ATC/B06AA","Enzymes, hematological","Enzymes"
"http://healdb.org/rdf-schema#AI_1451","HIALURONIDASE","http://purl.bioontology.org/ontology/ATC/B06AA03","C0020197","T121","http://purl.bioontology.org/ontology/ATC/B06AA","Enzymes, hematological","Enzymes"
"http://healdb.org/rdf-schema#AI_1451","HIALURONIDASE","http://purl.bioontology.org/ontology/ATC/B06AA03","C0020197","T126","http://purl.bioontology.org/ontology/ATC/B06AA","Enzymes, hematological","Enzymes"
"http://healdb.org/rdf-schema#AI_1452","RILMENIDINA","http://purl.bioontology.org/ontology/ATC/C02AC06","C0140591","T109","http://purl.bioontology.org/ontology/ATC/C02AC","Imidazoline receptor agonists",
"http://healdb.org/rdf-schema#AI_1452","RILMENIDINA","http://purl.bioontology.org/ontology/ATC/C02AC06","C0140591","T121","http://purl.bioontology.org/ontology/ATC/C02AC","Imidazoline receptor agonists",
"http://healdb.org/rdf-schema#AI_1453","MANITOL","http://purl.bioontology.org/ontology/ATC/A06AD16","C0024730","T109","http://purl.bioontology.org/ontology/ATC/A06AD","Osmotically acting laxatives",
"http://healdb.org/rdf-schema#AI_1453","MANITOL","http://purl.bioontology.org/ontology/ATC/A06AD16","C0024730","T121","http://purl.bioontology.org/ontology/ATC/A06AD","Osmotically acting laxatives",
"http://healdb.org/rdf-schema#AI_1453","MANITOL","http://purl.bioontology.org/ontology/ATC/B05BC01","C0024730","T109","http://purl.bioontology.org/ontology/ATC/B05BC","Solutions producing osmotic diuresis",
"http://healdb.org/rdf-schema#AI_1453","MANITOL","http://purl.bioontology.org/ontology/ATC/B05BC01","C0024730","T121","http://purl.bioontology.org/ontology/ATC/B05BC","Solutions producing osmotic diuresis",
"http://healdb.org/rdf-schema#AI_1453","MANITOL","http://purl.bioontology.org/ontology/ATC/R05CB16","C0024730","T109","http://purl.bioontology.org/ontology/ATC/R05CB","Mucolytics",
"http://healdb.org/rdf-schema#AI_1453","MANITOL","http://purl.bioontology.org/ontology/ATC/R05CB16","C0024730","T121","http://purl.bioontology.org/ontology/ATC/R05CB","Mucolytics",
"http://healdb.org/rdf-schema#AI_1453","MANITOL","http://purl.bioontology.org/ontology/ATC/V04CX04","C0024730","T109","http://purl.bioontology.org/ontology/ATC/V04CX","Other diagnostic agents in ATC","Other diagnostic agents"
"http://healdb.org/rdf-schema#AI_1453","MANITOL","http://purl.bioontology.org/ontology/ATC/V04CX04","C0024730","T121","http://purl.bioontology.org/ontology/ATC/V04CX","Other diagnostic agents in ATC","Other diagnostic agents"
"http://healdb.org/rdf-schema#AI_1453","MANITOL","http://purl.bioontology.org/ontology/ATC/B05CX04","C0024730","T109","http://purl.bioontology.org/ontology/ATC/B05CX","Other irrigating solutions in ATC","Other irrigating solutions"
"http://healdb.org/rdf-schema#AI_1453","MANITOL","http://purl.bioontology.org/ontology/ATC/B05CX04","C0024730","T121","http://purl.bioontology.org/ontology/ATC/B05CX","Other irrigating solutions in ATC","Other irrigating solutions"
"http://healdb.org/rdf-schema#AI_1456","EMICIZUMABE","http://purl.bioontology.org/ontology/ATC/B02BX06","C4278463","T116","http://purl.bioontology.org/ontology/ATC/B02BX","Other systemic hemostatics in ATC","Other systemic hemostatics"
"http://healdb.org/rdf-schema#AI_1456","EMICIZUMABE","http://purl.bioontology.org/ontology/ATC/B02BX06","C4278463","T121","http://purl.bioontology.org/ontology/ATC/B02BX","Other systemic hemostatics in ATC","Other systemic hemostatics"
"http://healdb.org/rdf-schema#AI_1456","EMICIZUMABE","http://purl.bioontology.org/ontology/ATC/B02BX06","C4278463","T129","http://purl.bioontology.org/ontology/ATC/B02BX","Other systemic hemostatics in ATC","Other systemic hemostatics"
"http://healdb.org/rdf-schema#AI_1462","ISOCONAZOL","http://purl.bioontology.org/ontology/ATC/D01AC05","C0063953","T109","http://purl.bioontology.org/ontology/ATC/D01AC","Imidazole and triazole derivatives, topical antifungals","Imidazole and triazole derivatives"
"http://healdb.org/rdf-schema#AI_1462","ISOCONAZOL","http://purl.bioontology.org/ontology/ATC/D01AC05","C0063953","T121","http://purl.bioontology.org/ontology/ATC/D01AC","Imidazole and triazole derivatives, topical antifungals","Imidazole and triazole derivatives"
"http://healdb.org/rdf-schema#AI_1462","ISOCONAZOL","http://purl.bioontology.org/ontology/ATC/G01AF07","C0063953","T109","http://purl.bioontology.org/ontology/ATC/G01AF","Imidazole derivatives, gyncological antiinfectives","Imidazole derivatives"
"http://healdb.org/rdf-schema#AI_1462","ISOCONAZOL","http://purl.bioontology.org/ontology/ATC/G01AF07","C0063953","T121","http://purl.bioontology.org/ontology/ATC/G01AF","Imidazole derivatives, gyncological antiinfectives","Imidazole derivatives"
"http://healdb.org/rdf-schema#AI_1464","DURVALUMABE","http://purl.bioontology.org/ontology/ATC/L01FF03","C4055109","T116","http://purl.bioontology.org/ontology/ATC/L01FF","PD-1/PDL-1 (Programmed cell death protein 1/death ligand 1) inhibitors",
"http://healdb.org/rdf-schema#AI_1464","DURVALUMABE","http://purl.bioontology.org/ontology/ATC/L01FF03","C4055109","T121","http://purl.bioontology.org/ontology/ATC/L01FF","PD-1/PDL-1 (Programmed cell death protein 1/death ligand 1) inhibitors",
"http://healdb.org/rdf-schema#AI_1464","DURVALUMABE","http://purl.bioontology.org/ontology/ATC/L01FF03","C4055109","T129","http://purl.bioontology.org/ontology/ATC/L01FF","PD-1/PDL-1 (Programmed cell death protein 1/death ligand 1) inhibitors",
"http://healdb.org/rdf-schema#AI_1469","ZOPICLONA","http://purl.bioontology.org/ontology/ATC/N05CF01","C0078847","T109","http://purl.bioontology.org/ontology/ATC/N05CF","Benzodiazepine related hypnotics and sedatives","Benzodiazepine related drugs"
"http://healdb.org/rdf-schema#AI_1469","ZOPICLONA","http://purl.bioontology.org/ontology/ATC/N05CF01","C0078847","T121","http://purl.bioontology.org/ontology/ATC/N05CF","Benzodiazepine related hypnotics and sedatives","Benzodiazepine related drugs"
"http://healdb.org/rdf-schema#AI_147","DIENOGESTE","http://purl.bioontology.org/ontology/ATC/G03DB08","C0057916","T109","http://purl.bioontology.org/ontology/ATC/G03DB","Pregnadien derivatives, progestogens","Pregnadien derivatives"
"http://healdb.org/rdf-schema#AI_147","DIENOGESTE","http://purl.bioontology.org/ontology/ATC/G03DB08","C0057916","T121","http://purl.bioontology.org/ontology/ATC/G03DB","Pregnadien derivatives, progestogens","Pregnadien derivatives"
"http://healdb.org/rdf-schema#AI_147","DIENOGESTE","http://purl.bioontology.org/ontology/ATC/G03DB08","C0057916","T125","http://purl.bioontology.org/ontology/ATC/G03DB","Pregnadien derivatives, progestogens","Pregnadien derivatives"
"http://healdb.org/rdf-schema#AI_1470","SUCCINATO DE SOLIFENACINA","http://purl.bioontology.org/ontology/ATC/G04BD08","C1099677","T109","http://purl.bioontology.org/ontology/ATC/G04BD","Drugs for urinary frequency and incontinence",
"http://healdb.org/rdf-schema#AI_1470","SUCCINATO DE SOLIFENACINA","http://purl.bioontology.org/ontology/ATC/G04BD08","C1099677","T121","http://purl.bioontology.org/ontology/ATC/G04BD","Drugs for urinary frequency and incontinence",
"http://healdb.org/rdf-schema#AI_1471","ETONOGESTREL","http://purl.bioontology.org/ontology/ATC/G03AC08","C0047683","T109","http://purl.bioontology.org/ontology/ATC/G03AC","Progestogen systemic hormonal contraceptives","Progestogens"
"http://healdb.org/rdf-schema#AI_1471","ETONOGESTREL","http://purl.bioontology.org/ontology/ATC/G03AC08","C0047683","T121","http://purl.bioontology.org/ontology/ATC/G03AC","Progestogen systemic hormonal contraceptives","Progestogens"
"http://healdb.org/rdf-schema#AI_1471","ETONOGESTREL","http://purl.bioontology.org/ontology/ATC/G03AC08","C0047683","T125","http://purl.bioontology.org/ontology/ATC/G03AC","Progestogen systemic hormonal contraceptives","Progestogens"
"http://healdb.org/rdf-schema#AI_1476","INDOMETACINA","http://purl.bioontology.org/ontology/ATC/M01AB01","C0021246","T109","http://purl.bioontology.org/ontology/ATC/M01AB","Acetic acid derivatives and related substances",
"http://healdb.org/rdf-schema#AI_1476","INDOMETACINA","http://purl.bioontology.org/ontology/ATC/M01AB01","C0021246","T121","http://purl.bioontology.org/ontology/ATC/M01AB","Acetic acid derivatives and related substances",
"http://healdb.org/rdf-schema#AI_1476","INDOMETACINA","http://purl.bioontology.org/ontology/ATC/M02AA23","C0021246","T109","http://purl.bioontology.org/ontology/ATC/M02AA","Antiinflammatory preparations, non-steroids for topical use",
"http://healdb.org/rdf-schema#AI_1476","INDOMETACINA","http://purl.bioontology.org/ontology/ATC/M02AA23","C0021246","T121","http://purl.bioontology.org/ontology/ATC/M02AA","Antiinflammatory preparations, non-steroids for topical use",
"http://healdb.org/rdf-schema#AI_1476","INDOMETACINA","http://purl.bioontology.org/ontology/ATC/S01BC01","C0021246","T109","http://purl.bioontology.org/ontology/ATC/S01BC","Antiinflammatory agents, non-steroidal, ophthalmologic","Antiinflammatory agents, non-steroids"
"http://healdb.org/rdf-schema#AI_1476","INDOMETACINA","http://purl.bioontology.org/ontology/ATC/S01BC01","C0021246","T121","http://purl.bioontology.org/ontology/ATC/S01BC","Antiinflammatory agents, non-steroidal, ophthalmologic","Antiinflammatory agents, non-steroids"
"http://healdb.org/rdf-schema#AI_1476","INDOMETACINA","http://purl.bioontology.org/ontology/ATC/C01EB03","C0021246","T109","http://purl.bioontology.org/ontology/ATC/C01EB","Other plain cardiac preparations in ATC","Other cardiac preparations"
"http://healdb.org/rdf-schema#AI_1476","INDOMETACINA","http://purl.bioontology.org/ontology/ATC/C01EB03","C0021246","T121","http://purl.bioontology.org/ontology/ATC/C01EB","Other plain cardiac preparations in ATC","Other cardiac preparations"
"http://healdb.org/rdf-schema#AI_148","ALBENDAZOL","http://purl.bioontology.org/ontology/ATC/P02CA03","C0001911","T109","http://purl.bioontology.org/ontology/ATC/P02CA","Benzimidazole derivatives, antinematodal","Benzimidazole derivatives"
"http://healdb.org/rdf-schema#AI_148","ALBENDAZOL","http://purl.bioontology.org/ontology/ATC/P02CA03","C0001911","T121","http://purl.bioontology.org/ontology/ATC/P02CA","Benzimidazole derivatives, antinematodal","Benzimidazole derivatives"
"http://healdb.org/rdf-schema#AI_1486","AXITINIBE","http://purl.bioontology.org/ontology/ATC/L01EK01","C1700874","T109","http://purl.bioontology.org/ontology/ATC/L01EK","Vascular endothelial growth factor receptor (VEGFR) tyrosine kinase inhibitors",
"http://healdb.org/rdf-schema#AI_1486","AXITINIBE","http://purl.bioontology.org/ontology/ATC/L01EK01","C1700874","T121","http://purl.bioontology.org/ontology/ATC/L01EK","Vascular endothelial growth factor receptor (VEGFR) tyrosine kinase inhibitors",
"http://healdb.org/rdf-schema#AI_1489","EPLERENONA","http://purl.bioontology.org/ontology/ATC/C03DA04","C0961485","T109","http://purl.bioontology.org/ontology/ATC/C03DA","Aldosterone antagonists",
"http://healdb.org/rdf-schema#AI_1489","EPLERENONA","http://purl.bioontology.org/ontology/ATC/C03DA04","C0961485","T121","http://purl.bioontology.org/ontology/ATC/C03DA","Aldosterone antagonists",
"http://healdb.org/rdf-schema#AI_149","POLICRESULENO","http://purl.bioontology.org/ontology/ATC/G01AX03","C0137757","T109","http://purl.bioontology.org/ontology/ATC/G01AX","Other gynecological antiinfectives and antiseptics in ATC","Other antiinfectives and antiseptics"
"http://healdb.org/rdf-schema#AI_149","POLICRESULENO","http://purl.bioontology.org/ontology/ATC/G01AX03","C0137757","T121","http://purl.bioontology.org/ontology/ATC/G01AX","Other gynecological antiinfectives and antiseptics in ATC","Other antiinfectives and antiseptics"
"http://healdb.org/rdf-schema#AI_149","POLICRESULENO","http://purl.bioontology.org/ontology/ATC/D08AE02","C0137757","T109","http://purl.bioontology.org/ontology/ATC/D08AE","Phenol and derivatives, antiseptics and disinfectants","Phenol and derivatives"
"http://healdb.org/rdf-schema#AI_149","POLICRESULENO","http://purl.bioontology.org/ontology/ATC/D08AE02","C0137757","T121","http://purl.bioontology.org/ontology/ATC/D08AE","Phenol and derivatives, antiseptics and disinfectants","Phenol and derivatives"
"http://healdb.org/rdf-schema#AI_1490","ETRAVIRINA","http://purl.bioontology.org/ontology/ATC/J05AG04","C1456409","T109","http://purl.bioontology.org/ontology/ATC/J05AG","Non-nucleoside reverse transcriptase inhibitors",
"http://healdb.org/rdf-schema#AI_1490","ETRAVIRINA","http://purl.bioontology.org/ontology/ATC/J05AG04","C1456409","T121","http://purl.bioontology.org/ontology/ATC/J05AG","Non-nucleoside reverse transcriptase inhibitors",
"http://healdb.org/rdf-schema#AI_1491","INTERFERON ALFA 2A","http://purl.bioontology.org/ontology/ATC/L03AB04","C0021734","T116","http://purl.bioontology.org/ontology/ATC/L03AB","Interferons",
"http://healdb.org/rdf-schema#AI_1491","INTERFERON ALFA 2A","http://purl.bioontology.org/ontology/ATC/L03AB04","C0021734","T121","http://purl.bioontology.org/ontology/ATC/L03AB","Interferons",
"http://healdb.org/rdf-schema#AI_1491","INTERFERON ALFA 2A","http://purl.bioontology.org/ontology/ATC/L03AB04","C0021734","T129","http://purl.bioontology.org/ontology/ATC/L03AB","Interferons",
"http://healdb.org/rdf-schema#AI_1492","INTERFERON HUMANO TIPO ALFA - 2B","http://purl.bioontology.org/ontology/ATC/L03AB05","C0021735","T116","http://purl.bioontology.org/ontology/ATC/L03AB","Interferons",
"http://healdb.org/rdf-schema#AI_1492","INTERFERON HUMANO TIPO ALFA - 2B","http://purl.bioontology.org/ontology/ATC/L03AB05","C0021735","T121","http://purl.bioontology.org/ontology/ATC/L03AB","Interferons",
"http://healdb.org/rdf-schema#AI_1492","INTERFERON HUMANO TIPO ALFA - 2B","http://purl.bioontology.org/ontology/ATC/L03AB05","C0021735","T129","http://purl.bioontology.org/ontology/ATC/L03AB","Interferons",
"http://healdb.org/rdf-schema#AI_1494","IMUNOGLOBULINA","http://purl.bioontology.org/ontology/ATC/J06BA02","C3652960","T116","http://purl.bioontology.org/ontology/ATC/J06BA","Immunoglobulins, normal human",
"http://healdb.org/rdf-schema#AI_1494","IMUNOGLOBULINA","http://purl.bioontology.org/ontology/ATC/J06BA02","C3652960","T121","http://purl.bioontology.org/ontology/ATC/J06BA","Immunoglobulins, normal human",
"http://healdb.org/rdf-schema#AI_1494","IMUNOGLOBULINA","http://purl.bioontology.org/ontology/ATC/J06BA02","C3652960","T129","http://purl.bioontology.org/ontology/ATC/J06BA","Immunoglobulins, normal human",
"http://healdb.org/rdf-schema#AI_1496","PALIPERIDONA","http://purl.bioontology.org/ontology/ATC/N05AX13","C0753678","T109","http://purl.bioontology.org/ontology/ATC/N05AX","Other antipsychotics in ATC","Other antipsychotics"
"http://healdb.org/rdf-schema#AI_1496","PALIPERIDONA","http://purl.bioontology.org/ontology/ATC/N05AX13","C0753678","T121","http://purl.bioontology.org/ontology/ATC/N05AX","Other antipsychotics in ATC","Other antipsychotics"
"http://healdb.org/rdf-schema#AI_150","POLICRESULENO A 36%","http://purl.bioontology.org/ontology/ATC/G01AX03","C0137757","T109","http://purl.bioontology.org/ontology/ATC/G01AX","Other gynecological antiinfectives and antiseptics in ATC","Other antiinfectives and antiseptics"
"http://healdb.org/rdf-schema#AI_150","POLICRESULENO A 36%","http://purl.bioontology.org/ontology/ATC/G01AX03","C0137757","T121","http://purl.bioontology.org/ontology/ATC/G01AX","Other gynecological antiinfectives and antiseptics in ATC","Other antiinfectives and antiseptics"
"http://healdb.org/rdf-schema#AI_150","POLICRESULENO A 36%","http://purl.bioontology.org/ontology/ATC/D08AE02","C0137757","T109","http://purl.bioontology.org/ontology/ATC/D08AE","Phenol and derivatives, antiseptics and disinfectants","Phenol and derivatives"
"http://healdb.org/rdf-schema#AI_150","POLICRESULENO A 36%","http://purl.bioontology.org/ontology/ATC/D08AE02","C0137757","T121","http://purl.bioontology.org/ontology/ATC/D08AE","Phenol and derivatives, antiseptics and disinfectants","Phenol and derivatives"
"http://healdb.org/rdf-schema#AI_1500","IOMEPROL","http://purl.bioontology.org/ontology/ATC/V08AB10","C0063810","T109","http://purl.bioontology.org/ontology/ATC/V08AB","Watersoluble, nephrotropic, low osmolar X-ray contrast media",
"http://healdb.org/rdf-schema#AI_1500","IOMEPROL","http://purl.bioontology.org/ontology/ATC/V08AB10","C0063810","T130","http://purl.bioontology.org/ontology/ATC/V08AB","Watersoluble, nephrotropic, low osmolar X-ray contrast media",
"http://healdb.org/rdf-schema#AI_1501","IOPAMIDOL","http://purl.bioontology.org/ontology/ATC/V08AB04","C0022026","T109","http://purl.bioontology.org/ontology/ATC/V08AB","Watersoluble, nephrotropic, low osmolar X-ray contrast media",
"http://healdb.org/rdf-schema#AI_1501","IOPAMIDOL","http://purl.bioontology.org/ontology/ATC/V08AB04","C0022026","T121","http://purl.bioontology.org/ontology/ATC/V08AB","Watersoluble, nephrotropic, low osmolar X-ray contrast media",
"http://healdb.org/rdf-schema#AI_1501","IOPAMIDOL","http://purl.bioontology.org/ontology/ATC/V08AB04","C0022026","T130","http://purl.bioontology.org/ontology/ATC/V08AB","Watersoluble, nephrotropic, low osmolar X-ray contrast media",
"http://healdb.org/rdf-schema#AI_1502","GEFITINIBE","http://purl.bioontology.org/ontology/ATC/L01EB01","C1122962","T109","http://purl.bioontology.org/ontology/ATC/L01EB","Epidermal growth factor receptor (EGFR) tyrosine kinase inhibitors",
"http://healdb.org/rdf-schema#AI_1502","GEFITINIBE","http://purl.bioontology.org/ontology/ATC/L01EB01","C1122962","T121","http://purl.bioontology.org/ontology/ATC/L01EB","Epidermal growth factor receptor (EGFR) tyrosine kinase inhibitors",
"http://healdb.org/rdf-schema#AI_1503","COLAGENASE","http://purl.bioontology.org/ontology/ATC/D03BA02","C0162745","T116","http://purl.bioontology.org/ontology/ATC/D03BA","Proteolytic enzymes for treatment of wounds and ulcers","Proteolytic enzymes"
"http://healdb.org/rdf-schema#AI_1503","COLAGENASE","http://purl.bioontology.org/ontology/ATC/D03BA02","C0162745","T121","http://purl.bioontology.org/ontology/ATC/D03BA","Proteolytic enzymes for treatment of wounds and ulcers","Proteolytic enzymes"
"http://healdb.org/rdf-schema#AI_1503","COLAGENASE","http://purl.bioontology.org/ontology/ATC/D03BA02","C0162745","T126","http://purl.bioontology.org/ontology/ATC/D03BA","Proteolytic enzymes for treatment of wounds and ulcers","Proteolytic enzymes"
"http://healdb.org/rdf-schema#AI_1506","ISOFLURANO","http://purl.bioontology.org/ontology/ATC/N01AB06","C0022180","T109","http://purl.bioontology.org/ontology/ATC/N01AB","Halogenated hydrocarbons, general anesthetics","Halogenated hydrocarbons"
"http://healdb.org/rdf-schema#AI_1506","ISOFLURANO","http://purl.bioontology.org/ontology/ATC/N01AB06","C0022180","T121","http://purl.bioontology.org/ontology/ATC/N01AB","Halogenated hydrocarbons, general anesthetics","Halogenated hydrocarbons"
"http://healdb.org/rdf-schema#AI_1507","DINITRATO DE ISOSSORBIDA","http://purl.bioontology.org/ontology/ATC/C05AE02","C0022252","T109","http://purl.bioontology.org/ontology/ATC/C05AE","Muscle relaxants FOR TREATMENT OF HEMORRHOIDS AND ANAL FISSURES FOR TOPICAL USE","Muscle relaxants"
"http://healdb.org/rdf-schema#AI_1507","DINITRATO DE ISOSSORBIDA","http://purl.bioontology.org/ontology/ATC/C05AE02","C0022252","T121","http://purl.bioontology.org/ontology/ATC/C05AE","Muscle relaxants FOR TREATMENT OF HEMORRHOIDS AND ANAL FISSURES FOR TOPICAL USE","Muscle relaxants"
"http://healdb.org/rdf-schema#AI_1507","DINITRATO DE ISOSSORBIDA","http://purl.bioontology.org/ontology/ATC/C01DA08","C0022252","T109","http://purl.bioontology.org/ontology/ATC/C01DA","Organic nitrates used in cardiac disease","Organic nitrates"
"http://healdb.org/rdf-schema#AI_1507","DINITRATO DE ISOSSORBIDA","http://purl.bioontology.org/ontology/ATC/C01DA08","C0022252","T121","http://purl.bioontology.org/ontology/ATC/C01DA","Organic nitrates used in cardiac disease","Organic nitrates"
"http://healdb.org/rdf-schema#AI_1509","HIDROXIETILAMIDO","http://purl.bioontology.org/ontology/ATC/B05AA07","C0020352","T109","http://purl.bioontology.org/ontology/ATC/B05AA","Blood substitutes and plasma protein fractions",
"http://healdb.org/rdf-schema#AI_1509","HIDROXIETILAMIDO","http://purl.bioontology.org/ontology/ATC/B05AA07","C0020352","T121","http://purl.bioontology.org/ontology/ATC/B05AA","Blood substitutes and plasma protein fractions",
"http://healdb.org/rdf-schema#AI_1512","IVERMECTINA","http://purl.bioontology.org/ontology/ATC/P02CF01","C0022322","T109","http://purl.bioontology.org/ontology/ATC/P02CF","Avermectines",
"http://healdb.org/rdf-schema#AI_1512","IVERMECTINA","http://purl.bioontology.org/ontology/ATC/P02CF01","C0022322","T121","http://purl.bioontology.org/ontology/ATC/P02CF","Avermectines",
"http://healdb.org/rdf-schema#AI_1512","IVERMECTINA","http://purl.bioontology.org/ontology/ATC/D11AX22","C0022322","T109","http://purl.bioontology.org/ontology/ATC/D11AX","OTHER DERMATOLOGICAL PREPARATIONS IN ATC","Other dermatologicals"
"http://healdb.org/rdf-schema#AI_1512","IVERMECTINA","http://purl.bioontology.org/ontology/ATC/D11AX22","C0022322","T121","http://purl.bioontology.org/ontology/ATC/D11AX","OTHER DERMATOLOGICAL PREPARATIONS IN ATC","Other dermatologicals"
"http://healdb.org/rdf-schema#AI_1513","IMIQUIMODE","http://purl.bioontology.org/ontology/ATC/D06BB10","C0165032","T109","http://purl.bioontology.org/ontology/ATC/D06BB","Antivirals, topical","Antivirals"
"http://healdb.org/rdf-schema#AI_1513","IMIQUIMODE","http://purl.bioontology.org/ontology/ATC/D06BB10","C0165032","T121","http://purl.bioontology.org/ontology/ATC/D06BB","Antivirals, topical","Antivirals"
"http://healdb.org/rdf-schema#AI_1514","PALBOCICLIBE","http://purl.bioontology.org/ontology/ATC/L01EF01","C3853822","T109","http://purl.bioontology.org/ontology/ATC/L01EF","Cyclin-dependent kinase (CDK) inhibitors",
"http://healdb.org/rdf-schema#AI_1514","PALBOCICLIBE","http://purl.bioontology.org/ontology/ATC/L01EF01","C3853822","T121","http://purl.bioontology.org/ontology/ATC/L01EF","Cyclin-dependent kinase (CDK) inhibitors",
"http://healdb.org/rdf-schema#AI_1516","CANAQUINUMABE","http://purl.bioontology.org/ontology/ATC/L04AC08","C2718773","T116","http://purl.bioontology.org/ontology/ATC/L04AC","Interleukin inhibitors",
"http://healdb.org/rdf-schema#AI_1516","CANAQUINUMABE","http://purl.bioontology.org/ontology/ATC/L04AC08","C2718773","T121","http://purl.bioontology.org/ontology/ATC/L04AC","Interleukin inhibitors",
"http://healdb.org/rdf-schema#AI_1516","CANAQUINUMABE","http://purl.bioontology.org/ontology/ATC/L04AC08","C2718773","T129","http://purl.bioontology.org/ontology/ATC/L04AC","Interleukin inhibitors",
"http://healdb.org/rdf-schema#AI_1517","IBRUTINIBE","http://purl.bioontology.org/ontology/ATC/L01EL01","C3501358","T109","http://purl.bioontology.org/ontology/ATC/L01EL","Bruton's tyrosine kinase (BTK) inhibitors",
"http://healdb.org/rdf-schema#AI_1517","IBRUTINIBE","http://purl.bioontology.org/ontology/ATC/L01EL01","C3501358","T121","http://purl.bioontology.org/ontology/ATC/L01EL","Bruton's tyrosine kinase (BTK) inhibitors",
"http://healdb.org/rdf-schema#AI_1520","RUFINAMIDA","http://purl.bioontology.org/ontology/ATC/N03AF03","C0213404","T109","http://purl.bioontology.org/ontology/ATC/N03AF","Carboxamide derivatives, antiepileptics","Carboxamide derivatives"
"http://healdb.org/rdf-schema#AI_1520","RUFINAMIDA","http://purl.bioontology.org/ontology/ATC/N03AF03","C0213404","T121","http://purl.bioontology.org/ontology/ATC/N03AF","Carboxamide derivatives, antiepileptics","Carboxamide derivatives"
"http://healdb.org/rdf-schema#AI_1524","DOSTARLIMABE","http://purl.bioontology.org/ontology/ATC/L01FF07","C5242455","T116","http://purl.bioontology.org/ontology/ATC/L01FF","PD-1/PDL-1 (Programmed cell death protein 1/death ligand 1) inhibitors",
"http://healdb.org/rdf-schema#AI_1524","DOSTARLIMABE","http://purl.bioontology.org/ontology/ATC/L01FF07","C5242455","T121","http://purl.bioontology.org/ontology/ATC/L01FF","PD-1/PDL-1 (Programmed cell death protein 1/death ligand 1) inhibitors",
"http://healdb.org/rdf-schema#AI_1524","DOSTARLIMABE","http://purl.bioontology.org/ontology/ATC/L01FF07","C5242455","T129","http://purl.bioontology.org/ontology/ATC/L01FF","PD-1/PDL-1 (Programmed cell death protein 1/death ligand 1) inhibitors",
"http://healdb.org/rdf-schema#AI_1530","TRASTUZUMABE ENTANSINA","http://purl.bioontology.org/ontology/ATC/L01FD03","C2935436","T116","http://purl.bioontology.org/ontology/ATC/L01FD","HER2 (Human Epidermal Growth Factor Receptor 2) inhibitors",
"http://healdb.org/rdf-schema#AI_1530","TRASTUZUMABE ENTANSINA","http://purl.bioontology.org/ontology/ATC/L01FD03","C2935436","T121","http://purl.bioontology.org/ontology/ATC/L01FD","HER2 (Human Epidermal Growth Factor Receptor 2) inhibitors",
"http://healdb.org/rdf-schema#AI_1530","TRASTUZUMABE ENTANSINA","http://purl.bioontology.org/ontology/ATC/L01FD03","C2935436","T129","http://purl.bioontology.org/ontology/ATC/L01FD","HER2 (Human Epidermal Growth Factor Receptor 2) inhibitors",
"http://healdb.org/rdf-schema#AI_1532","RITONAVIR","http://purl.bioontology.org/ontology/ATC/J05AE03","C0292818","T109","http://purl.bioontology.org/ontology/ATC/J05AE","Protease inhibitors, direct acting antivirals","Protease inhibitors"
"http://healdb.org/rdf-schema#AI_1532","RITONAVIR","http://purl.bioontology.org/ontology/ATC/J05AE03","C0292818","T121","http://purl.bioontology.org/ontology/ATC/J05AE","Protease inhibitors, direct acting antivirals","Protease inhibitors"
"http://healdb.org/rdf-schema#AI_1533","IVACAFTOR","http://purl.bioontology.org/ontology/ATC/R07AX02","C3264621","T109","http://purl.bioontology.org/ontology/ATC/R07AX","Other respiratory system products in ATC","Other respiratory system products"
"http://healdb.org/rdf-schema#AI_1533","IVACAFTOR","http://purl.bioontology.org/ontology/ATC/R07AX02","C3264621","T121","http://purl.bioontology.org/ontology/ATC/R07AX","Other respiratory system products in ATC","Other respiratory system products"
"http://healdb.org/rdf-schema#AI_1536","OFATUMUMABE","http://purl.bioontology.org/ontology/ATC/L01FA02","C1832027","T116","http://purl.bioontology.org/ontology/ATC/L01FA","CD20 (Clusters of Differentiation 20) inhibitors",
"http://healdb.org/rdf-schema#AI_1536","OFATUMUMABE","http://purl.bioontology.org/ontology/ATC/L01FA02","C1832027","T121","http://purl.bioontology.org/ontology/ATC/L01FA","CD20 (Clusters of Differentiation 20) inhibitors",
"http://healdb.org/rdf-schema#AI_1536","OFATUMUMABE","http://purl.bioontology.org/ontology/ATC/L01FA02","C1832027","T129","http://purl.bioontology.org/ontology/ATC/L01FA","CD20 (Clusters of Differentiation 20) inhibitors",
"http://healdb.org/rdf-schema#AI_1536","OFATUMUMABE","http://purl.bioontology.org/ontology/ATC/L04AG12","C1832027","T116","http://purl.bioontology.org/ontology/ATC/L04AG","Monoclonal antibodies",
"http://healdb.org/rdf-schema#AI_1536","OFATUMUMABE","http://purl.bioontology.org/ontology/ATC/L04AG12","C1832027","T121","http://purl.bioontology.org/ontology/ATC/L04AG","Monoclonal antibodies",
"http://healdb.org/rdf-schema#AI_1536","OFATUMUMABE","http://purl.bioontology.org/ontology/ATC/L04AG12","C1832027","T129","http://purl.bioontology.org/ontology/ATC/L04AG","Monoclonal antibodies",
"http://healdb.org/rdf-schema#AI_1543","PEMBROLIZUMABE","http://purl.bioontology.org/ontology/ATC/L01FF02","C3658706","T116","http://purl.bioontology.org/ontology/ATC/L01FF","PD-1/PDL-1 (Programmed cell death protein 1/death ligand 1) inhibitors",
"http://healdb.org/rdf-schema#AI_1543","PEMBROLIZUMABE","http://purl.bioontology.org/ontology/ATC/L01FF02","C3658706","T121","http://purl.bioontology.org/ontology/ATC/L01FF","PD-1/PDL-1 (Programmed cell death protein 1/death ligand 1) inhibitors",
"http://healdb.org/rdf-schema#AI_1543","PEMBROLIZUMABE","http://purl.bioontology.org/ontology/ATC/L01FF02","C3658706","T129","http://purl.bioontology.org/ontology/ATC/L01FF","PD-1/PDL-1 (Programmed cell death protein 1/death ligand 1) inhibitors",
"http://healdb.org/rdf-schema#AI_1544","ÁCIDO FUMÁRICO SIPONIMODE","http://purl.bioontology.org/ontology/ATC/D05AX01","C0060825","T109","http://purl.bioontology.org/ontology/ATC/D05AX","Other antipsoriatics for topical use in ATC","Other antipsoriatics for topical use"
"http://healdb.org/rdf-schema#AI_1544","ÁCIDO FUMÁRICO SIPONIMODE","http://purl.bioontology.org/ontology/ATC/D05AX01","C0060825","T121","http://purl.bioontology.org/ontology/ATC/D05AX","Other antipsoriatics for topical use in ATC","Other antipsoriatics for topical use"
"http://healdb.org/rdf-schema#AI_155","ESPIRONOLACTONA","http://purl.bioontology.org/ontology/ATC/C03DA01","C0037982","T109","http://purl.bioontology.org/ontology/ATC/C03DA","Aldosterone antagonists",
"http://healdb.org/rdf-schema#AI_155","ESPIRONOLACTONA","http://purl.bioontology.org/ontology/ATC/C03DA01","C0037982","T121","http://purl.bioontology.org/ontology/ATC/C03DA","Aldosterone antagonists",
"http://healdb.org/rdf-schema#AI_1550","SAXAGLIPTINA","http://purl.bioontology.org/ontology/ATC/A10BH03","C1611934","T109","http://purl.bioontology.org/ontology/ATC/A10BH","Dipeptidyl peptidase 4 (DPP-4) inhibitors for blood glucose lowering","Dipeptidyl peptidase 4 (DPP-4) inhibitors"
"http://healdb.org/rdf-schema#AI_1550","SAXAGLIPTINA","http://purl.bioontology.org/ontology/ATC/A10BH03","C1611934","T121","http://purl.bioontology.org/ontology/ATC/A10BH","Dipeptidyl peptidase 4 (DPP-4) inhibitors for blood glucose lowering","Dipeptidyl peptidase 4 (DPP-4) inhibitors"
"http://healdb.org/rdf-schema#AI_1553","CARFILZOMIBE","http://purl.bioontology.org/ontology/ATC/L01XG02","C2001856","T116","http://purl.bioontology.org/ontology/ATC/L01XG","Proteasome inhibitors, antineoplastic agent","Proteasome inhibitors"
"http://healdb.org/rdf-schema#AI_1553","CARFILZOMIBE","http://purl.bioontology.org/ontology/ATC/L01XG02","C2001856","T121","http://purl.bioontology.org/ontology/ATC/L01XG","Proteasome inhibitors, antineoplastic agent","Proteasome inhibitors"
"http://healdb.org/rdf-schema#AI_1554","ALFASSEBELIPASE","http://purl.bioontology.org/ontology/ATC/A16AB14","C4050579","T116","http://purl.bioontology.org/ontology/ATC/A16AB","Enzymes for ALIMENTARY TRACT AND METABOLISM","Enzymes"
"http://healdb.org/rdf-schema#AI_1554","ALFASSEBELIPASE","http://purl.bioontology.org/ontology/ATC/A16AB14","C4050579","T121","http://purl.bioontology.org/ontology/ATC/A16AB","Enzymes for ALIMENTARY TRACT AND METABOLISM","Enzymes"
"http://healdb.org/rdf-schema#AI_1554","ALFASSEBELIPASE","http://purl.bioontology.org/ontology/ATC/A16AB14","C4050579","T126","http://purl.bioontology.org/ontology/ATC/A16AB","Enzymes for ALIMENTARY TRACT AND METABOLISM","Enzymes"
"http://healdb.org/rdf-schema#AI_1558","TISAGENLECLEUCEL","http://purl.bioontology.org/ontology/ATC/L01XL04","C3640939","T025","http://purl.bioontology.org/ontology/ATC/L01XL","Antineoplastic cell and gene therapy agents","Antineoplastic cell and gene therapy"
"http://healdb.org/rdf-schema#AI_1559","LACIDIPINO","http://purl.bioontology.org/ontology/ATC/C08CA09","C0064568","T109","http://purl.bioontology.org/ontology/ATC/C08CA","Dihydropyridine derivative selective calcium channel blockers with mainly vascular effects","Dihydropyridine derivatives"
"http://healdb.org/rdf-schema#AI_1559","LACIDIPINO","http://purl.bioontology.org/ontology/ATC/C08CA09","C0064568","T121","http://purl.bioontology.org/ontology/ATC/C08CA","Dihydropyridine derivative selective calcium channel blockers with mainly vascular effects","Dihydropyridine derivatives"
"http://healdb.org/rdf-schema#AI_156","HIDROCLOROTIAZIDA","http://purl.bioontology.org/ontology/ATC/C03AA03","C0020261","T109","http://purl.bioontology.org/ontology/ATC/C03AA","Thiazides, plain",
"http://healdb.org/rdf-schema#AI_156","HIDROCLOROTIAZIDA","http://purl.bioontology.org/ontology/ATC/C03AA03","C0020261","T121","http://purl.bioontology.org/ontology/ATC/C03AA","Thiazides, plain",
"http://healdb.org/rdf-schema#AI_1560","LACOSAMIDA","http://purl.bioontology.org/ontology/ATC/N03AX18","C0893761","T109","http://purl.bioontology.org/ontology/ATC/N03AX","Other antiepileptics in ATC","Other antiepileptics"
"http://healdb.org/rdf-schema#AI_1560","LACOSAMIDA","http://purl.bioontology.org/ontology/ATC/N03AX18","C0893761","T121","http://purl.bioontology.org/ontology/ATC/N03AX","Other antiepileptics in ATC","Other antiepileptics"
"http://healdb.org/rdf-schema#AI_1561","DEXTRANO","http://purl.bioontology.org/ontology/ATC/V06DC01","C0017725","T109","http://purl.bioontology.org/ontology/ATC/V06DC","Carbohydrate nutrients","Carbohydrates"
"http://healdb.org/rdf-schema#AI_1561","DEXTRANO","http://purl.bioontology.org/ontology/ATC/V06DC01","C0017725","T121","http://purl.bioontology.org/ontology/ATC/V06DC","Carbohydrate nutrients","Carbohydrates"
"http://healdb.org/rdf-schema#AI_1561","DEXTRANO","http://purl.bioontology.org/ontology/ATC/V06DC01","C0017725","T123","http://purl.bioontology.org/ontology/ATC/V06DC","Carbohydrate nutrients","Carbohydrates"
"http://healdb.org/rdf-schema#AI_1561","DEXTRANO","http://purl.bioontology.org/ontology/ATC/B05CX01","C0017725","T109","http://purl.bioontology.org/ontology/ATC/B05CX","Other irrigating solutions in ATC","Other irrigating solutions"
"http://healdb.org/rdf-schema#AI_1561","DEXTRANO","http://purl.bioontology.org/ontology/ATC/B05CX01","C0017725","T121","http://purl.bioontology.org/ontology/ATC/B05CX","Other irrigating solutions in ATC","Other irrigating solutions"
"http://healdb.org/rdf-schema#AI_1561","DEXTRANO","http://purl.bioontology.org/ontology/ATC/B05CX01","C0017725","T123","http://purl.bioontology.org/ontology/ATC/B05CX","Other irrigating solutions in ATC","Other irrigating solutions"
"http://healdb.org/rdf-schema#AI_1561","DEXTRANO","http://purl.bioontology.org/ontology/ATC/V04CA02","C0017725","T109","http://purl.bioontology.org/ontology/ATC/V04CA","Diagnostic agents for diabetes testing","Tests for diabetes"
"http://healdb.org/rdf-schema#AI_1561","DEXTRANO","http://purl.bioontology.org/ontology/ATC/V04CA02","C0017725","T121","http://purl.bioontology.org/ontology/ATC/V04CA","Diagnostic agents for diabetes testing","Tests for diabetes"
"http://healdb.org/rdf-schema#AI_1561","DEXTRANO","http://purl.bioontology.org/ontology/ATC/V04CA02","C0017725","T123","http://purl.bioontology.org/ontology/ATC/V04CA","Diagnostic agents for diabetes testing","Tests for diabetes"
"http://healdb.org/rdf-schema#AI_1563","DASATINIBE","http://purl.bioontology.org/ontology/ATC/L01EA02","C1455147","T109","http://purl.bioontology.org/ontology/ATC/L01EA","BCR-ABL tyrosine kinase inhibitors",
"http://healdb.org/rdf-schema#AI_1563","DASATINIBE","http://purl.bioontology.org/ontology/ATC/L01EA02","C1455147","T121","http://purl.bioontology.org/ontology/ATC/L01EA","BCR-ABL tyrosine kinase inhibitors",
"http://healdb.org/rdf-schema#AI_1564","DANAZOL","http://purl.bioontology.org/ontology/ATC/G03XA01","C0010961","T109","http://purl.bioontology.org/ontology/ATC/G03XA","Antigonadotropins and similar agents",
"http://healdb.org/rdf-schema#AI_1564","DANAZOL","http://purl.bioontology.org/ontology/ATC/G03XA01","C0010961","T121","http://purl.bioontology.org/ontology/ATC/G03XA","Antigonadotropins and similar agents",
"http://healdb.org/rdf-schema#AI_1564","DANAZOL","http://purl.bioontology.org/ontology/ATC/G03XA01","C0010961","T125","http://purl.bioontology.org/ontology/ATC/G03XA","Antigonadotropins and similar agents",
"http://healdb.org/rdf-schema#AI_1565","BENZNIDAZOL","http://purl.bioontology.org/ontology/ATC/P01CA02","C0053230","T109","http://purl.bioontology.org/ontology/ATC/P01CA","Nitroimidazole derivatives, antiprotozoal agents against leishmaniasis and trypanosomiasis","Nitroimidazole derivatives"
"http://healdb.org/rdf-schema#AI_1565","BENZNIDAZOL","http://purl.bioontology.org/ontology/ATC/P01CA02","C0053230","T121","http://purl.bioontology.org/ontology/ATC/P01CA","Nitroimidazole derivatives, antiprotozoal agents against leishmaniasis and trypanosomiasis","Nitroimidazole derivatives"
"http://healdb.org/rdf-schema#AI_1566","TERBINAFINA","http://purl.bioontology.org/ontology/ATC/D01BA02","C0076110","T109","http://purl.bioontology.org/ontology/ATC/D01BA","Antifungals for systemic use",
"http://healdb.org/rdf-schema#AI_1566","TERBINAFINA","http://purl.bioontology.org/ontology/ATC/D01BA02","C0076110","T121","http://purl.bioontology.org/ontology/ATC/D01BA","Antifungals for systemic use",
"http://healdb.org/rdf-schema#AI_1566","TERBINAFINA","http://purl.bioontology.org/ontology/ATC/D01AE15","C0076110","T109","http://purl.bioontology.org/ontology/ATC/D01AE","Other antifungals for topical use in ATC","Other antifungals for topical use"
"http://healdb.org/rdf-schema#AI_1566","TERBINAFINA","http://purl.bioontology.org/ontology/ATC/D01AE15","C0076110","T121","http://purl.bioontology.org/ontology/ATC/D01AE","Other antifungals for topical use in ATC","Other antifungals for topical use"
"http://healdb.org/rdf-schema#AI_1567","ALFAVELMANASE","http://purl.bioontology.org/ontology/ATC/A16AB15","C4519112","T116","http://purl.bioontology.org/ontology/ATC/A16AB","Enzymes for ALIMENTARY TRACT AND METABOLISM","Enzymes"
"http://healdb.org/rdf-schema#AI_1567","ALFAVELMANASE","http://purl.bioontology.org/ontology/ATC/A16AB15","C4519112","T121","http://purl.bioontology.org/ontology/ATC/A16AB","Enzymes for ALIMENTARY TRACT AND METABOLISM","Enzymes"
"http://healdb.org/rdf-schema#AI_1567","ALFAVELMANASE","http://purl.bioontology.org/ontology/ATC/A16AB15","C4519112","T126","http://purl.bioontology.org/ontology/ATC/A16AB","Enzymes for ALIMENTARY TRACT AND METABOLISM","Enzymes"
"http://healdb.org/rdf-schema#AI_1568","TIOGUANINA","http://purl.bioontology.org/ontology/ATC/L01BB03","C0039902","T109","http://purl.bioontology.org/ontology/ATC/L01BB","Purine analogs, antimetabolites antineoplastic","Purine analogues"
"http://healdb.org/rdf-schema#AI_1568","TIOGUANINA","http://purl.bioontology.org/ontology/ATC/L01BB03","C0039902","T121","http://purl.bioontology.org/ontology/ATC/L01BB","Purine analogs, antimetabolites antineoplastic","Purine analogues"
"http://healdb.org/rdf-schema#AI_1570","ALCAFTADINA","http://purl.bioontology.org/ontology/ATC/S01GX11","C2348241","T109","http://purl.bioontology.org/ontology/ATC/S01GX","Other antiallergics in ATC","Other antiallergics"
"http://healdb.org/rdf-schema#AI_1570","ALCAFTADINA","http://purl.bioontology.org/ontology/ATC/S01GX11","C2348241","T121","http://purl.bioontology.org/ontology/ATC/S01GX","Other antiallergics in ATC","Other antiallergics"
"http://healdb.org/rdf-schema#AI_1571","L-LISINA","http://purl.bioontology.org/ontology/ATC/B05XB03","C0024337","T116","http://purl.bioontology.org/ontology/ATC/B05XB","Amino Acids, I.V. solution additive","Amino acids"
"http://healdb.org/rdf-schema#AI_1571","L-LISINA","http://purl.bioontology.org/ontology/ATC/B05XB03","C0024337","T121","http://purl.bioontology.org/ontology/ATC/B05XB","Amino Acids, I.V. solution additive","Amino acids"
"http://healdb.org/rdf-schema#AI_1572","RETINOL","http://purl.bioontology.org/ontology/ATC/A11CA","C3653321","T109","http://purl.bioontology.org/ontology/ATC/A11C","VITAMIN A AND D, INCL. COMBINATIONS OF THE TWO",
"http://healdb.org/rdf-schema#AI_1572","RETINOL","http://purl.bioontology.org/ontology/ATC/A11CA","C3653321","T121","http://purl.bioontology.org/ontology/ATC/A11C","VITAMIN A AND D, INCL. COMBINATIONS OF THE TWO",
"http://healdb.org/rdf-schema#AI_1572","RETINOL","http://purl.bioontology.org/ontology/ATC/A11CA","C3653321","T127","http://purl.bioontology.org/ontology/ATC/A11C","VITAMIN A AND D, INCL. COMBINATIONS OF THE TWO",
"http://healdb.org/rdf-schema#AI_1572","RETINOL","http://purl.bioontology.org/ontology/ATC/A11CA01","C0042839","T109","http://purl.bioontology.org/ontology/ATC/A11CA","Vitamin A, plain",
"http://healdb.org/rdf-schema#AI_1572","RETINOL","http://purl.bioontology.org/ontology/ATC/A11CA01","C0042839","T121","http://purl.bioontology.org/ontology/ATC/A11CA","Vitamin A, plain",
"http://healdb.org/rdf-schema#AI_1572","RETINOL","http://purl.bioontology.org/ontology/ATC/A11CA01","C0042839","T127","http://purl.bioontology.org/ontology/ATC/A11CA","Vitamin A, plain",
"http://healdb.org/rdf-schema#AI_1572","RETINOL","http://purl.bioontology.org/ontology/ATC/D10AD02","C0042839","T109","http://purl.bioontology.org/ontology/ATC/D10AD","Retinoids for topical use in acne",
"http://healdb.org/rdf-schema#AI_1572","RETINOL","http://purl.bioontology.org/ontology/ATC/D10AD02","C0042839","T121","http://purl.bioontology.org/ontology/ATC/D10AD","Retinoids for topical use in acne",
"http://healdb.org/rdf-schema#AI_1572","RETINOL","http://purl.bioontology.org/ontology/ATC/D10AD02","C0042839","T127","http://purl.bioontology.org/ontology/ATC/D10AD","Retinoids for topical use in acne",
"http://healdb.org/rdf-schema#AI_1572","RETINOL","http://purl.bioontology.org/ontology/ATC/R01AX02","C0042839","T109","http://purl.bioontology.org/ontology/ATC/R01AX","Other nasal preparations in ATC","Other nasal preparations"
"http://healdb.org/rdf-schema#AI_1572","RETINOL","http://purl.bioontology.org/ontology/ATC/R01AX02","C0042839","T121","http://purl.bioontology.org/ontology/ATC/R01AX","Other nasal preparations in ATC","Other nasal preparations"
"http://healdb.org/rdf-schema#AI_1572","RETINOL","http://purl.bioontology.org/ontology/ATC/R01AX02","C0042839","T127","http://purl.bioontology.org/ontology/ATC/R01AX","Other nasal preparations in ATC","Other nasal preparations"
"http://healdb.org/rdf-schema#AI_1572","RETINOL","http://purl.bioontology.org/ontology/ATC/S01XA02","C0042839","T109","http://purl.bioontology.org/ontology/ATC/S01XA","Other ophthalmologicals in ATC","Other ophthalmologicals"
"http://healdb.org/rdf-schema#AI_1572","RETINOL","http://purl.bioontology.org/ontology/ATC/S01XA02","C0042839","T121","http://purl.bioontology.org/ontology/ATC/S01XA","Other ophthalmologicals in ATC","Other ophthalmologicals"
"http://healdb.org/rdf-schema#AI_1572","RETINOL","http://purl.bioontology.org/ontology/ATC/S01XA02","C0042839","T127","http://purl.bioontology.org/ontology/ATC/S01XA","Other ophthalmologicals in ATC","Other ophthalmologicals"
"http://healdb.org/rdf-schema#AI_1574","CLORAMBUCILA","http://purl.bioontology.org/ontology/ATC/L01AA02","C0008163","T109","http://purl.bioontology.org/ontology/ATC/L01AA","Nitrogen mustard analogues",
"http://healdb.org/rdf-schema#AI_1574","CLORAMBUCILA","http://purl.bioontology.org/ontology/ATC/L01AA02","C0008163","T121","http://purl.bioontology.org/ontology/ATC/L01AA","Nitrogen mustard analogues",
"http://healdb.org/rdf-schema#AI_1575","CLADRIBINA","http://purl.bioontology.org/ontology/ATC/L04AA40","C0092801","T114","http://purl.bioontology.org/ontology/ATC/L04AA","Selective immunosuppressants",
"http://healdb.org/rdf-schema#AI_1575","CLADRIBINA","http://purl.bioontology.org/ontology/ATC/L04AA40","C0092801","T121","http://purl.bioontology.org/ontology/ATC/L04AA","Selective immunosuppressants",
"http://healdb.org/rdf-schema#AI_1575","CLADRIBINA","http://purl.bioontology.org/ontology/ATC/L01BB04","C0092801","T114","http://purl.bioontology.org/ontology/ATC/L01BB","Purine analogs, antimetabolites antineoplastic","Purine analogues"
"http://healdb.org/rdf-schema#AI_1575","CLADRIBINA","http://purl.bioontology.org/ontology/ATC/L01BB04","C0092801","T121","http://purl.bioontology.org/ontology/ATC/L01BB","Purine analogs, antimetabolites antineoplastic","Purine analogues"
"http://healdb.org/rdf-schema#AI_1577","INSULINA DETEMIR","http://purl.bioontology.org/ontology/ATC/A10AE05","C0537270","T116","http://purl.bioontology.org/ontology/ATC/A10AE","Insulins and analogues for injection, long-acting",
"http://healdb.org/rdf-schema#AI_1577","INSULINA DETEMIR","http://purl.bioontology.org/ontology/ATC/A10AE05","C0537270","T121","http://purl.bioontology.org/ontology/ATC/A10AE","Insulins and analogues for injection, long-acting",
"http://healdb.org/rdf-schema#AI_1577","INSULINA DETEMIR","http://purl.bioontology.org/ontology/ATC/A10AE05","C0537270","T125","http://purl.bioontology.org/ontology/ATC/A10AE","Insulins and analogues for injection, long-acting",
"http://healdb.org/rdf-schema#AI_1578","LEVOFLOXACINO","http://purl.bioontology.org/ontology/ATC/J01MA12","C0282386","T109","http://purl.bioontology.org/ontology/ATC/J01MA","Fluoroquinolone antibacterials, systemic","Fluoroquinolones"
"http://healdb.org/rdf-schema#AI_1578","LEVOFLOXACINO","http://purl.bioontology.org/ontology/ATC/J01MA12","C0282386","T195","http://purl.bioontology.org/ontology/ATC/J01MA","Fluoroquinolone antibacterials, systemic","Fluoroquinolones"
"http://healdb.org/rdf-schema#AI_1578","LEVOFLOXACINO","http://purl.bioontology.org/ontology/ATC/S01AE05","C0282386","T109","http://purl.bioontology.org/ontology/ATC/S01AE","Fluoroquinolone antiinfectives, ophthalmologic","Fluoroquinolones"
"http://healdb.org/rdf-schema#AI_1578","LEVOFLOXACINO","http://purl.bioontology.org/ontology/ATC/S01AE05","C0282386","T195","http://purl.bioontology.org/ontology/ATC/S01AE","Fluoroquinolone antiinfectives, ophthalmologic","Fluoroquinolones"
"http://healdb.org/rdf-schema#AI_1580","RILUZOL","http://purl.bioontology.org/ontology/ATC/N07XX02","C0073379","T109","http://purl.bioontology.org/ontology/ATC/N07XX","Other nervous system drugs in ATC","Other nervous system drugs"
"http://healdb.org/rdf-schema#AI_1580","RILUZOL","http://purl.bioontology.org/ontology/ATC/N07XX02","C0073379","T121","http://purl.bioontology.org/ontology/ATC/N07XX","Other nervous system drugs in ATC","Other nervous system drugs"
"http://healdb.org/rdf-schema#AI_1581","LIMECICLINA","http://purl.bioontology.org/ontology/ATC/J01AA04","C0024200","T109","http://purl.bioontology.org/ontology/ATC/J01AA","Tetracyclines",
"http://healdb.org/rdf-schema#AI_1581","LIMECICLINA","http://purl.bioontology.org/ontology/ATC/J01AA04","C0024200","T195","http://purl.bioontology.org/ontology/ATC/J01AA","Tetracyclines",
"http://healdb.org/rdf-schema#AI_1582","CEMIPLIMABE","http://purl.bioontology.org/ontology/ATC/L01FF06","C4724806","T116","http://purl.bioontology.org/ontology/ATC/L01FF","PD-1/PDL-1 (Programmed cell death protein 1/death ligand 1) inhibitors",
"http://healdb.org/rdf-schema#AI_1582","CEMIPLIMABE","http://purl.bioontology.org/ontology/ATC/L01FF06","C4724806","T121","http://purl.bioontology.org/ontology/ATC/L01FF","PD-1/PDL-1 (Programmed cell death protein 1/death ligand 1) inhibitors",
"http://healdb.org/rdf-schema#AI_1582","CEMIPLIMABE","http://purl.bioontology.org/ontology/ATC/L01FF06","C4724806","T129","http://purl.bioontology.org/ontology/ATC/L01FF","PD-1/PDL-1 (Programmed cell death protein 1/death ligand 1) inhibitors",
"http://healdb.org/rdf-schema#AI_1583","TACROLIMO","http://purl.bioontology.org/ontology/ATC/D11AH01","C0085149","T109","http://purl.bioontology.org/ontology/ATC/D11AH","Agents for dermatitis, excluding corticosteroids",
"http://healdb.org/rdf-schema#AI_1583","TACROLIMO","http://purl.bioontology.org/ontology/ATC/D11AH01","C0085149","T121","http://purl.bioontology.org/ontology/ATC/D11AH","Agents for dermatitis, excluding corticosteroids",
"http://healdb.org/rdf-schema#AI_1583","TACROLIMO","http://purl.bioontology.org/ontology/ATC/L04AD02","C0085149","T109","http://purl.bioontology.org/ontology/ATC/L04AD","Calcineurin inhibitors",
"http://healdb.org/rdf-schema#AI_1583","TACROLIMO","http://purl.bioontology.org/ontology/ATC/L04AD02","C0085149","T121","http://purl.bioontology.org/ontology/ATC/L04AD","Calcineurin inhibitors",
"http://healdb.org/rdf-schema#AI_1584","CLORDIAZEPÓXIDO","http://purl.bioontology.org/ontology/ATC/N05BA02","C0008188","T109","http://purl.bioontology.org/ontology/ATC/N05BA","Benzodiazepine derivative anxiolytics","Benzodiazepine derivatives"
"http://healdb.org/rdf-schema#AI_1584","CLORDIAZEPÓXIDO","http://purl.bioontology.org/ontology/ATC/N05BA02","C0008188","T121","http://purl.bioontology.org/ontology/ATC/N05BA","Benzodiazepine derivative anxiolytics","Benzodiazepine derivatives"
"http://healdb.org/rdf-schema#AI_159","METILDOPA","http://purl.bioontology.org/ontology/ATC/C02AB","C3540782","T109","http://purl.bioontology.org/ontology/ATC/C02A","ANTIADRENERGIC AGENTS, CENTRALLY ACTING",
"http://healdb.org/rdf-schema#AI_159","METILDOPA","http://purl.bioontology.org/ontology/ATC/C02AB","C3540782","T121","http://purl.bioontology.org/ontology/ATC/C02A","ANTIADRENERGIC AGENTS, CENTRALLY ACTING",
"http://healdb.org/rdf-schema#AI_159","METILDOPA","http://purl.bioontology.org/ontology/ATC/C02AB01","C0025741","T116","http://purl.bioontology.org/ontology/ATC/C02AB","Methyldopa, centrally acting adntiadrenergic agents","Methyldopa"
"http://healdb.org/rdf-schema#AI_159","METILDOPA","http://purl.bioontology.org/ontology/ATC/C02AB01","C0025741","T121","http://purl.bioontology.org/ontology/ATC/C02AB","Methyldopa, centrally acting adntiadrenergic agents","Methyldopa"
"http://healdb.org/rdf-schema#AI_1593","LISINOPRIL","http://purl.bioontology.org/ontology/ATC/C09AA03","C0065374","T116","http://purl.bioontology.org/ontology/ATC/C09AA","ACE inhibitors, plain",
"http://healdb.org/rdf-schema#AI_1593","LISINOPRIL","http://purl.bioontology.org/ontology/ATC/C09AA03","C0065374","T121","http://purl.bioontology.org/ontology/ATC/C09AA","ACE inhibitors, plain",
"http://healdb.org/rdf-schema#AI_1594","MITOTANO","http://purl.bioontology.org/ontology/ATC/L01XX23","C0026256","T109","http://purl.bioontology.org/ontology/ATC/L01XX","Other antineoplastic agents in ATC","Other antineoplastic agents"
"http://healdb.org/rdf-schema#AI_1594","MITOTANO","http://purl.bioontology.org/ontology/ATC/L01XX23","C0026256","T121","http://purl.bioontology.org/ontology/ATC/L01XX","Other antineoplastic agents in ATC","Other antineoplastic agents"
"http://healdb.org/rdf-schema#AI_1595","AMOROLFINA","http://purl.bioontology.org/ontology/ATC/D01AE16","C0051736","T109","http://purl.bioontology.org/ontology/ATC/D01AE","Other antifungals for topical use in ATC","Other antifungals for topical use"
"http://healdb.org/rdf-schema#AI_1595","AMOROLFINA","http://purl.bioontology.org/ontology/ATC/D01AE16","C0051736","T121","http://purl.bioontology.org/ontology/ATC/D01AE","Other antifungals for topical use in ATC","Other antifungals for topical use"
"http://healdb.org/rdf-schema#AI_1596","OLOPATADINA","http://purl.bioontology.org/ontology/ATC/R01AC08","C0527189","T109","http://purl.bioontology.org/ontology/ATC/R01AC","Antiallergic nasal preparations for topical use, excl. corticosteroids","Antiallergic agents, excl. corticosteroids"
"http://healdb.org/rdf-schema#AI_1596","OLOPATADINA","http://purl.bioontology.org/ontology/ATC/R01AC08","C0527189","T121","http://purl.bioontology.org/ontology/ATC/R01AC","Antiallergic nasal preparations for topical use, excl. corticosteroids","Antiallergic agents, excl. corticosteroids"
"http://healdb.org/rdf-schema#AI_1596","OLOPATADINA","http://purl.bioontology.org/ontology/ATC/S01GX09","C0527189","T109","http://purl.bioontology.org/ontology/ATC/S01GX","Other antiallergics in ATC","Other antiallergics"
"http://healdb.org/rdf-schema#AI_1596","OLOPATADINA","http://purl.bioontology.org/ontology/ATC/S01GX09","C0527189","T121","http://purl.bioontology.org/ontology/ATC/S01GX","Other antiallergics in ATC","Other antiallergics"
"http://healdb.org/rdf-schema#AI_1598","NIFEDIPINA","http://purl.bioontology.org/ontology/ATC/C08CA05","C0028066","T109","http://purl.bioontology.org/ontology/ATC/C08CA","Dihydropyridine derivative selective calcium channel blockers with mainly vascular effects","Dihydropyridine derivatives"
"http://healdb.org/rdf-schema#AI_1598","NIFEDIPINA","http://purl.bioontology.org/ontology/ATC/C08CA05","C0028066","T121","http://purl.bioontology.org/ontology/ATC/C08CA","Dihydropyridine derivative selective calcium channel blockers with mainly vascular effects","Dihydropyridine derivatives"
"http://healdb.org/rdf-schema#AI_1599","BROMETO DE OTILÔNIO","http://purl.bioontology.org/ontology/ATC/A03AB06","C0134250","T109","http://purl.bioontology.org/ontology/ATC/A03AB","Synthetic anticholinergics, quaternary ammonium compounds for functional gastrointestinal disorders","Synthetic anticholinergics, quaternary ammonium compounds"
"http://healdb.org/rdf-schema#AI_1599","BROMETO DE OTILÔNIO","http://purl.bioontology.org/ontology/ATC/A03AB06","C0134250","T121","http://purl.bioontology.org/ontology/ATC/A03AB","Synthetic anticholinergics, quaternary ammonium compounds for functional gastrointestinal disorders","Synthetic anticholinergics, quaternary ammonium compounds"
"http://healdb.org/rdf-schema#AI_160","ESPIRINOLACTONA","http://purl.bioontology.org/ontology/ATC/C03DA01","C0037982","T109","http://purl.bioontology.org/ontology/ATC/C03DA","Aldosterone antagonists",
"http://healdb.org/rdf-schema#AI_160","ESPIRINOLACTONA","http://purl.bioontology.org/ontology/ATC/C03DA01","C0037982","T121","http://purl.bioontology.org/ontology/ATC/C03DA","Aldosterone antagonists",
"http://healdb.org/rdf-schema#AI_1600","LIPEGFILGRASTIM","http://purl.bioontology.org/ontology/ATC/L03AA14","C3640212","T116","http://purl.bioontology.org/ontology/ATC/L03AA","Colony stimulating factors",
"http://healdb.org/rdf-schema#AI_1600","LIPEGFILGRASTIM","http://purl.bioontology.org/ontology/ATC/L03AA14","C3640212","T121","http://purl.bioontology.org/ontology/ATC/L03AA","Colony stimulating factors",
"http://healdb.org/rdf-schema#AI_1600","LIPEGFILGRASTIM","http://purl.bioontology.org/ontology/ATC/L03AA14","C3640212","T129","http://purl.bioontology.org/ontology/ATC/L03AA","Colony stimulating factors",
"http://healdb.org/rdf-schema#AI_1602","ETABONATO DE LOTEPREDNOL","http://purl.bioontology.org/ontology/ATC/S01BA14","C0772364","T109","http://purl.bioontology.org/ontology/ATC/S01BA","Corticosteroid ophthalmologic antiinflammatory agents, plain","Corticosteroids, plain"
"http://healdb.org/rdf-schema#AI_1602","ETABONATO DE LOTEPREDNOL","http://purl.bioontology.org/ontology/ATC/S01BA14","C0772364","T121","http://purl.bioontology.org/ontology/ATC/S01BA","Corticosteroid ophthalmologic antiinflammatory agents, plain","Corticosteroids, plain"
"http://healdb.org/rdf-schema#AI_1604","MEFLOQUINA","http://purl.bioontology.org/ontology/ATC/P01BC02","C0025153","T109","http://purl.bioontology.org/ontology/ATC/P01BC","Methanolquinolines, antimalarial","Methanolquinolines"
"http://healdb.org/rdf-schema#AI_1604","MEFLOQUINA","http://purl.bioontology.org/ontology/ATC/P01BC02","C0025153","T121","http://purl.bioontology.org/ontology/ATC/P01BC","Methanolquinolines, antimalarial","Methanolquinolines"
"http://healdb.org/rdf-schema#AI_1606","RANIBIZUMABE","http://purl.bioontology.org/ontology/ATC/S01LA04","C1566537","T116","http://purl.bioontology.org/ontology/ATC/S01LA","Antineovascularisation agents",
"http://healdb.org/rdf-schema#AI_1606","RANIBIZUMABE","http://purl.bioontology.org/ontology/ATC/S01LA04","C1566537","T121","http://purl.bioontology.org/ontology/ATC/S01LA","Antineovascularisation agents",
"http://healdb.org/rdf-schema#AI_1606","RANIBIZUMABE","http://purl.bioontology.org/ontology/ATC/S01LA04","C1566537","T129","http://purl.bioontology.org/ontology/ATC/S01LA","Antineovascularisation agents",
"http://healdb.org/rdf-schema#AI_1608","BICARBONATO DE POTÁSSIO","http://purl.bioontology.org/ontology/ATC/A12BA04","C3652561","T109","http://purl.bioontology.org/ontology/ATC/A12BA","Potassium",
"http://healdb.org/rdf-schema#AI_1608","BICARBONATO DE POTÁSSIO","http://purl.bioontology.org/ontology/ATC/A12BA04","C3652561","T121","http://purl.bioontology.org/ontology/ATC/A12BA","Potassium",
"http://healdb.org/rdf-schema#AI_1609","SOTORASIBE","http://purl.bioontology.org/ontology/ATC/L01XX73","C5418250","T109","http://purl.bioontology.org/ontology/ATC/L01XX","Other antineoplastic agents in ATC","Other antineoplastic agents"
"http://healdb.org/rdf-schema#AI_1609","SOTORASIBE","http://purl.bioontology.org/ontology/ATC/L01XX73","C5418250","T121","http://purl.bioontology.org/ontology/ATC/L01XX","Other antineoplastic agents in ATC","Other antineoplastic agents"
"http://healdb.org/rdf-schema#AI_161","LARONIDASE","http://purl.bioontology.org/ontology/ATC/A16AB05","C1302054","T116","http://purl.bioontology.org/ontology/ATC/A16AB","Enzymes for ALIMENTARY TRACT AND METABOLISM","Enzymes"
"http://healdb.org/rdf-schema#AI_161","LARONIDASE","http://purl.bioontology.org/ontology/ATC/A16AB05","C1302054","T121","http://purl.bioontology.org/ontology/ATC/A16AB","Enzymes for ALIMENTARY TRACT AND METABOLISM","Enzymes"
"http://healdb.org/rdf-schema#AI_161","LARONIDASE","http://purl.bioontology.org/ontology/ATC/A16AB05","C1302054","T126","http://purl.bioontology.org/ontology/ATC/A16AB","Enzymes for ALIMENTARY TRACT AND METABOLISM","Enzymes"
"http://healdb.org/rdf-schema#AI_1610","MOXETUMOMABE PASUDOTOX","http://purl.bioontology.org/ontology/ATC/L01FB02","C2717021","T116","http://purl.bioontology.org/ontology/ATC/L01FB","CD22 (Clusters of Differentiation 22) inhibitors",
"http://healdb.org/rdf-schema#AI_1610","MOXETUMOMABE PASUDOTOX","http://purl.bioontology.org/ontology/ATC/L01FB02","C2717021","T121","http://purl.bioontology.org/ontology/ATC/L01FB","CD22 (Clusters of Differentiation 22) inhibitors",
"http://healdb.org/rdf-schema#AI_1610","MOXETUMOMABE PASUDOTOX","http://purl.bioontology.org/ontology/ATC/L01FB02","C2717021","T129","http://purl.bioontology.org/ontology/ATC/L01FB","CD22 (Clusters of Differentiation 22) inhibitors",
"http://healdb.org/rdf-schema#AI_1613","VORETIGENO NEPARVOVEQUE","http://purl.bioontology.org/ontology/ATC/S01XA27","C4541993","T005","http://purl.bioontology.org/ontology/ATC/S01XA","Other ophthalmologicals in ATC","Other ophthalmologicals"
"http://healdb.org/rdf-schema#AI_1615","CALCIUM PHOSPHORICUM","http://purl.bioontology.org/ontology/ATC/A12AA01","C0006711","T121","http://purl.bioontology.org/ontology/ATC/A12AA","Calcium",
"http://healdb.org/rdf-schema#AI_1615","CALCIUM PHOSPHORICUM","http://purl.bioontology.org/ontology/ATC/A12AA01","C0006711","T197","http://purl.bioontology.org/ontology/ATC/A12AA","Calcium",
"http://healdb.org/rdf-schema#AI_1622","LEVOTHYROXINUM","http://purl.bioontology.org/ontology/ATC/H03AA01","C0079691","T116","http://purl.bioontology.org/ontology/ATC/H03AA","Thyroid hormones",
"http://healdb.org/rdf-schema#AI_1622","LEVOTHYROXINUM","http://purl.bioontology.org/ontology/ATC/H03AA01","C0079691","T121","http://purl.bioontology.org/ontology/ATC/H03AA","Thyroid hormones",
"http://healdb.org/rdf-schema#AI_1622","LEVOTHYROXINUM","http://purl.bioontology.org/ontology/ATC/H03AA01","C0079691","T125","http://purl.bioontology.org/ontology/ATC/H03AA","Thyroid hormones",
"http://healdb.org/rdf-schema#AI_1624","NATRUM SULFURICUM","http://purl.bioontology.org/ontology/ATC/A06AD13","C0074769","T121","http://purl.bioontology.org/ontology/ATC/A06AD","Osmotically acting laxatives",
"http://healdb.org/rdf-schema#AI_1624","NATRUM SULFURICUM","http://purl.bioontology.org/ontology/ATC/A06AD13","C0074769","T197","http://purl.bioontology.org/ontology/ATC/A06AD","Osmotically acting laxatives",
"http://healdb.org/rdf-schema#AI_1624","NATRUM SULFURICUM","http://purl.bioontology.org/ontology/ATC/A12CA02","C0074769","T121","http://purl.bioontology.org/ontology/ATC/A12CA","Sodium supplements","Sodium"
"http://healdb.org/rdf-schema#AI_1624","NATRUM SULFURICUM","http://purl.bioontology.org/ontology/ATC/A12CA02","C0074769","T197","http://purl.bioontology.org/ontology/ATC/A12CA","Sodium supplements","Sodium"
"http://healdb.org/rdf-schema#AI_1630","ALENTUZUMABE","http://purl.bioontology.org/ontology/ATC/L04AG06","C0383429","T116","http://purl.bioontology.org/ontology/ATC/L04AG","Monoclonal antibodies",
"http://healdb.org/rdf-schema#AI_1630","ALENTUZUMABE","http://purl.bioontology.org/ontology/ATC/L04AG06","C0383429","T121","http://purl.bioontology.org/ontology/ATC/L04AG","Monoclonal antibodies",
"http://healdb.org/rdf-schema#AI_1630","ALENTUZUMABE","http://purl.bioontology.org/ontology/ATC/L04AG06","C0383429","T129","http://purl.bioontology.org/ontology/ATC/L04AG","Monoclonal antibodies",
"http://healdb.org/rdf-schema#AI_1634","CICLOSSILICATO DE ZIRCÔNIO SÓDICO HIDRATADO","http://purl.bioontology.org/ontology/ATC/V03AE10","C4045824","T121","http://purl.bioontology.org/ontology/ATC/V03AE","Drugs for treatment of hyperkalemia and hyperphosphatemia",
"http://healdb.org/rdf-schema#AI_1634","CICLOSSILICATO DE ZIRCÔNIO SÓDICO HIDRATADO","http://purl.bioontology.org/ontology/ATC/V03AE10","C4045824","T197","http://purl.bioontology.org/ontology/ATC/V03AE","Drugs for treatment of hyperkalemia and hyperphosphatemia",
"http://healdb.org/rdf-schema#AI_1636","TRIFLURIDINA","http://purl.bioontology.org/ontology/ATC/S01AD02","C0040987","T114","http://purl.bioontology.org/ontology/ATC/S01AD","Antivirals, ophthalmologic","Antivirals"
"http://healdb.org/rdf-schema#AI_1636","TRIFLURIDINA","http://purl.bioontology.org/ontology/ATC/S01AD02","C0040987","T121","http://purl.bioontology.org/ontology/ATC/S01AD","Antivirals, ophthalmologic","Antivirals"
"http://healdb.org/rdf-schema#AI_1637","LORLATINIBE","http://purl.bioontology.org/ontology/ATC/L01ED05","C4080091","T109","http://purl.bioontology.org/ontology/ATC/L01ED","Anaplastic lymphoma kinase (ALK) inhibitors",
"http://healdb.org/rdf-schema#AI_1637","LORLATINIBE","http://purl.bioontology.org/ontology/ATC/L01ED05","C4080091","T121","http://purl.bioontology.org/ontology/ATC/L01ED","Anaplastic lymphoma kinase (ALK) inhibitors",
"http://healdb.org/rdf-schema#AI_1638","LORNOXICAM","http://purl.bioontology.org/ontology/ATC/M01AC05","C0055477","T109","http://purl.bioontology.org/ontology/ATC/M01AC","Oxicams, antiinflammatory and antirheumatic drugs","Oxicams"
"http://healdb.org/rdf-schema#AI_1638","LORNOXICAM","http://purl.bioontology.org/ontology/ATC/M01AC05","C0055477","T121","http://purl.bioontology.org/ontology/ATC/M01AC","Oxicams, antiinflammatory and antirheumatic drugs","Oxicams"
"http://healdb.org/rdf-schema#AI_1639","OLAPARIBE","http://purl.bioontology.org/ontology/ATC/L01XK01","C2316164","T109","http://purl.bioontology.org/ontology/ATC/L01XK","Poly (ADP-ribose) polymerase (PARP) inhibitors",
"http://healdb.org/rdf-schema#AI_1639","OLAPARIBE","http://purl.bioontology.org/ontology/ATC/L01XK01","C2316164","T121","http://purl.bioontology.org/ontology/ATC/L01XK","Poly (ADP-ribose) polymerase (PARP) inhibitors",
"http://healdb.org/rdf-schema#AI_164","CARBONATO DE CÁLCIO","http://purl.bioontology.org/ontology/ATC/A12AA04","C0006681","T121","http://purl.bioontology.org/ontology/ATC/A12AA","Calcium",
"http://healdb.org/rdf-schema#AI_164","CARBONATO DE CÁLCIO","http://purl.bioontology.org/ontology/ATC/A12AA04","C0006681","T197","http://purl.bioontology.org/ontology/ATC/A12AA","Calcium",
"http://healdb.org/rdf-schema#AI_164","CARBONATO DE CÁLCIO","http://purl.bioontology.org/ontology/ATC/A02AC01","C0006681","T121","http://purl.bioontology.org/ontology/ATC/A02AC","antacids containing calcium compounds","Calcium compounds"
"http://healdb.org/rdf-schema#AI_164","CARBONATO DE CÁLCIO","http://purl.bioontology.org/ontology/ATC/A02AC01","C0006681","T197","http://purl.bioontology.org/ontology/ATC/A02AC","antacids containing calcium compounds","Calcium compounds"
"http://healdb.org/rdf-schema#AI_1643","NITROFURANTOÍNA","http://purl.bioontology.org/ontology/ATC/J01XE01","C0028156","T109","http://purl.bioontology.org/ontology/ATC/J01XE","Nitrofuran derivatives, antibacterials for systemic use","Nitrofuran derivatives"
"http://healdb.org/rdf-schema#AI_1643","NITROFURANTOÍNA","http://purl.bioontology.org/ontology/ATC/J01XE01","C0028156","T121","http://purl.bioontology.org/ontology/ATC/J01XE","Nitrofuran derivatives, antibacterials for systemic use","Nitrofuran derivatives"
"http://healdb.org/rdf-schema#AI_1647","GADOPENTETATO DE DIMEGLUMINA","http://purl.bioontology.org/ontology/ATC/V08CA01","C0060933","T109","http://purl.bioontology.org/ontology/ATC/V08CA","Paramagnetic contrast media",
"http://healdb.org/rdf-schema#AI_1647","GADOPENTETATO DE DIMEGLUMINA","http://purl.bioontology.org/ontology/ATC/V08CA01","C0060933","T130","http://purl.bioontology.org/ontology/ATC/V08CA","Paramagnetic contrast media",
"http://healdb.org/rdf-schema#AI_1649","TIROTRICINA","http://purl.bioontology.org/ontology/ATC/R02AB02","C0041499","T116","http://purl.bioontology.org/ontology/ATC/R02AB","Antibiotic throat preparations","Antibiotics"
"http://healdb.org/rdf-schema#AI_1649","TIROTRICINA","http://purl.bioontology.org/ontology/ATC/R02AB02","C0041499","T195","http://purl.bioontology.org/ontology/ATC/R02AB","Antibiotic throat preparations","Antibiotics"
"http://healdb.org/rdf-schema#AI_1649","TIROTRICINA","http://purl.bioontology.org/ontology/ATC/S01AA05","C0041499","T116","http://purl.bioontology.org/ontology/ATC/S01AA","Antibiotics, ophthalmologic","Antibiotics"
"http://healdb.org/rdf-schema#AI_1649","TIROTRICINA","http://purl.bioontology.org/ontology/ATC/S01AA05","C0041499","T195","http://purl.bioontology.org/ontology/ATC/S01AA","Antibiotics, ophthalmologic","Antibiotics"
"http://healdb.org/rdf-schema#AI_1649","TIROTRICINA","http://purl.bioontology.org/ontology/ATC/D06AX08","C0041499","T116","http://purl.bioontology.org/ontology/ATC/D06AX","Other antibiotics for topical use in ATC","Other antibiotics for topical use"
"http://healdb.org/rdf-schema#AI_1649","TIROTRICINA","http://purl.bioontology.org/ontology/ATC/D06AX08","C0041499","T195","http://purl.bioontology.org/ontology/ATC/D06AX","Other antibiotics for topical use in ATC","Other antibiotics for topical use"
"http://healdb.org/rdf-schema#AI_1650","BORATO DE SÓDIO","http://purl.bioontology.org/ontology/ATC/S01AX07","C0074727","T121","http://purl.bioontology.org/ontology/ATC/S01AX","Other antiinfectives in ATC","Other antiinfectives"
"http://healdb.org/rdf-schema#AI_1650","BORATO DE SÓDIO","http://purl.bioontology.org/ontology/ATC/S01AX07","C0074727","T197","http://purl.bioontology.org/ontology/ATC/S01AX","Other antiinfectives in ATC","Other antiinfectives"
"http://healdb.org/rdf-schema#AI_1656","ÓXIDO DE MAGNÉSIO","http://purl.bioontology.org/ontology/ATC/A06AD02","C0024477","T121","http://purl.bioontology.org/ontology/ATC/A06AD","Osmotically acting laxatives",
"http://healdb.org/rdf-schema#AI_1656","ÓXIDO DE MAGNÉSIO","http://purl.bioontology.org/ontology/ATC/A06AD02","C0024477","T197","http://purl.bioontology.org/ontology/ATC/A06AD","Osmotically acting laxatives",
"http://healdb.org/rdf-schema#AI_1656","ÓXIDO DE MAGNÉSIO","http://purl.bioontology.org/ontology/ATC/A12CC10","C0024477","T121","http://purl.bioontology.org/ontology/ATC/A12CC","Magnesium supplements, alimentary tract and metabolism","Magnesium"
"http://healdb.org/rdf-schema#AI_1656","ÓXIDO DE MAGNÉSIO","http://purl.bioontology.org/ontology/ATC/A12CC10","C0024477","T197","http://purl.bioontology.org/ontology/ATC/A12CC","Magnesium supplements, alimentary tract and metabolism","Magnesium"
"http://healdb.org/rdf-schema#AI_1656","ÓXIDO DE MAGNÉSIO","http://purl.bioontology.org/ontology/ATC/A02AA02","C0024477","T121","http://purl.bioontology.org/ontology/ATC/A02AA","antacids containing magnesium compounds","Magnesium compounds"
"http://healdb.org/rdf-schema#AI_1656","ÓXIDO DE MAGNÉSIO","http://purl.bioontology.org/ontology/ATC/A02AA02","C0024477","T197","http://purl.bioontology.org/ontology/ATC/A02AA","antacids containing magnesium compounds","Magnesium compounds"
"http://healdb.org/rdf-schema#AI_1664","BINIMETINIBE","http://purl.bioontology.org/ontology/ATC/L01EE03","C3899947","T109","http://purl.bioontology.org/ontology/ATC/L01EE","Mitogen-activated protein kinase (MEK) inhibitors",
"http://healdb.org/rdf-schema#AI_1664","BINIMETINIBE","http://purl.bioontology.org/ontology/ATC/L01EE03","C3899947","T121","http://purl.bioontology.org/ontology/ATC/L01EE","Mitogen-activated protein kinase (MEK) inhibitors",
"http://healdb.org/rdf-schema#AI_1665","CEPHAËLIS IPECACUANHA ( BROT. ) A.RICH.","http://purl.bioontology.org/ontology/ATC/R05CA04","C0022046","T109","http://purl.bioontology.org/ontology/ATC/R05CA","Expectorants",
"http://healdb.org/rdf-schema#AI_1665","CEPHAËLIS IPECACUANHA ( BROT. ) A.RICH.","http://purl.bioontology.org/ontology/ATC/R05CA04","C0022046","T121","http://purl.bioontology.org/ontology/ATC/R05CA","Expectorants",
"http://healdb.org/rdf-schema#AI_1665","CEPHAËLIS IPECACUANHA ( BROT. ) A.RICH.","http://purl.bioontology.org/ontology/ATC/V03AB01","C0022046","T109","http://purl.bioontology.org/ontology/ATC/V03AB","Antidotes",
"http://healdb.org/rdf-schema#AI_1665","CEPHAËLIS IPECACUANHA ( BROT. ) A.RICH.","http://purl.bioontology.org/ontology/ATC/V03AB01","C0022046","T121","http://purl.bioontology.org/ontology/ATC/V03AB","Antidotes",
"http://healdb.org/rdf-schema#AI_1672","MIRTAZAPINA","http://purl.bioontology.org/ontology/ATC/N06AX11","C0049506","T109","http://purl.bioontology.org/ontology/ATC/N06AX","Other antidepressants in ATC","Other antidepressants"
"http://healdb.org/rdf-schema#AI_1672","MIRTAZAPINA","http://purl.bioontology.org/ontology/ATC/N06AX11","C0049506","T121","http://purl.bioontology.org/ontology/ATC/N06AX","Other antidepressants in ATC","Other antidepressants"
"http://healdb.org/rdf-schema#AI_168","DESLORATADINA","http://purl.bioontology.org/ontology/ATC/R06AX27","C0908935","T109","http://purl.bioontology.org/ontology/ATC/R06AX","Other antihistamines for systemic use in ATC","Other antihistamines for systemic use"
"http://healdb.org/rdf-schema#AI_168","DESLORATADINA","http://purl.bioontology.org/ontology/ATC/R06AX27","C0908935","T121","http://purl.bioontology.org/ontology/ATC/R06AX","Other antihistamines for systemic use in ATC","Other antihistamines for systemic use"
"http://healdb.org/rdf-schema#AI_1681","ALFAVESTRONIDASE","http://purl.bioontology.org/ontology/ATC/A16AB18","C4519728","T116","http://purl.bioontology.org/ontology/ATC/A16AB","Enzymes for ALIMENTARY TRACT AND METABOLISM","Enzymes"
"http://healdb.org/rdf-schema#AI_1681","ALFAVESTRONIDASE","http://purl.bioontology.org/ontology/ATC/A16AB18","C4519728","T121","http://purl.bioontology.org/ontology/ATC/A16AB","Enzymes for ALIMENTARY TRACT AND METABOLISM","Enzymes"
"http://healdb.org/rdf-schema#AI_1681","ALFAVESTRONIDASE","http://purl.bioontology.org/ontology/ATC/A16AB18","C4519728","T126","http://purl.bioontology.org/ontology/ATC/A16AB","Enzymes for ALIMENTARY TRACT AND METABOLISM","Enzymes"
"http://healdb.org/rdf-schema#AI_1682","MESILATO DE CODERGOCRINA","http://purl.bioontology.org/ontology/ATC/C04AE01","C0014708","T109","http://purl.bioontology.org/ontology/ATC/C04AE","Ergot alkaloid peripheral vasodilators","Ergot alkaloids"
"http://healdb.org/rdf-schema#AI_1682","MESILATO DE CODERGOCRINA","http://purl.bioontology.org/ontology/ATC/C04AE01","C0014708","T121","http://purl.bioontology.org/ontology/ATC/C04AE","Ergot alkaloid peripheral vasodilators","Ergot alkaloids"
"http://healdb.org/rdf-schema#AI_1683","MESNA","http://purl.bioontology.org/ontology/ATC/R05CB05","C0000294","T109","http://purl.bioontology.org/ontology/ATC/R05CB","Mucolytics",
"http://healdb.org/rdf-schema#AI_1683","MESNA","http://purl.bioontology.org/ontology/ATC/R05CB05","C0000294","T121","http://purl.bioontology.org/ontology/ATC/R05CB","Mucolytics",
"http://healdb.org/rdf-schema#AI_1683","MESNA","http://purl.bioontology.org/ontology/ATC/V03AF01","C0000294","T109","http://purl.bioontology.org/ontology/ATC/V03AF","Detoxifying agents for antineoplastic treatment",
"http://healdb.org/rdf-schema#AI_1683","MESNA","http://purl.bioontology.org/ontology/ATC/V03AF01","C0000294","T121","http://purl.bioontology.org/ontology/ATC/V03AF","Detoxifying agents for antineoplastic treatment",
"http://healdb.org/rdf-schema#AI_1685","PIDOLATO DE PIRIDOXINA","http://purl.bioontology.org/ontology/ATC/A11HA02","C0034272","T109","http://purl.bioontology.org/ontology/ATC/A11HA","Other plain vitamin preparations in ATC","Other plain vitamin preparations"
"http://healdb.org/rdf-schema#AI_1685","PIDOLATO DE PIRIDOXINA","http://purl.bioontology.org/ontology/ATC/A11HA02","C0034272","T121","http://purl.bioontology.org/ontology/ATC/A11HA","Other plain vitamin preparations in ATC","Other plain vitamin preparations"
"http://healdb.org/rdf-schema#AI_1685","PIDOLATO DE PIRIDOXINA","http://purl.bioontology.org/ontology/ATC/A11HA02","C0034272","T127","http://purl.bioontology.org/ontology/ATC/A11HA","Other plain vitamin preparations in ATC","Other plain vitamin preparations"
"http://healdb.org/rdf-schema#AI_1686","TENECTEPLASE","http://purl.bioontology.org/ontology/ATC/B01AD11","C0872913","T116","http://purl.bioontology.org/ontology/ATC/B01AD","Enzymes, antithrombotic","Enzymes"
"http://healdb.org/rdf-schema#AI_1686","TENECTEPLASE","http://purl.bioontology.org/ontology/ATC/B01AD11","C0872913","T121","http://purl.bioontology.org/ontology/ATC/B01AD","Enzymes, antithrombotic","Enzymes"
"http://healdb.org/rdf-schema#AI_1686","TENECTEPLASE","http://purl.bioontology.org/ontology/ATC/B01AD11","C0872913","T126","http://purl.bioontology.org/ontology/ATC/B01AD","Enzymes, antithrombotic","Enzymes"
"http://healdb.org/rdf-schema#AI_1687","METOCLOSANTISA","http://purl.bioontology.org/ontology/ATC/A03FA01","C0025853","T109","http://purl.bioontology.org/ontology/ATC/A03FA","Propulsives",
"http://healdb.org/rdf-schema#AI_1687","METOCLOSANTISA","http://purl.bioontology.org/ontology/ATC/A03FA01","C0025853","T121","http://purl.bioontology.org/ontology/ATC/A03FA","Propulsives",
"http://healdb.org/rdf-schema#AI_1689","ÁCIDO NICOTÍNICO","http://purl.bioontology.org/ontology/ATC/C04AC01","C0027996","T109","http://purl.bioontology.org/ontology/ATC/C04AC","Nicotinic acid and derivatives, peripheral vasodilators","Nicotinic acid and derivatives"
"http://healdb.org/rdf-schema#AI_1689","ÁCIDO NICOTÍNICO","http://purl.bioontology.org/ontology/ATC/C04AC01","C0027996","T121","http://purl.bioontology.org/ontology/ATC/C04AC","Nicotinic acid and derivatives, peripheral vasodilators","Nicotinic acid and derivatives"
"http://healdb.org/rdf-schema#AI_1689","ÁCIDO NICOTÍNICO","http://purl.bioontology.org/ontology/ATC/C04AC01","C0027996","T127","http://purl.bioontology.org/ontology/ATC/C04AC","Nicotinic acid and derivatives, peripheral vasodilators","Nicotinic acid and derivatives"
"http://healdb.org/rdf-schema#AI_1689","ÁCIDO NICOTÍNICO","http://purl.bioontology.org/ontology/ATC/C10AD02","C0027996","T109","http://purl.bioontology.org/ontology/ATC/C10AD","Nicotinic acid and derivatives, lipid modifying, plain","Nicotinic acid and derivatives"
"http://healdb.org/rdf-schema#AI_1689","ÁCIDO NICOTÍNICO","http://purl.bioontology.org/ontology/ATC/C10AD02","C0027996","T121","http://purl.bioontology.org/ontology/ATC/C10AD","Nicotinic acid and derivatives, lipid modifying, plain","Nicotinic acid and derivatives"
"http://healdb.org/rdf-schema#AI_1689","ÁCIDO NICOTÍNICO","http://purl.bioontology.org/ontology/ATC/C10AD02","C0027996","T127","http://purl.bioontology.org/ontology/ATC/C10AD","Nicotinic acid and derivatives, lipid modifying, plain","Nicotinic acid and derivatives"
"http://healdb.org/rdf-schema#AI_169","LORATADINA","http://purl.bioontology.org/ontology/ATC/R06AX13","C0065180","T109","http://purl.bioontology.org/ontology/ATC/R06AX","Other antihistamines for systemic use in ATC","Other antihistamines for systemic use"
"http://healdb.org/rdf-schema#AI_169","LORATADINA","http://purl.bioontology.org/ontology/ATC/R06AX13","C0065180","T121","http://purl.bioontology.org/ontology/ATC/R06AX","Other antihistamines for systemic use in ATC","Other antihistamines for systemic use"
"http://healdb.org/rdf-schema#AI_1692","FLUTRIMAZOL","http://purl.bioontology.org/ontology/ATC/D01AC16","C0172907","T109","http://purl.bioontology.org/ontology/ATC/D01AC","Imidazole and triazole derivatives, topical antifungals","Imidazole and triazole derivatives"
"http://healdb.org/rdf-schema#AI_1692","FLUTRIMAZOL","http://purl.bioontology.org/ontology/ATC/D01AC16","C0172907","T121","http://purl.bioontology.org/ontology/ATC/D01AC","Imidazole and triazole derivatives, topical antifungals","Imidazole and triazole derivatives"
"http://healdb.org/rdf-schema#AI_1692","FLUTRIMAZOL","http://purl.bioontology.org/ontology/ATC/G01AF18","C0172907","T109","http://purl.bioontology.org/ontology/ATC/G01AF","Imidazole derivatives, gyncological antiinfectives","Imidazole derivatives"
"http://healdb.org/rdf-schema#AI_1692","FLUTRIMAZOL","http://purl.bioontology.org/ontology/ATC/G01AF18","C0172907","T121","http://purl.bioontology.org/ontology/ATC/G01AF","Imidazole derivatives, gyncological antiinfectives","Imidazole derivatives"
"http://healdb.org/rdf-schema#AI_1696","BENFOTIAMINA","http://purl.bioontology.org/ontology/ATC/A11DA03","C0053116","T109","http://purl.bioontology.org/ontology/ATC/A11DA","Vitamin B1, plain",
"http://healdb.org/rdf-schema#AI_1696","BENFOTIAMINA","http://purl.bioontology.org/ontology/ATC/A11DA03","C0053116","T121","http://purl.bioontology.org/ontology/ATC/A11DA","Vitamin B1, plain",
"http://healdb.org/rdf-schema#AI_1696","BENFOTIAMINA","http://purl.bioontology.org/ontology/ATC/A11DA03","C0053116","T127","http://purl.bioontology.org/ontology/ATC/A11DA","Vitamin B1, plain",
"http://healdb.org/rdf-schema#AI_1699","LAURIL SULFATO DE SÓDIO","http://purl.bioontology.org/ontology/ATC/A06AD13","C0074769","T121","http://purl.bioontology.org/ontology/ATC/A06AD","Osmotically acting laxatives",
"http://healdb.org/rdf-schema#AI_1699","LAURIL SULFATO DE SÓDIO","http://purl.bioontology.org/ontology/ATC/A06AD13","C0074769","T197","http://purl.bioontology.org/ontology/ATC/A06AD","Osmotically acting laxatives",
"http://healdb.org/rdf-schema#AI_170","PREDNISONA","http://purl.bioontology.org/ontology/ATC/A07EA03","C0032952","T109","http://purl.bioontology.org/ontology/ATC/A07EA","Corticosteroids acting locally",
"http://healdb.org/rdf-schema#AI_170","PREDNISONA","http://purl.bioontology.org/ontology/ATC/A07EA03","C0032952","T121","http://purl.bioontology.org/ontology/ATC/A07EA","Corticosteroids acting locally",
"http://healdb.org/rdf-schema#AI_170","PREDNISONA","http://purl.bioontology.org/ontology/ATC/A07EA03","C0032952","T125","http://purl.bioontology.org/ontology/ATC/A07EA","Corticosteroids acting locally",
"http://healdb.org/rdf-schema#AI_170","PREDNISONA","http://purl.bioontology.org/ontology/ATC/H02AB07","C0032952","T109","http://purl.bioontology.org/ontology/ATC/H02AB","Glucocorticoids, Systemic","Glucocorticoids"
"http://healdb.org/rdf-schema#AI_170","PREDNISONA","http://purl.bioontology.org/ontology/ATC/H02AB07","C0032952","T121","http://purl.bioontology.org/ontology/ATC/H02AB","Glucocorticoids, Systemic","Glucocorticoids"
"http://healdb.org/rdf-schema#AI_170","PREDNISONA","http://purl.bioontology.org/ontology/ATC/H02AB07","C0032952","T125","http://purl.bioontology.org/ontology/ATC/H02AB","Glucocorticoids, Systemic","Glucocorticoids"
"http://healdb.org/rdf-schema#AI_1700","SORBITOL 70 %","http://purl.bioontology.org/ontology/ATC/A06AD18","C0037688","T109","http://purl.bioontology.org/ontology/ATC/A06AD","Osmotically acting laxatives",
"http://healdb.org/rdf-schema#AI_1700","SORBITOL 70 %","http://purl.bioontology.org/ontology/ATC/A06AD18","C0037688","T121","http://purl.bioontology.org/ontology/ATC/A06AD","Osmotically acting laxatives",
"http://healdb.org/rdf-schema#AI_1700","SORBITOL 70 %","http://purl.bioontology.org/ontology/ATC/A06AG07","C0037688","T109","http://purl.bioontology.org/ontology/ATC/A06AG","Enema for Constipation","Enemas"
"http://healdb.org/rdf-schema#AI_1700","SORBITOL 70 %","http://purl.bioontology.org/ontology/ATC/A06AG07","C0037688","T121","http://purl.bioontology.org/ontology/ATC/A06AG","Enema for Constipation","Enemas"
"http://healdb.org/rdf-schema#AI_1700","SORBITOL 70 %","http://purl.bioontology.org/ontology/ATC/B05CX02","C0037688","T109","http://purl.bioontology.org/ontology/ATC/B05CX","Other irrigating solutions in ATC","Other irrigating solutions"
"http://healdb.org/rdf-schema#AI_1700","SORBITOL 70 %","http://purl.bioontology.org/ontology/ATC/B05CX02","C0037688","T121","http://purl.bioontology.org/ontology/ATC/B05CX","Other irrigating solutions in ATC","Other irrigating solutions"
"http://healdb.org/rdf-schema#AI_1700","SORBITOL 70 %","http://purl.bioontology.org/ontology/ATC/V04CC01","C0037688","T109","http://purl.bioontology.org/ontology/ATC/V04CC","Diagnostic agents for bile duct patency testing","Tests for bile duct patency"
"http://healdb.org/rdf-schema#AI_1700","SORBITOL 70 %","http://purl.bioontology.org/ontology/ATC/V04CC01","C0037688","T121","http://purl.bioontology.org/ontology/ATC/V04CC","Diagnostic agents for bile duct patency testing","Tests for bile duct patency"
"http://healdb.org/rdf-schema#AI_1701","NIMODIPINO","http://purl.bioontology.org/ontology/ATC/C08CA06","C0028094","T109","http://purl.bioontology.org/ontology/ATC/C08CA","Dihydropyridine derivative selective calcium channel blockers with mainly vascular effects","Dihydropyridine derivatives"
"http://healdb.org/rdf-schema#AI_1701","NIMODIPINO","http://purl.bioontology.org/ontology/ATC/C08CA06","C0028094","T121","http://purl.bioontology.org/ontology/ATC/C08CA","Dihydropyridine derivative selective calcium channel blockers with mainly vascular effects","Dihydropyridine derivatives"
"http://healdb.org/rdf-schema#AI_1703","MACROGOL","http://purl.bioontology.org/ontology/ATC/A06AD15","C0032483","T109","http://purl.bioontology.org/ontology/ATC/A06AD","Osmotically acting laxatives",
"http://healdb.org/rdf-schema#AI_1703","MACROGOL","http://purl.bioontology.org/ontology/ATC/A06AD15","C0032483","T121","http://purl.bioontology.org/ontology/ATC/A06AD","Osmotically acting laxatives",
"http://healdb.org/rdf-schema#AI_1705","MIZOLASTINA","http://purl.bioontology.org/ontology/ATC/R06AX25","C0171302","T109","http://purl.bioontology.org/ontology/ATC/R06AX","Other antihistamines for systemic use in ATC","Other antihistamines for systemic use"
"http://healdb.org/rdf-schema#AI_1705","MIZOLASTINA","http://purl.bioontology.org/ontology/ATC/R06AX25","C0171302","T121","http://purl.bioontology.org/ontology/ATC/R06AX","Other antihistamines for systemic use in ATC","Other antihistamines for systemic use"
"http://healdb.org/rdf-schema#AI_1706","FUMARATO DE DIMETILA","http://purl.bioontology.org/ontology/ATC/L04AX07","C0058218","T109","http://purl.bioontology.org/ontology/ATC/L04AX","Other immunosuppressants in ATC","Other immunosuppressants"
"http://healdb.org/rdf-schema#AI_1706","FUMARATO DE DIMETILA","http://purl.bioontology.org/ontology/ATC/L04AX07","C0058218","T121","http://purl.bioontology.org/ontology/ATC/L04AX","Other immunosuppressants in ATC","Other immunosuppressants"
"http://healdb.org/rdf-schema#AI_1706","FUMARATO DE DIMETILA","http://purl.bioontology.org/ontology/ATC/L04AX07","C0058218","T129","http://purl.bioontology.org/ontology/ATC/L04AX","Other immunosuppressants in ATC","Other immunosuppressants"
"http://healdb.org/rdf-schema#AI_1707","CAPSAICINA","http://purl.bioontology.org/ontology/ATC/M02AB","C3653599","T109","http://purl.bioontology.org/ontology/ATC/M02A","TOPICAL PRODUCTS FOR JOINT AND MUSCULAR PAIN",
"http://healdb.org/rdf-schema#AI_1707","CAPSAICINA","http://purl.bioontology.org/ontology/ATC/M02AB","C3653599","T121","http://purl.bioontology.org/ontology/ATC/M02A","TOPICAL PRODUCTS FOR JOINT AND MUSCULAR PAIN",
"http://healdb.org/rdf-schema#AI_1707","CAPSAICINA","http://purl.bioontology.org/ontology/ATC/M02AB01","C0006931","T109","http://purl.bioontology.org/ontology/ATC/M02AB","Capsaicin and similar agents",
"http://healdb.org/rdf-schema#AI_1707","CAPSAICINA","http://purl.bioontology.org/ontology/ATC/M02AB01","C0006931","T121","http://purl.bioontology.org/ontology/ATC/M02AB","Capsaicin and similar agents",
"http://healdb.org/rdf-schema#AI_1707","CAPSAICINA","http://purl.bioontology.org/ontology/ATC/N01BX04","C0006931","T109","http://purl.bioontology.org/ontology/ATC/N01BX","Other local anesthetics in ATC","Other local anesthetics"
"http://healdb.org/rdf-schema#AI_1707","CAPSAICINA","http://purl.bioontology.org/ontology/ATC/N01BX04","C0006931","T121","http://purl.bioontology.org/ontology/ATC/N01BX","Other local anesthetics in ATC","Other local anesthetics"
"http://healdb.org/rdf-schema#AI_171","BETAMETASONA","http://purl.bioontology.org/ontology/ATC/A07EA04","C0005308","T109","http://purl.bioontology.org/ontology/ATC/A07EA","Corticosteroids acting locally",
"http://healdb.org/rdf-schema#AI_171","BETAMETASONA","http://purl.bioontology.org/ontology/ATC/A07EA04","C0005308","T121","http://purl.bioontology.org/ontology/ATC/A07EA","Corticosteroids acting locally",
"http://healdb.org/rdf-schema#AI_171","BETAMETASONA","http://purl.bioontology.org/ontology/ATC/A07EA04","C0005308","T125","http://purl.bioontology.org/ontology/ATC/A07EA","Corticosteroids acting locally",
"http://healdb.org/rdf-schema#AI_171","BETAMETASONA","http://purl.bioontology.org/ontology/ATC/D07AC01","C0005308","T109","http://purl.bioontology.org/ontology/ATC/D07AC","Corticosteroids, potent (group III)",
"http://healdb.org/rdf-schema#AI_171","BETAMETASONA","http://purl.bioontology.org/ontology/ATC/D07AC01","C0005308","T121","http://purl.bioontology.org/ontology/ATC/D07AC","Corticosteroids, potent (group III)",
"http://healdb.org/rdf-schema#AI_171","BETAMETASONA","http://purl.bioontology.org/ontology/ATC/D07AC01","C0005308","T125","http://purl.bioontology.org/ontology/ATC/D07AC","Corticosteroids, potent (group III)",
"http://healdb.org/rdf-schema#AI_171","BETAMETASONA","http://purl.bioontology.org/ontology/ATC/D07XC01","C0005308","T109","http://purl.bioontology.org/ontology/ATC/D07XC","Corticosteroids, potent, other combinations",
"http://healdb.org/rdf-schema#AI_171","BETAMETASONA","http://purl.bioontology.org/ontology/ATC/D07XC01","C0005308","T121","http://purl.bioontology.org/ontology/ATC/D07XC","Corticosteroids, potent, other combinations",
"http://healdb.org/rdf-schema#AI_171","BETAMETASONA","http://purl.bioontology.org/ontology/ATC/D07XC01","C0005308","T125","http://purl.bioontology.org/ontology/ATC/D07XC","Corticosteroids, potent, other combinations",
"http://healdb.org/rdf-schema#AI_171","BETAMETASONA","http://purl.bioontology.org/ontology/ATC/S01CB04","C0005308","T109","http://purl.bioontology.org/ontology/ATC/S01CB","Corticosteroids/antiinfectives/mydriatics in combination",
"http://healdb.org/rdf-schema#AI_171","BETAMETASONA","http://purl.bioontology.org/ontology/ATC/S01CB04","C0005308","T121","http://purl.bioontology.org/ontology/ATC/S01CB","Corticosteroids/antiinfectives/mydriatics in combination",
"http://healdb.org/rdf-schema#AI_171","BETAMETASONA","http://purl.bioontology.org/ontology/ATC/S01CB04","C0005308","T125","http://purl.bioontology.org/ontology/ATC/S01CB","Corticosteroids/antiinfectives/mydriatics in combination",
"http://healdb.org/rdf-schema#AI_171","BETAMETASONA","http://purl.bioontology.org/ontology/ATC/S02BA07","C0005308","T109","http://purl.bioontology.org/ontology/ATC/S02BA","Corticosteroids",
"http://healdb.org/rdf-schema#AI_171","BETAMETASONA","http://purl.bioontology.org/ontology/ATC/S02BA07","C0005308","T121","http://purl.bioontology.org/ontology/ATC/S02BA","Corticosteroids",
"http://healdb.org/rdf-schema#AI_171","BETAMETASONA","http://purl.bioontology.org/ontology/ATC/S02BA07","C0005308","T125","http://purl.bioontology.org/ontology/ATC/S02BA","Corticosteroids",
"http://healdb.org/rdf-schema#AI_171","BETAMETASONA","http://purl.bioontology.org/ontology/ATC/S03BA03","C0005308","T109","http://purl.bioontology.org/ontology/ATC/S03BA","Corticosteroids",
"http://healdb.org/rdf-schema#AI_171","BETAMETASONA","http://purl.bioontology.org/ontology/ATC/S03BA03","C0005308","T121","http://purl.bioontology.org/ontology/ATC/S03BA","Corticosteroids",
"http://healdb.org/rdf-schema#AI_171","BETAMETASONA","http://purl.bioontology.org/ontology/ATC/S03BA03","C0005308","T125","http://purl.bioontology.org/ontology/ATC/S03BA","Corticosteroids",
"http://healdb.org/rdf-schema#AI_171","BETAMETASONA","http://purl.bioontology.org/ontology/ATC/C05AA05","C0005308","T109","http://purl.bioontology.org/ontology/ATC/C05AA","Corticosteroids, topical for treatment of hemorrhoids and anal fissures","Corticosteroids"
"http://healdb.org/rdf-schema#AI_171","BETAMETASONA","http://purl.bioontology.org/ontology/ATC/C05AA05","C0005308","T121","http://purl.bioontology.org/ontology/ATC/C05AA","Corticosteroids, topical for treatment of hemorrhoids and anal fissures","Corticosteroids"
"http://healdb.org/rdf-schema#AI_171","BETAMETASONA","http://purl.bioontology.org/ontology/ATC/C05AA05","C0005308","T125","http://purl.bioontology.org/ontology/ATC/C05AA","Corticosteroids, topical for treatment of hemorrhoids and anal fissures","Corticosteroids"
"http://healdb.org/rdf-schema#AI_171","BETAMETASONA","http://purl.bioontology.org/ontology/ATC/R01AD06","C0005308","T109","http://purl.bioontology.org/ontology/ATC/R01AD","Corticosteroid nasal preparations for topical use","Corticosteroids"
"http://healdb.org/rdf-schema#AI_171","BETAMETASONA","http://purl.bioontology.org/ontology/ATC/R01AD06","C0005308","T121","http://purl.bioontology.org/ontology/ATC/R01AD","Corticosteroid nasal preparations for topical use","Corticosteroids"
"http://healdb.org/rdf-schema#AI_171","BETAMETASONA","http://purl.bioontology.org/ontology/ATC/R01AD06","C0005308","T125","http://purl.bioontology.org/ontology/ATC/R01AD","Corticosteroid nasal preparations for topical use","Corticosteroids"
"http://healdb.org/rdf-schema#AI_171","BETAMETASONA","http://purl.bioontology.org/ontology/ATC/S01BA06","C0005308","T109","http://purl.bioontology.org/ontology/ATC/S01BA","Corticosteroid ophthalmologic antiinflammatory agents, plain","Corticosteroids, plain"
"http://healdb.org/rdf-schema#AI_171","BETAMETASONA","http://purl.bioontology.org/ontology/ATC/S01BA06","C0005308","T121","http://purl.bioontology.org/ontology/ATC/S01BA","Corticosteroid ophthalmologic antiinflammatory agents, plain","Corticosteroids, plain"
"http://healdb.org/rdf-schema#AI_171","BETAMETASONA","http://purl.bioontology.org/ontology/ATC/S01BA06","C0005308","T125","http://purl.bioontology.org/ontology/ATC/S01BA","Corticosteroid ophthalmologic antiinflammatory agents, plain","Corticosteroids, plain"
"http://healdb.org/rdf-schema#AI_171","BETAMETASONA","http://purl.bioontology.org/ontology/ATC/H02AB01","C0005308","T109","http://purl.bioontology.org/ontology/ATC/H02AB","Glucocorticoids, Systemic","Glucocorticoids"
"http://healdb.org/rdf-schema#AI_171","BETAMETASONA","http://purl.bioontology.org/ontology/ATC/H02AB01","C0005308","T121","http://purl.bioontology.org/ontology/ATC/H02AB","Glucocorticoids, Systemic","Glucocorticoids"
"http://healdb.org/rdf-schema#AI_171","BETAMETASONA","http://purl.bioontology.org/ontology/ATC/H02AB01","C0005308","T125","http://purl.bioontology.org/ontology/ATC/H02AB","Glucocorticoids, Systemic","Glucocorticoids"
"http://healdb.org/rdf-schema#AI_171","BETAMETASONA","http://purl.bioontology.org/ontology/ATC/R03BA04","C0005308","T109","http://purl.bioontology.org/ontology/ATC/R03BA","Glucocorticoid inhalants for obstructive airway disease","Glucocorticoids"
"http://healdb.org/rdf-schema#AI_171","BETAMETASONA","http://purl.bioontology.org/ontology/ATC/R03BA04","C0005308","T121","http://purl.bioontology.org/ontology/ATC/R03BA","Glucocorticoid inhalants for obstructive airway disease","Glucocorticoids"
"http://healdb.org/rdf-schema#AI_171","BETAMETASONA","http://purl.bioontology.org/ontology/ATC/R03BA04","C0005308","T125","http://purl.bioontology.org/ontology/ATC/R03BA","Glucocorticoid inhalants for obstructive airway disease","Glucocorticoids"
"http://healdb.org/rdf-schema#AI_1715","PLERIXAFOR","http://purl.bioontology.org/ontology/ATC/L03AX16","C1955474","T109","http://purl.bioontology.org/ontology/ATC/L03AX","Other immunostimulants in ATC","Other immunostimulants"
"http://healdb.org/rdf-schema#AI_1715","PLERIXAFOR","http://purl.bioontology.org/ontology/ATC/L03AX16","C1955474","T121","http://purl.bioontology.org/ontology/ATC/L03AX","Other immunostimulants in ATC","Other immunostimulants"
"http://healdb.org/rdf-schema#AI_1715","PLERIXAFOR","http://purl.bioontology.org/ontology/ATC/L03AX16","C1955474","T129","http://purl.bioontology.org/ontology/ATC/L03AX","Other immunostimulants in ATC","Other immunostimulants"
"http://healdb.org/rdf-schema#AI_1716","L-CARBOCISTEÍNA","http://purl.bioontology.org/ontology/ATC/R05CB03","C0006992","T116","http://purl.bioontology.org/ontology/ATC/R05CB","Mucolytics",
"http://healdb.org/rdf-schema#AI_1716","L-CARBOCISTEÍNA","http://purl.bioontology.org/ontology/ATC/R05CB03","C0006992","T121","http://purl.bioontology.org/ontology/ATC/R05CB","Mucolytics",
"http://healdb.org/rdf-schema#AI_1722","GENTUZUMABE OZOGAMICINA","http://purl.bioontology.org/ontology/ATC/L01FX02","C1533699","T116","http://purl.bioontology.org/ontology/ATC/L01FX","Other monoclonal antibodies and antibody drug conjugates in ATC","Other monoclonal antibodies and antibody drug conjugates"
"http://healdb.org/rdf-schema#AI_1722","GENTUZUMABE OZOGAMICINA","http://purl.bioontology.org/ontology/ATC/L01FX02","C1533699","T121","http://purl.bioontology.org/ontology/ATC/L01FX","Other monoclonal antibodies and antibody drug conjugates in ATC","Other monoclonal antibodies and antibody drug conjugates"
"http://healdb.org/rdf-schema#AI_1722","GENTUZUMABE OZOGAMICINA","http://purl.bioontology.org/ontology/ATC/L01FX02","C1533699","T129","http://purl.bioontology.org/ontology/ATC/L01FX","Other monoclonal antibodies and antibody drug conjugates in ATC","Other monoclonal antibodies and antibody drug conjugates"
"http://healdb.org/rdf-schema#AI_1724","MIRABEGRONA","http://purl.bioontology.org/ontology/ATC/G04BD12","C2983812","T109","http://purl.bioontology.org/ontology/ATC/G04BD","Drugs for urinary frequency and incontinence",
"http://healdb.org/rdf-schema#AI_1724","MIRABEGRONA","http://purl.bioontology.org/ontology/ATC/G04BD12","C2983812","T121","http://purl.bioontology.org/ontology/ATC/G04BD","Drugs for urinary frequency and incontinence",
"http://healdb.org/rdf-schema#AI_1734","TETRAIDROCANABINOL","http://purl.bioontology.org/ontology/ATC/A04AD10","C0039663","T109","http://purl.bioontology.org/ontology/ATC/A04AD","Other antiemetics in ATC","Other antiemetics"
"http://healdb.org/rdf-schema#AI_1734","TETRAIDROCANABINOL","http://purl.bioontology.org/ontology/ATC/A04AD10","C0039663","T121","http://purl.bioontology.org/ontology/ATC/A04AD","Other antiemetics in ATC","Other antiemetics"
"http://healdb.org/rdf-schema#AI_1735","CANABIDIOL","http://purl.bioontology.org/ontology/ATC/N03AX24","C0006863","T109","http://purl.bioontology.org/ontology/ATC/N03AX","Other antiepileptics in ATC","Other antiepileptics"
"http://healdb.org/rdf-schema#AI_1735","CANABIDIOL","http://purl.bioontology.org/ontology/ATC/N03AX24","C0006863","T121","http://purl.bioontology.org/ontology/ATC/N03AX","Other antiepileptics in ATC","Other antiepileptics"
"http://healdb.org/rdf-schema#AI_1736","VORICONAZOL","http://purl.bioontology.org/ontology/ATC/J02AC03","C0393080","T109","http://purl.bioontology.org/ontology/ATC/J02AC","Triazole and tetrazole derivatives",
"http://healdb.org/rdf-schema#AI_1736","VORICONAZOL","http://purl.bioontology.org/ontology/ATC/J02AC03","C0393080","T121","http://purl.bioontology.org/ontology/ATC/J02AC","Triazole and tetrazole derivatives",
"http://healdb.org/rdf-schema#AI_1740","ÁCIDO AMINOBENZÓICO","http://purl.bioontology.org/ontology/ATC/D02BA01","C0000473","T109","http://purl.bioontology.org/ontology/ATC/D02BA","Protectives against UV-radiation for topical use",
"http://healdb.org/rdf-schema#AI_1740","ÁCIDO AMINOBENZÓICO","http://purl.bioontology.org/ontology/ATC/D02BA01","C0000473","T121","http://purl.bioontology.org/ontology/ATC/D02BA","Protectives against UV-radiation for topical use",
"http://healdb.org/rdf-schema#AI_1740","ÁCIDO AMINOBENZÓICO","http://purl.bioontology.org/ontology/ATC/D02BA01","C0000473","T127","http://purl.bioontology.org/ontology/ATC/D02BA","Protectives against UV-radiation for topical use",
"http://healdb.org/rdf-schema#AI_1741","GADOBENATO DE DIMEGLUMINA","http://purl.bioontology.org/ontology/ATC/V08CA08","C0246154","T109","http://purl.bioontology.org/ontology/ATC/V08CA","Paramagnetic contrast media",
"http://healdb.org/rdf-schema#AI_1741","GADOBENATO DE DIMEGLUMINA","http://purl.bioontology.org/ontology/ATC/V08CA08","C0246154","T130","http://purl.bioontology.org/ontology/ATC/V08CA","Paramagnetic contrast media",
"http://healdb.org/rdf-schema#AI_1742","NALBUFINA","http://purl.bioontology.org/ontology/ATC/N02AF02","C0027348","T109","http://purl.bioontology.org/ontology/ATC/N02AF","Morphinan derivatives, opiod analgesics","Morphinan derivatives"
"http://healdb.org/rdf-schema#AI_1742","NALBUFINA","http://purl.bioontology.org/ontology/ATC/N02AF02","C0027348","T121","http://purl.bioontology.org/ontology/ATC/N02AF","Morphinan derivatives, opiod analgesics","Morphinan derivatives"
"http://healdb.org/rdf-schema#AI_1743","ÁCIDO NALIDÍXICO","http://purl.bioontology.org/ontology/ATC/J01MB02","C0027353","T109","http://purl.bioontology.org/ontology/ATC/J01MB","Other quinolones in ATC","Other quinolones"
"http://healdb.org/rdf-schema#AI_1743","ÁCIDO NALIDÍXICO","http://purl.bioontology.org/ontology/ATC/J01MB02","C0027353","T195","http://purl.bioontology.org/ontology/ATC/J01MB","Other quinolones in ATC","Other quinolones"
"http://healdb.org/rdf-schema#AI_1744","RAMIPRIL","http://purl.bioontology.org/ontology/ATC/C09AA05","C0072973","T109","http://purl.bioontology.org/ontology/ATC/C09AA","ACE inhibitors, plain",
"http://healdb.org/rdf-schema#AI_1744","RAMIPRIL","http://purl.bioontology.org/ontology/ATC/C09AA05","C0072973","T121","http://purl.bioontology.org/ontology/ATC/C09AA","ACE inhibitors, plain",
"http://healdb.org/rdf-schema#AI_1745","NAPROXENO","http://purl.bioontology.org/ontology/ATC/G02CC02","C0027396","T109","http://purl.bioontology.org/ontology/ATC/G02CC","Antiinflammatory products for vaginal administration",
"http://healdb.org/rdf-schema#AI_1745","NAPROXENO","http://purl.bioontology.org/ontology/ATC/G02CC02","C0027396","T121","http://purl.bioontology.org/ontology/ATC/G02CC","Antiinflammatory products for vaginal administration",
"http://healdb.org/rdf-schema#AI_1745","NAPROXENO","http://purl.bioontology.org/ontology/ATC/M02AA12","C0027396","T109","http://purl.bioontology.org/ontology/ATC/M02AA","Antiinflammatory preparations, non-steroids for topical use",
"http://healdb.org/rdf-schema#AI_1745","NAPROXENO","http://purl.bioontology.org/ontology/ATC/M02AA12","C0027396","T121","http://purl.bioontology.org/ontology/ATC/M02AA","Antiinflammatory preparations, non-steroids for topical use",
"http://healdb.org/rdf-schema#AI_1745","NAPROXENO","http://purl.bioontology.org/ontology/ATC/M01AE02","C0027396","T109","http://purl.bioontology.org/ontology/ATC/M01AE","Propionic acid derivatives, antiinflammatory and antirheumatic products","Propionic acid derivatives"
"http://healdb.org/rdf-schema#AI_1745","NAPROXENO","http://purl.bioontology.org/ontology/ATC/M01AE02","C0027396","T121","http://purl.bioontology.org/ontology/ATC/M01AE","Propionic acid derivatives, antiinflammatory and antirheumatic products","Propionic acid derivatives"
"http://healdb.org/rdf-schema#AI_1748","TIAMINA","http://purl.bioontology.org/ontology/ATC/A11DA01","C0039840","T109","http://purl.bioontology.org/ontology/ATC/A11DA","Vitamin B1, plain",
"http://healdb.org/rdf-schema#AI_1748","TIAMINA","http://purl.bioontology.org/ontology/ATC/A11DA01","C0039840","T121","http://purl.bioontology.org/ontology/ATC/A11DA","Vitamin B1, plain",
"http://healdb.org/rdf-schema#AI_1748","TIAMINA","http://purl.bioontology.org/ontology/ATC/A11DA01","C0039840","T127","http://purl.bioontology.org/ontology/ATC/A11DA","Vitamin B1, plain",
"http://healdb.org/rdf-schema#AI_1751","POLIDOCANOL","http://purl.bioontology.org/ontology/ATC/C05BB02","C0071330","T109","http://purl.bioontology.org/ontology/ATC/C05BB","Sclerosing agents for local injection",
"http://healdb.org/rdf-schema#AI_1751","POLIDOCANOL","http://purl.bioontology.org/ontology/ATC/C05BB02","C0071330","T121","http://purl.bioontology.org/ontology/ATC/C05BB","Sclerosing agents for local injection",
"http://healdb.org/rdf-schema#AI_1752","EMBONATO DE TRIPTORRELINA","http://purl.bioontology.org/ontology/ATC/L02AE04","C0077275","T116","http://purl.bioontology.org/ontology/ATC/L02AE","Gonadotropin releasing hormone analogues, endocrine therapy drugs","Gonadotropin releasing hormone analogues"
"http://healdb.org/rdf-schema#AI_1752","EMBONATO DE TRIPTORRELINA","http://purl.bioontology.org/ontology/ATC/L02AE04","C0077275","T121","http://purl.bioontology.org/ontology/ATC/L02AE","Gonadotropin releasing hormone analogues, endocrine therapy drugs","Gonadotropin releasing hormone analogues"
"http://healdb.org/rdf-schema#AI_1752","EMBONATO DE TRIPTORRELINA","http://purl.bioontology.org/ontology/ATC/L02AE04","C0077275","T125","http://purl.bioontology.org/ontology/ATC/L02AE","Gonadotropin releasing hormone analogues, endocrine therapy drugs","Gonadotropin releasing hormone analogues"
"http://healdb.org/rdf-schema#AI_176","ALFAESTRADIOL","http://purl.bioontology.org/ontology/ATC/G03CA03","C0014912","T109","http://purl.bioontology.org/ontology/ATC/G03CA","Natural and semisynthetic estrogens, plain",
"http://healdb.org/rdf-schema#AI_176","ALFAESTRADIOL","http://purl.bioontology.org/ontology/ATC/G03CA03","C0014912","T121","http://purl.bioontology.org/ontology/ATC/G03CA","Natural and semisynthetic estrogens, plain",
"http://healdb.org/rdf-schema#AI_176","ALFAESTRADIOL","http://purl.bioontology.org/ontology/ATC/G03CA03","C0014912","T125","http://purl.bioontology.org/ontology/ATC/G03CA","Natural and semisynthetic estrogens, plain",
"http://healdb.org/rdf-schema#AI_1761","N-ACETIL CISTEÍNA","http://purl.bioontology.org/ontology/ATC/R05CB01","C0001047","T116","http://purl.bioontology.org/ontology/ATC/R05CB","Mucolytics",
"http://healdb.org/rdf-schema#AI_1761","N-ACETIL CISTEÍNA","http://purl.bioontology.org/ontology/ATC/R05CB01","C0001047","T121","http://purl.bioontology.org/ontology/ATC/R05CB","Mucolytics",
"http://healdb.org/rdf-schema#AI_1761","N-ACETIL CISTEÍNA","http://purl.bioontology.org/ontology/ATC/V03AB23","C0001047","T116","http://purl.bioontology.org/ontology/ATC/V03AB","Antidotes",
"http://healdb.org/rdf-schema#AI_1761","N-ACETIL CISTEÍNA","http://purl.bioontology.org/ontology/ATC/V03AB23","C0001047","T121","http://purl.bioontology.org/ontology/ATC/V03AB","Antidotes",
"http://healdb.org/rdf-schema#AI_1761","N-ACETIL CISTEÍNA","http://purl.bioontology.org/ontology/ATC/S01XA08","C0001047","T116","http://purl.bioontology.org/ontology/ATC/S01XA","Other ophthalmologicals in ATC","Other ophthalmologicals"
"http://healdb.org/rdf-schema#AI_1761","N-ACETIL CISTEÍNA","http://purl.bioontology.org/ontology/ATC/S01XA08","C0001047","T121","http://purl.bioontology.org/ontology/ATC/S01XA","Other ophthalmologicals in ATC","Other ophthalmologicals"
"http://healdb.org/rdf-schema#AI_1769","PERICIAZINA","http://purl.bioontology.org/ontology/ATC/N05AC01","C0033459","T109","http://purl.bioontology.org/ontology/ATC/N05AC","Phenothiazines with piperidine structure, antipsychotics","Phenothiazines with piperidine structure"
"http://healdb.org/rdf-schema#AI_1769","PERICIAZINA","http://purl.bioontology.org/ontology/ATC/N05AC01","C0033459","T121","http://purl.bioontology.org/ontology/ATC/N05AC","Phenothiazines with piperidine structure, antipsychotics","Phenothiazines with piperidine structure"
"http://healdb.org/rdf-schema#AI_177","ALFAINTERFERONA 2B","http://purl.bioontology.org/ontology/ATC/L03AB05","C0021735","T116","http://purl.bioontology.org/ontology/ATC/L03AB","Interferons",
"http://healdb.org/rdf-schema#AI_177","ALFAINTERFERONA 2B","http://purl.bioontology.org/ontology/ATC/L03AB05","C0021735","T121","http://purl.bioontology.org/ontology/ATC/L03AB","Interferons",
"http://healdb.org/rdf-schema#AI_177","ALFAINTERFERONA 2B","http://purl.bioontology.org/ontology/ATC/L03AB05","C0021735","T129","http://purl.bioontology.org/ontology/ATC/L03AB","Interferons",
"http://healdb.org/rdf-schema#AI_1770","ROTIGOTINA","http://purl.bioontology.org/ontology/ATC/N04BC09","C1700683","T109","http://purl.bioontology.org/ontology/ATC/N04BC","Dopamine agonists",
"http://healdb.org/rdf-schema#AI_1770","ROTIGOTINA","http://purl.bioontology.org/ontology/ATC/N04BC09","C1700683","T121","http://purl.bioontology.org/ontology/ATC/N04BC","Dopamine agonists",
"http://healdb.org/rdf-schema#AI_1772","NEPAFENACO","http://purl.bioontology.org/ontology/ATC/S01BC10","C0961209","T109","http://purl.bioontology.org/ontology/ATC/S01BC","Antiinflammatory agents, non-steroidal, ophthalmologic","Antiinflammatory agents, non-steroids"
"http://healdb.org/rdf-schema#AI_1772","NEPAFENACO","http://purl.bioontology.org/ontology/ATC/S01BC10","C0961209","T121","http://purl.bioontology.org/ontology/ATC/S01BC","Antiinflammatory agents, non-steroidal, ophthalmologic","Antiinflammatory agents, non-steroids"
"http://healdb.org/rdf-schema#AI_1775","NICOTINA","http://purl.bioontology.org/ontology/ATC/N07BA01","C0028040","T109","http://purl.bioontology.org/ontology/ATC/N07BA","Drugs used in nicotine dependence",
"http://healdb.org/rdf-schema#AI_1775","NICOTINA","http://purl.bioontology.org/ontology/ATC/N07BA01","C0028040","T131","http://purl.bioontology.org/ontology/ATC/N07BA","Drugs used in nicotine dependence",
"http://healdb.org/rdf-schema#AI_1778","NITISINONA","http://purl.bioontology.org/ontology/ATC/A16AX04","C0173083","T109","http://purl.bioontology.org/ontology/ATC/A16AX","Various alimentary tract and metabolism products",
"http://healdb.org/rdf-schema#AI_1778","NITISINONA","http://purl.bioontology.org/ontology/ATC/A16AX04","C0173083","T121","http://purl.bioontology.org/ontology/ATC/A16AX","Various alimentary tract and metabolism products",
"http://healdb.org/rdf-schema#AI_1779","NITRAZEPAM","http://purl.bioontology.org/ontology/ATC/N05CD02","C0028126","T109","http://purl.bioontology.org/ontology/ATC/N05CD","Benzodiazepine derivative hypnotics and sedatives","Benzodiazepine derivatives"
"http://healdb.org/rdf-schema#AI_1779","NITRAZEPAM","http://purl.bioontology.org/ontology/ATC/N05CD02","C0028126","T121","http://purl.bioontology.org/ontology/ATC/N05CD","Benzodiazepine derivative hypnotics and sedatives","Benzodiazepine derivatives"
"http://healdb.org/rdf-schema#AI_1783","ESTAZOLAM","http://purl.bioontology.org/ontology/ATC/N05CD04","C0014892","T109","http://purl.bioontology.org/ontology/ATC/N05CD","Benzodiazepine derivative hypnotics and sedatives","Benzodiazepine derivatives"
"http://healdb.org/rdf-schema#AI_1783","ESTAZOLAM","http://purl.bioontology.org/ontology/ATC/N05CD04","C0014892","T121","http://purl.bioontology.org/ontology/ATC/N05CD","Benzodiazepine derivative hypnotics and sedatives","Benzodiazepine derivatives"
"http://healdb.org/rdf-schema#AI_1784","PIRACETAM","http://purl.bioontology.org/ontology/ATC/N06BX03","C0031977","T109","http://purl.bioontology.org/ontology/ATC/N06BX","Other psychostimulants and nootropics in ATC","Other psychostimulants and nootropics"
"http://healdb.org/rdf-schema#AI_1784","PIRACETAM","http://purl.bioontology.org/ontology/ATC/N06BX03","C0031977","T121","http://purl.bioontology.org/ontology/ATC/N06BX","Other psychostimulants and nootropics in ATC","Other psychostimulants and nootropics"
"http://healdb.org/rdf-schema#AI_1785","VINORELBINA","http://purl.bioontology.org/ontology/ATC/L01CA04","C0078257","T109","http://purl.bioontology.org/ontology/ATC/L01CA","Vinca alkaloids and analogues, antineoplastic","Vinca alkaloids and analogues"
"http://healdb.org/rdf-schema#AI_1785","VINORELBINA","http://purl.bioontology.org/ontology/ATC/L01CA04","C0078257","T121","http://purl.bioontology.org/ontology/ATC/L01CA","Vinca alkaloids and analogues, antineoplastic","Vinca alkaloids and analogues"
"http://healdb.org/rdf-schema#AI_1786","NORETISTERONA","http://purl.bioontology.org/ontology/ATC/G03DC02","C0028356","T109","http://purl.bioontology.org/ontology/ATC/G03DC","Estren derivatives, sex hormones and modulators of the genital system","Estren derivatives"
"http://healdb.org/rdf-schema#AI_1786","NORETISTERONA","http://purl.bioontology.org/ontology/ATC/G03DC02","C0028356","T121","http://purl.bioontology.org/ontology/ATC/G03DC","Estren derivatives, sex hormones and modulators of the genital system","Estren derivatives"
"http://healdb.org/rdf-schema#AI_1786","NORETISTERONA","http://purl.bioontology.org/ontology/ATC/G03DC02","C0028356","T125","http://purl.bioontology.org/ontology/ATC/G03DC","Estren derivatives, sex hormones and modulators of the genital system","Estren derivatives"
"http://healdb.org/rdf-schema#AI_1786","NORETISTERONA","http://purl.bioontology.org/ontology/ATC/G03AC01","C0028356","T109","http://purl.bioontology.org/ontology/ATC/G03AC","Progestogen systemic hormonal contraceptives","Progestogens"
"http://healdb.org/rdf-schema#AI_1786","NORETISTERONA","http://purl.bioontology.org/ontology/ATC/G03AC01","C0028356","T121","http://purl.bioontology.org/ontology/ATC/G03AC","Progestogen systemic hormonal contraceptives","Progestogens"
"http://healdb.org/rdf-schema#AI_1786","NORETISTERONA","http://purl.bioontology.org/ontology/ATC/G03AC01","C0028356","T125","http://purl.bioontology.org/ontology/ATC/G03AC","Progestogen systemic hormonal contraceptives","Progestogens"
"http://healdb.org/rdf-schema#AI_1788","BUPRENORFINA","http://purl.bioontology.org/ontology/ATC/N07BC01","C0006405","T109","http://purl.bioontology.org/ontology/ATC/N07BC","Drugs used in opioid dependence",
"http://healdb.org/rdf-schema#AI_1788","BUPRENORFINA","http://purl.bioontology.org/ontology/ATC/N07BC01","C0006405","T121","http://purl.bioontology.org/ontology/ATC/N07BC","Drugs used in opioid dependence",
"http://healdb.org/rdf-schema#AI_1788","BUPRENORFINA","http://purl.bioontology.org/ontology/ATC/N02AE01","C0006405","T109","http://purl.bioontology.org/ontology/ATC/N02AE","Oripavine derivatives analgesics","Oripavine derivatives"
"http://healdb.org/rdf-schema#AI_1788","BUPRENORFINA","http://purl.bioontology.org/ontology/ATC/N02AE01","C0006405","T121","http://purl.bioontology.org/ontology/ATC/N02AE","Oripavine derivatives analgesics","Oripavine derivatives"
"http://healdb.org/rdf-schema#AI_179","ALPRAZOLAM","http://purl.bioontology.org/ontology/ATC/N05BA12","C0002333","T109","http://purl.bioontology.org/ontology/ATC/N05BA","Benzodiazepine derivative anxiolytics","Benzodiazepine derivatives"
"http://healdb.org/rdf-schema#AI_179","ALPRAZOLAM","http://purl.bioontology.org/ontology/ATC/N05BA12","C0002333","T121","http://purl.bioontology.org/ontology/ATC/N05BA","Benzodiazepine derivative anxiolytics","Benzodiazepine derivatives"
"http://healdb.org/rdf-schema#AI_1790","METOCLOPRAMIDA","http://purl.bioontology.org/ontology/ATC/A03FA01","C0025853","T109","http://purl.bioontology.org/ontology/ATC/A03FA","Propulsives",
"http://healdb.org/rdf-schema#AI_1790","METOCLOPRAMIDA","http://purl.bioontology.org/ontology/ATC/A03FA01","C0025853","T121","http://purl.bioontology.org/ontology/ATC/A03FA","Propulsives",
"http://healdb.org/rdf-schema#AI_1791","POSACONAZOL","http://purl.bioontology.org/ontology/ATC/J02AC04","C0936148","T109","http://purl.bioontology.org/ontology/ATC/J02AC","Triazole and tetrazole derivatives",
"http://healdb.org/rdf-schema#AI_1791","POSACONAZOL","http://purl.bioontology.org/ontology/ATC/J02AC04","C0936148","T121","http://purl.bioontology.org/ontology/ATC/J02AC","Triazole and tetrazole derivatives",
"http://healdb.org/rdf-schema#AI_1792","ROMIPLOSTIM","http://purl.bioontology.org/ontology/ATC/B02BX04","C2364481","T116","http://purl.bioontology.org/ontology/ATC/B02BX","Other systemic hemostatics in ATC","Other systemic hemostatics"
"http://healdb.org/rdf-schema#AI_1792","ROMIPLOSTIM","http://purl.bioontology.org/ontology/ATC/B02BX04","C2364481","T121","http://purl.bioontology.org/ontology/ATC/B02BX","Other systemic hemostatics in ATC","Other systemic hemostatics"
"http://healdb.org/rdf-schema#AI_1792","ROMIPLOSTIM","http://purl.bioontology.org/ontology/ATC/B02BX04","C2364481","T123","http://purl.bioontology.org/ontology/ATC/B02BX","Other systemic hemostatics in ATC","Other systemic hemostatics"
"http://healdb.org/rdf-schema#AI_1793","DAROLUTAMIDA","http://purl.bioontology.org/ontology/ATC/L02BB06","C4547776","T109","http://purl.bioontology.org/ontology/ATC/L02BB","Anti-androgen hormone antagonists and related agents","Anti-androgens"
"http://healdb.org/rdf-schema#AI_1793","DAROLUTAMIDA","http://purl.bioontology.org/ontology/ATC/L02BB06","C4547776","T121","http://purl.bioontology.org/ontology/ATC/L02BB","Anti-androgen hormone antagonists and related agents","Anti-androgens"
"http://healdb.org/rdf-schema#AI_1794","MEPOLIZUMABE","http://purl.bioontology.org/ontology/ATC/R03DX09","C0969324","T116","http://purl.bioontology.org/ontology/ATC/R03DX","Other systemic drugs for obstructive airway diseases in ATC","Other systemic drugs for obstructive airway diseases"
"http://healdb.org/rdf-schema#AI_1794","MEPOLIZUMABE","http://purl.bioontology.org/ontology/ATC/R03DX09","C0969324","T121","http://purl.bioontology.org/ontology/ATC/R03DX","Other systemic drugs for obstructive airway diseases in ATC","Other systemic drugs for obstructive airway diseases"
"http://healdb.org/rdf-schema#AI_1794","MEPOLIZUMABE","http://purl.bioontology.org/ontology/ATC/R03DX09","C0969324","T129","http://purl.bioontology.org/ontology/ATC/R03DX","Other systemic drugs for obstructive airway diseases in ATC","Other systemic drugs for obstructive airway diseases"
"http://healdb.org/rdf-schema#AI_1796","ACETATO DE POTÁSSIO","http://purl.bioontology.org/ontology/ATC/B05XA17","C0137984","T109","http://purl.bioontology.org/ontology/ATC/B05XA","Electrolyte solutions",
"http://healdb.org/rdf-schema#AI_1796","ACETATO DE POTÁSSIO","http://purl.bioontology.org/ontology/ATC/B05XA17","C0137984","T121","http://purl.bioontology.org/ontology/ATC/B05XA","Electrolyte solutions",
"http://healdb.org/rdf-schema#AI_1799","URÉIA","http://purl.bioontology.org/ontology/ATC/B05BC02","C0041942","T109","http://purl.bioontology.org/ontology/ATC/B05BC","Solutions producing osmotic diuresis",
"http://healdb.org/rdf-schema#AI_1799","URÉIA","http://purl.bioontology.org/ontology/ATC/B05BC02","C0041942","T121","http://purl.bioontology.org/ontology/ATC/B05BC","Solutions producing osmotic diuresis",
"http://healdb.org/rdf-schema#AI_1799","URÉIA","http://purl.bioontology.org/ontology/ATC/B05BC02","C0041942","T123","http://purl.bioontology.org/ontology/ATC/B05BC","Solutions producing osmotic diuresis",
"http://healdb.org/rdf-schema#AI_1799","URÉIA","http://purl.bioontology.org/ontology/ATC/D02AE01","C0041942","T109","http://purl.bioontology.org/ontology/ATC/D02AE","Carbamide products, emollients and protectives","Carbamide products"
"http://healdb.org/rdf-schema#AI_1799","URÉIA","http://purl.bioontology.org/ontology/ATC/D02AE01","C0041942","T121","http://purl.bioontology.org/ontology/ATC/D02AE","Carbamide products, emollients and protectives","Carbamide products"
"http://healdb.org/rdf-schema#AI_1799","URÉIA","http://purl.bioontology.org/ontology/ATC/D02AE01","C0041942","T123","http://purl.bioontology.org/ontology/ATC/D02AE","Carbamide products, emollients and protectives","Carbamide products"
"http://healdb.org/rdf-schema#AI_1808","ARMODAFINILA","http://purl.bioontology.org/ontology/ATC/N06BA13","C1701455","T109","http://purl.bioontology.org/ontology/ATC/N06BA","Centrally acting sympathomimetics",
"http://healdb.org/rdf-schema#AI_1808","ARMODAFINILA","http://purl.bioontology.org/ontology/ATC/N06BA13","C1701455","T121","http://purl.bioontology.org/ontology/ATC/N06BA","Centrally acting sympathomimetics",
"http://healdb.org/rdf-schema#AI_1812","GALSULFASE","http://purl.bioontology.org/ontology/ATC/A16AB08","C1615657","T116","http://purl.bioontology.org/ontology/ATC/A16AB","Enzymes for ALIMENTARY TRACT AND METABOLISM","Enzymes"
"http://healdb.org/rdf-schema#AI_1812","GALSULFASE","http://purl.bioontology.org/ontology/ATC/A16AB08","C1615657","T121","http://purl.bioontology.org/ontology/ATC/A16AB","Enzymes for ALIMENTARY TRACT AND METABOLISM","Enzymes"
"http://healdb.org/rdf-schema#AI_1812","GALSULFASE","http://purl.bioontology.org/ontology/ATC/A16AB08","C1615657","T126","http://purl.bioontology.org/ontology/ATC/A16AB","Enzymes for ALIMENTARY TRACT AND METABOLISM","Enzymes"
"http://healdb.org/rdf-schema#AI_1815","OCITOCINA","http://purl.bioontology.org/ontology/ATC/H01BB02","C0030095","T116","http://purl.bioontology.org/ontology/ATC/H01BB","Oxytocin and analogues",
"http://healdb.org/rdf-schema#AI_1815","OCITOCINA","http://purl.bioontology.org/ontology/ATC/H01BB02","C0030095","T121","http://purl.bioontology.org/ontology/ATC/H01BB","Oxytocin and analogues",
"http://healdb.org/rdf-schema#AI_1815","OCITOCINA","http://purl.bioontology.org/ontology/ATC/H01BB02","C0030095","T125","http://purl.bioontology.org/ontology/ATC/H01BB","Oxytocin and analogues",
"http://healdb.org/rdf-schema#AI_1816","OCRELIZUMABE","http://purl.bioontology.org/ontology/ATC/L04AG08","C1882138","T116","http://purl.bioontology.org/ontology/ATC/L04AG","Monoclonal antibodies",
"http://healdb.org/rdf-schema#AI_1816","OCRELIZUMABE","http://purl.bioontology.org/ontology/ATC/L04AG08","C1882138","T121","http://purl.bioontology.org/ontology/ATC/L04AG","Monoclonal antibodies",
"http://healdb.org/rdf-schema#AI_1816","OCRELIZUMABE","http://purl.bioontology.org/ontology/ATC/L04AG08","C1882138","T129","http://purl.bioontology.org/ontology/ATC/L04AG","Monoclonal antibodies",
"http://healdb.org/rdf-schema#AI_1819","OXCARBAZEPINA","http://purl.bioontology.org/ontology/ATC/N03AF02","C0069751","T109","http://purl.bioontology.org/ontology/ATC/N03AF","Carboxamide derivatives, antiepileptics","Carboxamide derivatives"
"http://healdb.org/rdf-schema#AI_1819","OXCARBAZEPINA","http://purl.bioontology.org/ontology/ATC/N03AF02","C0069751","T121","http://purl.bioontology.org/ontology/ATC/N03AF","Carboxamide derivatives, antiepileptics","Carboxamide derivatives"
"http://healdb.org/rdf-schema#AI_182","CETOPROFENO","http://purl.bioontology.org/ontology/ATC/M02AA10","C0022635","T109","http://purl.bioontology.org/ontology/ATC/M02AA","Antiinflammatory preparations, non-steroids for topical use",
"http://healdb.org/rdf-schema#AI_182","CETOPROFENO","http://purl.bioontology.org/ontology/ATC/M02AA10","C0022635","T121","http://purl.bioontology.org/ontology/ATC/M02AA","Antiinflammatory preparations, non-steroids for topical use",
"http://healdb.org/rdf-schema#AI_182","CETOPROFENO","http://purl.bioontology.org/ontology/ATC/M01AE03","C0022635","T109","http://purl.bioontology.org/ontology/ATC/M01AE","Propionic acid derivatives, antiinflammatory and antirheumatic products","Propionic acid derivatives"
"http://healdb.org/rdf-schema#AI_182","CETOPROFENO","http://purl.bioontology.org/ontology/ATC/M01AE03","C0022635","T121","http://purl.bioontology.org/ontology/ATC/M01AE","Propionic acid derivatives, antiinflammatory and antirheumatic products","Propionic acid derivatives"
"http://healdb.org/rdf-schema#AI_1824","CICLESONIDA","http://purl.bioontology.org/ontology/ATC/R01AD13","C0907850","T109","http://purl.bioontology.org/ontology/ATC/R01AD","Corticosteroid nasal preparations for topical use","Corticosteroids"
"http://healdb.org/rdf-schema#AI_1824","CICLESONIDA","http://purl.bioontology.org/ontology/ATC/R01AD13","C0907850","T121","http://purl.bioontology.org/ontology/ATC/R01AD","Corticosteroid nasal preparations for topical use","Corticosteroids"
"http://healdb.org/rdf-schema#AI_1824","CICLESONIDA","http://purl.bioontology.org/ontology/ATC/R01AD13","C0907850","T123","http://purl.bioontology.org/ontology/ATC/R01AD","Corticosteroid nasal preparations for topical use","Corticosteroids"
"http://healdb.org/rdf-schema#AI_1824","CICLESONIDA","http://purl.bioontology.org/ontology/ATC/R03BA08","C0907850","T109","http://purl.bioontology.org/ontology/ATC/R03BA","Glucocorticoid inhalants for obstructive airway disease","Glucocorticoids"
"http://healdb.org/rdf-schema#AI_1824","CICLESONIDA","http://purl.bioontology.org/ontology/ATC/R03BA08","C0907850","T121","http://purl.bioontology.org/ontology/ATC/R03BA","Glucocorticoid inhalants for obstructive airway disease","Glucocorticoids"
"http://healdb.org/rdf-schema#AI_1824","CICLESONIDA","http://purl.bioontology.org/ontology/ATC/R03BA08","C0907850","T123","http://purl.bioontology.org/ontology/ATC/R03BA","Glucocorticoid inhalants for obstructive airway disease","Glucocorticoids"
"http://healdb.org/rdf-schema#AI_1825","IOEXOL","http://purl.bioontology.org/ontology/ATC/V08AB02","C0022005","T109","http://purl.bioontology.org/ontology/ATC/V08AB","Watersoluble, nephrotropic, low osmolar X-ray contrast media",
"http://healdb.org/rdf-schema#AI_1825","IOEXOL","http://purl.bioontology.org/ontology/ATC/V08AB02","C0022005","T130","http://purl.bioontology.org/ontology/ATC/V08AB","Watersoluble, nephrotropic, low osmolar X-ray contrast media",
"http://healdb.org/rdf-schema#AI_1826","GADODIAMIDA","http://purl.bioontology.org/ontology/ATC/V08CA03","C0082646","T109","http://purl.bioontology.org/ontology/ATC/V08CA","Paramagnetic contrast media",
"http://healdb.org/rdf-schema#AI_1826","GADODIAMIDA","http://purl.bioontology.org/ontology/ATC/V08CA03","C0082646","T130","http://purl.bioontology.org/ontology/ATC/V08CA","Paramagnetic contrast media",
"http://healdb.org/rdf-schema#AI_1828","PEGASPARGASE","http://purl.bioontology.org/ontology/ATC/L01XX24","C0071568","T116","http://purl.bioontology.org/ontology/ATC/L01XX","Other antineoplastic agents in ATC","Other antineoplastic agents"
"http://healdb.org/rdf-schema#AI_1828","PEGASPARGASE","http://purl.bioontology.org/ontology/ATC/L01XX24","C0071568","T121","http://purl.bioontology.org/ontology/ATC/L01XX","Other antineoplastic agents in ATC","Other antineoplastic agents"
"http://healdb.org/rdf-schema#AI_1828","PEGASPARGASE","http://purl.bioontology.org/ontology/ATC/L01XX24","C0071568","T126","http://purl.bioontology.org/ontology/ATC/L01XX","Other antineoplastic agents in ATC","Other antineoplastic agents"
"http://healdb.org/rdf-schema#AI_1830","ONDANSETRONA","http://purl.bioontology.org/ontology/ATC/A04AA01","C0061851","T109","http://purl.bioontology.org/ontology/ATC/A04AA","Serotonin (5HT3) antagonists",
"http://healdb.org/rdf-schema#AI_1830","ONDANSETRONA","http://purl.bioontology.org/ontology/ATC/A04AA01","C0061851","T121","http://purl.bioontology.org/ontology/ATC/A04AA","Serotonin (5HT3) antagonists",
"http://healdb.org/rdf-schema#AI_1831","NIVOLUMABE","http://purl.bioontology.org/ontology/ATC/L01FF01","C3657270","T116","http://purl.bioontology.org/ontology/ATC/L01FF","PD-1/PDL-1 (Programmed cell death protein 1/death ligand 1) inhibitors",
"http://healdb.org/rdf-schema#AI_1831","NIVOLUMABE","http://purl.bioontology.org/ontology/ATC/L01FF01","C3657270","T121","http://purl.bioontology.org/ontology/ATC/L01FF","PD-1/PDL-1 (Programmed cell death protein 1/death ligand 1) inhibitors",
"http://healdb.org/rdf-schema#AI_1831","NIVOLUMABE","http://purl.bioontology.org/ontology/ATC/L01FF01","C3657270","T129","http://purl.bioontology.org/ontology/ATC/L01FF","PD-1/PDL-1 (Programmed cell death protein 1/death ligand 1) inhibitors",
"http://healdb.org/rdf-schema#AI_1832","CLORETO DE CARBACOL","http://purl.bioontology.org/ontology/ATC/B05XA04","C0002615","T121","http://purl.bioontology.org/ontology/ATC/B05XA","Electrolyte solutions",
"http://healdb.org/rdf-schema#AI_1832","CLORETO DE CARBACOL","http://purl.bioontology.org/ontology/ATC/B05XA04","C0002615","T197","http://purl.bioontology.org/ontology/ATC/B05XA","Electrolyte solutions",
"http://healdb.org/rdf-schema#AI_1832","CLORETO DE CARBACOL","http://purl.bioontology.org/ontology/ATC/N07AB01","C0006945","T109","http://purl.bioontology.org/ontology/ATC/N07AB","Choline esters, parasympathomimetics","Choline esters"
"http://healdb.org/rdf-schema#AI_1832","CLORETO DE CARBACOL","http://purl.bioontology.org/ontology/ATC/N07AB01","C0006945","T121","http://purl.bioontology.org/ontology/ATC/N07AB","Choline esters, parasympathomimetics","Choline esters"
"http://healdb.org/rdf-schema#AI_1832","CLORETO DE CARBACOL","http://purl.bioontology.org/ontology/ATC/S01EB02","C0006945","T109","http://purl.bioontology.org/ontology/ATC/S01EB","Parasympathomimetics, antiglaucoma preparations and miotics","Parasympathomimetics"
"http://healdb.org/rdf-schema#AI_1832","CLORETO DE CARBACOL","http://purl.bioontology.org/ontology/ATC/S01EB02","C0006945","T121","http://purl.bioontology.org/ontology/ATC/S01EB","Parasympathomimetics, antiglaucoma preparations and miotics","Parasympathomimetics"
"http://healdb.org/rdf-schema#AI_1833","IOVERSOL","http://purl.bioontology.org/ontology/ATC/V08AB07","C0063828","T130","http://purl.bioontology.org/ontology/ATC/V08AB","Watersoluble, nephrotropic, low osmolar X-ray contrast media",
"http://healdb.org/rdf-schema#AI_1835","GATIFLOXACINO","http://purl.bioontology.org/ontology/ATC/J01MA16","C0753645","T109","http://purl.bioontology.org/ontology/ATC/J01MA","Fluoroquinolone antibacterials, systemic","Fluoroquinolones"
"http://healdb.org/rdf-schema#AI_1835","GATIFLOXACINO","http://purl.bioontology.org/ontology/ATC/J01MA16","C0753645","T195","http://purl.bioontology.org/ontology/ATC/J01MA","Fluoroquinolone antibacterials, systemic","Fluoroquinolones"
"http://healdb.org/rdf-schema#AI_1835","GATIFLOXACINO","http://purl.bioontology.org/ontology/ATC/S01AE06","C0753645","T109","http://purl.bioontology.org/ontology/ATC/S01AE","Fluoroquinolone antiinfectives, ophthalmologic","Fluoroquinolones"
"http://healdb.org/rdf-schema#AI_1835","GATIFLOXACINO","http://purl.bioontology.org/ontology/ATC/S01AE06","C0753645","T195","http://purl.bioontology.org/ontology/ATC/S01AE","Fluoroquinolone antiinfectives, ophthalmologic","Fluoroquinolones"
"http://healdb.org/rdf-schema#AI_1837","ÁCIDO AMINOBUTÍRICO","http://purl.bioontology.org/ontology/ATC/N03AG03","C0220780","T116","http://purl.bioontology.org/ontology/ATC/N03AG","Fatty acid derivatives, antiepileptics","Fatty acid derivatives"
"http://healdb.org/rdf-schema#AI_1837","ÁCIDO AMINOBUTÍRICO","http://purl.bioontology.org/ontology/ATC/N03AG03","C0220780","T121","http://purl.bioontology.org/ontology/ATC/N03AG","Fatty acid derivatives, antiepileptics","Fatty acid derivatives"
"http://healdb.org/rdf-schema#AI_184","CAFEÍNA","http://purl.bioontology.org/ontology/ATC/D11AX26","C0006644","T109","http://purl.bioontology.org/ontology/ATC/D11AX","OTHER DERMATOLOGICAL PREPARATIONS IN ATC","Other dermatologicals"
"http://healdb.org/rdf-schema#AI_184","CAFEÍNA","http://purl.bioontology.org/ontology/ATC/D11AX26","C0006644","T121","http://purl.bioontology.org/ontology/ATC/D11AX","OTHER DERMATOLOGICAL PREPARATIONS IN ATC","Other dermatologicals"
"http://healdb.org/rdf-schema#AI_184","CAFEÍNA","http://purl.bioontology.org/ontology/ATC/N06BC01","C0006644","T109","http://purl.bioontology.org/ontology/ATC/N06BC","Xanthine derivatives, psychostimulants, agents used for ADHD and nootropics","Xanthine derivatives"
"http://healdb.org/rdf-schema#AI_184","CAFEÍNA","http://purl.bioontology.org/ontology/ATC/N06BC01","C0006644","T121","http://purl.bioontology.org/ontology/ATC/N06BC","Xanthine derivatives, psychostimulants, agents used for ADHD and nootropics","Xanthine derivatives"
"http://healdb.org/rdf-schema#AI_1840","IPRIFLAVONA","http://purl.bioontology.org/ontology/ATC/M05BX01","C0123903","T109","http://purl.bioontology.org/ontology/ATC/M05BX","Other drugs affecting bone structure and mineralization in ATC","Other drugs affecting bone structure and mineralization"
"http://healdb.org/rdf-schema#AI_1840","IPRIFLAVONA","http://purl.bioontology.org/ontology/ATC/M05BX01","C0123903","T121","http://purl.bioontology.org/ontology/ATC/M05BX","Other drugs affecting bone structure and mineralization in ATC","Other drugs affecting bone structure and mineralization"
"http://healdb.org/rdf-schema#AI_1841","CALCITRIOL","http://purl.bioontology.org/ontology/ATC/A11CC04","C0006674","T109","http://purl.bioontology.org/ontology/ATC/A11CC","Vitamin D and analogues",
"http://healdb.org/rdf-schema#AI_1841","CALCITRIOL","http://purl.bioontology.org/ontology/ATC/A11CC04","C0006674","T121","http://purl.bioontology.org/ontology/ATC/A11CC","Vitamin D and analogues",
"http://healdb.org/rdf-schema#AI_1841","CALCITRIOL","http://purl.bioontology.org/ontology/ATC/A11CC04","C0006674","T127","http://purl.bioontology.org/ontology/ATC/A11CC","Vitamin D and analogues",
"http://healdb.org/rdf-schema#AI_1841","CALCITRIOL","http://purl.bioontology.org/ontology/ATC/D05AX03","C0006674","T109","http://purl.bioontology.org/ontology/ATC/D05AX","Other antipsoriatics for topical use in ATC","Other antipsoriatics for topical use"
"http://healdb.org/rdf-schema#AI_1841","CALCITRIOL","http://purl.bioontology.org/ontology/ATC/D05AX03","C0006674","T121","http://purl.bioontology.org/ontology/ATC/D05AX","Other antipsoriatics for topical use in ATC","Other antipsoriatics for topical use"
"http://healdb.org/rdf-schema#AI_1841","CALCITRIOL","http://purl.bioontology.org/ontology/ATC/D05AX03","C0006674","T127","http://purl.bioontology.org/ontology/ATC/D05AX","Other antipsoriatics for topical use in ATC","Other antipsoriatics for topical use"
"http://healdb.org/rdf-schema#AI_1842","CLORFENESINA","http://purl.bioontology.org/ontology/ATC/D01AE07","C0008280","T109","http://purl.bioontology.org/ontology/ATC/D01AE","Other antifungals for topical use in ATC","Other antifungals for topical use"
"http://healdb.org/rdf-schema#AI_1842","CLORFENESINA","http://purl.bioontology.org/ontology/ATC/D01AE07","C0008280","T121","http://purl.bioontology.org/ontology/ATC/D01AE","Other antifungals for topical use in ATC","Other antifungals for topical use"
"http://healdb.org/rdf-schema#AI_1843","HIDROCORTISONA MICRONIZADA","http://purl.bioontology.org/ontology/ATC/A01AC03","C0020268","T109","http://purl.bioontology.org/ontology/ATC/A01AC","Corticosteroids for local oral treatment",
"http://healdb.org/rdf-schema#AI_1843","HIDROCORTISONA MICRONIZADA","http://purl.bioontology.org/ontology/ATC/A01AC03","C0020268","T121","http://purl.bioontology.org/ontology/ATC/A01AC","Corticosteroids for local oral treatment",
"http://healdb.org/rdf-schema#AI_1843","HIDROCORTISONA MICRONIZADA","http://purl.bioontology.org/ontology/ATC/A01AC03","C0020268","T125","http://purl.bioontology.org/ontology/ATC/A01AC","Corticosteroids for local oral treatment",
"http://healdb.org/rdf-schema#AI_1843","HIDROCORTISONA MICRONIZADA","http://purl.bioontology.org/ontology/ATC/A07EA02","C0020268","T109","http://purl.bioontology.org/ontology/ATC/A07EA","Corticosteroids acting locally",
"http://healdb.org/rdf-schema#AI_1843","HIDROCORTISONA MICRONIZADA","http://purl.bioontology.org/ontology/ATC/A07EA02","C0020268","T121","http://purl.bioontology.org/ontology/ATC/A07EA","Corticosteroids acting locally",
"http://healdb.org/rdf-schema#AI_1843","HIDROCORTISONA MICRONIZADA","http://purl.bioontology.org/ontology/ATC/A07EA02","C0020268","T125","http://purl.bioontology.org/ontology/ATC/A07EA","Corticosteroids acting locally",
"http://healdb.org/rdf-schema#AI_1843","HIDROCORTISONA MICRONIZADA","http://purl.bioontology.org/ontology/ATC/D07AA02","C0020268","T109","http://purl.bioontology.org/ontology/ATC/D07AA","Corticosteroids, weak (group I)",
"http://healdb.org/rdf-schema#AI_1843","HIDROCORTISONA MICRONIZADA","http://purl.bioontology.org/ontology/ATC/D07AA02","C0020268","T121","http://purl.bioontology.org/ontology/ATC/D07AA","Corticosteroids, weak (group I)",
"http://healdb.org/rdf-schema#AI_1843","HIDROCORTISONA MICRONIZADA","http://purl.bioontology.org/ontology/ATC/D07AA02","C0020268","T125","http://purl.bioontology.org/ontology/ATC/D07AA","Corticosteroids, weak (group I)",
"http://healdb.org/rdf-schema#AI_1843","HIDROCORTISONA MICRONIZADA","http://purl.bioontology.org/ontology/ATC/D07XA01","C0020268","T109","http://purl.bioontology.org/ontology/ATC/D07XA","Corticosteroids, weak, other combinations",
"http://healdb.org/rdf-schema#AI_1843","HIDROCORTISONA MICRONIZADA","http://purl.bioontology.org/ontology/ATC/D07XA01","C0020268","T121","http://purl.bioontology.org/ontology/ATC/D07XA","Corticosteroids, weak, other combinations",
"http://healdb.org/rdf-schema#AI_1843","HIDROCORTISONA MICRONIZADA","http://purl.bioontology.org/ontology/ATC/D07XA01","C0020268","T125","http://purl.bioontology.org/ontology/ATC/D07XA","Corticosteroids, weak, other combinations",
"http://healdb.org/rdf-schema#AI_1843","HIDROCORTISONA MICRONIZADA","http://purl.bioontology.org/ontology/ATC/S01CB03","C0020268","T109","http://purl.bioontology.org/ontology/ATC/S01CB","Corticosteroids/antiinfectives/mydriatics in combination",
"http://healdb.org/rdf-schema#AI_1843","HIDROCORTISONA MICRONIZADA","http://purl.bioontology.org/ontology/ATC/S01CB03","C0020268","T121","http://purl.bioontology.org/ontology/ATC/S01CB","Corticosteroids/antiinfectives/mydriatics in combination",
"http://healdb.org/rdf-schema#AI_1843","HIDROCORTISONA MICRONIZADA","http://purl.bioontology.org/ontology/ATC/S01CB03","C0020268","T125","http://purl.bioontology.org/ontology/ATC/S01CB","Corticosteroids/antiinfectives/mydriatics in combination",
"http://healdb.org/rdf-schema#AI_1843","HIDROCORTISONA MICRONIZADA","http://purl.bioontology.org/ontology/ATC/S02BA01","C0020268","T109","http://purl.bioontology.org/ontology/ATC/S02BA","Corticosteroids",
"http://healdb.org/rdf-schema#AI_1843","HIDROCORTISONA MICRONIZADA","http://purl.bioontology.org/ontology/ATC/S02BA01","C0020268","T121","http://purl.bioontology.org/ontology/ATC/S02BA","Corticosteroids",
"http://healdb.org/rdf-schema#AI_1843","HIDROCORTISONA MICRONIZADA","http://purl.bioontology.org/ontology/ATC/S02BA01","C0020268","T125","http://purl.bioontology.org/ontology/ATC/S02BA","Corticosteroids",
"http://healdb.org/rdf-schema#AI_1843","HIDROCORTISONA MICRONIZADA","http://purl.bioontology.org/ontology/ATC/C05AA01","C0020268","T109","http://purl.bioontology.org/ontology/ATC/C05AA","Corticosteroids, topical for treatment of hemorrhoids and anal fissures","Corticosteroids"
"http://healdb.org/rdf-schema#AI_1843","HIDROCORTISONA MICRONIZADA","http://purl.bioontology.org/ontology/ATC/C05AA01","C0020268","T121","http://purl.bioontology.org/ontology/ATC/C05AA","Corticosteroids, topical for treatment of hemorrhoids and anal fissures","Corticosteroids"
"http://healdb.org/rdf-schema#AI_1843","HIDROCORTISONA MICRONIZADA","http://purl.bioontology.org/ontology/ATC/C05AA01","C0020268","T125","http://purl.bioontology.org/ontology/ATC/C05AA","Corticosteroids, topical for treatment of hemorrhoids and anal fissures","Corticosteroids"
"http://healdb.org/rdf-schema#AI_1843","HIDROCORTISONA MICRONIZADA","http://purl.bioontology.org/ontology/ATC/S01BA02","C0020268","T109","http://purl.bioontology.org/ontology/ATC/S01BA","Corticosteroid ophthalmologic antiinflammatory agents, plain","Corticosteroids, plain"
"http://healdb.org/rdf-schema#AI_1843","HIDROCORTISONA MICRONIZADA","http://purl.bioontology.org/ontology/ATC/S01BA02","C0020268","T121","http://purl.bioontology.org/ontology/ATC/S01BA","Corticosteroid ophthalmologic antiinflammatory agents, plain","Corticosteroids, plain"
"http://healdb.org/rdf-schema#AI_1843","HIDROCORTISONA MICRONIZADA","http://purl.bioontology.org/ontology/ATC/S01BA02","C0020268","T125","http://purl.bioontology.org/ontology/ATC/S01BA","Corticosteroid ophthalmologic antiinflammatory agents, plain","Corticosteroids, plain"
"http://healdb.org/rdf-schema#AI_1843","HIDROCORTISONA MICRONIZADA","http://purl.bioontology.org/ontology/ATC/H02AB09","C0020268","T109","http://purl.bioontology.org/ontology/ATC/H02AB","Glucocorticoids, Systemic","Glucocorticoids"
"http://healdb.org/rdf-schema#AI_1843","HIDROCORTISONA MICRONIZADA","http://purl.bioontology.org/ontology/ATC/H02AB09","C0020268","T121","http://purl.bioontology.org/ontology/ATC/H02AB","Glucocorticoids, Systemic","Glucocorticoids"
"http://healdb.org/rdf-schema#AI_1843","HIDROCORTISONA MICRONIZADA","http://purl.bioontology.org/ontology/ATC/H02AB09","C0020268","T125","http://purl.bioontology.org/ontology/ATC/H02AB","Glucocorticoids, Systemic","Glucocorticoids"
"http://healdb.org/rdf-schema#AI_1847","OXAMNIQUINA","http://purl.bioontology.org/ontology/ATC/P02BA02","C0029994","T109","http://purl.bioontology.org/ontology/ATC/P02BA","Quinoline derivatives and related substances, antitrematodals","Quinoline derivatives and related substances"
"http://healdb.org/rdf-schema#AI_1847","OXAMNIQUINA","http://purl.bioontology.org/ontology/ATC/P02BA02","C0029994","T121","http://purl.bioontology.org/ontology/ATC/P02BA","Quinoline derivatives and related substances, antitrematodals","Quinoline derivatives and related substances"
"http://healdb.org/rdf-schema#AI_1850","METOXISALENO","http://purl.bioontology.org/ontology/ATC/D05AD02","C0025684","T109","http://purl.bioontology.org/ontology/ATC/D05AD","Psoralens for topical use",
"http://healdb.org/rdf-schema#AI_1850","METOXISALENO","http://purl.bioontology.org/ontology/ATC/D05AD02","C0025684","T121","http://purl.bioontology.org/ontology/ATC/D05AD","Psoralens for topical use",
"http://healdb.org/rdf-schema#AI_1850","METOXISALENO","http://purl.bioontology.org/ontology/ATC/D05AD02","C0025684","T123","http://purl.bioontology.org/ontology/ATC/D05AD","Psoralens for topical use",
"http://healdb.org/rdf-schema#AI_1850","METOXISALENO","http://purl.bioontology.org/ontology/ATC/D05BA02","C0025684","T109","http://purl.bioontology.org/ontology/ATC/D05BA","Psoralens for systemic use",
"http://healdb.org/rdf-schema#AI_1850","METOXISALENO","http://purl.bioontology.org/ontology/ATC/D05BA02","C0025684","T121","http://purl.bioontology.org/ontology/ATC/D05BA","Psoralens for systemic use",
"http://healdb.org/rdf-schema#AI_1850","METOXISALENO","http://purl.bioontology.org/ontology/ATC/D05BA02","C0025684","T123","http://purl.bioontology.org/ontology/ATC/D05BA","Psoralens for systemic use",
"http://healdb.org/rdf-schema#AI_1852","BARICITINIBE","http://purl.bioontology.org/ontology/ATC/L04AF02","C4044947","T109","http://purl.bioontology.org/ontology/ATC/L04AF","Janus-associated kinase (JAK) inhibitors (L04AF)","Janus-associated kinase (JAK) inhibitors"
"http://healdb.org/rdf-schema#AI_1852","BARICITINIBE","http://purl.bioontology.org/ontology/ATC/L04AF02","C4044947","T121","http://purl.bioontology.org/ontology/ATC/L04AF","Janus-associated kinase (JAK) inhibitors (L04AF)","Janus-associated kinase (JAK) inhibitors"
"http://healdb.org/rdf-schema#AI_1854","MACITENTANA","http://purl.bioontology.org/ontology/ATC/C02KX04","C2606556","T109","http://purl.bioontology.org/ontology/ATC/C02KX","Antihypertensives for pulmonary arterial hypertension",
"http://healdb.org/rdf-schema#AI_1854","MACITENTANA","http://purl.bioontology.org/ontology/ATC/C02KX04","C2606556","T121","http://purl.bioontology.org/ontology/ATC/C02KX","Antihypertensives for pulmonary arterial hypertension",
"http://healdb.org/rdf-schema#AI_1855","ABATACEPTE","http://purl.bioontology.org/ontology/ATC/L04AA24","C1619966","T116","http://purl.bioontology.org/ontology/ATC/L04AA","Selective immunosuppressants",
"http://healdb.org/rdf-schema#AI_1855","ABATACEPTE","http://purl.bioontology.org/ontology/ATC/L04AA24","C1619966","T121","http://purl.bioontology.org/ontology/ATC/L04AA","Selective immunosuppressants",
"http://healdb.org/rdf-schema#AI_1856","APREMILASTE","http://purl.bioontology.org/ontology/ATC/L04AA32","C1678805","T109","http://purl.bioontology.org/ontology/ATC/L04AA","Selective immunosuppressants",
"http://healdb.org/rdf-schema#AI_1856","APREMILASTE","http://purl.bioontology.org/ontology/ATC/L04AA32","C1678805","T121","http://purl.bioontology.org/ontology/ATC/L04AA","Selective immunosuppressants",
"http://healdb.org/rdf-schema#AI_1857","SEMAGLUTIDA","http://purl.bioontology.org/ontology/ATC/A10BJ06","C3885068","T116","http://purl.bioontology.org/ontology/ATC/A10BJ","Glucagon-like peptide-1 (GLP-1) analogues",
"http://healdb.org/rdf-schema#AI_1857","SEMAGLUTIDA","http://purl.bioontology.org/ontology/ATC/A10BJ06","C3885068","T121","http://purl.bioontology.org/ontology/ATC/A10BJ","Glucagon-like peptide-1 (GLP-1) analogues",
"http://healdb.org/rdf-schema#AI_1857","SEMAGLUTIDA","http://purl.bioontology.org/ontology/ATC/A10BJ06","C3885068","T123","http://purl.bioontology.org/ontology/ATC/A10BJ","Glucagon-like peptide-1 (GLP-1) analogues",
"http://healdb.org/rdf-schema#AI_186","PEMETREXEDE","http://purl.bioontology.org/ontology/ATC/L01BA04","C0210657","T109","http://purl.bioontology.org/ontology/ATC/L01BA","Folic acid analogs, antimetabolites","Folic acid analogues"
"http://healdb.org/rdf-schema#AI_186","PEMETREXEDE","http://purl.bioontology.org/ontology/ATC/L01BA04","C0210657","T121","http://purl.bioontology.org/ontology/ATC/L01BA","Folic acid analogs, antimetabolites","Folic acid analogues"
"http://healdb.org/rdf-schema#AI_1865","RIFAMPINA","http://purl.bioontology.org/ontology/ATC/J04AB02","C0035608","T109","http://purl.bioontology.org/ontology/ATC/J04AB","Antibiotics, Antitubercular","Antibiotics"
"http://healdb.org/rdf-schema#AI_1865","RIFAMPINA","http://purl.bioontology.org/ontology/ATC/J04AB02","C0035608","T195","http://purl.bioontology.org/ontology/ATC/J04AB","Antibiotics, Antitubercular","Antibiotics"
"http://healdb.org/rdf-schema#AI_1866","GLICONATO DE ZINCO","http://purl.bioontology.org/ontology/ATC/A12CB02","C0149381","T109","http://purl.bioontology.org/ontology/ATC/A12CB","Zinc Supplements","Zinc"
"http://healdb.org/rdf-schema#AI_1866","GLICONATO DE ZINCO","http://purl.bioontology.org/ontology/ATC/A12CB02","C0149381","T121","http://purl.bioontology.org/ontology/ATC/A12CB","Zinc Supplements","Zinc"
"http://healdb.org/rdf-schema#AI_1867","ALFAPEGINTERFERONA 2A","http://purl.bioontology.org/ontology/ATC/L03AB11","C0391001","T116","http://purl.bioontology.org/ontology/ATC/L03AB","Interferons",
"http://healdb.org/rdf-schema#AI_1867","ALFAPEGINTERFERONA 2A","http://purl.bioontology.org/ontology/ATC/L03AB11","C0391001","T121","http://purl.bioontology.org/ontology/ATC/L03AB","Interferons",
"http://healdb.org/rdf-schema#AI_1867","ALFAPEGINTERFERONA 2A","http://purl.bioontology.org/ontology/ATC/L03AB11","C0391001","T129","http://purl.bioontology.org/ontology/ATC/L03AB","Interferons",
"http://healdb.org/rdf-schema#AI_1868","FENOXIMETILPENICILINA","http://purl.bioontology.org/ontology/ATC/J01CE02","C0030840","T109","http://purl.bioontology.org/ontology/ATC/J01CE","Beta-lactamase sensitive penicillins",
"http://healdb.org/rdf-schema#AI_1868","FENOXIMETILPENICILINA","http://purl.bioontology.org/ontology/ATC/J01CE02","C0030840","T195","http://purl.bioontology.org/ontology/ATC/J01CE","Beta-lactamase sensitive penicillins",
"http://healdb.org/rdf-schema#AI_1871","PENTOXIFILINA","http://purl.bioontology.org/ontology/ATC/C04AD03","C0030899","T109","http://purl.bioontology.org/ontology/ATC/C04AD","Purine derivatives, peripheral vasodilators","Purine derivatives"
"http://healdb.org/rdf-schema#AI_1871","PENTOXIFILINA","http://purl.bioontology.org/ontology/ATC/C04AD03","C0030899","T121","http://purl.bioontology.org/ontology/ATC/C04AD","Purine derivatives, peripheral vasodilators","Purine derivatives"
"http://healdb.org/rdf-schema#AI_1872","PENCICLOVIR","http://purl.bioontology.org/ontology/ATC/J05AB13","C0164815","T114","http://purl.bioontology.org/ontology/ATC/J05AB","Nucleosides and nucleotides excl. reverse transcriptase inhibitors",
"http://healdb.org/rdf-schema#AI_1872","PENCICLOVIR","http://purl.bioontology.org/ontology/ATC/J05AB13","C0164815","T121","http://purl.bioontology.org/ontology/ATC/J05AB","Nucleosides and nucleotides excl. reverse transcriptase inhibitors",
"http://healdb.org/rdf-schema#AI_1872","PENCICLOVIR","http://purl.bioontology.org/ontology/ATC/D06BB06","C0164815","T114","http://purl.bioontology.org/ontology/ATC/D06BB","Antivirals, topical","Antivirals"
"http://healdb.org/rdf-schema#AI_1872","PENCICLOVIR","http://purl.bioontology.org/ontology/ATC/D06BB06","C0164815","T121","http://purl.bioontology.org/ontology/ATC/D06BB","Antivirals, topical","Antivirals"
"http://healdb.org/rdf-schema#AI_1875","PERTUZUMABE","http://purl.bioontology.org/ontology/ATC/L01FD02","C1328025","T116","http://purl.bioontology.org/ontology/ATC/L01FD","HER2 (Human Epidermal Growth Factor Receptor 2) inhibitors",
"http://healdb.org/rdf-schema#AI_1875","PERTUZUMABE","http://purl.bioontology.org/ontology/ATC/L01FD02","C1328025","T121","http://purl.bioontology.org/ontology/ATC/L01FD","HER2 (Human Epidermal Growth Factor Receptor 2) inhibitors",
"http://healdb.org/rdf-schema#AI_1875","PERTUZUMABE","http://purl.bioontology.org/ontology/ATC/L01FD02","C1328025","T129","http://purl.bioontology.org/ontology/ATC/L01FD","HER2 (Human Epidermal Growth Factor Receptor 2) inhibitors",
"http://healdb.org/rdf-schema#AI_1876","RISPERIDONA","http://purl.bioontology.org/ontology/ATC/N05AX08","C0073393","T109","http://purl.bioontology.org/ontology/ATC/N05AX","Other antipsychotics in ATC","Other antipsychotics"
"http://healdb.org/rdf-schema#AI_1876","RISPERIDONA","http://purl.bioontology.org/ontology/ATC/N05AX08","C0073393","T121","http://purl.bioontology.org/ontology/ATC/N05AX","Other antipsychotics in ATC","Other antipsychotics"
"http://healdb.org/rdf-schema#AI_1877","NIACINAMIDA","http://purl.bioontology.org/ontology/ATC/A11HA01","C0028027","T109","http://purl.bioontology.org/ontology/ATC/A11HA","Other plain vitamin preparations in ATC","Other plain vitamin preparations"
"http://healdb.org/rdf-schema#AI_1877","NIACINAMIDA","http://purl.bioontology.org/ontology/ATC/A11HA01","C0028027","T121","http://purl.bioontology.org/ontology/ATC/A11HA","Other plain vitamin preparations in ATC","Other plain vitamin preparations"
"http://healdb.org/rdf-schema#AI_1877","NIACINAMIDA","http://purl.bioontology.org/ontology/ATC/A11HA01","C0028027","T127","http://purl.bioontology.org/ontology/ATC/A11HA","Other plain vitamin preparations in ATC","Other plain vitamin preparations"
"http://healdb.org/rdf-schema#AI_1880","ÁCIDO CÍTRICO ANIDRO","http://purl.bioontology.org/ontology/ATC/A09AB04","C0055819","T109","http://purl.bioontology.org/ontology/ATC/A09AB","Acid preparations, digestives","Acid preparations"
"http://healdb.org/rdf-schema#AI_1880","ÁCIDO CÍTRICO ANIDRO","http://purl.bioontology.org/ontology/ATC/A09AB04","C0055819","T121","http://purl.bioontology.org/ontology/ATC/A09AB","Acid preparations, digestives","Acid preparations"
"http://healdb.org/rdf-schema#AI_1880","ÁCIDO CÍTRICO ANIDRO","http://purl.bioontology.org/ontology/ATC/A09AB04","C0055819","T123","http://purl.bioontology.org/ontology/ATC/A09AB","Acid preparations, digestives","Acid preparations"
"http://healdb.org/rdf-schema#AI_1884","TEOBROMINA","http://purl.bioontology.org/ontology/ATC/C03BD01","C0039763","T109","http://purl.bioontology.org/ontology/ATC/C03BD","Xanthine derivatives, low-ceiling diuretics","Xanthine derivatives"
"http://healdb.org/rdf-schema#AI_1884","TEOBROMINA","http://purl.bioontology.org/ontology/ATC/C03BD01","C0039763","T121","http://purl.bioontology.org/ontology/ATC/C03BD","Xanthine derivatives, low-ceiling diuretics","Xanthine derivatives"
"http://healdb.org/rdf-schema#AI_1884","TEOBROMINA","http://purl.bioontology.org/ontology/ATC/R03DA07","C0039763","T109","http://purl.bioontology.org/ontology/ATC/R03DA","Xanthines, systemic for obstructive airway disease","Xanthines"
"http://healdb.org/rdf-schema#AI_1884","TEOBROMINA","http://purl.bioontology.org/ontology/ATC/R03DA07","C0039763","T121","http://purl.bioontology.org/ontology/ATC/R03DA","Xanthines, systemic for obstructive airway disease","Xanthines"
"http://healdb.org/rdf-schema#AI_1885","TAZOBACTAM","http://purl.bioontology.org/ontology/ATC/J01CG02","C0075870","T109","http://purl.bioontology.org/ontology/ATC/J01CG","Beta-lactamase inhibitors, systemic penicillins","Beta-lactamase inhibitors"
"http://healdb.org/rdf-schema#AI_1885","TAZOBACTAM","http://purl.bioontology.org/ontology/ATC/J01CG02","C0075870","T195","http://purl.bioontology.org/ontology/ATC/J01CG","Beta-lactamase inhibitors, systemic penicillins","Beta-lactamase inhibitors"
"http://healdb.org/rdf-schema#AI_1886","ALPELISIBE","http://purl.bioontology.org/ontology/ATC/L01EM03","C4055478","T109","http://purl.bioontology.org/ontology/ATC/L01EM","Phosphatidylinositol-3-kinase (Pi3K) inhibitors",
"http://healdb.org/rdf-schema#AI_1886","ALPELISIBE","http://purl.bioontology.org/ontology/ATC/L01EM03","C4055478","T121","http://purl.bioontology.org/ontology/ATC/L01EM","Phosphatidylinositol-3-kinase (Pi3K) inhibitors",
"http://healdb.org/rdf-schema#AI_1888","CEFETAMET","http://purl.bioontology.org/ontology/ATC/J01DD10","C0055004","T109","http://purl.bioontology.org/ontology/ATC/J01DD","Third-generation cephalosporins",
"http://healdb.org/rdf-schema#AI_1888","CEFETAMET","http://purl.bioontology.org/ontology/ATC/J01DD10","C0055004","T195","http://purl.bioontology.org/ontology/ATC/J01DD","Third-generation cephalosporins",
"http://healdb.org/rdf-schema#AI_189","MELFALANA","http://purl.bioontology.org/ontology/ATC/L01AA03","C0025241","T116","http://purl.bioontology.org/ontology/ATC/L01AA","Nitrogen mustard analogues",
"http://healdb.org/rdf-schema#AI_189","MELFALANA","http://purl.bioontology.org/ontology/ATC/L01AA03","C0025241","T121","http://purl.bioontology.org/ontology/ATC/L01AA","Nitrogen mustard analogues",
"http://healdb.org/rdf-schema#AI_1892","TETRACAÍNA","http://purl.bioontology.org/ontology/ATC/D04AB06","C0039629","T109","http://purl.bioontology.org/ontology/ATC/D04AB","Anesthetics for topical use",
"http://healdb.org/rdf-schema#AI_1892","TETRACAÍNA","http://purl.bioontology.org/ontology/ATC/D04AB06","C0039629","T121","http://purl.bioontology.org/ontology/ATC/D04AB","Anesthetics for topical use",
"http://healdb.org/rdf-schema#AI_1892","TETRACAÍNA","http://purl.bioontology.org/ontology/ATC/S01HA03","C0039629","T109","http://purl.bioontology.org/ontology/ATC/S01HA","Local anesthetics",
"http://healdb.org/rdf-schema#AI_1892","TETRACAÍNA","http://purl.bioontology.org/ontology/ATC/S01HA03","C0039629","T121","http://purl.bioontology.org/ontology/ATC/S01HA","Local anesthetics",
"http://healdb.org/rdf-schema#AI_1892","TETRACAÍNA","http://purl.bioontology.org/ontology/ATC/N01BA03","C0039629","T109","http://purl.bioontology.org/ontology/ATC/N01BA","Esters of aminobenzoic acid for local anesthesia","Esters of aminobenzoic acid"
"http://healdb.org/rdf-schema#AI_1892","TETRACAÍNA","http://purl.bioontology.org/ontology/ATC/N01BA03","C0039629","T121","http://purl.bioontology.org/ontology/ATC/N01BA","Esters of aminobenzoic acid for local anesthesia","Esters of aminobenzoic acid"
"http://healdb.org/rdf-schema#AI_1892","TETRACAÍNA","http://purl.bioontology.org/ontology/ATC/C05AD02","C0039629","T109","http://purl.bioontology.org/ontology/ATC/C05AD","Local anesthetics for treatment of hemorrhoids and anal fissures for topical use","Local anesthetics"
"http://healdb.org/rdf-schema#AI_1892","TETRACAÍNA","http://purl.bioontology.org/ontology/ATC/C05AD02","C0039629","T121","http://purl.bioontology.org/ontology/ATC/C05AD","Local anesthetics for treatment of hemorrhoids and anal fissures for topical use","Local anesthetics"
"http://healdb.org/rdf-schema#AI_19","VALERIANA OFFICINALIS L.","http://purl.bioontology.org/ontology/ATC/N05CM09","C3540006","T109","http://purl.bioontology.org/ontology/ATC/N05CM","Other hypnotics and sedatives in ATC","Other hypnotics and sedatives"
"http://healdb.org/rdf-schema#AI_19","VALERIANA OFFICINALIS L.","http://purl.bioontology.org/ontology/ATC/N05CM09","C3540006","T121","http://purl.bioontology.org/ontology/ATC/N05CM","Other hypnotics and sedatives in ATC","Other hypnotics and sedatives"
"http://healdb.org/rdf-schema#AI_191","MINOXIDIL","http://purl.bioontology.org/ontology/ATC/D11AX01","C0026196","T109","http://purl.bioontology.org/ontology/ATC/D11AX","OTHER DERMATOLOGICAL PREPARATIONS IN ATC","Other dermatologicals"
"http://healdb.org/rdf-schema#AI_191","MINOXIDIL","http://purl.bioontology.org/ontology/ATC/D11AX01","C0026196","T121","http://purl.bioontology.org/ontology/ATC/D11AX","OTHER DERMATOLOGICAL PREPARATIONS IN ATC","Other dermatologicals"
"http://healdb.org/rdf-schema#AI_191","MINOXIDIL","http://purl.bioontology.org/ontology/ATC/C02DC01","C0026196","T109","http://purl.bioontology.org/ontology/ATC/C02DC","Pyrimidine derivatives acting on arteriolar smooth muscle","Pyrimidine derivatives"
"http://healdb.org/rdf-schema#AI_191","MINOXIDIL","http://purl.bioontology.org/ontology/ATC/C02DC01","C0026196","T121","http://purl.bioontology.org/ontology/ATC/C02DC","Pyrimidine derivatives acting on arteriolar smooth muscle","Pyrimidine derivatives"
"http://healdb.org/rdf-schema#AI_1914","REPAGLINIDA","http://purl.bioontology.org/ontology/ATC/A10BX02","C0246689","T109","http://purl.bioontology.org/ontology/ATC/A10BX","Other blood glucose lowering drugs, excl. insulins in ATC","Other blood glucose lowering drugs, excl. insulins"
"http://healdb.org/rdf-schema#AI_1914","REPAGLINIDA","http://purl.bioontology.org/ontology/ATC/A10BX02","C0246689","T121","http://purl.bioontology.org/ontology/ATC/A10BX","Other blood glucose lowering drugs, excl. insulins in ATC","Other blood glucose lowering drugs, excl. insulins"
"http://healdb.org/rdf-schema#AI_1915","ALIROCUMABE","http://purl.bioontology.org/ontology/ATC/C10AX14","C3491162","T116","http://purl.bioontology.org/ontology/ATC/C10AX","Other lipid modifying agents in ATC","Other lipid modifying agents"
"http://healdb.org/rdf-schema#AI_1915","ALIROCUMABE","http://purl.bioontology.org/ontology/ATC/C10AX14","C3491162","T121","http://purl.bioontology.org/ontology/ATC/C10AX","Other lipid modifying agents in ATC","Other lipid modifying agents"
"http://healdb.org/rdf-schema#AI_1915","ALIROCUMABE","http://purl.bioontology.org/ontology/ATC/C10AX14","C3491162","T129","http://purl.bioontology.org/ontology/ATC/C10AX","Other lipid modifying agents in ATC","Other lipid modifying agents"
"http://healdb.org/rdf-schema#AI_1918","IDARUCIZUMABE","http://purl.bioontology.org/ontology/ATC/V03AB37","C3885063","T116","http://purl.bioontology.org/ontology/ATC/V03AB","Antidotes",
"http://healdb.org/rdf-schema#AI_1918","IDARUCIZUMABE","http://purl.bioontology.org/ontology/ATC/V03AB37","C3885063","T121","http://purl.bioontology.org/ontology/ATC/V03AB","Antidotes",
"http://healdb.org/rdf-schema#AI_1918","IDARUCIZUMABE","http://purl.bioontology.org/ontology/ATC/V03AB37","C3885063","T129","http://purl.bioontology.org/ontology/ATC/V03AB","Antidotes",
"http://healdb.org/rdf-schema#AI_1919","ESTROGÊNIOS CONJUGADOS NATURAIS","http://purl.bioontology.org/ontology/ATC/G03CA57","C0014938","T109","http://purl.bioontology.org/ontology/ATC/G03CA","Natural and semisynthetic estrogens, plain",
"http://healdb.org/rdf-schema#AI_1919","ESTROGÊNIOS CONJUGADOS NATURAIS","http://purl.bioontology.org/ontology/ATC/G03CA57","C0014938","T121","http://purl.bioontology.org/ontology/ATC/G03CA","Natural and semisynthetic estrogens, plain",
"http://healdb.org/rdf-schema#AI_1919","ESTROGÊNIOS CONJUGADOS NATURAIS","http://purl.bioontology.org/ontology/ATC/G03CA57","C0014938","T125","http://purl.bioontology.org/ontology/ATC/G03CA","Natural and semisynthetic estrogens, plain",
"http://healdb.org/rdf-schema#AI_1934","PRIMIDONA","http://purl.bioontology.org/ontology/ATC/N03AA03","C0033148","T109","http://purl.bioontology.org/ontology/ATC/N03AA","Barbiturates and derivatives",
"http://healdb.org/rdf-schema#AI_1934","PRIMIDONA","http://purl.bioontology.org/ontology/ATC/N03AA03","C0033148","T121","http://purl.bioontology.org/ontology/ATC/N03AA","Barbiturates and derivatives",
"http://healdb.org/rdf-schema#AI_1937","LETERMOVIR","http://purl.bioontology.org/ontology/ATC/J05AX18","C3852938","T109","http://purl.bioontology.org/ontology/ATC/J05AX","Other antivirals in ATC","Other antivirals"
"http://healdb.org/rdf-schema#AI_1937","LETERMOVIR","http://purl.bioontology.org/ontology/ATC/J05AX18","C3852938","T121","http://purl.bioontology.org/ontology/ATC/J05AX","Other antivirals in ATC","Other antivirals"
"http://healdb.org/rdf-schema#AI_1938","TRIBENOSÍDEO","http://purl.bioontology.org/ontology/ATC/C05AX05","C0077015","T109","http://purl.bioontology.org/ontology/ATC/C05AX","Other agents for treatment of hemorrhoids and anal fissures for topical use in ATC","Other agents for treatment of hemorrhoids and anal fissures for topical use"
"http://healdb.org/rdf-schema#AI_1938","TRIBENOSÍDEO","http://purl.bioontology.org/ontology/ATC/C05AX05","C0077015","T121","http://purl.bioontology.org/ontology/ATC/C05AX","Other agents for treatment of hemorrhoids and anal fissures for topical use in ATC","Other agents for treatment of hemorrhoids and anal fissures for topical use"
"http://healdb.org/rdf-schema#AI_1938","TRIBENOSÍDEO","http://purl.bioontology.org/ontology/ATC/C05CX01","C0077015","T109","http://purl.bioontology.org/ontology/ATC/C05CX","Other capillary stabilizing agents in ATC","Other capillary stabilizing agents"
"http://healdb.org/rdf-schema#AI_1938","TRIBENOSÍDEO","http://purl.bioontology.org/ontology/ATC/C05CX01","C0077015","T121","http://purl.bioontology.org/ontology/ATC/C05CX","Other capillary stabilizing agents in ATC","Other capillary stabilizing agents"
"http://healdb.org/rdf-schema#AI_1941","GADOTERIDOL","http://purl.bioontology.org/ontology/ATC/V08CA04","C0060930","T109","http://purl.bioontology.org/ontology/ATC/V08CA","Paramagnetic contrast media",
"http://healdb.org/rdf-schema#AI_1941","GADOTERIDOL","http://purl.bioontology.org/ontology/ATC/V08CA04","C0060930","T130","http://purl.bioontology.org/ontology/ATC/V08CA","Paramagnetic contrast media",
"http://healdb.org/rdf-schema#AI_1942","DENOSUMABE","http://purl.bioontology.org/ontology/ATC/M05BX04","C1690432","T116","http://purl.bioontology.org/ontology/ATC/M05BX","Other drugs affecting bone structure and mineralization in ATC","Other drugs affecting bone structure and mineralization"
"http://healdb.org/rdf-schema#AI_1942","DENOSUMABE","http://purl.bioontology.org/ontology/ATC/M05BX04","C1690432","T121","http://purl.bioontology.org/ontology/ATC/M05BX","Other drugs affecting bone structure and mineralization in ATC","Other drugs affecting bone structure and mineralization"
"http://healdb.org/rdf-schema#AI_1942","DENOSUMABE","http://purl.bioontology.org/ontology/ATC/M05BX04","C1690432","T129","http://purl.bioontology.org/ontology/ATC/M05BX","Other drugs affecting bone structure and mineralization in ATC","Other drugs affecting bone structure and mineralization"
"http://healdb.org/rdf-schema#AI_1943","DINOPROSTONA","http://purl.bioontology.org/ontology/ATC/G02AD02","C0012472","T109","http://purl.bioontology.org/ontology/ATC/G02AD","Prostaglandins, oxytocics","Prostaglandins"
"http://healdb.org/rdf-schema#AI_1943","DINOPROSTONA","http://purl.bioontology.org/ontology/ATC/G02AD02","C0012472","T121","http://purl.bioontology.org/ontology/ATC/G02AD","Prostaglandins, oxytocics","Prostaglandins"
"http://healdb.org/rdf-schema#AI_1943","DINOPROSTONA","http://purl.bioontology.org/ontology/ATC/G02AD02","C0012472","T125","http://purl.bioontology.org/ontology/ATC/G02AD","Prostaglandins, oxytocics","Prostaglandins"
"http://healdb.org/rdf-schema#AI_1944","PROPILTIOURACILA","http://purl.bioontology.org/ontology/ATC/H03BA02","C0033511","T114","http://purl.bioontology.org/ontology/ATC/H03BA","Thiouracil antithyroid preparations","Thiouracils"
"http://healdb.org/rdf-schema#AI_1944","PROPILTIOURACILA","http://purl.bioontology.org/ontology/ATC/H03BA02","C0033511","T121","http://purl.bioontology.org/ontology/ATC/H03BA","Thiouracil antithyroid preparations","Thiouracils"
"http://healdb.org/rdf-schema#AI_1945","PROPRANOLOL","http://purl.bioontology.org/ontology/ATC/C07AA05","C0033497","T109","http://purl.bioontology.org/ontology/ATC/C07AA","Beta blocking agents, non-selective",
"http://healdb.org/rdf-schema#AI_1945","PROPRANOLOL","http://purl.bioontology.org/ontology/ATC/C07AA05","C0033497","T121","http://purl.bioontology.org/ontology/ATC/C07AA","Beta blocking agents, non-selective",
"http://healdb.org/rdf-schema#AI_195","PREGABALINA","http://purl.bioontology.org/ontology/ATC/N02BF02","C0657912","T116","http://purl.bioontology.org/ontology/ATC/N02BF","Gabapentinoids, analgesics and antipyretics","Gabapentinoids"
"http://healdb.org/rdf-schema#AI_195","PREGABALINA","http://purl.bioontology.org/ontology/ATC/N02BF02","C0657912","T121","http://purl.bioontology.org/ontology/ATC/N02BF","Gabapentinoids, analgesics and antipyretics","Gabapentinoids"
"http://healdb.org/rdf-schema#AI_1950","MISOPROSTOL","http://purl.bioontology.org/ontology/ATC/A02BB01","C0085174","T109","http://purl.bioontology.org/ontology/ATC/A02BB","Prostaglandin drugs for peptic ulcer and gastro-oesophageal reflux disease (GORD)","Prostaglandins"
"http://healdb.org/rdf-schema#AI_1950","MISOPROSTOL","http://purl.bioontology.org/ontology/ATC/A02BB01","C0085174","T121","http://purl.bioontology.org/ontology/ATC/A02BB","Prostaglandin drugs for peptic ulcer and gastro-oesophageal reflux disease (GORD)","Prostaglandins"
"http://healdb.org/rdf-schema#AI_1950","MISOPROSTOL","http://purl.bioontology.org/ontology/ATC/G02AD06","C0085174","T109","http://purl.bioontology.org/ontology/ATC/G02AD","Prostaglandins, oxytocics","Prostaglandins"
"http://healdb.org/rdf-schema#AI_1950","MISOPROSTOL","http://purl.bioontology.org/ontology/ATC/G02AD06","C0085174","T121","http://purl.bioontology.org/ontology/ATC/G02AD","Prostaglandins, oxytocics","Prostaglandins"
"http://healdb.org/rdf-schema#AI_1952","MESTEROLONA","http://purl.bioontology.org/ontology/ATC/G03BB01","C0025503","T109","http://purl.bioontology.org/ontology/ATC/G03BB","5-androstanon (3) derivatives",
"http://healdb.org/rdf-schema#AI_1952","MESTEROLONA","http://purl.bioontology.org/ontology/ATC/G03BB01","C0025503","T121","http://purl.bioontology.org/ontology/ATC/G03BB","5-androstanon (3) derivatives",
"http://healdb.org/rdf-schema#AI_1954","ALFADORNASE","http://purl.bioontology.org/ontology/ATC/R05CB13","C1135662","T116","http://purl.bioontology.org/ontology/ATC/R05CB","Mucolytics",
"http://healdb.org/rdf-schema#AI_1954","ALFADORNASE","http://purl.bioontology.org/ontology/ATC/R05CB13","C1135662","T121","http://purl.bioontology.org/ontology/ATC/R05CB","Mucolytics",
"http://healdb.org/rdf-schema#AI_1954","ALFADORNASE","http://purl.bioontology.org/ontology/ATC/R05CB13","C1135662","T126","http://purl.bioontology.org/ontology/ATC/R05CB","Mucolytics",
"http://healdb.org/rdf-schema#AI_1955","BETAFOLITROPINA","http://purl.bioontology.org/ontology/ATC/G03GA06","C0060787","T116","http://purl.bioontology.org/ontology/ATC/G03GA","Gonadotropins",
"http://healdb.org/rdf-schema#AI_1955","BETAFOLITROPINA","http://purl.bioontology.org/ontology/ATC/G03GA06","C0060787","T121","http://purl.bioontology.org/ontology/ATC/G03GA","Gonadotropins",
"http://healdb.org/rdf-schema#AI_1955","BETAFOLITROPINA","http://purl.bioontology.org/ontology/ATC/G03GA06","C0060787","T125","http://purl.bioontology.org/ontology/ATC/G03GA","Gonadotropins",
"http://healdb.org/rdf-schema#AI_1956","MERCAPTOPURINA","http://purl.bioontology.org/ontology/ATC/L01BB02","C0000618","T114","http://purl.bioontology.org/ontology/ATC/L01BB","Purine analogs, antimetabolites antineoplastic","Purine analogues"
"http://healdb.org/rdf-schema#AI_1956","MERCAPTOPURINA","http://purl.bioontology.org/ontology/ATC/L01BB02","C0000618","T121","http://purl.bioontology.org/ontology/ATC/L01BB","Purine analogs, antimetabolites antineoplastic","Purine analogues"
"http://healdb.org/rdf-schema#AI_196","ALOPURINOL","http://purl.bioontology.org/ontology/ATC/M04AA01","C0002144","T109","http://purl.bioontology.org/ontology/ATC/M04AA","Preparations inhibiting uric acid production",
"http://healdb.org/rdf-schema#AI_196","ALOPURINOL","http://purl.bioontology.org/ontology/ATC/M04AA01","C0002144","T121","http://purl.bioontology.org/ontology/ATC/M04AA","Preparations inhibiting uric acid production",
"http://healdb.org/rdf-schema#AI_1961","HEMINA","http://purl.bioontology.org/ontology/ATC/B06AB01","C0018988","T109","http://purl.bioontology.org/ontology/ATC/B06AB","Heme products",
"http://healdb.org/rdf-schema#AI_1961","HEMINA","http://purl.bioontology.org/ontology/ATC/B06AB01","C0018988","T121","http://purl.bioontology.org/ontology/ATC/B06AB","Heme products",
"http://healdb.org/rdf-schema#AI_1961","HEMINA","http://purl.bioontology.org/ontology/ATC/B06AB01","C0018988","T123","http://purl.bioontology.org/ontology/ATC/B06AB","Heme products",
"http://healdb.org/rdf-schema#AI_1962","ERENUMABE","http://purl.bioontology.org/ontology/ATC/N02CD01","C4542165","T116","http://purl.bioontology.org/ontology/ATC/N02CD","Calcitonin gene-related peptide (CGRP) antagonists",
"http://healdb.org/rdf-schema#AI_1962","ERENUMABE","http://purl.bioontology.org/ontology/ATC/N02CD01","C4542165","T121","http://purl.bioontology.org/ontology/ATC/N02CD","Calcitonin gene-related peptide (CGRP) antagonists",
"http://healdb.org/rdf-schema#AI_1962","ERENUMABE","http://purl.bioontology.org/ontology/ATC/N02CD01","C4542165","T129","http://purl.bioontology.org/ontology/ATC/N02CD","Calcitonin gene-related peptide (CGRP) antagonists",
"http://healdb.org/rdf-schema#AI_1965","ETEXILATO DE DABIGATRANA","http://purl.bioontology.org/ontology/ATC/B01AE07","C1571583","T109","http://purl.bioontology.org/ontology/ATC/B01AE","Direct thrombin inhibitors",
"http://healdb.org/rdf-schema#AI_1965","ETEXILATO DE DABIGATRANA","http://purl.bioontology.org/ontology/ATC/B01AE07","C1571583","T121","http://purl.bioontology.org/ontology/ATC/B01AE","Direct thrombin inhibitors",
"http://healdb.org/rdf-schema#AI_1967","CEPHAELIS IPECACHUANHA RICH.","http://purl.bioontology.org/ontology/ATC/R05CA04","C0022046","T109","http://purl.bioontology.org/ontology/ATC/R05CA","Expectorants",
"http://healdb.org/rdf-schema#AI_1967","CEPHAELIS IPECACHUANHA RICH.","http://purl.bioontology.org/ontology/ATC/R05CA04","C0022046","T121","http://purl.bioontology.org/ontology/ATC/R05CA","Expectorants",
"http://healdb.org/rdf-schema#AI_1967","CEPHAELIS IPECACHUANHA RICH.","http://purl.bioontology.org/ontology/ATC/V03AB01","C0022046","T109","http://purl.bioontology.org/ontology/ATC/V03AB","Antidotes",
"http://healdb.org/rdf-schema#AI_1967","CEPHAELIS IPECACHUANHA RICH.","http://purl.bioontology.org/ontology/ATC/V03AB01","C0022046","T121","http://purl.bioontology.org/ontology/ATC/V03AB","Antidotes",
"http://healdb.org/rdf-schema#AI_1969","TRIETANOLAMINA","http://purl.bioontology.org/ontology/ATC/D03AX12","C0077089","T109","http://purl.bioontology.org/ontology/ATC/D03AX","Other cicatrizants in ATC","Other cicatrizants"
"http://healdb.org/rdf-schema#AI_1969","TRIETANOLAMINA","http://purl.bioontology.org/ontology/ATC/D03AX12","C0077089","T121","http://purl.bioontology.org/ontology/ATC/D03AX","Other cicatrizants in ATC","Other cicatrizants"
"http://healdb.org/rdf-schema#AI_1970","COLESTIRAMINA","http://purl.bioontology.org/ontology/ATC/C10AC01","C0008402","T109","http://purl.bioontology.org/ontology/ATC/C10AC","Bile acid sequestrants",
"http://healdb.org/rdf-schema#AI_1970","COLESTIRAMINA","http://purl.bioontology.org/ontology/ATC/C10AC01","C0008402","T121","http://purl.bioontology.org/ontology/ATC/C10AC","Bile acid sequestrants",
"http://healdb.org/rdf-schema#AI_1972","RAMELTEONA","http://purl.bioontology.org/ontology/ATC/N05CH02","C1565316","T109","http://purl.bioontology.org/ontology/ATC/N05CH","Melatonin receptor agonists, hypnotics and sedatives","Melatonin receptor agonists"
"http://healdb.org/rdf-schema#AI_1972","RAMELTEONA","http://purl.bioontology.org/ontology/ATC/N05CH02","C1565316","T121","http://purl.bioontology.org/ontology/ATC/N05CH","Melatonin receptor agonists, hypnotics and sedatives","Melatonin receptor agonists"
"http://healdb.org/rdf-schema#AI_1973","RANITIDINA","http://purl.bioontology.org/ontology/ATC/A02BA02","C0034665","T109","http://purl.bioontology.org/ontology/ATC/A02BA","H2-receptor antagonists",
"http://healdb.org/rdf-schema#AI_1973","RANITIDINA","http://purl.bioontology.org/ontology/ATC/A02BA02","C0034665","T121","http://purl.bioontology.org/ontology/ATC/A02BA","H2-receptor antagonists",
"http://healdb.org/rdf-schema#AI_1974","SIROLIMO","http://purl.bioontology.org/ontology/ATC/L01EG04","C0072980","T109","http://purl.bioontology.org/ontology/ATC/L01EG","Mammalian target of rapamycin (mTOR) kinase inhibitors (L01EG)","Mammalian target of rapamycin (mTOR) kinase inhibitors"
"http://healdb.org/rdf-schema#AI_1974","SIROLIMO","http://purl.bioontology.org/ontology/ATC/L01EG04","C0072980","T195","http://purl.bioontology.org/ontology/ATC/L01EG","Mammalian target of rapamycin (mTOR) kinase inhibitors (L01EG)","Mammalian target of rapamycin (mTOR) kinase inhibitors"
"http://healdb.org/rdf-schema#AI_1974","SIROLIMO","http://purl.bioontology.org/ontology/ATC/L04AH01","C0072980","T109","http://purl.bioontology.org/ontology/ATC/L04AH","Mammalian target of rapamycin (mTOR) kinase inhibitors (L04AH)","Mammalian target of rapamycin (mTOR) kinase inhibitors"
"http://healdb.org/rdf-schema#AI_1974","SIROLIMO","http://purl.bioontology.org/ontology/ATC/L04AH01","C0072980","T195","http://purl.bioontology.org/ontology/ATC/L04AH","Mammalian target of rapamycin (mTOR) kinase inhibitors (L04AH)","Mammalian target of rapamycin (mTOR) kinase inhibitors"
"http://healdb.org/rdf-schema#AI_1974","SIROLIMO","http://purl.bioontology.org/ontology/ATC/S01XA23","C0072980","T109","http://purl.bioontology.org/ontology/ATC/S01XA","Other ophthalmologicals in ATC","Other ophthalmologicals"
"http://healdb.org/rdf-schema#AI_1974","SIROLIMO","http://purl.bioontology.org/ontology/ATC/S01XA23","C0072980","T195","http://purl.bioontology.org/ontology/ATC/S01XA","Other ophthalmologicals in ATC","Other ophthalmologicals"
"http://healdb.org/rdf-schema#AI_1975","LUSPATERCEPTE","http://purl.bioontology.org/ontology/ATC/B03XA06","C4086553","T116","http://purl.bioontology.org/ontology/ATC/B03XA","Other antianemic preparations in ATC","Other antianemic preparations"
"http://healdb.org/rdf-schema#AI_1975","LUSPATERCEPTE","http://purl.bioontology.org/ontology/ATC/B03XA06","C4086553","T121","http://purl.bioontology.org/ontology/ATC/B03XA","Other antianemic preparations in ATC","Other antianemic preparations"
"http://healdb.org/rdf-schema#AI_1978","DONEPEZILA","http://purl.bioontology.org/ontology/ATC/N06DA02","C0527316","T109","http://purl.bioontology.org/ontology/ATC/N06DA","Anticholinesterase anti-dementia drugs","Anticholinesterases"
"http://healdb.org/rdf-schema#AI_1978","DONEPEZILA","http://purl.bioontology.org/ontology/ATC/N06DA02","C0527316","T121","http://purl.bioontology.org/ontology/ATC/N06DA","Anticholinesterase anti-dementia drugs","Anticholinesterases"
"http://healdb.org/rdf-schema#AI_1985","CITRATO FÉRRICO AMONIACAL","http://purl.bioontology.org/ontology/ATC/V08CA07","C0060228","T121","http://purl.bioontology.org/ontology/ATC/V08CA","Paramagnetic contrast media",
"http://healdb.org/rdf-schema#AI_1985","CITRATO FÉRRICO AMONIACAL","http://purl.bioontology.org/ontology/ATC/V08CA07","C0060228","T123","http://purl.bioontology.org/ontology/ATC/V08CA","Paramagnetic contrast media",
"http://healdb.org/rdf-schema#AI_1988","ZANAMIVIR","http://purl.bioontology.org/ontology/ATC/J05AH01","C0216660","T109","http://purl.bioontology.org/ontology/ATC/J05AH","Neuraminidase inhibitors, direct acting antivirals","Neuraminidase inhibitors"
"http://healdb.org/rdf-schema#AI_1988","ZANAMIVIR","http://purl.bioontology.org/ontology/ATC/J05AH01","C0216660","T121","http://purl.bioontology.org/ontology/ATC/J05AH","Neuraminidase inhibitors, direct acting antivirals","Neuraminidase inhibitors"
"http://healdb.org/rdf-schema#AI_1992","EVOLOCUMABE","http://purl.bioontology.org/ontology/ATC/C10AX13","C3529352","T116","http://purl.bioontology.org/ontology/ATC/C10AX","Other lipid modifying agents in ATC","Other lipid modifying agents"
"http://healdb.org/rdf-schema#AI_1992","EVOLOCUMABE","http://purl.bioontology.org/ontology/ATC/C10AX13","C3529352","T121","http://purl.bioontology.org/ontology/ATC/C10AX","Other lipid modifying agents in ATC","Other lipid modifying agents"
"http://healdb.org/rdf-schema#AI_1992","EVOLOCUMABE","http://purl.bioontology.org/ontology/ATC/C10AX13","C3529352","T129","http://purl.bioontology.org/ontology/ATC/C10AX","Other lipid modifying agents in ATC","Other lipid modifying agents"
"http://healdb.org/rdf-schema#AI_1995","PRUCALOPRIDA","http://purl.bioontology.org/ontology/ATC/A06AX05","C0913506","T109","http://purl.bioontology.org/ontology/ATC/A06AX","Other drugs for constipation in ATC","Other drugs for constipation"
"http://healdb.org/rdf-schema#AI_1995","PRUCALOPRIDA","http://purl.bioontology.org/ontology/ATC/A06AX05","C0913506","T121","http://purl.bioontology.org/ontology/ATC/A06AX","Other drugs for constipation in ATC","Other drugs for constipation"
"http://healdb.org/rdf-schema#AI_1996","TENOXICAM","http://purl.bioontology.org/ontology/ATC/M01AC02","C0076096","T109","http://purl.bioontology.org/ontology/ATC/M01AC","Oxicams, antiinflammatory and antirheumatic drugs","Oxicams"
"http://healdb.org/rdf-schema#AI_1996","TENOXICAM","http://purl.bioontology.org/ontology/ATC/M01AC02","C0076096","T121","http://purl.bioontology.org/ontology/ATC/M01AC","Oxicams, antiinflammatory and antirheumatic drugs","Oxicams"
"http://healdb.org/rdf-schema#AI_1997","TEDUGLUTIDA","http://purl.bioontology.org/ontology/ATC/A16AX08","C1530889","T116","http://purl.bioontology.org/ontology/ATC/A16AX","Various alimentary tract and metabolism products",
"http://healdb.org/rdf-schema#AI_1997","TEDUGLUTIDA","http://purl.bioontology.org/ontology/ATC/A16AX08","C1530889","T121","http://purl.bioontology.org/ontology/ATC/A16AX","Various alimentary tract and metabolism products",
"http://healdb.org/rdf-schema#AI_1998","LENALIDOMIDA","http://purl.bioontology.org/ontology/ATC/L04AX04","C1144149","T109","http://purl.bioontology.org/ontology/ATC/L04AX","Other immunosuppressants in ATC","Other immunosuppressants"
"http://healdb.org/rdf-schema#AI_1998","LENALIDOMIDA","http://purl.bioontology.org/ontology/ATC/L04AX04","C1144149","T121","http://purl.bioontology.org/ontology/ATC/L04AX","Other immunosuppressants in ATC","Other immunosuppressants"
"http://healdb.org/rdf-schema#AI_2002","RIBAVIRINA","http://purl.bioontology.org/ontology/ATC/J05AP01","C0035525","T114","http://purl.bioontology.org/ontology/ATC/J05AP","Antivirals for treatment of HCV infections",
"http://healdb.org/rdf-schema#AI_2002","RIBAVIRINA","http://purl.bioontology.org/ontology/ATC/J05AP01","C0035525","T121","http://purl.bioontology.org/ontology/ATC/J05AP","Antivirals for treatment of HCV infections",
"http://healdb.org/rdf-schema#AI_2005","RIFAMICINA","http://purl.bioontology.org/ontology/ATC/S02AA12","C0073371","T109","http://purl.bioontology.org/ontology/ATC/S02AA","Antiinfectives",
"http://healdb.org/rdf-schema#AI_2005","RIFAMICINA","http://purl.bioontology.org/ontology/ATC/S02AA12","C0073371","T195","http://purl.bioontology.org/ontology/ATC/S02AA","Antiinfectives",
"http://healdb.org/rdf-schema#AI_2005","RIFAMICINA","http://purl.bioontology.org/ontology/ATC/A07AA13","C0073371","T109","http://purl.bioontology.org/ontology/ATC/A07AA","antibiotics, intestinal","Antibiotics"
"http://healdb.org/rdf-schema#AI_2005","RIFAMICINA","http://purl.bioontology.org/ontology/ATC/A07AA13","C0073371","T195","http://purl.bioontology.org/ontology/ATC/A07AA","antibiotics, intestinal","Antibiotics"
"http://healdb.org/rdf-schema#AI_2005","RIFAMICINA","http://purl.bioontology.org/ontology/ATC/J04AB03","C0073371","T109","http://purl.bioontology.org/ontology/ATC/J04AB","Antibiotics, Antitubercular","Antibiotics"
"http://healdb.org/rdf-schema#AI_2005","RIFAMICINA","http://purl.bioontology.org/ontology/ATC/J04AB03","C0073371","T195","http://purl.bioontology.org/ontology/ATC/J04AB","Antibiotics, Antitubercular","Antibiotics"
"http://healdb.org/rdf-schema#AI_2005","RIFAMICINA","http://purl.bioontology.org/ontology/ATC/S01AA16","C0073371","T109","http://purl.bioontology.org/ontology/ATC/S01AA","Antibiotics, ophthalmologic","Antibiotics"
"http://healdb.org/rdf-schema#AI_2005","RIFAMICINA","http://purl.bioontology.org/ontology/ATC/S01AA16","C0073371","T195","http://purl.bioontology.org/ontology/ATC/S01AA","Antibiotics, ophthalmologic","Antibiotics"
"http://healdb.org/rdf-schema#AI_2005","RIFAMICINA","http://purl.bioontology.org/ontology/ATC/D06AX15","C0073371","T109","http://purl.bioontology.org/ontology/ATC/D06AX","Other antibiotics for topical use in ATC","Other antibiotics for topical use"
"http://healdb.org/rdf-schema#AI_2005","RIFAMICINA","http://purl.bioontology.org/ontology/ATC/D06AX15","C0073371","T195","http://purl.bioontology.org/ontology/ATC/D06AX","Other antibiotics for topical use in ATC","Other antibiotics for topical use"
"http://healdb.org/rdf-schema#AI_201","FATOR DE VON WILLEBRAND","http://purl.bioontology.org/ontology/ATC/B02BD10","C0042971","T116","http://purl.bioontology.org/ontology/ATC/B02BD","Blood coagulation factors",
"http://healdb.org/rdf-schema#AI_201","FATOR DE VON WILLEBRAND","http://purl.bioontology.org/ontology/ATC/B02BD10","C0042971","T121","http://purl.bioontology.org/ontology/ATC/B02BD","Blood coagulation factors",
"http://healdb.org/rdf-schema#AI_201","FATOR DE VON WILLEBRAND","http://purl.bioontology.org/ontology/ATC/B02BD10","C0042971","T123","http://purl.bioontology.org/ontology/ATC/B02BD","Blood coagulation factors",
"http://healdb.org/rdf-schema#AI_2010","MAGALDRATO","http://purl.bioontology.org/ontology/ATC/A02AD02","C0065512","T121","http://purl.bioontology.org/ontology/ATC/A02AD","antacids containing combinations and complexes of aluminium, calcium and magnesium compounds","Combinations and complexes of aluminium, calcium and magnesium compounds"
"http://healdb.org/rdf-schema#AI_2010","MAGALDRATO","http://purl.bioontology.org/ontology/ATC/A02AD02","C0065512","T197","http://purl.bioontology.org/ontology/ATC/A02AD","antacids containing combinations and complexes of aluminium, calcium and magnesium compounds","Combinations and complexes of aluminium, calcium and magnesium compounds"
"http://healdb.org/rdf-schema#AI_2012","ALFAINTERFERONA 2A","http://purl.bioontology.org/ontology/ATC/L03AB04","C0021734","T116","http://purl.bioontology.org/ontology/ATC/L03AB","Interferons",
"http://healdb.org/rdf-schema#AI_2012","ALFAINTERFERONA 2A","http://purl.bioontology.org/ontology/ATC/L03AB04","C0021734","T121","http://purl.bioontology.org/ontology/ATC/L03AB","Interferons",
"http://healdb.org/rdf-schema#AI_2012","ALFAINTERFERONA 2A","http://purl.bioontology.org/ontology/ATC/L03AB04","C0021734","T129","http://purl.bioontology.org/ontology/ATC/L03AB","Interferons",
"http://healdb.org/rdf-schema#AI_2013","FLUNITRAZEPAM","http://purl.bioontology.org/ontology/ATC/N05CD03","C0016296","T109","http://purl.bioontology.org/ontology/ATC/N05CD","Benzodiazepine derivative hypnotics and sedatives","Benzodiazepine derivatives"
"http://healdb.org/rdf-schema#AI_2013","FLUNITRAZEPAM","http://purl.bioontology.org/ontology/ATC/N05CD03","C0016296","T121","http://purl.bioontology.org/ontology/ATC/N05CD","Benzodiazepine derivative hypnotics and sedatives","Benzodiazepine derivatives"
"http://healdb.org/rdf-schema#AI_2013","FLUNITRAZEPAM","http://purl.bioontology.org/ontology/ATC/N05CD03","C0016296","T131","http://purl.bioontology.org/ontology/ATC/N05CD","Benzodiazepine derivative hypnotics and sedatives","Benzodiazepine derivatives"
"http://healdb.org/rdf-schema#AI_2026","ESPIRAMICINA","http://purl.bioontology.org/ontology/ATC/J01FA02","C0037962","T109","http://purl.bioontology.org/ontology/ATC/J01FA","Macrolides",
"http://healdb.org/rdf-schema#AI_2026","ESPIRAMICINA","http://purl.bioontology.org/ontology/ATC/J01FA02","C0037962","T195","http://purl.bioontology.org/ontology/ATC/J01FA","Macrolides",
"http://healdb.org/rdf-schema#AI_2027","ROXITROMICINA","http://purl.bioontology.org/ontology/ATC/J01FA06","C0035891","T109","http://purl.bioontology.org/ontology/ATC/J01FA","Macrolides",
"http://healdb.org/rdf-schema#AI_2027","ROXITROMICINA","http://purl.bioontology.org/ontology/ATC/J01FA06","C0035891","T195","http://purl.bioontology.org/ontology/ATC/J01FA","Macrolides",
"http://healdb.org/rdf-schema#AI_2032","AMIVANTAMABE","http://purl.bioontology.org/ontology/ATC/L01FX18","C5446297","T116","http://purl.bioontology.org/ontology/ATC/L01FX","Other monoclonal antibodies and antibody drug conjugates in ATC","Other monoclonal antibodies and antibody drug conjugates"
"http://healdb.org/rdf-schema#AI_2032","AMIVANTAMABE","http://purl.bioontology.org/ontology/ATC/L01FX18","C5446297","T121","http://purl.bioontology.org/ontology/ATC/L01FX","Other monoclonal antibodies and antibody drug conjugates in ATC","Other monoclonal antibodies and antibody drug conjugates"
"http://healdb.org/rdf-schema#AI_2032","AMIVANTAMABE","http://purl.bioontology.org/ontology/ATC/L01FX18","C5446297","T129","http://purl.bioontology.org/ontology/ATC/L01FX","Other monoclonal antibodies and antibody drug conjugates in ATC","Other monoclonal antibodies and antibody drug conjugates"
"http://healdb.org/rdf-schema#AI_2034","ALFAGALSIDASE","http://purl.bioontology.org/ontology/ATC/A16AB03","C0962517","T116","http://purl.bioontology.org/ontology/ATC/A16AB","Enzymes for ALIMENTARY TRACT AND METABOLISM","Enzymes"
"http://healdb.org/rdf-schema#AI_2034","ALFAGALSIDASE","http://purl.bioontology.org/ontology/ATC/A16AB03","C0962517","T121","http://purl.bioontology.org/ontology/ATC/A16AB","Enzymes for ALIMENTARY TRACT AND METABOLISM","Enzymes"
"http://healdb.org/rdf-schema#AI_2034","ALFAGALSIDASE","http://purl.bioontology.org/ontology/ATC/A16AB03","C0962517","T126","http://purl.bioontology.org/ontology/ATC/A16AB","Enzymes for ALIMENTARY TRACT AND METABOLISM","Enzymes"
"http://healdb.org/rdf-schema#AI_2035","BREXPIPRAZOL","http://purl.bioontology.org/ontology/ATC/N05AX16","C3885614","T109","http://purl.bioontology.org/ontology/ATC/N05AX","Other antipsychotics in ATC","Other antipsychotics"
"http://healdb.org/rdf-schema#AI_2035","BREXPIPRAZOL","http://purl.bioontology.org/ontology/ATC/N05AX16","C3885614","T121","http://purl.bioontology.org/ontology/ATC/N05AX","Other antipsychotics in ATC","Other antipsychotics"
"http://healdb.org/rdf-schema#AI_2036","RANOLAZINA","http://purl.bioontology.org/ontology/ATC/C01EB18","C0073633","T109","http://purl.bioontology.org/ontology/ATC/C01EB","Other plain cardiac preparations in ATC","Other cardiac preparations"
"http://healdb.org/rdf-schema#AI_2036","RANOLAZINA","http://purl.bioontology.org/ontology/ATC/C01EB18","C0073633","T121","http://purl.bioontology.org/ontology/ATC/C01EB","Other plain cardiac preparations in ATC","Other cardiac preparations"
"http://healdb.org/rdf-schema#AI_2037","MIDOSTAURINA","http://purl.bioontology.org/ontology/ATC/L01EX10","C0526371","T109","http://purl.bioontology.org/ontology/ATC/L01EX","Other protein kinase inhibitors in ATC","Other protein kinase inhibitors"
"http://healdb.org/rdf-schema#AI_2037","MIDOSTAURINA","http://purl.bioontology.org/ontology/ATC/L01EX10","C0526371","T121","http://purl.bioontology.org/ontology/ATC/L01EX","Other protein kinase inhibitors in ATC","Other protein kinase inhibitors"
"http://healdb.org/rdf-schema#AI_2038","VIGABATRINA","http://purl.bioontology.org/ontology/ATC/N03AG04","C0048044","T116","http://purl.bioontology.org/ontology/ATC/N03AG","Fatty acid derivatives, antiepileptics","Fatty acid derivatives"
"http://healdb.org/rdf-schema#AI_2038","VIGABATRINA","http://purl.bioontology.org/ontology/ATC/N03AG04","C0048044","T121","http://purl.bioontology.org/ontology/ATC/N03AG","Fatty acid derivatives, antiepileptics","Fatty acid derivatives"
"http://healdb.org/rdf-schema#AI_2038","VIGABATRINA","http://purl.bioontology.org/ontology/ATC/N03AG04","C0048044","T123","http://purl.bioontology.org/ontology/ATC/N03AG","Fatty acid derivatives, antiepileptics","Fatty acid derivatives"
"http://healdb.org/rdf-schema#AI_2039","SACARATO DE ÓXIDO FÉRRICO","http://purl.bioontology.org/ontology/ATC/B03AB02","C0060241","T109","http://purl.bioontology.org/ontology/ATC/B03AB","Iron trivalent, oral antianemic preparations","Iron trivalent, oral preparations"
"http://healdb.org/rdf-schema#AI_2039","SACARATO DE ÓXIDO FÉRRICO","http://purl.bioontology.org/ontology/ATC/B03AB02","C0060241","T121","http://purl.bioontology.org/ontology/ATC/B03AB","Iron trivalent, oral antianemic preparations","Iron trivalent, oral preparations"
"http://healdb.org/rdf-schema#AI_204","ALPROSTADIL","http://purl.bioontology.org/ontology/ATC/G04BE01","C0002335","T109","http://purl.bioontology.org/ontology/ATC/G04BE","Drugs used in erectile dysfunction",
"http://healdb.org/rdf-schema#AI_204","ALPROSTADIL","http://purl.bioontology.org/ontology/ATC/G04BE01","C0002335","T121","http://purl.bioontology.org/ontology/ATC/G04BE","Drugs used in erectile dysfunction",
"http://healdb.org/rdf-schema#AI_204","ALPROSTADIL","http://purl.bioontology.org/ontology/ATC/C01EA01","C0002335","T109","http://purl.bioontology.org/ontology/ATC/C01EA","Prostaglandin cardiac therapy preparations","Prostaglandins"
"http://healdb.org/rdf-schema#AI_204","ALPROSTADIL","http://purl.bioontology.org/ontology/ATC/C01EA01","C0002335","T121","http://purl.bioontology.org/ontology/ATC/C01EA","Prostaglandin cardiac therapy preparations","Prostaglandins"
"http://healdb.org/rdf-schema#AI_2040","TAFLUPROSTA","http://purl.bioontology.org/ontology/ATC/S01EE05","C1451502","T109","http://purl.bioontology.org/ontology/ATC/S01EE","Prostaglandin analogues, antiglaucoma drugs and miotics","Prostaglandin analogues"
"http://healdb.org/rdf-schema#AI_2040","TAFLUPROSTA","http://purl.bioontology.org/ontology/ATC/S01EE05","C1451502","T121","http://purl.bioontology.org/ontology/ATC/S01EE","Prostaglandin analogues, antiglaucoma drugs and miotics","Prostaglandin analogues"
"http://healdb.org/rdf-schema#AI_2043","SAMÁRIO 153SM LEXIDRONAM","http://purl.bioontology.org/ontology/ATC/V10BX02","C0772051","T109","http://purl.bioontology.org/ontology/ATC/V10BX","Various pain palliation radiopharmaceuticals",
"http://healdb.org/rdf-schema#AI_2043","SAMÁRIO 153SM LEXIDRONAM","http://purl.bioontology.org/ontology/ATC/V10BX02","C0772051","T121","http://purl.bioontology.org/ontology/ATC/V10BX","Various pain palliation radiopharmaceuticals",
"http://healdb.org/rdf-schema#AI_2043","SAMÁRIO 153SM LEXIDRONAM","http://purl.bioontology.org/ontology/ATC/V10BX02","C0772051","T130","http://purl.bioontology.org/ontology/ATC/V10BX","Various pain palliation radiopharmaceuticals",
"http://healdb.org/rdf-schema#AI_2045","LIRAGLUTIDA","http://purl.bioontology.org/ontology/ATC/A10BJ02","C1456408","T116","http://purl.bioontology.org/ontology/ATC/A10BJ","Glucagon-like peptide-1 (GLP-1) analogues",
"http://healdb.org/rdf-schema#AI_2045","LIRAGLUTIDA","http://purl.bioontology.org/ontology/ATC/A10BJ02","C1456408","T121","http://purl.bioontology.org/ontology/ATC/A10BJ","Glucagon-like peptide-1 (GLP-1) analogues",
"http://healdb.org/rdf-schema#AI_2045","LIRAGLUTIDA","http://purl.bioontology.org/ontology/ATC/A10BJ02","C1456408","T125","http://purl.bioontology.org/ontology/ATC/A10BJ","Glucagon-like peptide-1 (GLP-1) analogues",
"http://healdb.org/rdf-schema#AI_2046","CALCITONINA SINTÉTICA DE SALMÃO","http://purl.bioontology.org/ontology/ATC/H05BA01","C0073994","T116","http://purl.bioontology.org/ontology/ATC/H05BA","Calcitonin preparations",
"http://healdb.org/rdf-schema#AI_2046","CALCITONINA SINTÉTICA DE SALMÃO","http://purl.bioontology.org/ontology/ATC/H05BA01","C0073994","T121","http://purl.bioontology.org/ontology/ATC/H05BA","Calcitonin preparations",
"http://healdb.org/rdf-schema#AI_2046","CALCITONINA SINTÉTICA DE SALMÃO","http://purl.bioontology.org/ontology/ATC/H05BA01","C0073994","T125","http://purl.bioontology.org/ontology/ATC/H05BA","Calcitonin preparations",
"http://healdb.org/rdf-schema#AI_2047","TELBIVUDINA","http://purl.bioontology.org/ontology/ATC/J05AF11","C1453933","T114","http://purl.bioontology.org/ontology/ATC/J05AF","Nucleoside and nucleotide reverse transcriptase inhibitors",
"http://healdb.org/rdf-schema#AI_2047","TELBIVUDINA","http://purl.bioontology.org/ontology/ATC/J05AF11","C1453933","T121","http://purl.bioontology.org/ontology/ATC/J05AF","Nucleoside and nucleotide reverse transcriptase inhibitors",
"http://healdb.org/rdf-schema#AI_205","DECITABINA","http://purl.bioontology.org/ontology/ATC/L01BC08","C0049065","T114","http://purl.bioontology.org/ontology/ATC/L01BC","Pyrimidine analogues, antineoplastic antimetabolites","Pyrimidine analogues"
"http://healdb.org/rdf-schema#AI_205","DECITABINA","http://purl.bioontology.org/ontology/ATC/L01BC08","C0049065","T121","http://purl.bioontology.org/ontology/ATC/L01BC","Pyrimidine analogues, antineoplastic antimetabolites","Pyrimidine analogues"
"http://healdb.org/rdf-schema#AI_2050","DEXTRANA 70 (99M TC)","http://purl.bioontology.org/ontology/ATC/B05AA05","C0086140","T109","http://purl.bioontology.org/ontology/ATC/B05AA","Blood substitutes and plasma protein fractions",
"http://healdb.org/rdf-schema#AI_2050","DEXTRANA 70 (99M TC)","http://purl.bioontology.org/ontology/ATC/B05AA05","C0086140","T121","http://purl.bioontology.org/ontology/ATC/B05AA","Blood substitutes and plasma protein fractions",
"http://healdb.org/rdf-schema#AI_2053","NICERGOLINA","http://purl.bioontology.org/ontology/ATC/C04AE02","C0028008","T109","http://purl.bioontology.org/ontology/ATC/C04AE","Ergot alkaloid peripheral vasodilators","Ergot alkaloids"
"http://healdb.org/rdf-schema#AI_2053","NICERGOLINA","http://purl.bioontology.org/ontology/ATC/C04AE02","C0028008","T121","http://purl.bioontology.org/ontology/ATC/C04AE","Ergot alkaloid peripheral vasodilators","Ergot alkaloids"
"http://healdb.org/rdf-schema#AI_2056","ALFACALCIDOL","http://purl.bioontology.org/ontology/ATC/A11CC03","C0044410","T109","http://purl.bioontology.org/ontology/ATC/A11CC","Vitamin D and analogues",
"http://healdb.org/rdf-schema#AI_2056","ALFACALCIDOL","http://purl.bioontology.org/ontology/ATC/A11CC03","C0044410","T121","http://purl.bioontology.org/ontology/ATC/A11CC","Vitamin D and analogues",
"http://healdb.org/rdf-schema#AI_2056","ALFACALCIDOL","http://purl.bioontology.org/ontology/ATC/A11CC03","C0044410","T127","http://purl.bioontology.org/ontology/ATC/A11CC","Vitamin D and analogues",
"http://healdb.org/rdf-schema#AI_2057","LEVOSIMENDANA","http://purl.bioontology.org/ontology/ATC/C01CX08","C0246904","T109","http://purl.bioontology.org/ontology/ATC/C01CX","Other cardiac stimulants in ATC","Other cardiac stimulants"
"http://healdb.org/rdf-schema#AI_2057","LEVOSIMENDANA","http://purl.bioontology.org/ontology/ATC/C01CX08","C0246904","T121","http://purl.bioontology.org/ontology/ATC/C01CX","Other cardiac stimulants in ATC","Other cardiac stimulants"
"http://healdb.org/rdf-schema#AI_2058","BASILIXIMABE","http://purl.bioontology.org/ontology/ATC/L04AC02","C0676831","T116","http://purl.bioontology.org/ontology/ATC/L04AC","Interleukin inhibitors",
"http://healdb.org/rdf-schema#AI_2058","BASILIXIMABE","http://purl.bioontology.org/ontology/ATC/L04AC02","C0676831","T121","http://purl.bioontology.org/ontology/ATC/L04AC","Interleukin inhibitors",
"http://healdb.org/rdf-schema#AI_2058","BASILIXIMABE","http://purl.bioontology.org/ontology/ATC/L04AC02","C0676831","T129","http://purl.bioontology.org/ontology/ATC/L04AC","Interleukin inhibitors",
"http://healdb.org/rdf-schema#AI_2060","RISANQUIZUMABE","http://purl.bioontology.org/ontology/ATC/L04AC18","C4505511","T116","http://purl.bioontology.org/ontology/ATC/L04AC","Interleukin inhibitors",
"http://healdb.org/rdf-schema#AI_2060","RISANQUIZUMABE","http://purl.bioontology.org/ontology/ATC/L04AC18","C4505511","T121","http://purl.bioontology.org/ontology/ATC/L04AC","Interleukin inhibitors",
"http://healdb.org/rdf-schema#AI_2060","RISANQUIZUMABE","http://purl.bioontology.org/ontology/ATC/L04AC18","C4505511","T129","http://purl.bioontology.org/ontology/ATC/L04AC","Interleukin inhibitors",
"http://healdb.org/rdf-schema#AI_2062","AMISSULPRIDA","http://purl.bioontology.org/ontology/ATC/N05AL05","C0103045","T109","http://purl.bioontology.org/ontology/ATC/N05AL","Benzamide antipsychotics","Benzamides"
"http://healdb.org/rdf-schema#AI_2062","AMISSULPRIDA","http://purl.bioontology.org/ontology/ATC/N05AL05","C0103045","T121","http://purl.bioontology.org/ontology/ATC/N05AL","Benzamide antipsychotics","Benzamides"
"http://healdb.org/rdf-schema#AI_2063","LIXISENATIDA","http://purl.bioontology.org/ontology/ATC/A10BJ03","C2973895","T116","http://purl.bioontology.org/ontology/ATC/A10BJ","Glucagon-like peptide-1 (GLP-1) analogues",
"http://healdb.org/rdf-schema#AI_2063","LIXISENATIDA","http://purl.bioontology.org/ontology/ATC/A10BJ03","C2973895","T121","http://purl.bioontology.org/ontology/ATC/A10BJ","Glucagon-like peptide-1 (GLP-1) analogues",
"http://healdb.org/rdf-schema#AI_2064","ECULIZUMABE","http://purl.bioontology.org/ontology/ATC/L04AJ01","C1541483","T116","http://purl.bioontology.org/ontology/ATC/L04AJ","Complement inhibitors",
"http://healdb.org/rdf-schema#AI_2064","ECULIZUMABE","http://purl.bioontology.org/ontology/ATC/L04AJ01","C1541483","T121","http://purl.bioontology.org/ontology/ATC/L04AJ","Complement inhibitors",
"http://healdb.org/rdf-schema#AI_2064","ECULIZUMABE","http://purl.bioontology.org/ontology/ATC/L04AJ01","C1541483","T129","http://purl.bioontology.org/ontology/ATC/L04AJ","Complement inhibitors",
"http://healdb.org/rdf-schema#AI_2066","GLICINATO DE ALUMÍNIO","http://purl.bioontology.org/ontology/ATC/A02AB07","C0304541","T121","http://purl.bioontology.org/ontology/ATC/A02AB","antacids containing aluminium compounds","Aluminium compounds"
"http://healdb.org/rdf-schema#AI_2066","GLICINATO DE ALUMÍNIO","http://purl.bioontology.org/ontology/ATC/A02AB07","C0304541","T197","http://purl.bioontology.org/ontology/ATC/A02AB","antacids containing aluminium compounds","Aluminium compounds"
"http://healdb.org/rdf-schema#AI_2068","PEGVISOMANTO","http://purl.bioontology.org/ontology/ATC/H01AX01","C0913469","T116","http://purl.bioontology.org/ontology/ATC/H01AX","Other anterior pituitary lobe hormones and analogues in ATC","Other anterior pituitary lobe hormones and analogues"
"http://healdb.org/rdf-schema#AI_2068","PEGVISOMANTO","http://purl.bioontology.org/ontology/ATC/H01AX01","C0913469","T121","http://purl.bioontology.org/ontology/ATC/H01AX","Other anterior pituitary lobe hormones and analogues in ATC","Other anterior pituitary lobe hormones and analogues"
"http://healdb.org/rdf-schema#AI_2068","PEGVISOMANTO","http://purl.bioontology.org/ontology/ATC/H01AX01","C0913469","T125","http://purl.bioontology.org/ontology/ATC/H01AX","Other anterior pituitary lobe hormones and analogues in ATC","Other anterior pituitary lobe hormones and analogues"
"http://healdb.org/rdf-schema#AI_2069","HEXAFLUORETO DE ENXOFRE","http://purl.bioontology.org/ontology/ATC/V08DA05","C5227846","T130","http://purl.bioontology.org/ontology/ATC/V08DA","Ultrasound contrast media",
"http://healdb.org/rdf-schema#AI_2069","HEXAFLUORETO DE ENXOFRE","http://purl.bioontology.org/ontology/ATC/V08DA05","C5227846","T197","http://purl.bioontology.org/ontology/ATC/V08DA","Ultrasound contrast media",
"http://healdb.org/rdf-schema#AI_207","GLIMEPIRIDA","http://purl.bioontology.org/ontology/ATC/A10BB12","C0061323","T109","http://purl.bioontology.org/ontology/ATC/A10BB","Sulfonylureas for blood glucose lowering","Sulfonylureas"
"http://healdb.org/rdf-schema#AI_207","GLIMEPIRIDA","http://purl.bioontology.org/ontology/ATC/A10BB12","C0061323","T121","http://purl.bioontology.org/ontology/ATC/A10BB","Sulfonylureas for blood glucose lowering","Sulfonylureas"
"http://healdb.org/rdf-schema#AI_2070","TANSULOSINA","http://purl.bioontology.org/ontology/ATC/G04CA02","C0257343","T109","http://purl.bioontology.org/ontology/ATC/G04CA","Alpha-adrenoreceptor antagonists, benign prostatic hypertrophy","Alpha-adrenoreceptor antagonists"
"http://healdb.org/rdf-schema#AI_2070","TANSULOSINA","http://purl.bioontology.org/ontology/ATC/G04CA02","C0257343","T121","http://purl.bioontology.org/ontology/ATC/G04CA","Alpha-adrenoreceptor antagonists, benign prostatic hypertrophy","Alpha-adrenoreceptor antagonists"
"http://healdb.org/rdf-schema#AI_2071","IMUNOGLOBULINA ANTIRRÁBICA","http://purl.bioontology.org/ontology/ATC/J06BB05","C0301503","T116","http://purl.bioontology.org/ontology/ATC/J06BB","Specific immunoglobulins",
"http://healdb.org/rdf-schema#AI_2071","IMUNOGLOBULINA ANTIRRÁBICA","http://purl.bioontology.org/ontology/ATC/J06BB05","C0301503","T121","http://purl.bioontology.org/ontology/ATC/J06BB","Specific immunoglobulins",
"http://healdb.org/rdf-schema#AI_2071","IMUNOGLOBULINA ANTIRRÁBICA","http://purl.bioontology.org/ontology/ATC/J06BB05","C0301503","T129","http://purl.bioontology.org/ontology/ATC/J06BB","Specific immunoglobulins",
"http://healdb.org/rdf-schema#AI_208","TOPIRAMATO","http://purl.bioontology.org/ontology/ATC/N03AX11","C0076829","T109","http://purl.bioontology.org/ontology/ATC/N03AX","Other antiepileptics in ATC","Other antiepileptics"
"http://healdb.org/rdf-schema#AI_208","TOPIRAMATO","http://purl.bioontology.org/ontology/ATC/N03AX11","C0076829","T121","http://purl.bioontology.org/ontology/ATC/N03AX","Other antiepileptics in ATC","Other antiepileptics"
"http://healdb.org/rdf-schema#AI_2084","MAGNESIUM PHOSPHORICUM","http://purl.bioontology.org/ontology/ATC/B05XA10","C0065527","T121","http://purl.bioontology.org/ontology/ATC/B05XA","Electrolyte solutions",
"http://healdb.org/rdf-schema#AI_2084","MAGNESIUM PHOSPHORICUM","http://purl.bioontology.org/ontology/ATC/B05XA10","C0065527","T197","http://purl.bioontology.org/ontology/ATC/B05XA","Electrolyte solutions",
"http://healdb.org/rdf-schema#AI_209","ANFOTERICINA B","http://purl.bioontology.org/ontology/ATC/A01AB04","C0002679","T109","http://purl.bioontology.org/ontology/ATC/A01AB","Antiinfectives and antiseptics for local oral treatment",
"http://healdb.org/rdf-schema#AI_209","ANFOTERICINA B","http://purl.bioontology.org/ontology/ATC/A01AB04","C0002679","T195","http://purl.bioontology.org/ontology/ATC/A01AB","Antiinfectives and antiseptics for local oral treatment",
"http://healdb.org/rdf-schema#AI_209","ANFOTERICINA B","http://purl.bioontology.org/ontology/ATC/A07AA07","C0002679","T109","http://purl.bioontology.org/ontology/ATC/A07AA","antibiotics, intestinal","Antibiotics"
"http://healdb.org/rdf-schema#AI_209","ANFOTERICINA B","http://purl.bioontology.org/ontology/ATC/A07AA07","C0002679","T195","http://purl.bioontology.org/ontology/ATC/A07AA","antibiotics, intestinal","Antibiotics"
"http://healdb.org/rdf-schema#AI_209","ANFOTERICINA B","http://purl.bioontology.org/ontology/ATC/G01AA03","C0002679","T109","http://purl.bioontology.org/ontology/ATC/G01AA","Antibiotics, Gynecological","Antibiotics"
"http://healdb.org/rdf-schema#AI_209","ANFOTERICINA B","http://purl.bioontology.org/ontology/ATC/G01AA03","C0002679","T195","http://purl.bioontology.org/ontology/ATC/G01AA","Antibiotics, Gynecological","Antibiotics"
"http://healdb.org/rdf-schema#AI_209","ANFOTERICINA B","http://purl.bioontology.org/ontology/ATC/J02AA01","C0002679","T109","http://purl.bioontology.org/ontology/ATC/J02AA","Antibiotics for systemic use","Antibiotics"
"http://healdb.org/rdf-schema#AI_209","ANFOTERICINA B","http://purl.bioontology.org/ontology/ATC/J02AA01","C0002679","T195","http://purl.bioontology.org/ontology/ATC/J02AA","Antibiotics for systemic use","Antibiotics"
"http://healdb.org/rdf-schema#AI_2091","MODAFINILA","http://purl.bioontology.org/ontology/ATC/N06BA07","C0066677","T109","http://purl.bioontology.org/ontology/ATC/N06BA","Centrally acting sympathomimetics",
"http://healdb.org/rdf-schema#AI_2091","MODAFINILA","http://purl.bioontology.org/ontology/ATC/N06BA07","C0066677","T121","http://purl.bioontology.org/ontology/ATC/N06BA","Centrally acting sympathomimetics",
"http://healdb.org/rdf-schema#AI_2093","SOMATOSTATINA","http://purl.bioontology.org/ontology/ATC/H01CB01","C0037659","T116","http://purl.bioontology.org/ontology/ATC/H01CB","Somatostatin and analogues",
"http://healdb.org/rdf-schema#AI_2093","SOMATOSTATINA","http://purl.bioontology.org/ontology/ATC/H01CB01","C0037659","T121","http://purl.bioontology.org/ontology/ATC/H01CB","Somatostatin and analogues",
"http://healdb.org/rdf-schema#AI_2093","SOMATOSTATINA","http://purl.bioontology.org/ontology/ATC/H01CB01","C0037659","T125","http://purl.bioontology.org/ontology/ATC/H01CB","Somatostatin and analogues",
"http://healdb.org/rdf-schema#AI_21","BETACAROTENO","http://purl.bioontology.org/ontology/ATC/A11CA02","C0053396","T109","http://purl.bioontology.org/ontology/ATC/A11CA","Vitamin A, plain",
"http://healdb.org/rdf-schema#AI_21","BETACAROTENO","http://purl.bioontology.org/ontology/ATC/A11CA02","C0053396","T121","http://purl.bioontology.org/ontology/ATC/A11CA","Vitamin A, plain",
"http://healdb.org/rdf-schema#AI_21","BETACAROTENO","http://purl.bioontology.org/ontology/ATC/A11CA02","C0053396","T127","http://purl.bioontology.org/ontology/ATC/A11CA","Vitamin A, plain",
"http://healdb.org/rdf-schema#AI_21","BETACAROTENO","http://purl.bioontology.org/ontology/ATC/D02BB01","C0053396","T109","http://purl.bioontology.org/ontology/ATC/D02BB","Protectives against UV-radiation for systemic use",
"http://healdb.org/rdf-schema#AI_21","BETACAROTENO","http://purl.bioontology.org/ontology/ATC/D02BB01","C0053396","T121","http://purl.bioontology.org/ontology/ATC/D02BB","Protectives against UV-radiation for systemic use",
"http://healdb.org/rdf-schema#AI_21","BETACAROTENO","http://purl.bioontology.org/ontology/ATC/D02BB01","C0053396","T127","http://purl.bioontology.org/ontology/ATC/D02BB","Protectives against UV-radiation for systemic use",
"http://healdb.org/rdf-schema#AI_2101","FLURBIPROFENO","http://purl.bioontology.org/ontology/ATC/M02AA19","C0016377","T109","http://purl.bioontology.org/ontology/ATC/M02AA","Antiinflammatory preparations, non-steroids for topical use",
"http://healdb.org/rdf-schema#AI_2101","FLURBIPROFENO","http://purl.bioontology.org/ontology/ATC/M02AA19","C0016377","T121","http://purl.bioontology.org/ontology/ATC/M02AA","Antiinflammatory preparations, non-steroids for topical use",
"http://healdb.org/rdf-schema#AI_2101","FLURBIPROFENO","http://purl.bioontology.org/ontology/ATC/S01BC04","C0016377","T109","http://purl.bioontology.org/ontology/ATC/S01BC","Antiinflammatory agents, non-steroidal, ophthalmologic","Antiinflammatory agents, non-steroids"
"http://healdb.org/rdf-schema#AI_2101","FLURBIPROFENO","http://purl.bioontology.org/ontology/ATC/S01BC04","C0016377","T121","http://purl.bioontology.org/ontology/ATC/S01BC","Antiinflammatory agents, non-steroidal, ophthalmologic","Antiinflammatory agents, non-steroids"
"http://healdb.org/rdf-schema#AI_2101","FLURBIPROFENO","http://purl.bioontology.org/ontology/ATC/R02AX01","C0016377","T109","http://purl.bioontology.org/ontology/ATC/R02AX","Other throat preparations in ATC","Other throat preparations"
"http://healdb.org/rdf-schema#AI_2101","FLURBIPROFENO","http://purl.bioontology.org/ontology/ATC/R02AX01","C0016377","T121","http://purl.bioontology.org/ontology/ATC/R02AX","Other throat preparations in ATC","Other throat preparations"
"http://healdb.org/rdf-schema#AI_2101","FLURBIPROFENO","http://purl.bioontology.org/ontology/ATC/M01AE09","C0016377","T109","http://purl.bioontology.org/ontology/ATC/M01AE","Propionic acid derivatives, antiinflammatory and antirheumatic products","Propionic acid derivatives"
"http://healdb.org/rdf-schema#AI_2101","FLURBIPROFENO","http://purl.bioontology.org/ontology/ATC/M01AE09","C0016377","T121","http://purl.bioontology.org/ontology/ATC/M01AE","Propionic acid derivatives, antiinflammatory and antirheumatic products","Propionic acid derivatives"
"http://healdb.org/rdf-schema#AI_2103","FERRUM SULPHURICUM","http://purl.bioontology.org/ontology/ATC/B03AA07","C0060282","T121","http://purl.bioontology.org/ontology/ATC/B03AA","Iron bivalent, oral antianemic preparations","Iron bivalent, oral preparations"
"http://healdb.org/rdf-schema#AI_2103","FERRUM SULPHURICUM","http://purl.bioontology.org/ontology/ATC/B03AA07","C0060282","T197","http://purl.bioontology.org/ontology/ATC/B03AA","Iron bivalent, oral antianemic preparations","Iron bivalent, oral preparations"
"http://healdb.org/rdf-schema#AI_2106","SUCRALFATO","http://purl.bioontology.org/ontology/ATC/A02BX02","C0038633","T109","http://purl.bioontology.org/ontology/ATC/A02BX","Other drugs for peptic ulcer and gastro-oesophageal reflux disease (GORD) in ATC","Other drugs for peptic ulcer and gastro-oesophageal reflux disease (GORD)"
"http://healdb.org/rdf-schema#AI_2106","SUCRALFATO","http://purl.bioontology.org/ontology/ATC/A02BX02","C0038633","T121","http://purl.bioontology.org/ontology/ATC/A02BX","Other drugs for peptic ulcer and gastro-oesophageal reflux disease (GORD) in ATC","Other drugs for peptic ulcer and gastro-oesophageal reflux disease (GORD)"
"http://healdb.org/rdf-schema#AI_211","ADALIMUMABE","http://purl.bioontology.org/ontology/ATC/L04AB04","C1122087","T116","http://purl.bioontology.org/ontology/ATC/L04AB","Tumor necrosis factor alpha (TNF-alpha) inhibitors",
"http://healdb.org/rdf-schema#AI_211","ADALIMUMABE","http://purl.bioontology.org/ontology/ATC/L04AB04","C1122087","T121","http://purl.bioontology.org/ontology/ATC/L04AB","Tumor necrosis factor alpha (TNF-alpha) inhibitors",
"http://healdb.org/rdf-schema#AI_211","ADALIMUMABE","http://purl.bioontology.org/ontology/ATC/L04AB04","C1122087","T129","http://purl.bioontology.org/ontology/ATC/L04AB","Tumor necrosis factor alpha (TNF-alpha) inhibitors",
"http://healdb.org/rdf-schema#AI_2110","SULFATO CÚPRICO","http://purl.bioontology.org/ontology/ATC/V03AB20","C0056301","T121","http://purl.bioontology.org/ontology/ATC/V03AB","Antidotes",
"http://healdb.org/rdf-schema#AI_2110","SULFATO CÚPRICO","http://purl.bioontology.org/ontology/ATC/V03AB20","C0056301","T197","http://purl.bioontology.org/ontology/ATC/V03AB","Antidotes",
"http://healdb.org/rdf-schema#AI_2115","SAQUINAVIR","http://purl.bioontology.org/ontology/ATC/J05AE01","C0286738","T109","http://purl.bioontology.org/ontology/ATC/J05AE","Protease inhibitors, direct acting antivirals","Protease inhibitors"
"http://healdb.org/rdf-schema#AI_2115","SAQUINAVIR","http://purl.bioontology.org/ontology/ATC/J05AE01","C0286738","T121","http://purl.bioontology.org/ontology/ATC/J05AE","Protease inhibitors, direct acting antivirals","Protease inhibitors"
"http://healdb.org/rdf-schema#AI_2116","ESTAVUDINA","http://purl.bioontology.org/ontology/ATC/J05AF04","C0164662","T114","http://purl.bioontology.org/ontology/ATC/J05AF","Nucleoside and nucleotide reverse transcriptase inhibitors",
"http://healdb.org/rdf-schema#AI_2116","ESTAVUDINA","http://purl.bioontology.org/ontology/ATC/J05AF04","C0164662","T121","http://purl.bioontology.org/ontology/ATC/J05AF","Nucleoside and nucleotide reverse transcriptase inhibitors",
"http://healdb.org/rdf-schema#AI_2118","SILTUXIMABE","http://purl.bioontology.org/ontology/ATC/L04AC11","C1609931","T116","http://purl.bioontology.org/ontology/ATC/L04AC","Interleukin inhibitors",
"http://healdb.org/rdf-schema#AI_2118","SILTUXIMABE","http://purl.bioontology.org/ontology/ATC/L04AC11","C1609931","T121","http://purl.bioontology.org/ontology/ATC/L04AC","Interleukin inhibitors",
"http://healdb.org/rdf-schema#AI_2118","SILTUXIMABE","http://purl.bioontology.org/ontology/ATC/L04AC11","C1609931","T129","http://purl.bioontology.org/ontology/ATC/L04AC","Interleukin inhibitors",
"http://healdb.org/rdf-schema#AI_2119","PALIVIZUMABE","http://purl.bioontology.org/ontology/ATC/J06BD01","C0672596","T116","http://purl.bioontology.org/ontology/ATC/J06BD","Antiviral monoclonal antibodies",
"http://healdb.org/rdf-schema#AI_2119","PALIVIZUMABE","http://purl.bioontology.org/ontology/ATC/J06BD01","C0672596","T121","http://purl.bioontology.org/ontology/ATC/J06BD","Antiviral monoclonal antibodies",
"http://healdb.org/rdf-schema#AI_2119","PALIVIZUMABE","http://purl.bioontology.org/ontology/ATC/J06BD01","C0672596","T129","http://purl.bioontology.org/ontology/ATC/J06BD","Antiviral monoclonal antibodies",
"http://healdb.org/rdf-schema#AI_212","CIANOCOBALAMINA","http://purl.bioontology.org/ontology/ATC/B03BA01","C0042845","T109","http://purl.bioontology.org/ontology/ATC/B03BA","Vitamin B12 (cyanocobalamin and analogues)",
"http://healdb.org/rdf-schema#AI_212","CIANOCOBALAMINA","http://purl.bioontology.org/ontology/ATC/B03BA01","C0042845","T121","http://purl.bioontology.org/ontology/ATC/B03BA","Vitamin B12 (cyanocobalamin and analogues)",
"http://healdb.org/rdf-schema#AI_212","CIANOCOBALAMINA","http://purl.bioontology.org/ontology/ATC/B03BA01","C0042845","T127","http://purl.bioontology.org/ontology/ATC/B03BA","Vitamin B12 (cyanocobalamin and analogues)",
"http://healdb.org/rdf-schema#AI_2124","ISATUXIMABE","http://purl.bioontology.org/ontology/ATC/L01FC02","C4330502","T116","http://purl.bioontology.org/ontology/ATC/L01FC","CD38 (Clusters of Differentiation 38) inhibitors",
"http://healdb.org/rdf-schema#AI_2124","ISATUXIMABE","http://purl.bioontology.org/ontology/ATC/L01FC02","C4330502","T121","http://purl.bioontology.org/ontology/ATC/L01FC","CD38 (Clusters of Differentiation 38) inhibitors",
"http://healdb.org/rdf-schema#AI_2124","ISATUXIMABE","http://purl.bioontology.org/ontology/ATC/L01FC02","C4330502","T129","http://purl.bioontology.org/ontology/ATC/L01FC","CD38 (Clusters of Differentiation 38) inhibitors",
"http://healdb.org/rdf-schema#AI_213","AMINOFILINA","http://purl.bioontology.org/ontology/ATC/R03DA05","C0002575","T109","http://purl.bioontology.org/ontology/ATC/R03DA","Xanthines, systemic for obstructive airway disease","Xanthines"
"http://healdb.org/rdf-schema#AI_213","AMINOFILINA","http://purl.bioontology.org/ontology/ATC/R03DA05","C0002575","T121","http://purl.bioontology.org/ontology/ATC/R03DA","Xanthines, systemic for obstructive airway disease","Xanthines"
"http://healdb.org/rdf-schema#AI_2134","ASPARAGINASE","http://purl.bioontology.org/ontology/ATC/L01XX02","C0003993","T116","http://purl.bioontology.org/ontology/ATC/L01XX","Other antineoplastic agents in ATC","Other antineoplastic agents"
"http://healdb.org/rdf-schema#AI_2134","ASPARAGINASE","http://purl.bioontology.org/ontology/ATC/L01XX02","C0003993","T121","http://purl.bioontology.org/ontology/ATC/L01XX","Other antineoplastic agents in ATC","Other antineoplastic agents"
"http://healdb.org/rdf-schema#AI_2134","ASPARAGINASE","http://purl.bioontology.org/ontology/ATC/L01XX02","C0003993","T126","http://purl.bioontology.org/ontology/ATC/L01XX","Other antineoplastic agents in ATC","Other antineoplastic agents"
"http://healdb.org/rdf-schema#AI_2136","NUSINERSENA","http://purl.bioontology.org/ontology/ATC/M09AX07","C4301236","T109","http://purl.bioontology.org/ontology/ATC/M09AX","Other drugs for disorders of the musculo-skeletal system in ATC","Other drugs for disorders of the musculo-skeletal system"
"http://healdb.org/rdf-schema#AI_2136","NUSINERSENA","http://purl.bioontology.org/ontology/ATC/M09AX07","C4301236","T121","http://purl.bioontology.org/ontology/ATC/M09AX","Other drugs for disorders of the musculo-skeletal system in ATC","Other drugs for disorders of the musculo-skeletal system"
"http://healdb.org/rdf-schema#AI_2138","USTEQUINUMABE","http://purl.bioontology.org/ontology/ATC/L04AC05","C1608841","T116","http://purl.bioontology.org/ontology/ATC/L04AC","Interleukin inhibitors",
"http://healdb.org/rdf-schema#AI_2138","USTEQUINUMABE","http://purl.bioontology.org/ontology/ATC/L04AC05","C1608841","T121","http://purl.bioontology.org/ontology/ATC/L04AC","Interleukin inhibitors",
"http://healdb.org/rdf-schema#AI_2138","USTEQUINUMABE","http://purl.bioontology.org/ontology/ATC/L04AC05","C1608841","T129","http://purl.bioontology.org/ontology/ATC/L04AC","Interleukin inhibitors",
"http://healdb.org/rdf-schema#AI_2139","REGORAFENIBE","http://purl.bioontology.org/ontology/ATC/L01EX05","C2980094","T109","http://purl.bioontology.org/ontology/ATC/L01EX","Other protein kinase inhibitors in ATC","Other protein kinase inhibitors"
"http://healdb.org/rdf-schema#AI_2139","REGORAFENIBE","http://purl.bioontology.org/ontology/ATC/L01EX05","C2980094","T121","http://purl.bioontology.org/ontology/ATC/L01EX","Other protein kinase inhibitors in ATC","Other protein kinase inhibitors"
"http://healdb.org/rdf-schema#AI_2140","ALFA-ASFOTASE","http://purl.bioontology.org/ontology/ATC/A16AB13","C3490795","T116","http://purl.bioontology.org/ontology/ATC/A16AB","Enzymes for ALIMENTARY TRACT AND METABOLISM","Enzymes"
"http://healdb.org/rdf-schema#AI_2140","ALFA-ASFOTASE","http://purl.bioontology.org/ontology/ATC/A16AB13","C3490795","T121","http://purl.bioontology.org/ontology/ATC/A16AB","Enzymes for ALIMENTARY TRACT AND METABOLISM","Enzymes"
"http://healdb.org/rdf-schema#AI_2140","ALFA-ASFOTASE","http://purl.bioontology.org/ontology/ATC/A16AB13","C3490795","T126","http://purl.bioontology.org/ontology/ATC/A16AB","Enzymes for ALIMENTARY TRACT AND METABOLISM","Enzymes"
"http://healdb.org/rdf-schema#AI_2141","PARICALCITOL","http://purl.bioontology.org/ontology/ATC/H05BX02","C0249582","T109","http://purl.bioontology.org/ontology/ATC/H05BX","Other anti-parathyroid agents in ATC","Other anti-parathyroid agents"
"http://healdb.org/rdf-schema#AI_2141","PARICALCITOL","http://purl.bioontology.org/ontology/ATC/H05BX02","C0249582","T121","http://purl.bioontology.org/ontology/ATC/H05BX","Other anti-parathyroid agents in ATC","Other anti-parathyroid agents"
"http://healdb.org/rdf-schema#AI_2141","PARICALCITOL","http://purl.bioontology.org/ontology/ATC/H05BX02","C0249582","T127","http://purl.bioontology.org/ontology/ATC/H05BX","Other anti-parathyroid agents in ATC","Other anti-parathyroid agents"
"http://healdb.org/rdf-schema#AI_2147","LANADELUMABE","http://purl.bioontology.org/ontology/ATC/B06AC05","C4505508","T116","http://purl.bioontology.org/ontology/ATC/B06AC","Drugs used in hereditary angioedema",
"http://healdb.org/rdf-schema#AI_2147","LANADELUMABE","http://purl.bioontology.org/ontology/ATC/B06AC05","C4505508","T121","http://purl.bioontology.org/ontology/ATC/B06AC","Drugs used in hereditary angioedema",
"http://healdb.org/rdf-schema#AI_2147","LANADELUMABE","http://purl.bioontology.org/ontology/ATC/B06AC05","C4505508","T129","http://purl.bioontology.org/ontology/ATC/B06AC","Drugs used in hereditary angioedema",
"http://healdb.org/rdf-schema#AI_2148","SALICILATO DE FENILA","http://purl.bioontology.org/ontology/ATC/G04BX12","C0073999","T109","http://purl.bioontology.org/ontology/ATC/G04BX","Other urologicals in ATC","Other urologicals"
"http://healdb.org/rdf-schema#AI_2148","SALICILATO DE FENILA","http://purl.bioontology.org/ontology/ATC/G04BX12","C0073999","T121","http://purl.bioontology.org/ontology/ATC/G04BX","Other urologicals in ATC","Other urologicals"
"http://healdb.org/rdf-schema#AI_2149","IXEQUIZUMABE","http://purl.bioontology.org/ontology/ATC/L04AC13","C3489764","T116","http://purl.bioontology.org/ontology/ATC/L04AC","Interleukin inhibitors",
"http://healdb.org/rdf-schema#AI_2149","IXEQUIZUMABE","http://purl.bioontology.org/ontology/ATC/L04AC13","C3489764","T121","http://purl.bioontology.org/ontology/ATC/L04AC","Interleukin inhibitors",
"http://healdb.org/rdf-schema#AI_2149","IXEQUIZUMABE","http://purl.bioontology.org/ontology/ATC/L04AC13","C3489764","T129","http://purl.bioontology.org/ontology/ATC/L04AC","Interleukin inhibitors",
"http://healdb.org/rdf-schema#AI_2151","TIAMAZOL","http://purl.bioontology.org/ontology/ATC/H03BB02","C0025644","T109","http://purl.bioontology.org/ontology/ATC/H03BB","Sulfur-containing imidazole derivatives, antithyroid preparations","Sulfur-containing imidazole derivatives"
"http://healdb.org/rdf-schema#AI_2151","TIAMAZOL","http://purl.bioontology.org/ontology/ATC/H03BB02","C0025644","T121","http://purl.bioontology.org/ontology/ATC/H03BB","Sulfur-containing imidazole derivatives, antithyroid preparations","Sulfur-containing imidazole derivatives"
"http://healdb.org/rdf-schema#AI_2154","NILOTINIBE","http://purl.bioontology.org/ontology/ATC/L01EA03","C1721377","T109","http://purl.bioontology.org/ontology/ATC/L01EA","BCR-ABL tyrosine kinase inhibitors",
"http://healdb.org/rdf-schema#AI_2154","NILOTINIBE","http://purl.bioontology.org/ontology/ATC/L01EA03","C1721377","T121","http://purl.bioontology.org/ontology/ATC/L01EA","BCR-ABL tyrosine kinase inhibitors",
"http://healdb.org/rdf-schema#AI_2162","TEMOZOLOMIDA","http://purl.bioontology.org/ontology/ATC/L01AX03","C0076080","T109","http://purl.bioontology.org/ontology/ATC/L01AX","Other alkylating agents in ATC","Other alkylating agents"
"http://healdb.org/rdf-schema#AI_2162","TEMOZOLOMIDA","http://purl.bioontology.org/ontology/ATC/L01AX03","C0076080","T121","http://purl.bioontology.org/ontology/ATC/L01AX","Other alkylating agents in ATC","Other alkylating agents"
"http://healdb.org/rdf-schema#AI_2164","DIAZÓXIDO","http://purl.bioontology.org/ontology/ATC/V03AH01","C0012022","T109","http://purl.bioontology.org/ontology/ATC/V03AH","Drugs for treatment of hypoglycemia",
"http://healdb.org/rdf-schema#AI_2164","DIAZÓXIDO","http://purl.bioontology.org/ontology/ATC/V03AH01","C0012022","T121","http://purl.bioontology.org/ontology/ATC/V03AH","Drugs for treatment of hypoglycemia",
"http://healdb.org/rdf-schema#AI_2164","DIAZÓXIDO","http://purl.bioontology.org/ontology/ATC/C02DA01","C0012022","T109","http://purl.bioontology.org/ontology/ATC/C02DA","Thiazide derivatives acting on arteriolar smooth muscle","Thiazide derivatives"
"http://healdb.org/rdf-schema#AI_2164","DIAZÓXIDO","http://purl.bioontology.org/ontology/ATC/C02DA01","C0012022","T121","http://purl.bioontology.org/ontology/ATC/C02DA","Thiazide derivatives acting on arteriolar smooth muscle","Thiazide derivatives"
"http://healdb.org/rdf-schema#AI_2166","TERCONAZOL","http://purl.bioontology.org/ontology/ATC/G01AG02","C0076115","T109","http://purl.bioontology.org/ontology/ATC/G01AG","Triazole derivatives, gynecological antiinfectives and antiseptics","Triazole derivatives"
"http://healdb.org/rdf-schema#AI_2166","TERCONAZOL","http://purl.bioontology.org/ontology/ATC/G01AG02","C0076115","T121","http://purl.bioontology.org/ontology/ATC/G01AG","Triazole derivatives, gynecological antiinfectives and antiseptics","Triazole derivatives"
"http://healdb.org/rdf-schema#AI_2168","ÁCIDO TIÓCTICO","http://purl.bioontology.org/ontology/ATC/A16AX01","C0023791","T109","http://purl.bioontology.org/ontology/ATC/A16AX","Various alimentary tract and metabolism products",
"http://healdb.org/rdf-schema#AI_2168","ÁCIDO TIÓCTICO","http://purl.bioontology.org/ontology/ATC/A16AX01","C0023791","T121","http://purl.bioontology.org/ontology/ATC/A16AX","Various alimentary tract and metabolism products",
"http://healdb.org/rdf-schema#AI_2168","ÁCIDO TIÓCTICO","http://purl.bioontology.org/ontology/ATC/A16AX01","C0023791","T127","http://purl.bioontology.org/ontology/ATC/A16AX","Various alimentary tract and metabolism products",
"http://healdb.org/rdf-schema#AI_2170","IMUNOGLOBULINA DE COELHO ANTI-TIMÓCITOS HUMANOS","http://purl.bioontology.org/ontology/ATC/L04AA04","C0359156","T116","http://purl.bioontology.org/ontology/ATC/L04AA","Selective immunosuppressants",
"http://healdb.org/rdf-schema#AI_2170","IMUNOGLOBULINA DE COELHO ANTI-TIMÓCITOS HUMANOS","http://purl.bioontology.org/ontology/ATC/L04AA04","C0359156","T121","http://purl.bioontology.org/ontology/ATC/L04AA","Selective immunosuppressants",
"http://healdb.org/rdf-schema#AI_2170","IMUNOGLOBULINA DE COELHO ANTI-TIMÓCITOS HUMANOS","http://purl.bioontology.org/ontology/ATC/L04AA04","C0359156","T129","http://purl.bioontology.org/ontology/ATC/L04AA","Selective immunosuppressants",
"http://healdb.org/rdf-schema#AI_2171","ALFATIROTROPINA","http://purl.bioontology.org/ontology/ATC/H01AB01","C2587204","T116","http://purl.bioontology.org/ontology/ATC/H01AB","Thyrotropin Class in ATC","Thyrotropin"
"http://healdb.org/rdf-schema#AI_2171","ALFATIROTROPINA","http://purl.bioontology.org/ontology/ATC/H01AB01","C2587204","T121","http://purl.bioontology.org/ontology/ATC/H01AB","Thyrotropin Class in ATC","Thyrotropin"
"http://healdb.org/rdf-schema#AI_2171","ALFATIROTROPINA","http://purl.bioontology.org/ontology/ATC/H01AB01","C2587204","T125","http://purl.bioontology.org/ontology/ATC/H01AB","Thyrotropin Class in ATC","Thyrotropin"
"http://healdb.org/rdf-schema#AI_2172","FLUORETO ESTANHOSO","http://purl.bioontology.org/ontology/ATC/A01AA04","C0038143","T197","http://purl.bioontology.org/ontology/ATC/A01AA","Caries prophylactic agents",
"http://healdb.org/rdf-schema#AI_2179","TORASEMIDA","http://purl.bioontology.org/ontology/ATC/C03CA04","C0076840","T109","http://purl.bioontology.org/ontology/ATC/C03CA","sulfonamides, high-ceiling diuretics, plain","Sulfonamides, plain"
"http://healdb.org/rdf-schema#AI_2179","TORASEMIDA","http://purl.bioontology.org/ontology/ATC/C03CA04","C0076840","T121","http://purl.bioontology.org/ontology/ATC/C03CA","sulfonamides, high-ceiling diuretics, plain","Sulfonamides, plain"
"http://healdb.org/rdf-schema#AI_218","GLICINA","http://purl.bioontology.org/ontology/ATC/B05CX03","C0017890","T116","http://purl.bioontology.org/ontology/ATC/B05CX","Other irrigating solutions in ATC","Other irrigating solutions"
"http://healdb.org/rdf-schema#AI_218","GLICINA","http://purl.bioontology.org/ontology/ATC/B05CX03","C0017890","T121","http://purl.bioontology.org/ontology/ATC/B05CX","Other irrigating solutions in ATC","Other irrigating solutions"
"http://healdb.org/rdf-schema#AI_218","GLICINA","http://purl.bioontology.org/ontology/ATC/B05CX03","C0017890","T123","http://purl.bioontology.org/ontology/ATC/B05CX","Other irrigating solutions in ATC","Other irrigating solutions"
"http://healdb.org/rdf-schema#AI_2181","BESILATO DE ATRACÚRIO","http://purl.bioontology.org/ontology/ATC/M03AC04","C0004234","T109","http://purl.bioontology.org/ontology/ATC/M03AC","Other quaternary ammonium compounds in ATC, muscle relaxants, peripherally acting","Other quaternary ammonium compounds"
"http://healdb.org/rdf-schema#AI_2181","BESILATO DE ATRACÚRIO","http://purl.bioontology.org/ontology/ATC/M03AC04","C0004234","T121","http://purl.bioontology.org/ontology/ATC/M03AC","Other quaternary ammonium compounds in ATC, muscle relaxants, peripherally acting","Other quaternary ammonium compounds"
"http://healdb.org/rdf-schema#AI_2183","GUSELCUMABE","http://purl.bioontology.org/ontology/ATC/L04AC16","C3852217","T116","http://purl.bioontology.org/ontology/ATC/L04AC","Interleukin inhibitors",
"http://healdb.org/rdf-schema#AI_2183","GUSELCUMABE","http://purl.bioontology.org/ontology/ATC/L04AC16","C3852217","T121","http://purl.bioontology.org/ontology/ATC/L04AC","Interleukin inhibitors",
"http://healdb.org/rdf-schema#AI_2183","GUSELCUMABE","http://purl.bioontology.org/ontology/ATC/L04AC16","C3852217","T129","http://purl.bioontology.org/ontology/ATC/L04AC","Interleukin inhibitors",
"http://healdb.org/rdf-schema#AI_2184","INSULINA DEGLUDECA","http://purl.bioontology.org/ontology/ATC/A10AE06","C3491971","T116","http://purl.bioontology.org/ontology/ATC/A10AE","Insulins and analogues for injection, long-acting",
"http://healdb.org/rdf-schema#AI_2184","INSULINA DEGLUDECA","http://purl.bioontology.org/ontology/ATC/A10AE06","C3491971","T121","http://purl.bioontology.org/ontology/ATC/A10AE","Insulins and analogues for injection, long-acting",
"http://healdb.org/rdf-schema#AI_2184","INSULINA DEGLUDECA","http://purl.bioontology.org/ontology/ATC/A10AE06","C3491971","T125","http://purl.bioontology.org/ontology/ATC/A10AE","Insulins and analogues for injection, long-acting",
"http://healdb.org/rdf-schema#AI_2184","INSULINA DEGLUDECA","http://purl.bioontology.org/ontology/ATC/A10AD06","C3658013","T116","http://purl.bioontology.org/ontology/ATC/A10AD","Insulins and analogues for injection used in Diabetes, intermediate- or long-acting combined with fast-acting","Insulins and analogues for injection, intermediate- or long-acting combined with fast-acting"
"http://healdb.org/rdf-schema#AI_2184","INSULINA DEGLUDECA","http://purl.bioontology.org/ontology/ATC/A10AD06","C3658013","T121","http://purl.bioontology.org/ontology/ATC/A10AD","Insulins and analogues for injection used in Diabetes, intermediate- or long-acting combined with fast-acting","Insulins and analogues for injection, intermediate- or long-acting combined with fast-acting"
"http://healdb.org/rdf-schema#AI_2186","ETOFIBRATO","http://purl.bioontology.org/ontology/ATC/C10AB09","C0059869","T109","http://purl.bioontology.org/ontology/ATC/C10AB","Fibrates, lipid modifying drugs, plain","Fibrates"
"http://healdb.org/rdf-schema#AI_2186","ETOFIBRATO","http://purl.bioontology.org/ontology/ATC/C10AB09","C0059869","T121","http://purl.bioontology.org/ontology/ATC/C10AB","Fibrates, lipid modifying drugs, plain","Fibrates"
"http://healdb.org/rdf-schema#AI_2187","NITROGLICERINA","http://purl.bioontology.org/ontology/ATC/C05AE01","C0017887","T109","http://purl.bioontology.org/ontology/ATC/C05AE","Muscle relaxants FOR TREATMENT OF HEMORRHOIDS AND ANAL FISSURES FOR TOPICAL USE","Muscle relaxants"
"http://healdb.org/rdf-schema#AI_2187","NITROGLICERINA","http://purl.bioontology.org/ontology/ATC/C05AE01","C0017887","T121","http://purl.bioontology.org/ontology/ATC/C05AE","Muscle relaxants FOR TREATMENT OF HEMORRHOIDS AND ANAL FISSURES FOR TOPICAL USE","Muscle relaxants"
"http://healdb.org/rdf-schema#AI_2187","NITROGLICERINA","http://purl.bioontology.org/ontology/ATC/C01DA02","C0017887","T109","http://purl.bioontology.org/ontology/ATC/C01DA","Organic nitrates used in cardiac disease","Organic nitrates"
"http://healdb.org/rdf-schema#AI_2187","NITROGLICERINA","http://purl.bioontology.org/ontology/ATC/C01DA02","C0017887","T121","http://purl.bioontology.org/ontology/ATC/C01DA","Organic nitrates used in cardiac disease","Organic nitrates"
"http://healdb.org/rdf-schema#AI_2189","TRIÓXIDO DE ARSÊNIO","http://purl.bioontology.org/ontology/ATC/L01XX27","C0052416","T121","http://purl.bioontology.org/ontology/ATC/L01XX","Other antineoplastic agents in ATC","Other antineoplastic agents"
"http://healdb.org/rdf-schema#AI_2189","TRIÓXIDO DE ARSÊNIO","http://purl.bioontology.org/ontology/ATC/L01XX27","C0052416","T131","http://purl.bioontology.org/ontology/ATC/L01XX","Other antineoplastic agents in ATC","Other antineoplastic agents"
"http://healdb.org/rdf-schema#AI_2189","TRIÓXIDO DE ARSÊNIO","http://purl.bioontology.org/ontology/ATC/L01XX27","C0052416","T197","http://purl.bioontology.org/ontology/ATC/L01XX","Other antineoplastic agents in ATC","Other antineoplastic agents"
"http://healdb.org/rdf-schema#AI_2192","TROXERRUTINA","http://purl.bioontology.org/ontology/ATC/C05CA04","C0077410","T109","http://purl.bioontology.org/ontology/ATC/C05CA","Bioflavonoid drugs for capillary stabilizing","Bioflavonoids"
"http://healdb.org/rdf-schema#AI_2192","TROXERRUTINA","http://purl.bioontology.org/ontology/ATC/C05CA04","C0077410","T121","http://purl.bioontology.org/ontology/ATC/C05CA","Bioflavonoid drugs for capillary stabilizing","Bioflavonoids"
"http://healdb.org/rdf-schema#AI_2192","TROXERRUTINA","http://purl.bioontology.org/ontology/ATC/C05CA04","C0077410","T127","http://purl.bioontology.org/ontology/ATC/C05CA","Bioflavonoid drugs for capillary stabilizing","Bioflavonoids"
"http://healdb.org/rdf-schema#AI_2194","DULAGLUTIDA","http://purl.bioontology.org/ontology/ATC/A10BJ05","C3179549","T116","http://purl.bioontology.org/ontology/ATC/A10BJ","Glucagon-like peptide-1 (GLP-1) analogues",
"http://healdb.org/rdf-schema#AI_2194","DULAGLUTIDA","http://purl.bioontology.org/ontology/ATC/A10BJ05","C3179549","T121","http://purl.bioontology.org/ontology/ATC/A10BJ","Glucagon-like peptide-1 (GLP-1) analogues",
"http://healdb.org/rdf-schema#AI_2196","NATALIZUMABE","http://purl.bioontology.org/ontology/ATC/L04AG03","C1172734","T116","http://purl.bioontology.org/ontology/ATC/L04AG","Monoclonal antibodies",
"http://healdb.org/rdf-schema#AI_2196","NATALIZUMABE","http://purl.bioontology.org/ontology/ATC/L04AG03","C1172734","T121","http://purl.bioontology.org/ontology/ATC/L04AG","Monoclonal antibodies",
"http://healdb.org/rdf-schema#AI_2196","NATALIZUMABE","http://purl.bioontology.org/ontology/ATC/L04AG03","C1172734","T129","http://purl.bioontology.org/ontology/ATC/L04AG","Monoclonal antibodies",
"http://healdb.org/rdf-schema#AI_2199","ATEZOLIZUMABE","http://purl.bioontology.org/ontology/ATC/L01FF05","C4055433","T116","http://purl.bioontology.org/ontology/ATC/L01FF","PD-1/PDL-1 (Programmed cell death protein 1/death ligand 1) inhibitors",
"http://healdb.org/rdf-schema#AI_2199","ATEZOLIZUMABE","http://purl.bioontology.org/ontology/ATC/L01FF05","C4055433","T121","http://purl.bioontology.org/ontology/ATC/L01FF","PD-1/PDL-1 (Programmed cell death protein 1/death ligand 1) inhibitors",
"http://healdb.org/rdf-schema#AI_2199","ATEZOLIZUMABE","http://purl.bioontology.org/ontology/ATC/L01FF05","C4055433","T129","http://purl.bioontology.org/ontology/ATC/L01FF","PD-1/PDL-1 (Programmed cell death protein 1/death ligand 1) inhibitors",
"http://healdb.org/rdf-schema#AI_2204","RAVULIZUMABE","http://purl.bioontology.org/ontology/ATC/L04AJ02","C4550350","T116","http://purl.bioontology.org/ontology/ATC/L04AJ","Complement inhibitors",
"http://healdb.org/rdf-schema#AI_2204","RAVULIZUMABE","http://purl.bioontology.org/ontology/ATC/L04AJ02","C4550350","T121","http://purl.bioontology.org/ontology/ATC/L04AJ","Complement inhibitors",
"http://healdb.org/rdf-schema#AI_2204","RAVULIZUMABE","http://purl.bioontology.org/ontology/ATC/L04AJ02","C4550350","T129","http://purl.bioontology.org/ontology/ATC/L04AJ","Complement inhibitors",
"http://healdb.org/rdf-schema#AI_2208","IOPROMIDA","http://purl.bioontology.org/ontology/ATC/V08AB05","C0063817","T109","http://purl.bioontology.org/ontology/ATC/V08AB","Watersoluble, nephrotropic, low osmolar X-ray contrast media",
"http://healdb.org/rdf-schema#AI_2208","IOPROMIDA","http://purl.bioontology.org/ontology/ATC/V08AB05","C0063817","T130","http://purl.bioontology.org/ontology/ATC/V08AB","Watersoluble, nephrotropic, low osmolar X-ray contrast media",
"http://healdb.org/rdf-schema#AI_2209","UNOPROSTONA","http://purl.bioontology.org/ontology/ATC/S01EE02","C0772319","T109","http://purl.bioontology.org/ontology/ATC/S01EE","Prostaglandin analogues, antiglaucoma drugs and miotics","Prostaglandin analogues"
"http://healdb.org/rdf-schema#AI_2209","UNOPROSTONA","http://purl.bioontology.org/ontology/ATC/S01EE02","C0772319","T121","http://purl.bioontology.org/ontology/ATC/S01EE","Prostaglandin analogues, antiglaucoma drugs and miotics","Prostaglandin analogues"
"http://healdb.org/rdf-schema#AI_2209","UNOPROSTONA","http://purl.bioontology.org/ontology/ATC/S01EE02","C0772319","T125","http://purl.bioontology.org/ontology/ATC/S01EE","Prostaglandin analogues, antiglaucoma drugs and miotics","Prostaglandin analogues"
"http://healdb.org/rdf-schema#AI_2210","SELEXIPAGUE","http://purl.bioontology.org/ontology/ATC/B01AC27","C2000145","T109","http://purl.bioontology.org/ontology/ATC/B01AC","Platelet aggregation inhibitors excl. heparin",
"http://healdb.org/rdf-schema#AI_2210","SELEXIPAGUE","http://purl.bioontology.org/ontology/ATC/B01AC27","C2000145","T121","http://purl.bioontology.org/ontology/ATC/B01AC","Platelet aggregation inhibitors excl. heparin",
"http://healdb.org/rdf-schema#AI_2214","ANATOXINA DIFTÉRICA","http://purl.bioontology.org/ontology/ATC/J07AF","C0012551","T116","http://purl.bioontology.org/ontology/ATC/J07A","BACTERIAL VACCINES",
"http://healdb.org/rdf-schema#AI_2214","ANATOXINA DIFTÉRICA","http://purl.bioontology.org/ontology/ATC/J07AF","C0012551","T121","http://purl.bioontology.org/ontology/ATC/J07A","BACTERIAL VACCINES",
"http://healdb.org/rdf-schema#AI_2214","ANATOXINA DIFTÉRICA","http://purl.bioontology.org/ontology/ATC/J07AF","C0012551","T129","http://purl.bioontology.org/ontology/ATC/J07A","BACTERIAL VACCINES",
"http://healdb.org/rdf-schema#AI_2214","ANATOXINA DIFTÉRICA","http://purl.bioontology.org/ontology/ATC/J07AF01","C0012551","T116","http://purl.bioontology.org/ontology/ATC/J07AF","Diphtheria vaccines",
"http://healdb.org/rdf-schema#AI_2214","ANATOXINA DIFTÉRICA","http://purl.bioontology.org/ontology/ATC/J07AF01","C0012551","T121","http://purl.bioontology.org/ontology/ATC/J07AF","Diphtheria vaccines",
"http://healdb.org/rdf-schema#AI_2214","ANATOXINA DIFTÉRICA","http://purl.bioontology.org/ontology/ATC/J07AF01","C0012551","T129","http://purl.bioontology.org/ontology/ATC/J07AF","Diphtheria vaccines",
"http://healdb.org/rdf-schema#AI_2215","ANATOXINA TETÂNICA","http://purl.bioontology.org/ontology/ATC/J07AM01","C0305062","T116","http://purl.bioontology.org/ontology/ATC/J07AM","Tetanus vaccines",
"http://healdb.org/rdf-schema#AI_2215","ANATOXINA TETÂNICA","http://purl.bioontology.org/ontology/ATC/J07AM01","C0305062","T121","http://purl.bioontology.org/ontology/ATC/J07AM","Tetanus vaccines",
"http://healdb.org/rdf-schema#AI_2215","ANATOXINA TETÂNICA","http://purl.bioontology.org/ontology/ATC/J07AM01","C0305062","T129","http://purl.bioontology.org/ontology/ATC/J07AM","Tetanus vaccines",
"http://healdb.org/rdf-schema#AI_2226","VÍRUS DA VARICELA -ZOSTER","http://purl.bioontology.org/ontology/ATC/J07BK01","C3464497","T116","http://purl.bioontology.org/ontology/ATC/J07BK","Varicella zoster vaccines",
"http://healdb.org/rdf-schema#AI_2226","VÍRUS DA VARICELA -ZOSTER","http://purl.bioontology.org/ontology/ATC/J07BK01","C3464497","T121","http://purl.bioontology.org/ontology/ATC/J07BK","Varicella zoster vaccines",
"http://healdb.org/rdf-schema#AI_2226","VÍRUS DA VARICELA -ZOSTER","http://purl.bioontology.org/ontology/ATC/J07BK01","C3464497","T129","http://purl.bioontology.org/ontology/ATC/J07BK","Varicella zoster vaccines",
"http://healdb.org/rdf-schema#AI_2228","PANITUMUMABE","http://purl.bioontology.org/ontology/ATC/L01FE02","C0879427","T116","http://purl.bioontology.org/ontology/ATC/L01FE","EGFR (Epidermal Growth Factor Receptor) inhibitors",
"http://healdb.org/rdf-schema#AI_2228","PANITUMUMABE","http://purl.bioontology.org/ontology/ATC/L01FE02","C0879427","T121","http://purl.bioontology.org/ontology/ATC/L01FE","EGFR (Epidermal Growth Factor Receptor) inhibitors",
"http://healdb.org/rdf-schema#AI_2228","PANITUMUMABE","http://purl.bioontology.org/ontology/ATC/L01FE02","C0879427","T129","http://purl.bioontology.org/ontology/ATC/L01FE","EGFR (Epidermal Growth Factor Receptor) inhibitors",
"http://healdb.org/rdf-schema#AI_2230","RENDESIVIR","http://purl.bioontology.org/ontology/ATC/J05AB16","C4726677","T109","http://purl.bioontology.org/ontology/ATC/J05AB","Nucleosides and nucleotides excl. reverse transcriptase inhibitors",
"http://healdb.org/rdf-schema#AI_2230","RENDESIVIR","http://purl.bioontology.org/ontology/ATC/J05AB16","C4726677","T121","http://purl.bioontology.org/ontology/ATC/J05AB","Nucleosides and nucleotides excl. reverse transcriptase inhibitors",
"http://healdb.org/rdf-schema#AI_2231","VENETOCLAX","http://purl.bioontology.org/ontology/ATC/L01XX52","C4079830","T109","http://purl.bioontology.org/ontology/ATC/L01XX","Other antineoplastic agents in ATC","Other antineoplastic agents"
"http://healdb.org/rdf-schema#AI_2231","VENETOCLAX","http://purl.bioontology.org/ontology/ATC/L01XX52","C4079830","T121","http://purl.bioontology.org/ontology/ATC/L01XX","Other antineoplastic agents in ATC","Other antineoplastic agents"
"http://healdb.org/rdf-schema#AI_2233","ILOPROSTA","http://purl.bioontology.org/ontology/ATC/B01AC11","C0079594","T109","http://purl.bioontology.org/ontology/ATC/B01AC","Platelet aggregation inhibitors excl. heparin",
"http://healdb.org/rdf-schema#AI_2233","ILOPROSTA","http://purl.bioontology.org/ontology/ATC/B01AC11","C0079594","T121","http://purl.bioontology.org/ontology/ATC/B01AC","Platelet aggregation inhibitors excl. heparin",
"http://healdb.org/rdf-schema#AI_2234","ABEMACICLIBE","http://purl.bioontology.org/ontology/ATC/L01EF03","C3852841","T109","http://purl.bioontology.org/ontology/ATC/L01EF","Cyclin-dependent kinase (CDK) inhibitors",
"http://healdb.org/rdf-schema#AI_2234","ABEMACICLIBE","http://purl.bioontology.org/ontology/ATC/L01EF03","C3852841","T121","http://purl.bioontology.org/ontology/ATC/L01EF","Cyclin-dependent kinase (CDK) inhibitors",
"http://healdb.org/rdf-schema#AI_2236","VIMPOCETINA","http://purl.bioontology.org/ontology/ATC/N06BX18","C0059752","T109","http://purl.bioontology.org/ontology/ATC/N06BX","Other psychostimulants and nootropics in ATC","Other psychostimulants and nootropics"
"http://healdb.org/rdf-schema#AI_2236","VIMPOCETINA","http://purl.bioontology.org/ontology/ATC/N06BX18","C0059752","T121","http://purl.bioontology.org/ontology/ATC/N06BX","Other psychostimulants and nootropics in ATC","Other psychostimulants and nootropics"
"http://healdb.org/rdf-schema#AI_2237","ALFAELOSULFASE","http://purl.bioontology.org/ontology/ATC/A16AB12","C3817397","T109","http://purl.bioontology.org/ontology/ATC/A16AB","Enzymes for ALIMENTARY TRACT AND METABOLISM","Enzymes"
"http://healdb.org/rdf-schema#AI_2237","ALFAELOSULFASE","http://purl.bioontology.org/ontology/ATC/A16AB12","C3817397","T121","http://purl.bioontology.org/ontology/ATC/A16AB","Enzymes for ALIMENTARY TRACT AND METABOLISM","Enzymes"
"http://healdb.org/rdf-schema#AI_2238","IODIXANOL","http://purl.bioontology.org/ontology/ATC/V08AB09","C0063757","T109","http://purl.bioontology.org/ontology/ATC/V08AB","Watersoluble, nephrotropic, low osmolar X-ray contrast media",
"http://healdb.org/rdf-schema#AI_2238","IODIXANOL","http://purl.bioontology.org/ontology/ATC/V08AB09","C0063757","T130","http://purl.bioontology.org/ontology/ATC/V08AB","Watersoluble, nephrotropic, low osmolar X-ray contrast media",
"http://healdb.org/rdf-schema#AI_2240","ÁCIDO RETINÓICO","http://purl.bioontology.org/ontology/ATC/D10AD01","C0040845","T109","http://purl.bioontology.org/ontology/ATC/D10AD","Retinoids for topical use in acne",
"http://healdb.org/rdf-schema#AI_2240","ÁCIDO RETINÓICO","http://purl.bioontology.org/ontology/ATC/D10AD01","C0040845","T121","http://purl.bioontology.org/ontology/ATC/D10AD","Retinoids for topical use in acne",
"http://healdb.org/rdf-schema#AI_2240","ÁCIDO RETINÓICO","http://purl.bioontology.org/ontology/ATC/D10AD01","C0040845","T131","http://purl.bioontology.org/ontology/ATC/D10AD","Retinoids for topical use in acne",
"http://healdb.org/rdf-schema#AI_2240","ÁCIDO RETINÓICO","http://purl.bioontology.org/ontology/ATC/L01XF01","C0040845","T109","http://purl.bioontology.org/ontology/ATC/L01XF","Retinoids for cancer treatment",
"http://healdb.org/rdf-schema#AI_2240","ÁCIDO RETINÓICO","http://purl.bioontology.org/ontology/ATC/L01XF01","C0040845","T121","http://purl.bioontology.org/ontology/ATC/L01XF","Retinoids for cancer treatment",
"http://healdb.org/rdf-schema#AI_2240","ÁCIDO RETINÓICO","http://purl.bioontology.org/ontology/ATC/L01XF01","C0040845","T131","http://purl.bioontology.org/ontology/ATC/L01XF","Retinoids for cancer treatment",
"http://healdb.org/rdf-schema#AI_2244","GLICONATO DE MAGNÉSIO","http://purl.bioontology.org/ontology/ATC/A12CC03","C0126777","T109","http://purl.bioontology.org/ontology/ATC/A12CC","Magnesium supplements, alimentary tract and metabolism","Magnesium"
"http://healdb.org/rdf-schema#AI_2244","GLICONATO DE MAGNÉSIO","http://purl.bioontology.org/ontology/ATC/A12CC03","C0126777","T121","http://purl.bioontology.org/ontology/ATC/A12CC","Magnesium supplements, alimentary tract and metabolism","Magnesium"
"http://healdb.org/rdf-schema#AI_2245","GLICONATO DE POTÁSSIO","http://purl.bioontology.org/ontology/ATC/A12BA05","C0301527","T109","http://purl.bioontology.org/ontology/ATC/A12BA","Potassium",
"http://healdb.org/rdf-schema#AI_2245","GLICONATO DE POTÁSSIO","http://purl.bioontology.org/ontology/ATC/A12BA05","C0301527","T121","http://purl.bioontology.org/ontology/ATC/A12BA","Potassium",
"http://healdb.org/rdf-schema#AI_2247","RUTOSÍDE","http://purl.bioontology.org/ontology/ATC/C05CA01","C0035976","T109","http://purl.bioontology.org/ontology/ATC/C05CA","Bioflavonoid drugs for capillary stabilizing","Bioflavonoids"
"http://healdb.org/rdf-schema#AI_2247","RUTOSÍDE","http://purl.bioontology.org/ontology/ATC/C05CA01","C0035976","T121","http://purl.bioontology.org/ontology/ATC/C05CA","Bioflavonoid drugs for capillary stabilizing","Bioflavonoids"
"http://healdb.org/rdf-schema#AI_2249","AMBRISENTANA","http://purl.bioontology.org/ontology/ATC/C02KX02","C1176329","T109","http://purl.bioontology.org/ontology/ATC/C02KX","Antihypertensives for pulmonary arterial hypertension",
"http://healdb.org/rdf-schema#AI_2249","AMBRISENTANA","http://purl.bioontology.org/ontology/ATC/C02KX02","C1176329","T121","http://purl.bioontology.org/ontology/ATC/C02KX","Antihypertensives for pulmonary arterial hypertension",
"http://healdb.org/rdf-schema#AI_2251","VOSORITIDA","http://purl.bioontology.org/ontology/ATC/M05BX07","C4519745","T116","http://purl.bioontology.org/ontology/ATC/M05BX","Other drugs affecting bone structure and mineralization in ATC","Other drugs affecting bone structure and mineralization"
"http://healdb.org/rdf-schema#AI_2251","VOSORITIDA","http://purl.bioontology.org/ontology/ATC/M05BX07","C4519745","T121","http://purl.bioontology.org/ontology/ATC/M05BX","Other drugs affecting bone structure and mineralization in ATC","Other drugs affecting bone structure and mineralization"
"http://healdb.org/rdf-schema#AI_2253","BROLUCIZUMABE","http://purl.bioontology.org/ontology/ATC/S01LA06","C4550124","T116","http://purl.bioontology.org/ontology/ATC/S01LA","Antineovascularisation agents",
"http://healdb.org/rdf-schema#AI_2253","BROLUCIZUMABE","http://purl.bioontology.org/ontology/ATC/S01LA06","C4550124","T121","http://purl.bioontology.org/ontology/ATC/S01LA","Antineovascularisation agents",
"http://healdb.org/rdf-schema#AI_2253","BROLUCIZUMABE","http://purl.bioontology.org/ontology/ATC/S01LA06","C4550124","T129","http://purl.bioontology.org/ontology/ATC/S01LA","Antineovascularisation agents",
"http://healdb.org/rdf-schema#AI_2254","EPTINEZUMABE","http://purl.bioontology.org/ontology/ATC/N02CD05","C4694272","T116","http://purl.bioontology.org/ontology/ATC/N02CD","Calcitonin gene-related peptide (CGRP) antagonists",
"http://healdb.org/rdf-schema#AI_2254","EPTINEZUMABE","http://purl.bioontology.org/ontology/ATC/N02CD05","C4694272","T121","http://purl.bioontology.org/ontology/ATC/N02CD","Calcitonin gene-related peptide (CGRP) antagonists",
"http://healdb.org/rdf-schema#AI_2254","EPTINEZUMABE","http://purl.bioontology.org/ontology/ATC/N02CD05","C4694272","T129","http://purl.bioontology.org/ontology/ATC/N02CD","Calcitonin gene-related peptide (CGRP) antagonists",
"http://healdb.org/rdf-schema#AI_2255","LATANOPROSTENO BUNODE","http://purl.bioontology.org/ontology/ATC/S01EE06","C4279599","T109","http://purl.bioontology.org/ontology/ATC/S01EE","Prostaglandin analogues, antiglaucoma drugs and miotics","Prostaglandin analogues"
"http://healdb.org/rdf-schema#AI_2255","LATANOPROSTENO BUNODE","http://purl.bioontology.org/ontology/ATC/S01EE06","C4279599","T121","http://purl.bioontology.org/ontology/ATC/S01EE","Prostaglandin analogues, antiglaucoma drugs and miotics","Prostaglandin analogues"
"http://healdb.org/rdf-schema#AI_226","TRIPTOFANO","http://purl.bioontology.org/ontology/ATC/N06AX02","C0041249","T116","http://purl.bioontology.org/ontology/ATC/N06AX","Other antidepressants in ATC","Other antidepressants"
"http://healdb.org/rdf-schema#AI_226","TRIPTOFANO","http://purl.bioontology.org/ontology/ATC/N06AX02","C0041249","T121","http://purl.bioontology.org/ontology/ATC/N06AX","Other antidepressants in ATC","Other antidepressants"
"http://healdb.org/rdf-schema#AI_226","TRIPTOFANO","http://purl.bioontology.org/ontology/ATC/N06AX02","C0041249","T123","http://purl.bioontology.org/ontology/ATC/N06AX","Other antidepressants in ATC","Other antidepressants"
"http://healdb.org/rdf-schema#AI_2264","ATOVAQUONA","http://purl.bioontology.org/ontology/ATC/P01AX06","C0165603","T109","http://purl.bioontology.org/ontology/ATC/P01AX","Other agents against amoebiasis and other protozoal diseases in ATC","Other agents against amoebiasis and other protozoal diseases"
"http://healdb.org/rdf-schema#AI_2264","ATOVAQUONA","http://purl.bioontology.org/ontology/ATC/P01AX06","C0165603","T121","http://purl.bioontology.org/ontology/ATC/P01AX","Other agents against amoebiasis and other protozoal diseases in ATC","Other agents against amoebiasis and other protozoal diseases"
"http://healdb.org/rdf-schema#AI_2268","CRIZOTINIBE","http://purl.bioontology.org/ontology/ATC/L01ED01","C2974289","T109","http://purl.bioontology.org/ontology/ATC/L01ED","Anaplastic lymphoma kinase (ALK) inhibitors",
"http://healdb.org/rdf-schema#AI_2268","CRIZOTINIBE","http://purl.bioontology.org/ontology/ATC/L01ED01","C2974289","T121","http://purl.bioontology.org/ontology/ATC/L01ED","Anaplastic lymphoma kinase (ALK) inhibitors",
"http://healdb.org/rdf-schema#AI_227","METIONINA (11 C)","http://purl.bioontology.org/ontology/ATC/V03AB26","C0025646","T116","http://purl.bioontology.org/ontology/ATC/V03AB","Antidotes",
"http://healdb.org/rdf-schema#AI_227","METIONINA (11 C)","http://purl.bioontology.org/ontology/ATC/V03AB26","C0025646","T121","http://purl.bioontology.org/ontology/ATC/V03AB","Antidotes",
"http://healdb.org/rdf-schema#AI_227","METIONINA (11 C)","http://purl.bioontology.org/ontology/ATC/V03AB26","C0025646","T123","http://purl.bioontology.org/ontology/ATC/V03AB","Antidotes",
"http://healdb.org/rdf-schema#AI_2274","CLORETO DE RÁDIO (223 RA)","http://purl.bioontology.org/ontology/ATC/V10XX03","C3700396","T121","http://purl.bioontology.org/ontology/ATC/V10XX","Various therapeutic radiopharmaceuticals",
"http://healdb.org/rdf-schema#AI_2274","CLORETO DE RÁDIO (223 RA)","http://purl.bioontology.org/ontology/ATC/V10XX03","C3700396","T197","http://purl.bioontology.org/ontology/ATC/V10XX","Various therapeutic radiopharmaceuticals",
"http://healdb.org/rdf-schema#AI_2275","OMALIZUMABE","http://purl.bioontology.org/ontology/ATC/R03DX05","C0966225","T116","http://purl.bioontology.org/ontology/ATC/R03DX","Other systemic drugs for obstructive airway diseases in ATC","Other systemic drugs for obstructive airway diseases"
"http://healdb.org/rdf-schema#AI_2275","OMALIZUMABE","http://purl.bioontology.org/ontology/ATC/R03DX05","C0966225","T121","http://purl.bioontology.org/ontology/ATC/R03DX","Other systemic drugs for obstructive airway diseases in ATC","Other systemic drugs for obstructive airway diseases"
"http://healdb.org/rdf-schema#AI_2275","OMALIZUMABE","http://purl.bioontology.org/ontology/ATC/R03DX05","C0966225","T129","http://purl.bioontology.org/ontology/ATC/R03DX","Other systemic drugs for obstructive airway diseases in ATC","Other systemic drugs for obstructive airway diseases"
"http://healdb.org/rdf-schema#AI_2276","ENZALUTAMIDA","http://purl.bioontology.org/ontology/ATC/L02BB04","C3496793","T109","http://purl.bioontology.org/ontology/ATC/L02BB","Anti-androgen hormone antagonists and related agents","Anti-androgens"
"http://healdb.org/rdf-schema#AI_2276","ENZALUTAMIDA","http://purl.bioontology.org/ontology/ATC/L02BB04","C3496793","T121","http://purl.bioontology.org/ontology/ATC/L02BB","Anti-androgen hormone antagonists and related agents","Anti-androgens"
"http://healdb.org/rdf-schema#AI_2279","RIFAXIMINA","http://purl.bioontology.org/ontology/ATC/A07AA11","C0073374","T109","http://purl.bioontology.org/ontology/ATC/A07AA","antibiotics, intestinal","Antibiotics"
"http://healdb.org/rdf-schema#AI_2279","RIFAXIMINA","http://purl.bioontology.org/ontology/ATC/A07AA11","C0073374","T121","http://purl.bioontology.org/ontology/ATC/A07AA","antibiotics, intestinal","Antibiotics"
"http://healdb.org/rdf-schema#AI_2279","RIFAXIMINA","http://purl.bioontology.org/ontology/ATC/D06AX11","C0073374","T109","http://purl.bioontology.org/ontology/ATC/D06AX","Other antibiotics for topical use in ATC","Other antibiotics for topical use"
"http://healdb.org/rdf-schema#AI_2279","RIFAXIMINA","http://purl.bioontology.org/ontology/ATC/D06AX11","C0073374","T121","http://purl.bioontology.org/ontology/ATC/D06AX","Other antibiotics for topical use in ATC","Other antibiotics for topical use"
"http://healdb.org/rdf-schema#AI_2282","IPILIMUMABE","http://purl.bioontology.org/ontology/ATC/L01FX04","C1367202","T116","http://purl.bioontology.org/ontology/ATC/L01FX","Other monoclonal antibodies and antibody drug conjugates in ATC","Other monoclonal antibodies and antibody drug conjugates"
"http://healdb.org/rdf-schema#AI_2282","IPILIMUMABE","http://purl.bioontology.org/ontology/ATC/L01FX04","C1367202","T121","http://purl.bioontology.org/ontology/ATC/L01FX","Other monoclonal antibodies and antibody drug conjugates in ATC","Other monoclonal antibodies and antibody drug conjugates"
"http://healdb.org/rdf-schema#AI_2282","IPILIMUMABE","http://purl.bioontology.org/ontology/ATC/L01FX04","C1367202","T129","http://purl.bioontology.org/ontology/ATC/L01FX","Other monoclonal antibodies and antibody drug conjugates in ATC","Other monoclonal antibodies and antibody drug conjugates"
"http://healdb.org/rdf-schema#AI_2284","MIGLUSTATE","http://purl.bioontology.org/ontology/ATC/A16AX06","C1321596","T109","http://purl.bioontology.org/ontology/ATC/A16AX","Various alimentary tract and metabolism products",
"http://healdb.org/rdf-schema#AI_2284","MIGLUSTATE","http://purl.bioontology.org/ontology/ATC/A16AX06","C1321596","T121","http://purl.bioontology.org/ontology/ATC/A16AX","Various alimentary tract and metabolism products",
"http://healdb.org/rdf-schema#AI_2287","VEMURAFENIBE","http://purl.bioontology.org/ontology/ATC/L01EC01","C3192263","T109","http://purl.bioontology.org/ontology/ATC/L01EC","B-Raf serine-threonine kinase (BRAF) inhibitors",
"http://healdb.org/rdf-schema#AI_2287","VEMURAFENIBE","http://purl.bioontology.org/ontology/ATC/L01EC01","C3192263","T121","http://purl.bioontology.org/ontology/ATC/L01EC","B-Raf serine-threonine kinase (BRAF) inhibitors",
"http://healdb.org/rdf-schema#AI_2289","ELBASVIR","http://purl.bioontology.org/ontology/ATC/J05AP10","C4080052","T109","http://purl.bioontology.org/ontology/ATC/J05AP","Antivirals for treatment of HCV infections",
"http://healdb.org/rdf-schema#AI_2289","ELBASVIR","http://purl.bioontology.org/ontology/ATC/J05AP10","C4080052","T121","http://purl.bioontology.org/ontology/ATC/J05AP","Antivirals for treatment of HCV infections",
"http://healdb.org/rdf-schema#AI_2293","BENZBROMARONA","http://purl.bioontology.org/ontology/ATC/M04AB03","C0005035","T109","http://purl.bioontology.org/ontology/ATC/M04AB","Preparations increasing uric acid excretion",
"http://healdb.org/rdf-schema#AI_2293","BENZBROMARONA","http://purl.bioontology.org/ontology/ATC/M04AB03","C0005035","T121","http://purl.bioontology.org/ontology/ATC/M04AB","Preparations increasing uric acid excretion",
"http://healdb.org/rdf-schema#AI_2294","CEFTAROLINA FOSAMILA","http://purl.bioontology.org/ontology/ATC/J01DI02","C2001525","T109","http://purl.bioontology.org/ontology/ATC/J01DI","Other cephalosporins and penems in ATC","Other cephalosporins and penems"
"http://healdb.org/rdf-schema#AI_2294","CEFTAROLINA FOSAMILA","http://purl.bioontology.org/ontology/ATC/J01DI02","C2001525","T195","http://purl.bioontology.org/ontology/ATC/J01DI","Other cephalosporins and penems in ATC","Other cephalosporins and penems"
"http://healdb.org/rdf-schema#AI_2297","ZOLMITRIPTANA","http://purl.bioontology.org/ontology/ATC/N02CC03","C0528166","T109","http://purl.bioontology.org/ontology/ATC/N02CC","Selective serotonin (5HT1) agonists",
"http://healdb.org/rdf-schema#AI_2297","ZOLMITRIPTANA","http://purl.bioontology.org/ontology/ATC/N02CC03","C0528166","T121","http://purl.bioontology.org/ontology/ATC/N02CC","Selective serotonin (5HT1) agonists",
"http://healdb.org/rdf-schema#AI_23","RIBOFLAVINA","http://purl.bioontology.org/ontology/ATC/S01XA26","C0035527","T109","http://purl.bioontology.org/ontology/ATC/S01XA","Other ophthalmologicals in ATC","Other ophthalmologicals"
"http://healdb.org/rdf-schema#AI_23","RIBOFLAVINA","http://purl.bioontology.org/ontology/ATC/S01XA26","C0035527","T121","http://purl.bioontology.org/ontology/ATC/S01XA","Other ophthalmologicals in ATC","Other ophthalmologicals"
"http://healdb.org/rdf-schema#AI_23","RIBOFLAVINA","http://purl.bioontology.org/ontology/ATC/S01XA26","C0035527","T127","http://purl.bioontology.org/ontology/ATC/S01XA","Other ophthalmologicals in ATC","Other ophthalmologicals"
"http://healdb.org/rdf-schema#AI_23","RIBOFLAVINA","http://purl.bioontology.org/ontology/ATC/A11HA04","C0035527","T109","http://purl.bioontology.org/ontology/ATC/A11HA","Other plain vitamin preparations in ATC","Other plain vitamin preparations"
"http://healdb.org/rdf-schema#AI_23","RIBOFLAVINA","http://purl.bioontology.org/ontology/ATC/A11HA04","C0035527","T121","http://purl.bioontology.org/ontology/ATC/A11HA","Other plain vitamin preparations in ATC","Other plain vitamin preparations"
"http://healdb.org/rdf-schema#AI_23","RIBOFLAVINA","http://purl.bioontology.org/ontology/ATC/A11HA04","C0035527","T127","http://purl.bioontology.org/ontology/ATC/A11HA","Other plain vitamin preparations in ATC","Other plain vitamin preparations"
"http://healdb.org/rdf-schema#AI_2300","MEROPENÉM","http://purl.bioontology.org/ontology/ATC/J01DH02","C0066005","T109","http://purl.bioontology.org/ontology/ATC/J01DH","Carbapenems",
"http://healdb.org/rdf-schema#AI_2300","MEROPENÉM","http://purl.bioontology.org/ontology/ATC/J01DH02","C0066005","T195","http://purl.bioontology.org/ontology/ATC/J01DH","Carbapenems",
"http://healdb.org/rdf-schema#AI_2302","ONASEMNOGENO ABEPARVOVEQUE","http://purl.bioontology.org/ontology/ATC/M09AX09","C5140028","T114","http://purl.bioontology.org/ontology/ATC/M09AX","Other drugs for disorders of the musculo-skeletal system in ATC","Other drugs for disorders of the musculo-skeletal system"
"http://healdb.org/rdf-schema#AI_2302","ONASEMNOGENO ABEPARVOVEQUE","http://purl.bioontology.org/ontology/ATC/M09AX09","C5140028","T121","http://purl.bioontology.org/ontology/ATC/M09AX","Other drugs for disorders of the musculo-skeletal system in ATC","Other drugs for disorders of the musculo-skeletal system"
"http://healdb.org/rdf-schema#AI_2309","CLORIDRATO DE TRIMETAZIDINA","http://purl.bioontology.org/ontology/ATC/C01EB15","C0041037","T109","http://purl.bioontology.org/ontology/ATC/C01EB","Other plain cardiac preparations in ATC","Other cardiac preparations"
"http://healdb.org/rdf-schema#AI_2309","CLORIDRATO DE TRIMETAZIDINA","http://purl.bioontology.org/ontology/ATC/C01EB15","C0041037","T121","http://purl.bioontology.org/ontology/ATC/C01EB","Other plain cardiac preparations in ATC","Other cardiac preparations"
"http://healdb.org/rdf-schema#AI_2322","ANTÍGENO PERTUSSIS","http://purl.bioontology.org/ontology/ATC/J07AJ","C0031237","T116","http://purl.bioontology.org/ontology/ATC/J07A","BACTERIAL VACCINES",
"http://healdb.org/rdf-schema#AI_2322","ANTÍGENO PERTUSSIS","http://purl.bioontology.org/ontology/ATC/J07AJ","C0031237","T121","http://purl.bioontology.org/ontology/ATC/J07A","BACTERIAL VACCINES",
"http://healdb.org/rdf-schema#AI_2322","ANTÍGENO PERTUSSIS","http://purl.bioontology.org/ontology/ATC/J07AJ","C0031237","T129","http://purl.bioontology.org/ontology/ATC/J07A","BACTERIAL VACCINES",
"http://healdb.org/rdf-schema#AI_2325","SULFATO DISSÓDICO DE CONDROITINA","http://purl.bioontology.org/ontology/ATC/M01AX25","C0008466","T109","http://purl.bioontology.org/ontology/ATC/M01AX","Other antiinflammatory and antirheumatic agents, non-steroids in ATC","Other antiinflammatory and antirheumatic agents, non-steroids"
"http://healdb.org/rdf-schema#AI_2325","SULFATO DISSÓDICO DE CONDROITINA","http://purl.bioontology.org/ontology/ATC/M01AX25","C0008466","T121","http://purl.bioontology.org/ontology/ATC/M01AX","Other antiinflammatory and antirheumatic agents, non-steroids in ATC","Other antiinflammatory and antirheumatic agents, non-steroids"
"http://healdb.org/rdf-schema#AI_2325","SULFATO DISSÓDICO DE CONDROITINA","http://purl.bioontology.org/ontology/ATC/M01AX25","C0008466","T123","http://purl.bioontology.org/ontology/ATC/M01AX","Other antiinflammatory and antirheumatic agents, non-steroids in ATC","Other antiinflammatory and antirheumatic agents, non-steroids"
"http://healdb.org/rdf-schema#AI_2330","GEFITINIB","http://purl.bioontology.org/ontology/ATC/L01EB01","C1122962","T109","http://purl.bioontology.org/ontology/ATC/L01EB","Epidermal growth factor receptor (EGFR) tyrosine kinase inhibitors",
"http://healdb.org/rdf-schema#AI_2330","GEFITINIB","http://purl.bioontology.org/ontology/ATC/L01EB01","C1122962","T121","http://purl.bioontology.org/ontology/ATC/L01EB","Epidermal growth factor receptor (EGFR) tyrosine kinase inhibitors",
"http://healdb.org/rdf-schema#AI_2331","ENFORTUMABE VEDOTINA","http://purl.bioontology.org/ontology/ATC/L01FX13","C4519740","T116","http://purl.bioontology.org/ontology/ATC/L01FX","Other monoclonal antibodies and antibody drug conjugates in ATC","Other monoclonal antibodies and antibody drug conjugates"
"http://healdb.org/rdf-schema#AI_2331","ENFORTUMABE VEDOTINA","http://purl.bioontology.org/ontology/ATC/L01FX13","C4519740","T121","http://purl.bioontology.org/ontology/ATC/L01FX","Other monoclonal antibodies and antibody drug conjugates in ATC","Other monoclonal antibodies and antibody drug conjugates"
"http://healdb.org/rdf-schema#AI_2331","ENFORTUMABE VEDOTINA","http://purl.bioontology.org/ontology/ATC/L01FX13","C4519740","T129","http://purl.bioontology.org/ontology/ATC/L01FX","Other monoclonal antibodies and antibody drug conjugates in ATC","Other monoclonal antibodies and antibody drug conjugates"
"http://healdb.org/rdf-schema#AI_2336","BRODALUMABE","http://purl.bioontology.org/ontology/ATC/L04AC12","C3491331","T116","http://purl.bioontology.org/ontology/ATC/L04AC","Interleukin inhibitors",
"http://healdb.org/rdf-schema#AI_2336","BRODALUMABE","http://purl.bioontology.org/ontology/ATC/L04AC12","C3491331","T121","http://purl.bioontology.org/ontology/ATC/L04AC","Interleukin inhibitors",
"http://healdb.org/rdf-schema#AI_2336","BRODALUMABE","http://purl.bioontology.org/ontology/ATC/L04AC12","C3491331","T129","http://purl.bioontology.org/ontology/ATC/L04AC","Interleukin inhibitors",
"http://healdb.org/rdf-schema#AI_2338","TEZEPELUMABE","http://purl.bioontology.org/ontology/ATC/R03DX11","C4550163","T116","http://purl.bioontology.org/ontology/ATC/R03DX","Other systemic drugs for obstructive airway diseases in ATC","Other systemic drugs for obstructive airway diseases"
"http://healdb.org/rdf-schema#AI_2338","TEZEPELUMABE","http://purl.bioontology.org/ontology/ATC/R03DX11","C4550163","T121","http://purl.bioontology.org/ontology/ATC/R03DX","Other systemic drugs for obstructive airway diseases in ATC","Other systemic drugs for obstructive airway diseases"
"http://healdb.org/rdf-schema#AI_2338","TEZEPELUMABE","http://purl.bioontology.org/ontology/ATC/R03DX11","C4550163","T129","http://purl.bioontology.org/ontology/ATC/R03DX","Other systemic drugs for obstructive airway diseases in ATC","Other systemic drugs for obstructive airway diseases"
"http://healdb.org/rdf-schema#AI_2339","POMALIDOMIDA","http://purl.bioontology.org/ontology/ATC/L04AX06","C2347624","T109","http://purl.bioontology.org/ontology/ATC/L04AX","Other immunosuppressants in ATC","Other immunosuppressants"
"http://healdb.org/rdf-schema#AI_2339","POMALIDOMIDA","http://purl.bioontology.org/ontology/ATC/L04AX06","C2347624","T121","http://purl.bioontology.org/ontology/ATC/L04AX","Other immunosuppressants in ATC","Other immunosuppressants"
"http://healdb.org/rdf-schema#AI_234","L-METIONINA","http://purl.bioontology.org/ontology/ATC/V03AB26","C0025646","T116","http://purl.bioontology.org/ontology/ATC/V03AB","Antidotes",
"http://healdb.org/rdf-schema#AI_234","L-METIONINA","http://purl.bioontology.org/ontology/ATC/V03AB26","C0025646","T121","http://purl.bioontology.org/ontology/ATC/V03AB","Antidotes",
"http://healdb.org/rdf-schema#AI_234","L-METIONINA","http://purl.bioontology.org/ontology/ATC/V03AB26","C0025646","T123","http://purl.bioontology.org/ontology/ATC/V03AB","Antidotes",
"http://healdb.org/rdf-schema#AI_2341","ANIFROLUMABE","http://purl.bioontology.org/ontology/ATC/L04AG11","C4519739","T116","http://purl.bioontology.org/ontology/ATC/L04AG","Monoclonal antibodies",
"http://healdb.org/rdf-schema#AI_2341","ANIFROLUMABE","http://purl.bioontology.org/ontology/ATC/L04AG11","C4519739","T121","http://purl.bioontology.org/ontology/ATC/L04AG","Monoclonal antibodies",
"http://healdb.org/rdf-schema#AI_2341","ANIFROLUMABE","http://purl.bioontology.org/ontology/ATC/L04AG11","C4519739","T129","http://purl.bioontology.org/ontology/ATC/L04AG","Monoclonal antibodies",
"http://healdb.org/rdf-schema#AI_2343","CILTACABTAGENO AUTOLEUCEL","http://purl.bioontology.org/ontology/ATC/L01XL05","C4727630","T025","http://purl.bioontology.org/ontology/ATC/L01XL","Antineoplastic cell and gene therapy agents","Antineoplastic cell and gene therapy"
"http://healdb.org/rdf-schema#AI_2346","ALFAOLIPUDASE","http://purl.bioontology.org/ontology/ATC/A16AB25","C4278198","T116","http://purl.bioontology.org/ontology/ATC/A16AB","Enzymes for ALIMENTARY TRACT AND METABOLISM","Enzymes"
"http://healdb.org/rdf-schema#AI_2346","ALFAOLIPUDASE","http://purl.bioontology.org/ontology/ATC/A16AB25","C4278198","T121","http://purl.bioontology.org/ontology/ATC/A16AB","Enzymes for ALIMENTARY TRACT AND METABOLISM","Enzymes"
"http://healdb.org/rdf-schema#AI_2346","ALFAOLIPUDASE","http://purl.bioontology.org/ontology/ATC/A16AB25","C4278198","T126","http://purl.bioontology.org/ontology/ATC/A16AB","Enzymes for ALIMENTARY TRACT AND METABOLISM","Enzymes"
"http://healdb.org/rdf-schema#AI_2348","SACITUZUMABE GOVITECANA","http://purl.bioontology.org/ontology/ATC/L01FX17","C4086837","T116","http://purl.bioontology.org/ontology/ATC/L01FX","Other monoclonal antibodies and antibody drug conjugates in ATC","Other monoclonal antibodies and antibody drug conjugates"
"http://healdb.org/rdf-schema#AI_2348","SACITUZUMABE GOVITECANA","http://purl.bioontology.org/ontology/ATC/L01FX17","C4086837","T121","http://purl.bioontology.org/ontology/ATC/L01FX","Other monoclonal antibodies and antibody drug conjugates in ATC","Other monoclonal antibodies and antibody drug conjugates"
"http://healdb.org/rdf-schema#AI_2348","SACITUZUMABE GOVITECANA","http://purl.bioontology.org/ontology/ATC/L01FX17","C4086837","T129","http://purl.bioontology.org/ontology/ATC/L01FX","Other monoclonal antibodies and antibody drug conjugates in ATC","Other monoclonal antibodies and antibody drug conjugates"
"http://healdb.org/rdf-schema#AI_2351","SOMATROGONA","http://purl.bioontology.org/ontology/ATC/H01AC08","C4726772","T109","http://purl.bioontology.org/ontology/ATC/H01AC","Somatropin and somatropin agonists",
"http://healdb.org/rdf-schema#AI_2351","SOMATROGONA","http://purl.bioontology.org/ontology/ATC/H01AC08","C4726772","T121","http://purl.bioontology.org/ontology/ATC/H01AC","Somatropin and somatropin agonists",
"http://healdb.org/rdf-schema#AI_2351","SOMATROGONA","http://purl.bioontology.org/ontology/ATC/H01AC08","C4726772","T125","http://purl.bioontology.org/ontology/ATC/H01AC","Somatropin and somatropin agonists",
"http://healdb.org/rdf-schema#AI_2353","AXICABTAGENO CILOLEUCEL","http://purl.bioontology.org/ontology/ATC/L01XL03","C3896829","T025","http://purl.bioontology.org/ontology/ATC/L01XL","Antineoplastic cell and gene therapy agents","Antineoplastic cell and gene therapy"
"http://healdb.org/rdf-schema#AI_2354","HIDROXICOBALAMINA","http://purl.bioontology.org/ontology/ATC/B03BA03","C0020316","T109","http://purl.bioontology.org/ontology/ATC/B03BA","Vitamin B12 (cyanocobalamin and analogues)",
"http://healdb.org/rdf-schema#AI_2354","HIDROXICOBALAMINA","http://purl.bioontology.org/ontology/ATC/B03BA03","C0020316","T121","http://purl.bioontology.org/ontology/ATC/B03BA","Vitamin B12 (cyanocobalamin and analogues)",
"http://healdb.org/rdf-schema#AI_2354","HIDROXICOBALAMINA","http://purl.bioontology.org/ontology/ATC/B03BA03","C0020316","T127","http://purl.bioontology.org/ontology/ATC/B03BA","Vitamin B12 (cyanocobalamin and analogues)",
"http://healdb.org/rdf-schema#AI_2354","HIDROXICOBALAMINA","http://purl.bioontology.org/ontology/ATC/V03AB33","C0020316","T109","http://purl.bioontology.org/ontology/ATC/V03AB","Antidotes",
"http://healdb.org/rdf-schema#AI_2354","HIDROXICOBALAMINA","http://purl.bioontology.org/ontology/ATC/V03AB33","C0020316","T121","http://purl.bioontology.org/ontology/ATC/V03AB","Antidotes",
"http://healdb.org/rdf-schema#AI_2354","HIDROXICOBALAMINA","http://purl.bioontology.org/ontology/ATC/V03AB33","C0020316","T127","http://purl.bioontology.org/ontology/ATC/V03AB","Antidotes",
"http://healdb.org/rdf-schema#AI_2355","TAFAMIDIS","http://purl.bioontology.org/ontology/ATC/N07XX08","C2745274","T109","http://purl.bioontology.org/ontology/ATC/N07XX","Other nervous system drugs in ATC","Other nervous system drugs"
"http://healdb.org/rdf-schema#AI_2355","TAFAMIDIS","http://purl.bioontology.org/ontology/ATC/N07XX08","C2745274","T121","http://purl.bioontology.org/ontology/ATC/N07XX","Other nervous system drugs in ATC","Other nervous system drugs"
"http://healdb.org/rdf-schema#AI_2369","ACIDUM ALPHA-LIPOICUM","http://purl.bioontology.org/ontology/ATC/A16AX01","C0023791","T109","http://purl.bioontology.org/ontology/ATC/A16AX","Various alimentary tract and metabolism products",
"http://healdb.org/rdf-schema#AI_2369","ACIDUM ALPHA-LIPOICUM","http://purl.bioontology.org/ontology/ATC/A16AX01","C0023791","T121","http://purl.bioontology.org/ontology/ATC/A16AX","Various alimentary tract and metabolism products",
"http://healdb.org/rdf-schema#AI_2369","ACIDUM ALPHA-LIPOICUM","http://purl.bioontology.org/ontology/ATC/A16AX01","C0023791","T127","http://purl.bioontology.org/ontology/ATC/A16AX","Various alimentary tract and metabolism products",
"http://healdb.org/rdf-schema#AI_2370","INEBILIZUMABE","http://purl.bioontology.org/ontology/ATC/L04AG10","C4519594","T116","http://purl.bioontology.org/ontology/ATC/L04AG","Monoclonal antibodies",
"http://healdb.org/rdf-schema#AI_2370","INEBILIZUMABE","http://purl.bioontology.org/ontology/ATC/L04AG10","C4519594","T121","http://purl.bioontology.org/ontology/ATC/L04AG","Monoclonal antibodies",
"http://healdb.org/rdf-schema#AI_2370","INEBILIZUMABE","http://purl.bioontology.org/ontology/ATC/L04AG10","C4519594","T129","http://purl.bioontology.org/ontology/ATC/L04AG","Monoclonal antibodies",
"http://healdb.org/rdf-schema#AI_2371","MAVACANTENO","http://purl.bioontology.org/ontology/ATC/C01EB24","C4742219","T109","http://purl.bioontology.org/ontology/ATC/C01EB","Other plain cardiac preparations in ATC","Other cardiac preparations"
"http://healdb.org/rdf-schema#AI_2371","MAVACANTENO","http://purl.bioontology.org/ontology/ATC/C01EB24","C4742219","T121","http://purl.bioontology.org/ontology/ATC/C01EB","Other plain cardiac preparations in ATC","Other cardiac preparations"
"http://healdb.org/rdf-schema#AI_2372","FINERENONA","http://purl.bioontology.org/ontology/ATC/C03DA05","C4045511","T109","http://purl.bioontology.org/ontology/ATC/C03DA","Aldosterone antagonists",
"http://healdb.org/rdf-schema#AI_2372","FINERENONA","http://purl.bioontology.org/ontology/ATC/C03DA05","C4045511","T121","http://purl.bioontology.org/ontology/ATC/C03DA","Aldosterone antagonists",
"http://healdb.org/rdf-schema#AI_2379","MALEATO DE ACALABRUTINIBE MONOIDRATADO","http://purl.bioontology.org/ontology/ATC/L01EL02","C4078312","T109","http://purl.bioontology.org/ontology/ATC/L01EL","Bruton's tyrosine kinase (BTK) inhibitors",
"http://healdb.org/rdf-schema#AI_2379","MALEATO DE ACALABRUTINIBE MONOIDRATADO","http://purl.bioontology.org/ontology/ATC/L01EL02","C4078312","T121","http://purl.bioontology.org/ontology/ATC/L01EL","Bruton's tyrosine kinase (BTK) inhibitors",
"http://healdb.org/rdf-schema#AI_238","L-TRIPTOFANO","http://purl.bioontology.org/ontology/ATC/N06AX02","C0041249","T116","http://purl.bioontology.org/ontology/ATC/N06AX","Other antidepressants in ATC","Other antidepressants"
"http://healdb.org/rdf-schema#AI_238","L-TRIPTOFANO","http://purl.bioontology.org/ontology/ATC/N06AX02","C0041249","T121","http://purl.bioontology.org/ontology/ATC/N06AX","Other antidepressants in ATC","Other antidepressants"
"http://healdb.org/rdf-schema#AI_238","L-TRIPTOFANO","http://purl.bioontology.org/ontology/ATC/N06AX02","C0041249","T123","http://purl.bioontology.org/ontology/ATC/N06AX","Other antidepressants in ATC","Other antidepressants"
"http://healdb.org/rdf-schema#AI_2380","EDARAVONA","http://purl.bioontology.org/ontology/ATC/N07XX14","C0070694","T109","http://purl.bioontology.org/ontology/ATC/N07XX","Other nervous system drugs in ATC","Other nervous system drugs"
"http://healdb.org/rdf-schema#AI_2380","EDARAVONA","http://purl.bioontology.org/ontology/ATC/N07XX14","C0070694","T121","http://purl.bioontology.org/ontology/ATC/N07XX","Other nervous system drugs in ATC","Other nervous system drugs"
"http://healdb.org/rdf-schema#AI_2381","METRELEPTINA","http://purl.bioontology.org/ontology/ATC/A16AA07","C0961965","T116","http://purl.bioontology.org/ontology/ATC/A16AA","Amino acids and derivatives",
"http://healdb.org/rdf-schema#AI_2381","METRELEPTINA","http://purl.bioontology.org/ontology/ATC/A16AA07","C0961965","T121","http://purl.bioontology.org/ontology/ATC/A16AA","Amino acids and derivatives",
"http://healdb.org/rdf-schema#AI_2382","ESPESOLIMABE","http://purl.bioontology.org/ontology/ATC/L04AC22","C5238146","T116","http://purl.bioontology.org/ontology/ATC/L04AC","Interleukin inhibitors",
"http://healdb.org/rdf-schema#AI_2382","ESPESOLIMABE","http://purl.bioontology.org/ontology/ATC/L04AC22","C5238146","T121","http://purl.bioontology.org/ontology/ATC/L04AC","Interleukin inhibitors",
"http://healdb.org/rdf-schema#AI_2382","ESPESOLIMABE","http://purl.bioontology.org/ontology/ATC/L04AC22","C5238146","T129","http://purl.bioontology.org/ontology/ATC/L04AC","Interleukin inhibitors",
"http://healdb.org/rdf-schema#AI_2383","TECLISTAMABE","http://purl.bioontology.org/ontology/ATC/L01FX24","C5235398","T116","http://purl.bioontology.org/ontology/ATC/L01FX","Other monoclonal antibodies and antibody drug conjugates in ATC","Other monoclonal antibodies and antibody drug conjugates"
"http://healdb.org/rdf-schema#AI_2383","TECLISTAMABE","http://purl.bioontology.org/ontology/ATC/L01FX24","C5235398","T121","http://purl.bioontology.org/ontology/ATC/L01FX","Other monoclonal antibodies and antibody drug conjugates in ATC","Other monoclonal antibodies and antibody drug conjugates"
"http://healdb.org/rdf-schema#AI_2383","TECLISTAMABE","http://purl.bioontology.org/ontology/ATC/L01FX24","C5235398","T129","http://purl.bioontology.org/ontology/ATC/L01FX","Other monoclonal antibodies and antibody drug conjugates in ATC","Other monoclonal antibodies and antibody drug conjugates"
"http://healdb.org/rdf-schema#AI_2385","BESILATO DE LEVANLODIPINO HEMIPENTAIDRATADO","http://purl.bioontology.org/ontology/ATC/C08CA17","C2717539","T109","http://purl.bioontology.org/ontology/ATC/C08CA","Dihydropyridine derivative selective calcium channel blockers with mainly vascular effects","Dihydropyridine derivatives"
"http://healdb.org/rdf-schema#AI_2385","BESILATO DE LEVANLODIPINO HEMIPENTAIDRATADO","http://purl.bioontology.org/ontology/ATC/C08CA17","C2717539","T121","http://purl.bioontology.org/ontology/ATC/C08CA","Dihydropyridine derivative selective calcium channel blockers with mainly vascular effects","Dihydropyridine derivatives"
"http://healdb.org/rdf-schema#AI_2387","VERICIGUATE","http://purl.bioontology.org/ontology/ATC/C01DX22","C4078709","T109","http://purl.bioontology.org/ontology/ATC/C01DX","Other vasodilators used in cardiac diseases in ATC","Other vasodilators used in cardiac diseases"
"http://healdb.org/rdf-schema#AI_2387","VERICIGUATE","http://purl.bioontology.org/ontology/ATC/C01DX22","C4078709","T121","http://purl.bioontology.org/ontology/ATC/C01DX","Other vasodilators used in cardiac diseases in ATC","Other vasodilators used in cardiac diseases"
"http://healdb.org/rdf-schema#AI_2388","BELZUTIFANO","http://purl.bioontology.org/ontology/ATC/L01XX74","C5418188","T109","http://purl.bioontology.org/ontology/ATC/L01XX","Other antineoplastic agents in ATC","Other antineoplastic agents"
"http://healdb.org/rdf-schema#AI_2388","BELZUTIFANO","http://purl.bioontology.org/ontology/ATC/L01XX74","C5418188","T121","http://purl.bioontology.org/ontology/ATC/L01XX","Other antineoplastic agents in ATC","Other antineoplastic agents"
"http://healdb.org/rdf-schema#AI_2394","NAXITAMABE","http://purl.bioontology.org/ontology/ATC/L01FX21","C4733494","T116","http://purl.bioontology.org/ontology/ATC/L01FX","Other monoclonal antibodies and antibody drug conjugates in ATC","Other monoclonal antibodies and antibody drug conjugates"
"http://healdb.org/rdf-schema#AI_2394","NAXITAMABE","http://purl.bioontology.org/ontology/ATC/L01FX21","C4733494","T121","http://purl.bioontology.org/ontology/ATC/L01FX","Other monoclonal antibodies and antibody drug conjugates in ATC","Other monoclonal antibodies and antibody drug conjugates"
"http://healdb.org/rdf-schema#AI_2394","NAXITAMABE","http://purl.bioontology.org/ontology/ATC/L01FX21","C4733494","T129","http://purl.bioontology.org/ontology/ATC/L01FX","Other monoclonal antibodies and antibody drug conjugates in ATC","Other monoclonal antibodies and antibody drug conjugates"
"http://healdb.org/rdf-schema#AI_2395","TREMELIMUMABE","http://purl.bioontology.org/ontology/ATC/L01FX20","C2351038","T116","http://purl.bioontology.org/ontology/ATC/L01FX","Other monoclonal antibodies and antibody drug conjugates in ATC","Other monoclonal antibodies and antibody drug conjugates"
"http://healdb.org/rdf-schema#AI_2395","TREMELIMUMABE","http://purl.bioontology.org/ontology/ATC/L01FX20","C2351038","T121","http://purl.bioontology.org/ontology/ATC/L01FX","Other monoclonal antibodies and antibody drug conjugates in ATC","Other monoclonal antibodies and antibody drug conjugates"
"http://healdb.org/rdf-schema#AI_2395","TREMELIMUMABE","http://purl.bioontology.org/ontology/ATC/L01FX20","C2351038","T129","http://purl.bioontology.org/ontology/ATC/L01FX","Other monoclonal antibodies and antibody drug conjugates in ATC","Other monoclonal antibodies and antibody drug conjugates"
"http://healdb.org/rdf-schema#AI_2396","BALOXAVIR MARBOXILA","http://purl.bioontology.org/ontology/ATC/J05AX25","C4688747","T109","http://purl.bioontology.org/ontology/ATC/J05AX","Other antivirals in ATC","Other antivirals"
"http://healdb.org/rdf-schema#AI_2396","BALOXAVIR MARBOXILA","http://purl.bioontology.org/ontology/ATC/J05AX25","C4688747","T121","http://purl.bioontology.org/ontology/ATC/J05AX","Other antivirals in ATC","Other antivirals"
"http://healdb.org/rdf-schema#AI_2398","POLATUZUMABE VEDOTINA","http://purl.bioontology.org/ontology/ATC/L01FX14","C4078806","T116","http://purl.bioontology.org/ontology/ATC/L01FX","Other monoclonal antibodies and antibody drug conjugates in ATC","Other monoclonal antibodies and antibody drug conjugates"
"http://healdb.org/rdf-schema#AI_2398","POLATUZUMABE VEDOTINA","http://purl.bioontology.org/ontology/ATC/L01FX14","C4078806","T121","http://purl.bioontology.org/ontology/ATC/L01FX","Other monoclonal antibodies and antibody drug conjugates in ATC","Other monoclonal antibodies and antibody drug conjugates"
"http://healdb.org/rdf-schema#AI_2398","POLATUZUMABE VEDOTINA","http://purl.bioontology.org/ontology/ATC/L01FX14","C4078806","T129","http://purl.bioontology.org/ontology/ATC/L01FX","Other monoclonal antibodies and antibody drug conjugates in ATC","Other monoclonal antibodies and antibody drug conjugates"
"http://healdb.org/rdf-schema#AI_24","SELENATO DE SÓDIO","http://purl.bioontology.org/ontology/ATC/A12CE01","C0074765","T121","http://purl.bioontology.org/ontology/ATC/A12CE","Selenium supplements","Selenium"
"http://healdb.org/rdf-schema#AI_24","SELENATO DE SÓDIO","http://purl.bioontology.org/ontology/ATC/A12CE01","C0074765","T197","http://purl.bioontology.org/ontology/ATC/A12CE","Selenium supplements","Selenium"
"http://healdb.org/rdf-schema#AI_242","LUBIPROSTONA","http://purl.bioontology.org/ontology/ATC/A06AX03","C1684405","T109","http://purl.bioontology.org/ontology/ATC/A06AX","Other drugs for constipation in ATC","Other drugs for constipation"
"http://healdb.org/rdf-schema#AI_242","LUBIPROSTONA","http://purl.bioontology.org/ontology/ATC/A06AX03","C1684405","T121","http://purl.bioontology.org/ontology/ATC/A06AX","Other drugs for constipation in ATC","Other drugs for constipation"
"http://healdb.org/rdf-schema#AI_243","LISINA","http://purl.bioontology.org/ontology/ATC/B05XB03","C0024337","T116","http://purl.bioontology.org/ontology/ATC/B05XB","Amino Acids, I.V. solution additive","Amino acids"
"http://healdb.org/rdf-schema#AI_243","LISINA","http://purl.bioontology.org/ontology/ATC/B05XB03","C0024337","T121","http://purl.bioontology.org/ontology/ATC/B05XB","Amino Acids, I.V. solution additive","Amino acids"
"http://healdb.org/rdf-schema#AI_248","DROSPIRENONA","http://purl.bioontology.org/ontology/ATC/G03AC10","C0043822","T121","http://purl.bioontology.org/ontology/ATC/G03AC","Progestogen systemic hormonal contraceptives","Progestogens"
"http://healdb.org/rdf-schema#AI_248","DROSPIRENONA","http://purl.bioontology.org/ontology/ATC/G03AC10","C0043822","T125","http://purl.bioontology.org/ontology/ATC/G03AC","Progestogen systemic hormonal contraceptives","Progestogens"
"http://healdb.org/rdf-schema#AI_25","ÁCIDO ASCÓRBICO","http://purl.bioontology.org/ontology/ATC/A11G","C3653337","T109","http://purl.bioontology.org/ontology/ATC/A11","VITAMINS",
"http://healdb.org/rdf-schema#AI_25","ÁCIDO ASCÓRBICO","http://purl.bioontology.org/ontology/ATC/A11G","C3653337","T121","http://purl.bioontology.org/ontology/ATC/A11","VITAMINS",
"http://healdb.org/rdf-schema#AI_25","ÁCIDO ASCÓRBICO","http://purl.bioontology.org/ontology/ATC/A11G","C3653337","T127","http://purl.bioontology.org/ontology/ATC/A11","VITAMINS",
"http://healdb.org/rdf-schema#AI_25","ÁCIDO ASCÓRBICO","http://purl.bioontology.org/ontology/ATC/A11GA01","C0003968","T109","http://purl.bioontology.org/ontology/ATC/A11GA","vitamin C products, plain","Ascorbic acid (vitamin C), plain"
"http://healdb.org/rdf-schema#AI_25","ÁCIDO ASCÓRBICO","http://purl.bioontology.org/ontology/ATC/A11GA01","C0003968","T121","http://purl.bioontology.org/ontology/ATC/A11GA","vitamin C products, plain","Ascorbic acid (vitamin C), plain"
"http://healdb.org/rdf-schema#AI_25","ÁCIDO ASCÓRBICO","http://purl.bioontology.org/ontology/ATC/A11GA01","C0003968","T127","http://purl.bioontology.org/ontology/ATC/A11GA","vitamin C products, plain","Ascorbic acid (vitamin C), plain"
"http://healdb.org/rdf-schema#AI_25","ÁCIDO ASCÓRBICO","http://purl.bioontology.org/ontology/ATC/G01AD03","C0003968","T109","http://purl.bioontology.org/ontology/ATC/G01AD","Organic acids, Gynecological","Organic acids"
"http://healdb.org/rdf-schema#AI_25","ÁCIDO ASCÓRBICO","http://purl.bioontology.org/ontology/ATC/G01AD03","C0003968","T121","http://purl.bioontology.org/ontology/ATC/G01AD","Organic acids, Gynecological","Organic acids"
"http://healdb.org/rdf-schema#AI_25","ÁCIDO ASCÓRBICO","http://purl.bioontology.org/ontology/ATC/G01AD03","C0003968","T127","http://purl.bioontology.org/ontology/ATC/G01AD","Organic acids, Gynecological","Organic acids"
"http://healdb.org/rdf-schema#AI_25","ÁCIDO ASCÓRBICO","http://purl.bioontology.org/ontology/ATC/S01XA15","C0003968","T109","http://purl.bioontology.org/ontology/ATC/S01XA","Other ophthalmologicals in ATC","Other ophthalmologicals"
"http://healdb.org/rdf-schema#AI_25","ÁCIDO ASCÓRBICO","http://purl.bioontology.org/ontology/ATC/S01XA15","C0003968","T121","http://purl.bioontology.org/ontology/ATC/S01XA","Other ophthalmologicals in ATC","Other ophthalmologicals"
"http://healdb.org/rdf-schema#AI_25","ÁCIDO ASCÓRBICO","http://purl.bioontology.org/ontology/ATC/S01XA15","C0003968","T127","http://purl.bioontology.org/ontology/ATC/S01XA","Other ophthalmologicals in ATC","Other ophthalmologicals"
"http://healdb.org/rdf-schema#AI_251","AMOXICILINA","http://purl.bioontology.org/ontology/ATC/J01CA04","C0002645","T109","http://purl.bioontology.org/ontology/ATC/J01CA","Penicillins with extended spectrum",
"http://healdb.org/rdf-schema#AI_251","AMOXICILINA","http://purl.bioontology.org/ontology/ATC/J01CA04","C0002645","T195","http://purl.bioontology.org/ontology/ATC/J01CA","Penicillins with extended spectrum",
"http://healdb.org/rdf-schema#AI_252","AMPICILINA","http://purl.bioontology.org/ontology/ATC/J01CA01","C0002680","T109","http://purl.bioontology.org/ontology/ATC/J01CA","Penicillins with extended spectrum",
"http://healdb.org/rdf-schema#AI_252","AMPICILINA","http://purl.bioontology.org/ontology/ATC/J01CA01","C0002680","T195","http://purl.bioontology.org/ontology/ATC/J01CA","Penicillins with extended spectrum",
"http://healdb.org/rdf-schema#AI_252","AMPICILINA","http://purl.bioontology.org/ontology/ATC/S01AA19","C0002680","T109","http://purl.bioontology.org/ontology/ATC/S01AA","Antibiotics, ophthalmologic","Antibiotics"
"http://healdb.org/rdf-schema#AI_252","AMPICILINA","http://purl.bioontology.org/ontology/ATC/S01AA19","C0002680","T195","http://purl.bioontology.org/ontology/ATC/S01AA","Antibiotics, ophthalmologic","Antibiotics"
"http://healdb.org/rdf-schema#AI_253","AMPICILINA ANIDRA","http://purl.bioontology.org/ontology/ATC/J01CA01","C0002680","T109","http://purl.bioontology.org/ontology/ATC/J01CA","Penicillins with extended spectrum",
"http://healdb.org/rdf-schema#AI_253","AMPICILINA ANIDRA","http://purl.bioontology.org/ontology/ATC/J01CA01","C0002680","T195","http://purl.bioontology.org/ontology/ATC/J01CA","Penicillins with extended spectrum",
"http://healdb.org/rdf-schema#AI_253","AMPICILINA ANIDRA","http://purl.bioontology.org/ontology/ATC/S01AA19","C0002680","T109","http://purl.bioontology.org/ontology/ATC/S01AA","Antibiotics, ophthalmologic","Antibiotics"
"http://healdb.org/rdf-schema#AI_253","AMPICILINA ANIDRA","http://purl.bioontology.org/ontology/ATC/S01AA19","C0002680","T195","http://purl.bioontology.org/ontology/ATC/S01AA","Antibiotics, ophthalmologic","Antibiotics"
"http://healdb.org/rdf-schema#AI_255","AMPICILIN","http://purl.bioontology.org/ontology/ATC/J01CA01","C0002680","T109","http://purl.bioontology.org/ontology/ATC/J01CA","Penicillins with extended spectrum",
"http://healdb.org/rdf-schema#AI_255","AMPICILIN","http://purl.bioontology.org/ontology/ATC/J01CA01","C0002680","T195","http://purl.bioontology.org/ontology/ATC/J01CA","Penicillins with extended spectrum",
"http://healdb.org/rdf-schema#AI_255","AMPICILIN","http://purl.bioontology.org/ontology/ATC/S01AA19","C0002680","T109","http://purl.bioontology.org/ontology/ATC/S01AA","Antibiotics, ophthalmologic","Antibiotics"
"http://healdb.org/rdf-schema#AI_255","AMPICILIN","http://purl.bioontology.org/ontology/ATC/S01AA19","C0002680","T195","http://purl.bioontology.org/ontology/ATC/S01AA","Antibiotics, ophthalmologic","Antibiotics"
"http://healdb.org/rdf-schema#AI_260","TINIDAZOL","http://purl.bioontology.org/ontology/ATC/G01AF21","C0040263","T109","http://purl.bioontology.org/ontology/ATC/G01AF","Imidazole derivatives, gyncological antiinfectives","Imidazole derivatives"
"http://healdb.org/rdf-schema#AI_260","TINIDAZOL","http://purl.bioontology.org/ontology/ATC/G01AF21","C0040263","T121","http://purl.bioontology.org/ontology/ATC/G01AF","Imidazole derivatives, gyncological antiinfectives","Imidazole derivatives"
"http://healdb.org/rdf-schema#AI_260","TINIDAZOL","http://purl.bioontology.org/ontology/ATC/J01XD02","C0040263","T109","http://purl.bioontology.org/ontology/ATC/J01XD","Imidazole derivatives, antibacterial for systemic use","Imidazole derivatives"
"http://healdb.org/rdf-schema#AI_260","TINIDAZOL","http://purl.bioontology.org/ontology/ATC/J01XD02","C0040263","T121","http://purl.bioontology.org/ontology/ATC/J01XD","Imidazole derivatives, antibacterial for systemic use","Imidazole derivatives"
"http://healdb.org/rdf-schema#AI_260","TINIDAZOL","http://purl.bioontology.org/ontology/ATC/P01AB02","C0040263","T109","http://purl.bioontology.org/ontology/ATC/P01AB","Nitroimidazole derivatives, antiprotozoal agents against amoebiasis and other protozoal diseases","Nitroimidazole derivatives"
"http://healdb.org/rdf-schema#AI_260","TINIDAZOL","http://purl.bioontology.org/ontology/ATC/P01AB02","C0040263","T121","http://purl.bioontology.org/ontology/ATC/P01AB","Nitroimidazole derivatives, antiprotozoal agents against amoebiasis and other protozoal diseases","Nitroimidazole derivatives"
"http://healdb.org/rdf-schema#AI_261","CEFTRIAXONA","http://purl.bioontology.org/ontology/ATC/J01DD04","C0007561","T109","http://purl.bioontology.org/ontology/ATC/J01DD","Third-generation cephalosporins",
"http://healdb.org/rdf-schema#AI_261","CEFTRIAXONA","http://purl.bioontology.org/ontology/ATC/J01DD04","C0007561","T195","http://purl.bioontology.org/ontology/ATC/J01DD","Third-generation cephalosporins",
"http://healdb.org/rdf-schema#AI_265","CITRATO DE ORFENADRINA","http://purl.bioontology.org/ontology/ATC/M03BC01","C0029310","T109","http://purl.bioontology.org/ontology/ATC/M03BC","Ethers chemically close to antihistamines, centrally acting muscle relaxants","Ethers, chemically close to antihistamines"
"http://healdb.org/rdf-schema#AI_265","CITRATO DE ORFENADRINA","http://purl.bioontology.org/ontology/ATC/M03BC01","C0029310","T121","http://purl.bioontology.org/ontology/ATC/M03BC","Ethers chemically close to antihistamines, centrally acting muscle relaxants","Ethers, chemically close to antihistamines"
"http://healdb.org/rdf-schema#AI_267","ANASTROZOL","http://purl.bioontology.org/ontology/ATC/L02BG03","C0290883","T109","http://purl.bioontology.org/ontology/ATC/L02BG","Aromatase inhibitors",
"http://healdb.org/rdf-schema#AI_267","ANASTROZOL","http://purl.bioontology.org/ontology/ATC/L02BG03","C0290883","T121","http://purl.bioontology.org/ontology/ATC/L02BG","Aromatase inhibitors",
"http://healdb.org/rdf-schema#AI_272","BENZOCAÍNA","http://purl.bioontology.org/ontology/ATC/D04AB04","C0005059","T109","http://purl.bioontology.org/ontology/ATC/D04AB","Anesthetics for topical use",
"http://healdb.org/rdf-schema#AI_272","BENZOCAÍNA","http://purl.bioontology.org/ontology/ATC/D04AB04","C0005059","T121","http://purl.bioontology.org/ontology/ATC/D04AB","Anesthetics for topical use",
"http://healdb.org/rdf-schema#AI_272","BENZOCAÍNA","http://purl.bioontology.org/ontology/ATC/R02AD01","C0005059","T109","http://purl.bioontology.org/ontology/ATC/R02AD","local anesthetic throat preparations","Anesthetics, local"
"http://healdb.org/rdf-schema#AI_272","BENZOCAÍNA","http://purl.bioontology.org/ontology/ATC/R02AD01","C0005059","T121","http://purl.bioontology.org/ontology/ATC/R02AD","local anesthetic throat preparations","Anesthetics, local"
"http://healdb.org/rdf-schema#AI_272","BENZOCAÍNA","http://purl.bioontology.org/ontology/ATC/N01BA05","C0005059","T109","http://purl.bioontology.org/ontology/ATC/N01BA","Esters of aminobenzoic acid for local anesthesia","Esters of aminobenzoic acid"
"http://healdb.org/rdf-schema#AI_272","BENZOCAÍNA","http://purl.bioontology.org/ontology/ATC/N01BA05","C0005059","T121","http://purl.bioontology.org/ontology/ATC/N01BA","Esters of aminobenzoic acid for local anesthesia","Esters of aminobenzoic acid"
"http://healdb.org/rdf-schema#AI_272","BENZOCAÍNA","http://purl.bioontology.org/ontology/ATC/C05AD03","C0005059","T109","http://purl.bioontology.org/ontology/ATC/C05AD","Local anesthetics for treatment of hemorrhoids and anal fissures for topical use","Local anesthetics"
"http://healdb.org/rdf-schema#AI_272","BENZOCAÍNA","http://purl.bioontology.org/ontology/ATC/C05AD03","C0005059","T121","http://purl.bioontology.org/ontology/ATC/C05AD","Local anesthetics for treatment of hemorrhoids and anal fissures for topical use","Local anesthetics"
"http://healdb.org/rdf-schema#AI_273","TRICLOSANA","http://purl.bioontology.org/ontology/ATC/D09AA06","C0040958","T109","http://purl.bioontology.org/ontology/ATC/D09AA","Medicated dressings with antiinfectives",
"http://healdb.org/rdf-schema#AI_273","TRICLOSANA","http://purl.bioontology.org/ontology/ATC/D09AA06","C0040958","T121","http://purl.bioontology.org/ontology/ATC/D09AA","Medicated dressings with antiinfectives",
"http://healdb.org/rdf-schema#AI_273","TRICLOSANA","http://purl.bioontology.org/ontology/ATC/D08AE04","C0040958","T109","http://purl.bioontology.org/ontology/ATC/D08AE","Phenol and derivatives, antiseptics and disinfectants","Phenol and derivatives"
"http://healdb.org/rdf-schema#AI_273","TRICLOSANA","http://purl.bioontology.org/ontology/ATC/D08AE04","C0040958","T121","http://purl.bioontology.org/ontology/ATC/D08AE","Phenol and derivatives, antiseptics and disinfectants","Phenol and derivatives"
"http://healdb.org/rdf-schema#AI_274","HEXILRESORCINOL","http://purl.bioontology.org/ontology/ATC/R02AA12","C0019497","T109","http://purl.bioontology.org/ontology/ATC/R02AA","Antiseptic throat preparations","Antiseptics"
"http://healdb.org/rdf-schema#AI_274","HEXILRESORCINOL","http://purl.bioontology.org/ontology/ATC/R02AA12","C0019497","T121","http://purl.bioontology.org/ontology/ATC/R02AA","Antiseptic throat preparations","Antiseptics"
"http://healdb.org/rdf-schema#AI_275","PROPIONATO DE SÓDIO","http://purl.bioontology.org/ontology/ATC/S01AX10","C0142916","T109","http://purl.bioontology.org/ontology/ATC/S01AX","Other antiinfectives in ATC","Other antiinfectives"
"http://healdb.org/rdf-schema#AI_275","PROPIONATO DE SÓDIO","http://purl.bioontology.org/ontology/ATC/S01AX10","C0142916","T121","http://purl.bioontology.org/ontology/ATC/S01AX","Other antiinfectives in ATC","Other antiinfectives"
"http://healdb.org/rdf-schema#AI_278","ÁCIDO UNDECILÊNICO","http://purl.bioontology.org/ontology/ATC/D01AE04","C0041660","T109","http://purl.bioontology.org/ontology/ATC/D01AE","Other antifungals for topical use in ATC","Other antifungals for topical use"
"http://healdb.org/rdf-schema#AI_278","ÁCIDO UNDECILÊNICO","http://purl.bioontology.org/ontology/ATC/D01AE04","C0041660","T121","http://purl.bioontology.org/ontology/ATC/D01AE","Other antifungals for topical use in ATC","Other antifungals for topical use"
"http://healdb.org/rdf-schema#AI_278","ÁCIDO UNDECILÊNICO","http://purl.bioontology.org/ontology/ATC/D01AE04","C0041660","T123","http://purl.bioontology.org/ontology/ATC/D01AE","Other antifungals for topical use in ATC","Other antifungals for topical use"
"http://healdb.org/rdf-schema#AI_28","ACECLOFENACO","http://purl.bioontology.org/ontology/ATC/M01AB16","C0050403","T109","http://purl.bioontology.org/ontology/ATC/M01AB","Acetic acid derivatives and related substances",
"http://healdb.org/rdf-schema#AI_28","ACECLOFENACO","http://purl.bioontology.org/ontology/ATC/M01AB16","C0050403","T121","http://purl.bioontology.org/ontology/ATC/M01AB","Acetic acid derivatives and related substances",
"http://healdb.org/rdf-schema#AI_28","ACECLOFENACO","http://purl.bioontology.org/ontology/ATC/M02AA25","C0050403","T109","http://purl.bioontology.org/ontology/ATC/M02AA","Antiinflammatory preparations, non-steroids for topical use",
"http://healdb.org/rdf-schema#AI_28","ACECLOFENACO","http://purl.bioontology.org/ontology/ATC/M02AA25","C0050403","T121","http://purl.bioontology.org/ontology/ATC/M02AA","Antiinflammatory preparations, non-steroids for topical use",
"http://healdb.org/rdf-schema#AI_280","NORFLOXACINO","http://purl.bioontology.org/ontology/ATC/J01MA06","C0028365","T109","http://purl.bioontology.org/ontology/ATC/J01MA","Fluoroquinolone antibacterials, systemic","Fluoroquinolones"
"http://healdb.org/rdf-schema#AI_280","NORFLOXACINO","http://purl.bioontology.org/ontology/ATC/J01MA06","C0028365","T195","http://purl.bioontology.org/ontology/ATC/J01MA","Fluoroquinolone antibacterials, systemic","Fluoroquinolones"
"http://healdb.org/rdf-schema#AI_280","NORFLOXACINO","http://purl.bioontology.org/ontology/ATC/S01AE02","C0028365","T109","http://purl.bioontology.org/ontology/ATC/S01AE","Fluoroquinolone antiinfectives, ophthalmologic","Fluoroquinolones"
"http://healdb.org/rdf-schema#AI_280","NORFLOXACINO","http://purl.bioontology.org/ontology/ATC/S01AE02","C0028365","T195","http://purl.bioontology.org/ontology/ATC/S01AE","Fluoroquinolone antiinfectives, ophthalmologic","Fluoroquinolones"
"http://healdb.org/rdf-schema#AI_281","TESTOSTERONA","http://purl.bioontology.org/ontology/ATC/A14AA01","C0038148","T109","http://purl.bioontology.org/ontology/ATC/A14AA","Androstan derivatives",
"http://healdb.org/rdf-schema#AI_281","TESTOSTERONA","http://purl.bioontology.org/ontology/ATC/A14AA01","C0038148","T121","http://purl.bioontology.org/ontology/ATC/A14AA","Androstan derivatives",
"http://healdb.org/rdf-schema#AI_281","TESTOSTERONA","http://purl.bioontology.org/ontology/ATC/A14AA01","C0038148","T125","http://purl.bioontology.org/ontology/ATC/A14AA","Androstan derivatives",
"http://healdb.org/rdf-schema#AI_281","TESTOSTERONA","http://purl.bioontology.org/ontology/ATC/G03BA03","C0039601","T109","http://purl.bioontology.org/ontology/ATC/G03BA","3-oxoandrosten (4) derivatives",
"http://healdb.org/rdf-schema#AI_281","TESTOSTERONA","http://purl.bioontology.org/ontology/ATC/G03BA03","C0039601","T121","http://purl.bioontology.org/ontology/ATC/G03BA","3-oxoandrosten (4) derivatives",
"http://healdb.org/rdf-schema#AI_281","TESTOSTERONA","http://purl.bioontology.org/ontology/ATC/G03BA03","C0039601","T125","http://purl.bioontology.org/ontology/ATC/G03BA","3-oxoandrosten (4) derivatives",
"http://healdb.org/rdf-schema#AI_284","SULFATO FERROSO","http://purl.bioontology.org/ontology/ATC/B03AA07","C0060282","T121","http://purl.bioontology.org/ontology/ATC/B03AA","Iron bivalent, oral antianemic preparations","Iron bivalent, oral preparations"
"http://healdb.org/rdf-schema#AI_284","SULFATO FERROSO","http://purl.bioontology.org/ontology/ATC/B03AA07","C0060282","T197","http://purl.bioontology.org/ontology/ATC/B03AA","Iron bivalent, oral antianemic preparations","Iron bivalent, oral preparations"
"http://healdb.org/rdf-schema#AI_285","SULFATO FERROSO HEPTAIDRATADO","http://purl.bioontology.org/ontology/ATC/B03AA07","C0060282","T121","http://purl.bioontology.org/ontology/ATC/B03AA","Iron bivalent, oral antianemic preparations","Iron bivalent, oral preparations"
"http://healdb.org/rdf-schema#AI_285","SULFATO FERROSO HEPTAIDRATADO","http://purl.bioontology.org/ontology/ATC/B03AA07","C0060282","T197","http://purl.bioontology.org/ontology/ATC/B03AA","Iron bivalent, oral antianemic preparations","Iron bivalent, oral preparations"
"http://healdb.org/rdf-schema#AI_286","SEVOFLURANO","http://purl.bioontology.org/ontology/ATC/N01AB08","C0074414","T109","http://purl.bioontology.org/ontology/ATC/N01AB","Halogenated hydrocarbons, general anesthetics","Halogenated hydrocarbons"
"http://healdb.org/rdf-schema#AI_286","SEVOFLURANO","http://purl.bioontology.org/ontology/ATC/N01AB08","C0074414","T121","http://purl.bioontology.org/ontology/ATC/N01AB","Halogenated hydrocarbons, general anesthetics","Halogenated hydrocarbons"
"http://healdb.org/rdf-schema#AI_296","ANIDULAFUNGINA","http://purl.bioontology.org/ontology/ATC/J02AX06","C1142738","T116","http://purl.bioontology.org/ontology/ATC/J02AX","Other antimycotics for systemic use in ATC","Other antimycotics for systemic use"
"http://healdb.org/rdf-schema#AI_296","ANIDULAFUNGINA","http://purl.bioontology.org/ontology/ATC/J02AX06","C1142738","T121","http://purl.bioontology.org/ontology/ATC/J02AX","Other antimycotics for systemic use in ATC","Other antimycotics for systemic use"
"http://healdb.org/rdf-schema#AI_297","NITAZOXANIDA","http://purl.bioontology.org/ontology/ATC/P01AX11","C0068788","T109","http://purl.bioontology.org/ontology/ATC/P01AX","Other agents against amoebiasis and other protozoal diseases in ATC","Other agents against amoebiasis and other protozoal diseases"
"http://healdb.org/rdf-schema#AI_297","NITAZOXANIDA","http://purl.bioontology.org/ontology/ATC/P01AX11","C0068788","T121","http://purl.bioontology.org/ontology/ATC/P01AX","Other agents against amoebiasis and other protozoal diseases in ATC","Other agents against amoebiasis and other protozoal diseases"
"http://healdb.org/rdf-schema#AI_298","BROMETO DE UMECLIDÍNIO","http://purl.bioontology.org/ontology/ATC/R03BB07","C3709474","T109","http://purl.bioontology.org/ontology/ATC/R03BB","Anticholinergics inhalants for obstructive airway diseases","Anticholinergics"
"http://healdb.org/rdf-schema#AI_298","BROMETO DE UMECLIDÍNIO","http://purl.bioontology.org/ontology/ATC/R03BB07","C3709474","T121","http://purl.bioontology.org/ontology/ATC/R03BB","Anticholinergics inhalants for obstructive airway diseases","Anticholinergics"
"http://healdb.org/rdf-schema#AI_3","SALICILATO DE SÓDIO","http://purl.bioontology.org/ontology/ATC/N02BA04","C0037549","T109","http://purl.bioontology.org/ontology/ATC/N02BA","Salicylic acid and derivatives, analgesics and antipyretics","Salicylic acid and derivatives"
"http://healdb.org/rdf-schema#AI_3","SALICILATO DE SÓDIO","http://purl.bioontology.org/ontology/ATC/N02BA04","C0037549","T121","http://purl.bioontology.org/ontology/ATC/N02BA","Salicylic acid and derivatives, analgesics and antipyretics","Salicylic acid and derivatives"
"http://healdb.org/rdf-schema#AI_30","INDAPAMIDA","http://purl.bioontology.org/ontology/ATC/C03BA11","C0021186","T109","http://purl.bioontology.org/ontology/ATC/C03BA","sulfonamides, low-ceiling diuretics, plain","Sulfonamides, plain"
"http://healdb.org/rdf-schema#AI_30","INDAPAMIDA","http://purl.bioontology.org/ontology/ATC/C03BA11","C0021186","T121","http://purl.bioontology.org/ontology/ATC/C03BA","sulfonamides, low-ceiling diuretics, plain","Sulfonamides, plain"
"http://healdb.org/rdf-schema#AI_303","BROMAZEPAM","http://purl.bioontology.org/ontology/ATC/N05BA08","C0006213","T109","http://purl.bioontology.org/ontology/ATC/N05BA","Benzodiazepine derivative anxiolytics","Benzodiazepine derivatives"
"http://healdb.org/rdf-schema#AI_303","BROMAZEPAM","http://purl.bioontology.org/ontology/ATC/N05BA08","C0006213","T121","http://purl.bioontology.org/ontology/ATC/N05BA","Benzodiazepine derivative anxiolytics","Benzodiazepine derivatives"
"http://healdb.org/rdf-schema#AI_304","LORAZEPAM","http://purl.bioontology.org/ontology/ATC/N05BA06","C0024002","T109","http://purl.bioontology.org/ontology/ATC/N05BA","Benzodiazepine derivative anxiolytics","Benzodiazepine derivatives"
"http://healdb.org/rdf-schema#AI_304","LORAZEPAM","http://purl.bioontology.org/ontology/ATC/N05BA06","C0024002","T121","http://purl.bioontology.org/ontology/ATC/N05BA","Benzodiazepine derivative anxiolytics","Benzodiazepine derivatives"
"http://healdb.org/rdf-schema#AI_306","LEVETIRACETAM","http://purl.bioontology.org/ontology/ATC/N03AX14","C0377265","T109","http://purl.bioontology.org/ontology/ATC/N03AX","Other antiepileptics in ATC","Other antiepileptics"
"http://healdb.org/rdf-schema#AI_306","LEVETIRACETAM","http://purl.bioontology.org/ontology/ATC/N03AX14","C0377265","T121","http://purl.bioontology.org/ontology/ATC/N03AX","Other antiepileptics in ATC","Other antiepileptics"
"http://healdb.org/rdf-schema#AI_307","TOBRAMICINA","http://purl.bioontology.org/ontology/ATC/S01AA12","C0040341","T109","http://purl.bioontology.org/ontology/ATC/S01AA","Antibiotics, ophthalmologic","Antibiotics"
"http://healdb.org/rdf-schema#AI_307","TOBRAMICINA","http://purl.bioontology.org/ontology/ATC/S01AA12","C0040341","T195","http://purl.bioontology.org/ontology/ATC/S01AA","Antibiotics, ophthalmologic","Antibiotics"
"http://healdb.org/rdf-schema#AI_307","TOBRAMICINA","http://purl.bioontology.org/ontology/ATC/J01GB01","C0040341","T109","http://purl.bioontology.org/ontology/ATC/J01GB","Other aminoglycosides in ATC","Other aminoglycosides"
"http://healdb.org/rdf-schema#AI_307","TOBRAMICINA","http://purl.bioontology.org/ontology/ATC/J01GB01","C0040341","T195","http://purl.bioontology.org/ontology/ATC/J01GB","Other aminoglycosides in ATC","Other aminoglycosides"
"http://healdb.org/rdf-schema#AI_309","CLORETO DE BENZETÔNIO","http://purl.bioontology.org/ontology/ATC/D08AJ08","C0079015","T109","http://purl.bioontology.org/ontology/ATC/D08AJ","Quaternary ammonium compounds, antiseptics and disinfectants","Quaternary ammonium compounds"
"http://healdb.org/rdf-schema#AI_309","CLORETO DE BENZETÔNIO","http://purl.bioontology.org/ontology/ATC/D08AJ08","C0079015","T121","http://purl.bioontology.org/ontology/ATC/D08AJ","Quaternary ammonium compounds, antiseptics and disinfectants","Quaternary ammonium compounds"
"http://healdb.org/rdf-schema#AI_312","PROMESTRIENO","http://purl.bioontology.org/ontology/ATC/G03CA09","C0072151","T109","http://purl.bioontology.org/ontology/ATC/G03CA","Natural and semisynthetic estrogens, plain",
"http://healdb.org/rdf-schema#AI_312","PROMESTRIENO","http://purl.bioontology.org/ontology/ATC/G03CA09","C0072151","T121","http://purl.bioontology.org/ontology/ATC/G03CA","Natural and semisynthetic estrogens, plain",
"http://healdb.org/rdf-schema#AI_312","PROMESTRIENO","http://purl.bioontology.org/ontology/ATC/G03CA09","C0072151","T125","http://purl.bioontology.org/ontology/ATC/G03CA","Natural and semisynthetic estrogens, plain",
"http://healdb.org/rdf-schema#AI_313","LEVODROPROPIZINA","http://purl.bioontology.org/ontology/ATC/R05DB27","C0125654","T109","http://purl.bioontology.org/ontology/ATC/R05DB","Other cough suppressants in ATC","Other cough suppressants"
"http://healdb.org/rdf-schema#AI_313","LEVODROPROPIZINA","http://purl.bioontology.org/ontology/ATC/R05DB27","C0125654","T121","http://purl.bioontology.org/ontology/ATC/R05DB","Other cough suppressants in ATC","Other cough suppressants"
"http://healdb.org/rdf-schema#AI_314","LEVONORGESTREL","http://purl.bioontology.org/ontology/ATC/G03AD01","C0023566","T109","http://purl.bioontology.org/ontology/ATC/G03AD","Emergency contraceptive drugs","Emergency contraceptives"
"http://healdb.org/rdf-schema#AI_314","LEVONORGESTREL","http://purl.bioontology.org/ontology/ATC/G03AD01","C0023566","T121","http://purl.bioontology.org/ontology/ATC/G03AD","Emergency contraceptive drugs","Emergency contraceptives"
"http://healdb.org/rdf-schema#AI_314","LEVONORGESTREL","http://purl.bioontology.org/ontology/ATC/G03AD01","C0023566","T125","http://purl.bioontology.org/ontology/ATC/G03AD","Emergency contraceptive drugs","Emergency contraceptives"
"http://healdb.org/rdf-schema#AI_314","LEVONORGESTREL","http://purl.bioontology.org/ontology/ATC/G03AC03","C0023566","T109","http://purl.bioontology.org/ontology/ATC/G03AC","Progestogen systemic hormonal contraceptives","Progestogens"
"http://healdb.org/rdf-schema#AI_314","LEVONORGESTREL","http://purl.bioontology.org/ontology/ATC/G03AC03","C0023566","T121","http://purl.bioontology.org/ontology/ATC/G03AC","Progestogen systemic hormonal contraceptives","Progestogens"
"http://healdb.org/rdf-schema#AI_314","LEVONORGESTREL","http://purl.bioontology.org/ontology/ATC/G03AC03","C0023566","T125","http://purl.bioontology.org/ontology/ATC/G03AC","Progestogen systemic hormonal contraceptives","Progestogens"
"http://healdb.org/rdf-schema#AI_315","CAPTOPRIL","http://purl.bioontology.org/ontology/ATC/C09AA01","C0006938","T116","http://purl.bioontology.org/ontology/ATC/C09AA","ACE inhibitors, plain",
"http://healdb.org/rdf-schema#AI_315","CAPTOPRIL","http://purl.bioontology.org/ontology/ATC/C09AA01","C0006938","T121","http://purl.bioontology.org/ontology/ATC/C09AA","ACE inhibitors, plain",
"http://healdb.org/rdf-schema#AI_316","CAPECITABINA","http://purl.bioontology.org/ontology/ATC/L01BC06","C0671970","T114","http://purl.bioontology.org/ontology/ATC/L01BC","Pyrimidine analogues, antineoplastic antimetabolites","Pyrimidine analogues"
"http://healdb.org/rdf-schema#AI_316","CAPECITABINA","http://purl.bioontology.org/ontology/ATC/L01BC06","C0671970","T121","http://purl.bioontology.org/ontology/ATC/L01BC","Pyrimidine analogues, antineoplastic antimetabolites","Pyrimidine analogues"
"http://healdb.org/rdf-schema#AI_318","NICOTINAMIDA","http://purl.bioontology.org/ontology/ATC/A11HA01","C0028027","T109","http://purl.bioontology.org/ontology/ATC/A11HA","Other plain vitamin preparations in ATC","Other plain vitamin preparations"
"http://healdb.org/rdf-schema#AI_318","NICOTINAMIDA","http://purl.bioontology.org/ontology/ATC/A11HA01","C0028027","T121","http://purl.bioontology.org/ontology/ATC/A11HA","Other plain vitamin preparations in ATC","Other plain vitamin preparations"
"http://healdb.org/rdf-schema#AI_318","NICOTINAMIDA","http://purl.bioontology.org/ontology/ATC/A11HA01","C0028027","T127","http://purl.bioontology.org/ontology/ATC/A11HA","Other plain vitamin preparations in ATC","Other plain vitamin preparations"
"http://healdb.org/rdf-schema#AI_319","VITAMINA B2","http://purl.bioontology.org/ontology/ATC/S01XA26","C0035527","T109","http://purl.bioontology.org/ontology/ATC/S01XA","Other ophthalmologicals in ATC","Other ophthalmologicals"
"http://healdb.org/rdf-schema#AI_319","VITAMINA B2","http://purl.bioontology.org/ontology/ATC/S01XA26","C0035527","T121","http://purl.bioontology.org/ontology/ATC/S01XA","Other ophthalmologicals in ATC","Other ophthalmologicals"
"http://healdb.org/rdf-schema#AI_319","VITAMINA B2","http://purl.bioontology.org/ontology/ATC/S01XA26","C0035527","T127","http://purl.bioontology.org/ontology/ATC/S01XA","Other ophthalmologicals in ATC","Other ophthalmologicals"
"http://healdb.org/rdf-schema#AI_319","VITAMINA B2","http://purl.bioontology.org/ontology/ATC/A11HA04","C0035527","T109","http://purl.bioontology.org/ontology/ATC/A11HA","Other plain vitamin preparations in ATC","Other plain vitamin preparations"
"http://healdb.org/rdf-schema#AI_319","VITAMINA B2","http://purl.bioontology.org/ontology/ATC/A11HA04","C0035527","T121","http://purl.bioontology.org/ontology/ATC/A11HA","Other plain vitamin preparations in ATC","Other plain vitamin preparations"
"http://healdb.org/rdf-schema#AI_319","VITAMINA B2","http://purl.bioontology.org/ontology/ATC/A11HA04","C0035527","T127","http://purl.bioontology.org/ontology/ATC/A11HA","Other plain vitamin preparations in ATC","Other plain vitamin preparations"
"http://healdb.org/rdf-schema#AI_32","BESILATO DE ANLODIPINO","http://purl.bioontology.org/ontology/ATC/C08CA01","C0051696","T109","http://purl.bioontology.org/ontology/ATC/C08CA","Dihydropyridine derivative selective calcium channel blockers with mainly vascular effects","Dihydropyridine derivatives"
"http://healdb.org/rdf-schema#AI_32","BESILATO DE ANLODIPINO","http://purl.bioontology.org/ontology/ATC/C08CA01","C0051696","T121","http://purl.bioontology.org/ontology/ATC/C08CA","Dihydropyridine derivative selective calcium channel blockers with mainly vascular effects","Dihydropyridine derivatives"
"http://healdb.org/rdf-schema#AI_321","VITAMINA C","http://purl.bioontology.org/ontology/ATC/A11G","C3653337","T109","http://purl.bioontology.org/ontology/ATC/A11","VITAMINS",
"http://healdb.org/rdf-schema#AI_321","VITAMINA C","http://purl.bioontology.org/ontology/ATC/A11G","C3653337","T121","http://purl.bioontology.org/ontology/ATC/A11","VITAMINS",
"http://healdb.org/rdf-schema#AI_321","VITAMINA C","http://purl.bioontology.org/ontology/ATC/A11G","C3653337","T127","http://purl.bioontology.org/ontology/ATC/A11","VITAMINS",
"http://healdb.org/rdf-schema#AI_321","VITAMINA C","http://purl.bioontology.org/ontology/ATC/A11GA01","C0003968","T109","http://purl.bioontology.org/ontology/ATC/A11GA","vitamin C products, plain","Ascorbic acid (vitamin C), plain"
"http://healdb.org/rdf-schema#AI_321","VITAMINA C","http://purl.bioontology.org/ontology/ATC/A11GA01","C0003968","T121","http://purl.bioontology.org/ontology/ATC/A11GA","vitamin C products, plain","Ascorbic acid (vitamin C), plain"
"http://healdb.org/rdf-schema#AI_321","VITAMINA C","http://purl.bioontology.org/ontology/ATC/A11GA01","C0003968","T127","http://purl.bioontology.org/ontology/ATC/A11GA","vitamin C products, plain","Ascorbic acid (vitamin C), plain"
"http://healdb.org/rdf-schema#AI_321","VITAMINA C","http://purl.bioontology.org/ontology/ATC/G01AD03","C0003968","T109","http://purl.bioontology.org/ontology/ATC/G01AD","Organic acids, Gynecological","Organic acids"
"http://healdb.org/rdf-schema#AI_321","VITAMINA C","http://purl.bioontology.org/ontology/ATC/G01AD03","C0003968","T121","http://purl.bioontology.org/ontology/ATC/G01AD","Organic acids, Gynecological","Organic acids"
"http://healdb.org/rdf-schema#AI_321","VITAMINA C","http://purl.bioontology.org/ontology/ATC/G01AD03","C0003968","T127","http://purl.bioontology.org/ontology/ATC/G01AD","Organic acids, Gynecological","Organic acids"
"http://healdb.org/rdf-schema#AI_321","VITAMINA C","http://purl.bioontology.org/ontology/ATC/S01XA15","C0003968","T109","http://purl.bioontology.org/ontology/ATC/S01XA","Other ophthalmologicals in ATC","Other ophthalmologicals"
"http://healdb.org/rdf-schema#AI_321","VITAMINA C","http://purl.bioontology.org/ontology/ATC/S01XA15","C0003968","T121","http://purl.bioontology.org/ontology/ATC/S01XA","Other ophthalmologicals in ATC","Other ophthalmologicals"
"http://healdb.org/rdf-schema#AI_321","VITAMINA C","http://purl.bioontology.org/ontology/ATC/S01XA15","C0003968","T127","http://purl.bioontology.org/ontology/ATC/S01XA","Other ophthalmologicals in ATC","Other ophthalmologicals"
"http://healdb.org/rdf-schema#AI_324","INSULINA GLULISINA","http://purl.bioontology.org/ontology/ATC/A10AB06","C1313386","T116","http://purl.bioontology.org/ontology/ATC/A10AB","Insulins and analogues for injection, fast-acting",
"http://healdb.org/rdf-schema#AI_324","INSULINA GLULISINA","http://purl.bioontology.org/ontology/ATC/A10AB06","C1313386","T121","http://purl.bioontology.org/ontology/ATC/A10AB","Insulins and analogues for injection, fast-acting",
"http://healdb.org/rdf-schema#AI_324","INSULINA GLULISINA","http://purl.bioontology.org/ontology/ATC/A10AB06","C1313386","T125","http://purl.bioontology.org/ontology/ATC/A10AB","Insulins and analogues for injection, fast-acting",
"http://healdb.org/rdf-schema#AI_326","APIXABANA","http://purl.bioontology.org/ontology/ATC/B01AF02","C1831808","T109","http://purl.bioontology.org/ontology/ATC/B01AF","Direct factor Xa inhibitors",
"http://healdb.org/rdf-schema#AI_326","APIXABANA","http://purl.bioontology.org/ontology/ATC/B01AF02","C1831808","T121","http://purl.bioontology.org/ontology/ATC/B01AF","Direct factor Xa inhibitors",
"http://healdb.org/rdf-schema#AI_330","IRBESARTANA","http://purl.bioontology.org/ontology/ATC/C09CA04","C0288171","T109","http://purl.bioontology.org/ontology/ATC/C09CA","Angiotensin II receptor blockers (ARBs), plain",
"http://healdb.org/rdf-schema#AI_330","IRBESARTANA","http://purl.bioontology.org/ontology/ATC/C09CA04","C0288171","T121","http://purl.bioontology.org/ontology/ATC/C09CA","Angiotensin II receptor blockers (ARBs), plain",
"http://healdb.org/rdf-schema#AI_331","DESOGESTREL","http://purl.bioontology.org/ontology/ATC/G03AC09","C0057558","T109","http://purl.bioontology.org/ontology/ATC/G03AC","Progestogen systemic hormonal contraceptives","Progestogens"
"http://healdb.org/rdf-schema#AI_331","DESOGESTREL","http://purl.bioontology.org/ontology/ATC/G03AC09","C0057558","T121","http://purl.bioontology.org/ontology/ATC/G03AC","Progestogen systemic hormonal contraceptives","Progestogens"
"http://healdb.org/rdf-schema#AI_331","DESOGESTREL","http://purl.bioontology.org/ontology/ATC/G03AC09","C0057558","T125","http://purl.bioontology.org/ontology/ATC/G03AC","Progestogen systemic hormonal contraceptives","Progestogens"
"http://healdb.org/rdf-schema#AI_332","VALSARTANA","http://purl.bioontology.org/ontology/ATC/C09CA03","C0216784","T109","http://purl.bioontology.org/ontology/ATC/C09CA","Angiotensin II receptor blockers (ARBs), plain",
"http://healdb.org/rdf-schema#AI_332","VALSARTANA","http://purl.bioontology.org/ontology/ATC/C09CA03","C0216784","T121","http://purl.bioontology.org/ontology/ATC/C09CA","Angiotensin II receptor blockers (ARBs), plain",
"http://healdb.org/rdf-schema#AI_335","HEMITARTARATO DE METARAMINOL","http://purl.bioontology.org/ontology/ATC/C01CA09","C0025575","T109","http://purl.bioontology.org/ontology/ATC/C01CA","Adrenergic and dopaminergic cardiac stimulants","Adrenergic and dopaminergic agents"
"http://healdb.org/rdf-schema#AI_335","HEMITARTARATO DE METARAMINOL","http://purl.bioontology.org/ontology/ATC/C01CA09","C0025575","T121","http://purl.bioontology.org/ontology/ATC/C01CA","Adrenergic and dopaminergic cardiac stimulants","Adrenergic and dopaminergic agents"
"http://healdb.org/rdf-schema#AI_336","ALFADARBEPOETINA","http://purl.bioontology.org/ontology/ATC/B03XA02","C0937950","T116","http://purl.bioontology.org/ontology/ATC/B03XA","Other antianemic preparations in ATC","Other antianemic preparations"
"http://healdb.org/rdf-schema#AI_336","ALFADARBEPOETINA","http://purl.bioontology.org/ontology/ATC/B03XA02","C0937950","T121","http://purl.bioontology.org/ontology/ATC/B03XA","Other antianemic preparations in ATC","Other antianemic preparations"
"http://healdb.org/rdf-schema#AI_337","LEFLUNOMIDA","http://purl.bioontology.org/ontology/ATC/L04AK01","C0063041","T109","http://purl.bioontology.org/ontology/ATC/L04AK","Dihydroorotate dehydrogenase (DHODH) inhibitors",
"http://healdb.org/rdf-schema#AI_337","LEFLUNOMIDA","http://purl.bioontology.org/ontology/ATC/L04AK01","C0063041","T121","http://purl.bioontology.org/ontology/ATC/L04AK","Dihydroorotate dehydrogenase (DHODH) inhibitors",
"http://healdb.org/rdf-schema#AI_338","SULBUTIAMINA","http://purl.bioontology.org/ontology/ATC/A11DA02","C0075501","T109","http://purl.bioontology.org/ontology/ATC/A11DA","Vitamin B1, plain",
"http://healdb.org/rdf-schema#AI_338","SULBUTIAMINA","http://purl.bioontology.org/ontology/ATC/A11DA02","C0075501","T121","http://purl.bioontology.org/ontology/ATC/A11DA","Vitamin B1, plain",
"http://healdb.org/rdf-schema#AI_338","SULBUTIAMINA","http://purl.bioontology.org/ontology/ATC/A11DA02","C0075501","T127","http://purl.bioontology.org/ontology/ATC/A11DA","Vitamin B1, plain",
"http://healdb.org/rdf-schema#AI_339","ETORICOXIBE","http://purl.bioontology.org/ontology/ATC/M01AH05","C0972314","T109","http://purl.bioontology.org/ontology/ATC/M01AH","Coxibs",
"http://healdb.org/rdf-schema#AI_339","ETORICOXIBE","http://purl.bioontology.org/ontology/ATC/M01AH05","C0972314","T121","http://purl.bioontology.org/ontology/ATC/M01AH","Coxibs",
"http://healdb.org/rdf-schema#AI_342","NIMESULIDA","http://purl.bioontology.org/ontology/ATC/M02AA26","C0132515","T109","http://purl.bioontology.org/ontology/ATC/M02AA","Antiinflammatory preparations, non-steroids for topical use",
"http://healdb.org/rdf-schema#AI_342","NIMESULIDA","http://purl.bioontology.org/ontology/ATC/M02AA26","C0132515","T121","http://purl.bioontology.org/ontology/ATC/M02AA","Antiinflammatory preparations, non-steroids for topical use",
"http://healdb.org/rdf-schema#AI_342","NIMESULIDA","http://purl.bioontology.org/ontology/ATC/M01AX17","C0132515","T109","http://purl.bioontology.org/ontology/ATC/M01AX","Other antiinflammatory and antirheumatic agents, non-steroids in ATC","Other antiinflammatory and antirheumatic agents, non-steroids"
"http://healdb.org/rdf-schema#AI_342","NIMESULIDA","http://purl.bioontology.org/ontology/ATC/M01AX17","C0132515","T121","http://purl.bioontology.org/ontology/ATC/M01AX","Other antiinflammatory and antirheumatic agents, non-steroids in ATC","Other antiinflammatory and antirheumatic agents, non-steroids"
"http://healdb.org/rdf-schema#AI_346","HIDROCORTISONA","http://purl.bioontology.org/ontology/ATC/A01AC03","C0020268","T109","http://purl.bioontology.org/ontology/ATC/A01AC","Corticosteroids for local oral treatment",
"http://healdb.org/rdf-schema#AI_346","HIDROCORTISONA","http://purl.bioontology.org/ontology/ATC/A01AC03","C0020268","T121","http://purl.bioontology.org/ontology/ATC/A01AC","Corticosteroids for local oral treatment",
"http://healdb.org/rdf-schema#AI_346","HIDROCORTISONA","http://purl.bioontology.org/ontology/ATC/A01AC03","C0020268","T125","http://purl.bioontology.org/ontology/ATC/A01AC","Corticosteroids for local oral treatment",
"http://healdb.org/rdf-schema#AI_346","HIDROCORTISONA","http://purl.bioontology.org/ontology/ATC/A07EA02","C0020268","T109","http://purl.bioontology.org/ontology/ATC/A07EA","Corticosteroids acting locally",
"http://healdb.org/rdf-schema#AI_346","HIDROCORTISONA","http://purl.bioontology.org/ontology/ATC/A07EA02","C0020268","T121","http://purl.bioontology.org/ontology/ATC/A07EA","Corticosteroids acting locally",
"http://healdb.org/rdf-schema#AI_346","HIDROCORTISONA","http://purl.bioontology.org/ontology/ATC/A07EA02","C0020268","T125","http://purl.bioontology.org/ontology/ATC/A07EA","Corticosteroids acting locally",
"http://healdb.org/rdf-schema#AI_346","HIDROCORTISONA","http://purl.bioontology.org/ontology/ATC/D07AA02","C0020268","T109","http://purl.bioontology.org/ontology/ATC/D07AA","Corticosteroids, weak (group I)",
"http://healdb.org/rdf-schema#AI_346","HIDROCORTISONA","http://purl.bioontology.org/ontology/ATC/D07AA02","C0020268","T121","http://purl.bioontology.org/ontology/ATC/D07AA","Corticosteroids, weak (group I)",
"http://healdb.org/rdf-schema#AI_346","HIDROCORTISONA","http://purl.bioontology.org/ontology/ATC/D07AA02","C0020268","T125","http://purl.bioontology.org/ontology/ATC/D07AA","Corticosteroids, weak (group I)",
"http://healdb.org/rdf-schema#AI_346","HIDROCORTISONA","http://purl.bioontology.org/ontology/ATC/D07XA01","C0020268","T109","http://purl.bioontology.org/ontology/ATC/D07XA","Corticosteroids, weak, other combinations",
"http://healdb.org/rdf-schema#AI_346","HIDROCORTISONA","http://purl.bioontology.org/ontology/ATC/D07XA01","C0020268","T121","http://purl.bioontology.org/ontology/ATC/D07XA","Corticosteroids, weak, other combinations",
"http://healdb.org/rdf-schema#AI_346","HIDROCORTISONA","http://purl.bioontology.org/ontology/ATC/D07XA01","C0020268","T125","http://purl.bioontology.org/ontology/ATC/D07XA","Corticosteroids, weak, other combinations",
"http://healdb.org/rdf-schema#AI_346","HIDROCORTISONA","http://purl.bioontology.org/ontology/ATC/S01CB03","C0020268","T109","http://purl.bioontology.org/ontology/ATC/S01CB","Corticosteroids/antiinfectives/mydriatics in combination",
"http://healdb.org/rdf-schema#AI_346","HIDROCORTISONA","http://purl.bioontology.org/ontology/ATC/S01CB03","C0020268","T121","http://purl.bioontology.org/ontology/ATC/S01CB","Corticosteroids/antiinfectives/mydriatics in combination",
"http://healdb.org/rdf-schema#AI_346","HIDROCORTISONA","http://purl.bioontology.org/ontology/ATC/S01CB03","C0020268","T125","http://purl.bioontology.org/ontology/ATC/S01CB","Corticosteroids/antiinfectives/mydriatics in combination",
"http://healdb.org/rdf-schema#AI_346","HIDROCORTISONA","http://purl.bioontology.org/ontology/ATC/S02BA01","C0020268","T109","http://purl.bioontology.org/ontology/ATC/S02BA","Corticosteroids",
"http://healdb.org/rdf-schema#AI_346","HIDROCORTISONA","http://purl.bioontology.org/ontology/ATC/S02BA01","C0020268","T121","http://purl.bioontology.org/ontology/ATC/S02BA","Corticosteroids",
"http://healdb.org/rdf-schema#AI_346","HIDROCORTISONA","http://purl.bioontology.org/ontology/ATC/S02BA01","C0020268","T125","http://purl.bioontology.org/ontology/ATC/S02BA","Corticosteroids",
"http://healdb.org/rdf-schema#AI_346","HIDROCORTISONA","http://purl.bioontology.org/ontology/ATC/C05AA01","C0020268","T109","http://purl.bioontology.org/ontology/ATC/C05AA","Corticosteroids, topical for treatment of hemorrhoids and anal fissures","Corticosteroids"
"http://healdb.org/rdf-schema#AI_346","HIDROCORTISONA","http://purl.bioontology.org/ontology/ATC/C05AA01","C0020268","T121","http://purl.bioontology.org/ontology/ATC/C05AA","Corticosteroids, topical for treatment of hemorrhoids and anal fissures","Corticosteroids"
"http://healdb.org/rdf-schema#AI_346","HIDROCORTISONA","http://purl.bioontology.org/ontology/ATC/C05AA01","C0020268","T125","http://purl.bioontology.org/ontology/ATC/C05AA","Corticosteroids, topical for treatment of hemorrhoids and anal fissures","Corticosteroids"
"http://healdb.org/rdf-schema#AI_346","HIDROCORTISONA","http://purl.bioontology.org/ontology/ATC/S01BA02","C0020268","T109","http://purl.bioontology.org/ontology/ATC/S01BA","Corticosteroid ophthalmologic antiinflammatory agents, plain","Corticosteroids, plain"
"http://healdb.org/rdf-schema#AI_346","HIDROCORTISONA","http://purl.bioontology.org/ontology/ATC/S01BA02","C0020268","T121","http://purl.bioontology.org/ontology/ATC/S01BA","Corticosteroid ophthalmologic antiinflammatory agents, plain","Corticosteroids, plain"
"http://healdb.org/rdf-schema#AI_346","HIDROCORTISONA","http://purl.bioontology.org/ontology/ATC/S01BA02","C0020268","T125","http://purl.bioontology.org/ontology/ATC/S01BA","Corticosteroid ophthalmologic antiinflammatory agents, plain","Corticosteroids, plain"
"http://healdb.org/rdf-schema#AI_346","HIDROCORTISONA","http://purl.bioontology.org/ontology/ATC/H02AB09","C0020268","T109","http://purl.bioontology.org/ontology/ATC/H02AB","Glucocorticoids, Systemic","Glucocorticoids"
"http://healdb.org/rdf-schema#AI_346","HIDROCORTISONA","http://purl.bioontology.org/ontology/ATC/H02AB09","C0020268","T121","http://purl.bioontology.org/ontology/ATC/H02AB","Glucocorticoids, Systemic","Glucocorticoids"
"http://healdb.org/rdf-schema#AI_346","HIDROCORTISONA","http://purl.bioontology.org/ontology/ATC/H02AB09","C0020268","T125","http://purl.bioontology.org/ontology/ATC/H02AB","Glucocorticoids, Systemic","Glucocorticoids"
"http://healdb.org/rdf-schema#AI_35","ETINILESTRADIOL","http://purl.bioontology.org/ontology/ATC/G03CA01","C0015011","T109","http://purl.bioontology.org/ontology/ATC/G03CA","Natural and semisynthetic estrogens, plain",
"http://healdb.org/rdf-schema#AI_35","ETINILESTRADIOL","http://purl.bioontology.org/ontology/ATC/G03CA01","C0015011","T121","http://purl.bioontology.org/ontology/ATC/G03CA","Natural and semisynthetic estrogens, plain",
"http://healdb.org/rdf-schema#AI_35","ETINILESTRADIOL","http://purl.bioontology.org/ontology/ATC/G03CA01","C0015011","T125","http://purl.bioontology.org/ontology/ATC/G03CA","Natural and semisynthetic estrogens, plain",
"http://healdb.org/rdf-schema#AI_35","ETINILESTRADIOL","http://purl.bioontology.org/ontology/ATC/L02AA03","C0015011","T109","http://purl.bioontology.org/ontology/ATC/L02AA","Estrogens, endocrine therapy drugs","Estrogens"
"http://healdb.org/rdf-schema#AI_35","ETINILESTRADIOL","http://purl.bioontology.org/ontology/ATC/L02AA03","C0015011","T121","http://purl.bioontology.org/ontology/ATC/L02AA","Estrogens, endocrine therapy drugs","Estrogens"
"http://healdb.org/rdf-schema#AI_35","ETINILESTRADIOL","http://purl.bioontology.org/ontology/ATC/L02AA03","C0015011","T125","http://purl.bioontology.org/ontology/ATC/L02AA","Estrogens, endocrine therapy drugs","Estrogens"
"http://healdb.org/rdf-schema#AI_353","EXEMESTANO","http://purl.bioontology.org/ontology/ATC/L02BG06","C0851344","T109","http://purl.bioontology.org/ontology/ATC/L02BG","Aromatase inhibitors",
"http://healdb.org/rdf-schema#AI_353","EXEMESTANO","http://purl.bioontology.org/ontology/ATC/L02BG06","C0851344","T121","http://purl.bioontology.org/ontology/ATC/L02BG","Aromatase inhibitors",
"http://healdb.org/rdf-schema#AI_356","HIPROMELOSE","http://purl.bioontology.org/ontology/ATC/S01KA02","C0063242","T109","http://purl.bioontology.org/ontology/ATC/S01KA","Viscoelastic substances",
"http://healdb.org/rdf-schema#AI_356","HIPROMELOSE","http://purl.bioontology.org/ontology/ATC/S01KA02","C0063242","T121","http://purl.bioontology.org/ontology/ATC/S01KA","Viscoelastic substances",
"http://healdb.org/rdf-schema#AI_358","ARTESUNATO","http://purl.bioontology.org/ontology/ATC/P01BE03","C0052432","T109","http://purl.bioontology.org/ontology/ATC/P01BE","Artemisinin and derivatives, plain",
"http://healdb.org/rdf-schema#AI_358","ARTESUNATO","http://purl.bioontology.org/ontology/ATC/P01BE03","C0052432","T121","http://purl.bioontology.org/ontology/ATC/P01BE","Artemisinin and derivatives, plain",
"http://healdb.org/rdf-schema#AI_36","ACETATO DE CLORMADINONA","http://purl.bioontology.org/ontology/ATC/G03DB06","C0262965","T109","http://purl.bioontology.org/ontology/ATC/G03DB","Pregnadien derivatives, progestogens","Pregnadien derivatives"
"http://healdb.org/rdf-schema#AI_36","ACETATO DE CLORMADINONA","http://purl.bioontology.org/ontology/ATC/G03DB06","C0262965","T121","http://purl.bioontology.org/ontology/ATC/G03DB","Pregnadien derivatives, progestogens","Pregnadien derivatives"
"http://healdb.org/rdf-schema#AI_362","TROMBINA","http://purl.bioontology.org/ontology/ATC/B02BC06","C0040018","T116","http://purl.bioontology.org/ontology/ATC/B02BC","Local hemostatics",
"http://healdb.org/rdf-schema#AI_362","TROMBINA","http://purl.bioontology.org/ontology/ATC/B02BC06","C0040018","T121","http://purl.bioontology.org/ontology/ATC/B02BC","Local hemostatics",
"http://healdb.org/rdf-schema#AI_362","TROMBINA","http://purl.bioontology.org/ontology/ATC/B02BC06","C0040018","T126","http://purl.bioontology.org/ontology/ATC/B02BC","Local hemostatics",
"http://healdb.org/rdf-schema#AI_362","TROMBINA","http://purl.bioontology.org/ontology/ATC/B02BD30","C0040018","T116","http://purl.bioontology.org/ontology/ATC/B02BD","Blood coagulation factors",
"http://healdb.org/rdf-schema#AI_362","TROMBINA","http://purl.bioontology.org/ontology/ATC/B02BD30","C0040018","T121","http://purl.bioontology.org/ontology/ATC/B02BD","Blood coagulation factors",
"http://healdb.org/rdf-schema#AI_362","TROMBINA","http://purl.bioontology.org/ontology/ATC/B02BD30","C0040018","T126","http://purl.bioontology.org/ontology/ATC/B02BD","Blood coagulation factors",
"http://healdb.org/rdf-schema#AI_365","MELOXICAM","http://purl.bioontology.org/ontology/ATC/M01AC06","C0083381","T109","http://purl.bioontology.org/ontology/ATC/M01AC","Oxicams, antiinflammatory and antirheumatic drugs","Oxicams"
"http://healdb.org/rdf-schema#AI_365","MELOXICAM","http://purl.bioontology.org/ontology/ATC/M01AC06","C0083381","T121","http://purl.bioontology.org/ontology/ATC/M01AC","Oxicams, antiinflammatory and antirheumatic drugs","Oxicams"
"http://healdb.org/rdf-schema#AI_366","DIACEREÍNA","http://purl.bioontology.org/ontology/ATC/M01AX21","C0057678","T109","http://purl.bioontology.org/ontology/ATC/M01AX","Other antiinflammatory and antirheumatic agents, non-steroids in ATC","Other antiinflammatory and antirheumatic agents, non-steroids"
"http://healdb.org/rdf-schema#AI_366","DIACEREÍNA","http://purl.bioontology.org/ontology/ATC/M01AX21","C0057678","T121","http://purl.bioontology.org/ontology/ATC/M01AX","Other antiinflammatory and antirheumatic agents, non-steroids in ATC","Other antiinflammatory and antirheumatic agents, non-steroids"
"http://healdb.org/rdf-schema#AI_367","SULFATO DE CONDROITINA","http://purl.bioontology.org/ontology/ATC/M01AX25","C0008466","T109","http://purl.bioontology.org/ontology/ATC/M01AX","Other antiinflammatory and antirheumatic agents, non-steroids in ATC","Other antiinflammatory and antirheumatic agents, non-steroids"
"http://healdb.org/rdf-schema#AI_367","SULFATO DE CONDROITINA","http://purl.bioontology.org/ontology/ATC/M01AX25","C0008466","T121","http://purl.bioontology.org/ontology/ATC/M01AX","Other antiinflammatory and antirheumatic agents, non-steroids in ATC","Other antiinflammatory and antirheumatic agents, non-steroids"
"http://healdb.org/rdf-schema#AI_367","SULFATO DE CONDROITINA","http://purl.bioontology.org/ontology/ATC/M01AX25","C0008466","T123","http://purl.bioontology.org/ontology/ATC/M01AX","Other antiinflammatory and antirheumatic agents, non-steroids in ATC","Other antiinflammatory and antirheumatic agents, non-steroids"
"http://healdb.org/rdf-schema#AI_368","OLMESARTANA MEDOXOMILA","http://purl.bioontology.org/ontology/ATC/C09CA08","C0386393","T109","http://purl.bioontology.org/ontology/ATC/C09CA","Angiotensin II receptor blockers (ARBs), plain",
"http://healdb.org/rdf-schema#AI_368","OLMESARTANA MEDOXOMILA","http://purl.bioontology.org/ontology/ATC/C09CA08","C0386393","T121","http://purl.bioontology.org/ontology/ATC/C09CA","Angiotensin II receptor blockers (ARBs), plain",
"http://healdb.org/rdf-schema#AI_370","ÁCIDO ACETILSALICILSALICÍLICO","http://purl.bioontology.org/ontology/ATC/B01AC06","C0004057","T109","http://purl.bioontology.org/ontology/ATC/B01AC","Platelet aggregation inhibitors excl. heparin",
"http://healdb.org/rdf-schema#AI_370","ÁCIDO ACETILSALICILSALICÍLICO","http://purl.bioontology.org/ontology/ATC/B01AC06","C0004057","T121","http://purl.bioontology.org/ontology/ATC/B01AC","Platelet aggregation inhibitors excl. heparin",
"http://healdb.org/rdf-schema#AI_370","ÁCIDO ACETILSALICILSALICÍLICO","http://purl.bioontology.org/ontology/ATC/A01AD05","C0004057","T109","http://purl.bioontology.org/ontology/ATC/A01AD","Other agents for local oral treatment in ATC","Other agents for local oral treatment"
"http://healdb.org/rdf-schema#AI_370","ÁCIDO ACETILSALICILSALICÍLICO","http://purl.bioontology.org/ontology/ATC/A01AD05","C0004057","T121","http://purl.bioontology.org/ontology/ATC/A01AD","Other agents for local oral treatment in ATC","Other agents for local oral treatment"
"http://healdb.org/rdf-schema#AI_370","ÁCIDO ACETILSALICILSALICÍLICO","http://purl.bioontology.org/ontology/ATC/N02BA01","C0004057","T109","http://purl.bioontology.org/ontology/ATC/N02BA","Salicylic acid and derivatives, analgesics and antipyretics","Salicylic acid and derivatives"
"http://healdb.org/rdf-schema#AI_370","ÁCIDO ACETILSALICILSALICÍLICO","http://purl.bioontology.org/ontology/ATC/N02BA01","C0004057","T121","http://purl.bioontology.org/ontology/ATC/N02BA","Salicylic acid and derivatives, analgesics and antipyretics","Salicylic acid and derivatives"
"http://healdb.org/rdf-schema#AI_373","BESILATO DE LEVANLODIPINO","http://purl.bioontology.org/ontology/ATC/C08CA17","C2717539","T109","http://purl.bioontology.org/ontology/ATC/C08CA","Dihydropyridine derivative selective calcium channel blockers with mainly vascular effects","Dihydropyridine derivatives"
"http://healdb.org/rdf-schema#AI_373","BESILATO DE LEVANLODIPINO","http://purl.bioontology.org/ontology/ATC/C08CA17","C2717539","T121","http://purl.bioontology.org/ontology/ATC/C08CA","Dihydropyridine derivative selective calcium channel blockers with mainly vascular effects","Dihydropyridine derivatives"
"http://healdb.org/rdf-schema#AI_377","UNDECILATO DE TESTOSTERONA","http://purl.bioontology.org/ontology/ATC/G03BA03","C0039601","T109","http://purl.bioontology.org/ontology/ATC/G03BA","3-oxoandrosten (4) derivatives",
"http://healdb.org/rdf-schema#AI_377","UNDECILATO DE TESTOSTERONA","http://purl.bioontology.org/ontology/ATC/G03BA03","C0039601","T121","http://purl.bioontology.org/ontology/ATC/G03BA","3-oxoandrosten (4) derivatives",
"http://healdb.org/rdf-schema#AI_377","UNDECILATO DE TESTOSTERONA","http://purl.bioontology.org/ontology/ATC/G03BA03","C0039601","T125","http://purl.bioontology.org/ontology/ATC/G03BA","3-oxoandrosten (4) derivatives",
"http://healdb.org/rdf-schema#AI_380","DROPROPIZINA","http://purl.bioontology.org/ontology/ATC/R05DB19","C0058425","T109","http://purl.bioontology.org/ontology/ATC/R05DB","Other cough suppressants in ATC","Other cough suppressants"
"http://healdb.org/rdf-schema#AI_380","DROPROPIZINA","http://purl.bioontology.org/ontology/ATC/R05DB19","C0058425","T121","http://purl.bioontology.org/ontology/ATC/R05DB","Other cough suppressants in ATC","Other cough suppressants"
"http://healdb.org/rdf-schema#AI_386","TERIFLUNOMIDA","http://purl.bioontology.org/ontology/ATC/L04AK02","C1718383","T109","http://purl.bioontology.org/ontology/ATC/L04AK","Dihydroorotate dehydrogenase (DHODH) inhibitors",
"http://healdb.org/rdf-schema#AI_386","TERIFLUNOMIDA","http://purl.bioontology.org/ontology/ATC/L04AK02","C1718383","T121","http://purl.bioontology.org/ontology/ATC/L04AK","Dihydroorotate dehydrogenase (DHODH) inhibitors",
"http://healdb.org/rdf-schema#AI_387","FENOL","http://purl.bioontology.org/ontology/ATC/C05BB05","C0070570","T109","http://purl.bioontology.org/ontology/ATC/C05BB","Sclerosing agents for local injection",
"http://healdb.org/rdf-schema#AI_387","FENOL","http://purl.bioontology.org/ontology/ATC/C05BB05","C0070570","T121","http://purl.bioontology.org/ontology/ATC/C05BB","Sclerosing agents for local injection",
"http://healdb.org/rdf-schema#AI_387","FENOL","http://purl.bioontology.org/ontology/ATC/R02AA19","C0070570","T109","http://purl.bioontology.org/ontology/ATC/R02AA","Antiseptic throat preparations","Antiseptics"
"http://healdb.org/rdf-schema#AI_387","FENOL","http://purl.bioontology.org/ontology/ATC/R02AA19","C0070570","T121","http://purl.bioontology.org/ontology/ATC/R02AA","Antiseptic throat preparations","Antiseptics"
"http://healdb.org/rdf-schema#AI_387","FENOL","http://purl.bioontology.org/ontology/ATC/N01BX03","C0070570","T109","http://purl.bioontology.org/ontology/ATC/N01BX","Other local anesthetics in ATC","Other local anesthetics"
"http://healdb.org/rdf-schema#AI_387","FENOL","http://purl.bioontology.org/ontology/ATC/N01BX03","C0070570","T121","http://purl.bioontology.org/ontology/ATC/N01BX","Other local anesthetics in ATC","Other local anesthetics"
"http://healdb.org/rdf-schema#AI_387","FENOL","http://purl.bioontology.org/ontology/ATC/D08AE03","C0070570","T109","http://purl.bioontology.org/ontology/ATC/D08AE","Phenol and derivatives, antiseptics and disinfectants","Phenol and derivatives"
"http://healdb.org/rdf-schema#AI_387","FENOL","http://purl.bioontology.org/ontology/ATC/D08AE03","C0070570","T121","http://purl.bioontology.org/ontology/ATC/D08AE","Phenol and derivatives, antiseptics and disinfectants","Phenol and derivatives"
"http://healdb.org/rdf-schema#AI_390","DEUTETRABENAZINA","http://purl.bioontology.org/ontology/ATC/N07XX16","C4277781","T109","http://purl.bioontology.org/ontology/ATC/N07XX","Other nervous system drugs in ATC","Other nervous system drugs"
"http://healdb.org/rdf-schema#AI_390","DEUTETRABENAZINA","http://purl.bioontology.org/ontology/ATC/N07XX16","C4277781","T121","http://purl.bioontology.org/ontology/ATC/N07XX","Other nervous system drugs in ATC","Other nervous system drugs"
"http://healdb.org/rdf-schema#AI_392","FUROATO DE FLUTICASONA","http://purl.bioontology.org/ontology/ATC/R01AD12","C1948374","T109","http://purl.bioontology.org/ontology/ATC/R01AD","Corticosteroid nasal preparations for topical use","Corticosteroids"
"http://healdb.org/rdf-schema#AI_392","FUROATO DE FLUTICASONA","http://purl.bioontology.org/ontology/ATC/R01AD12","C1948374","T121","http://purl.bioontology.org/ontology/ATC/R01AD","Corticosteroid nasal preparations for topical use","Corticosteroids"
"http://healdb.org/rdf-schema#AI_392","FUROATO DE FLUTICASONA","http://purl.bioontology.org/ontology/ATC/R03BA09","C1948374","T109","http://purl.bioontology.org/ontology/ATC/R03BA","Glucocorticoid inhalants for obstructive airway disease","Glucocorticoids"
"http://healdb.org/rdf-schema#AI_392","FUROATO DE FLUTICASONA","http://purl.bioontology.org/ontology/ATC/R03BA09","C1948374","T121","http://purl.bioontology.org/ontology/ATC/R03BA","Glucocorticoid inhalants for obstructive airway disease","Glucocorticoids"
"http://healdb.org/rdf-schema#AI_393","BEVACIZUMABE","http://purl.bioontology.org/ontology/ATC/L01FG01","C0796392","T116","http://purl.bioontology.org/ontology/ATC/L01FG","VEGF/VEGFR (Vascular Endothelial Growth Factor) inhibitors",
"http://healdb.org/rdf-schema#AI_393","BEVACIZUMABE","http://purl.bioontology.org/ontology/ATC/L01FG01","C0796392","T121","http://purl.bioontology.org/ontology/ATC/L01FG","VEGF/VEGFR (Vascular Endothelial Growth Factor) inhibitors",
"http://healdb.org/rdf-schema#AI_393","BEVACIZUMABE","http://purl.bioontology.org/ontology/ATC/L01FG01","C0796392","T129","http://purl.bioontology.org/ontology/ATC/L01FG","VEGF/VEGFR (Vascular Endothelial Growth Factor) inhibitors",
"http://healdb.org/rdf-schema#AI_393","BEVACIZUMABE","http://purl.bioontology.org/ontology/ATC/S01LA08","C0796392","T116","http://purl.bioontology.org/ontology/ATC/S01LA","Antineovascularisation agents",
"http://healdb.org/rdf-schema#AI_393","BEVACIZUMABE","http://purl.bioontology.org/ontology/ATC/S01LA08","C0796392","T121","http://purl.bioontology.org/ontology/ATC/S01LA","Antineovascularisation agents",
"http://healdb.org/rdf-schema#AI_393","BEVACIZUMABE","http://purl.bioontology.org/ontology/ATC/S01LA08","C0796392","T129","http://purl.bioontology.org/ontology/ATC/S01LA","Antineovascularisation agents",
"http://healdb.org/rdf-schema#AI_396","RACECADOTRILA","http://purl.bioontology.org/ontology/ATC/A07XA04","C0050461","T116","http://purl.bioontology.org/ontology/ATC/A07XA","Other antidiarrheals in ATC","Other antidiarrheals"
"http://healdb.org/rdf-schema#AI_396","RACECADOTRILA","http://purl.bioontology.org/ontology/ATC/A07XA04","C0050461","T121","http://purl.bioontology.org/ontology/ATC/A07XA","Other antidiarrheals in ATC","Other antidiarrheals"
"http://healdb.org/rdf-schema#AI_397","DUTASTERIDA","http://purl.bioontology.org/ontology/ATC/G04CB02","C0754659","T109","http://purl.bioontology.org/ontology/ATC/G04CB","Testosterone-5-alpha reductase inhibitors for benign prostatic hypertrophy","Testosterone-5-alpha reductase inhibitors"
"http://healdb.org/rdf-schema#AI_397","DUTASTERIDA","http://purl.bioontology.org/ontology/ATC/G04CB02","C0754659","T121","http://purl.bioontology.org/ontology/ATC/G04CB","Testosterone-5-alpha reductase inhibitors for benign prostatic hypertrophy","Testosterone-5-alpha reductase inhibitors"
"http://healdb.org/rdf-schema#AI_400","OLANZAPINA","http://purl.bioontology.org/ontology/ATC/N05AH03","C0171023","T109","http://purl.bioontology.org/ontology/ATC/N05AH","Diazepines, oxazepines, thiazepines and oxepines antipsychotic drugs","Diazepines, oxazepines, thiazepines and oxepines"
"http://healdb.org/rdf-schema#AI_400","OLANZAPINA","http://purl.bioontology.org/ontology/ATC/N05AH03","C0171023","T121","http://purl.bioontology.org/ontology/ATC/N05AH","Diazepines, oxazepines, thiazepines and oxepines antipsychotic drugs","Diazepines, oxazepines, thiazepines and oxepines"
"http://healdb.org/rdf-schema#AI_401","AZTREONAM","http://purl.bioontology.org/ontology/ATC/J01DF01","C0004521","T109","http://purl.bioontology.org/ontology/ATC/J01DF","Monobactams",
"http://healdb.org/rdf-schema#AI_401","AZTREONAM","http://purl.bioontology.org/ontology/ATC/J01DF01","C0004521","T195","http://purl.bioontology.org/ontology/ATC/J01DF","Monobactams",
"http://healdb.org/rdf-schema#AI_402","ÁCIDO AZELAICO","http://purl.bioontology.org/ontology/ATC/D10AX03","C0052761","T109","http://purl.bioontology.org/ontology/ATC/D10AX","Other anti-acne preparations for topical use in ATC","Other anti-acne preparations for topical use"
"http://healdb.org/rdf-schema#AI_402","ÁCIDO AZELAICO","http://purl.bioontology.org/ontology/ATC/D10AX03","C0052761","T121","http://purl.bioontology.org/ontology/ATC/D10AX","Other anti-acne preparations for topical use in ATC","Other anti-acne preparations for topical use"
"http://healdb.org/rdf-schema#AI_403","AZITROMICINA","http://purl.bioontology.org/ontology/ATC/J01FA10","C0052796","T109","http://purl.bioontology.org/ontology/ATC/J01FA","Macrolides",
"http://healdb.org/rdf-schema#AI_403","AZITROMICINA","http://purl.bioontology.org/ontology/ATC/J01FA10","C0052796","T195","http://purl.bioontology.org/ontology/ATC/J01FA","Macrolides",
"http://healdb.org/rdf-schema#AI_403","AZITROMICINA","http://purl.bioontology.org/ontology/ATC/S01AA26","C0052796","T109","http://purl.bioontology.org/ontology/ATC/S01AA","Antibiotics, ophthalmologic","Antibiotics"
"http://healdb.org/rdf-schema#AI_403","AZITROMICINA","http://purl.bioontology.org/ontology/ATC/S01AA26","C0052796","T195","http://purl.bioontology.org/ontology/ATC/S01AA","Antibiotics, ophthalmologic","Antibiotics"
"http://healdb.org/rdf-schema#AI_405","BRINZOLAMIDA","http://purl.bioontology.org/ontology/ATC/S01EC04","C0673966","T109","http://purl.bioontology.org/ontology/ATC/S01EC","Carbonic anhydrase inhibitors, antiglaucoma drugs and miotics","Carbonic anhydrase inhibitors"
"http://healdb.org/rdf-schema#AI_405","BRINZOLAMIDA","http://purl.bioontology.org/ontology/ATC/S01EC04","C0673966","T121","http://purl.bioontology.org/ontology/ATC/S01EC","Carbonic anhydrase inhibitors, antiglaucoma drugs and miotics","Carbonic anhydrase inhibitors"
"http://healdb.org/rdf-schema#AI_407","GLICAZIDA","http://purl.bioontology.org/ontology/ATC/A10BB09","C0017631","T109","http://purl.bioontology.org/ontology/ATC/A10BB","Sulfonylureas for blood glucose lowering","Sulfonylureas"
"http://healdb.org/rdf-schema#AI_407","GLICAZIDA","http://purl.bioontology.org/ontology/ATC/A10BB09","C0017631","T121","http://purl.bioontology.org/ontology/ATC/A10BB","Sulfonylureas for blood glucose lowering","Sulfonylureas"
"http://healdb.org/rdf-schema#AI_408","SULFASSALAZINA","http://purl.bioontology.org/ontology/ATC/A07EC01","C0036078","T109","http://purl.bioontology.org/ontology/ATC/A07EC","Aminosalicylic acid and similar agents",
"http://healdb.org/rdf-schema#AI_408","SULFASSALAZINA","http://purl.bioontology.org/ontology/ATC/A07EC01","C0036078","T121","http://purl.bioontology.org/ontology/ATC/A07EC","Aminosalicylic acid and similar agents",
"http://healdb.org/rdf-schema#AI_410","ACETATO DE ZINCO","http://purl.bioontology.org/ontology/ATC/A16AX05","C0149368","T109","http://purl.bioontology.org/ontology/ATC/A16AX","Various alimentary tract and metabolism products",
"http://healdb.org/rdf-schema#AI_410","ACETATO DE ZINCO","http://purl.bioontology.org/ontology/ATC/A16AX05","C0149368","T121","http://purl.bioontology.org/ontology/ATC/A16AX","Various alimentary tract and metabolism products",
"http://healdb.org/rdf-schema#AI_411","ACITRETINA","http://purl.bioontology.org/ontology/ATC/D05BB02","C0050559","T109","http://purl.bioontology.org/ontology/ATC/D05BB","Retinoids for treatment of psoriasis",
"http://healdb.org/rdf-schema#AI_411","ACITRETINA","http://purl.bioontology.org/ontology/ATC/D05BB02","C0050559","T121","http://purl.bioontology.org/ontology/ATC/D05BB","Retinoids for treatment of psoriasis",
"http://healdb.org/rdf-schema#AI_412","TOCILIZUMABE","http://purl.bioontology.org/ontology/ATC/L04AC07","C1609165","T116","http://purl.bioontology.org/ontology/ATC/L04AC","Interleukin inhibitors",
"http://healdb.org/rdf-schema#AI_412","TOCILIZUMABE","http://purl.bioontology.org/ontology/ATC/L04AC07","C1609165","T121","http://purl.bioontology.org/ontology/ATC/L04AC","Interleukin inhibitors",
"http://healdb.org/rdf-schema#AI_412","TOCILIZUMABE","http://purl.bioontology.org/ontology/ATC/L04AC07","C1609165","T129","http://purl.bioontology.org/ontology/ATC/L04AC","Interleukin inhibitors",
"http://healdb.org/rdf-schema#AI_413","CRIZANLIZUMABE","http://purl.bioontology.org/ontology/ATC/B06AX01","C4524703","T116","http://purl.bioontology.org/ontology/ATC/B06AX","Other hematological agents in ATC","Other hematological agents"
"http://healdb.org/rdf-schema#AI_413","CRIZANLIZUMABE","http://purl.bioontology.org/ontology/ATC/B06AX01","C4524703","T121","http://purl.bioontology.org/ontology/ATC/B06AX","Other hematological agents in ATC","Other hematological agents"
"http://healdb.org/rdf-schema#AI_413","CRIZANLIZUMABE","http://purl.bioontology.org/ontology/ATC/B06AX01","C4524703","T129","http://purl.bioontology.org/ontology/ATC/B06AX","Other hematological agents in ATC","Other hematological agents"
"http://healdb.org/rdf-schema#AI_414","RIOCIGUATE","http://purl.bioontology.org/ontology/ATC/C02KX05","C2717561","T109","http://purl.bioontology.org/ontology/ATC/C02KX","Antihypertensives for pulmonary arterial hypertension",
"http://healdb.org/rdf-schema#AI_414","RIOCIGUATE","http://purl.bioontology.org/ontology/ATC/C02KX05","C2717561","T121","http://purl.bioontology.org/ontology/ATC/C02KX","Antihypertensives for pulmonary arterial hypertension",
"http://healdb.org/rdf-schema#AI_417","BUDESONIDA","http://purl.bioontology.org/ontology/ATC/A07EA06","C0054201","T109","http://purl.bioontology.org/ontology/ATC/A07EA","Corticosteroids acting locally",
"http://healdb.org/rdf-schema#AI_417","BUDESONIDA","http://purl.bioontology.org/ontology/ATC/A07EA06","C0054201","T121","http://purl.bioontology.org/ontology/ATC/A07EA","Corticosteroids acting locally",
"http://healdb.org/rdf-schema#AI_417","BUDESONIDA","http://purl.bioontology.org/ontology/ATC/D07AC09","C0054201","T109","http://purl.bioontology.org/ontology/ATC/D07AC","Corticosteroids, potent (group III)",
"http://healdb.org/rdf-schema#AI_417","BUDESONIDA","http://purl.bioontology.org/ontology/ATC/D07AC09","C0054201","T121","http://purl.bioontology.org/ontology/ATC/D07AC","Corticosteroids, potent (group III)",
"http://healdb.org/rdf-schema#AI_417","BUDESONIDA","http://purl.bioontology.org/ontology/ATC/R01AD05","C0054201","T109","http://purl.bioontology.org/ontology/ATC/R01AD","Corticosteroid nasal preparations for topical use","Corticosteroids"
"http://healdb.org/rdf-schema#AI_417","BUDESONIDA","http://purl.bioontology.org/ontology/ATC/R01AD05","C0054201","T121","http://purl.bioontology.org/ontology/ATC/R01AD","Corticosteroid nasal preparations for topical use","Corticosteroids"
"http://healdb.org/rdf-schema#AI_417","BUDESONIDA","http://purl.bioontology.org/ontology/ATC/R03BA02","C0054201","T109","http://purl.bioontology.org/ontology/ATC/R03BA","Glucocorticoid inhalants for obstructive airway disease","Glucocorticoids"
"http://healdb.org/rdf-schema#AI_417","BUDESONIDA","http://purl.bioontology.org/ontology/ATC/R03BA02","C0054201","T121","http://purl.bioontology.org/ontology/ATC/R03BA","Glucocorticoid inhalants for obstructive airway disease","Glucocorticoids"
"http://healdb.org/rdf-schema#AI_424","TIOCONAZOL","http://purl.bioontology.org/ontology/ATC/D01AC07","C0076705","T109","http://purl.bioontology.org/ontology/ATC/D01AC","Imidazole and triazole derivatives, topical antifungals","Imidazole and triazole derivatives"
"http://healdb.org/rdf-schema#AI_424","TIOCONAZOL","http://purl.bioontology.org/ontology/ATC/D01AC07","C0076705","T121","http://purl.bioontology.org/ontology/ATC/D01AC","Imidazole and triazole derivatives, topical antifungals","Imidazole and triazole derivatives"
"http://healdb.org/rdf-schema#AI_424","TIOCONAZOL","http://purl.bioontology.org/ontology/ATC/G01AF08","C0076705","T109","http://purl.bioontology.org/ontology/ATC/G01AF","Imidazole derivatives, gyncological antiinfectives","Imidazole derivatives"
"http://healdb.org/rdf-schema#AI_424","TIOCONAZOL","http://purl.bioontology.org/ontology/ATC/G01AF08","C0076705","T121","http://purl.bioontology.org/ontology/ATC/G01AF","Imidazole derivatives, gyncological antiinfectives","Imidazole derivatives"
"http://healdb.org/rdf-schema#AI_425","AMMONIUM MURIATICUM","http://purl.bioontology.org/ontology/ATC/B05XA04","C0002615","T121","http://purl.bioontology.org/ontology/ATC/B05XA","Electrolyte solutions",
"http://healdb.org/rdf-schema#AI_425","AMMONIUM MURIATICUM","http://purl.bioontology.org/ontology/ATC/B05XA04","C0002615","T197","http://purl.bioontology.org/ontology/ATC/B05XA","Electrolyte solutions",
"http://healdb.org/rdf-schema#AI_425","AMMONIUM MURIATICUM","http://purl.bioontology.org/ontology/ATC/G04BA01","C0002615","T121","http://purl.bioontology.org/ontology/ATC/G04BA","Acidifiers",
"http://healdb.org/rdf-schema#AI_425","AMMONIUM MURIATICUM","http://purl.bioontology.org/ontology/ATC/G04BA01","C0002615","T197","http://purl.bioontology.org/ontology/ATC/G04BA","Acidifiers",
"http://healdb.org/rdf-schema#AI_43","DEXAMETASONA","http://purl.bioontology.org/ontology/ATC/A01AC02","C0011777","T109","http://purl.bioontology.org/ontology/ATC/A01AC","Corticosteroids for local oral treatment",
"http://healdb.org/rdf-schema#AI_43","DEXAMETASONA","http://purl.bioontology.org/ontology/ATC/A01AC02","C0011777","T121","http://purl.bioontology.org/ontology/ATC/A01AC","Corticosteroids for local oral treatment",
"http://healdb.org/rdf-schema#AI_43","DEXAMETASONA","http://purl.bioontology.org/ontology/ATC/D07AB19","C0011777","T109","http://purl.bioontology.org/ontology/ATC/D07AB","Corticosteroids, moderately potent (group II)",
"http://healdb.org/rdf-schema#AI_43","DEXAMETASONA","http://purl.bioontology.org/ontology/ATC/D07AB19","C0011777","T121","http://purl.bioontology.org/ontology/ATC/D07AB","Corticosteroids, moderately potent (group II)",
"http://healdb.org/rdf-schema#AI_43","DEXAMETASONA","http://purl.bioontology.org/ontology/ATC/D07XB05","C0011777","T109","http://purl.bioontology.org/ontology/ATC/D07XB","Corticosteroids, moderately potent, other combinations",
"http://healdb.org/rdf-schema#AI_43","DEXAMETASONA","http://purl.bioontology.org/ontology/ATC/D07XB05","C0011777","T121","http://purl.bioontology.org/ontology/ATC/D07XB","Corticosteroids, moderately potent, other combinations",
"http://healdb.org/rdf-schema#AI_43","DEXAMETASONA","http://purl.bioontology.org/ontology/ATC/D10AA03","C0011777","T109","http://purl.bioontology.org/ontology/ATC/D10AA","Corticosteroids, combinations for treatment of acne",
"http://healdb.org/rdf-schema#AI_43","DEXAMETASONA","http://purl.bioontology.org/ontology/ATC/D10AA03","C0011777","T121","http://purl.bioontology.org/ontology/ATC/D10AA","Corticosteroids, combinations for treatment of acne",
"http://healdb.org/rdf-schema#AI_43","DEXAMETASONA","http://purl.bioontology.org/ontology/ATC/S01CB01","C0011777","T109","http://purl.bioontology.org/ontology/ATC/S01CB","Corticosteroids/antiinfectives/mydriatics in combination",
"http://healdb.org/rdf-schema#AI_43","DEXAMETASONA","http://purl.bioontology.org/ontology/ATC/S01CB01","C0011777","T121","http://purl.bioontology.org/ontology/ATC/S01CB","Corticosteroids/antiinfectives/mydriatics in combination",
"http://healdb.org/rdf-schema#AI_43","DEXAMETASONA","http://purl.bioontology.org/ontology/ATC/S02BA06","C0011777","T109","http://purl.bioontology.org/ontology/ATC/S02BA","Corticosteroids",
"http://healdb.org/rdf-schema#AI_43","DEXAMETASONA","http://purl.bioontology.org/ontology/ATC/S02BA06","C0011777","T121","http://purl.bioontology.org/ontology/ATC/S02BA","Corticosteroids",
"http://healdb.org/rdf-schema#AI_43","DEXAMETASONA","http://purl.bioontology.org/ontology/ATC/S03BA01","C0011777","T109","http://purl.bioontology.org/ontology/ATC/S03BA","Corticosteroids",
"http://healdb.org/rdf-schema#AI_43","DEXAMETASONA","http://purl.bioontology.org/ontology/ATC/S03BA01","C0011777","T121","http://purl.bioontology.org/ontology/ATC/S03BA","Corticosteroids",
"http://healdb.org/rdf-schema#AI_43","DEXAMETASONA","http://purl.bioontology.org/ontology/ATC/C05AA09","C0011777","T109","http://purl.bioontology.org/ontology/ATC/C05AA","Corticosteroids, topical for treatment of hemorrhoids and anal fissures","Corticosteroids"
"http://healdb.org/rdf-schema#AI_43","DEXAMETASONA","http://purl.bioontology.org/ontology/ATC/C05AA09","C0011777","T121","http://purl.bioontology.org/ontology/ATC/C05AA","Corticosteroids, topical for treatment of hemorrhoids and anal fissures","Corticosteroids"
"http://healdb.org/rdf-schema#AI_43","DEXAMETASONA","http://purl.bioontology.org/ontology/ATC/R01AD03","C0011777","T109","http://purl.bioontology.org/ontology/ATC/R01AD","Corticosteroid nasal preparations for topical use","Corticosteroids"
"http://healdb.org/rdf-schema#AI_43","DEXAMETASONA","http://purl.bioontology.org/ontology/ATC/R01AD03","C0011777","T121","http://purl.bioontology.org/ontology/ATC/R01AD","Corticosteroid nasal preparations for topical use","Corticosteroids"
"http://healdb.org/rdf-schema#AI_43","DEXAMETASONA","http://purl.bioontology.org/ontology/ATC/S01BA01","C0011777","T109","http://purl.bioontology.org/ontology/ATC/S01BA","Corticosteroid ophthalmologic antiinflammatory agents, plain","Corticosteroids, plain"
"http://healdb.org/rdf-schema#AI_43","DEXAMETASONA","http://purl.bioontology.org/ontology/ATC/S01BA01","C0011777","T121","http://purl.bioontology.org/ontology/ATC/S01BA","Corticosteroid ophthalmologic antiinflammatory agents, plain","Corticosteroids, plain"
"http://healdb.org/rdf-schema#AI_43","DEXAMETASONA","http://purl.bioontology.org/ontology/ATC/H02AB02","C0011777","T109","http://purl.bioontology.org/ontology/ATC/H02AB","Glucocorticoids, Systemic","Glucocorticoids"
"http://healdb.org/rdf-schema#AI_43","DEXAMETASONA","http://purl.bioontology.org/ontology/ATC/H02AB02","C0011777","T121","http://purl.bioontology.org/ontology/ATC/H02AB","Glucocorticoids, Systemic","Glucocorticoids"
"http://healdb.org/rdf-schema#AI_430","NATRUM MURIATICUM","http://purl.bioontology.org/ontology/ATC/B05XA03","C0037494","T197","http://purl.bioontology.org/ontology/ATC/B05XA","Electrolyte solutions",
"http://healdb.org/rdf-schema#AI_430","NATRUM MURIATICUM","http://purl.bioontology.org/ontology/ATC/B05CB01","C0037494","T197","http://purl.bioontology.org/ontology/ATC/B05CB","Salt irrigating solutions","Salt solutions"
"http://healdb.org/rdf-schema#AI_430","NATRUM MURIATICUM","http://purl.bioontology.org/ontology/ATC/A12CA01","C0037494","T197","http://purl.bioontology.org/ontology/ATC/A12CA","Sodium supplements","Sodium"
"http://healdb.org/rdf-schema#AI_431","SULPHUR","http://purl.bioontology.org/ontology/ATC/D10AB02","C0038774","T121","http://purl.bioontology.org/ontology/ATC/D10AB","Preparations containing sulfur, anti-acne preparations for topical use","Preparations containing sulfur"
"http://healdb.org/rdf-schema#AI_431","SULPHUR","http://purl.bioontology.org/ontology/ATC/D10AB02","C0038774","T123","http://purl.bioontology.org/ontology/ATC/D10AB","Preparations containing sulfur, anti-acne preparations for topical use","Preparations containing sulfur"
"http://healdb.org/rdf-schema#AI_431","SULPHUR","http://purl.bioontology.org/ontology/ATC/D10AB02","C0038774","T196","http://purl.bioontology.org/ontology/ATC/D10AB","Preparations containing sulfur, anti-acne preparations for topical use","Preparations containing sulfur"
"http://healdb.org/rdf-schema#AI_433","LATANOPROSTA","http://purl.bioontology.org/ontology/ATC/S01EE01","C0090306","T109","http://purl.bioontology.org/ontology/ATC/S01EE","Prostaglandin analogues, antiglaucoma drugs and miotics","Prostaglandin analogues"
"http://healdb.org/rdf-schema#AI_433","LATANOPROSTA","http://purl.bioontology.org/ontology/ATC/S01EE01","C0090306","T121","http://purl.bioontology.org/ontology/ATC/S01EE","Prostaglandin analogues, antiglaucoma drugs and miotics","Prostaglandin analogues"
"http://healdb.org/rdf-schema#AI_434","FELODIPINO","http://purl.bioontology.org/ontology/ATC/C08CA02","C0015772","T109","http://purl.bioontology.org/ontology/ATC/C08CA","Dihydropyridine derivative selective calcium channel blockers with mainly vascular effects","Dihydropyridine derivatives"
"http://healdb.org/rdf-schema#AI_434","FELODIPINO","http://purl.bioontology.org/ontology/ATC/C08CA02","C0015772","T121","http://purl.bioontology.org/ontology/ATC/C08CA","Dihydropyridine derivative selective calcium channel blockers with mainly vascular effects","Dihydropyridine derivatives"
"http://healdb.org/rdf-schema#AI_435","BETAINTERFERONA 1A","http://purl.bioontology.org/ontology/ATC/L03AB07","C0254119","T116","http://purl.bioontology.org/ontology/ATC/L03AB","Interferons",
"http://healdb.org/rdf-schema#AI_435","BETAINTERFERONA 1A","http://purl.bioontology.org/ontology/ATC/L03AB07","C0254119","T121","http://purl.bioontology.org/ontology/ATC/L03AB","Interferons",
"http://healdb.org/rdf-schema#AI_435","BETAINTERFERONA 1A","http://purl.bioontology.org/ontology/ATC/L03AB07","C0254119","T129","http://purl.bioontology.org/ontology/ATC/L03AB","Interferons",
"http://healdb.org/rdf-schema#AI_436","INFLIXIMABE","http://purl.bioontology.org/ontology/ATC/L04AB02","C0666743","T116","http://purl.bioontology.org/ontology/ATC/L04AB","Tumor necrosis factor alpha (TNF-alpha) inhibitors",
"http://healdb.org/rdf-schema#AI_436","INFLIXIMABE","http://purl.bioontology.org/ontology/ATC/L04AB02","C0666743","T121","http://purl.bioontology.org/ontology/ATC/L04AB","Tumor necrosis factor alpha (TNF-alpha) inhibitors",
"http://healdb.org/rdf-schema#AI_436","INFLIXIMABE","http://purl.bioontology.org/ontology/ATC/L04AB02","C0666743","T129","http://purl.bioontology.org/ontology/ATC/L04AB","Tumor necrosis factor alpha (TNF-alpha) inhibitors",
"http://healdb.org/rdf-schema#AI_437","AZACITIDINA","http://purl.bioontology.org/ontology/ATC/L01BC07","C0004475","T114","http://purl.bioontology.org/ontology/ATC/L01BC","Pyrimidine analogues, antineoplastic antimetabolites","Pyrimidine analogues"
"http://healdb.org/rdf-schema#AI_437","AZACITIDINA","http://purl.bioontology.org/ontology/ATC/L01BC07","C0004475","T121","http://purl.bioontology.org/ontology/ATC/L01BC","Pyrimidine analogues, antineoplastic antimetabolites","Pyrimidine analogues"
"http://healdb.org/rdf-schema#AI_439","CARBOPLATINA","http://purl.bioontology.org/ontology/ATC/L01XA02","C0079083","T109","http://purl.bioontology.org/ontology/ATC/L01XA","Platinum compounds, antineoplastic drugs","Platinum compounds"
"http://healdb.org/rdf-schema#AI_439","CARBOPLATINA","http://purl.bioontology.org/ontology/ATC/L01XA02","C0079083","T121","http://purl.bioontology.org/ontology/ATC/L01XA","Platinum compounds, antineoplastic drugs","Platinum compounds"
"http://healdb.org/rdf-schema#AI_44","ACETILCISTEÍNA","http://purl.bioontology.org/ontology/ATC/R05CB01","C0001047","T116","http://purl.bioontology.org/ontology/ATC/R05CB","Mucolytics",
"http://healdb.org/rdf-schema#AI_44","ACETILCISTEÍNA","http://purl.bioontology.org/ontology/ATC/R05CB01","C0001047","T121","http://purl.bioontology.org/ontology/ATC/R05CB","Mucolytics",
"http://healdb.org/rdf-schema#AI_44","ACETILCISTEÍNA","http://purl.bioontology.org/ontology/ATC/V03AB23","C0001047","T116","http://purl.bioontology.org/ontology/ATC/V03AB","Antidotes",
"http://healdb.org/rdf-schema#AI_44","ACETILCISTEÍNA","http://purl.bioontology.org/ontology/ATC/V03AB23","C0001047","T121","http://purl.bioontology.org/ontology/ATC/V03AB","Antidotes",
"http://healdb.org/rdf-schema#AI_44","ACETILCISTEÍNA","http://purl.bioontology.org/ontology/ATC/S01XA08","C0001047","T116","http://purl.bioontology.org/ontology/ATC/S01XA","Other ophthalmologicals in ATC","Other ophthalmologicals"
"http://healdb.org/rdf-schema#AI_44","ACETILCISTEÍNA","http://purl.bioontology.org/ontology/ATC/S01XA08","C0001047","T121","http://purl.bioontology.org/ontology/ATC/S01XA","Other ophthalmologicals in ATC","Other ophthalmologicals"
"http://healdb.org/rdf-schema#AI_441","PANTOTENATO DE CALCIO","http://purl.bioontology.org/ontology/ATC/D03AX04","C0006710","T109","http://purl.bioontology.org/ontology/ATC/D03AX","Other cicatrizants in ATC","Other cicatrizants"
"http://healdb.org/rdf-schema#AI_441","PANTOTENATO DE CALCIO","http://purl.bioontology.org/ontology/ATC/D03AX04","C0006710","T121","http://purl.bioontology.org/ontology/ATC/D03AX","Other cicatrizants in ATC","Other cicatrizants"
"http://healdb.org/rdf-schema#AI_441","PANTOTENATO DE CALCIO","http://purl.bioontology.org/ontology/ATC/D03AX04","C0006710","T127","http://purl.bioontology.org/ontology/ATC/D03AX","Other cicatrizants in ATC","Other cicatrizants"
"http://healdb.org/rdf-schema#AI_441","PANTOTENATO DE CALCIO","http://purl.bioontology.org/ontology/ATC/A11HA31","C0006710","T109","http://purl.bioontology.org/ontology/ATC/A11HA","Other plain vitamin preparations in ATC","Other plain vitamin preparations"
"http://healdb.org/rdf-schema#AI_441","PANTOTENATO DE CALCIO","http://purl.bioontology.org/ontology/ATC/A11HA31","C0006710","T121","http://purl.bioontology.org/ontology/ATC/A11HA","Other plain vitamin preparations in ATC","Other plain vitamin preparations"
"http://healdb.org/rdf-schema#AI_441","PANTOTENATO DE CALCIO","http://purl.bioontology.org/ontology/ATC/A11HA31","C0006710","T127","http://purl.bioontology.org/ontology/ATC/A11HA","Other plain vitamin preparations in ATC","Other plain vitamin preparations"
"http://healdb.org/rdf-schema#AI_442","VITAMINA B1","http://purl.bioontology.org/ontology/ATC/A11DA01","C0039840","T109","http://purl.bioontology.org/ontology/ATC/A11DA","Vitamin B1, plain",
"http://healdb.org/rdf-schema#AI_442","VITAMINA B1","http://purl.bioontology.org/ontology/ATC/A11DA01","C0039840","T121","http://purl.bioontology.org/ontology/ATC/A11DA","Vitamin B1, plain",
"http://healdb.org/rdf-schema#AI_442","VITAMINA B1","http://purl.bioontology.org/ontology/ATC/A11DA01","C0039840","T127","http://purl.bioontology.org/ontology/ATC/A11DA","Vitamin B1, plain",
"http://healdb.org/rdf-schema#AI_443","CLORETO DE POTÁSSIO","http://purl.bioontology.org/ontology/ATC/A12BA01","C0032825","T121","http://purl.bioontology.org/ontology/ATC/A12BA","Potassium",
"http://healdb.org/rdf-schema#AI_443","CLORETO DE POTÁSSIO","http://purl.bioontology.org/ontology/ATC/A12BA01","C0032825","T197","http://purl.bioontology.org/ontology/ATC/A12BA","Potassium",
"http://healdb.org/rdf-schema#AI_443","CLORETO DE POTÁSSIO","http://purl.bioontology.org/ontology/ATC/B05XA01","C0032825","T121","http://purl.bioontology.org/ontology/ATC/B05XA","Electrolyte solutions",
"http://healdb.org/rdf-schema#AI_443","CLORETO DE POTÁSSIO","http://purl.bioontology.org/ontology/ATC/B05XA01","C0032825","T197","http://purl.bioontology.org/ontology/ATC/B05XA","Electrolyte solutions",
"http://healdb.org/rdf-schema#AI_444","CLORETO DE SÓDIO","http://purl.bioontology.org/ontology/ATC/B05XA03","C0037494","T197","http://purl.bioontology.org/ontology/ATC/B05XA","Electrolyte solutions",
"http://healdb.org/rdf-schema#AI_444","CLORETO DE SÓDIO","http://purl.bioontology.org/ontology/ATC/B05CB01","C0037494","T197","http://purl.bioontology.org/ontology/ATC/B05CB","Salt irrigating solutions","Salt solutions"
"http://healdb.org/rdf-schema#AI_444","CLORETO DE SÓDIO","http://purl.bioontology.org/ontology/ATC/A12CA01","C0037494","T197","http://purl.bioontology.org/ontology/ATC/A12CA","Sodium supplements","Sodium"
"http://healdb.org/rdf-schema#AI_446","SULFAMETOXAZOL","http://purl.bioontology.org/ontology/ATC/J01EC01","C0038689","T109","http://purl.bioontology.org/ontology/ATC/J01EC","Intermediate-acting sulfonamides",
"http://healdb.org/rdf-schema#AI_446","SULFAMETOXAZOL","http://purl.bioontology.org/ontology/ATC/J01EC01","C0038689","T195","http://purl.bioontology.org/ontology/ATC/J01EC","Intermediate-acting sulfonamides",
"http://healdb.org/rdf-schema#AI_447","TRIMETOPRIMA","http://purl.bioontology.org/ontology/ATC/J01EA01","C0041041","T109","http://purl.bioontology.org/ontology/ATC/J01EA","Trimethoprim and derivatives, systemic antibacterials","Trimethoprim and derivatives"
"http://healdb.org/rdf-schema#AI_447","TRIMETOPRIMA","http://purl.bioontology.org/ontology/ATC/J01EA01","C0041041","T195","http://purl.bioontology.org/ontology/ATC/J01EA","Trimethoprim and derivatives, systemic antibacterials","Trimethoprim and derivatives"
"http://healdb.org/rdf-schema#AI_449","NEOMICINA","http://purl.bioontology.org/ontology/ATC/A01AB08","C0027603","T109","http://purl.bioontology.org/ontology/ATC/A01AB","Antiinfectives and antiseptics for local oral treatment",
"http://healdb.org/rdf-schema#AI_449","NEOMICINA","http://purl.bioontology.org/ontology/ATC/A01AB08","C0027603","T195","http://purl.bioontology.org/ontology/ATC/A01AB","Antiinfectives and antiseptics for local oral treatment",
"http://healdb.org/rdf-schema#AI_449","NEOMICINA","http://purl.bioontology.org/ontology/ATC/S02AA07","C0027603","T109","http://purl.bioontology.org/ontology/ATC/S02AA","Antiinfectives",
"http://healdb.org/rdf-schema#AI_449","NEOMICINA","http://purl.bioontology.org/ontology/ATC/S02AA07","C0027603","T195","http://purl.bioontology.org/ontology/ATC/S02AA","Antiinfectives",
"http://healdb.org/rdf-schema#AI_449","NEOMICINA","http://purl.bioontology.org/ontology/ATC/S03AA01","C0027603","T109","http://purl.bioontology.org/ontology/ATC/S03AA","Antiinfectives",
"http://healdb.org/rdf-schema#AI_449","NEOMICINA","http://purl.bioontology.org/ontology/ATC/S03AA01","C0027603","T195","http://purl.bioontology.org/ontology/ATC/S03AA","Antiinfectives",
"http://healdb.org/rdf-schema#AI_449","NEOMICINA","http://purl.bioontology.org/ontology/ATC/A07AA01","C0027603","T109","http://purl.bioontology.org/ontology/ATC/A07AA","antibiotics, intestinal","Antibiotics"
"http://healdb.org/rdf-schema#AI_449","NEOMICINA","http://purl.bioontology.org/ontology/ATC/A07AA01","C0027603","T195","http://purl.bioontology.org/ontology/ATC/A07AA","antibiotics, intestinal","Antibiotics"
"http://healdb.org/rdf-schema#AI_449","NEOMICINA","http://purl.bioontology.org/ontology/ATC/A07AA51","C2222801","T109","http://purl.bioontology.org/ontology/ATC/A07AA","antibiotics, intestinal","Antibiotics"
"http://healdb.org/rdf-schema#AI_449","NEOMICINA","http://purl.bioontology.org/ontology/ATC/A07AA51","C2222801","T195","http://purl.bioontology.org/ontology/ATC/A07AA","antibiotics, intestinal","Antibiotics"
"http://healdb.org/rdf-schema#AI_449","NEOMICINA","http://purl.bioontology.org/ontology/ATC/R02AB01","C0027603","T109","http://purl.bioontology.org/ontology/ATC/R02AB","Antibiotic throat preparations","Antibiotics"
"http://healdb.org/rdf-schema#AI_449","NEOMICINA","http://purl.bioontology.org/ontology/ATC/R02AB01","C0027603","T195","http://purl.bioontology.org/ontology/ATC/R02AB","Antibiotic throat preparations","Antibiotics"
"http://healdb.org/rdf-schema#AI_449","NEOMICINA","http://purl.bioontology.org/ontology/ATC/S01AA03","C0027603","T109","http://purl.bioontology.org/ontology/ATC/S01AA","Antibiotics, ophthalmologic","Antibiotics"
"http://healdb.org/rdf-schema#AI_449","NEOMICINA","http://purl.bioontology.org/ontology/ATC/S01AA03","C0027603","T195","http://purl.bioontology.org/ontology/ATC/S01AA","Antibiotics, ophthalmologic","Antibiotics"
"http://healdb.org/rdf-schema#AI_449","NEOMICINA","http://purl.bioontology.org/ontology/ATC/B05CA09","C0027603","T109","http://purl.bioontology.org/ontology/ATC/B05CA","Antiinfective irrigating solutions","Antiinfectives"
"http://healdb.org/rdf-schema#AI_449","NEOMICINA","http://purl.bioontology.org/ontology/ATC/B05CA09","C0027603","T195","http://purl.bioontology.org/ontology/ATC/B05CA","Antiinfective irrigating solutions","Antiinfectives"
"http://healdb.org/rdf-schema#AI_449","NEOMICINA","http://purl.bioontology.org/ontology/ATC/J01GB05","C0027603","T109","http://purl.bioontology.org/ontology/ATC/J01GB","Other aminoglycosides in ATC","Other aminoglycosides"
"http://healdb.org/rdf-schema#AI_449","NEOMICINA","http://purl.bioontology.org/ontology/ATC/J01GB05","C0027603","T195","http://purl.bioontology.org/ontology/ATC/J01GB","Other aminoglycosides in ATC","Other aminoglycosides"
"http://healdb.org/rdf-schema#AI_449","NEOMICINA","http://purl.bioontology.org/ontology/ATC/D06AX04","C0027603","T109","http://purl.bioontology.org/ontology/ATC/D06AX","Other antibiotics for topical use in ATC","Other antibiotics for topical use"
"http://healdb.org/rdf-schema#AI_449","NEOMICINA","http://purl.bioontology.org/ontology/ATC/D06AX04","C0027603","T195","http://purl.bioontology.org/ontology/ATC/D06AX","Other antibiotics for topical use in ATC","Other antibiotics for topical use"
"http://healdb.org/rdf-schema#AI_450","BACITRACINA","http://purl.bioontology.org/ontology/ATC/R02AB04","C0004599","T116","http://purl.bioontology.org/ontology/ATC/R02AB","Antibiotic throat preparations","Antibiotics"
"http://healdb.org/rdf-schema#AI_450","BACITRACINA","http://purl.bioontology.org/ontology/ATC/R02AB04","C0004599","T195","http://purl.bioontology.org/ontology/ATC/R02AB","Antibiotic throat preparations","Antibiotics"
"http://healdb.org/rdf-schema#AI_450","BACITRACINA","http://purl.bioontology.org/ontology/ATC/S01AA32","C0004599","T116","http://purl.bioontology.org/ontology/ATC/S01AA","Antibiotics, ophthalmologic","Antibiotics"
"http://healdb.org/rdf-schema#AI_450","BACITRACINA","http://purl.bioontology.org/ontology/ATC/S01AA32","C0004599","T195","http://purl.bioontology.org/ontology/ATC/S01AA","Antibiotics, ophthalmologic","Antibiotics"
"http://healdb.org/rdf-schema#AI_450","BACITRACINA","http://purl.bioontology.org/ontology/ATC/J01XX10","C0004599","T116","http://purl.bioontology.org/ontology/ATC/J01XX","Other antibacterials in ATC","Other antibacterials"
"http://healdb.org/rdf-schema#AI_450","BACITRACINA","http://purl.bioontology.org/ontology/ATC/J01XX10","C0004599","T195","http://purl.bioontology.org/ontology/ATC/J01XX","Other antibacterials in ATC","Other antibacterials"
"http://healdb.org/rdf-schema#AI_450","BACITRACINA","http://purl.bioontology.org/ontology/ATC/D06AX05","C0004599","T116","http://purl.bioontology.org/ontology/ATC/D06AX","Other antibiotics for topical use in ATC","Other antibiotics for topical use"
"http://healdb.org/rdf-schema#AI_450","BACITRACINA","http://purl.bioontology.org/ontology/ATC/D06AX05","C0004599","T195","http://purl.bioontology.org/ontology/ATC/D06AX","Other antibiotics for topical use in ATC","Other antibiotics for topical use"
"http://healdb.org/rdf-schema#AI_451","BACLOFENO","http://purl.bioontology.org/ontology/ATC/M03BX01","C0004609","T116","http://purl.bioontology.org/ontology/ATC/M03BX","Other centrally acting agents in ATC","Other centrally acting agents"
"http://healdb.org/rdf-schema#AI_451","BACLOFENO","http://purl.bioontology.org/ontology/ATC/M03BX01","C0004609","T121","http://purl.bioontology.org/ontology/ATC/M03BX","Other centrally acting agents in ATC","Other centrally acting agents"
"http://healdb.org/rdf-schema#AI_452","MUPIROCINA","http://purl.bioontology.org/ontology/ATC/D06AX09","C0085259","T109","http://purl.bioontology.org/ontology/ATC/D06AX","Other antibiotics for topical use in ATC","Other antibiotics for topical use"
"http://healdb.org/rdf-schema#AI_452","MUPIROCINA","http://purl.bioontology.org/ontology/ATC/D06AX09","C0085259","T195","http://purl.bioontology.org/ontology/ATC/D06AX","Other antibiotics for topical use in ATC","Other antibiotics for topical use"
"http://healdb.org/rdf-schema#AI_452","MUPIROCINA","http://purl.bioontology.org/ontology/ATC/R01AX06","C0085259","T109","http://purl.bioontology.org/ontology/ATC/R01AX","Other nasal preparations in ATC","Other nasal preparations"
"http://healdb.org/rdf-schema#AI_452","MUPIROCINA","http://purl.bioontology.org/ontology/ATC/R01AX06","C0085259","T195","http://purl.bioontology.org/ontology/ATC/R01AX","Other nasal preparations in ATC","Other nasal preparations"
"http://healdb.org/rdf-schema#AI_453","TEICOPLANINA","http://purl.bioontology.org/ontology/ATC/J01XA02","C0145106","T116","http://purl.bioontology.org/ontology/ATC/J01XA","Glycopeptide antibacterials",
"http://healdb.org/rdf-schema#AI_453","TEICOPLANINA","http://purl.bioontology.org/ontology/ATC/J01XA02","C0145106","T195","http://purl.bioontology.org/ontology/ATC/J01XA","Glycopeptide antibacterials",
"http://healdb.org/rdf-schema#AI_455","ENTECAVIR","http://purl.bioontology.org/ontology/ATC/J05AF10","C0971023","T114","http://purl.bioontology.org/ontology/ATC/J05AF","Nucleoside and nucleotide reverse transcriptase inhibitors",
"http://healdb.org/rdf-schema#AI_455","ENTECAVIR","http://purl.bioontology.org/ontology/ATC/J05AF10","C0971023","T121","http://purl.bioontology.org/ontology/ATC/J05AF","Nucleoside and nucleotide reverse transcriptase inhibitors",
"http://healdb.org/rdf-schema#AI_457","INSULINA GLARGINA","http://purl.bioontology.org/ontology/ATC/A10AE04","C0907402","T116","http://purl.bioontology.org/ontology/ATC/A10AE","Insulins and analogues for injection, long-acting",
"http://healdb.org/rdf-schema#AI_457","INSULINA GLARGINA","http://purl.bioontology.org/ontology/ATC/A10AE04","C0907402","T121","http://purl.bioontology.org/ontology/ATC/A10AE","Insulins and analogues for injection, long-acting",
"http://healdb.org/rdf-schema#AI_457","INSULINA GLARGINA","http://purl.bioontology.org/ontology/ATC/A10AE04","C0907402","T125","http://purl.bioontology.org/ontology/ATC/A10AE","Insulins and analogues for injection, long-acting",
"http://healdb.org/rdf-schema#AI_458","AVELUMABE","http://purl.bioontology.org/ontology/ATC/L01FF04","C4055417","T116","http://purl.bioontology.org/ontology/ATC/L01FF","PD-1/PDL-1 (Programmed cell death protein 1/death ligand 1) inhibitors",
"http://healdb.org/rdf-schema#AI_458","AVELUMABE","http://purl.bioontology.org/ontology/ATC/L01FF04","C4055417","T121","http://purl.bioontology.org/ontology/ATC/L01FF","PD-1/PDL-1 (Programmed cell death protein 1/death ligand 1) inhibitors",
"http://healdb.org/rdf-schema#AI_458","AVELUMABE","http://purl.bioontology.org/ontology/ATC/L01FF04","C4055417","T129","http://purl.bioontology.org/ontology/ATC/L01FF","PD-1/PDL-1 (Programmed cell death protein 1/death ligand 1) inhibitors",
"http://healdb.org/rdf-schema#AI_459","GLICOSE","http://purl.bioontology.org/ontology/ATC/V06DC01","C0017725","T109","http://purl.bioontology.org/ontology/ATC/V06DC","Carbohydrate nutrients","Carbohydrates"
"http://healdb.org/rdf-schema#AI_459","GLICOSE","http://purl.bioontology.org/ontology/ATC/V06DC01","C0017725","T121","http://purl.bioontology.org/ontology/ATC/V06DC","Carbohydrate nutrients","Carbohydrates"
"http://healdb.org/rdf-schema#AI_459","GLICOSE","http://purl.bioontology.org/ontology/ATC/V06DC01","C0017725","T123","http://purl.bioontology.org/ontology/ATC/V06DC","Carbohydrate nutrients","Carbohydrates"
"http://healdb.org/rdf-schema#AI_459","GLICOSE","http://purl.bioontology.org/ontology/ATC/B05CX01","C0017725","T109","http://purl.bioontology.org/ontology/ATC/B05CX","Other irrigating solutions in ATC","Other irrigating solutions"
"http://healdb.org/rdf-schema#AI_459","GLICOSE","http://purl.bioontology.org/ontology/ATC/B05CX01","C0017725","T121","http://purl.bioontology.org/ontology/ATC/B05CX","Other irrigating solutions in ATC","Other irrigating solutions"
"http://healdb.org/rdf-schema#AI_459","GLICOSE","http://purl.bioontology.org/ontology/ATC/B05CX01","C0017725","T123","http://purl.bioontology.org/ontology/ATC/B05CX","Other irrigating solutions in ATC","Other irrigating solutions"
"http://healdb.org/rdf-schema#AI_459","GLICOSE","http://purl.bioontology.org/ontology/ATC/V04CA02","C0017725","T109","http://purl.bioontology.org/ontology/ATC/V04CA","Diagnostic agents for diabetes testing","Tests for diabetes"
"http://healdb.org/rdf-schema#AI_459","GLICOSE","http://purl.bioontology.org/ontology/ATC/V04CA02","C0017725","T121","http://purl.bioontology.org/ontology/ATC/V04CA","Diagnostic agents for diabetes testing","Tests for diabetes"
"http://healdb.org/rdf-schema#AI_459","GLICOSE","http://purl.bioontology.org/ontology/ATC/V04CA02","C0017725","T123","http://purl.bioontology.org/ontology/ATC/V04CA","Diagnostic agents for diabetes testing","Tests for diabetes"
"http://healdb.org/rdf-schema#AI_46","GRAMICIDINA","http://purl.bioontology.org/ontology/ATC/R02AB30","C0018165","T116","http://purl.bioontology.org/ontology/ATC/R02AB","Antibiotic throat preparations","Antibiotics"
"http://healdb.org/rdf-schema#AI_46","GRAMICIDINA","http://purl.bioontology.org/ontology/ATC/R02AB30","C0018165","T195","http://purl.bioontology.org/ontology/ATC/R02AB","Antibiotic throat preparations","Antibiotics"
"http://healdb.org/rdf-schema#AI_460","CLORETO DE CÁLCIO","http://purl.bioontology.org/ontology/ATC/A12AA07","C0006686","T121","http://purl.bioontology.org/ontology/ATC/A12AA","Calcium",
"http://healdb.org/rdf-schema#AI_460","CLORETO DE CÁLCIO","http://purl.bioontology.org/ontology/ATC/A12AA07","C0006686","T197","http://purl.bioontology.org/ontology/ATC/A12AA","Calcium",
"http://healdb.org/rdf-schema#AI_460","CLORETO DE CÁLCIO","http://purl.bioontology.org/ontology/ATC/B05XA07","C0006686","T121","http://purl.bioontology.org/ontology/ATC/B05XA","Electrolyte solutions",
"http://healdb.org/rdf-schema#AI_460","CLORETO DE CÁLCIO","http://purl.bioontology.org/ontology/ATC/B05XA07","C0006686","T197","http://purl.bioontology.org/ontology/ATC/B05XA","Electrolyte solutions",
"http://healdb.org/rdf-schema#AI_460","CLORETO DE CÁLCIO","http://purl.bioontology.org/ontology/ATC/G04BA03","C0006686","T121","http://purl.bioontology.org/ontology/ATC/G04BA","Acidifiers",
"http://healdb.org/rdf-schema#AI_460","CLORETO DE CÁLCIO","http://purl.bioontology.org/ontology/ATC/G04BA03","C0006686","T197","http://purl.bioontology.org/ontology/ATC/G04BA","Acidifiers",
"http://healdb.org/rdf-schema#AI_462","SORBITOL","http://purl.bioontology.org/ontology/ATC/A06AD18","C0037688","T109","http://purl.bioontology.org/ontology/ATC/A06AD","Osmotically acting laxatives",
"http://healdb.org/rdf-schema#AI_462","SORBITOL","http://purl.bioontology.org/ontology/ATC/A06AD18","C0037688","T121","http://purl.bioontology.org/ontology/ATC/A06AD","Osmotically acting laxatives",
"http://healdb.org/rdf-schema#AI_462","SORBITOL","http://purl.bioontology.org/ontology/ATC/A06AG07","C0037688","T109","http://purl.bioontology.org/ontology/ATC/A06AG","Enema for Constipation","Enemas"
"http://healdb.org/rdf-schema#AI_462","SORBITOL","http://purl.bioontology.org/ontology/ATC/A06AG07","C0037688","T121","http://purl.bioontology.org/ontology/ATC/A06AG","Enema for Constipation","Enemas"
"http://healdb.org/rdf-schema#AI_462","SORBITOL","http://purl.bioontology.org/ontology/ATC/B05CX02","C0037688","T109","http://purl.bioontology.org/ontology/ATC/B05CX","Other irrigating solutions in ATC","Other irrigating solutions"
"http://healdb.org/rdf-schema#AI_462","SORBITOL","http://purl.bioontology.org/ontology/ATC/B05CX02","C0037688","T121","http://purl.bioontology.org/ontology/ATC/B05CX","Other irrigating solutions in ATC","Other irrigating solutions"
"http://healdb.org/rdf-schema#AI_462","SORBITOL","http://purl.bioontology.org/ontology/ATC/V04CC01","C0037688","T109","http://purl.bioontology.org/ontology/ATC/V04CC","Diagnostic agents for bile duct patency testing","Tests for bile duct patency"
"http://healdb.org/rdf-schema#AI_462","SORBITOL","http://purl.bioontology.org/ontology/ATC/V04CC01","C0037688","T121","http://purl.bioontology.org/ontology/ATC/V04CC","Diagnostic agents for bile duct patency testing","Tests for bile duct patency"
"http://healdb.org/rdf-schema#AI_463","ETOFENAMATO","http://purl.bioontology.org/ontology/ATC/M02AA06","C0059868","T109","http://purl.bioontology.org/ontology/ATC/M02AA","Antiinflammatory preparations, non-steroids for topical use",
"http://healdb.org/rdf-schema#AI_463","ETOFENAMATO","http://purl.bioontology.org/ontology/ATC/M02AA06","C0059868","T121","http://purl.bioontology.org/ontology/ATC/M02AA","Antiinflammatory preparations, non-steroids for topical use",
"http://healdb.org/rdf-schema#AI_47","NISTATINA","http://purl.bioontology.org/ontology/ATC/A07AA02","C0028741","T109","http://purl.bioontology.org/ontology/ATC/A07AA","antibiotics, intestinal","Antibiotics"
"http://healdb.org/rdf-schema#AI_47","NISTATINA","http://purl.bioontology.org/ontology/ATC/A07AA02","C0028741","T195","http://purl.bioontology.org/ontology/ATC/A07AA","antibiotics, intestinal","Antibiotics"
"http://healdb.org/rdf-schema#AI_47","NISTATINA","http://purl.bioontology.org/ontology/ATC/D01AA01","C0028741","T109","http://purl.bioontology.org/ontology/ATC/D01AA","Antifungal Antibiotics, Topical","Antibiotics"
"http://healdb.org/rdf-schema#AI_47","NISTATINA","http://purl.bioontology.org/ontology/ATC/D01AA01","C0028741","T195","http://purl.bioontology.org/ontology/ATC/D01AA","Antifungal Antibiotics, Topical","Antibiotics"
"http://healdb.org/rdf-schema#AI_47","NISTATINA","http://purl.bioontology.org/ontology/ATC/G01AA01","C0028741","T109","http://purl.bioontology.org/ontology/ATC/G01AA","Antibiotics, Gynecological","Antibiotics"
"http://healdb.org/rdf-schema#AI_47","NISTATINA","http://purl.bioontology.org/ontology/ATC/G01AA01","C0028741","T195","http://purl.bioontology.org/ontology/ATC/G01AA","Antibiotics, Gynecological","Antibiotics"
"http://healdb.org/rdf-schema#AI_471","CETOCONAZOL","http://purl.bioontology.org/ontology/ATC/H02CA03","C0022625","T109","http://purl.bioontology.org/ontology/ATC/H02CA","Anticorticosteroids",
"http://healdb.org/rdf-schema#AI_471","CETOCONAZOL","http://purl.bioontology.org/ontology/ATC/H02CA03","C0022625","T121","http://purl.bioontology.org/ontology/ATC/H02CA","Anticorticosteroids",
"http://healdb.org/rdf-schema#AI_471","CETOCONAZOL","http://purl.bioontology.org/ontology/ATC/D01AC08","C0022625","T109","http://purl.bioontology.org/ontology/ATC/D01AC","Imidazole and triazole derivatives, topical antifungals","Imidazole and triazole derivatives"
"http://healdb.org/rdf-schema#AI_471","CETOCONAZOL","http://purl.bioontology.org/ontology/ATC/D01AC08","C0022625","T121","http://purl.bioontology.org/ontology/ATC/D01AC","Imidazole and triazole derivatives, topical antifungals","Imidazole and triazole derivatives"
"http://healdb.org/rdf-schema#AI_471","CETOCONAZOL","http://purl.bioontology.org/ontology/ATC/G01AF11","C0022625","T109","http://purl.bioontology.org/ontology/ATC/G01AF","Imidazole derivatives, gyncological antiinfectives","Imidazole derivatives"
"http://healdb.org/rdf-schema#AI_471","CETOCONAZOL","http://purl.bioontology.org/ontology/ATC/G01AF11","C0022625","T121","http://purl.bioontology.org/ontology/ATC/G01AF","Imidazole derivatives, gyncological antiinfectives","Imidazole derivatives"
"http://healdb.org/rdf-schema#AI_471","CETOCONAZOL","http://purl.bioontology.org/ontology/ATC/J02AB02","C0022625","T109","http://purl.bioontology.org/ontology/ATC/J02AB","Imidazole derivatives, antimycotic for systemic use","Imidazole derivatives"
"http://healdb.org/rdf-schema#AI_471","CETOCONAZOL","http://purl.bioontology.org/ontology/ATC/J02AB02","C0022625","T121","http://purl.bioontology.org/ontology/ATC/J02AB","Imidazole derivatives, antimycotic for systemic use","Imidazole derivatives"
"http://healdb.org/rdf-schema#AI_472","MEBENDAZOL","http://purl.bioontology.org/ontology/ATC/P02CA01","C0025023","T109","http://purl.bioontology.org/ontology/ATC/P02CA","Benzimidazole derivatives, antinematodal","Benzimidazole derivatives"
"http://healdb.org/rdf-schema#AI_472","MEBENDAZOL","http://purl.bioontology.org/ontology/ATC/P02CA01","C0025023","T121","http://purl.bioontology.org/ontology/ATC/P02CA","Benzimidazole derivatives, antinematodal","Benzimidazole derivatives"
"http://healdb.org/rdf-schema#AI_473","BISACODIL","http://purl.bioontology.org/ontology/ATC/A06AB02","C0005632","T109","http://purl.bioontology.org/ontology/ATC/A06AB","Contact laxatives",
"http://healdb.org/rdf-schema#AI_473","BISACODIL","http://purl.bioontology.org/ontology/ATC/A06AB02","C0005632","T121","http://purl.bioontology.org/ontology/ATC/A06AB","Contact laxatives",
"http://healdb.org/rdf-schema#AI_473","BISACODIL","http://purl.bioontology.org/ontology/ATC/A06AG02","C0005632","T109","http://purl.bioontology.org/ontology/ATC/A06AG","Enema for Constipation","Enemas"
"http://healdb.org/rdf-schema#AI_473","BISACODIL","http://purl.bioontology.org/ontology/ATC/A06AG02","C0005632","T121","http://purl.bioontology.org/ontology/ATC/A06AG","Enema for Constipation","Enemas"
"http://healdb.org/rdf-schema#AI_474","DOCUSATO SODICO","http://purl.bioontology.org/ontology/ATC/A06AA02","C0243237","T109","http://purl.bioontology.org/ontology/ATC/A06AA","Softeners, emollients",
"http://healdb.org/rdf-schema#AI_474","DOCUSATO SODICO","http://purl.bioontology.org/ontology/ATC/A06AA02","C0243237","T121","http://purl.bioontology.org/ontology/ATC/A06AA","Softeners, emollients",
"http://healdb.org/rdf-schema#AI_475","FENOLFTALEÍNA","http://purl.bioontology.org/ontology/ATC/A06AB04","C0600489","T109","http://purl.bioontology.org/ontology/ATC/A06AB","Contact laxatives",
"http://healdb.org/rdf-schema#AI_475","FENOLFTALEÍNA","http://purl.bioontology.org/ontology/ATC/A06AB04","C0600489","T121","http://purl.bioontology.org/ontology/ATC/A06AB","Contact laxatives",
"http://healdb.org/rdf-schema#AI_475","FENOLFTALEÍNA","http://purl.bioontology.org/ontology/ATC/A06AB04","C0600489","T130","http://purl.bioontology.org/ontology/ATC/A06AB","Contact laxatives",
"http://healdb.org/rdf-schema#AI_479","CITRATO DE SÓDIO","http://purl.bioontology.org/ontology/ATC/B05CB02","C0142825","T109","http://purl.bioontology.org/ontology/ATC/B05CB","Salt irrigating solutions","Salt solutions"
"http://healdb.org/rdf-schema#AI_479","CITRATO DE SÓDIO","http://purl.bioontology.org/ontology/ATC/B05CB02","C0142825","T121","http://purl.bioontology.org/ontology/ATC/B05CB","Salt irrigating solutions","Salt solutions"
"http://healdb.org/rdf-schema#AI_480","CLORETO DE AMÔNIO","http://purl.bioontology.org/ontology/ATC/B05XA04","C0002615","T121","http://purl.bioontology.org/ontology/ATC/B05XA","Electrolyte solutions",
"http://healdb.org/rdf-schema#AI_480","CLORETO DE AMÔNIO","http://purl.bioontology.org/ontology/ATC/B05XA04","C0002615","T197","http://purl.bioontology.org/ontology/ATC/B05XA","Electrolyte solutions",
"http://healdb.org/rdf-schema#AI_480","CLORETO DE AMÔNIO","http://purl.bioontology.org/ontology/ATC/G04BA01","C0002615","T121","http://purl.bioontology.org/ontology/ATC/G04BA","Acidifiers",
"http://healdb.org/rdf-schema#AI_480","CLORETO DE AMÔNIO","http://purl.bioontology.org/ontology/ATC/G04BA01","C0002615","T197","http://purl.bioontology.org/ontology/ATC/G04BA","Acidifiers",
"http://healdb.org/rdf-schema#AI_486","POLICARBOFILA  CÁLCICA","http://purl.bioontology.org/ontology/ATC/A06AC07","C3652539","T109","http://purl.bioontology.org/ontology/ATC/A06AC","Bulk-forming laxatives",
"http://healdb.org/rdf-schema#AI_486","POLICARBOFILA  CÁLCICA","http://purl.bioontology.org/ontology/ATC/A06AC07","C3652539","T121","http://purl.bioontology.org/ontology/ATC/A06AC","Bulk-forming laxatives",
"http://healdb.org/rdf-schema#AI_486","POLICARBOFILA  CÁLCICA","http://purl.bioontology.org/ontology/ATC/A06AC08","C0054480","T109","http://purl.bioontology.org/ontology/ATC/A06AC","Bulk-forming laxatives",
"http://healdb.org/rdf-schema#AI_486","POLICARBOFILA  CÁLCICA","http://purl.bioontology.org/ontology/ATC/A06AC08","C0054480","T121","http://purl.bioontology.org/ontology/ATC/A06AC","Bulk-forming laxatives",
"http://healdb.org/rdf-schema#AI_490","BELIMUMABE","http://purl.bioontology.org/ontology/ATC/L04AG04","C1723401","T116","http://purl.bioontology.org/ontology/ATC/L04AG","Monoclonal antibodies",
"http://healdb.org/rdf-schema#AI_490","BELIMUMABE","http://purl.bioontology.org/ontology/ATC/L04AG04","C1723401","T121","http://purl.bioontology.org/ontology/ATC/L04AG","Monoclonal antibodies",
"http://healdb.org/rdf-schema#AI_490","BELIMUMABE","http://purl.bioontology.org/ontology/ATC/L04AG04","C1723401","T129","http://purl.bioontology.org/ontology/ATC/L04AG","Monoclonal antibodies",
"http://healdb.org/rdf-schema#AI_491","TIABENDAZOL","http://purl.bioontology.org/ontology/ATC/P02CA02","C0039832","T109","http://purl.bioontology.org/ontology/ATC/P02CA","Benzimidazole derivatives, antinematodal","Benzimidazole derivatives"
"http://healdb.org/rdf-schema#AI_491","TIABENDAZOL","http://purl.bioontology.org/ontology/ATC/P02CA02","C0039832","T121","http://purl.bioontology.org/ontology/ATC/P02CA","Benzimidazole derivatives, antinematodal","Benzimidazole derivatives"
"http://healdb.org/rdf-schema#AI_491","TIABENDAZOL","http://purl.bioontology.org/ontology/ATC/D01AC06","C0039832","T109","http://purl.bioontology.org/ontology/ATC/D01AC","Imidazole and triazole derivatives, topical antifungals","Imidazole and triazole derivatives"
"http://healdb.org/rdf-schema#AI_491","TIABENDAZOL","http://purl.bioontology.org/ontology/ATC/D01AC06","C0039832","T121","http://purl.bioontology.org/ontology/ATC/D01AC","Imidazole and triazole derivatives, topical antifungals","Imidazole and triazole derivatives"
"http://healdb.org/rdf-schema#AI_492","BENZILPENICILINA PROCAÍNA","http://purl.bioontology.org/ontology/ATC/J01CE09","C0030830","T109","http://purl.bioontology.org/ontology/ATC/J01CE","Beta-lactamase sensitive penicillins",
"http://healdb.org/rdf-schema#AI_492","BENZILPENICILINA PROCAÍNA","http://purl.bioontology.org/ontology/ATC/J01CE09","C0030830","T195","http://purl.bioontology.org/ontology/ATC/J01CE","Beta-lactamase sensitive penicillins",
"http://healdb.org/rdf-schema#AI_493","BENZILPENICILINA BENZATINA","http://purl.bioontology.org/ontology/ATC/J01CE08","C0030829","T109","http://purl.bioontology.org/ontology/ATC/J01CE","Beta-lactamase sensitive penicillins",
"http://healdb.org/rdf-schema#AI_493","BENZILPENICILINA BENZATINA","http://purl.bioontology.org/ontology/ATC/J01CE08","C0030829","T195","http://purl.bioontology.org/ontology/ATC/J01CE","Beta-lactamase sensitive penicillins",
"http://healdb.org/rdf-schema#AI_496","BENZOATO DE BENZILA","http://purl.bioontology.org/ontology/ATC/P03AX01","C0053289","T109","http://purl.bioontology.org/ontology/ATC/P03AX","Other ectoparasiticides, incl. scabicides in ATC","Other ectoparasiticides, incl. scabicides"
"http://healdb.org/rdf-schema#AI_496","BENZOATO DE BENZILA","http://purl.bioontology.org/ontology/ATC/P03AX01","C0053289","T131","http://purl.bioontology.org/ontology/ATC/P03AX","Other ectoparasiticides, incl. scabicides in ATC","Other ectoparasiticides, incl. scabicides"
"http://healdb.org/rdf-schema#AI_497","BENZOATO DE SODIO ASSOCIADO","http://purl.bioontology.org/ontology/ATC/A16AX11","C0142805","T109","http://purl.bioontology.org/ontology/ATC/A16AX","Various alimentary tract and metabolism products",
"http://healdb.org/rdf-schema#AI_497","BENZOATO DE SODIO ASSOCIADO","http://purl.bioontology.org/ontology/ATC/A16AX11","C0142805","T121","http://purl.bioontology.org/ontology/ATC/A16AX","Various alimentary tract and metabolism products",
"http://healdb.org/rdf-schema#AI_499","DEXPANTENOL","http://purl.bioontology.org/ontology/ATC/D03AX03","C0057610","T109","http://purl.bioontology.org/ontology/ATC/D03AX","Other cicatrizants in ATC","Other cicatrizants"
"http://healdb.org/rdf-schema#AI_499","DEXPANTENOL","http://purl.bioontology.org/ontology/ATC/D03AX03","C0057610","T121","http://purl.bioontology.org/ontology/ATC/D03AX","Other cicatrizants in ATC","Other cicatrizants"
"http://healdb.org/rdf-schema#AI_499","DEXPANTENOL","http://purl.bioontology.org/ontology/ATC/D03AX03","C0057610","T127","http://purl.bioontology.org/ontology/ATC/D03AX","Other cicatrizants in ATC","Other cicatrizants"
"http://healdb.org/rdf-schema#AI_499","DEXPANTENOL","http://purl.bioontology.org/ontology/ATC/S01XA12","C0057610","T109","http://purl.bioontology.org/ontology/ATC/S01XA","Other ophthalmologicals in ATC","Other ophthalmologicals"
"http://healdb.org/rdf-schema#AI_499","DEXPANTENOL","http://purl.bioontology.org/ontology/ATC/S01XA12","C0057610","T121","http://purl.bioontology.org/ontology/ATC/S01XA","Other ophthalmologicals in ATC","Other ophthalmologicals"
"http://healdb.org/rdf-schema#AI_499","DEXPANTENOL","http://purl.bioontology.org/ontology/ATC/S01XA12","C0057610","T127","http://purl.bioontology.org/ontology/ATC/S01XA","Other ophthalmologicals in ATC","Other ophthalmologicals"
"http://healdb.org/rdf-schema#AI_499","DEXPANTENOL","http://purl.bioontology.org/ontology/ATC/A11HA30","C0057610","T109","http://purl.bioontology.org/ontology/ATC/A11HA","Other plain vitamin preparations in ATC","Other plain vitamin preparations"
"http://healdb.org/rdf-schema#AI_499","DEXPANTENOL","http://purl.bioontology.org/ontology/ATC/A11HA30","C0057610","T121","http://purl.bioontology.org/ontology/ATC/A11HA","Other plain vitamin preparations in ATC","Other plain vitamin preparations"
"http://healdb.org/rdf-schema#AI_499","DEXPANTENOL","http://purl.bioontology.org/ontology/ATC/A11HA30","C0057610","T127","http://purl.bioontology.org/ontology/ATC/A11HA","Other plain vitamin preparations in ATC","Other plain vitamin preparations"
"http://healdb.org/rdf-schema#AI_5","ACIDO ACETILSALICILICO","http://purl.bioontology.org/ontology/ATC/B01AC06","C0004057","T109","http://purl.bioontology.org/ontology/ATC/B01AC","Platelet aggregation inhibitors excl. heparin",
"http://healdb.org/rdf-schema#AI_5","ACIDO ACETILSALICILICO","http://purl.bioontology.org/ontology/ATC/B01AC06","C0004057","T121","http://purl.bioontology.org/ontology/ATC/B01AC","Platelet aggregation inhibitors excl. heparin",
"http://healdb.org/rdf-schema#AI_5","ACIDO ACETILSALICILICO","http://purl.bioontology.org/ontology/ATC/A01AD05","C0004057","T109","http://purl.bioontology.org/ontology/ATC/A01AD","Other agents for local oral treatment in ATC","Other agents for local oral treatment"
"http://healdb.org/rdf-schema#AI_5","ACIDO ACETILSALICILICO","http://purl.bioontology.org/ontology/ATC/A01AD05","C0004057","T121","http://purl.bioontology.org/ontology/ATC/A01AD","Other agents for local oral treatment in ATC","Other agents for local oral treatment"
"http://healdb.org/rdf-schema#AI_5","ACIDO ACETILSALICILICO","http://purl.bioontology.org/ontology/ATC/N02BA01","C0004057","T109","http://purl.bioontology.org/ontology/ATC/N02BA","Salicylic acid and derivatives, analgesics and antipyretics","Salicylic acid and derivatives"
"http://healdb.org/rdf-schema#AI_5","ACIDO ACETILSALICILICO","http://purl.bioontology.org/ontology/ATC/N02BA01","C0004057","T121","http://purl.bioontology.org/ontology/ATC/N02BA","Salicylic acid and derivatives, analgesics and antipyretics","Salicylic acid and derivatives"
"http://healdb.org/rdf-schema#AI_50","ÁCIDO FÓLICO","http://purl.bioontology.org/ontology/ATC/B03BB01","C0016410","T109","http://purl.bioontology.org/ontology/ATC/B03BB","Folic acid and derivatives as antianemics","Folic acid and derivatives"
"http://healdb.org/rdf-schema#AI_50","ÁCIDO FÓLICO","http://purl.bioontology.org/ontology/ATC/B03BB01","C0016410","T121","http://purl.bioontology.org/ontology/ATC/B03BB","Folic acid and derivatives as antianemics","Folic acid and derivatives"
"http://healdb.org/rdf-schema#AI_50","ÁCIDO FÓLICO","http://purl.bioontology.org/ontology/ATC/B03BB01","C0016410","T127","http://purl.bioontology.org/ontology/ATC/B03BB","Folic acid and derivatives as antianemics","Folic acid and derivatives"
"http://healdb.org/rdf-schema#AI_50","ÁCIDO FÓLICO","http://purl.bioontology.org/ontology/ATC/V04CX02","C0016410","T109","http://purl.bioontology.org/ontology/ATC/V04CX","Other diagnostic agents in ATC","Other diagnostic agents"
"http://healdb.org/rdf-schema#AI_50","ÁCIDO FÓLICO","http://purl.bioontology.org/ontology/ATC/V04CX02","C0016410","T121","http://purl.bioontology.org/ontology/ATC/V04CX","Other diagnostic agents in ATC","Other diagnostic agents"
"http://healdb.org/rdf-schema#AI_50","ÁCIDO FÓLICO","http://purl.bioontology.org/ontology/ATC/V04CX02","C0016410","T127","http://purl.bioontology.org/ontology/ATC/V04CX","Other diagnostic agents in ATC","Other diagnostic agents"
"http://healdb.org/rdf-schema#AI_500","PENICILINA G BENZATINA","http://purl.bioontology.org/ontology/ATC/J01CE01","C0030827","T109","http://purl.bioontology.org/ontology/ATC/J01CE","Beta-lactamase sensitive penicillins",
"http://healdb.org/rdf-schema#AI_500","PENICILINA G BENZATINA","http://purl.bioontology.org/ontology/ATC/J01CE01","C0030827","T195","http://purl.bioontology.org/ontology/ATC/J01CE","Beta-lactamase sensitive penicillins",
"http://healdb.org/rdf-schema#AI_500","PENICILINA G BENZATINA","http://purl.bioontology.org/ontology/ATC/S01AA14","C0030827","T109","http://purl.bioontology.org/ontology/ATC/S01AA","Antibiotics, ophthalmologic","Antibiotics"
"http://healdb.org/rdf-schema#AI_500","PENICILINA G BENZATINA","http://purl.bioontology.org/ontology/ATC/S01AA14","C0030827","T195","http://purl.bioontology.org/ontology/ATC/S01AA","Antibiotics, ophthalmologic","Antibiotics"
"http://healdb.org/rdf-schema#AI_504","CABERGOLINA","http://purl.bioontology.org/ontology/ATC/G02CB03","C0107994","T109","http://purl.bioontology.org/ontology/ATC/G02CB","Prolactine inhibitors",
"http://healdb.org/rdf-schema#AI_504","CABERGOLINA","http://purl.bioontology.org/ontology/ATC/G02CB03","C0107994","T121","http://purl.bioontology.org/ontology/ATC/G02CB","Prolactine inhibitors",
"http://healdb.org/rdf-schema#AI_504","CABERGOLINA","http://purl.bioontology.org/ontology/ATC/N04BC06","C0107994","T109","http://purl.bioontology.org/ontology/ATC/N04BC","Dopamine agonists",
"http://healdb.org/rdf-schema#AI_504","CABERGOLINA","http://purl.bioontology.org/ontology/ATC/N04BC06","C0107994","T121","http://purl.bioontology.org/ontology/ATC/N04BC","Dopamine agonists",
"http://healdb.org/rdf-schema#AI_505","APROTININA","http://purl.bioontology.org/ontology/ATC/B02AB01","C0003641","T116","http://purl.bioontology.org/ontology/ATC/B02AB","Proteinase inhibitors, antifibrinolytic","Proteinase inhibitors"
"http://healdb.org/rdf-schema#AI_505","APROTININA","http://purl.bioontology.org/ontology/ATC/B02AB01","C0003641","T121","http://purl.bioontology.org/ontology/ATC/B02AB","Proteinase inhibitors, antifibrinolytic","Proteinase inhibitors"
"http://healdb.org/rdf-schema#AI_505","APROTININA","http://purl.bioontology.org/ontology/ATC/B02AB01","C0003641","T123","http://purl.bioontology.org/ontology/ATC/B02AB","Proteinase inhibitors, antifibrinolytic","Proteinase inhibitors"
"http://healdb.org/rdf-schema#AI_506","FATOR XIII","http://purl.bioontology.org/ontology/ATC/B02BD07","C0015528","T116","http://purl.bioontology.org/ontology/ATC/B02BD","Blood coagulation factors",
"http://healdb.org/rdf-schema#AI_506","FATOR XIII","http://purl.bioontology.org/ontology/ATC/B02BD07","C0015528","T121","http://purl.bioontology.org/ontology/ATC/B02BD","Blood coagulation factors",
"http://healdb.org/rdf-schema#AI_506","FATOR XIII","http://purl.bioontology.org/ontology/ATC/B02BD07","C0015528","T126","http://purl.bioontology.org/ontology/ATC/B02BD","Blood coagulation factors",
"http://healdb.org/rdf-schema#AI_514","CARISOPRODOL","http://purl.bioontology.org/ontology/ATC/M03BA02","C0007248","T109","http://purl.bioontology.org/ontology/ATC/M03BA","Carbamic acid esters, centrally acting muscle relaxants","Carbamic acid esters"
"http://healdb.org/rdf-schema#AI_514","CARISOPRODOL","http://purl.bioontology.org/ontology/ATC/M03BA02","C0007248","T121","http://purl.bioontology.org/ontology/ATC/M03BA","Carbamic acid esters, centrally acting muscle relaxants","Carbamic acid esters"
"http://healdb.org/rdf-schema#AI_517","IODOPOVIDONA","http://purl.bioontology.org/ontology/ATC/D09AA09","C0032857","T109","http://purl.bioontology.org/ontology/ATC/D09AA","Medicated dressings with antiinfectives",
"http://healdb.org/rdf-schema#AI_517","IODOPOVIDONA","http://purl.bioontology.org/ontology/ATC/D09AA09","C0032857","T121","http://purl.bioontology.org/ontology/ATC/D09AA","Medicated dressings with antiinfectives",
"http://healdb.org/rdf-schema#AI_517","IODOPOVIDONA","http://purl.bioontology.org/ontology/ATC/D11AC06","C0032857","T109","http://purl.bioontology.org/ontology/ATC/D11AC","Medicated shampoos",
"http://healdb.org/rdf-schema#AI_517","IODOPOVIDONA","http://purl.bioontology.org/ontology/ATC/D11AC06","C0032857","T121","http://purl.bioontology.org/ontology/ATC/D11AC","Medicated shampoos",
"http://healdb.org/rdf-schema#AI_517","IODOPOVIDONA","http://purl.bioontology.org/ontology/ATC/R02AA15","C0032857","T109","http://purl.bioontology.org/ontology/ATC/R02AA","Antiseptic throat preparations","Antiseptics"
"http://healdb.org/rdf-schema#AI_517","IODOPOVIDONA","http://purl.bioontology.org/ontology/ATC/R02AA15","C0032857","T121","http://purl.bioontology.org/ontology/ATC/R02AA","Antiseptic throat preparations","Antiseptics"
"http://healdb.org/rdf-schema#AI_517","IODOPOVIDONA","http://purl.bioontology.org/ontology/ATC/D08AG02","C0032857","T109","http://purl.bioontology.org/ontology/ATC/D08AG","Iodine products, antiseptics and disinfectants","Iodine products"
"http://healdb.org/rdf-schema#AI_517","IODOPOVIDONA","http://purl.bioontology.org/ontology/ATC/D08AG02","C0032857","T121","http://purl.bioontology.org/ontology/ATC/D08AG","Iodine products, antiseptics and disinfectants","Iodine products"
"http://healdb.org/rdf-schema#AI_517","IODOPOVIDONA","http://purl.bioontology.org/ontology/ATC/S01AX18","C0032857","T109","http://purl.bioontology.org/ontology/ATC/S01AX","Other antiinfectives in ATC","Other antiinfectives"
"http://healdb.org/rdf-schema#AI_517","IODOPOVIDONA","http://purl.bioontology.org/ontology/ATC/S01AX18","C0032857","T121","http://purl.bioontology.org/ontology/ATC/S01AX","Other antiinfectives in ATC","Other antiinfectives"
"http://healdb.org/rdf-schema#AI_517","IODOPOVIDONA","http://purl.bioontology.org/ontology/ATC/G01AX11","C0032857","T109","http://purl.bioontology.org/ontology/ATC/G01AX","Other gynecological antiinfectives and antiseptics in ATC","Other antiinfectives and antiseptics"
"http://healdb.org/rdf-schema#AI_517","IODOPOVIDONA","http://purl.bioontology.org/ontology/ATC/G01AX11","C0032857","T121","http://purl.bioontology.org/ontology/ATC/G01AX","Other gynecological antiinfectives and antiseptics in ATC","Other antiinfectives and antiseptics"
"http://healdb.org/rdf-schema#AI_519","BETAINTERFERONA 1B","http://purl.bioontology.org/ontology/ATC/L03AB08","C0244713","T116","http://purl.bioontology.org/ontology/ATC/L03AB","Interferons",
"http://healdb.org/rdf-schema#AI_519","BETAINTERFERONA 1B","http://purl.bioontology.org/ontology/ATC/L03AB08","C0244713","T121","http://purl.bioontology.org/ontology/ATC/L03AB","Interferons",
"http://healdb.org/rdf-schema#AI_519","BETAINTERFERONA 1B","http://purl.bioontology.org/ontology/ATC/L03AB08","C0244713","T129","http://purl.bioontology.org/ontology/ATC/L03AB","Interferons",
"http://healdb.org/rdf-schema#AI_520","GLICLAZIDA","http://purl.bioontology.org/ontology/ATC/A10BB09","C0017631","T109","http://purl.bioontology.org/ontology/ATC/A10BB","Sulfonylureas for blood glucose lowering","Sulfonylureas"
"http://healdb.org/rdf-schema#AI_520","GLICLAZIDA","http://purl.bioontology.org/ontology/ATC/A10BB09","C0017631","T121","http://purl.bioontology.org/ontology/ATC/A10BB","Sulfonylureas for blood glucose lowering","Sulfonylureas"
"http://healdb.org/rdf-schema#AI_524","DICLOFENACO","http://purl.bioontology.org/ontology/ATC/M01AB05","C0012091","T109","http://purl.bioontology.org/ontology/ATC/M01AB","Acetic acid derivatives and related substances",
"http://healdb.org/rdf-schema#AI_524","DICLOFENACO","http://purl.bioontology.org/ontology/ATC/M01AB05","C0012091","T121","http://purl.bioontology.org/ontology/ATC/M01AB","Acetic acid derivatives and related substances",
"http://healdb.org/rdf-schema#AI_524","DICLOFENACO","http://purl.bioontology.org/ontology/ATC/M02AA15","C0012091","T109","http://purl.bioontology.org/ontology/ATC/M02AA","Antiinflammatory preparations, non-steroids for topical use",
"http://healdb.org/rdf-schema#AI_524","DICLOFENACO","http://purl.bioontology.org/ontology/ATC/M02AA15","C0012091","T121","http://purl.bioontology.org/ontology/ATC/M02AA","Antiinflammatory preparations, non-steroids for topical use",
"http://healdb.org/rdf-schema#AI_524","DICLOFENACO","http://purl.bioontology.org/ontology/ATC/S01BC03","C0012091","T109","http://purl.bioontology.org/ontology/ATC/S01BC","Antiinflammatory agents, non-steroidal, ophthalmologic","Antiinflammatory agents, non-steroids"
"http://healdb.org/rdf-schema#AI_524","DICLOFENACO","http://purl.bioontology.org/ontology/ATC/S01BC03","C0012091","T121","http://purl.bioontology.org/ontology/ATC/S01BC","Antiinflammatory agents, non-steroidal, ophthalmologic","Antiinflammatory agents, non-steroids"
"http://healdb.org/rdf-schema#AI_524","DICLOFENACO","http://purl.bioontology.org/ontology/ATC/D11AX18","C0012091","T109","http://purl.bioontology.org/ontology/ATC/D11AX","OTHER DERMATOLOGICAL PREPARATIONS IN ATC","Other dermatologicals"
"http://healdb.org/rdf-schema#AI_524","DICLOFENACO","http://purl.bioontology.org/ontology/ATC/D11AX18","C0012091","T121","http://purl.bioontology.org/ontology/ATC/D11AX","OTHER DERMATOLOGICAL PREPARATIONS IN ATC","Other dermatologicals"
"http://healdb.org/rdf-schema#AI_526","BEZAFIBRATO","http://purl.bioontology.org/ontology/ATC/C10AB02","C0005330","T109","http://purl.bioontology.org/ontology/ATC/C10AB","Fibrates, lipid modifying drugs, plain","Fibrates"
"http://healdb.org/rdf-schema#AI_526","BEZAFIBRATO","http://purl.bioontology.org/ontology/ATC/C10AB02","C0005330","T121","http://purl.bioontology.org/ontology/ATC/C10AB","Fibrates, lipid modifying drugs, plain","Fibrates"
"http://healdb.org/rdf-schema#AI_53","ACICLOVIR","http://purl.bioontology.org/ontology/ATC/J05AB01","C0001367","T114","http://purl.bioontology.org/ontology/ATC/J05AB","Nucleosides and nucleotides excl. reverse transcriptase inhibitors",
"http://healdb.org/rdf-schema#AI_53","ACICLOVIR","http://purl.bioontology.org/ontology/ATC/J05AB01","C0001367","T121","http://purl.bioontology.org/ontology/ATC/J05AB","Nucleosides and nucleotides excl. reverse transcriptase inhibitors",
"http://healdb.org/rdf-schema#AI_53","ACICLOVIR","http://purl.bioontology.org/ontology/ATC/D06BB03","C0001367","T114","http://purl.bioontology.org/ontology/ATC/D06BB","Antivirals, topical","Antivirals"
"http://healdb.org/rdf-schema#AI_53","ACICLOVIR","http://purl.bioontology.org/ontology/ATC/D06BB03","C0001367","T121","http://purl.bioontology.org/ontology/ATC/D06BB","Antivirals, topical","Antivirals"
"http://healdb.org/rdf-schema#AI_53","ACICLOVIR","http://purl.bioontology.org/ontology/ATC/S01AD03","C0001367","T114","http://purl.bioontology.org/ontology/ATC/S01AD","Antivirals, ophthalmologic","Antivirals"
"http://healdb.org/rdf-schema#AI_53","ACICLOVIR","http://purl.bioontology.org/ontology/ATC/S01AD03","C0001367","T121","http://purl.bioontology.org/ontology/ATC/S01AD","Antivirals, ophthalmologic","Antivirals"
"http://healdb.org/rdf-schema#AI_531","BICARBONATO DE SÓDIO","http://purl.bioontology.org/ontology/ATC/B05XA02","C0074722","T109","http://purl.bioontology.org/ontology/ATC/B05XA","Electrolyte solutions",
"http://healdb.org/rdf-schema#AI_531","BICARBONATO DE SÓDIO","http://purl.bioontology.org/ontology/ATC/B05XA02","C0074722","T121","http://purl.bioontology.org/ontology/ATC/B05XA","Electrolyte solutions",
"http://healdb.org/rdf-schema#AI_531","BICARBONATO DE SÓDIO","http://purl.bioontology.org/ontology/ATC/B05CB04","C0074722","T109","http://purl.bioontology.org/ontology/ATC/B05CB","Salt irrigating solutions","Salt solutions"
"http://healdb.org/rdf-schema#AI_531","BICARBONATO DE SÓDIO","http://purl.bioontology.org/ontology/ATC/B05CB04","C0074722","T121","http://purl.bioontology.org/ontology/ATC/B05CB","Salt irrigating solutions","Salt solutions"
"http://healdb.org/rdf-schema#AI_532","BICALUTAMIDA","http://purl.bioontology.org/ontology/ATC/L02BB03","C0285590","T109","http://purl.bioontology.org/ontology/ATC/L02BB","Anti-androgen hormone antagonists and related agents","Anti-androgens"
"http://healdb.org/rdf-schema#AI_532","BICALUTAMIDA","http://purl.bioontology.org/ontology/ATC/L02BB03","C0285590","T121","http://purl.bioontology.org/ontology/ATC/L02BB","Anti-androgen hormone antagonists and related agents","Anti-androgens"
"http://healdb.org/rdf-schema#AI_536","HEMIFUMARATO DE TENOFOVIR ALAFENAMIDA","http://purl.bioontology.org/ontology/ATC/J05AF13","C3713958","T114","http://purl.bioontology.org/ontology/ATC/J05AF","Nucleoside and nucleotide reverse transcriptase inhibitors",
"http://healdb.org/rdf-schema#AI_536","HEMIFUMARATO DE TENOFOVIR ALAFENAMIDA","http://purl.bioontology.org/ontology/ATC/J05AF13","C3713958","T121","http://purl.bioontology.org/ontology/ATC/J05AF","Nucleoside and nucleotide reverse transcriptase inhibitors",
"http://healdb.org/rdf-schema#AI_537","ENTRICITABINA","http://purl.bioontology.org/ontology/ATC/J05AF09","C0909839","T114","http://purl.bioontology.org/ontology/ATC/J05AF","Nucleoside and nucleotide reverse transcriptase inhibitors",
"http://healdb.org/rdf-schema#AI_537","ENTRICITABINA","http://purl.bioontology.org/ontology/ATC/J05AF09","C0909839","T121","http://purl.bioontology.org/ontology/ATC/J05AF","Nucleoside and nucleotide reverse transcriptase inhibitors",
"http://healdb.org/rdf-schema#AI_539","BIMATOPROSTA","http://purl.bioontology.org/ontology/ATC/S01EE03","C0937917","T109","http://purl.bioontology.org/ontology/ATC/S01EE","Prostaglandin analogues, antiglaucoma drugs and miotics","Prostaglandin analogues"
"http://healdb.org/rdf-schema#AI_539","BIMATOPROSTA","http://purl.bioontology.org/ontology/ATC/S01EE03","C0937917","T121","http://purl.bioontology.org/ontology/ATC/S01EE","Prostaglandin analogues, antiglaucoma drugs and miotics","Prostaglandin analogues"
"http://healdb.org/rdf-schema#AI_541","CLORETO DE BENZALCÔNIO","http://purl.bioontology.org/ontology/ATC/D09AA11","C0005025","T109","http://purl.bioontology.org/ontology/ATC/D09AA","Medicated dressings with antiinfectives",
"http://healdb.org/rdf-schema#AI_541","CLORETO DE BENZALCÔNIO","http://purl.bioontology.org/ontology/ATC/D09AA11","C0005025","T121","http://purl.bioontology.org/ontology/ATC/D09AA","Medicated dressings with antiinfectives",
"http://healdb.org/rdf-schema#AI_541","CLORETO DE BENZALCÔNIO","http://purl.bioontology.org/ontology/ATC/D08AJ01","C0005025","T109","http://purl.bioontology.org/ontology/ATC/D08AJ","Quaternary ammonium compounds, antiseptics and disinfectants","Quaternary ammonium compounds"
"http://healdb.org/rdf-schema#AI_541","CLORETO DE BENZALCÔNIO","http://purl.bioontology.org/ontology/ATC/D08AJ01","C0005025","T121","http://purl.bioontology.org/ontology/ATC/D08AJ","Quaternary ammonium compounds, antiseptics and disinfectants","Quaternary ammonium compounds"
"http://healdb.org/rdf-schema#AI_542","VITAMINA E","http://purl.bioontology.org/ontology/ATC/A11HA03","C0042874","T109","http://purl.bioontology.org/ontology/ATC/A11HA","Other plain vitamin preparations in ATC","Other plain vitamin preparations"
"http://healdb.org/rdf-schema#AI_542","VITAMINA E","http://purl.bioontology.org/ontology/ATC/A11HA03","C0042874","T121","http://purl.bioontology.org/ontology/ATC/A11HA","Other plain vitamin preparations in ATC","Other plain vitamin preparations"
"http://healdb.org/rdf-schema#AI_542","VITAMINA E","http://purl.bioontology.org/ontology/ATC/A11HA03","C0042874","T127","http://purl.bioontology.org/ontology/ATC/A11HA","Other plain vitamin preparations in ATC","Other plain vitamin preparations"
"http://healdb.org/rdf-schema#AI_543","ALFATALIGLICERASE","http://purl.bioontology.org/ontology/ATC/A16AB11","C3273401","T116","http://purl.bioontology.org/ontology/ATC/A16AB","Enzymes for ALIMENTARY TRACT AND METABOLISM","Enzymes"
"http://healdb.org/rdf-schema#AI_543","ALFATALIGLICERASE","http://purl.bioontology.org/ontology/ATC/A16AB11","C3273401","T121","http://purl.bioontology.org/ontology/ATC/A16AB","Enzymes for ALIMENTARY TRACT AND METABOLISM","Enzymes"
"http://healdb.org/rdf-schema#AI_543","ALFATALIGLICERASE","http://purl.bioontology.org/ontology/ATC/A16AB11","C3273401","T126","http://purl.bioontology.org/ontology/ATC/A16AB","Enzymes for ALIMENTARY TRACT AND METABOLISM","Enzymes"
"http://healdb.org/rdf-schema#AI_544","ETANERCEPTE","http://purl.bioontology.org/ontology/ATC/L04AB01","C0717758","T116","http://purl.bioontology.org/ontology/ATC/L04AB","Tumor necrosis factor alpha (TNF-alpha) inhibitors",
"http://healdb.org/rdf-schema#AI_544","ETANERCEPTE","http://purl.bioontology.org/ontology/ATC/L04AB01","C0717758","T121","http://purl.bioontology.org/ontology/ATC/L04AB","Tumor necrosis factor alpha (TNF-alpha) inhibitors",
"http://healdb.org/rdf-schema#AI_545","GOLIMUMABE","http://purl.bioontology.org/ontology/ATC/L04AB06","C2353893","T116","http://purl.bioontology.org/ontology/ATC/L04AB","Tumor necrosis factor alpha (TNF-alpha) inhibitors",
"http://healdb.org/rdf-schema#AI_545","GOLIMUMABE","http://purl.bioontology.org/ontology/ATC/L04AB06","C2353893","T121","http://purl.bioontology.org/ontology/ATC/L04AB","Tumor necrosis factor alpha (TNF-alpha) inhibitors",
"http://healdb.org/rdf-schema#AI_545","GOLIMUMABE","http://purl.bioontology.org/ontology/ATC/L04AB06","C2353893","T129","http://purl.bioontology.org/ontology/ATC/L04AB","Tumor necrosis factor alpha (TNF-alpha) inhibitors",
"http://healdb.org/rdf-schema#AI_546","RITUXIMABE","http://purl.bioontology.org/ontology/ATC/L01FA01","C0393022","T116","http://purl.bioontology.org/ontology/ATC/L01FA","CD20 (Clusters of Differentiation 20) inhibitors",
"http://healdb.org/rdf-schema#AI_546","RITUXIMABE","http://purl.bioontology.org/ontology/ATC/L01FA01","C0393022","T121","http://purl.bioontology.org/ontology/ATC/L01FA","CD20 (Clusters of Differentiation 20) inhibitors",
"http://healdb.org/rdf-schema#AI_546","RITUXIMABE","http://purl.bioontology.org/ontology/ATC/L01FA01","C0393022","T129","http://purl.bioontology.org/ontology/ATC/L01FA","CD20 (Clusters of Differentiation 20) inhibitors",
"http://healdb.org/rdf-schema#AI_547","SOMATROPINA","http://purl.bioontology.org/ontology/ATC/H01AC01","C0169964","T116","http://purl.bioontology.org/ontology/ATC/H01AC","Somatropin and somatropin agonists",
"http://healdb.org/rdf-schema#AI_547","SOMATROPINA","http://purl.bioontology.org/ontology/ATC/H01AC01","C0169964","T121","http://purl.bioontology.org/ontology/ATC/H01AC","Somatropin and somatropin agonists",
"http://healdb.org/rdf-schema#AI_547","SOMATROPINA","http://purl.bioontology.org/ontology/ATC/H01AC01","C0169964","T125","http://purl.bioontology.org/ontology/ATC/H01AC","Somatropin and somatropin agonists",
"http://healdb.org/rdf-schema#AI_548","TRASTUZUMABE","http://purl.bioontology.org/ontology/ATC/L01FD01","C0728747","T116","http://purl.bioontology.org/ontology/ATC/L01FD","HER2 (Human Epidermal Growth Factor Receptor 2) inhibitors",
"http://healdb.org/rdf-schema#AI_548","TRASTUZUMABE","http://purl.bioontology.org/ontology/ATC/L01FD01","C0728747","T121","http://purl.bioontology.org/ontology/ATC/L01FD","HER2 (Human Epidermal Growth Factor Receptor 2) inhibitors",
"http://healdb.org/rdf-schema#AI_548","TRASTUZUMABE","http://purl.bioontology.org/ontology/ATC/L01FD01","C0728747","T129","http://purl.bioontology.org/ontology/ATC/L01FD","HER2 (Human Epidermal Growth Factor Receptor 2) inhibitors",
"http://healdb.org/rdf-schema#AI_549","OXALIPLATINA","http://purl.bioontology.org/ontology/ATC/L01XA03","C0069717","T109","http://purl.bioontology.org/ontology/ATC/L01XA","Platinum compounds, antineoplastic drugs","Platinum compounds"
"http://healdb.org/rdf-schema#AI_549","OXALIPLATINA","http://purl.bioontology.org/ontology/ATC/L01XA03","C0069717","T121","http://purl.bioontology.org/ontology/ATC/L01XA","Platinum compounds, antineoplastic drugs","Platinum compounds"
"http://healdb.org/rdf-schema#AI_55","ÁCIDO MEFENÂMICO","http://purl.bioontology.org/ontology/ATC/M01AG01","C0025152","T109","http://purl.bioontology.org/ontology/ATC/M01AG","Fenamates, antiinflammatory and antirheumatic drugs","Fenamates"
"http://healdb.org/rdf-schema#AI_55","ÁCIDO MEFENÂMICO","http://purl.bioontology.org/ontology/ATC/M01AG01","C0025152","T121","http://purl.bioontology.org/ontology/ATC/M01AG","Fenamates, antiinflammatory and antirheumatic drugs","Fenamates"
"http://healdb.org/rdf-schema#AI_550","DICLOFENACO ÁCIDO","http://purl.bioontology.org/ontology/ATC/M01AB05","C0012091","T109","http://purl.bioontology.org/ontology/ATC/M01AB","Acetic acid derivatives and related substances",
"http://healdb.org/rdf-schema#AI_550","DICLOFENACO ÁCIDO","http://purl.bioontology.org/ontology/ATC/M01AB05","C0012091","T121","http://purl.bioontology.org/ontology/ATC/M01AB","Acetic acid derivatives and related substances",
"http://healdb.org/rdf-schema#AI_550","DICLOFENACO ÁCIDO","http://purl.bioontology.org/ontology/ATC/M02AA15","C0012091","T109","http://purl.bioontology.org/ontology/ATC/M02AA","Antiinflammatory preparations, non-steroids for topical use",
"http://healdb.org/rdf-schema#AI_550","DICLOFENACO ÁCIDO","http://purl.bioontology.org/ontology/ATC/M02AA15","C0012091","T121","http://purl.bioontology.org/ontology/ATC/M02AA","Antiinflammatory preparations, non-steroids for topical use",
"http://healdb.org/rdf-schema#AI_550","DICLOFENACO ÁCIDO","http://purl.bioontology.org/ontology/ATC/S01BC03","C0012091","T109","http://purl.bioontology.org/ontology/ATC/S01BC","Antiinflammatory agents, non-steroidal, ophthalmologic","Antiinflammatory agents, non-steroids"
"http://healdb.org/rdf-schema#AI_550","DICLOFENACO ÁCIDO","http://purl.bioontology.org/ontology/ATC/S01BC03","C0012091","T121","http://purl.bioontology.org/ontology/ATC/S01BC","Antiinflammatory agents, non-steroidal, ophthalmologic","Antiinflammatory agents, non-steroids"
"http://healdb.org/rdf-schema#AI_550","DICLOFENACO ÁCIDO","http://purl.bioontology.org/ontology/ATC/D11AX18","C0012091","T109","http://purl.bioontology.org/ontology/ATC/D11AX","OTHER DERMATOLOGICAL PREPARATIONS IN ATC","Other dermatologicals"
"http://healdb.org/rdf-schema#AI_550","DICLOFENACO ÁCIDO","http://purl.bioontology.org/ontology/ATC/D11AX18","C0012091","T121","http://purl.bioontology.org/ontology/ATC/D11AX","OTHER DERMATOLOGICAL PREPARATIONS IN ATC","Other dermatologicals"
"http://healdb.org/rdf-schema#AI_556","LAMIVUDINA","http://purl.bioontology.org/ontology/ATC/J05AF05","C0209738","T114","http://purl.bioontology.org/ontology/ATC/J05AF","Nucleoside and nucleotide reverse transcriptase inhibitors",
"http://healdb.org/rdf-schema#AI_556","LAMIVUDINA","http://purl.bioontology.org/ontology/ATC/J05AF05","C0209738","T121","http://purl.bioontology.org/ontology/ATC/J05AF","Nucleoside and nucleotide reverse transcriptase inhibitors",
"http://healdb.org/rdf-schema#AI_557","ZIDOVUDINA","http://purl.bioontology.org/ontology/ATC/J05AF01","C0043474","T114","http://purl.bioontology.org/ontology/ATC/J05AF","Nucleoside and nucleotide reverse transcriptase inhibitors",
"http://healdb.org/rdf-schema#AI_557","ZIDOVUDINA","http://purl.bioontology.org/ontology/ATC/J05AF01","C0043474","T121","http://purl.bioontology.org/ontology/ATC/J05AF","Nucleoside and nucleotide reverse transcriptase inhibitors",
"http://healdb.org/rdf-schema#AI_56","ÁCIDO TRANEXÂMICO","http://purl.bioontology.org/ontology/ATC/B02AA02","C0040613","T109","http://purl.bioontology.org/ontology/ATC/B02AA","Antifibrinolytic amino acids","Amino acids"
"http://healdb.org/rdf-schema#AI_56","ÁCIDO TRANEXÂMICO","http://purl.bioontology.org/ontology/ATC/B02AA02","C0040613","T121","http://purl.bioontology.org/ontology/ATC/B02AA","Antifibrinolytic amino acids","Amino acids"
"http://healdb.org/rdf-schema#AI_562","IMUNOGLOBULINA HUMANA","http://purl.bioontology.org/ontology/ATC/J06BA02","C3652960","T116","http://purl.bioontology.org/ontology/ATC/J06BA","Immunoglobulins, normal human",
"http://healdb.org/rdf-schema#AI_562","IMUNOGLOBULINA HUMANA","http://purl.bioontology.org/ontology/ATC/J06BA02","C3652960","T121","http://purl.bioontology.org/ontology/ATC/J06BA","Immunoglobulins, normal human",
"http://healdb.org/rdf-schema#AI_562","IMUNOGLOBULINA HUMANA","http://purl.bioontology.org/ontology/ATC/J06BA02","C3652960","T129","http://purl.bioontology.org/ontology/ATC/J06BA","Immunoglobulins, normal human",
"http://healdb.org/rdf-schema#AI_563","ÁCIDO ZOLEDRÔNICO","http://purl.bioontology.org/ontology/ATC/M05BA08","C0257685","T109","http://purl.bioontology.org/ontology/ATC/M05BA","Bisphosphonate drugs affecting bone structure and mineralization","Bisphosphonates"
"http://healdb.org/rdf-schema#AI_563","ÁCIDO ZOLEDRÔNICO","http://purl.bioontology.org/ontology/ATC/M05BA08","C0257685","T121","http://purl.bioontology.org/ontology/ATC/M05BA","Bisphosphonate drugs affecting bone structure and mineralization","Bisphosphonates"
"http://healdb.org/rdf-schema#AI_565","BLINATUMOMABE","http://purl.bioontology.org/ontology/ATC/L01FX07","C3853839","T116","http://purl.bioontology.org/ontology/ATC/L01FX","Other monoclonal antibodies and antibody drug conjugates in ATC","Other monoclonal antibodies and antibody drug conjugates"
"http://healdb.org/rdf-schema#AI_565","BLINATUMOMABE","http://purl.bioontology.org/ontology/ATC/L01FX07","C3853839","T121","http://purl.bioontology.org/ontology/ATC/L01FX","Other monoclonal antibodies and antibody drug conjugates in ATC","Other monoclonal antibodies and antibody drug conjugates"
"http://healdb.org/rdf-schema#AI_565","BLINATUMOMABE","http://purl.bioontology.org/ontology/ATC/L01FX07","C3853839","T129","http://purl.bioontology.org/ontology/ATC/L01FX","Other monoclonal antibodies and antibody drug conjugates in ATC","Other monoclonal antibodies and antibody drug conjugates"
"http://healdb.org/rdf-schema#AI_569","BORTEZOMIBE","http://purl.bioontology.org/ontology/ATC/L01XG01","C1176309","T109","http://purl.bioontology.org/ontology/ATC/L01XG","Proteasome inhibitors, antineoplastic agent","Proteasome inhibitors"
"http://healdb.org/rdf-schema#AI_569","BORTEZOMIBE","http://purl.bioontology.org/ontology/ATC/L01XG01","C1176309","T121","http://purl.bioontology.org/ontology/ATC/L01XG","Proteasome inhibitors, antineoplastic agent","Proteasome inhibitors"
"http://healdb.org/rdf-schema#AI_572","ENCORAFENIBE","http://purl.bioontology.org/ontology/ATC/L01EC03","C4079208","T109","http://purl.bioontology.org/ontology/ATC/L01EC","B-Raf serine-threonine kinase (BRAF) inhibitors",
"http://healdb.org/rdf-schema#AI_572","ENCORAFENIBE","http://purl.bioontology.org/ontology/ATC/L01EC03","C4079208","T121","http://purl.bioontology.org/ontology/ATC/L01EC","B-Raf serine-threonine kinase (BRAF) inhibitors",
"http://healdb.org/rdf-schema#AI_573","TELMISARTANA","http://purl.bioontology.org/ontology/ATC/C09CA07","C0248719","T109","http://purl.bioontology.org/ontology/ATC/C09CA","Angiotensin II receptor blockers (ARBs), plain",
"http://healdb.org/rdf-schema#AI_573","TELMISARTANA","http://purl.bioontology.org/ontology/ATC/C09CA07","C0248719","T121","http://purl.bioontology.org/ontology/ATC/C09CA","Angiotensin II receptor blockers (ARBs), plain",
"http://healdb.org/rdf-schema#AI_575","LETROZOL","http://purl.bioontology.org/ontology/ATC/L02BG04","C0246421","T109","http://purl.bioontology.org/ontology/ATC/L02BG","Aromatase inhibitors",
"http://healdb.org/rdf-schema#AI_575","LETROZOL","http://purl.bioontology.org/ontology/ATC/L02BG04","C0246421","T121","http://purl.bioontology.org/ontology/ATC/L02BG","Aromatase inhibitors",
"http://healdb.org/rdf-schema#AI_578","SUGAMADEX SÓDICO","http://purl.bioontology.org/ontology/ATC/V03AB35","C1700695","T109","http://purl.bioontology.org/ontology/ATC/V03AB","Antidotes",
"http://healdb.org/rdf-schema#AI_578","SUGAMADEX SÓDICO","http://purl.bioontology.org/ontology/ATC/V03AB35","C1700695","T121","http://purl.bioontology.org/ontology/ATC/V03AB","Antidotes",
"http://healdb.org/rdf-schema#AI_579","TICAGRELOR","http://purl.bioontology.org/ontology/ATC/B01AC24","C1999375","T114","http://purl.bioontology.org/ontology/ATC/B01AC","Platelet aggregation inhibitors excl. heparin",
"http://healdb.org/rdf-schema#AI_579","TICAGRELOR","http://purl.bioontology.org/ontology/ATC/B01AC24","C1999375","T121","http://purl.bioontology.org/ontology/ATC/B01AC","Platelet aggregation inhibitors excl. heparin",
"http://healdb.org/rdf-schema#AI_580","ALFACERLIPONASE","http://purl.bioontology.org/ontology/ATC/A16AB17","C4475875","T116","http://purl.bioontology.org/ontology/ATC/A16AB","Enzymes for ALIMENTARY TRACT AND METABOLISM","Enzymes"
"http://healdb.org/rdf-schema#AI_580","ALFACERLIPONASE","http://purl.bioontology.org/ontology/ATC/A16AB17","C4475875","T121","http://purl.bioontology.org/ontology/ATC/A16AB","Enzymes for ALIMENTARY TRACT AND METABOLISM","Enzymes"
"http://healdb.org/rdf-schema#AI_580","ALFACERLIPONASE","http://purl.bioontology.org/ontology/ATC/A16AB17","C4475875","T129","http://purl.bioontology.org/ontology/ATC/A16AB","Enzymes for ALIMENTARY TRACT AND METABOLISM","Enzymes"
"http://healdb.org/rdf-schema#AI_584","BROMETO DE PIPECURONIO","http://purl.bioontology.org/ontology/ATC/M03AC06","C0206049","T109","http://purl.bioontology.org/ontology/ATC/M03AC","Other quaternary ammonium compounds in ATC, muscle relaxants, peripherally acting","Other quaternary ammonium compounds"
"http://healdb.org/rdf-schema#AI_584","BROMETO DE PIPECURONIO","http://purl.bioontology.org/ontology/ATC/M03AC06","C0206049","T121","http://purl.bioontology.org/ontology/ATC/M03AC","Other quaternary ammonium compounds in ATC, muscle relaxants, peripherally acting","Other quaternary ammonium compounds"
"http://healdb.org/rdf-schema#AI_586","EUCALIPTOL","http://purl.bioontology.org/ontology/ATC/R05CA13","C0055738","T109","http://purl.bioontology.org/ontology/ATC/R05CA","Expectorants",
"http://healdb.org/rdf-schema#AI_586","EUCALIPTOL","http://purl.bioontology.org/ontology/ATC/R05CA13","C0055738","T121","http://purl.bioontology.org/ontology/ATC/R05CA","Expectorants",
"http://healdb.org/rdf-schema#AI_59","ENXOFRE","http://purl.bioontology.org/ontology/ATC/D10AB02","C0038774","T121","http://purl.bioontology.org/ontology/ATC/D10AB","Preparations containing sulfur, anti-acne preparations for topical use","Preparations containing sulfur"
"http://healdb.org/rdf-schema#AI_59","ENXOFRE","http://purl.bioontology.org/ontology/ATC/D10AB02","C0038774","T123","http://purl.bioontology.org/ontology/ATC/D10AB","Preparations containing sulfur, anti-acne preparations for topical use","Preparations containing sulfur"
"http://healdb.org/rdf-schema#AI_59","ENXOFRE","http://purl.bioontology.org/ontology/ATC/D10AB02","C0038774","T196","http://purl.bioontology.org/ontology/ATC/D10AB","Preparations containing sulfur, anti-acne preparations for topical use","Preparations containing sulfur"
"http://healdb.org/rdf-schema#AI_590","BROMOPRIDA","http://purl.bioontology.org/ontology/ATC/A03FA04","C0054129","T109","http://purl.bioontology.org/ontology/ATC/A03FA","Propulsives",
"http://healdb.org/rdf-schema#AI_590","BROMOPRIDA","http://purl.bioontology.org/ontology/ATC/A03FA04","C0054129","T121","http://purl.bioontology.org/ontology/ATC/A03FA","Propulsives",
"http://healdb.org/rdf-schema#AI_592","GUAIFENESINA","http://purl.bioontology.org/ontology/ATC/R05CA03","C0018305","T109","http://purl.bioontology.org/ontology/ATC/R05CA","Expectorants",
"http://healdb.org/rdf-schema#AI_592","GUAIFENESINA","http://purl.bioontology.org/ontology/ATC/R05CA03","C0018305","T121","http://purl.bioontology.org/ontology/ATC/R05CA","Expectorants",
"http://healdb.org/rdf-schema#AI_595","ZANUBRUTINIBE","http://purl.bioontology.org/ontology/ATC/L01EL03","C4683810","T116","http://purl.bioontology.org/ontology/ATC/L01EL","Bruton's tyrosine kinase (BTK) inhibitors",
"http://healdb.org/rdf-schema#AI_595","ZANUBRUTINIBE","http://purl.bioontology.org/ontology/ATC/L01EL03","C4683810","T121","http://purl.bioontology.org/ontology/ATC/L01EL","Bruton's tyrosine kinase (BTK) inhibitors",
"http://healdb.org/rdf-schema#AI_595","ZANUBRUTINIBE","http://purl.bioontology.org/ontology/ATC/L01EL03","C4683810","T129","http://purl.bioontology.org/ontology/ATC/L01EL","Bruton's tyrosine kinase (BTK) inhibitors",
"http://healdb.org/rdf-schema#AI_598","CLARITROMICINA","http://purl.bioontology.org/ontology/ATC/J01FA09","C0055856","T109","http://purl.bioontology.org/ontology/ATC/J01FA","Macrolides",
"http://healdb.org/rdf-schema#AI_598","CLARITROMICINA","http://purl.bioontology.org/ontology/ATC/J01FA09","C0055856","T195","http://purl.bioontology.org/ontology/ATC/J01FA","Macrolides",
"http://healdb.org/rdf-schema#AI_60","PERÓXIDO DE BENZOÍLA","http://purl.bioontology.org/ontology/ATC/D10AE01","C0005088","T109","http://purl.bioontology.org/ontology/ATC/D10AE","Peroxide anti-acne preparations for topical use","Peroxides"
"http://healdb.org/rdf-schema#AI_60","PERÓXIDO DE BENZOÍLA","http://purl.bioontology.org/ontology/ATC/D10AE01","C0005088","T121","http://purl.bioontology.org/ontology/ATC/D10AE","Peroxide anti-acne preparations for topical use","Peroxides"
"http://healdb.org/rdf-schema#AI_601","HEMITARTARATO DE EPINEFRINA","http://purl.bioontology.org/ontology/ATC/B02BC09","C0014563","T109","http://purl.bioontology.org/ontology/ATC/B02BC","Local hemostatics",
"http://healdb.org/rdf-schema#AI_601","HEMITARTARATO DE EPINEFRINA","http://purl.bioontology.org/ontology/ATC/B02BC09","C0014563","T121","http://purl.bioontology.org/ontology/ATC/B02BC","Local hemostatics",
"http://healdb.org/rdf-schema#AI_601","HEMITARTARATO DE EPINEFRINA","http://purl.bioontology.org/ontology/ATC/B02BC09","C0014563","T125","http://purl.bioontology.org/ontology/ATC/B02BC","Local hemostatics",
"http://healdb.org/rdf-schema#AI_601","HEMITARTARATO DE EPINEFRINA","http://purl.bioontology.org/ontology/ATC/R01AA14","C0014563","T109","http://purl.bioontology.org/ontology/ATC/R01AA","Sympathomimetics, plain",
"http://healdb.org/rdf-schema#AI_601","HEMITARTARATO DE EPINEFRINA","http://purl.bioontology.org/ontology/ATC/R01AA14","C0014563","T121","http://purl.bioontology.org/ontology/ATC/R01AA","Sympathomimetics, plain",
"http://healdb.org/rdf-schema#AI_601","HEMITARTARATO DE EPINEFRINA","http://purl.bioontology.org/ontology/ATC/R01AA14","C0014563","T125","http://purl.bioontology.org/ontology/ATC/R01AA","Sympathomimetics, plain",
"http://healdb.org/rdf-schema#AI_601","HEMITARTARATO DE EPINEFRINA","http://purl.bioontology.org/ontology/ATC/S01EA01","C0014563","T109","http://purl.bioontology.org/ontology/ATC/S01EA","Sympathomimetics in glaucoma therapy",
"http://healdb.org/rdf-schema#AI_601","HEMITARTARATO DE EPINEFRINA","http://purl.bioontology.org/ontology/ATC/S01EA01","C0014563","T121","http://purl.bioontology.org/ontology/ATC/S01EA","Sympathomimetics in glaucoma therapy",
"http://healdb.org/rdf-schema#AI_601","HEMITARTARATO DE EPINEFRINA","http://purl.bioontology.org/ontology/ATC/S01EA01","C0014563","T125","http://purl.bioontology.org/ontology/ATC/S01EA","Sympathomimetics in glaucoma therapy",
"http://healdb.org/rdf-schema#AI_601","HEMITARTARATO DE EPINEFRINA","http://purl.bioontology.org/ontology/ATC/C01CA24","C0014563","T109","http://purl.bioontology.org/ontology/ATC/C01CA","Adrenergic and dopaminergic cardiac stimulants","Adrenergic and dopaminergic agents"
"http://healdb.org/rdf-schema#AI_601","HEMITARTARATO DE EPINEFRINA","http://purl.bioontology.org/ontology/ATC/C01CA24","C0014563","T121","http://purl.bioontology.org/ontology/ATC/C01CA","Adrenergic and dopaminergic cardiac stimulants","Adrenergic and dopaminergic agents"
"http://healdb.org/rdf-schema#AI_601","HEMITARTARATO DE EPINEFRINA","http://purl.bioontology.org/ontology/ATC/C01CA24","C0014563","T125","http://purl.bioontology.org/ontology/ATC/C01CA","Adrenergic and dopaminergic cardiac stimulants","Adrenergic and dopaminergic agents"
"http://healdb.org/rdf-schema#AI_601","HEMITARTARATO DE EPINEFRINA","http://purl.bioontology.org/ontology/ATC/R03AA01","C0014563","T109","http://purl.bioontology.org/ontology/ATC/R03AA","Alpha- and beta-adrenoreceptor agonist inhalants","Alpha- and beta-adrenoreceptor agonists"
"http://healdb.org/rdf-schema#AI_601","HEMITARTARATO DE EPINEFRINA","http://purl.bioontology.org/ontology/ATC/R03AA01","C0014563","T121","http://purl.bioontology.org/ontology/ATC/R03AA","Alpha- and beta-adrenoreceptor agonist inhalants","Alpha- and beta-adrenoreceptor agonists"
"http://healdb.org/rdf-schema#AI_601","HEMITARTARATO DE EPINEFRINA","http://purl.bioontology.org/ontology/ATC/R03AA01","C0014563","T125","http://purl.bioontology.org/ontology/ATC/R03AA","Alpha- and beta-adrenoreceptor agonist inhalants","Alpha- and beta-adrenoreceptor agonists"
"http://healdb.org/rdf-schema#AI_601","HEMITARTARATO DE EPINEFRINA","http://purl.bioontology.org/ontology/ATC/A01AD01","C0014563","T109","http://purl.bioontology.org/ontology/ATC/A01AD","Other agents for local oral treatment in ATC","Other agents for local oral treatment"
"http://healdb.org/rdf-schema#AI_601","HEMITARTARATO DE EPINEFRINA","http://purl.bioontology.org/ontology/ATC/A01AD01","C0014563","T121","http://purl.bioontology.org/ontology/ATC/A01AD","Other agents for local oral treatment in ATC","Other agents for local oral treatment"
"http://healdb.org/rdf-schema#AI_601","HEMITARTARATO DE EPINEFRINA","http://purl.bioontology.org/ontology/ATC/A01AD01","C0014563","T125","http://purl.bioontology.org/ontology/ATC/A01AD","Other agents for local oral treatment in ATC","Other agents for local oral treatment"
"http://healdb.org/rdf-schema#AI_603","BELINOSTATE","http://purl.bioontology.org/ontology/ATC/L01XH04","C1948068","T109","http://purl.bioontology.org/ontology/ATC/L01XH","Histone deacetylase (HDAC) inhibitors",
"http://healdb.org/rdf-schema#AI_603","BELINOSTATE","http://purl.bioontology.org/ontology/ATC/L01XH04","C1948068","T121","http://purl.bioontology.org/ontology/ATC/L01XH","Histone deacetylase (HDAC) inhibitors",
"http://healdb.org/rdf-schema#AI_604","BIOTINA","http://purl.bioontology.org/ontology/ATC/A11HA05","C0005575","T109","http://purl.bioontology.org/ontology/ATC/A11HA","Other plain vitamin preparations in ATC","Other plain vitamin preparations"
"http://healdb.org/rdf-schema#AI_604","BIOTINA","http://purl.bioontology.org/ontology/ATC/A11HA05","C0005575","T121","http://purl.bioontology.org/ontology/ATC/A11HA","Other plain vitamin preparations in ATC","Other plain vitamin preparations"
"http://healdb.org/rdf-schema#AI_604","BIOTINA","http://purl.bioontology.org/ontology/ATC/A11HA05","C0005575","T127","http://purl.bioontology.org/ontology/ATC/A11HA","Other plain vitamin preparations in ATC","Other plain vitamin preparations"
"http://healdb.org/rdf-schema#AI_605","CARBONATO DE MAGNÉSIO","http://purl.bioontology.org/ontology/ATC/A06AD01","C0065517","T121","http://purl.bioontology.org/ontology/ATC/A06AD","Osmotically acting laxatives",
"http://healdb.org/rdf-schema#AI_605","CARBONATO DE MAGNÉSIO","http://purl.bioontology.org/ontology/ATC/A06AD01","C0065517","T197","http://purl.bioontology.org/ontology/ATC/A06AD","Osmotically acting laxatives",
"http://healdb.org/rdf-schema#AI_605","CARBONATO DE MAGNÉSIO","http://purl.bioontology.org/ontology/ATC/A02AA01","C0065517","T121","http://purl.bioontology.org/ontology/ATC/A02AA","antacids containing magnesium compounds","Magnesium compounds"
"http://healdb.org/rdf-schema#AI_605","CARBONATO DE MAGNÉSIO","http://purl.bioontology.org/ontology/ATC/A02AA01","C0065517","T197","http://purl.bioontology.org/ontology/ATC/A02AA","antacids containing magnesium compounds","Magnesium compounds"
"http://healdb.org/rdf-schema#AI_606","VITAMINA B12","http://purl.bioontology.org/ontology/ATC/B03BA01","C0042845","T109","http://purl.bioontology.org/ontology/ATC/B03BA","Vitamin B12 (cyanocobalamin and analogues)",
"http://healdb.org/rdf-schema#AI_606","VITAMINA B12","http://purl.bioontology.org/ontology/ATC/B03BA01","C0042845","T121","http://purl.bioontology.org/ontology/ATC/B03BA","Vitamin B12 (cyanocobalamin and analogues)",
"http://healdb.org/rdf-schema#AI_606","VITAMINA B12","http://purl.bioontology.org/ontology/ATC/B03BA01","C0042845","T127","http://purl.bioontology.org/ontology/ATC/B03BA","Vitamin B12 (cyanocobalamin and analogues)",
"http://healdb.org/rdf-schema#AI_607","VITAMINA B3","http://purl.bioontology.org/ontology/ATC/A11HA01","C0028027","T109","http://purl.bioontology.org/ontology/ATC/A11HA","Other plain vitamin preparations in ATC","Other plain vitamin preparations"
"http://healdb.org/rdf-schema#AI_607","VITAMINA B3","http://purl.bioontology.org/ontology/ATC/A11HA01","C0028027","T121","http://purl.bioontology.org/ontology/ATC/A11HA","Other plain vitamin preparations in ATC","Other plain vitamin preparations"
"http://healdb.org/rdf-schema#AI_607","VITAMINA B3","http://purl.bioontology.org/ontology/ATC/A11HA01","C0028027","T127","http://purl.bioontology.org/ontology/ATC/A11HA","Other plain vitamin preparations in ATC","Other plain vitamin preparations"
"http://healdb.org/rdf-schema#AI_61","ISOTRETINOÍNA","http://purl.bioontology.org/ontology/ATC/D10AD04","C0022265","T109","http://purl.bioontology.org/ontology/ATC/D10AD","Retinoids for topical use in acne",
"http://healdb.org/rdf-schema#AI_61","ISOTRETINOÍNA","http://purl.bioontology.org/ontology/ATC/D10AD04","C0022265","T121","http://purl.bioontology.org/ontology/ATC/D10AD","Retinoids for topical use in acne",
"http://healdb.org/rdf-schema#AI_61","ISOTRETINOÍNA","http://purl.bioontology.org/ontology/ATC/D10BA01","C0022265","T109","http://purl.bioontology.org/ontology/ATC/D10BA","Retinoids for treatment of acne",
"http://healdb.org/rdf-schema#AI_61","ISOTRETINOÍNA","http://purl.bioontology.org/ontology/ATC/D10BA01","C0022265","T121","http://purl.bioontology.org/ontology/ATC/D10BA","Retinoids for treatment of acne",
"http://healdb.org/rdf-schema#AI_611","INOTUZUMABE OZOGAMICINA","http://purl.bioontology.org/ontology/ATC/L01FB01","C1567130","T116","http://purl.bioontology.org/ontology/ATC/L01FB","CD22 (Clusters of Differentiation 22) inhibitors",
"http://healdb.org/rdf-schema#AI_611","INOTUZUMABE OZOGAMICINA","http://purl.bioontology.org/ontology/ATC/L01FB01","C1567130","T121","http://purl.bioontology.org/ontology/ATC/L01FB","CD22 (Clusters of Differentiation 22) inhibitors",
"http://healdb.org/rdf-schema#AI_611","INOTUZUMABE OZOGAMICINA","http://purl.bioontology.org/ontology/ATC/L01FB01","C1567130","T129","http://purl.bioontology.org/ontology/ATC/L01FB","CD22 (Clusters of Differentiation 22) inhibitors",
"http://healdb.org/rdf-schema#AI_617","FLUDESOXIGLICOSE 18F","http://purl.bioontology.org/ontology/ATC/V09IX04","C0046056","T109","http://purl.bioontology.org/ontology/ATC/V09IX","Other diagnostic radiopharmaceuticals for tumour detection in ATC","Other diagnostic radiopharmaceuticals for tumour detection"
"http://healdb.org/rdf-schema#AI_617","FLUDESOXIGLICOSE 18F","http://purl.bioontology.org/ontology/ATC/V09IX04","C0046056","T130","http://purl.bioontology.org/ontology/ATC/V09IX","Other diagnostic radiopharmaceuticals for tumour detection in ATC","Other diagnostic radiopharmaceuticals for tumour detection"
"http://healdb.org/rdf-schema#AI_618","BRIVARACETAM","http://purl.bioontology.org/ontology/ATC/N03AX23","C1699861","T109","http://purl.bioontology.org/ontology/ATC/N03AX","Other antiepileptics in ATC","Other antiepileptics"
"http://healdb.org/rdf-schema#AI_618","BRIVARACETAM","http://purl.bioontology.org/ontology/ATC/N03AX23","C1699861","T121","http://purl.bioontology.org/ontology/ATC/N03AX","Other antiepileptics in ATC","Other antiepileptics"
"http://healdb.org/rdf-schema#AI_619","BUSSULFANO","http://purl.bioontology.org/ontology/ATC/L01AB01","C0006463","T109","http://purl.bioontology.org/ontology/ATC/L01AB","Alkyl sulfonate alkylating agents","Alkyl sulfonates"
"http://healdb.org/rdf-schema#AI_619","BUSSULFANO","http://purl.bioontology.org/ontology/ATC/L01AB01","C0006463","T121","http://purl.bioontology.org/ontology/ATC/L01AB","Alkyl sulfonate alkylating agents","Alkyl sulfonates"
"http://healdb.org/rdf-schema#AI_619","BUSSULFANO","http://purl.bioontology.org/ontology/ATC/L01AB01","C0006463","T131","http://purl.bioontology.org/ontology/ATC/L01AB","Alkyl sulfonate alkylating agents","Alkyl sulfonates"
"http://healdb.org/rdf-schema#AI_62","RIVAROXABANA","http://purl.bioontology.org/ontology/ATC/B01AF01","C1739768","T109","http://purl.bioontology.org/ontology/ATC/B01AF","Direct factor Xa inhibitors",
"http://healdb.org/rdf-schema#AI_62","RIVAROXABANA","http://purl.bioontology.org/ontology/ATC/B01AF01","C1739768","T121","http://purl.bioontology.org/ontology/ATC/B01AF","Direct factor Xa inhibitors",
"http://healdb.org/rdf-schema#AI_625","CABAZITAXEL","http://purl.bioontology.org/ontology/ATC/L01CD04","C2830183","T109","http://purl.bioontology.org/ontology/ATC/L01CD","Taxanes, antineoplastic","Taxanes"
"http://healdb.org/rdf-schema#AI_625","CABAZITAXEL","http://purl.bioontology.org/ontology/ATC/L01CD04","C2830183","T121","http://purl.bioontology.org/ontology/ATC/L01CD","Taxanes, antineoplastic","Taxanes"
"http://healdb.org/rdf-schema#AI_626","CAPLACIZUMABE","http://purl.bioontology.org/ontology/ATC/B01AX07","C3713057","T116","http://purl.bioontology.org/ontology/ATC/B01AX","Other antithrombotic agents in ATC","Other antithrombotic agents"
"http://healdb.org/rdf-schema#AI_626","CAPLACIZUMABE","http://purl.bioontology.org/ontology/ATC/B01AX07","C3713057","T121","http://purl.bioontology.org/ontology/ATC/B01AX","Other antithrombotic agents in ATC","Other antithrombotic agents"
"http://healdb.org/rdf-schema#AI_626","CAPLACIZUMABE","http://purl.bioontology.org/ontology/ATC/B01AX07","C3713057","T129","http://purl.bioontology.org/ontology/ATC/B01AX","Other antithrombotic agents in ATC","Other antithrombotic agents"
"http://healdb.org/rdf-schema#AI_630","ERGOCALCIFEROL","http://purl.bioontology.org/ontology/ATC/A11CC01","C0014695","T109","http://purl.bioontology.org/ontology/ATC/A11CC","Vitamin D and analogues",
"http://healdb.org/rdf-schema#AI_630","ERGOCALCIFEROL","http://purl.bioontology.org/ontology/ATC/A11CC01","C0014695","T121","http://purl.bioontology.org/ontology/ATC/A11CC","Vitamin D and analogues",
"http://healdb.org/rdf-schema#AI_630","ERGOCALCIFEROL","http://purl.bioontology.org/ontology/ATC/A11CC01","C0014695","T127","http://purl.bioontology.org/ontology/ATC/A11CC","Vitamin D and analogues",
"http://healdb.org/rdf-schema#AI_633","DEFLAZACORTE","http://purl.bioontology.org/ontology/ATC/H02AB13","C0057258","T109","http://purl.bioontology.org/ontology/ATC/H02AB","Glucocorticoids, Systemic","Glucocorticoids"
"http://healdb.org/rdf-schema#AI_633","DEFLAZACORTE","http://purl.bioontology.org/ontology/ATC/H02AB13","C0057258","T121","http://purl.bioontology.org/ontology/ATC/H02AB","Glucocorticoids, Systemic","Glucocorticoids"
"http://healdb.org/rdf-schema#AI_636","ACALABRUTINIBE","http://purl.bioontology.org/ontology/ATC/L01EL02","C4078312","T109","http://purl.bioontology.org/ontology/ATC/L01EL","Bruton's tyrosine kinase (BTK) inhibitors",
"http://healdb.org/rdf-schema#AI_636","ACALABRUTINIBE","http://purl.bioontology.org/ontology/ATC/L01EL02","C4078312","T121","http://purl.bioontology.org/ontology/ATC/L01EL","Bruton's tyrosine kinase (BTK) inhibitors",
"http://healdb.org/rdf-schema#AI_637","NITRENDIPINO","http://purl.bioontology.org/ontology/ATC/C08CA08","C0028127","T109","http://purl.bioontology.org/ontology/ATC/C08CA","Dihydropyridine derivative selective calcium channel blockers with mainly vascular effects","Dihydropyridine derivatives"
"http://healdb.org/rdf-schema#AI_637","NITRENDIPINO","http://purl.bioontology.org/ontology/ATC/C08CA08","C0028127","T121","http://purl.bioontology.org/ontology/ATC/C08CA","Dihydropyridine derivative selective calcium channel blockers with mainly vascular effects","Dihydropyridine derivatives"
"http://healdb.org/rdf-schema#AI_644","METRONIDAZOL","http://purl.bioontology.org/ontology/ATC/A01AB17","C0025872","T109","http://purl.bioontology.org/ontology/ATC/A01AB","Antiinfectives and antiseptics for local oral treatment",
"http://healdb.org/rdf-schema#AI_644","METRONIDAZOL","http://purl.bioontology.org/ontology/ATC/A01AB17","C0025872","T121","http://purl.bioontology.org/ontology/ATC/A01AB","Antiinfectives and antiseptics for local oral treatment",
"http://healdb.org/rdf-schema#AI_644","METRONIDAZOL","http://purl.bioontology.org/ontology/ATC/G01AF01","C0025872","T109","http://purl.bioontology.org/ontology/ATC/G01AF","Imidazole derivatives, gyncological antiinfectives","Imidazole derivatives"
"http://healdb.org/rdf-schema#AI_644","METRONIDAZOL","http://purl.bioontology.org/ontology/ATC/G01AF01","C0025872","T121","http://purl.bioontology.org/ontology/ATC/G01AF","Imidazole derivatives, gyncological antiinfectives","Imidazole derivatives"
"http://healdb.org/rdf-schema#AI_644","METRONIDAZOL","http://purl.bioontology.org/ontology/ATC/J01XD01","C0025872","T109","http://purl.bioontology.org/ontology/ATC/J01XD","Imidazole derivatives, antibacterial for systemic use","Imidazole derivatives"
"http://healdb.org/rdf-schema#AI_644","METRONIDAZOL","http://purl.bioontology.org/ontology/ATC/J01XD01","C0025872","T121","http://purl.bioontology.org/ontology/ATC/J01XD","Imidazole derivatives, antibacterial for systemic use","Imidazole derivatives"
"http://healdb.org/rdf-schema#AI_644","METRONIDAZOL","http://purl.bioontology.org/ontology/ATC/P01AB01","C0025872","T109","http://purl.bioontology.org/ontology/ATC/P01AB","Nitroimidazole derivatives, antiprotozoal agents against amoebiasis and other protozoal diseases","Nitroimidazole derivatives"
"http://healdb.org/rdf-schema#AI_644","METRONIDAZOL","http://purl.bioontology.org/ontology/ATC/P01AB01","C0025872","T121","http://purl.bioontology.org/ontology/ATC/P01AB","Nitroimidazole derivatives, antiprotozoal agents against amoebiasis and other protozoal diseases","Nitroimidazole derivatives"
"http://healdb.org/rdf-schema#AI_644","METRONIDAZOL","http://purl.bioontology.org/ontology/ATC/D06BX01","C0025872","T109","http://purl.bioontology.org/ontology/ATC/D06BX","Other chemotherapeutics in ATC","Other chemotherapeutics"
"http://healdb.org/rdf-schema#AI_644","METRONIDAZOL","http://purl.bioontology.org/ontology/ATC/D06BX01","C0025872","T121","http://purl.bioontology.org/ontology/ATC/D06BX","Other chemotherapeutics in ATC","Other chemotherapeutics"
"http://healdb.org/rdf-schema#AI_646","VANDETANIBE","http://purl.bioontology.org/ontology/ATC/L01EX04","C1121849","T109","http://purl.bioontology.org/ontology/ATC/L01EX","Other protein kinase inhibitors in ATC","Other protein kinase inhibitors"
"http://healdb.org/rdf-schema#AI_646","VANDETANIBE","http://purl.bioontology.org/ontology/ATC/L01EX04","C1121849","T121","http://purl.bioontology.org/ontology/ATC/L01EX","Other protein kinase inhibitors in ATC","Other protein kinase inhibitors"
"http://healdb.org/rdf-schema#AI_647","IODETO DE SÓDIO 131I","http://purl.bioontology.org/ontology/ATC/V09FX03","C0304982","T130","http://purl.bioontology.org/ontology/ATC/V09FX","Various thyroid diagnostic radiopharmaceuticals",
"http://healdb.org/rdf-schema#AI_647","IODETO DE SÓDIO 131I","http://purl.bioontology.org/ontology/ATC/V09FX03","C0304982","T197","http://purl.bioontology.org/ontology/ATC/V09FX","Various thyroid diagnostic radiopharmaceuticals",
"http://healdb.org/rdf-schema#AI_647","IODETO DE SÓDIO 131I","http://purl.bioontology.org/ontology/ATC/V10XA01","C0304982","T130","http://purl.bioontology.org/ontology/ATC/V10XA","Iodine (131I) compounds",
"http://healdb.org/rdf-schema#AI_647","IODETO DE SÓDIO 131I","http://purl.bioontology.org/ontology/ATC/V10XA01","C0304982","T197","http://purl.bioontology.org/ontology/ATC/V10XA","Iodine (131I) compounds",
"http://healdb.org/rdf-schema#AI_648","FINASTERIDA","http://purl.bioontology.org/ontology/ATC/D11AX10","C0060389","T109","http://purl.bioontology.org/ontology/ATC/D11AX","OTHER DERMATOLOGICAL PREPARATIONS IN ATC","Other dermatologicals"
"http://healdb.org/rdf-schema#AI_648","FINASTERIDA","http://purl.bioontology.org/ontology/ATC/D11AX10","C0060389","T121","http://purl.bioontology.org/ontology/ATC/D11AX","OTHER DERMATOLOGICAL PREPARATIONS IN ATC","Other dermatologicals"
"http://healdb.org/rdf-schema#AI_648","FINASTERIDA","http://purl.bioontology.org/ontology/ATC/D11AX10","C0060389","T125","http://purl.bioontology.org/ontology/ATC/D11AX","OTHER DERMATOLOGICAL PREPARATIONS IN ATC","Other dermatologicals"
"http://healdb.org/rdf-schema#AI_648","FINASTERIDA","http://purl.bioontology.org/ontology/ATC/G04CB01","C0060389","T109","http://purl.bioontology.org/ontology/ATC/G04CB","Testosterone-5-alpha reductase inhibitors for benign prostatic hypertrophy","Testosterone-5-alpha reductase inhibitors"
"http://healdb.org/rdf-schema#AI_648","FINASTERIDA","http://purl.bioontology.org/ontology/ATC/G04CB01","C0060389","T121","http://purl.bioontology.org/ontology/ATC/G04CB","Testosterone-5-alpha reductase inhibitors for benign prostatic hypertrophy","Testosterone-5-alpha reductase inhibitors"
"http://healdb.org/rdf-schema#AI_648","FINASTERIDA","http://purl.bioontology.org/ontology/ATC/G04CB01","C0060389","T125","http://purl.bioontology.org/ontology/ATC/G04CB","Testosterone-5-alpha reductase inhibitors for benign prostatic hypertrophy","Testosterone-5-alpha reductase inhibitors"
"http://healdb.org/rdf-schema#AI_649","CARBAMAZEPINA","http://purl.bioontology.org/ontology/ATC/N03AF01","C0006949","T109","http://purl.bioontology.org/ontology/ATC/N03AF","Carboxamide derivatives, antiepileptics","Carboxamide derivatives"
"http://healdb.org/rdf-schema#AI_649","CARBAMAZEPINA","http://purl.bioontology.org/ontology/ATC/N03AF01","C0006949","T121","http://purl.bioontology.org/ontology/ATC/N03AF","Carboxamide derivatives, antiepileptics","Carboxamide derivatives"
"http://healdb.org/rdf-schema#AI_65","ALTEPLASE","http://purl.bioontology.org/ontology/ATC/B01AD02","C0032143","T116","http://purl.bioontology.org/ontology/ATC/B01AD","Enzymes, antithrombotic","Enzymes"
"http://healdb.org/rdf-schema#AI_65","ALTEPLASE","http://purl.bioontology.org/ontology/ATC/B01AD02","C0032143","T121","http://purl.bioontology.org/ontology/ATC/B01AD","Enzymes, antithrombotic","Enzymes"
"http://healdb.org/rdf-schema#AI_65","ALTEPLASE","http://purl.bioontology.org/ontology/ATC/B01AD02","C0032143","T126","http://purl.bioontology.org/ontology/ATC/B01AD","Enzymes, antithrombotic","Enzymes"
"http://healdb.org/rdf-schema#AI_65","ALTEPLASE","http://purl.bioontology.org/ontology/ATC/S01XA13","C0032143","T116","http://purl.bioontology.org/ontology/ATC/S01XA","Other ophthalmologicals in ATC","Other ophthalmologicals"
"http://healdb.org/rdf-schema#AI_65","ALTEPLASE","http://purl.bioontology.org/ontology/ATC/S01XA13","C0032143","T121","http://purl.bioontology.org/ontology/ATC/S01XA","Other ophthalmologicals in ATC","Other ophthalmologicals"
"http://healdb.org/rdf-schema#AI_65","ALTEPLASE","http://purl.bioontology.org/ontology/ATC/S01XA13","C0032143","T126","http://purl.bioontology.org/ontology/ATC/S01XA","Other ophthalmologicals in ATC","Other ophthalmologicals"
"http://healdb.org/rdf-schema#AI_650","LEVODOPA","http://purl.bioontology.org/ontology/ATC/N04BA01","C0023570","T116","http://purl.bioontology.org/ontology/ATC/N04BA","Dopa and dopa derivatives",
"http://healdb.org/rdf-schema#AI_650","LEVODOPA","http://purl.bioontology.org/ontology/ATC/N04BA01","C0023570","T121","http://purl.bioontology.org/ontology/ATC/N04BA","Dopa and dopa derivatives",
"http://healdb.org/rdf-schema#AI_650","LEVODOPA","http://purl.bioontology.org/ontology/ATC/N04BA01","C0023570","T123","http://purl.bioontology.org/ontology/ATC/N04BA","Dopa and dopa derivatives",
"http://healdb.org/rdf-schema#AI_652","FENOBARBITAL","http://purl.bioontology.org/ontology/ATC/N03AA02","C0031412","T109","http://purl.bioontology.org/ontology/ATC/N03AA","Barbiturates and derivatives",
"http://healdb.org/rdf-schema#AI_652","FENOBARBITAL","http://purl.bioontology.org/ontology/ATC/N03AA02","C0031412","T121","http://purl.bioontology.org/ontology/ATC/N03AA","Barbiturates and derivatives",
"http://healdb.org/rdf-schema#AI_654","CARBOCISTEÍNA","http://purl.bioontology.org/ontology/ATC/R05CB03","C0006992","T116","http://purl.bioontology.org/ontology/ATC/R05CB","Mucolytics",
"http://healdb.org/rdf-schema#AI_654","CARBOCISTEÍNA","http://purl.bioontology.org/ontology/ATC/R05CB03","C0006992","T121","http://purl.bioontology.org/ontology/ATC/R05CB","Mucolytics",
"http://healdb.org/rdf-schema#AI_655","CLORETO DE TÁLIO (201 TL)","http://purl.bioontology.org/ontology/ATC/V09GX01","C0305040","T130","http://purl.bioontology.org/ontology/ATC/V09GX","Other cardiovascular system diagnostic radiopharmaceuticals in ATC","Other cardiovascular system diagnostic radiopharmaceuticals"
"http://healdb.org/rdf-schema#AI_655","CLORETO DE TÁLIO (201 TL)","http://purl.bioontology.org/ontology/ATC/V09GX01","C0305040","T197","http://purl.bioontology.org/ontology/ATC/V09GX","Other cardiovascular system diagnostic radiopharmaceuticals in ATC","Other cardiovascular system diagnostic radiopharmaceuticals"
"http://healdb.org/rdf-schema#AI_656","CARVEDILOL","http://purl.bioontology.org/ontology/ATC/C07AG02","C0054836","T109","http://purl.bioontology.org/ontology/ATC/C07AG","Alpha and beta blocking agents",
"http://healdb.org/rdf-schema#AI_656","CARVEDILOL","http://purl.bioontology.org/ontology/ATC/C07AG02","C0054836","T121","http://purl.bioontology.org/ontology/ATC/C07AG","Alpha and beta blocking agents",
"http://healdb.org/rdf-schema#AI_657","DIGOXINA","http://purl.bioontology.org/ontology/ATC/C01AA05","C0012265","T109","http://purl.bioontology.org/ontology/ATC/C01AA","Digitalis glycosides",
"http://healdb.org/rdf-schema#AI_657","DIGOXINA","http://purl.bioontology.org/ontology/ATC/C01AA05","C0012265","T121","http://purl.bioontology.org/ontology/ATC/C01AA","Digitalis glycosides",
"http://healdb.org/rdf-schema#AI_665","CARVÃO VEGETAL ATIVADO","http://purl.bioontology.org/ontology/ATC/A07BA01","C0001275","T109","http://purl.bioontology.org/ontology/ATC/A07BA","Charcoal preparations, intestinal absorbents","Charcoal preparations"
"http://healdb.org/rdf-schema#AI_665","CARVÃO VEGETAL ATIVADO","http://purl.bioontology.org/ontology/ATC/A07BA01","C0001275","T121","http://purl.bioontology.org/ontology/ATC/A07BA","Charcoal preparations, intestinal absorbents","Charcoal preparations"
"http://healdb.org/rdf-schema#AI_666","SULFETO DE SELÊNIO","http://purl.bioontology.org/ontology/ATC/D01AE13","C0074281","T121","http://purl.bioontology.org/ontology/ATC/D01AE","Other antifungals for topical use in ATC","Other antifungals for topical use"
"http://healdb.org/rdf-schema#AI_666","SULFETO DE SELÊNIO","http://purl.bioontology.org/ontology/ATC/D01AE13","C0074281","T197","http://purl.bioontology.org/ontology/ATC/D01AE","Other antifungals for topical use in ATC","Other antifungals for topical use"
"http://healdb.org/rdf-schema#AI_668","RUTINA","http://purl.bioontology.org/ontology/ATC/C05CA01","C0035976","T109","http://purl.bioontology.org/ontology/ATC/C05CA","Bioflavonoid drugs for capillary stabilizing","Bioflavonoids"
"http://healdb.org/rdf-schema#AI_668","RUTINA","http://purl.bioontology.org/ontology/ATC/C05CA01","C0035976","T121","http://purl.bioontology.org/ontology/ATC/C05CA","Bioflavonoid drugs for capillary stabilizing","Bioflavonoids"
"http://healdb.org/rdf-schema#AI_675","NITROFURAZONA","http://purl.bioontology.org/ontology/ATC/D09AA03","C0028157","T109","http://purl.bioontology.org/ontology/ATC/D09AA","Medicated dressings with antiinfectives",
"http://healdb.org/rdf-schema#AI_675","NITROFURAZONA","http://purl.bioontology.org/ontology/ATC/D09AA03","C0028157","T121","http://purl.bioontology.org/ontology/ATC/D09AA","Medicated dressings with antiinfectives",
"http://healdb.org/rdf-schema#AI_675","NITROFURAZONA","http://purl.bioontology.org/ontology/ATC/S02AA02","C0028157","T109","http://purl.bioontology.org/ontology/ATC/S02AA","Antiinfectives",
"http://healdb.org/rdf-schema#AI_675","NITROFURAZONA","http://purl.bioontology.org/ontology/ATC/S02AA02","C0028157","T121","http://purl.bioontology.org/ontology/ATC/S02AA","Antiinfectives",
"http://healdb.org/rdf-schema#AI_675","NITROFURAZONA","http://purl.bioontology.org/ontology/ATC/B05CA03","C0028157","T109","http://purl.bioontology.org/ontology/ATC/B05CA","Antiinfective irrigating solutions","Antiinfectives"
"http://healdb.org/rdf-schema#AI_675","NITROFURAZONA","http://purl.bioontology.org/ontology/ATC/B05CA03","C0028157","T121","http://purl.bioontology.org/ontology/ATC/B05CA","Antiinfective irrigating solutions","Antiinfectives"
"http://healdb.org/rdf-schema#AI_675","NITROFURAZONA","http://purl.bioontology.org/ontology/ATC/D08AF01","C0028157","T109","http://purl.bioontology.org/ontology/ATC/D08AF","Nitrofuran derivatives, antiseptics and disinfectants","Nitrofuran derivatives"
"http://healdb.org/rdf-schema#AI_675","NITROFURAZONA","http://purl.bioontology.org/ontology/ATC/D08AF01","C0028157","T121","http://purl.bioontology.org/ontology/ATC/D08AF","Nitrofuran derivatives, antiseptics and disinfectants","Nitrofuran derivatives"
"http://healdb.org/rdf-schema#AI_675","NITROFURAZONA","http://purl.bioontology.org/ontology/ATC/P01CC02","C0028157","T109","http://purl.bioontology.org/ontology/ATC/P01CC","Nitrofuran derivatives, antiprotozoal drugs","Nitrofuran derivatives"
"http://healdb.org/rdf-schema#AI_675","NITROFURAZONA","http://purl.bioontology.org/ontology/ATC/P01CC02","C0028157","T121","http://purl.bioontology.org/ontology/ATC/P01CC","Nitrofuran derivatives, antiprotozoal drugs","Nitrofuran derivatives"
"http://healdb.org/rdf-schema#AI_675","NITROFURAZONA","http://purl.bioontology.org/ontology/ATC/S01AX04","C0028157","T109","http://purl.bioontology.org/ontology/ATC/S01AX","Other antiinfectives in ATC","Other antiinfectives"
"http://healdb.org/rdf-schema#AI_675","NITROFURAZONA","http://purl.bioontology.org/ontology/ATC/S01AX04","C0028157","T121","http://purl.bioontology.org/ontology/ATC/S01AX","Other antiinfectives in ATC","Other antiinfectives"
"http://healdb.org/rdf-schema#AI_677","ASPARTATO DE MAGNÉSIO","http://purl.bioontology.org/ontology/ATC/A12CC05","C0543448","T116","http://purl.bioontology.org/ontology/ATC/A12CC","Magnesium supplements, alimentary tract and metabolism","Magnesium"
"http://healdb.org/rdf-schema#AI_677","ASPARTATO DE MAGNÉSIO","http://purl.bioontology.org/ontology/ATC/A12CC05","C0543448","T121","http://purl.bioontology.org/ontology/ATC/A12CC","Magnesium supplements, alimentary tract and metabolism","Magnesium"
"http://healdb.org/rdf-schema#AI_677","ASPARTATO DE MAGNÉSIO","http://purl.bioontology.org/ontology/ATC/A12CC05","C0543448","T123","http://purl.bioontology.org/ontology/ATC/A12CC","Magnesium supplements, alimentary tract and metabolism","Magnesium"
"http://healdb.org/rdf-schema#AI_679","ÁCIDO ASCÓRBICO 90%","http://purl.bioontology.org/ontology/ATC/A11G","C3653337","T109","http://purl.bioontology.org/ontology/ATC/A11","VITAMINS",
"http://healdb.org/rdf-schema#AI_679","ÁCIDO ASCÓRBICO 90%","http://purl.bioontology.org/ontology/ATC/A11G","C3653337","T121","http://purl.bioontology.org/ontology/ATC/A11","VITAMINS",
"http://healdb.org/rdf-schema#AI_679","ÁCIDO ASCÓRBICO 90%","http://purl.bioontology.org/ontology/ATC/A11G","C3653337","T127","http://purl.bioontology.org/ontology/ATC/A11","VITAMINS",
"http://healdb.org/rdf-schema#AI_679","ÁCIDO ASCÓRBICO 90%","http://purl.bioontology.org/ontology/ATC/A11GA01","C0003968","T109","http://purl.bioontology.org/ontology/ATC/A11GA","vitamin C products, plain","Ascorbic acid (vitamin C), plain"
"http://healdb.org/rdf-schema#AI_679","ÁCIDO ASCÓRBICO 90%","http://purl.bioontology.org/ontology/ATC/A11GA01","C0003968","T121","http://purl.bioontology.org/ontology/ATC/A11GA","vitamin C products, plain","Ascorbic acid (vitamin C), plain"
"http://healdb.org/rdf-schema#AI_679","ÁCIDO ASCÓRBICO 90%","http://purl.bioontology.org/ontology/ATC/A11GA01","C0003968","T127","http://purl.bioontology.org/ontology/ATC/A11GA","vitamin C products, plain","Ascorbic acid (vitamin C), plain"
"http://healdb.org/rdf-schema#AI_679","ÁCIDO ASCÓRBICO 90%","http://purl.bioontology.org/ontology/ATC/G01AD03","C0003968","T109","http://purl.bioontology.org/ontology/ATC/G01AD","Organic acids, Gynecological","Organic acids"
"http://healdb.org/rdf-schema#AI_679","ÁCIDO ASCÓRBICO 90%","http://purl.bioontology.org/ontology/ATC/G01AD03","C0003968","T121","http://purl.bioontology.org/ontology/ATC/G01AD","Organic acids, Gynecological","Organic acids"
"http://healdb.org/rdf-schema#AI_679","ÁCIDO ASCÓRBICO 90%","http://purl.bioontology.org/ontology/ATC/G01AD03","C0003968","T127","http://purl.bioontology.org/ontology/ATC/G01AD","Organic acids, Gynecological","Organic acids"
"http://healdb.org/rdf-schema#AI_679","ÁCIDO ASCÓRBICO 90%","http://purl.bioontology.org/ontology/ATC/S01XA15","C0003968","T109","http://purl.bioontology.org/ontology/ATC/S01XA","Other ophthalmologicals in ATC","Other ophthalmologicals"
"http://healdb.org/rdf-schema#AI_679","ÁCIDO ASCÓRBICO 90%","http://purl.bioontology.org/ontology/ATC/S01XA15","C0003968","T121","http://purl.bioontology.org/ontology/ATC/S01XA","Other ophthalmologicals in ATC","Other ophthalmologicals"
"http://healdb.org/rdf-schema#AI_679","ÁCIDO ASCÓRBICO 90%","http://purl.bioontology.org/ontology/ATC/S01XA15","C0003968","T127","http://purl.bioontology.org/ontology/ATC/S01XA","Other ophthalmologicals in ATC","Other ophthalmologicals"
"http://healdb.org/rdf-schema#AI_681","CILOSTAZOL","http://purl.bioontology.org/ontology/ATC/B01AC23","C0055729","T109","http://purl.bioontology.org/ontology/ATC/B01AC","Platelet aggregation inhibitors excl. heparin",
"http://healdb.org/rdf-schema#AI_681","CILOSTAZOL","http://purl.bioontology.org/ontology/ATC/B01AC23","C0055729","T121","http://purl.bioontology.org/ontology/ATC/B01AC","Platelet aggregation inhibitors excl. heparin",
"http://healdb.org/rdf-schema#AI_683","CEFADROXILA","http://purl.bioontology.org/ontology/ATC/J01DB05","C0007538","T109","http://purl.bioontology.org/ontology/ATC/J01DB","First-generation cephalosporins",
"http://healdb.org/rdf-schema#AI_683","CEFADROXILA","http://purl.bioontology.org/ontology/ATC/J01DB05","C0007538","T195","http://purl.bioontology.org/ontology/ATC/J01DB","First-generation cephalosporins",
"http://healdb.org/rdf-schema#AI_685","CEFALEXINA","http://purl.bioontology.org/ontology/ATC/J01DB01","C0007716","T109","http://purl.bioontology.org/ontology/ATC/J01DB","First-generation cephalosporins",
"http://healdb.org/rdf-schema#AI_685","CEFALEXINA","http://purl.bioontology.org/ontology/ATC/J01DB01","C0007716","T195","http://purl.bioontology.org/ontology/ATC/J01DB","First-generation cephalosporins",
"http://healdb.org/rdf-schema#AI_686","CEFACLOR","http://purl.bioontology.org/ontology/ATC/J01DC04","C0007537","T109","http://purl.bioontology.org/ontology/ATC/J01DC","Second-generation cephalosporins",
"http://healdb.org/rdf-schema#AI_686","CEFACLOR","http://purl.bioontology.org/ontology/ATC/J01DC04","C0007537","T195","http://purl.bioontology.org/ontology/ATC/J01DC","Second-generation cephalosporins",
"http://healdb.org/rdf-schema#AI_69","GLICEROL","http://purl.bioontology.org/ontology/ATC/A06AG04","C0017861","T109","http://purl.bioontology.org/ontology/ATC/A06AG","Enema for Constipation","Enemas"
"http://healdb.org/rdf-schema#AI_69","GLICEROL","http://purl.bioontology.org/ontology/ATC/A06AG04","C0017861","T121","http://purl.bioontology.org/ontology/ATC/A06AG","Enema for Constipation","Enemas"
"http://healdb.org/rdf-schema#AI_69","GLICEROL","http://purl.bioontology.org/ontology/ATC/A06AG04","C0017861","T123","http://purl.bioontology.org/ontology/ATC/A06AG","Enema for Constipation","Enemas"
"http://healdb.org/rdf-schema#AI_69","GLICEROL","http://purl.bioontology.org/ontology/ATC/A06AX01","C0017861","T109","http://purl.bioontology.org/ontology/ATC/A06AX","Other drugs for constipation in ATC","Other drugs for constipation"
"http://healdb.org/rdf-schema#AI_69","GLICEROL","http://purl.bioontology.org/ontology/ATC/A06AX01","C0017861","T121","http://purl.bioontology.org/ontology/ATC/A06AX","Other drugs for constipation in ATC","Other drugs for constipation"
"http://healdb.org/rdf-schema#AI_69","GLICEROL","http://purl.bioontology.org/ontology/ATC/A06AX01","C0017861","T123","http://purl.bioontology.org/ontology/ATC/A06AX","Other drugs for constipation in ATC","Other drugs for constipation"
"http://healdb.org/rdf-schema#AI_693","CEFPROZILA","http://purl.bioontology.org/ontology/ATC/J01DB04","C0007546","T109","http://purl.bioontology.org/ontology/ATC/J01DB","First-generation cephalosporins",
"http://healdb.org/rdf-schema#AI_693","CEFPROZILA","http://purl.bioontology.org/ontology/ATC/J01DB04","C0007546","T195","http://purl.bioontology.org/ontology/ATC/J01DB","First-generation cephalosporins",
"http://healdb.org/rdf-schema#AI_694","CEFTAZIDIMA","http://purl.bioontology.org/ontology/ATC/J01DD02","C0007559","T109","http://purl.bioontology.org/ontology/ATC/J01DD","Third-generation cephalosporins",
"http://healdb.org/rdf-schema#AI_694","CEFTAZIDIMA","http://purl.bioontology.org/ontology/ATC/J01DD02","C0007559","T195","http://purl.bioontology.org/ontology/ATC/J01DD","Third-generation cephalosporins",
"http://healdb.org/rdf-schema#AI_698","CELECOXIBE","http://purl.bioontology.org/ontology/ATC/M01AH01","C0538927","T109","http://purl.bioontology.org/ontology/ATC/M01AH","Coxibs",
"http://healdb.org/rdf-schema#AI_698","CELECOXIBE","http://purl.bioontology.org/ontology/ATC/M01AH01","C0538927","T121","http://purl.bioontology.org/ontology/ATC/M01AH","Coxibs",
"http://healdb.org/rdf-schema#AI_698","CELECOXIBE","http://purl.bioontology.org/ontology/ATC/L01XX33","C0538927","T109","http://purl.bioontology.org/ontology/ATC/L01XX","Other antineoplastic agents in ATC","Other antineoplastic agents"
"http://healdb.org/rdf-schema#AI_698","CELECOXIBE","http://purl.bioontology.org/ontology/ATC/L01XX33","C0538927","T121","http://purl.bioontology.org/ontology/ATC/L01XX","Other antineoplastic agents in ATC","Other antineoplastic agents"
"http://healdb.org/rdf-schema#AI_7","CLOTRIMAZOL","http://purl.bioontology.org/ontology/ATC/A01AB18","C0009074","T109","http://purl.bioontology.org/ontology/ATC/A01AB","Antiinfectives and antiseptics for local oral treatment",
"http://healdb.org/rdf-schema#AI_7","CLOTRIMAZOL","http://purl.bioontology.org/ontology/ATC/A01AB18","C0009074","T121","http://purl.bioontology.org/ontology/ATC/A01AB","Antiinfectives and antiseptics for local oral treatment",
"http://healdb.org/rdf-schema#AI_7","CLOTRIMAZOL","http://purl.bioontology.org/ontology/ATC/D01AC01","C0009074","T109","http://purl.bioontology.org/ontology/ATC/D01AC","Imidazole and triazole derivatives, topical antifungals","Imidazole and triazole derivatives"
"http://healdb.org/rdf-schema#AI_7","CLOTRIMAZOL","http://purl.bioontology.org/ontology/ATC/D01AC01","C0009074","T121","http://purl.bioontology.org/ontology/ATC/D01AC","Imidazole and triazole derivatives, topical antifungals","Imidazole and triazole derivatives"
"http://healdb.org/rdf-schema#AI_7","CLOTRIMAZOL","http://purl.bioontology.org/ontology/ATC/G01AF02","C0009074","T109","http://purl.bioontology.org/ontology/ATC/G01AF","Imidazole derivatives, gyncological antiinfectives","Imidazole derivatives"
"http://healdb.org/rdf-schema#AI_7","CLOTRIMAZOL","http://purl.bioontology.org/ontology/ATC/G01AF02","C0009074","T121","http://purl.bioontology.org/ontology/ATC/G01AF","Imidazole derivatives, gyncological antiinfectives","Imidazole derivatives"
"http://healdb.org/rdf-schema#AI_701","FLUCONAZOL","http://purl.bioontology.org/ontology/ATC/J02AC01","C0016277","T109","http://purl.bioontology.org/ontology/ATC/J02AC","Triazole and tetrazole derivatives",
"http://healdb.org/rdf-schema#AI_701","FLUCONAZOL","http://purl.bioontology.org/ontology/ATC/J02AC01","C0016277","T121","http://purl.bioontology.org/ontology/ATC/J02AC","Triazole and tetrazole derivatives",
"http://healdb.org/rdf-schema#AI_701","FLUCONAZOL","http://purl.bioontology.org/ontology/ATC/D01AC15","C0016277","T109","http://purl.bioontology.org/ontology/ATC/D01AC","Imidazole and triazole derivatives, topical antifungals","Imidazole and triazole derivatives"
"http://healdb.org/rdf-schema#AI_701","FLUCONAZOL","http://purl.bioontology.org/ontology/ATC/D01AC15","C0016277","T121","http://purl.bioontology.org/ontology/ATC/D01AC","Imidazole and triazole derivatives, topical antifungals","Imidazole and triazole derivatives"
"http://healdb.org/rdf-schema#AI_702","MARAVIROQUE","http://purl.bioontology.org/ontology/ATC/J05AX09","C1667052","T109","http://purl.bioontology.org/ontology/ATC/J05AX","Other antivirals in ATC","Other antivirals"
"http://healdb.org/rdf-schema#AI_702","MARAVIROQUE","http://purl.bioontology.org/ontology/ATC/J05AX09","C1667052","T121","http://purl.bioontology.org/ontology/ATC/J05AX","Other antivirals in ATC","Other antivirals"
"http://healdb.org/rdf-schema#AI_704","IMIGLUCERASE","http://purl.bioontology.org/ontology/ATC/A16AB02","C0291140","T116","http://purl.bioontology.org/ontology/ATC/A16AB","Enzymes for ALIMENTARY TRACT AND METABOLISM","Enzymes"
"http://healdb.org/rdf-schema#AI_704","IMIGLUCERASE","http://purl.bioontology.org/ontology/ATC/A16AB02","C0291140","T121","http://purl.bioontology.org/ontology/ATC/A16AB","Enzymes for ALIMENTARY TRACT AND METABOLISM","Enzymes"
"http://healdb.org/rdf-schema#AI_704","IMIGLUCERASE","http://purl.bioontology.org/ontology/ATC/A16AB02","C0291140","T126","http://purl.bioontology.org/ontology/ATC/A16AB","Enzymes for ALIMENTARY TRACT AND METABOLISM","Enzymes"
"http://healdb.org/rdf-schema#AI_708","HIDROXIQUINOLINA","http://purl.bioontology.org/ontology/ATC/A01AB07","C0000665","T109","http://purl.bioontology.org/ontology/ATC/A01AB","Antiinfectives and antiseptics for local oral treatment",
"http://healdb.org/rdf-schema#AI_708","HIDROXIQUINOLINA","http://purl.bioontology.org/ontology/ATC/A01AB07","C0000665","T121","http://purl.bioontology.org/ontology/ATC/A01AB","Antiinfectives and antiseptics for local oral treatment",
"http://healdb.org/rdf-schema#AI_708","HIDROXIQUINOLINA","http://purl.bioontology.org/ontology/ATC/A01AB07","C0000665","T130","http://purl.bioontology.org/ontology/ATC/A01AB","Antiinfectives and antiseptics for local oral treatment",
"http://healdb.org/rdf-schema#AI_708","HIDROXIQUINOLINA","http://purl.bioontology.org/ontology/ATC/R02AA14","C0000665","T109","http://purl.bioontology.org/ontology/ATC/R02AA","Antiseptic throat preparations","Antiseptics"
"http://healdb.org/rdf-schema#AI_708","HIDROXIQUINOLINA","http://purl.bioontology.org/ontology/ATC/R02AA14","C0000665","T121","http://purl.bioontology.org/ontology/ATC/R02AA","Antiseptic throat preparations","Antiseptics"
"http://healdb.org/rdf-schema#AI_708","HIDROXIQUINOLINA","http://purl.bioontology.org/ontology/ATC/R02AA14","C0000665","T130","http://purl.bioontology.org/ontology/ATC/R02AA","Antiseptic throat preparations","Antiseptics"
"http://healdb.org/rdf-schema#AI_708","HIDROXIQUINOLINA","http://purl.bioontology.org/ontology/ATC/D08AH03","C0000665","T109","http://purl.bioontology.org/ontology/ATC/D08AH","Quinoline derivatives, antiseptics and disinfectants","Quinoline derivatives"
"http://healdb.org/rdf-schema#AI_708","HIDROXIQUINOLINA","http://purl.bioontology.org/ontology/ATC/D08AH03","C0000665","T121","http://purl.bioontology.org/ontology/ATC/D08AH","Quinoline derivatives, antiseptics and disinfectants","Quinoline derivatives"
"http://healdb.org/rdf-schema#AI_708","HIDROXIQUINOLINA","http://purl.bioontology.org/ontology/ATC/D08AH03","C0000665","T130","http://purl.bioontology.org/ontology/ATC/D08AH","Quinoline derivatives, antiseptics and disinfectants","Quinoline derivatives"
"http://healdb.org/rdf-schema#AI_708","HIDROXIQUINOLINA","http://purl.bioontology.org/ontology/ATC/G01AC30","C0000665","T109","http://purl.bioontology.org/ontology/ATC/G01AC","Quinoline gynecological antiinfectives","Quinoline derivatives"
"http://healdb.org/rdf-schema#AI_708","HIDROXIQUINOLINA","http://purl.bioontology.org/ontology/ATC/G01AC30","C0000665","T121","http://purl.bioontology.org/ontology/ATC/G01AC","Quinoline gynecological antiinfectives","Quinoline derivatives"
"http://healdb.org/rdf-schema#AI_708","HIDROXIQUINOLINA","http://purl.bioontology.org/ontology/ATC/G01AC30","C0000665","T130","http://purl.bioontology.org/ontology/ATC/G01AC","Quinoline gynecological antiinfectives","Quinoline derivatives"
"http://healdb.org/rdf-schema#AI_709","TROLAMINA","http://purl.bioontology.org/ontology/ATC/D03AX12","C0077089","T109","http://purl.bioontology.org/ontology/ATC/D03AX","Other cicatrizants in ATC","Other cicatrizants"
"http://healdb.org/rdf-schema#AI_709","TROLAMINA","http://purl.bioontology.org/ontology/ATC/D03AX12","C0077089","T121","http://purl.bioontology.org/ontology/ATC/D03AX","Other cicatrizants in ATC","Other cicatrizants"
"http://healdb.org/rdf-schema#AI_71","COLECALCIFEROL","http://purl.bioontology.org/ontology/ATC/A11CC05","C0008318","T109","http://purl.bioontology.org/ontology/ATC/A11CC","Vitamin D and analogues",
"http://healdb.org/rdf-schema#AI_71","COLECALCIFEROL","http://purl.bioontology.org/ontology/ATC/A11CC05","C0008318","T121","http://purl.bioontology.org/ontology/ATC/A11CC","Vitamin D and analogues",
"http://healdb.org/rdf-schema#AI_71","COLECALCIFEROL","http://purl.bioontology.org/ontology/ATC/A11CC05","C0008318","T127","http://purl.bioontology.org/ontology/ATC/A11CC","Vitamin D and analogues",
"http://healdb.org/rdf-schema#AI_713","CETOTIFENO","http://purl.bioontology.org/ontology/ATC/S01GX08","C0022642","T109","http://purl.bioontology.org/ontology/ATC/S01GX","Other antiallergics in ATC","Other antiallergics"
"http://healdb.org/rdf-schema#AI_713","CETOTIFENO","http://purl.bioontology.org/ontology/ATC/S01GX08","C0022642","T121","http://purl.bioontology.org/ontology/ATC/S01GX","Other antiallergics in ATC","Other antiallergics"
"http://healdb.org/rdf-schema#AI_713","CETOTIFENO","http://purl.bioontology.org/ontology/ATC/R06AX17","C0022642","T109","http://purl.bioontology.org/ontology/ATC/R06AX","Other antihistamines for systemic use in ATC","Other antihistamines for systemic use"
"http://healdb.org/rdf-schema#AI_713","CETOTIFENO","http://purl.bioontology.org/ontology/ATC/R06AX17","C0022642","T121","http://purl.bioontology.org/ontology/ATC/R06AX","Other antihistamines for systemic use in ATC","Other antihistamines for systemic use"
"http://healdb.org/rdf-schema#AI_716","CLORIDRATO DE BETAÍNA","http://purl.bioontology.org/ontology/ATC/A09AB02","C0282072","T109","http://purl.bioontology.org/ontology/ATC/A09AB","Acid preparations, digestives","Acid preparations"
"http://healdb.org/rdf-schema#AI_716","CLORIDRATO DE BETAÍNA","http://purl.bioontology.org/ontology/ATC/A09AB02","C0282072","T121","http://purl.bioontology.org/ontology/ATC/A09AB","Acid preparations, digestives","Acid preparations"
"http://healdb.org/rdf-schema#AI_717","RACEMETIONINA","http://purl.bioontology.org/ontology/ATC/V03AB26","C0025646","T116","http://purl.bioontology.org/ontology/ATC/V03AB","Antidotes",
"http://healdb.org/rdf-schema#AI_717","RACEMETIONINA","http://purl.bioontology.org/ontology/ATC/V03AB26","C0025646","T121","http://purl.bioontology.org/ontology/ATC/V03AB","Antidotes",
"http://healdb.org/rdf-schema#AI_717","RACEMETIONINA","http://purl.bioontology.org/ontology/ATC/V03AB26","C0025646","T123","http://purl.bioontology.org/ontology/ATC/V03AB","Antidotes",
"http://healdb.org/rdf-schema#AI_718","MESALAZINA","http://purl.bioontology.org/ontology/ATC/A07EC02","C0127615","T109","http://purl.bioontology.org/ontology/ATC/A07EC","Aminosalicylic acid and similar agents",
"http://healdb.org/rdf-schema#AI_718","MESALAZINA","http://purl.bioontology.org/ontology/ATC/A07EC02","C0127615","T121","http://purl.bioontology.org/ontology/ATC/A07EC","Aminosalicylic acid and similar agents",
"http://healdb.org/rdf-schema#AI_719","TADALAFILA","http://purl.bioontology.org/ontology/ATC/G04BE08","C1176316","T109","http://purl.bioontology.org/ontology/ATC/G04BE","Drugs used in erectile dysfunction",
"http://healdb.org/rdf-schema#AI_719","TADALAFILA","http://purl.bioontology.org/ontology/ATC/G04BE08","C1176316","T121","http://purl.bioontology.org/ontology/ATC/G04BE","Drugs used in erectile dysfunction",
"http://healdb.org/rdf-schema#AI_720","CIPROFIBRATO","http://purl.bioontology.org/ontology/ATC/C10AB08","C0055775","T109","http://purl.bioontology.org/ontology/ATC/C10AB","Fibrates, lipid modifying drugs, plain","Fibrates"
"http://healdb.org/rdf-schema#AI_720","CIPROFIBRATO","http://purl.bioontology.org/ontology/ATC/C10AB08","C0055775","T121","http://purl.bioontology.org/ontology/ATC/C10AB","Fibrates, lipid modifying drugs, plain","Fibrates"
"http://healdb.org/rdf-schema#AI_722","CICLETANINE","http://purl.bioontology.org/ontology/ATC/C03BX03","C0056686","T109","http://purl.bioontology.org/ontology/ATC/C03BX","Other low-ceiling diuretics in ATC","Other low-ceiling diuretics"
"http://healdb.org/rdf-schema#AI_722","CICLETANINE","http://purl.bioontology.org/ontology/ATC/C03BX03","C0056686","T121","http://purl.bioontology.org/ontology/ATC/C03BX","Other low-ceiling diuretics in ATC","Other low-ceiling diuretics"
"http://healdb.org/rdf-schema#AI_724","TROPICAMIDA","http://purl.bioontology.org/ontology/ATC/S01FA06","C0041190","T109","http://purl.bioontology.org/ontology/ATC/S01FA","Anticholinergic mydriatics and cycloplegics","Anticholinergics"
"http://healdb.org/rdf-schema#AI_724","TROPICAMIDA","http://purl.bioontology.org/ontology/ATC/S01FA06","C0041190","T121","http://purl.bioontology.org/ontology/ATC/S01FA","Anticholinergic mydriatics and cycloplegics","Anticholinergics"
"http://healdb.org/rdf-schema#AI_727","CICLOSPORINA","http://purl.bioontology.org/ontology/ATC/L04AD01","C0010592","T116","http://purl.bioontology.org/ontology/ATC/L04AD","Calcineurin inhibitors",
"http://healdb.org/rdf-schema#AI_727","CICLOSPORINA","http://purl.bioontology.org/ontology/ATC/L04AD01","C0010592","T121","http://purl.bioontology.org/ontology/ATC/L04AD","Calcineurin inhibitors",
"http://healdb.org/rdf-schema#AI_727","CICLOSPORINA","http://purl.bioontology.org/ontology/ATC/S01XA18","C0010592","T116","http://purl.bioontology.org/ontology/ATC/S01XA","Other ophthalmologicals in ATC","Other ophthalmologicals"
"http://healdb.org/rdf-schema#AI_727","CICLOSPORINA","http://purl.bioontology.org/ontology/ATC/S01XA18","C0010592","T121","http://purl.bioontology.org/ontology/ATC/S01XA","Other ophthalmologicals in ATC","Other ophthalmologicals"
"http://healdb.org/rdf-schema#AI_730","CIMETIDINA","http://purl.bioontology.org/ontology/ATC/A02BA01","C0008783","T109","http://purl.bioontology.org/ontology/ATC/A02BA","H2-receptor antagonists",
"http://healdb.org/rdf-schema#AI_730","CIMETIDINA","http://purl.bioontology.org/ontology/ATC/A02BA01","C0008783","T121","http://purl.bioontology.org/ontology/ATC/A02BA","H2-receptor antagonists",
"http://healdb.org/rdf-schema#AI_731","CERTOLIZUMABE PEGOL","http://purl.bioontology.org/ontology/ATC/L04AB05","C1872109","T116","http://purl.bioontology.org/ontology/ATC/L04AB","Tumor necrosis factor alpha (TNF-alpha) inhibitors",
"http://healdb.org/rdf-schema#AI_731","CERTOLIZUMABE PEGOL","http://purl.bioontology.org/ontology/ATC/L04AB05","C1872109","T121","http://purl.bioontology.org/ontology/ATC/L04AB","Tumor necrosis factor alpha (TNF-alpha) inhibitors",
"http://healdb.org/rdf-schema#AI_731","CERTOLIZUMABE PEGOL","http://purl.bioontology.org/ontology/ATC/L04AB05","C1872109","T129","http://purl.bioontology.org/ontology/ATC/L04AB","Tumor necrosis factor alpha (TNF-alpha) inhibitors",
"http://healdb.org/rdf-schema#AI_732","CINARIZINA","http://purl.bioontology.org/ontology/ATC/N07CA02","C0008803","T109","http://purl.bioontology.org/ontology/ATC/N07CA","Antivertigo preparations",
"http://healdb.org/rdf-schema#AI_732","CINARIZINA","http://purl.bioontology.org/ontology/ATC/N07CA02","C0008803","T121","http://purl.bioontology.org/ontology/ATC/N07CA","Antivertigo preparations",
"http://healdb.org/rdf-schema#AI_734","MONONITRATO DE ISOSSORBIDA","http://purl.bioontology.org/ontology/ATC/C01DA14","C0064079","T109","http://purl.bioontology.org/ontology/ATC/C01DA","Organic nitrates used in cardiac disease","Organic nitrates"
"http://healdb.org/rdf-schema#AI_734","MONONITRATO DE ISOSSORBIDA","http://purl.bioontology.org/ontology/ATC/C01DA14","C0064079","T121","http://purl.bioontology.org/ontology/ATC/C01DA","Organic nitrates used in cardiac disease","Organic nitrates"
"http://healdb.org/rdf-schema#AI_737","CIPROFLOXACINO","http://purl.bioontology.org/ontology/ATC/S02AA15","C0008809","T109","http://purl.bioontology.org/ontology/ATC/S02AA","Antiinfectives",
"http://healdb.org/rdf-schema#AI_737","CIPROFLOXACINO","http://purl.bioontology.org/ontology/ATC/S02AA15","C0008809","T121","http://purl.bioontology.org/ontology/ATC/S02AA","Antiinfectives",
"http://healdb.org/rdf-schema#AI_737","CIPROFLOXACINO","http://purl.bioontology.org/ontology/ATC/S03AA07","C0008809","T109","http://purl.bioontology.org/ontology/ATC/S03AA","Antiinfectives",
"http://healdb.org/rdf-schema#AI_737","CIPROFLOXACINO","http://purl.bioontology.org/ontology/ATC/S03AA07","C0008809","T121","http://purl.bioontology.org/ontology/ATC/S03AA","Antiinfectives",
"http://healdb.org/rdf-schema#AI_737","CIPROFLOXACINO","http://purl.bioontology.org/ontology/ATC/J01MA02","C0008809","T109","http://purl.bioontology.org/ontology/ATC/J01MA","Fluoroquinolone antibacterials, systemic","Fluoroquinolones"
"http://healdb.org/rdf-schema#AI_737","CIPROFLOXACINO","http://purl.bioontology.org/ontology/ATC/J01MA02","C0008809","T121","http://purl.bioontology.org/ontology/ATC/J01MA","Fluoroquinolone antibacterials, systemic","Fluoroquinolones"
"http://healdb.org/rdf-schema#AI_737","CIPROFLOXACINO","http://purl.bioontology.org/ontology/ATC/S01AE03","C0008809","T109","http://purl.bioontology.org/ontology/ATC/S01AE","Fluoroquinolone antiinfectives, ophthalmologic","Fluoroquinolones"
"http://healdb.org/rdf-schema#AI_737","CIPROFLOXACINO","http://purl.bioontology.org/ontology/ATC/S01AE03","C0008809","T121","http://purl.bioontology.org/ontology/ATC/S01AE","Fluoroquinolone antiinfectives, ophthalmologic","Fluoroquinolones"
"http://healdb.org/rdf-schema#AI_738","LEVOFLOXACINA","http://purl.bioontology.org/ontology/ATC/J01MA12","C0282386","T109","http://purl.bioontology.org/ontology/ATC/J01MA","Fluoroquinolone antibacterials, systemic","Fluoroquinolones"
"http://healdb.org/rdf-schema#AI_738","LEVOFLOXACINA","http://purl.bioontology.org/ontology/ATC/J01MA12","C0282386","T195","http://purl.bioontology.org/ontology/ATC/J01MA","Fluoroquinolone antibacterials, systemic","Fluoroquinolones"
"http://healdb.org/rdf-schema#AI_738","LEVOFLOXACINA","http://purl.bioontology.org/ontology/ATC/S01AE05","C0282386","T109","http://purl.bioontology.org/ontology/ATC/S01AE","Fluoroquinolone antiinfectives, ophthalmologic","Fluoroquinolones"
"http://healdb.org/rdf-schema#AI_738","LEVOFLOXACINA","http://purl.bioontology.org/ontology/ATC/S01AE05","C0282386","T195","http://purl.bioontology.org/ontology/ATC/S01AE","Fluoroquinolone antiinfectives, ophthalmologic","Fluoroquinolones"
"http://healdb.org/rdf-schema#AI_742","CITALOPRAM","http://purl.bioontology.org/ontology/ATC/N06AB04","C0008845","T109","http://purl.bioontology.org/ontology/ATC/N06AB","Selective serotonin reuptake inhibitors",
"http://healdb.org/rdf-schema#AI_742","CITALOPRAM","http://purl.bioontology.org/ontology/ATC/N06AB04","C0008845","T121","http://purl.bioontology.org/ontology/ATC/N06AB","Selective serotonin reuptake inhibitors",
"http://healdb.org/rdf-schema#AI_744","FELIPRESSINA","http://purl.bioontology.org/ontology/ATC/R01AA04","C0031469","T109","http://purl.bioontology.org/ontology/ATC/R01AA","Sympathomimetics, plain",
"http://healdb.org/rdf-schema#AI_744","FELIPRESSINA","http://purl.bioontology.org/ontology/ATC/R01AA04","C0031469","T121","http://purl.bioontology.org/ontology/ATC/R01AA","Sympathomimetics, plain",
"http://healdb.org/rdf-schema#AI_744","FELIPRESSINA","http://purl.bioontology.org/ontology/ATC/R01AB01","C0031469","T109","http://purl.bioontology.org/ontology/ATC/R01AB","Sympathomimetics, combinations excl. corticosteroids",
"http://healdb.org/rdf-schema#AI_744","FELIPRESSINA","http://purl.bioontology.org/ontology/ATC/R01AB01","C0031469","T121","http://purl.bioontology.org/ontology/ATC/R01AB","Sympathomimetics, combinations excl. corticosteroids",
"http://healdb.org/rdf-schema#AI_744","FELIPRESSINA","http://purl.bioontology.org/ontology/ATC/R01BA03","C0031469","T109","http://purl.bioontology.org/ontology/ATC/R01BA","Sympathomimetics",
"http://healdb.org/rdf-schema#AI_744","FELIPRESSINA","http://purl.bioontology.org/ontology/ATC/R01BA03","C0031469","T121","http://purl.bioontology.org/ontology/ATC/R01BA","Sympathomimetics",
"http://healdb.org/rdf-schema#AI_744","FELIPRESSINA","http://purl.bioontology.org/ontology/ATC/S01FB01","C0031469","T109","http://purl.bioontology.org/ontology/ATC/S01FB","Sympathomimetics excl. antiglaucoma preparations",
"http://healdb.org/rdf-schema#AI_744","FELIPRESSINA","http://purl.bioontology.org/ontology/ATC/S01FB01","C0031469","T121","http://purl.bioontology.org/ontology/ATC/S01FB","Sympathomimetics excl. antiglaucoma preparations",
"http://healdb.org/rdf-schema#AI_744","FELIPRESSINA","http://purl.bioontology.org/ontology/ATC/S01GA05","C0031469","T109","http://purl.bioontology.org/ontology/ATC/S01GA","Sympathomimetics used as decongestants",
"http://healdb.org/rdf-schema#AI_744","FELIPRESSINA","http://purl.bioontology.org/ontology/ATC/S01GA05","C0031469","T121","http://purl.bioontology.org/ontology/ATC/S01GA","Sympathomimetics used as decongestants",
"http://healdb.org/rdf-schema#AI_744","FELIPRESSINA","http://purl.bioontology.org/ontology/ATC/C01CA06","C0031469","T109","http://purl.bioontology.org/ontology/ATC/C01CA","Adrenergic and dopaminergic cardiac stimulants","Adrenergic and dopaminergic agents"
"http://healdb.org/rdf-schema#AI_744","FELIPRESSINA","http://purl.bioontology.org/ontology/ATC/C01CA06","C0031469","T121","http://purl.bioontology.org/ontology/ATC/C01CA","Adrenergic and dopaminergic cardiac stimulants","Adrenergic and dopaminergic agents"
"http://healdb.org/rdf-schema#AI_744","FELIPRESSINA","http://purl.bioontology.org/ontology/ATC/C05AX06","C0031469","T109","http://purl.bioontology.org/ontology/ATC/C05AX","Other agents for treatment of hemorrhoids and anal fissures for topical use in ATC","Other agents for treatment of hemorrhoids and anal fissures for topical use"
"http://healdb.org/rdf-schema#AI_744","FELIPRESSINA","http://purl.bioontology.org/ontology/ATC/C05AX06","C0031469","T121","http://purl.bioontology.org/ontology/ATC/C05AX","Other agents for treatment of hemorrhoids and anal fissures for topical use in ATC","Other agents for treatment of hemorrhoids and anal fissures for topical use"
"http://healdb.org/rdf-schema#AI_745","CITARABINA","http://purl.bioontology.org/ontology/ATC/L01BC01","C0010711","T114","http://purl.bioontology.org/ontology/ATC/L01BC","Pyrimidine analogues, antineoplastic antimetabolites","Pyrimidine analogues"
"http://healdb.org/rdf-schema#AI_745","CITARABINA","http://purl.bioontology.org/ontology/ATC/L01BC01","C0010711","T121","http://purl.bioontology.org/ontology/ATC/L01BC","Pyrimidine analogues, antineoplastic antimetabolites","Pyrimidine analogues"
"http://healdb.org/rdf-schema#AI_746","LOMUSTINA","http://purl.bioontology.org/ontology/ATC/L01AD02","C0023972","T109","http://purl.bioontology.org/ontology/ATC/L01AD","Nitrosoureas, antineoplastic alkylating agents","Nitrosoureas"
"http://healdb.org/rdf-schema#AI_746","LOMUSTINA","http://purl.bioontology.org/ontology/ATC/L01AD02","C0023972","T121","http://purl.bioontology.org/ontology/ATC/L01AD","Nitrosoureas, antineoplastic alkylating agents","Nitrosoureas"
"http://healdb.org/rdf-schema#AI_748","COLCHICINA","http://purl.bioontology.org/ontology/ATC/M04AC01","C0009262","T109","http://purl.bioontology.org/ontology/ATC/M04AC","Preparations with no effect on uric acid metabolism",
"http://healdb.org/rdf-schema#AI_748","COLCHICINA","http://purl.bioontology.org/ontology/ATC/M04AC01","C0009262","T121","http://purl.bioontology.org/ontology/ATC/M04AC","Preparations with no effect on uric acid metabolism",
"http://healdb.org/rdf-schema#AI_753","HIDROQUINONA","http://purl.bioontology.org/ontology/ATC/D11AX11","C0020306","T109","http://purl.bioontology.org/ontology/ATC/D11AX","OTHER DERMATOLOGICAL PREPARATIONS IN ATC","Other dermatologicals"
"http://healdb.org/rdf-schema#AI_753","HIDROQUINONA","http://purl.bioontology.org/ontology/ATC/D11AX11","C0020306","T121","http://purl.bioontology.org/ontology/ATC/D11AX","OTHER DERMATOLOGICAL PREPARATIONS IN ATC","Other dermatologicals"
"http://healdb.org/rdf-schema#AI_754","SALBUTAMOL","http://purl.bioontology.org/ontology/ATC/R03AC02","C0001927","T109","http://purl.bioontology.org/ontology/ATC/R03AC","Selective beta-2-adrenoreceptor agonist inhalants","Selective beta-2-adrenoreceptor agonists"
"http://healdb.org/rdf-schema#AI_754","SALBUTAMOL","http://purl.bioontology.org/ontology/ATC/R03AC02","C0001927","T121","http://purl.bioontology.org/ontology/ATC/R03AC","Selective beta-2-adrenoreceptor agonist inhalants","Selective beta-2-adrenoreceptor agonists"
"http://healdb.org/rdf-schema#AI_754","SALBUTAMOL","http://purl.bioontology.org/ontology/ATC/R03CC02","C0001927","T109","http://purl.bioontology.org/ontology/ATC/R03CC","Selective beta-2-adrenoreceptor agonists, systemic","Selective beta-2-adrenoreceptor agonists"
"http://healdb.org/rdf-schema#AI_754","SALBUTAMOL","http://purl.bioontology.org/ontology/ATC/R03CC02","C0001927","T121","http://purl.bioontology.org/ontology/ATC/R03CC","Selective beta-2-adrenoreceptor agonists, systemic","Selective beta-2-adrenoreceptor agonists"
"http://healdb.org/rdf-schema#AI_755","ENOXAPARINA SÓDICA","http://purl.bioontology.org/ontology/ATC/B01AB05","C0206460","T109","http://purl.bioontology.org/ontology/ATC/B01AB","Heparin group antithrombotic drugs","Heparin group"
"http://healdb.org/rdf-schema#AI_755","ENOXAPARINA SÓDICA","http://purl.bioontology.org/ontology/ATC/B01AB05","C0206460","T121","http://purl.bioontology.org/ontology/ATC/B01AB","Heparin group antithrombotic drugs","Heparin group"
"http://healdb.org/rdf-schema#AI_757","TIBOLONA","http://purl.bioontology.org/ontology/ATC/G03CX01","C0076660","T109","http://purl.bioontology.org/ontology/ATC/G03CX","Other estrogens in ATC","Other estrogens"
"http://healdb.org/rdf-schema#AI_757","TIBOLONA","http://purl.bioontology.org/ontology/ATC/G03CX01","C0076660","T121","http://purl.bioontology.org/ontology/ATC/G03CX","Other estrogens in ATC","Other estrogens"
"http://healdb.org/rdf-schema#AI_758","CLINDAMICINA","http://purl.bioontology.org/ontology/ATC/D10AF01","C0008947","T109","http://purl.bioontology.org/ontology/ATC/D10AF","Antiinfectives for treatment of acne",
"http://healdb.org/rdf-schema#AI_758","CLINDAMICINA","http://purl.bioontology.org/ontology/ATC/D10AF01","C0008947","T195","http://purl.bioontology.org/ontology/ATC/D10AF","Antiinfectives for treatment of acne",
"http://healdb.org/rdf-schema#AI_758","CLINDAMICINA","http://purl.bioontology.org/ontology/ATC/J01FF01","C0008947","T109","http://purl.bioontology.org/ontology/ATC/J01FF","Lincosamides",
"http://healdb.org/rdf-schema#AI_758","CLINDAMICINA","http://purl.bioontology.org/ontology/ATC/J01FF01","C0008947","T195","http://purl.bioontology.org/ontology/ATC/J01FF","Lincosamides",
"http://healdb.org/rdf-schema#AI_758","CLINDAMICINA","http://purl.bioontology.org/ontology/ATC/G01AA10","C0008947","T109","http://purl.bioontology.org/ontology/ATC/G01AA","Antibiotics, Gynecological","Antibiotics"
"http://healdb.org/rdf-schema#AI_758","CLINDAMICINA","http://purl.bioontology.org/ontology/ATC/G01AA10","C0008947","T195","http://purl.bioontology.org/ontology/ATC/G01AA","Antibiotics, Gynecological","Antibiotics"
"http://healdb.org/rdf-schema#AI_759","SINVASTATINA","http://purl.bioontology.org/ontology/ATC/C10AA01","C0074554","T109","http://purl.bioontology.org/ontology/ATC/C10AA","HMG CoA reductase inhibitors, plain lipid modifying drugs","HMG CoA reductase inhibitors"
"http://healdb.org/rdf-schema#AI_759","SINVASTATINA","http://purl.bioontology.org/ontology/ATC/C10AA01","C0074554","T121","http://purl.bioontology.org/ontology/ATC/C10AA","HMG CoA reductase inhibitors, plain lipid modifying drugs","HMG CoA reductase inhibitors"
"http://healdb.org/rdf-schema#AI_760","CLIOQUINOL","http://purl.bioontology.org/ontology/ATC/D09AA10","C0021978","T109","http://purl.bioontology.org/ontology/ATC/D09AA","Medicated dressings with antiinfectives",
"http://healdb.org/rdf-schema#AI_760","CLIOQUINOL","http://purl.bioontology.org/ontology/ATC/D09AA10","C0021978","T121","http://purl.bioontology.org/ontology/ATC/D09AA","Medicated dressings with antiinfectives",
"http://healdb.org/rdf-schema#AI_760","CLIOQUINOL","http://purl.bioontology.org/ontology/ATC/S02AA05","C0021978","T109","http://purl.bioontology.org/ontology/ATC/S02AA","Antiinfectives",
"http://healdb.org/rdf-schema#AI_760","CLIOQUINOL","http://purl.bioontology.org/ontology/ATC/S02AA05","C0021978","T121","http://purl.bioontology.org/ontology/ATC/S02AA","Antiinfectives",
"http://healdb.org/rdf-schema#AI_760","CLIOQUINOL","http://purl.bioontology.org/ontology/ATC/P01AA02","C0021978","T109","http://purl.bioontology.org/ontology/ATC/P01AA","Hydroxyquinoline derivatives for amoebiasis and other protozoal diseases","Hydroxyquinoline derivatives"
"http://healdb.org/rdf-schema#AI_760","CLIOQUINOL","http://purl.bioontology.org/ontology/ATC/P01AA02","C0021978","T121","http://purl.bioontology.org/ontology/ATC/P01AA","Hydroxyquinoline derivatives for amoebiasis and other protozoal diseases","Hydroxyquinoline derivatives"
"http://healdb.org/rdf-schema#AI_760","CLIOQUINOL","http://purl.bioontology.org/ontology/ATC/D08AH30","C0021978","T109","http://purl.bioontology.org/ontology/ATC/D08AH","Quinoline derivatives, antiseptics and disinfectants","Quinoline derivatives"
"http://healdb.org/rdf-schema#AI_760","CLIOQUINOL","http://purl.bioontology.org/ontology/ATC/D08AH30","C0021978","T121","http://purl.bioontology.org/ontology/ATC/D08AH","Quinoline derivatives, antiseptics and disinfectants","Quinoline derivatives"
"http://healdb.org/rdf-schema#AI_760","CLIOQUINOL","http://purl.bioontology.org/ontology/ATC/G01AC02","C0021978","T109","http://purl.bioontology.org/ontology/ATC/G01AC","Quinoline gynecological antiinfectives","Quinoline derivatives"
"http://healdb.org/rdf-schema#AI_760","CLIOQUINOL","http://purl.bioontology.org/ontology/ATC/G01AC02","C0021978","T121","http://purl.bioontology.org/ontology/ATC/G01AC","Quinoline gynecological antiinfectives","Quinoline derivatives"
"http://healdb.org/rdf-schema#AI_761","TOLNAFTATO","http://purl.bioontology.org/ontology/ATC/D01AE18","C0040379","T109","http://purl.bioontology.org/ontology/ATC/D01AE","Other antifungals for topical use in ATC","Other antifungals for topical use"
"http://healdb.org/rdf-schema#AI_761","TOLNAFTATO","http://purl.bioontology.org/ontology/ATC/D01AE18","C0040379","T121","http://purl.bioontology.org/ontology/ATC/D01AE","Other antifungals for topical use in ATC","Other antifungals for topical use"
"http://healdb.org/rdf-schema#AI_762","GLICERINA","http://purl.bioontology.org/ontology/ATC/A06AG04","C0017861","T109","http://purl.bioontology.org/ontology/ATC/A06AG","Enema for Constipation","Enemas"
"http://healdb.org/rdf-schema#AI_762","GLICERINA","http://purl.bioontology.org/ontology/ATC/A06AG04","C0017861","T121","http://purl.bioontology.org/ontology/ATC/A06AG","Enema for Constipation","Enemas"
"http://healdb.org/rdf-schema#AI_762","GLICERINA","http://purl.bioontology.org/ontology/ATC/A06AG04","C0017861","T123","http://purl.bioontology.org/ontology/ATC/A06AG","Enema for Constipation","Enemas"
"http://healdb.org/rdf-schema#AI_762","GLICERINA","http://purl.bioontology.org/ontology/ATC/A06AX01","C0017861","T109","http://purl.bioontology.org/ontology/ATC/A06AX","Other drugs for constipation in ATC","Other drugs for constipation"
"http://healdb.org/rdf-schema#AI_762","GLICERINA","http://purl.bioontology.org/ontology/ATC/A06AX01","C0017861","T121","http://purl.bioontology.org/ontology/ATC/A06AX","Other drugs for constipation in ATC","Other drugs for constipation"
"http://healdb.org/rdf-schema#AI_762","GLICERINA","http://purl.bioontology.org/ontology/ATC/A06AX01","C0017861","T123","http://purl.bioontology.org/ontology/ATC/A06AX","Other drugs for constipation in ATC","Other drugs for constipation"
"http://healdb.org/rdf-schema#AI_766","CLONAZEPAM","http://purl.bioontology.org/ontology/ATC/N03AE01","C0009011","T109","http://purl.bioontology.org/ontology/ATC/N03AE","Benzodiazepine derivative antiepileptics","Benzodiazepine derivatives"
"http://healdb.org/rdf-schema#AI_766","CLONAZEPAM","http://purl.bioontology.org/ontology/ATC/N03AE01","C0009011","T121","http://purl.bioontology.org/ontology/ATC/N03AE","Benzodiazepine derivative antiepileptics","Benzodiazepine derivatives"
"http://healdb.org/rdf-schema#AI_772","CLORETO DE MAGNÉSIO","http://purl.bioontology.org/ontology/ATC/B05XA11","C0024472","T121","http://purl.bioontology.org/ontology/ATC/B05XA","Electrolyte solutions",
"http://healdb.org/rdf-schema#AI_772","CLORETO DE MAGNÉSIO","http://purl.bioontology.org/ontology/ATC/B05XA11","C0024472","T197","http://purl.bioontology.org/ontology/ATC/B05XA","Electrolyte solutions",
"http://healdb.org/rdf-schema#AI_772","CLORETO DE MAGNÉSIO","http://purl.bioontology.org/ontology/ATC/A12CC01","C0024472","T121","http://purl.bioontology.org/ontology/ATC/A12CC","Magnesium supplements, alimentary tract and metabolism","Magnesium"
"http://healdb.org/rdf-schema#AI_772","CLORETO DE MAGNÉSIO","http://purl.bioontology.org/ontology/ATC/A12CC01","C0024472","T197","http://purl.bioontology.org/ontology/ATC/A12CC","Magnesium supplements, alimentary tract and metabolism","Magnesium"
"http://healdb.org/rdf-schema#AI_773","ÁCIDO ACÉTICO GLACIAL","http://purl.bioontology.org/ontology/ATC/S02AA10","C0000983","T109","http://purl.bioontology.org/ontology/ATC/S02AA","Antiinfectives",
"http://healdb.org/rdf-schema#AI_773","ÁCIDO ACÉTICO GLACIAL","http://purl.bioontology.org/ontology/ATC/S02AA10","C0000983","T130","http://purl.bioontology.org/ontology/ATC/S02AA","Antiinfectives",
"http://healdb.org/rdf-schema#AI_773","ÁCIDO ACÉTICO GLACIAL","http://purl.bioontology.org/ontology/ATC/G01AD02","C0000983","T109","http://purl.bioontology.org/ontology/ATC/G01AD","Organic acids, Gynecological","Organic acids"
"http://healdb.org/rdf-schema#AI_773","ÁCIDO ACÉTICO GLACIAL","http://purl.bioontology.org/ontology/ATC/G01AD02","C0000983","T130","http://purl.bioontology.org/ontology/ATC/G01AD","Organic acids, Gynecological","Organic acids"
"http://healdb.org/rdf-schema#AI_78","TOXÓIDE TETÂNICO","http://purl.bioontology.org/ontology/ATC/J07AM01","C0305062","T116","http://purl.bioontology.org/ontology/ATC/J07AM","Tetanus vaccines",
"http://healdb.org/rdf-schema#AI_78","TOXÓIDE TETÂNICO","http://purl.bioontology.org/ontology/ATC/J07AM01","C0305062","T121","http://purl.bioontology.org/ontology/ATC/J07AM","Tetanus vaccines",
"http://healdb.org/rdf-schema#AI_78","TOXÓIDE TETÂNICO","http://purl.bioontology.org/ontology/ATC/J07AM01","C0305062","T129","http://purl.bioontology.org/ontology/ATC/J07AM","Tetanus vaccines",
"http://healdb.org/rdf-schema#AI_79","TOXÓIDE DIFTÉRICO","http://purl.bioontology.org/ontology/ATC/J07AF","C0012551","T116","http://purl.bioontology.org/ontology/ATC/J07A","BACTERIAL VACCINES",
"http://healdb.org/rdf-schema#AI_79","TOXÓIDE DIFTÉRICO","http://purl.bioontology.org/ontology/ATC/J07AF","C0012551","T121","http://purl.bioontology.org/ontology/ATC/J07A","BACTERIAL VACCINES",
"http://healdb.org/rdf-schema#AI_79","TOXÓIDE DIFTÉRICO","http://purl.bioontology.org/ontology/ATC/J07AF","C0012551","T129","http://purl.bioontology.org/ontology/ATC/J07A","BACTERIAL VACCINES",
"http://healdb.org/rdf-schema#AI_79","TOXÓIDE DIFTÉRICO","http://purl.bioontology.org/ontology/ATC/J07AF01","C0012551","T116","http://purl.bioontology.org/ontology/ATC/J07AF","Diphtheria vaccines",
"http://healdb.org/rdf-schema#AI_79","TOXÓIDE DIFTÉRICO","http://purl.bioontology.org/ontology/ATC/J07AF01","C0012551","T121","http://purl.bioontology.org/ontology/ATC/J07AF","Diphtheria vaccines",
"http://healdb.org/rdf-schema#AI_79","TOXÓIDE DIFTÉRICO","http://purl.bioontology.org/ontology/ATC/J07AF01","C0012551","T129","http://purl.bioontology.org/ontology/ATC/J07AF","Diphtheria vaccines",
"http://healdb.org/rdf-schema#AI_8","BETAÍNA","http://purl.bioontology.org/ontology/ATC/A16AA06","C0005304","T109","http://purl.bioontology.org/ontology/ATC/A16AA","Amino acids and derivatives",
"http://healdb.org/rdf-schema#AI_8","BETAÍNA","http://purl.bioontology.org/ontology/ATC/A16AA06","C0005304","T121","http://purl.bioontology.org/ontology/ATC/A16AA","Amino acids and derivatives",
"http://healdb.org/rdf-schema#AI_802","PROMETAZINA","http://purl.bioontology.org/ontology/ATC/D04AA10","C0033405","T109","http://purl.bioontology.org/ontology/ATC/D04AA","Antihistamines for topical use",
"http://healdb.org/rdf-schema#AI_802","PROMETAZINA","http://purl.bioontology.org/ontology/ATC/D04AA10","C0033405","T121","http://purl.bioontology.org/ontology/ATC/D04AA","Antihistamines for topical use",
"http://healdb.org/rdf-schema#AI_802","PROMETAZINA","http://purl.bioontology.org/ontology/ATC/R06AD02","C0033405","T109","http://purl.bioontology.org/ontology/ATC/R06AD","Phenothiazine derivatives, systemic antihistamines","Phenothiazine derivatives"
"http://healdb.org/rdf-schema#AI_802","PROMETAZINA","http://purl.bioontology.org/ontology/ATC/R06AD02","C0033405","T121","http://purl.bioontology.org/ontology/ATC/R06AD","Phenothiazine derivatives, systemic antihistamines","Phenothiazine derivatives"
"http://healdb.org/rdf-schema#AI_81","ADAPALENO","http://purl.bioontology.org/ontology/ATC/D10AD03","C0165631","T109","http://purl.bioontology.org/ontology/ATC/D10AD","Retinoids for topical use in acne",
"http://healdb.org/rdf-schema#AI_81","ADAPALENO","http://purl.bioontology.org/ontology/ATC/D10AD03","C0165631","T121","http://purl.bioontology.org/ontology/ATC/D10AD","Retinoids for topical use in acne",
"http://healdb.org/rdf-schema#AI_816","CLOZAPINA","http://purl.bioontology.org/ontology/ATC/N05AH02","C0009079","T109","http://purl.bioontology.org/ontology/ATC/N05AH","Diazepines, oxazepines, thiazepines and oxepines antipsychotic drugs","Diazepines, oxazepines, thiazepines and oxepines"
"http://healdb.org/rdf-schema#AI_816","CLOZAPINA","http://purl.bioontology.org/ontology/ATC/N05AH02","C0009079","T121","http://purl.bioontology.org/ontology/ATC/N05AH","Diazepines, oxazepines, thiazepines and oxepines antipsychotic drugs","Diazepines, oxazepines, thiazepines and oxepines"
"http://healdb.org/rdf-schema#AI_818","ARTEMÉTER","http://purl.bioontology.org/ontology/ATC/P01BE02","C0052429","T109","http://purl.bioontology.org/ontology/ATC/P01BE","Artemisinin and derivatives, plain",
"http://healdb.org/rdf-schema#AI_818","ARTEMÉTER","http://purl.bioontology.org/ontology/ATC/P01BE02","C0052429","T121","http://purl.bioontology.org/ontology/ATC/P01BE","Artemisinin and derivatives, plain",
"http://healdb.org/rdf-schema#AI_819","COBAMAMIDA","http://purl.bioontology.org/ontology/ATC/B03BA04","C0056039","T109","http://purl.bioontology.org/ontology/ATC/B03BA","Vitamin B12 (cyanocobalamin and analogues)",
"http://healdb.org/rdf-schema#AI_819","COBAMAMIDA","http://purl.bioontology.org/ontology/ATC/B03BA04","C0056039","T121","http://purl.bioontology.org/ontology/ATC/B03BA","Vitamin B12 (cyanocobalamin and analogues)",
"http://healdb.org/rdf-schema#AI_819","COBAMAMIDA","http://purl.bioontology.org/ontology/ATC/B03BA04","C0056039","T127","http://purl.bioontology.org/ontology/ATC/B03BA","Vitamin B12 (cyanocobalamin and analogues)",
"http://healdb.org/rdf-schema#AI_822","COLCHICINA BASE","http://purl.bioontology.org/ontology/ATC/M04AC01","C0009262","T109","http://purl.bioontology.org/ontology/ATC/M04AC","Preparations with no effect on uric acid metabolism",
"http://healdb.org/rdf-schema#AI_822","COLCHICINA BASE","http://purl.bioontology.org/ontology/ATC/M04AC01","C0009262","T121","http://purl.bioontology.org/ontology/ATC/M04AC","Preparations with no effect on uric acid metabolism",
"http://healdb.org/rdf-schema#AI_823","EZETIMIBA","http://purl.bioontology.org/ontology/ATC/C10AX09","C1142985","T109","http://purl.bioontology.org/ontology/ATC/C10AX","Other lipid modifying agents in ATC","Other lipid modifying agents"
"http://healdb.org/rdf-schema#AI_823","EZETIMIBA","http://purl.bioontology.org/ontology/ATC/C10AX09","C1142985","T121","http://purl.bioontology.org/ontology/ATC/C10AX","Other lipid modifying agents in ATC","Other lipid modifying agents"
"http://healdb.org/rdf-schema#AI_825","LISOZIMA","http://purl.bioontology.org/ontology/ATC/D06BB07","C3541379","T116","http://purl.bioontology.org/ontology/ATC/D06BB","Antivirals, topical","Antivirals"
"http://healdb.org/rdf-schema#AI_825","LISOZIMA","http://purl.bioontology.org/ontology/ATC/D06BB07","C3541379","T121","http://purl.bioontology.org/ontology/ATC/D06BB","Antivirals, topical","Antivirals"
"http://healdb.org/rdf-schema#AI_825","LISOZIMA","http://purl.bioontology.org/ontology/ATC/D06BB07","C3541379","T126","http://purl.bioontology.org/ontology/ATC/D06BB","Antivirals, topical","Antivirals"
"http://healdb.org/rdf-schema#AI_825","LISOZIMA","http://purl.bioontology.org/ontology/ATC/J05AX02","C3541379","T116","http://purl.bioontology.org/ontology/ATC/J05AX","Other antivirals in ATC","Other antivirals"
"http://healdb.org/rdf-schema#AI_825","LISOZIMA","http://purl.bioontology.org/ontology/ATC/J05AX02","C3541379","T121","http://purl.bioontology.org/ontology/ATC/J05AX","Other antivirals in ATC","Other antivirals"
"http://healdb.org/rdf-schema#AI_825","LISOZIMA","http://purl.bioontology.org/ontology/ATC/J05AX02","C3541379","T126","http://purl.bioontology.org/ontology/ATC/J05AX","Other antivirals in ATC","Other antivirals"
"http://healdb.org/rdf-schema#AI_826","TIOCOLCHICOSÍDEO","http://purl.bioontology.org/ontology/ATC/M03BX05","C0076456","T109","http://purl.bioontology.org/ontology/ATC/M03BX","Other centrally acting agents in ATC","Other centrally acting agents"
"http://healdb.org/rdf-schema#AI_826","TIOCOLCHICOSÍDEO","http://purl.bioontology.org/ontology/ATC/M03BX05","C0076456","T121","http://purl.bioontology.org/ontology/ATC/M03BX","Other centrally acting agents in ATC","Other centrally acting agents"
"http://healdb.org/rdf-schema#AI_83","NIFEDIPINO","http://purl.bioontology.org/ontology/ATC/C08CA05","C0028066","T109","http://purl.bioontology.org/ontology/ATC/C08CA","Dihydropyridine derivative selective calcium channel blockers with mainly vascular effects","Dihydropyridine derivatives"
"http://healdb.org/rdf-schema#AI_83","NIFEDIPINO","http://purl.bioontology.org/ontology/ATC/C08CA05","C0028066","T121","http://purl.bioontology.org/ontology/ATC/C08CA","Dihydropyridine derivative selective calcium channel blockers with mainly vascular effects","Dihydropyridine derivatives"
"http://healdb.org/rdf-schema#AI_830","SULFATO DE ZINCO","http://purl.bioontology.org/ontology/ATC/B05XA18","C0078794","T121","http://purl.bioontology.org/ontology/ATC/B05XA","Electrolyte solutions",
"http://healdb.org/rdf-schema#AI_830","SULFATO DE ZINCO","http://purl.bioontology.org/ontology/ATC/B05XA18","C0078794","T197","http://purl.bioontology.org/ontology/ATC/B05XA","Electrolyte solutions",
"http://healdb.org/rdf-schema#AI_830","SULFATO DE ZINCO","http://purl.bioontology.org/ontology/ATC/A12CB01","C0078794","T121","http://purl.bioontology.org/ontology/ATC/A12CB","Zinc Supplements","Zinc"
"http://healdb.org/rdf-schema#AI_830","SULFATO DE ZINCO","http://purl.bioontology.org/ontology/ATC/A12CB01","C0078794","T197","http://purl.bioontology.org/ontology/ATC/A12CB","Zinc Supplements","Zinc"
"http://healdb.org/rdf-schema#AI_834","DIAZEPAM","http://purl.bioontology.org/ontology/ATC/N05BA01","C0012010","T109","http://purl.bioontology.org/ontology/ATC/N05BA","Benzodiazepine derivative anxiolytics","Benzodiazepine derivatives"
"http://healdb.org/rdf-schema#AI_834","DIAZEPAM","http://purl.bioontology.org/ontology/ATC/N05BA01","C0012010","T121","http://purl.bioontology.org/ontology/ATC/N05BA","Benzodiazepine derivative anxiolytics","Benzodiazepine derivatives"
"http://healdb.org/rdf-schema#AI_845","KALI CHLORICUM","http://purl.bioontology.org/ontology/ATC/A12BA01","C0032825","T121","http://purl.bioontology.org/ontology/ATC/A12BA","Potassium",
"http://healdb.org/rdf-schema#AI_845","KALI CHLORICUM","http://purl.bioontology.org/ontology/ATC/A12BA01","C0032825","T197","http://purl.bioontology.org/ontology/ATC/A12BA","Potassium",
"http://healdb.org/rdf-schema#AI_845","KALI CHLORICUM","http://purl.bioontology.org/ontology/ATC/B05XA01","C0032825","T121","http://purl.bioontology.org/ontology/ATC/B05XA","Electrolyte solutions",
"http://healdb.org/rdf-schema#AI_845","KALI CHLORICUM","http://purl.bioontology.org/ontology/ATC/B05XA01","C0032825","T197","http://purl.bioontology.org/ontology/ATC/B05XA","Electrolyte solutions",
"http://healdb.org/rdf-schema#AI_846","CALCAREA PHOSPHORICA","http://purl.bioontology.org/ontology/ATC/A12AA01","C0006711","T121","http://purl.bioontology.org/ontology/ATC/A12AA","Calcium",
"http://healdb.org/rdf-schema#AI_846","CALCAREA PHOSPHORICA","http://purl.bioontology.org/ontology/ATC/A12AA01","C0006711","T197","http://purl.bioontology.org/ontology/ATC/A12AA","Calcium",
"http://healdb.org/rdf-schema#AI_848","IPECACUANHA","http://purl.bioontology.org/ontology/ATC/R05CA04","C0022046","T109","http://purl.bioontology.org/ontology/ATC/R05CA","Expectorants",
"http://healdb.org/rdf-schema#AI_848","IPECACUANHA","http://purl.bioontology.org/ontology/ATC/R05CA04","C0022046","T121","http://purl.bioontology.org/ontology/ATC/R05CA","Expectorants",
"http://healdb.org/rdf-schema#AI_848","IPECACUANHA","http://purl.bioontology.org/ontology/ATC/V03AB01","C0022046","T109","http://purl.bioontology.org/ontology/ATC/V03AB","Antidotes",
"http://healdb.org/rdf-schema#AI_848","IPECACUANHA","http://purl.bioontology.org/ontology/ATC/V03AB01","C0022046","T121","http://purl.bioontology.org/ontology/ATC/V03AB","Antidotes",
"http://healdb.org/rdf-schema#AI_85","BRENTUXIMABE VEDOTINA","http://purl.bioontology.org/ontology/ATC/L01FX05","C2973446","T116","http://purl.bioontology.org/ontology/ATC/L01FX","Other monoclonal antibodies and antibody drug conjugates in ATC","Other monoclonal antibodies and antibody drug conjugates"
"http://healdb.org/rdf-schema#AI_85","BRENTUXIMABE VEDOTINA","http://purl.bioontology.org/ontology/ATC/L01FX05","C2973446","T121","http://purl.bioontology.org/ontology/ATC/L01FX","Other monoclonal antibodies and antibody drug conjugates in ATC","Other monoclonal antibodies and antibody drug conjugates"
"http://healdb.org/rdf-schema#AI_85","BRENTUXIMABE VEDOTINA","http://purl.bioontology.org/ontology/ATC/L01FX05","C2973446","T129","http://purl.bioontology.org/ontology/ATC/L01FX","Other monoclonal antibodies and antibody drug conjugates in ATC","Other monoclonal antibodies and antibody drug conjugates"
"http://healdb.org/rdf-schema#AI_856","KREOSOTUM","http://purl.bioontology.org/ontology/ATC/R05CA08","C0010303","T109","http://purl.bioontology.org/ontology/ATC/R05CA","Expectorants",
"http://healdb.org/rdf-schema#AI_868","MAGNESIA CARBONICA","http://purl.bioontology.org/ontology/ATC/A06AD01","C0065517","T121","http://purl.bioontology.org/ontology/ATC/A06AD","Osmotically acting laxatives",
"http://healdb.org/rdf-schema#AI_868","MAGNESIA CARBONICA","http://purl.bioontology.org/ontology/ATC/A06AD01","C0065517","T197","http://purl.bioontology.org/ontology/ATC/A06AD","Osmotically acting laxatives",
"http://healdb.org/rdf-schema#AI_868","MAGNESIA CARBONICA","http://purl.bioontology.org/ontology/ATC/A02AA01","C0065517","T121","http://purl.bioontology.org/ontology/ATC/A02AA","antacids containing magnesium compounds","Magnesium compounds"
"http://healdb.org/rdf-schema#AI_868","MAGNESIA CARBONICA","http://purl.bioontology.org/ontology/ATC/A02AA01","C0065517","T197","http://purl.bioontology.org/ontology/ATC/A02AA","antacids containing magnesium compounds","Magnesium compounds"
"http://healdb.org/rdf-schema#AI_88","CLORETO DE ZINCO","http://purl.bioontology.org/ontology/ATC/B05XA12","C0078774","T121","http://purl.bioontology.org/ontology/ATC/B05XA","Electrolyte solutions",
"http://healdb.org/rdf-schema#AI_88","CLORETO DE ZINCO","http://purl.bioontology.org/ontology/ATC/B05XA12","C0078774","T197","http://purl.bioontology.org/ontology/ATC/B05XA","Electrolyte solutions",
"http://healdb.org/rdf-schema#AI_885","NATRUM SULPHURICUM","http://purl.bioontology.org/ontology/ATC/A06AD13","C0074769","T121","http://purl.bioontology.org/ontology/ATC/A06AD","Osmotically acting laxatives",
"http://healdb.org/rdf-schema#AI_885","NATRUM SULPHURICUM","http://purl.bioontology.org/ontology/ATC/A06AD13","C0074769","T197","http://purl.bioontology.org/ontology/ATC/A06AD","Osmotically acting laxatives",
"http://healdb.org/rdf-schema#AI_885","NATRUM SULPHURICUM","http://purl.bioontology.org/ontology/ATC/A12CA02","C0074769","T121","http://purl.bioontology.org/ontology/ATC/A12CA","Sodium supplements","Sodium"
"http://healdb.org/rdf-schema#AI_885","NATRUM SULPHURICUM","http://purl.bioontology.org/ontology/ATC/A12CA02","C0074769","T197","http://purl.bioontology.org/ontology/ATC/A12CA","Sodium supplements","Sodium"
"http://healdb.org/rdf-schema#AI_897","ENTACAPONA","http://purl.bioontology.org/ontology/ATC/N04BX02","C0165921","T109","http://purl.bioontology.org/ontology/ATC/N04BX","Other dopaminergic agents in ATC","Other dopaminergic agents"
"http://healdb.org/rdf-schema#AI_897","ENTACAPONA","http://purl.bioontology.org/ontology/ATC/N04BX02","C0165921","T121","http://purl.bioontology.org/ontology/ATC/N04BX","Other dopaminergic agents in ATC","Other dopaminergic agents"
"http://healdb.org/rdf-schema#AI_898","BISOPROLOL","http://purl.bioontology.org/ontology/ATC/C07AB07","C0053799","T109","http://purl.bioontology.org/ontology/ATC/C07AB","Beta blocking agents, selective",
"http://healdb.org/rdf-schema#AI_898","BISOPROLOL","http://purl.bioontology.org/ontology/ATC/C07AB07","C0053799","T121","http://purl.bioontology.org/ontology/ATC/C07AB","Beta blocking agents, selective",
"http://healdb.org/rdf-schema#AI_899","CONDROITINA SULFATO DE SÓDIO","http://purl.bioontology.org/ontology/ATC/M01AX25","C0008466","T109","http://purl.bioontology.org/ontology/ATC/M01AX","Other antiinflammatory and antirheumatic agents, non-steroids in ATC","Other antiinflammatory and antirheumatic agents, non-steroids"
"http://healdb.org/rdf-schema#AI_899","CONDROITINA SULFATO DE SÓDIO","http://purl.bioontology.org/ontology/ATC/M01AX25","C0008466","T121","http://purl.bioontology.org/ontology/ATC/M01AX","Other antiinflammatory and antirheumatic agents, non-steroids in ATC","Other antiinflammatory and antirheumatic agents, non-steroids"
"http://healdb.org/rdf-schema#AI_899","CONDROITINA SULFATO DE SÓDIO","http://purl.bioontology.org/ontology/ATC/M01AX25","C0008466","T123","http://purl.bioontology.org/ontology/ATC/M01AX","Other antiinflammatory and antirheumatic agents, non-steroids in ATC","Other antiinflammatory and antirheumatic agents, non-steroids"
"http://healdb.org/rdf-schema#AI_90","FLUORETO DE SÓDIO","http://purl.bioontology.org/ontology/ATC/A01AA01","C0037508","T197","http://purl.bioontology.org/ontology/ATC/A01AA","Caries prophylactic agents",
"http://healdb.org/rdf-schema#AI_90","FLUORETO DE SÓDIO","http://purl.bioontology.org/ontology/ATC/A12CD01","C0037508","T197","http://purl.bioontology.org/ontology/ATC/A12CD","Fluoride supplements","Fluoride"
"http://healdb.org/rdf-schema#AI_90","FLUORETO DE SÓDIO","http://purl.bioontology.org/ontology/ATC/V09IX06","C3652487","T130","http://purl.bioontology.org/ontology/ATC/V09IX","Other diagnostic radiopharmaceuticals for tumour detection in ATC","Other diagnostic radiopharmaceuticals for tumour detection"
"http://healdb.org/rdf-schema#AI_90","FLUORETO DE SÓDIO","http://purl.bioontology.org/ontology/ATC/V09IX06","C3652487","T197","http://purl.bioontology.org/ontology/ATC/V09IX","Other diagnostic radiopharmaceuticals for tumour detection in ATC","Other diagnostic radiopharmaceuticals for tumour detection"
"http://healdb.org/rdf-schema#AI_901","DIOSMINA","http://purl.bioontology.org/ontology/ATC/C05CA03","C0012498","T109","http://purl.bioontology.org/ontology/ATC/C05CA","Bioflavonoid drugs for capillary stabilizing","Bioflavonoids"
"http://healdb.org/rdf-schema#AI_901","DIOSMINA","http://purl.bioontology.org/ontology/ATC/C05CA03","C0012498","T121","http://purl.bioontology.org/ontology/ATC/C05CA","Bioflavonoid drugs for capillary stabilizing","Bioflavonoids"
"http://healdb.org/rdf-schema#AI_904","SACCHAROMYCES BOULARDII","http://purl.bioontology.org/ontology/ATC/A07FA02","C0772093","T004","http://purl.bioontology.org/ontology/ATC/A07FA","Antidiarrheal microorganisms",
"http://healdb.org/rdf-schema#AI_907","ACETATO DE GLATIRÂMER","http://purl.bioontology.org/ontology/ATC/L03AX13","C0289884","T116","http://purl.bioontology.org/ontology/ATC/L03AX","Other immunostimulants in ATC","Other immunostimulants"
"http://healdb.org/rdf-schema#AI_907","ACETATO DE GLATIRÂMER","http://purl.bioontology.org/ontology/ATC/L03AX13","C0289884","T121","http://purl.bioontology.org/ontology/ATC/L03AX","Other immunostimulants in ATC","Other immunostimulants"
"http://healdb.org/rdf-schema#AI_908","ÁCIDO ACETIL SALICILICO","http://purl.bioontology.org/ontology/ATC/B01AC06","C0004057","T109","http://purl.bioontology.org/ontology/ATC/B01AC","Platelet aggregation inhibitors excl. heparin",
"http://healdb.org/rdf-schema#AI_908","ÁCIDO ACETIL SALICILICO","http://purl.bioontology.org/ontology/ATC/B01AC06","C0004057","T121","http://purl.bioontology.org/ontology/ATC/B01AC","Platelet aggregation inhibitors excl. heparin",
"http://healdb.org/rdf-schema#AI_908","ÁCIDO ACETIL SALICILICO","http://purl.bioontology.org/ontology/ATC/A01AD05","C0004057","T109","http://purl.bioontology.org/ontology/ATC/A01AD","Other agents for local oral treatment in ATC","Other agents for local oral treatment"
"http://healdb.org/rdf-schema#AI_908","ÁCIDO ACETIL SALICILICO","http://purl.bioontology.org/ontology/ATC/A01AD05","C0004057","T121","http://purl.bioontology.org/ontology/ATC/A01AD","Other agents for local oral treatment in ATC","Other agents for local oral treatment"
"http://healdb.org/rdf-schema#AI_908","ÁCIDO ACETIL SALICILICO","http://purl.bioontology.org/ontology/ATC/N02BA01","C0004057","T109","http://purl.bioontology.org/ontology/ATC/N02BA","Salicylic acid and derivatives, analgesics and antipyretics","Salicylic acid and derivatives"
"http://healdb.org/rdf-schema#AI_908","ÁCIDO ACETIL SALICILICO","http://purl.bioontology.org/ontology/ATC/N02BA01","C0004057","T121","http://purl.bioontology.org/ontology/ATC/N02BA","Salicylic acid and derivatives, analgesics and antipyretics","Salicylic acid and derivatives"
"http://healdb.org/rdf-schema#AI_909","ORLISTATE","http://purl.bioontology.org/ontology/ATC/A08AB01","C0076275","T109","http://purl.bioontology.org/ontology/ATC/A08AB","Peripherally acting antiobesity products",
"http://healdb.org/rdf-schema#AI_909","ORLISTATE","http://purl.bioontology.org/ontology/ATC/A08AB01","C0076275","T121","http://purl.bioontology.org/ontology/ATC/A08AB","Peripherally acting antiobesity products",
"http://healdb.org/rdf-schema#AI_91","IODETO DE POTÁSSIO","http://purl.bioontology.org/ontology/ATC/R05CA02","C0032831","T121","http://purl.bioontology.org/ontology/ATC/R05CA","Expectorants",
"http://healdb.org/rdf-schema#AI_91","IODETO DE POTÁSSIO","http://purl.bioontology.org/ontology/ATC/R05CA02","C0032831","T197","http://purl.bioontology.org/ontology/ATC/R05CA","Expectorants",
"http://healdb.org/rdf-schema#AI_91","IODETO DE POTÁSSIO","http://purl.bioontology.org/ontology/ATC/V03AB21","C0032831","T121","http://purl.bioontology.org/ontology/ATC/V03AB","Antidotes",
"http://healdb.org/rdf-schema#AI_91","IODETO DE POTÁSSIO","http://purl.bioontology.org/ontology/ATC/V03AB21","C0032831","T197","http://purl.bioontology.org/ontology/ATC/V03AB","Antidotes",
"http://healdb.org/rdf-schema#AI_91","IODETO DE POTÁSSIO","http://purl.bioontology.org/ontology/ATC/S01XA04","C0032831","T121","http://purl.bioontology.org/ontology/ATC/S01XA","Other ophthalmologicals in ATC","Other ophthalmologicals"
"http://healdb.org/rdf-schema#AI_91","IODETO DE POTÁSSIO","http://purl.bioontology.org/ontology/ATC/S01XA04","C0032831","T197","http://purl.bioontology.org/ontology/ATC/S01XA","Other ophthalmologicals in ATC","Other ophthalmologicals"
"http://healdb.org/rdf-schema#AI_911","SECUQUINUMABE","http://purl.bioontology.org/ontology/ATC/L04AC10","C3179547","T116","http://purl.bioontology.org/ontology/ATC/L04AC","Interleukin inhibitors",
"http://healdb.org/rdf-schema#AI_911","SECUQUINUMABE","http://purl.bioontology.org/ontology/ATC/L04AC10","C3179547","T121","http://purl.bioontology.org/ontology/ATC/L04AC","Interleukin inhibitors",
"http://healdb.org/rdf-schema#AI_911","SECUQUINUMABE","http://purl.bioontology.org/ontology/ATC/L04AC10","C3179547","T129","http://purl.bioontology.org/ontology/ATC/L04AC","Interleukin inhibitors",
"http://healdb.org/rdf-schema#AI_912","PERINDOPRIL","http://purl.bioontology.org/ontology/ATC/C09AA04","C0136123","T109","http://purl.bioontology.org/ontology/ATC/C09AA","ACE inhibitors, plain",
"http://healdb.org/rdf-schema#AI_912","PERINDOPRIL","http://purl.bioontology.org/ontology/ATC/C09AA04","C0136123","T121","http://purl.bioontology.org/ontology/ATC/C09AA","ACE inhibitors, plain",
"http://healdb.org/rdf-schema#AI_913","ÁCIDO ACÉTICO","http://purl.bioontology.org/ontology/ATC/S02AA10","C0000983","T109","http://purl.bioontology.org/ontology/ATC/S02AA","Antiinfectives",
"http://healdb.org/rdf-schema#AI_913","ÁCIDO ACÉTICO","http://purl.bioontology.org/ontology/ATC/S02AA10","C0000983","T130","http://purl.bioontology.org/ontology/ATC/S02AA","Antiinfectives",
"http://healdb.org/rdf-schema#AI_913","ÁCIDO ACÉTICO","http://purl.bioontology.org/ontology/ATC/G01AD02","C0000983","T109","http://purl.bioontology.org/ontology/ATC/G01AD","Organic acids, Gynecological","Organic acids"
"http://healdb.org/rdf-schema#AI_913","ÁCIDO ACÉTICO","http://purl.bioontology.org/ontology/ATC/G01AD02","C0000983","T130","http://purl.bioontology.org/ontology/ATC/G01AD","Organic acids, Gynecological","Organic acids"
"http://healdb.org/rdf-schema#AI_916","PROGESTERONA","http://purl.bioontology.org/ontology/ATC/G03DA04","C0033308","T109","http://purl.bioontology.org/ontology/ATC/G03DA","Pregnen (4) derivatives, progestogens","Pregnen (4) derivatives"
"http://healdb.org/rdf-schema#AI_916","PROGESTERONA","http://purl.bioontology.org/ontology/ATC/G03DA04","C0033308","T121","http://purl.bioontology.org/ontology/ATC/G03DA","Pregnen (4) derivatives, progestogens","Pregnen (4) derivatives"
"http://healdb.org/rdf-schema#AI_916","PROGESTERONA","http://purl.bioontology.org/ontology/ATC/G03DA04","C0033308","T125","http://purl.bioontology.org/ontology/ATC/G03DA","Pregnen (4) derivatives, progestogens","Pregnen (4) derivatives"
"http://healdb.org/rdf-schema#AI_917","CROFELÊMER","http://purl.bioontology.org/ontology/ATC/A07XA06","C2744960","T109","http://purl.bioontology.org/ontology/ATC/A07XA","Other antidiarrheals in ATC","Other antidiarrheals"
"http://healdb.org/rdf-schema#AI_917","CROFELÊMER","http://purl.bioontology.org/ontology/ATC/A07XA06","C2744960","T121","http://purl.bioontology.org/ontology/ATC/A07XA","Other antidiarrheals in ATC","Other antidiarrheals"
"http://healdb.org/rdf-schema#AI_919","CLORIDRATO DE HIDROXOCOBALAMINA","http://purl.bioontology.org/ontology/ATC/B03BA03","C0020316","T109","http://purl.bioontology.org/ontology/ATC/B03BA","Vitamin B12 (cyanocobalamin and analogues)",
"http://healdb.org/rdf-schema#AI_919","CLORIDRATO DE HIDROXOCOBALAMINA","http://purl.bioontology.org/ontology/ATC/B03BA03","C0020316","T121","http://purl.bioontology.org/ontology/ATC/B03BA","Vitamin B12 (cyanocobalamin and analogues)",
"http://healdb.org/rdf-schema#AI_919","CLORIDRATO DE HIDROXOCOBALAMINA","http://purl.bioontology.org/ontology/ATC/B03BA03","C0020316","T127","http://purl.bioontology.org/ontology/ATC/B03BA","Vitamin B12 (cyanocobalamin and analogues)",
"http://healdb.org/rdf-schema#AI_919","CLORIDRATO DE HIDROXOCOBALAMINA","http://purl.bioontology.org/ontology/ATC/V03AB33","C0020316","T109","http://purl.bioontology.org/ontology/ATC/V03AB","Antidotes",
"http://healdb.org/rdf-schema#AI_919","CLORIDRATO DE HIDROXOCOBALAMINA","http://purl.bioontology.org/ontology/ATC/V03AB33","C0020316","T121","http://purl.bioontology.org/ontology/ATC/V03AB","Antidotes",
"http://healdb.org/rdf-schema#AI_919","CLORIDRATO DE HIDROXOCOBALAMINA","http://purl.bioontology.org/ontology/ATC/V03AB33","C0020316","T127","http://purl.bioontology.org/ontology/ATC/V03AB","Antidotes",
"http://healdb.org/rdf-schema#AI_92","SELENITO DE SÓDIO","http://purl.bioontology.org/ontology/ATC/B05XA20","C0142923","T121","http://purl.bioontology.org/ontology/ATC/B05XA","Electrolyte solutions",
"http://healdb.org/rdf-schema#AI_92","SELENITO DE SÓDIO","http://purl.bioontology.org/ontology/ATC/B05XA20","C0142923","T197","http://purl.bioontology.org/ontology/ATC/B05XA","Electrolyte solutions",
"http://healdb.org/rdf-schema#AI_92","SELENITO DE SÓDIO","http://purl.bioontology.org/ontology/ATC/A12CE02","C0142923","T121","http://purl.bioontology.org/ontology/ATC/A12CE","Selenium supplements","Selenium"
"http://healdb.org/rdf-schema#AI_92","SELENITO DE SÓDIO","http://purl.bioontology.org/ontology/ATC/A12CE02","C0142923","T197","http://purl.bioontology.org/ontology/ATC/A12CE","Selenium supplements","Selenium"
"http://healdb.org/rdf-schema#AI_920","DAPTOMICINA","http://purl.bioontology.org/ontology/ATC/J01XX09","C0057144","T116","http://purl.bioontology.org/ontology/ATC/J01XX","Other antibacterials in ATC","Other antibacterials"
"http://healdb.org/rdf-schema#AI_920","DAPTOMICINA","http://purl.bioontology.org/ontology/ATC/J01XX09","C0057144","T195","http://purl.bioontology.org/ontology/ATC/J01XX","Other antibacterials in ATC","Other antibacterials"
"http://healdb.org/rdf-schema#AI_921","PENICILAMINA","http://purl.bioontology.org/ontology/ATC/M01CC01","C0030817","T116","http://purl.bioontology.org/ontology/ATC/M01CC","Penicillamine and similar antirheumatic agents","Penicillamine and similar agents"
"http://healdb.org/rdf-schema#AI_921","PENICILAMINA","http://purl.bioontology.org/ontology/ATC/M01CC01","C0030817","T121","http://purl.bioontology.org/ontology/ATC/M01CC","Penicillamine and similar antirheumatic agents","Penicillamine and similar agents"
"http://healdb.org/rdf-schema#AI_927","RAMUCIRUMABE","http://purl.bioontology.org/ontology/ATC/L01FG02","C2742502","T116","http://purl.bioontology.org/ontology/ATC/L01FG","VEGF/VEGFR (Vascular Endothelial Growth Factor) inhibitors",
"http://healdb.org/rdf-schema#AI_927","RAMUCIRUMABE","http://purl.bioontology.org/ontology/ATC/L01FG02","C2742502","T121","http://purl.bioontology.org/ontology/ATC/L01FG","VEGF/VEGFR (Vascular Endothelial Growth Factor) inhibitors",
"http://healdb.org/rdf-schema#AI_927","RAMUCIRUMABE","http://purl.bioontology.org/ontology/ATC/L01FG02","C2742502","T129","http://purl.bioontology.org/ontology/ATC/L01FG","VEGF/VEGFR (Vascular Endothelial Growth Factor) inhibitors",
"http://healdb.org/rdf-schema#AI_929","CLORETO DE METILTIONÍNIO","http://purl.bioontology.org/ontology/ATC/V03AB17","C0025746","T109","http://purl.bioontology.org/ontology/ATC/V03AB","Antidotes",
"http://healdb.org/rdf-schema#AI_929","CLORETO DE METILTIONÍNIO","http://purl.bioontology.org/ontology/ATC/V03AB17","C0025746","T130","http://purl.bioontology.org/ontology/ATC/V03AB","Antidotes",
"http://healdb.org/rdf-schema#AI_929","CLORETO DE METILTIONÍNIO","http://purl.bioontology.org/ontology/ATC/V04CG05","C0025746","T109","http://purl.bioontology.org/ontology/ATC/V04CG","gastric secretion test diagnostic agents","Tests for gastric secretion"
"http://healdb.org/rdf-schema#AI_929","CLORETO DE METILTIONÍNIO","http://purl.bioontology.org/ontology/ATC/V04CG05","C0025746","T130","http://purl.bioontology.org/ontology/ATC/V04CG","gastric secretion test diagnostic agents","Tests for gastric secretion"
"http://healdb.org/rdf-schema#AI_930","CLORIDRATO DE ACRIFLAVINA","http://purl.bioontology.org/ontology/ATC/R02AA13","C0981809","T109","http://purl.bioontology.org/ontology/ATC/R02AA","Antiseptic throat preparations","Antiseptics"
"http://healdb.org/rdf-schema#AI_930","CLORIDRATO DE ACRIFLAVINA","http://purl.bioontology.org/ontology/ATC/R02AA13","C0981809","T121","http://purl.bioontology.org/ontology/ATC/R02AA","Antiseptic throat preparations","Antiseptics"
"http://healdb.org/rdf-schema#AI_931","METENAMINA","http://purl.bioontology.org/ontology/ATC/J01XX05","C0025638","T109","http://purl.bioontology.org/ontology/ATC/J01XX","Other antibacterials in ATC","Other antibacterials"
"http://healdb.org/rdf-schema#AI_931","METENAMINA","http://purl.bioontology.org/ontology/ATC/J01XX05","C0025638","T121","http://purl.bioontology.org/ontology/ATC/J01XX","Other antibacterials in ATC","Other antibacterials"
"http://healdb.org/rdf-schema#AI_933","GENCITABINA","http://purl.bioontology.org/ontology/ATC/L01BC05","C0045093","T114","http://purl.bioontology.org/ontology/ATC/L01BC","Pyrimidine analogues, antineoplastic antimetabolites","Pyrimidine analogues"
"http://healdb.org/rdf-schema#AI_933","GENCITABINA","http://purl.bioontology.org/ontology/ATC/L01BC05","C0045093","T121","http://purl.bioontology.org/ontology/ATC/L01BC","Pyrimidine analogues, antineoplastic antimetabolites","Pyrimidine analogues"
"http://healdb.org/rdf-schema#AI_934","ÁCIDO CARGLÚMICO","http://purl.bioontology.org/ontology/ATC/A16AA05","C1318649","T116","http://purl.bioontology.org/ontology/ATC/A16AA","Amino acids and derivatives",
"http://healdb.org/rdf-schema#AI_934","ÁCIDO CARGLÚMICO","http://purl.bioontology.org/ontology/ATC/A16AA05","C1318649","T121","http://purl.bioontology.org/ontology/ATC/A16AA","Amino acids and derivatives",
"http://healdb.org/rdf-schema#AI_937","RESLIZUMABE","http://purl.bioontology.org/ontology/ATC/R03DX08","C1869620","T116","http://purl.bioontology.org/ontology/ATC/R03DX","Other systemic drugs for obstructive airway diseases in ATC","Other systemic drugs for obstructive airway diseases"
"http://healdb.org/rdf-schema#AI_937","RESLIZUMABE","http://purl.bioontology.org/ontology/ATC/R03DX08","C1869620","T121","http://purl.bioontology.org/ontology/ATC/R03DX","Other systemic drugs for obstructive airway diseases in ATC","Other systemic drugs for obstructive airway diseases"
"http://healdb.org/rdf-schema#AI_937","RESLIZUMABE","http://purl.bioontology.org/ontology/ATC/R03DX08","C1869620","T129","http://purl.bioontology.org/ontology/ATC/R03DX","Other systemic drugs for obstructive airway diseases in ATC","Other systemic drugs for obstructive airway diseases"
"http://healdb.org/rdf-schema#AI_944","FOSFATO SÓDICO DE PREDNISOLONA","http://purl.bioontology.org/ontology/ATC/A01AC04","C0032950","T109","http://purl.bioontology.org/ontology/ATC/A01AC","Corticosteroids for local oral treatment",
"http://healdb.org/rdf-schema#AI_944","FOSFATO SÓDICO DE PREDNISOLONA","http://purl.bioontology.org/ontology/ATC/A01AC04","C0032950","T121","http://purl.bioontology.org/ontology/ATC/A01AC","Corticosteroids for local oral treatment",
"http://healdb.org/rdf-schema#AI_944","FOSFATO SÓDICO DE PREDNISOLONA","http://purl.bioontology.org/ontology/ATC/A07EA01","C0032950","T109","http://purl.bioontology.org/ontology/ATC/A07EA","Corticosteroids acting locally",
"http://healdb.org/rdf-schema#AI_944","FOSFATO SÓDICO DE PREDNISOLONA","http://purl.bioontology.org/ontology/ATC/A07EA01","C0032950","T121","http://purl.bioontology.org/ontology/ATC/A07EA","Corticosteroids acting locally",
"http://healdb.org/rdf-schema#AI_944","FOSFATO SÓDICO DE PREDNISOLONA","http://purl.bioontology.org/ontology/ATC/D07AA03","C0032950","T109","http://purl.bioontology.org/ontology/ATC/D07AA","Corticosteroids, weak (group I)",
"http://healdb.org/rdf-schema#AI_944","FOSFATO SÓDICO DE PREDNISOLONA","http://purl.bioontology.org/ontology/ATC/D07AA03","C0032950","T121","http://purl.bioontology.org/ontology/ATC/D07AA","Corticosteroids, weak (group I)",
"http://healdb.org/rdf-schema#AI_944","FOSFATO SÓDICO DE PREDNISOLONA","http://purl.bioontology.org/ontology/ATC/D07XA02","C0032950","T109","http://purl.bioontology.org/ontology/ATC/D07XA","Corticosteroids, weak, other combinations",
"http://healdb.org/rdf-schema#AI_944","FOSFATO SÓDICO DE PREDNISOLONA","http://purl.bioontology.org/ontology/ATC/D07XA02","C0032950","T121","http://purl.bioontology.org/ontology/ATC/D07XA","Corticosteroids, weak, other combinations",
"http://healdb.org/rdf-schema#AI_944","FOSFATO SÓDICO DE PREDNISOLONA","http://purl.bioontology.org/ontology/ATC/S01CB02","C0032950","T109","http://purl.bioontology.org/ontology/ATC/S01CB","Corticosteroids/antiinfectives/mydriatics in combination",
"http://healdb.org/rdf-schema#AI_944","FOSFATO SÓDICO DE PREDNISOLONA","http://purl.bioontology.org/ontology/ATC/S01CB02","C0032950","T121","http://purl.bioontology.org/ontology/ATC/S01CB","Corticosteroids/antiinfectives/mydriatics in combination",
"http://healdb.org/rdf-schema#AI_944","FOSFATO SÓDICO DE PREDNISOLONA","http://purl.bioontology.org/ontology/ATC/S02BA03","C0032950","T109","http://purl.bioontology.org/ontology/ATC/S02BA","Corticosteroids",
"http://healdb.org/rdf-schema#AI_944","FOSFATO SÓDICO DE PREDNISOLONA","http://purl.bioontology.org/ontology/ATC/S02BA03","C0032950","T121","http://purl.bioontology.org/ontology/ATC/S02BA","Corticosteroids",
"http://healdb.org/rdf-schema#AI_944","FOSFATO SÓDICO DE PREDNISOLONA","http://purl.bioontology.org/ontology/ATC/S03BA02","C0032950","T109","http://purl.bioontology.org/ontology/ATC/S03BA","Corticosteroids",
"http://healdb.org/rdf-schema#AI_944","FOSFATO SÓDICO DE PREDNISOLONA","http://purl.bioontology.org/ontology/ATC/S03BA02","C0032950","T121","http://purl.bioontology.org/ontology/ATC/S03BA","Corticosteroids",
"http://healdb.org/rdf-schema#AI_944","FOSFATO SÓDICO DE PREDNISOLONA","http://purl.bioontology.org/ontology/ATC/C05AA04","C0032950","T109","http://purl.bioontology.org/ontology/ATC/C05AA","Corticosteroids, topical for treatment of hemorrhoids and anal fissures","Corticosteroids"
"http://healdb.org/rdf-schema#AI_944","FOSFATO SÓDICO DE PREDNISOLONA","http://purl.bioontology.org/ontology/ATC/C05AA04","C0032950","T121","http://purl.bioontology.org/ontology/ATC/C05AA","Corticosteroids, topical for treatment of hemorrhoids and anal fissures","Corticosteroids"
"http://healdb.org/rdf-schema#AI_944","FOSFATO SÓDICO DE PREDNISOLONA","http://purl.bioontology.org/ontology/ATC/R01AD02","C0032950","T109","http://purl.bioontology.org/ontology/ATC/R01AD","Corticosteroid nasal preparations for topical use","Corticosteroids"
"http://healdb.org/rdf-schema#AI_944","FOSFATO SÓDICO DE PREDNISOLONA","http://purl.bioontology.org/ontology/ATC/R01AD02","C0032950","T121","http://purl.bioontology.org/ontology/ATC/R01AD","Corticosteroid nasal preparations for topical use","Corticosteroids"
"http://healdb.org/rdf-schema#AI_944","FOSFATO SÓDICO DE PREDNISOLONA","http://purl.bioontology.org/ontology/ATC/S01BA04","C0032950","T109","http://purl.bioontology.org/ontology/ATC/S01BA","Corticosteroid ophthalmologic antiinflammatory agents, plain","Corticosteroids, plain"
"http://healdb.org/rdf-schema#AI_944","FOSFATO SÓDICO DE PREDNISOLONA","http://purl.bioontology.org/ontology/ATC/S01BA04","C0032950","T121","http://purl.bioontology.org/ontology/ATC/S01BA","Corticosteroid ophthalmologic antiinflammatory agents, plain","Corticosteroids, plain"
"http://healdb.org/rdf-schema#AI_944","FOSFATO SÓDICO DE PREDNISOLONA","http://purl.bioontology.org/ontology/ATC/H02AB06","C0032950","T109","http://purl.bioontology.org/ontology/ATC/H02AB","Glucocorticoids, Systemic","Glucocorticoids"
"http://healdb.org/rdf-schema#AI_944","FOSFATO SÓDICO DE PREDNISOLONA","http://purl.bioontology.org/ontology/ATC/H02AB06","C0032950","T121","http://purl.bioontology.org/ontology/ATC/H02AB","Glucocorticoids, Systemic","Glucocorticoids"
"http://healdb.org/rdf-schema#AI_947","BUROSUMABE","http://purl.bioontology.org/ontology/ATC/M05BX05","C4301607","T116","http://purl.bioontology.org/ontology/ATC/M05BX","Other drugs affecting bone structure and mineralization in ATC","Other drugs affecting bone structure and mineralization"
"http://healdb.org/rdf-schema#AI_947","BUROSUMABE","http://purl.bioontology.org/ontology/ATC/M05BX05","C4301607","T121","http://purl.bioontology.org/ontology/ATC/M05BX","Other drugs affecting bone structure and mineralization in ATC","Other drugs affecting bone structure and mineralization"
"http://healdb.org/rdf-schema#AI_947","BUROSUMABE","http://purl.bioontology.org/ontology/ATC/M05BX05","C4301607","T129","http://purl.bioontology.org/ontology/ATC/M05BX","Other drugs affecting bone structure and mineralization in ATC","Other drugs affecting bone structure and mineralization"
"http://healdb.org/rdf-schema#AI_95","ADENOSINA","http://purl.bioontology.org/ontology/ATC/C01EB10","C0001443","T114","http://purl.bioontology.org/ontology/ATC/C01EB","Other plain cardiac preparations in ATC","Other cardiac preparations"
"http://healdb.org/rdf-schema#AI_95","ADENOSINA","http://purl.bioontology.org/ontology/ATC/C01EB10","C0001443","T121","http://purl.bioontology.org/ontology/ATC/C01EB","Other plain cardiac preparations in ATC","Other cardiac preparations"
"http://healdb.org/rdf-schema#AI_95","ADENOSINA","http://purl.bioontology.org/ontology/ATC/C01EB10","C0001443","T123","http://purl.bioontology.org/ontology/ATC/C01EB","Other plain cardiac preparations in ATC","Other cardiac preparations"
"http://healdb.org/rdf-schema#AI_950","DACARBAZINA","http://purl.bioontology.org/ontology/ATC/L01AX04","C0010927","T109","http://purl.bioontology.org/ontology/ATC/L01AX","Other alkylating agents in ATC","Other alkylating agents"
"http://healdb.org/rdf-schema#AI_950","DACARBAZINA","http://purl.bioontology.org/ontology/ATC/L01AX04","C0010927","T121","http://purl.bioontology.org/ontology/ATC/L01AX","Other alkylating agents in ATC","Other alkylating agents"
"http://healdb.org/rdf-schema#AI_954","CALCIPOTRIOL","http://purl.bioontology.org/ontology/ATC/D05AX02","C0065767","T109","http://purl.bioontology.org/ontology/ATC/D05AX","Other antipsoriatics for topical use in ATC","Other antipsoriatics for topical use"
"http://healdb.org/rdf-schema#AI_954","CALCIPOTRIOL","http://purl.bioontology.org/ontology/ATC/D05AX02","C0065767","T121","http://purl.bioontology.org/ontology/ATC/D05AX","Other antipsoriatics for topical use in ATC","Other antipsoriatics for topical use"
"http://healdb.org/rdf-schema#AI_955","MICONAZOL","http://purl.bioontology.org/ontology/ATC/A01AB09","C0025942","T109","http://purl.bioontology.org/ontology/ATC/A01AB","Antiinfectives and antiseptics for local oral treatment",
"http://healdb.org/rdf-schema#AI_955","MICONAZOL","http://purl.bioontology.org/ontology/ATC/A01AB09","C0025942","T121","http://purl.bioontology.org/ontology/ATC/A01AB","Antiinfectives and antiseptics for local oral treatment",
"http://healdb.org/rdf-schema#AI_955","MICONAZOL","http://purl.bioontology.org/ontology/ATC/S02AA13","C0025942","T109","http://purl.bioontology.org/ontology/ATC/S02AA","Antiinfectives",
"http://healdb.org/rdf-schema#AI_955","MICONAZOL","http://purl.bioontology.org/ontology/ATC/S02AA13","C0025942","T121","http://purl.bioontology.org/ontology/ATC/S02AA","Antiinfectives",
"http://healdb.org/rdf-schema#AI_955","MICONAZOL","http://purl.bioontology.org/ontology/ATC/D01AC02","C0025942","T109","http://purl.bioontology.org/ontology/ATC/D01AC","Imidazole and triazole derivatives, topical antifungals","Imidazole and triazole derivatives"
"http://healdb.org/rdf-schema#AI_955","MICONAZOL","http://purl.bioontology.org/ontology/ATC/D01AC02","C0025942","T121","http://purl.bioontology.org/ontology/ATC/D01AC","Imidazole and triazole derivatives, topical antifungals","Imidazole and triazole derivatives"
"http://healdb.org/rdf-schema#AI_955","MICONAZOL","http://purl.bioontology.org/ontology/ATC/A07AC01","C0025942","T109","http://purl.bioontology.org/ontology/ATC/A07AC","Imidazole derivatives, intestinal antiinfectives","Imidazole derivatives"
"http://healdb.org/rdf-schema#AI_955","MICONAZOL","http://purl.bioontology.org/ontology/ATC/A07AC01","C0025942","T121","http://purl.bioontology.org/ontology/ATC/A07AC","Imidazole derivatives, intestinal antiinfectives","Imidazole derivatives"
"http://healdb.org/rdf-schema#AI_955","MICONAZOL","http://purl.bioontology.org/ontology/ATC/G01AF04","C0025942","T109","http://purl.bioontology.org/ontology/ATC/G01AF","Imidazole derivatives, gyncological antiinfectives","Imidazole derivatives"
"http://healdb.org/rdf-schema#AI_955","MICONAZOL","http://purl.bioontology.org/ontology/ATC/G01AF04","C0025942","T121","http://purl.bioontology.org/ontology/ATC/G01AF","Imidazole derivatives, gyncological antiinfectives","Imidazole derivatives"
"http://healdb.org/rdf-schema#AI_955","MICONAZOL","http://purl.bioontology.org/ontology/ATC/J02AB01","C0025942","T109","http://purl.bioontology.org/ontology/ATC/J02AB","Imidazole derivatives, antimycotic for systemic use","Imidazole derivatives"
"http://healdb.org/rdf-schema#AI_955","MICONAZOL","http://purl.bioontology.org/ontology/ATC/J02AB01","C0025942","T121","http://purl.bioontology.org/ontology/ATC/J02AB","Imidazole derivatives, antimycotic for systemic use","Imidazole derivatives"
"http://healdb.org/rdf-schema#AI_957","DARATUMUMABE","http://purl.bioontology.org/ontology/ATC/L01FC01","C2346801","T116","http://purl.bioontology.org/ontology/ATC/L01FC","CD38 (Clusters of Differentiation 38) inhibitors",
"http://healdb.org/rdf-schema#AI_957","DARATUMUMABE","http://purl.bioontology.org/ontology/ATC/L01FC01","C2346801","T121","http://purl.bioontology.org/ontology/ATC/L01FC","CD38 (Clusters of Differentiation 38) inhibitors",
"http://healdb.org/rdf-schema#AI_957","DARATUMUMABE","http://purl.bioontology.org/ontology/ATC/L01FC01","C2346801","T129","http://purl.bioontology.org/ontology/ATC/L01FC","CD38 (Clusters of Differentiation 38) inhibitors",
"http://healdb.org/rdf-schema#AI_959","FUMARATO FERROSO","http://purl.bioontology.org/ontology/ATC/B03AD02","C0717767","T121","http://purl.bioontology.org/ontology/ATC/B03AD","Iron in combination with folic acid",
"http://healdb.org/rdf-schema#AI_959","FUMARATO FERROSO","http://purl.bioontology.org/ontology/ATC/B03AA02","C0060276","T109","http://purl.bioontology.org/ontology/ATC/B03AA","Iron bivalent, oral antianemic preparations","Iron bivalent, oral preparations"
"http://healdb.org/rdf-schema#AI_959","FUMARATO FERROSO","http://purl.bioontology.org/ontology/ATC/B03AA02","C0060276","T121","http://purl.bioontology.org/ontology/ATC/B03AA","Iron bivalent, oral antianemic preparations","Iron bivalent, oral preparations"
"http://healdb.org/rdf-schema#AI_960","FENITOÍNA","http://purl.bioontology.org/ontology/ATC/N03AB02","C0031507","T109","http://purl.bioontology.org/ontology/ATC/N03AB","Hydantoin derivatives, antiepileptics","Hydantoin derivatives"
"http://healdb.org/rdf-schema#AI_960","FENITOÍNA","http://purl.bioontology.org/ontology/ATC/N03AB02","C0031507","T121","http://purl.bioontology.org/ontology/ATC/N03AB","Hydantoin derivatives, antiepileptics","Hydantoin derivatives"
"http://healdb.org/rdf-schema#AI_962","GLIBENCLAMIDA","http://purl.bioontology.org/ontology/ATC/A10BB01","C0017628","T109","http://purl.bioontology.org/ontology/ATC/A10BB","Sulfonylureas for blood glucose lowering","Sulfonylureas"
"http://healdb.org/rdf-schema#AI_962","GLIBENCLAMIDA","http://purl.bioontology.org/ontology/ATC/A10BB01","C0017628","T121","http://purl.bioontology.org/ontology/ATC/A10BB","Sulfonylureas for blood glucose lowering","Sulfonylureas"
"http://healdb.org/rdf-schema#AI_963","DAPAGLIFLOZINA","http://purl.bioontology.org/ontology/ATC/A10BK01","C2353951","T109","http://purl.bioontology.org/ontology/ATC/A10BK","Sodium-glucose co-transporter 2 (SGLT2) inhibitors",
"http://healdb.org/rdf-schema#AI_963","DAPAGLIFLOZINA","http://purl.bioontology.org/ontology/ATC/A10BK01","C2353951","T121","http://purl.bioontology.org/ontology/ATC/A10BK","Sodium-glucose co-transporter 2 (SGLT2) inhibitors",
"http://healdb.org/rdf-schema#AI_964","PIRIMETAMINA","http://purl.bioontology.org/ontology/ATC/P01BD01","C0034283","T109","http://purl.bioontology.org/ontology/ATC/P01BD","Diaminopyrimidines, antimalarials","Diaminopyrimidines"
"http://healdb.org/rdf-schema#AI_964","PIRIMETAMINA","http://purl.bioontology.org/ontology/ATC/P01BD01","C0034283","T121","http://purl.bioontology.org/ontology/ATC/P01BD","Diaminopyrimidines, antimalarials","Diaminopyrimidines"
"http://healdb.org/rdf-schema#AI_967","ROFLUMILASTE","http://purl.bioontology.org/ontology/ATC/D05AX06","C0965618","T109","http://purl.bioontology.org/ontology/ATC/D05AX","Other antipsoriatics for topical use in ATC","Other antipsoriatics for topical use"
"http://healdb.org/rdf-schema#AI_967","ROFLUMILASTE","http://purl.bioontology.org/ontology/ATC/D05AX06","C0965618","T121","http://purl.bioontology.org/ontology/ATC/D05AX","Other antipsoriatics for topical use in ATC","Other antipsoriatics for topical use"
"http://healdb.org/rdf-schema#AI_967","ROFLUMILASTE","http://purl.bioontology.org/ontology/ATC/R03DX07","C0965618","T109","http://purl.bioontology.org/ontology/ATC/R03DX","Other systemic drugs for obstructive airway diseases in ATC","Other systemic drugs for obstructive airway diseases"
"http://healdb.org/rdf-schema#AI_967","ROFLUMILASTE","http://purl.bioontology.org/ontology/ATC/R03DX07","C0965618","T121","http://purl.bioontology.org/ontology/ATC/R03DX","Other systemic drugs for obstructive airway diseases in ATC","Other systemic drugs for obstructive airway diseases"
"http://healdb.org/rdf-schema#AI_972","SECNIDAZOL","http://purl.bioontology.org/ontology/ATC/P01AB07","C0074246","T109","http://purl.bioontology.org/ontology/ATC/P01AB","Nitroimidazole derivatives, antiprotozoal agents against amoebiasis and other protozoal diseases","Nitroimidazole derivatives"
"http://healdb.org/rdf-schema#AI_972","SECNIDAZOL","http://purl.bioontology.org/ontology/ATC/P01AB07","C0074246","T121","http://purl.bioontology.org/ontology/ATC/P01AB","Nitroimidazole derivatives, antiprotozoal agents against amoebiasis and other protozoal diseases","Nitroimidazole derivatives"
"http://healdb.org/rdf-schema#AI_973","DEFIBROTIDA","http://purl.bioontology.org/ontology/ATC/B01AX01","C0057257","T114","http://purl.bioontology.org/ontology/ATC/B01AX","Other antithrombotic agents in ATC","Other antithrombotic agents"
"http://healdb.org/rdf-schema#AI_973","DEFIBROTIDA","http://purl.bioontology.org/ontology/ATC/B01AX01","C0057257","T121","http://purl.bioontology.org/ontology/ATC/B01AX","Other antithrombotic agents in ATC","Other antithrombotic agents"
"http://healdb.org/rdf-schema#AI_975","DELTAMETRINA","http://purl.bioontology.org/ontology/ATC/P03BA03","C0057233","T109","http://purl.bioontology.org/ontology/ATC/P03BA","Pyrethrines",
"http://healdb.org/rdf-schema#AI_975","DELTAMETRINA","http://purl.bioontology.org/ontology/ATC/P03BA03","C0057233","T121","http://purl.bioontology.org/ontology/ATC/P03BA","Pyrethrines",
"http://healdb.org/rdf-schema#AI_975","DELTAMETRINA","http://purl.bioontology.org/ontology/ATC/P03BA03","C0057233","T131","http://purl.bioontology.org/ontology/ATC/P03BA","Pyrethrines",
"http://healdb.org/rdf-schema#AI_98","CALCAREA CARBONICA","http://purl.bioontology.org/ontology/ATC/A12AA04","C0006681","T121","http://purl.bioontology.org/ontology/ATC/A12AA","Calcium",
"http://healdb.org/rdf-schema#AI_98","CALCAREA CARBONICA","http://purl.bioontology.org/ontology/ATC/A12AA04","C0006681","T197","http://purl.bioontology.org/ontology/ATC/A12AA","Calcium",
"http://healdb.org/rdf-schema#AI_98","CALCAREA CARBONICA","http://purl.bioontology.org/ontology/ATC/A02AC01","C0006681","T121","http://purl.bioontology.org/ontology/ATC/A02AC","antacids containing calcium compounds","Calcium compounds"
"http://healdb.org/rdf-schema#AI_98","CALCAREA CARBONICA","http://purl.bioontology.org/ontology/ATC/A02AC01","C0006681","T197","http://purl.bioontology.org/ontology/ATC/A02AC","antacids containing calcium compounds","Calcium compounds"
"http://healdb.org/rdf-schema#AI_982","ÁCIDO VALPRÓICO","http://purl.bioontology.org/ontology/ATC/N03AG01","C0042291","T109","http://purl.bioontology.org/ontology/ATC/N03AG","Fatty acid derivatives, antiepileptics","Fatty acid derivatives"
"http://healdb.org/rdf-schema#AI_982","ÁCIDO VALPRÓICO","http://purl.bioontology.org/ontology/ATC/N03AG01","C0042291","T121","http://purl.bioontology.org/ontology/ATC/N03AG","Fatty acid derivatives, antiepileptics","Fatty acid derivatives"
"http://healdb.org/rdf-schema#AI_987","CLORETO DE DEQUALÍNIO","http://purl.bioontology.org/ontology/ATC/R02AA02","C0011588","T109","http://purl.bioontology.org/ontology/ATC/R02AA","Antiseptic throat preparations","Antiseptics"
"http://healdb.org/rdf-schema#AI_987","CLORETO DE DEQUALÍNIO","http://purl.bioontology.org/ontology/ATC/R02AA02","C0011588","T121","http://purl.bioontology.org/ontology/ATC/R02AA","Antiseptic throat preparations","Antiseptics"
"http://healdb.org/rdf-schema#AI_987","CLORETO DE DEQUALÍNIO","http://purl.bioontology.org/ontology/ATC/G01AC05","C0011588","T109","http://purl.bioontology.org/ontology/ATC/G01AC","Quinoline gynecological antiinfectives","Quinoline derivatives"
"http://healdb.org/rdf-schema#AI_987","CLORETO DE DEQUALÍNIO","http://purl.bioontology.org/ontology/ATC/G01AC05","C0011588","T121","http://purl.bioontology.org/ontology/ATC/G01AC","Quinoline gynecological antiinfectives","Quinoline derivatives"
"http://healdb.org/rdf-schema#AI_989","SULFADIAZINA DE PRATA","http://purl.bioontology.org/ontology/ATC/D06BA01","C0037134","T109","http://purl.bioontology.org/ontology/ATC/D06BA","Sulfonamides, topical","Sulfonamides"
"http://healdb.org/rdf-schema#AI_989","SULFADIAZINA DE PRATA","http://purl.bioontology.org/ontology/ATC/D06BA01","C0037134","T121","http://purl.bioontology.org/ontology/ATC/D06BA","Sulfonamides, topical","Sulfonamides"
"http://healdb.org/rdf-schema#AI_990","PREDNICARBATO","http://purl.bioontology.org/ontology/ATC/D07AC18","C0071836","T109","http://purl.bioontology.org/ontology/ATC/D07AC","Corticosteroids, potent (group III)",
"http://healdb.org/rdf-schema#AI_990","PREDNICARBATO","http://purl.bioontology.org/ontology/ATC/D07AC18","C0071836","T121","http://purl.bioontology.org/ontology/ATC/D07AC","Corticosteroids, potent (group III)",
"http://healdb.org/rdf-schema#AI_992","LIDOCAÍNA","http://purl.bioontology.org/ontology/ATC/C01BB01","C0023660","T109","http://purl.bioontology.org/ontology/ATC/C01BB","Antiarrhythmics, class Ib",
"http://healdb.org/rdf-schema#AI_992","LIDOCAÍNA","http://purl.bioontology.org/ontology/ATC/C01BB01","C0023660","T121","http://purl.bioontology.org/ontology/ATC/C01BB","Antiarrhythmics, class Ib",
"http://healdb.org/rdf-schema#AI_992","LIDOCAÍNA","http://purl.bioontology.org/ontology/ATC/D04AB01","C0023660","T109","http://purl.bioontology.org/ontology/ATC/D04AB","Anesthetics for topical use",
"http://healdb.org/rdf-schema#AI_992","LIDOCAÍNA","http://purl.bioontology.org/ontology/ATC/D04AB01","C0023660","T121","http://purl.bioontology.org/ontology/ATC/D04AB","Anesthetics for topical use",
"http://healdb.org/rdf-schema#AI_992","LIDOCAÍNA","http://purl.bioontology.org/ontology/ATC/S01HA07","C0023660","T109","http://purl.bioontology.org/ontology/ATC/S01HA","Local anesthetics",
"http://healdb.org/rdf-schema#AI_992","LIDOCAÍNA","http://purl.bioontology.org/ontology/ATC/S01HA07","C0023660","T121","http://purl.bioontology.org/ontology/ATC/S01HA","Local anesthetics",
"http://healdb.org/rdf-schema#AI_992","LIDOCAÍNA","http://purl.bioontology.org/ontology/ATC/S02DA01","C0023660","T109","http://purl.bioontology.org/ontology/ATC/S02DA","Analgesics and anesthetics",
"http://healdb.org/rdf-schema#AI_992","LIDOCAÍNA","http://purl.bioontology.org/ontology/ATC/S02DA01","C0023660","T121","http://purl.bioontology.org/ontology/ATC/S02DA","Analgesics and anesthetics",
"http://healdb.org/rdf-schema#AI_992","LIDOCAÍNA","http://purl.bioontology.org/ontology/ATC/N01BB02","C0023660","T109","http://purl.bioontology.org/ontology/ATC/N01BB","Amide local anesthetics","Amides"
"http://healdb.org/rdf-schema#AI_992","LIDOCAÍNA","http://purl.bioontology.org/ontology/ATC/N01BB02","C0023660","T121","http://purl.bioontology.org/ontology/ATC/N01BB","Amide local anesthetics","Amides"
"http://healdb.org/rdf-schema#AI_992","LIDOCAÍNA","http://purl.bioontology.org/ontology/ATC/R02AD02","C0023660","T109","http://purl.bioontology.org/ontology/ATC/R02AD","local anesthetic throat preparations","Anesthetics, local"
"http://healdb.org/rdf-schema#AI_992","LIDOCAÍNA","http://purl.bioontology.org/ontology/ATC/R02AD02","C0023660","T121","http://purl.bioontology.org/ontology/ATC/R02AD","local anesthetic throat preparations","Anesthetics, local"
"http://healdb.org/rdf-schema#AI_992","LIDOCAÍNA","http://purl.bioontology.org/ontology/ATC/C05AD01","C0023660","T109","http://purl.bioontology.org/ontology/ATC/C05AD","Local anesthetics for treatment of hemorrhoids and anal fissures for topical use","Local anesthetics"
"http://healdb.org/rdf-schema#AI_992","LIDOCAÍNA","http://purl.bioontology.org/ontology/ATC/C05AD01","C0023660","T121","http://purl.bioontology.org/ontology/ATC/C05AD","Local anesthetics for treatment of hemorrhoids and anal fissures for topical use","Local anesthetics"
"http://healdb.org/rdf-schema#AI_993","ÁCIDO SALICÍLICO","http://purl.bioontology.org/ontology/ATC/S01BC08","C0036079","T109","http://purl.bioontology.org/ontology/ATC/S01BC","Antiinflammatory agents, non-steroidal, ophthalmologic","Antiinflammatory agents, non-steroids"
"http://healdb.org/rdf-schema#AI_993","ÁCIDO SALICÍLICO","http://purl.bioontology.org/ontology/ATC/S01BC08","C0036079","T121","http://purl.bioontology.org/ontology/ATC/S01BC","Antiinflammatory agents, non-steroidal, ophthalmologic","Antiinflammatory agents, non-steroids"
"http://healdb.org/rdf-schema#AI_993","ÁCIDO SALICÍLICO","http://purl.bioontology.org/ontology/ATC/D01AE12","C0036079","T109","http://purl.bioontology.org/ontology/ATC/D01AE","Other antifungals for topical use in ATC","Other antifungals for topical use"
"http://healdb.org/rdf-schema#AI_993","ÁCIDO SALICÍLICO","http://purl.bioontology.org/ontology/ATC/D01AE12","C0036079","T121","http://purl.bioontology.org/ontology/ATC/D01AE","Other antifungals for topical use in ATC","Other antifungals for topical use"
"http://healdb.org/rdf-schema#AI_994","FUROATO DE MOMETASONA","http://purl.bioontology.org/ontology/ATC/R01AD09","C0360564","T109","http://purl.bioontology.org/ontology/ATC/R01AD","Corticosteroid nasal preparations for topical use","Corticosteroids"
"http://healdb.org/rdf-schema#AI_994","FUROATO DE MOMETASONA","http://purl.bioontology.org/ontology/ATC/R01AD09","C0360564","T121","http://purl.bioontology.org/ontology/ATC/R01AD","Corticosteroid nasal preparations for topical use","Corticosteroids"
"http://healdb.org/rdf-schema#AI_994","FUROATO DE MOMETASONA","http://purl.bioontology.org/ontology/ATC/R03BA07","C0360564","T109","http://purl.bioontology.org/ontology/ATC/R03BA","Glucocorticoid inhalants for obstructive airway disease","Glucocorticoids"
"http://healdb.org/rdf-schema#AI_994","FUROATO DE MOMETASONA","http://purl.bioontology.org/ontology/ATC/R03BA07","C0360564","T121","http://purl.bioontology.org/ontology/ATC/R03BA","Glucocorticoid inhalants for obstructive airway disease","Glucocorticoids"
"http://healdb.org/rdf-schema#AI_995","ÁCIDO FUSÍDICO","http://purl.bioontology.org/ontology/ATC/D09AA02","C0016875","T109","http://purl.bioontology.org/ontology/ATC/D09AA","Medicated dressings with antiinfectives",
"http://healdb.org/rdf-schema#AI_995","ÁCIDO FUSÍDICO","http://purl.bioontology.org/ontology/ATC/D09AA02","C0016875","T195","http://purl.bioontology.org/ontology/ATC/D09AA","Medicated dressings with antiinfectives",
"http://healdb.org/rdf-schema#AI_995","ÁCIDO FUSÍDICO","http://purl.bioontology.org/ontology/ATC/J01XC01","C0016875","T109","http://purl.bioontology.org/ontology/ATC/J01XC","Steroid antibacterials",
"http://healdb.org/rdf-schema#AI_995","ÁCIDO FUSÍDICO","http://purl.bioontology.org/ontology/ATC/J01XC01","C0016875","T195","http://purl.bioontology.org/ontology/ATC/J01XC","Steroid antibacterials",
"http://healdb.org/rdf-schema#AI_995","ÁCIDO FUSÍDICO","http://purl.bioontology.org/ontology/ATC/S01AA13","C0016875","T109","http://purl.bioontology.org/ontology/ATC/S01AA","Antibiotics, ophthalmologic","Antibiotics"
"http://healdb.org/rdf-schema#AI_995","ÁCIDO FUSÍDICO","http://purl.bioontology.org/ontology/ATC/S01AA13","C0016875","T195","http://purl.bioontology.org/ontology/ATC/S01AA","Antibiotics, ophthalmologic","Antibiotics"
"http://healdb.org/rdf-schema#AI_995","ÁCIDO FUSÍDICO","http://purl.bioontology.org/ontology/ATC/D06AX01","C0016875","T109","http://purl.bioontology.org/ontology/ATC/D06AX","Other antibiotics for topical use in ATC","Other antibiotics for topical use"
"http://healdb.org/rdf-schema#AI_995","ÁCIDO FUSÍDICO","http://purl.bioontology.org/ontology/ATC/D06AX01","C0016875","T195","http://purl.bioontology.org/ontology/ATC/D06AX","Other antibiotics for topical use in ATC","Other antibiotics for topical use"
"http://healdb.org/rdf-schema#AI_996","DEFERASIROX","http://purl.bioontology.org/ontology/ATC/V03AC03","C1619629","T109","http://purl.bioontology.org/ontology/ATC/V03AC","Iron chelating agents",
"http://healdb.org/rdf-schema#AI_996","DEFERASIROX","http://purl.bioontology.org/ontology/ATC/V03AC03","C1619629","T121","http://purl.bioontology.org/ontology/ATC/V03AC","Iron chelating agents",
"http://healdb.org/rdf-schema#AI_998","DESFLURANO","http://purl.bioontology.org/ontology/ATC/N01AB07","C0063252","T109","http://purl.bioontology.org/ontology/ATC/N01AB","Halogenated hydrocarbons, general anesthetics","Halogenated hydrocarbons"
"http://healdb.org/rdf-schema#AI_998","DESFLURANO","http://purl.bioontology.org/ontology/ATC/N01AB07","C0063252","T121","http://purl.bioontology.org/ontology/ATC/N01AB","Halogenated hydrocarbons, general anesthetics","Halogenated hydrocarbons"
"http://healdb.org/rdf-schema#AI_999","DESLANOSÍDEO","http://purl.bioontology.org/ontology/ATC/C01AA05","C0012265","T109","http://purl.bioontology.org/ontology/ATC/C01AA","Digitalis glycosides",
"http://healdb.org/rdf-schema#AI_999","DESLANOSÍDEO","http://purl.bioontology.org/ontology/ATC/C01AA05","C0012265","T121","http://purl.bioontology.org/ontology/ATC/C01AA","Digitalis glycosides",